date,strategy,buy-and-hold -1x (XIV fee),buy-and-hold -0.5x (SVXY fee),Cboe PutWrite (PUT),"S&P 500 (SPY, total return)",constant weight 0.196 short,accrual
2008-01-02,0.0,-3.6986301369834607e-05,-2.6027397260319773e-05,,-0.008754348219639718,0.0,
2008-01-03,8.869420691204333e-05,0.00853154244535581,0.004302584079558525,0.0008669569809967026,-0.0004831442592740931,0.0012985823798419703,8.869420691204333e-05
2008-01-04,8.81341141831804e-05,-0.0412841582718918,-0.020605546325429658,-0.01900675043310307,-0.02450616482745649,-0.0080674840574919,8.81341141831804e-05
2008-01-07,0.00026106476085385744,0.020790375443938913,0.0105031173626704,0.004729572004181559,-0.0008492476718827691,0.004245572304311112,0.00026106476085385744
2008-01-08,8.897426409859577e-05,-0.04876819104459429,-0.02434714263682325,-0.017263498156472545,-0.01614896430500734,-0.009539037350052734,8.897426409859577e-05
2008-01-09,8.841415694038623e-05,0.010408878329299931,0.005241111996544756,0.0138046584297844,0.010510831903449924,0.002054915221785463,8.841415694038623e-05
2008-01-10,8.757405031123433e-05,0.03240812770724566,0.016240316632202934,0.006813411876831488,0.006553990597399473,0.006385812877845007,8.757405031123433e-05
2008-01-11,8.81341141831804e-05,-0.0462463928403245,-0.023086663609646174,-0.011611162022537536,-0.008068009032060064,-0.009049781276267124,8.81341141831804e-05
2008-01-14,0.0002526640954414461,0.04284754735053897,0.021527502983264446,0.01060643110404702,0.008062453636869193,0.008564165393107828,0.0002526640954414461
2008-01-15,8.673400860281788e-05,-0.006749345746973057,-0.0033388401157603553,-0.024861627801469943,-0.022012773647177908,-0.0013098959622227303,8.673400860281788e-05
2008-01-16,8.617401685961923e-05,0.009954100552256762,0.005012603037982899,-0.006099893510333576,-0.008612885957947847,0.001990235859408367,8.617401685961923e-05
2008-01-17,8.533408333089021e-05,-0.07846825765254484,-0.039198996031182376,-0.02892867173603242,-0.025916154397420343,-0.01535353670712384,8.533408333089021e-05
2008-01-18,8.365441094659865e-05,-0.009368828650682226,-0.004650121366443272,0.0024637929556945437,-0.01026787708227117,-0.001830463810537007,8.365441094659865e-05
2008-01-22,0.00031114670050347293,-0.013757058171358305,-0.0067530927217288594,-0.006667948964544479,-0.010146159929473986,-0.002455820552643858,0.00031114670050347293
2008-01-23,6.407738620350933e-05,0.04676410031316025,0.02340655460310659,0.01227436046386532,0.024020377102571544,0.009191542864986382,6.407738620350933e-05
2008-01-24,6.016620859794486e-05,-0.0012109588030100316,-0.0005829305437813348,0.005951179077354762,0.008441707417247368,-0.0002368483874088044,6.016620859794486e-05
2008-01-25,6.46362407579204e-05,-0.013678604843886166,-0.006814518548139525,-0.007637942509428619,-0.014445505502009959,-0.002658153687682907,6.46362407579204e-05
2008-01-28,0.00018805291324941464,0.020460354299592698,0.010301600866695182,0.010400698347811321,0.016536456525718668,0.004145666051581816,0.00018805291324941464
2008-01-29,6.37979697002411e-05,-0.0005002438481838123,-0.00022575718581718807,0.002233624477152807,0.0049540287034171016,-8.33770263456798e-05,6.37979697002411e-05
2008-01-30,6.21216214926612e-05,-0.002367125014089977,-0.0011600359428740603,-0.0011248357424441524,-0.00735751432883891,-0.00044180403691284833,6.21216214926612e-05
2008-01-31,6.016620859794486e-05,0.01495432099772831,0.007499709356587836,0.006440884884969078,0.018234113889130432,0.0029529085746823214,6.016620859794486e-05
2008-02-01,5.346460501964856e-05,0.02631677270993049,0.01317758441089989,0.005479452054794498,0.01608791210852778,0.0051693704421763,5.346460501964856e-05
2008-02-04,0.00017212999024929232,-0.03550774827875347,-0.01769041188397802,-0.0009463984857623897,-0.012609268983967747,-0.006851621949881594,0.00017212999024929232
2008-02-05,6.184225525651676e-05,-0.05647832345699255,-0.02821577484744342,-0.010919917137711677,-0.02677402319587907,-0.011069904758215785,6.184225525651676e-05
2008-02-06,5.9607583801302155e-05,-0.026688788113541584,-0.013322124511445543,-0.002725914075820457,-0.008051892428484808,-0.005236158055924922,5.9607583801302155e-05
2008-02-07,5.7094127416279505e-05,0.015134694056069264,0.0075883598451673695,0.005994406627618742,0.0066140210434531,0.002977803429120382,5.7094127416279505e-05
2008-02-08,5.9048987711030065e-05,-0.01776029455622996,-0.008858157030834812,-0.0009756302256539451,-0.00642135612633743,-0.003467499771659572,5.9048987711030065e-05
2008-02-11,0.00018218564906313794,0.022583733693258168,0.011360356931434668,0.005922503412790103,0.005110426396335521,0.00455757882594867,0.00018218564906313794
2008-02-12,6.268037550505312e-05,0.013057956461484777,0.006552784171919734,0.004791531828715723,0.009270832739568968,0.0025758262511468267,6.268037550505312e-05
2008-02-13,6.268037550505312e-05,0.03478777674234146,0.017417694312347853,0.005038803985330409,0.010223194629996879,0.006840991563000168,6.268037550505312e-05
2008-02-14,6.184225525651676e-05,-0.01398429575325899,-0.006968760995576528,-0.00013438359279704937,-0.008799800060378726,-0.002735667599755572,6.184225525651676e-05
2008-02-15,6.295976328196673e-05,0.009504152818229139,0.00477602204418015,0.004673042129749172,-0.00022187660419648036,0.0018814361452132264,6.295976328196673e-05
2008-02-19,0.0002406865550992343,0.012433659205385084,0.006307035893940993,0.0015744466283174052,0.002811855273837649,0.0026205974041118092,0.0002406865550992343
2008-02-20,6.21216214926612e-05,0.006513330151875829,0.0032801916401090647,0.005126887907120015,0.002951506627261402,0.0012923396553952654,6.21216214926612e-05
2008-02-21,6.12835443227766e-05,0.0009412648870943396,0.0004937399691331557,-0.00496785206840511,-0.00831431823372597,0.0002013982926453524,6.12835443227766e-05
2008-02-22,5.988689261116065e-05,0.022049084779587558,0.011046951589523957,0.005557667217981788,0.006158445355219255,0.004342409791061029,5.988689261116065e-05
2008-02-25,0.0001796714373678565,0.02661484265909375,0.01337465430850493,0.006374892730170334,0.012608802575078126,0.00533759933979893,0.0001796714373678565
2008-02-26,0.005694659657243041,0.01607262326147474,0.008058720830467436,0.003289072968692963,0.007499979474925533,0.0031558842690411924,5.988689261116065e-05
2008-02-27,-0.003482010384234222,-0.008306616505602715,-0.0041317369256798075,-0.00020236360692893474,-0.0010118621787523763,-0.0016219661263627645,5.821114739368305e-05
2008-02-28,-0.011818524460847989,-0.028372383135120693,-0.01416671435703265,-0.0025401773063999933,-0.009766847968119663,-0.005556331411282498,5.402291420630867e-05
2008-02-29,-0.022902829918821706,-0.057332315643174536,-0.028647797143416143,-0.01311877923316529,-0.022284024441104777,-0.011245535214394075,5.1789849493166784e-05
2008-03-03,-0.0006702710532385824,0.0005307486432755137,0.00031836701682053103,0.0020458938191387777,-0.0023914420669287617,0.00018581380049217575,0.00015119086981796315
2008-03-04,4.648815862728917e-05,0.01716502833564948,0.008598224000563093,-0.000471954610278269,-0.003819971957487067,0.0033750867562621235,4.648815862728917e-05
2008-03-05,4.5372342598826165e-05,0.02480085770829632,0.01241558077887217,0.004557538928978255,0.00631623908160317,0.0048633995889522975,4.5372342598826165e-05
2008-03-06,4.1746731339165066e-05,-0.06947992794000979,-0.034726624850910714,-0.014397384151637493,-0.020697910591323088,-0.013633528313684435,4.1746731339165066e-05
2008-03-07,3.8122328971157415e-05,0.0006383605607458431,0.0003307071982829868,-0.004737911586630061,-0.010300505771129509,9.764716920390169e-05,3.8122328971157415e-05
2008-03-10,0.00011855324525567035,-0.028510694561519778,-0.014218673397858095,-0.011187616537672307,-0.013183298588811176,-0.00550953047476711,0.00011855324525567035
2008-03-11,3.700737132739107e-05,0.05596901331801951,0.02799547609809805,0.02929681327363709,0.03593710689607943,0.010966970800182803,3.700737132739107e-05
2008-03-12,4.0352587408198914e-05,-0.029431477415489016,-0.014703096660615755,-0.005127627781303046,-0.009351159503288464,-0.0057923801724638355,4.0352587408198914e-05
2008-03-13,4.0352587408198914e-05,-0.0035050326082844974,-0.0017398742570134962,0.004063576976492955,0.0022075879849208224,-0.0006953143801916319,4.0352587408198914e-05
2008-03-14,3.700737132739107e-05,-0.05972359835080798,-0.029850829736315587,-0.019262295081967196,-0.015495665795859148,-0.011712211404888649,3.700737132739107e-05
2008-03-17,9.681335450606454e-05,-0.005781388940609422,-0.0028648905327776086,-0.006153363978270043,-0.010107134164012321,-0.001091822440655822,9.681335450606454e-05
2008-03-18,3.0320026041863457e-05,0.08549809784659379,0.04275667468974231,0.03814739674764289,0.04154318316679628,0.016764318980405223,3.0320026041863457e-05
2008-03-19,2.5307215616221512e-05,-0.046194885192623936,-0.02309232323507926,-0.018003240178209756,-0.024769740595564693,-0.009107558192454806,2.5307215616221512e-05
2008-03-20,1.6679457450097246e-05,0.015039992053966333,0.007520801509132813,0.01025963580870659,0.018522612413605977,0.002912146768220662,1.6679457450097246e-05
2008-03-24,6.894530407364208e-05,0.02298618516784834,0.011497428249659603,0.0077773354971064634,0.019988258428161654,0.004547251818798564,6.894530407364208e-05
2008-03-25,3.422047745726964e-05,-2.7658239125649686e-06,8.193080196949865e-06,0.0011444312784207877,0.0009647623792798932,-1.5442432675906245e-05,3.422047745726964e-05
2008-03-26,3.5335149264570376e-05,-0.022579318327187514,-0.011279525835536819,-0.0021446202403593295,-0.012235696825390496,-0.004431947877299855,3.5335149264570376e-05
2008-03-27,3.5335149264570376e-05,0.007151031103740602,0.0035856488799270725,-0.002960259529602549,-0.0031532091612165303,0.00138953933776871,3.5335149264570376e-05
2008-03-28,3.5613835077441536e-05,-0.0005161424037281037,-0.00024779853090073356,-0.0022776263879286107,-0.009564871572728562,-0.00010734169210284156,3.5613835077441536e-05
2008-03-31,0.00010935379200871509,0.018026218290428053,0.009045183301492177,0.0036382536382535413,0.003497601776815573,0.0036058795644510794,0.00010935379200871509
2008-04-01,3.78435788384035e-05,0.06789475669540579,0.033958765890546694,0.01252018155786394,0.03516000035624911,0.013304595290306882,3.78435788384035e-05
2008-04-02,-0.004745068334451167,-0.017296115679907742,-0.00863639154340301,0.00014040154842853703,0.0006588102714020216,-0.0034278023231415953,3.840108625241534e-05
2008-04-03,-0.0004689095064161644,0.008962418880838152,0.004493015119184873,0.0006417455478902045,0.0024867920195354998,0.001746261362140837,3.867985068239932e-05
2008-04-04,3.840108625241534e-05,0.005060112757134139,0.0025417226751180966,0.0014830848164182342,-0.0010947021872056428,0.0009844146497082341,3.840108625241534e-05
2008-04-07,0.007422862617460799,0.03196187584741739,0.01601384829531738,0.0011506904142484231,0.000511420874245605,0.006334740113331194,0.00011102622266956352
2008-04-08,0.0013369847547657523,0.005317734578316191,0.002671230532531821,0.00014991754535009783,-0.0010220068500984558,0.0010232510636994964,3.9794979897811444e-05
2008-04-09,-0.006709413594730054,-0.02501600243369939,-0.012496195538083898,-0.0007794543819327204,-0.007235635836448484,-0.004913470618065013,3.867985068239932e-05
2008-04-10,0.0046274279509448376,0.017375418866087067,0.008698121450485985,0.0014601168093448802,0.001398660039629851,0.003389316382682018,3.589252803570808e-05
2008-04-11,-0.008461804198382581,-0.029663873312379407,-0.014822082003228765,-0.0037448321316583266,-0.019408878921491235,-0.005833210051903556,3.477779907279377e-05
2008-04-14,0.0011175092580515424,0.0038810350604630006,0.0019667394057072407,0.0010424706554534868,-0.003374303335458073,0.000805873653870799,9.764923040389561e-05
2008-04-15,0.005628548621086989,0.019985144338482197,0.009999919389131806,0.002713609100103209,0.0023324152752179916,0.0039071655156191,2.976293293222021e-05
2008-04-16,0.01852336771112398,0.059395218198248445,0.029705234865569752,0.0024566098783678214,0.02709424689422879,0.011637965023374778,3.0320026041863457e-05
2008-04-17,-0.0010626607015033949,-0.0034887915156205374,-0.00173649143053356,0.00017931144405469723,0.0014613166466108662,-0.0007161459957682801,3.0877147704444496e-05
2008-04-18,0.01225139698504393,0.0355555457954746,0.017787070243369785,-0.00016931933626818108,0.010433838356432634,0.006971675157784395,3.36631844151114e-05
2008-04-21,0.00496427973853384,0.013268641420509208,0.006666812968721514,0.00013946306719136992,0.0005053945271713545,0.002658547632707155,0.00011018999638534588
2008-04-22,-0.0031777008116346582,-0.008253924097666676,-0.004115992609744934,-0.0038546200659369534,-0.004401960649730863,-0.0016244238709612964,3.700737132739107e-05
2008-04-23,0.00392609715667093,0.010536711855409386,0.005278349916427505,0.00238971323441195,-0.0015957064033451651,0.0020621942067684234,3.505647059642847e-05
2008-04-24,0.009672139884919552,0.02569776747137298,0.012858599056457587,0.0035012119579853618,0.0043571116955696265,0.005033408413941859,3.4499134693000144e-05
2008-04-25,0.009714202748052377,0.025030598258960035,0.012525014450251115,0.0035188167233255463,0.009253776032231764,0.004893094365538205,3.4499134693000144e-05
2008-04-28,0.003036585847695096,0.007767201316729588,0.003915674814643166,0.0006636554538612671,0.0002154612547085044,0.0015815178223846824,0.00010935379200871509
2008-04-29,-0.005070978368606771,-0.012790155618044974,-0.006382853962163426,-0.0012472407273591557,-0.003939757613537154,-0.002511340579969727,3.951618686892644e-05
2008-04-30,-0.008731549946774402,-0.022627345245466057,-0.011301169979269776,-0.0019524861987968434,-0.0058955964913292025,-0.00444220234908616,4.0073780077420906e-05
2008-05-01,0.0254795201812497,0.059920905194647434,0.029972537051243364,0.008440913604766731,0.020685824105964423,0.011741032977262741,3.92374009903218e-05
2008-05-02,0.004902149163317005,0.012640388514173706,0.006332418103945914,0.002284588872476734,0.0027636331918252655,0.0024451129072049238,3.951618686892644e-05
2008-05-05,-0.0038803139981315976,-0.009986041149091851,-0.0049542554684823825,-0.0002849226778802727,-0.0048054358009723686,-0.0018840776609691087,0.00012273569157916775
2008-05-06,0.01484398925012275,0.03877475227854821,0.01940085468349073,0.002604345817813769,0.008663129518645896,0.007601135032628262,4.202558158361569e-05
2008-05-07,-0.017831699916684925,-0.04683252390149517,-0.02340152841945442,-0.005695073418416352,-0.017810803148509358,-0.009203212762191045,4.453555573724621e-05
2008-05-08,-0.00042001972936423453,-0.0007074732882537127,-0.0003384452477681599,0.0027997673432771375,-0.0025800480014985805,-0.00015935886548907945,4.5651285867975844e-05
2008-05-09,-0.0032694706475192015,-0.009169994630181089,-0.004569845390366534,-0.001464790947788619,-0.0018687297582429263,-0.0017927573507662748,4.5372342598826165e-05
2008-05-12,0.011743404869335521,0.03362895513226705,0.016861191820214394,0.0055428661442129545,0.011231524456128295,0.006685903441887097,0.00013863398761326806
2008-05-13,0.0014647637595592109,0.004331787869361392,0.0021825802442694275,0.0006755764429431377,0.00014194986781013164,0.0008380724269556963,4.844111232826798e-05
2008-05-14,0.007890320268851914,0.022012736200458072,0.01102389152963168,0.0012230441078626697,0.0020642179505043767,0.004323658069319569,5.0115351955648535e-05
2008-05-15,0.009094690757186033,0.025456921044107794,0.012745844422533237,0.0009674676777844393,0.012502873925072322,0.004987616440740419,4.9836294109484314e-05
2008-05-16,-0.004042513599644267,-0.009953173410355842,-0.004959063275775666,0.004071152419260482,0.0009118980809208477,-0.0019592013190613297,5.0115351955648535e-05
2008-05-19,0.007662325596587141,0.019657533782720504,0.00988175958654347,0.0011959745247702713,0.0027342504224658892,0.003953324714949225,0.00015119086981796315
2008-05-20,-0.02130645757637833,-0.05329956852094975,-0.02663240035999559,-0.003719602206510908,-0.008109573733854791,-0.010456435582960437,4.9836294109484314e-05
2008-05-21,-0.022203556106961772,-0.06338661010176516,-0.031675363013217606,-0.009114392942437877,-0.016914282443892037,-0.012460294701339615,5.0952568480644445e-05
2008-05-22,0.0052835458574288716,0.01797179616523903,0.009003840120284545,0.002341367437284747,0.00014362643339183023,0.0034920170014519475,5.0952568480644445e-05
2008-05-23,-0.007048529880876322,-0.023115056693788327,-0.011539586309229355,-0.00877434045226122,-0.013404204395103592,-0.004541121864170951,5.0952568480644445e-05
2008-05-27,0.0092128261026228,0.030115540222000803,0.01512898780664873,0.0057033091074716324,0.00741090249769405,0.006039870934030399,0.00020270936389921168
2008-05-28,0.0029856002161457312,0.010083124296055734,0.005059922826199159,0.0034754356601358616,0.004615618401319299,0.001963318079311974,5.1789849493166784e-05
2008-05-29,0.01803276302816386,0.06013002036302906,0.03008337085968571,0.004267927749379563,0.005025188842489925,0.01178792550769462,5.1789849493166784e-05
2008-05-30,0.006732109938002238,0.024171397223888835,0.012104198844117064,0.001094198792473522,0.002499993131048317,0.004705072040887292,5.2068957496098633e-05
2008-06-02,-0.016335829801801764,-0.057963952143833763,-0.02892730870855409,-0.006382355811457074,-0.010331786547162713,-0.011284955711002213,0.00015454020617777786
2008-06-03,-0.005354423834836825,-0.018963452319849083,-0.009463923661929274,-0.004164374950891836,-0.005831309278323538,-0.0037496853662610428,5.0673489141006556e-05
2008-06-04,-0.001017053678050626,-0.003539684938528631,-0.0017520399712691592,0.00012821524380624005,-0.0005065121554406193,-0.0007027789548732633,5.0673489141006556e-05
2008-06-05,0.014493544832762972,0.052332385872340126,0.026183855898077812,0.014496326611113997,0.019996931207329816,0.010262377670993646,5.0394416966081934e-05
2008-06-06,-0.02988795601151842,-0.1104131708490298,-0.05518878292651985,-0.024690157958687675,-0.031893823619485784,-0.021679671802670684,5.0673489141006556e-05
2008-06-09,0.004037235101076614,0.018070311851458465,0.009088148620912007,0.0027009518114315956,0.0024212048086980076,0.003586330410029263,0.00015119086981796315
2008-06-10,-0.00033686819544222646,-0.0014371350167262653,-0.0007002068301917852,-0.0025247003160845383,-0.0049774352670238775,-0.00028649524170815696,5.1789849493166784e-05
2008-06-11,-0.006807637435031384,-0.029992249686057515,-0.014976089280297034,-0.01591398278061229,-0.014711854884051134,-0.005875284500186058,5.513961861414174e-05
2008-06-12,0.0030777206182742477,0.013510718566952074,0.006774557339410459,0.0040200496177409395,0.0038069322688185636,0.0026419916275383835,5.346460501964856e-05
2008-06-13,0.008990555646242798,0.03945127668516091,0.019745394722040288,0.014533241891237614,0.01264435038640599,0.007737597757082937,5.458125207025155e-05
2008-06-16,0.003162732166893974,0.013731027662067019,0.006924368633791422,0.000377759883888551,0.0005874221037873717,0.002780238612030939,0.00016291508496801832
2008-06-17,0.0004597803144460521,0.0020887299791017,0.0010652381881535167,-0.006826922121413781,-0.00484438727489489,0.0004099945655108772,5.681489035591625e-05
2008-06-18,-0.006674952021919427,-0.029523851257412637,-0.014742169249246428,-0.008945009205154952,-0.009737200260154677,-0.005785400134385361,5.458125207025155e-05
2008-06-19,0.003930835991296621,0.017506118050077957,0.008771838375964958,0.003271075214538177,0.0012667645737618471,0.0034233387645927903,5.262719500276347e-05
2008-06-20,-0.0055603257150464115,-0.02378406901187813,-0.011873534273766362,-0.006601324290055777,-0.01623176659718184,-0.004668917817771421,5.2068957496098633e-05
2008-06-23,-1.3958007507518239e-05,-0.0003612740573712969,-0.00012680702137812805,0.002329868919548783,-0.0009882830563552325,1.7947358633738147e-05,0.0001528654940672336
2008-06-24,-0.001465764932744359,-0.0058966732419725165,-0.0029301154932332985,-0.0007680802037434153,-0.001977874400527102,-0.001151793692503754,5.1510748656502514e-05
2008-06-25,-0.0004988260745233728,0.042366017860342664,0.021200532359573643,0.004854761712112632,0.004725785626505941,0.008309238258502927,5.0115351955648535e-05
2008-06-26,-0.021258498994925292,-0.08462372299656229,-0.042294617123142975,-0.019264836138175312,-0.02715993378415582,-0.016614439077343612,4.955724342714518e-05
2008-06-27,-0.0005093994092487245,0.005434983405184557,0.002733620003927628,-0.0012828670539214437,-0.0054591201100944176,0.001027707839590348,4.732509582106026e-05
2008-06-30,0.00013696010981911755,0.01288496256409899,0.006488358597232846,0.0008323656654301015,0.0035289480450144683,0.0026137539050656864,0.00013696010981911755
2008-07-01,5.2068957496098633e-05,0.002573746027875856,0.001305373246110575,0.004055691315686838,0.0031254241985358977,0.0005045912383333559,5.2068957496098633e-05
2008-07-02,5.123165498588378e-05,-0.05168530041013719,-0.025824568624151056,-0.015492540060742965,-0.01713685467230386,-0.010132088735964419,5.123165498588378e-05
2008-07-03,4.9836294109484314e-05,0.00832720792793773,0.0041809878644480936,0.0030330099507653863,0.0010306620267777067,0.0016148194492884536,4.9836294109484314e-05
2008-07-07,0.00020159290595977986,-0.009017890874655321,-0.004438285970649214,-0.008709069444732043,-0.010213435112756075,-0.0016228342722872681,0.00020159290595977986
2008-07-08,5.123165498588378e-05,0.05755342899287541,0.028794796077355134,0.01757116740663367,0.017757132774889772,0.01128976319822001,5.123165498588378e-05
2008-07-09,5.0952568480644445e-05,-0.05261644142382749,-0.026290278674248713,-0.02188754401634385,-0.019254835412927607,-0.010341185670157868,5.0952568480644445e-05
2008-07-10,4.9836294109484314e-05,-0.00657292388863151,-0.0032690780438362488,0.007252689582786687,0.0040867789616423345,-0.001308283872142111,4.9836294109484314e-05
2008-07-11,4.5651285867975844e-05,-0.022874244474192507,-0.011421830840737557,-0.010284892566117199,-0.01165194454902363,-0.004486535131177115,4.5651285867975844e-05
2008-07-14,0.0001319390030518619,-0.026119026105173138,-0.013016146290786623,-0.009475778856378736,-0.009043864757292797,-0.0050456140450666626,0.0001319390030518619
2008-07-15,4.1746731339165066e-05,-0.009184592874352138,-0.004578957318081889,-0.010905728164627537,-0.01409735222302233,-0.0018120670293272328,4.1746731339165066e-05
2008-07-16,3.8122328971157415e-05,0.05359991091274674,0.026811482374283768,0.025007253930555695,0.024547838244884046,0.010515691248157514,3.8122328971157415e-05
2008-07-17,3.756483585370951e-05,0.019053285087190286,0.009537890714946817,0.011333612916754054,0.010003005327251291,0.0037167715606637383,3.756483585370951e-05
2008-07-18,3.8958622261553444e-05,0.008223457140861035,0.004123673634985892,0.004302256870652332,0.006229999446327961,0.0016096940509938993,3.8958622261553444e-05
2008-07-21,0.0001210626472840648,0.02562209375150082,0.012848975459666567,0.0024773937817414993,0.0005558983797169237,0.005107334402118043,0.0001210626472840648
2008-07-22,4.063140189014547e-05,0.038164148210780624,0.019094855559760093,0.00783598995016277,0.011344417851908872,0.007477851397204546,4.063140189014547e-05
2008-07-23,-0.00031503770015372373,0.0010708482388368523,0.0005490420923335293,0.0008173523912666791,0.005412592252134196,0.00019670959338221466,4.2304438981455306e-05
2008-07-24,-0.012824396092331266,-0.04782158448331064,-0.023896616518172653,-0.009524587318925692,-0.020753326843226727,-0.009372089057476267,4.341994011625161e-05
2008-07-25,0.0010012584710864408,0.004127170060672425,0.002078597487004563,0.002659135883904984,-0.00023930365600921544,0.0007956159314421675,4.509340648750637e-05
2008-07-28,-0.008317840651354484,-0.03141328949166411,-0.015657837952471,-0.009282292716021545,-0.014663801678661548,-0.006059678630730498,0.0001428190661743045
2008-07-29,0.01826419398480463,0.06001099868622872,0.0300216276444496,0.013727056723975117,0.021352038670951812,0.011766142724822579,4.732509582106026e-05
2008-07-30,0.012571318006708791,0.04482675863299401,0.02242936812471985,0.006652883257251663,0.017817889470183923,0.00877015723698862,4.704610959649358e-05
2008-07-31,-0.01294845590986794,-0.047763302134817054,-0.02386594123467023,-0.004178867740361136,-0.013226424095094336,-0.00938155512214167,4.648815862728917e-05
2008-08-01,-0.0016614862598848142,-0.006187558716966968,-0.00307834848691102,-0.0012864888044843426,-0.005282483699502349,-0.001228244533542221,4.593023629562154e-05
2008-08-04,0.001213195345212677,0.004251839315383199,0.0021713785198849145,-0.0038542145887644486,-0.009274056163289024,0.0009278002478247767,0.00013612320383837861
2008-08-05,0.012948291454931038,0.04750356336192585,0.023768188979263583,0.012684989429175397,0.026962260592796605,0.009325572834444415,4.7883089752120966e-05
2008-08-06,0.007459520090550345,0.028388780347518017,0.014210797472059777,0.002371445365547231,0.004440681823942194,0.005551468495445196,4.7883089752120966e-05
2008-08-07,-0.01163656611797084,-0.04199901933502914,-0.020984636675323243,-0.004104824685566499,-0.014891860224153897,-0.008245328899397927,4.481447753379442e-05
2008-08-08,0.008040243613301775,0.028571061742230563,0.014300682795839403,0.005756228299933053,0.018581186989736986,0.005588783228308378,4.5372342598826165e-05
2008-08-11,0.004091332053726818,0.014398084116130416,0.007246174798053673,0.0014636263614247191,0.010357784256809,0.0029057497655123536,0.00013947095942867804
2008-08-12,-0.011121108329121315,-0.03888692767790225,-0.019425382258033697,-0.00035277279416212615,-0.010404762319205063,-0.007622363065979331,5.123165498588378e-05
2008-08-13,-0.005313578252372814,-0.018884521853839598,-0.009424318889254879,0.00021173837203436463,-0.006029954973837515,-0.0037108807628319466,5.0952568480644445e-05
2008-08-14,0.00931949560226638,0.03380925746599428,0.016922431230992352,0.0010483870967741282,0.007544345449701062,0.006634067031129234,5.0673489141006556e-05
2008-08-15,0.0035453835989063976,0.012603209184415931,0.006319825719960814,4.028035124470364e-05,0.0048634572297359124,0.002466717636991339,5.1510748656502514e-05
2008-08-18,-0.0039257639717099274,-0.013972109178785774,-0.006933061894209835,-0.0069178716719699995,-0.013674401235997724,-0.0026395022825116883,0.00015119086981796315
2008-08-19,-0.009055740790646178,-0.03180943644395895,-0.015887334321500135,-0.005749282607152684,-0.010904302736170157,-0.006233609900283344,4.9836294109484314e-05
2008-08-20,0.005799132501573072,0.020945567083884953,0.010489888395321278,0.004813674097946086,0.004646154266052083,0.004092854628714536,4.927819990818705e-05
2008-08-21,0.003017566110907633,0.01075265402112957,0.0053921763292554825,0.002435905243286074,0.0017241146547495312,0.002096756665098561,4.676713053197723e-05
2008-08-22,0.007276451339474437,0.02563958804554778,0.012835782830996623,0.0076747058704413895,0.014475805482164539,0.005021262521426621,4.704610959649358e-05
2008-08-25,-0.01329238972039132,-0.044370329084227,-0.022138031802125147,-0.01170571922350383,-0.02028516680133141,-0.0086279847542743,0.00013947095942867804
2008-08-26,0.002813081123089739,0.010255195545104234,0.005143865570579775,0.003202553909657402,0.0029129220372123843,0.001988328111868337,4.760408920612136e-05
2008-08-27,0.006667045924293176,0.023043750117202944,0.011537724377292058,0.005614447574842307,0.00973358924131551,0.004512977044783189,4.676713053197723e-05
2008-08-28,0.0076339001124416045,0.024709406006729218,0.012369994399723083,0.007830451082355694,0.012127911653457613,0.004830821095109421,4.5651285867975844e-05
2008-08-29,-0.007275248293041811,-0.022138824230601206,-0.011053144317273111,-0.006889655517224091,-0.010753623358835451,-0.004356521395713644,4.760408920612136e-05
2008-09-02,-0.004635653327838429,-0.01363633638448647,-0.00675420631913437,-0.0020037053445567388,-0.006211372403566395,-0.0025517287062454333,0.00018819771882072622
2008-09-03,0.0041070921082901335,0.01214016155207398,0.0060860695842599455,0.00013115812625486,-0.000859586595998052,0.002373260699162706,4.704610959649358e-05
2008-09-04,-0.025227864439767607,-0.07364701824796616,-0.03680779929124467,-0.02509835569454255,-0.030106176448165045,-0.014450391401281012,4.648815862728917e-05
2008-09-05,0.0061019425799885875,0.020177473739229068,0.010104307219980235,0.004842615012106588,0.0031442120097240345,0.003921605183423864,4.62091938819853e-05
2008-09-08,0.010332816149456657,0.032765198322363576,0.016428894940327732,0.017588301925651306,0.020655907767189507,0.006504316993483804,0.0001377970377436366
2008-09-09,-0.022399887531920317,-0.0700342052315659,-0.0350011138075601,-0.029852860814831295,-0.029687247133294736,-0.013750074035029479,4.704610959649358e-05
2008-09-10,-0.0006771403833919387,0.018743398031636493,0.009386850940542368,0.005653607043017539,0.00405765674227454,0.00364313981290714,4.5372342598826165e-05
2008-09-11,4.509340648750637e-05,-0.007965575385459611,-0.00396777523606151,0.014490198112228958,0.014468336913809221,-0.0015703192589198026,4.509340648750637e-05
2008-09-12,4.3977733614530834e-05,-0.008259255087514683,-0.004115172923525479,0.0010121974909769182,0.004620805356335911,-0.0016232810164706708,4.3977733614530834e-05
2008-09-15,0.00012189915846994026,-0.06002545841815843,-0.029974382369570396,-0.0404469593283352,-0.047585110973913713,-0.011698154255815565,0.00012189915846994026
2008-09-16,2.864883236064486e-05,0.018772913801367475,0.009393247070288657,0.012826517361037126,0.01673768150482524,0.0036434064360069407,2.864883236064486e-05
2008-09-17,2.335841348144463e-05,-0.05722459332292995,-0.02860815170129971,-0.046578596126157334,-0.044963192950684405,-0.011236651346606492,2.335841348144463e-05
2008-09-18,8.333652794512147e-07,0.048295851216970886,0.024140808044549766,0.03712562969168531,0.02967147265821879,0.009423539933705094,8.333652794512147e-07
2008-09-19,6.390767244512929e-06,0.022701350997552217,0.011346336635823295,0.06759701127679696,0.03971412713890188,0.004410865289027882,6.390767244512929e-06
2008-09-22,8.093587017476978e-05,-0.0698852269469924,-0.03492474827813474,-0.017561500094577243,-0.022639397986019327,-0.013661337470609039,8.093587017476978e-05
2008-09-23,3.589252803570808e-05,-0.08708025664867547,-0.04352971630689528,-0.010386794078007355,-0.022751825752499344,-0.017101617060280124,3.589252803570808e-05
2008-09-24,2.2523319511469353e-05,0.011529649520765073,0.005768552173562869,0.0015052530258656827,0.0032054425738128334,0.0022222429737230316,2.2523319511469353e-05
2008-09-25,1.3897769870707677e-05,0.030398670905208425,0.015198750090964275,0.014866315628035531,0.01563923075918039,0.005947522282997012,1.3897769870707677e-05
2008-09-26,2.085332402002038e-05,-0.026467509124138866,-0.013230862146634714,-0.0003727621676623549,0.0004969854885312763,-0.005208599891444607,2.085332402002038e-05
2008-09-29,7.17472511411188e-05,-0.14004896943049105,-0.0700112138294009,-0.05656003708854895,-0.07836145707195197,-0.027426511318377016,7.17472511411188e-05
2008-09-30,2.6699431085130954e-05,0.05943892990586486,0.02972528042189948,0.0335113769896378,0.04138933834970526,0.011604668544751095,2.6699431085130954e-05
2008-10-01,2.5028793918968617e-05,-0.032958999685055,-0.01647451969214342,-0.004961394151756671,0.0006040387481560661,-0.0064859740945200466,2.5028793918968617e-05
2008-10-02,2.335841348144463e-05,-0.06669077220441832,-0.03334124114204384,-0.0350899061983857,-0.036274638565157336,-0.013091878732563475,2.335841348144463e-05
2008-10-03,1.7235880399812942e-05,-0.033473103154699535,-0.016735467883725264,-0.00869855418833232,-0.01350050594646579,-0.006592102925006613,1.7235880399812942e-05
2008-10-06,4.169388905861382e-05,-0.0360800130597706,-0.018041762325082034,-0.03483889184522315,-0.0509329672969987,-0.00705635802233624,4.169388905861382e-05
2008-10-07,1.5010359480038815e-05,-0.09601023083859594,-0.048005144486133244,-0.060344536585914765,-0.044786261839769526,-0.018845989357721714,1.5010359480038815e-05
2008-10-08,2.2523319511469353e-05,-0.05718947101958205,-0.02859100809661075,-0.012465572985271178,-0.025192719581121015,-0.011242126211393111,2.2523319511469353e-05
2008-10-09,1.8627062401854744e-05,-0.09968239004980095,-0.04983941574027495,-0.06828020225781817,-0.06983888903704383,-0.01956551786139552,1.8627062401854744e-05
2008-10-10,1.6123062982043024e-05,-0.043450265670963106,-0.021724605550565768,-0.013443868919024493,-0.024255507357517248,-0.008548264361384074,1.6123062982043024e-05
2008-10-13,2.0006269244143837e-05,0.0761227512904028,0.038048776040097376,0.1158498779763868,0.14519775789442702,0.01493690283654124,2.0006269244143837e-05
2008-10-14,6.668711942880989e-06,-0.026304871002894692,-0.013156635392051141,-0.010829087211982946,-0.01480040305190522,-0.005188695518718886,6.668711942880989e-06
2008-10-15,9.448549896262648e-06,-0.14030939622465732,-0.07015750808395582,-0.09371227785015124,-0.0984478733356744,-0.027531784318904177,9.448549896262648e-06
2008-10-16,6.1128296529044945e-06,-0.021705715425994532,-0.010857335544746216,0.04490307266253479,0.041657536804207584,-0.004300180083043533,6.1128296529044945e-06
2008-10-17,1.2507192985067306e-05,-0.08108909775245277,-0.04054582952630925,-0.029746955259670638,-0.0059718630837517495,-0.015910248938896785,1.2507192985067306e-05
2008-10-20,6.673639186116631e-05,0.05593796910986981,0.027979750011139393,0.035198626395067656,0.060079673015611235,0.011009315210427504,6.673639186116631e-05
2008-10-21,3.4499134693000144e-05,0.026031689858669216,0.013025560250105706,-0.01118315239244061,-0.029855916425685747,0.005108477711965329,3.4499134693000144e-05
2008-10-22,3.0320026041863457e-05,-0.10343132380957443,-0.05170803613834174,-0.040625714794012335,-0.054454213445449096,-0.020283785328657176,3.0320026041863457e-05
2008-10-23,2.864883236064486e-05,-0.03397564367581929,-0.01698103166830467,0.008397684676212158,0.011584477245988989,-0.006679467053304339,2.864883236064486e-05
2008-10-24,2.6699431085130954e-05,-0.11344641021830215,-0.05671738964018391,-0.03067081740683808,-0.05071450912422493,-0.022249974759708985,2.6699431085130954e-05
2008-10-27,7.17472511411188e-05,-0.0583467643103851,-0.029160111269348032,-0.015231177841617427,-0.035501210545245465,-0.011407090001133933,7.17472511411188e-05
2008-10-28,2.335841348144463e-05,0.08674711526911016,0.043377702594720624,0.07288914575077055,0.11685542999874454,0.017009119919176845,2.335841348144463e-05
2008-10-29,2.1131638785032436e-05,-0.04671227885447171,-0.023353107854418687,-0.01396708948428238,-0.007251895444540635,-0.009176192321357772,2.1131638785032436e-05
2008-10-30,1.6957665364580876e-05,0.01355729192908428,0.0067795905506493614,0.022281477627471347,0.034593621983361356,0.0026504204989213566,1.6957665364580876e-05
2008-10-31,1.1116793975585182e-05,0.005113995048915854,0.002555021674870206,0.013716234270227723,0.005503226635024117,0.0009968526222763918,1.1116793975585182e-05
2008-11-03,3.6687745518237946e-05,0.03253999709080713,0.016265739678436475,0.005999673657918203,0.0028918440500227405,0.006412764872444047,3.6687745518237946e-05
2008-11-04,1.3619640261364196e-05,0.0887696925308421,0.04438412183897622,0.01686858226553034,0.033982366967154176,0.017399997875493445,1.3619640261364196e-05
2008-11-05,1.3341517768550304e-05,-0.0652631962616852,-0.032632461618533504,-0.01914086943718485,-0.04202771640824088,-0.012826653399754764,1.3341517768550304e-05
2008-11-06,1.083873551466219e-05,-0.11764109163265357,-0.058822660695144746,-0.03206114509450719,-0.05541147272482705,-0.023093893335947094,1.083873551466219e-05
2008-11-07,8.614523860694945e-06,0.026348484658134108,0.013171015344421999,0.023378738142624478,0.03301829939377421,0.005134699602133416,8.614523860694945e-06
2008-11-10,2.5009796701391807e-05,-0.020230179395768766,-0.010125187539259839,-0.004015810675994769,-0.013105223349089812,-0.003951854635013616,2.5009796701391807e-05
2008-11-11,8.058542054101281e-06,-0.02933896590386964,-0.014672987927483061,-0.01407397076164274,-0.030874757600749203,-0.005764842997751728,8.058542054101281e-06
2008-11-12,8.058542054101281e-06,-0.07726115708335213,-0.038634083517224194,-0.04049691997067861,-0.0440019306751499,-0.015165525229739463,8.058542054101281e-06
2008-11-13,5.001150350958383e-06,0.06678235088151663,0.03338614176935839,0.05676182817316722,0.062339586870312935,0.013073749472750387,5.001150350958383e-06
2008-11-14,5.83489916827773e-06,-0.07568337641003609,-0.03784630500200936,-0.034345868476124086,-0.04990642682654356,-0.014865961396236652,5.83489916827773e-06
2008-11-17,1.1668799585695666e-05,-0.05466411223165213,-0.027348824455759257,-0.02108042082036321,-0.013276252665245236,-0.010724608177371352,1.1668799585695666e-05
2008-11-18,3.3338445484254464e-06,-0.01661674386176537,-0.00831423925518393,0.011632587345032919,0.018836811594471703,-0.0032779366215171836,3.3338445484254464e-06
2008-11-19,3.3338445484254464e-06,-0.09795650112150966,-0.04898411788505597,-0.05612806535895709,-0.0640790159220499,-0.019224351441773663,3.3338445484254464e-06
2008-11-20,1.9446183847637855e-06,-0.052883065769035564,-0.026448094821900803,-0.06713785883906864,-0.07423286238919191,-0.010398085001175183,1.9446183847637855e-06
2008-11-21,8.333652794512147e-07,0.051664035750729864,0.025824900311429255,0.04053382337435418,0.05394293447899168,0.010115271316814466,8.333652794512147e-07
2008-11-24,1.6667101867540168e-06,0.06327674228590152,0.03161660175831815,0.02287203242617264,0.06929068481334388,0.01240686209755366,1.6667101867540168e-06
2008-11-25,3.6117110888689297e-06,0.02556414411068597,0.012776343664312018,0.0064251344466459415,0.007409230723329108,0.004993132188834827,3.6117110888689297e-06
2008-11-26,2.778132776271036e-06,0.06089267017509803,0.03044018990736186,0.00905588210478947,0.038641203264938584,0.01192851503700947,2.778132776271036e-06
2008-11-28,2.7779571911690226e-06,0.0010427710724072448,0.000507706021648735,0.001560801583098792,0.012588094383499948,0.00018800956911421492,2.7779571911690226e-06
2008-12-01,8.333442131913671e-07,-0.12774933903398744,-0.06389685558461311,-0.020550994851815885,-0.08857820112634207,-0.025054066203163285,8.333442131913671e-07
2008-12-02,1.9446183847637855e-06,0.03192134555956616,0.01595411084239995,0.012884803886750174,0.038484941546827134,0.006225046317289236,1.9446183847637855e-06
2008-12-03,1.6667944573445226e-06,0.0025737798431337833,0.0012801890722202725,0.006984572230014141,0.024041816101311397,0.0004885457263845265,1.6667944573445226e-06
2008-12-04,5.555697535353232e-07,-0.04570347375792094,-0.022858993340658995,-0.005167274854452786,-0.023133031470328858,-0.008975339436716547,5.555697535353232e-07
2008-12-05,5.555697535353232e-07,0.02405682888153149,0.01202115797906722,0.009352205748526465,0.030831471796634702,0.0046991343479987945,5.555697535353232e-07
2008-12-08,1.6667101867540168e-06,0.04247085543194462,0.02121365833133959,0.003620223316457283,0.03491407641652411,0.008330033271104273,1.6667101867540168e-06
2008-12-09,8.333652794512147e-07,-0.015454422674258006,-0.007734328901064624,0.00020730830891713126,-0.01648329054337705,-0.0030509941860389694,8.333652794512147e-07
2008-12-10,8.333652794512147e-07,0.017801398609326613,0.008893581740727852,0.002017382653272559,0.0068155474701356855,0.0034775349307289674,8.333652794512147e-07
2008-12-11,0.0,-0.011987180973895839,-0.006001124733523433,-2.757973992306706e-05,-0.02408110998338442,-0.002366540796282197,0.0
2008-12-12,2.777813272736296e-07,0.014435347083118444,0.007210278185647789,0.0005791905123078145,0.011939546429940107,0.002817513662265027,2.777813272736296e-07
2008-12-15,1.6667101867540168e-06,-0.008515251729373063,-0.0042793952493190845,0.00046859710296720536,-0.013933954594674725,-0.0016691002253479555,1.6667101867540168e-06
2008-12-16,1.1111679050213041e-06,0.04779596545263831,0.02389100406369593,0.0007438938711412657,0.04706546036099546,0.00936192382828603,1.1111679050213041e-06
2008-12-17,1.1111679050213041e-06,0.0034091009430901043,0.0016975718089222713,0.0003716704521989911,-0.00968652564533412,0.0006490090359068572,1.1111679050213041e-06
2008-12-18,1.3889776309117252e-06,0.033172088458263804,0.016579204471372178,0.0,-0.01868380403951031,0.006496675668528539,1.3889776309117252e-06
2008-12-19,0.0,0.057930877763988864,0.02895790463541892,-0.006343571114046709,-0.004300960701791756,0.011343625858270003,0.0
2008-12-22,1.6667101867540168e-06,0.03612872789768273,0.018042594564208647,-0.007325753694035431,-0.012813680798799632,0.007075590638637775,1.6667101867540168e-06
2008-12-23,2.777813272736296e-07,-0.01517098025808783,-0.007592885484955847,-0.005663904466951308,-0.010337475726705403,-0.002996800062381656,2.777813272736296e-07
2008-12-24,5.555697535353232e-07,0.009833316134935544,0.004909401605769137,0.004924518772097208,0.005803504032515061,0.0019131978199565438,5.555697535353232e-07
2008-12-26,0.0,0.010983757882450318,0.005476810448074465,0.005793904533206717,0.0057690497399423,0.0021468015430382483,0.0
2008-12-29,2.5000979217981723e-06,-0.025810705997199257,-0.012926705689364826,0.00023597345992620866,-0.0028683703372515135,-0.005061089593440364,2.5000979217981723e-06
2008-12-30,1.6667944573445226e-06,0.04266930682760739,0.021327952564456965,0.016736285543790475,0.023702538775665305,0.00835158201875377,1.6667944573445226e-06
2008-12-31,2.778132776271036e-06,0.049421947576973047,0.024704828608299145,0.010168566163925474,0.014274834584599994,0.009671103052502959,2.778132776271036e-06
2009-01-02,6.111979560907699e-06,0.07400621345089498,0.03699109422207725,0.013498175922172617,0.030141792054123373,0.014498817886761682,6.111979560907699e-06
2009-01-05,6.667363058321385e-06,-0.019313043608218283,-0.009675790862306077,-0.00022663946993040085,-0.0011832346590073817,-0.0038048585557666683,6.667363058321385e-06
2009-01-06,3.889584732963414e-06,0.013148680214118968,0.0065687506528504525,0.004173778536377126,0.006677554630482696,0.0025612954311227437,3.889584732963414e-06
2009-01-07,3.889584732963414e-06,-0.08539726813469828,-0.042704223521558005,-0.010955447845428568,-0.029956581477934896,-0.016765128203715767,3.889584732963414e-06
2009-01-08,3.05598511096683e-06,0.0013656201311731397,0.0006768038115667618,0.004256176154672442,0.004080891579055779,0.00023295639286041915,3.05598511096683e-06
2009-01-09,2.5002875438939753e-06,-0.03456119084289189,-0.017286879524249343,-0.007513670334371669,-0.021418342217571218,-0.0067906073718521105,2.5002875438939753e-06
2009-01-12,5.833866499216356e-06,-0.08060219805804802,-0.04032078483550039,-0.014481039940728802,-0.024021194721798644,-0.015811260655277007,5.833866499216356e-06
2009-01-13,3.3338445484254464e-06,0.02151077698659809,0.010749521168997633,0.003827227993439042,0.0018399466496872297,0.004189818875696503,3.3338445484254464e-06
2009-01-14,3.05598511096683e-06,-0.08551281806085231,-0.0427624152844458,-0.028472222222222232,-0.03145438508693976,-0.01678660621208496,3.05598511096683e-06
2009-01-15,3.3338445484254464e-06,0.006740480391450587,0.003364372871424104,0.0014856550196917784,0.00035519402597938843,0.0012940622583964406,3.3338445484254464e-06
2009-01-16,3.05598511096683e-06,0.03183591187282464,0.01591194968239229,0.022307746133930495,0.007820190530333893,0.006234501949451823,3.05598511096683e-06
2009-01-20,1.3335444880802072e-05,-0.12829943320415105,-0.06417318586593646,-0.03353913126805297,-0.052786324841112564,-0.025149964232307136,1.3335444880802072e-05
2009-01-21,3.6117110888689297e-06,0.0645476718788005,0.03226810754836951,0.033555716086629994,0.04319270339470749,0.01262096616719233,3.6117110888689297e-06
2009-01-22,3.05598511096683e-06,0.010930211463218154,0.005459099477589158,-0.006235610130468139,-0.015466908722227668,0.002118263359149103,3.05598511096683e-06
2009-01-23,2.778132776271036e-06,0.007094272207119445,0.0035409909233723447,0.0039579109952698754,0.004350205548510955,0.0013777071160036495,2.778132776271036e-06
2009-01-26,9.16798335004465e-06,0.04911656190079605,0.024540262202347174,0.00642857142857145,0.006857939209264696,0.009639931234138102,9.16798335004465e-06
2009-01-27,4.1674654807088984e-06,0.04945533102400801,0.024722214998168957,0.008503029972157128,0.010158387338937036,0.009675651444169268,4.1674654807088984e-06
2009-01-28,3.6117110888689297e-06,0.0631587081595748,0.03157362568875666,0.015076260979009604,0.03383355446483871,0.012360624612477762,3.6117110888689297e-06
2009-01-29,5.2790595175267185e-06,-0.018520625218517606,-0.009265207326075386,-0.01437237517498835,-0.0324976742252322,-0.0036629797065758545,5.2790595175267185e-06
2009-01-30,6.390767244512929e-06,-0.03525967129771124,-0.01763417451180882,-0.012106537530266248,-0.0203434041173447,-0.006932508867395858,6.390767244512929e-06
2009-02-02,2.0006269244143837e-05,-0.006002069619714834,-0.003013634414961608,0.0014924964399165574,-0.0030178740631450207,-0.001172481202778031,2.0006269244143837e-05
2009-02-03,7.5025886843160805e-06,0.04090794136523335,0.02045018773038354,0.011621388824325729,0.014046874296680167,0.008011355021666791,7.5025886843160805e-06
2009-02-04,8.892525428683129e-06,-0.008676335926721568,-0.004341255947221789,-0.0022029706315632724,-0.004895743582416845,-0.001723247228171372,8.892525428683129e-06
2009-02-05,8.33652940257501e-06,0.013186660039776754,0.006589964038014262,0.008059272904589188,0.014880476579925306,0.0025732724040937317,8.33652940257501e-06
2009-02-06,8.058542054101281e-06,0.011825271923727065,0.00590913098631507,0.01062843475807207,0.028496978103267567,0.002304288587686386,8.058542054101281e-06
2009-02-09,2.3341867056325682e-05,-0.006008584986596399,-0.0030152242994960776,0.0035099848432471603,0.001379770435276484,-0.0011666344583449717,2.3341867056325682e-05
2009-02-10,8.892525428683129e-06,-0.0630171893500272,-0.031511682658874385,-0.022284639232624026,-0.045809473981498705,-0.012372087635562131,8.892525428683129e-06
2009-02-11,8.614523860694945e-06,0.017528233138340177,0.008760889584525255,0.00783240284026232,0.00589580656011468,0.003410616273335498,8.614523860694945e-06
2009-02-12,8.33652940257501e-06,0.019439829832482713,0.009716548934367353,0.004880737892274167,0.0007176208626427094,0.0037974969902900553,8.33652940257501e-06
2009-02-13,8.058542054101281e-06,-0.018771828175824457,-0.009389419063460469,-0.006141536320697916,-0.010758035140149058,-0.0036981637767913053,8.058542054101281e-06
2009-02-17,3.223455785894558e-05,-0.04354541656646893,-0.021786727990606436,-0.03628261396375765,-0.042774071251750256,-0.008515170857342597,3.223455785894558e-05
2009-02-18,8.892525428683129e-06,-0.018189274252672027,-0.009097725110196908,-0.0006286408784209607,-0.0023982300826389524,-0.0035869164947471754,8.892525428683129e-06
2009-02-19,8.614523860694945e-06,0.005727104306531894,0.002860325168621225,-0.009785009365651853,-0.010755554305432513,0.0011106865261172403,8.614523860694945e-06
2009-02-20,8.33652940257501e-06,-0.04708482448771645,-0.023545778225732228,-0.010319320138908461,-0.0097212690339058,-0.009244563335849703,8.33652940257501e-06
2009-02-23,2.2507934920090733e-05,-0.05008037037876756,-0.02505153396164972,-0.018486028499294038,-0.035778882058408845,-0.009815294756818015,2.2507934920090733e-05
2009-02-24,8.33652940257501e-06,0.08717826096435521,0.04358576450030349,0.026202206042638565,0.03791038086310672,0.01707895661067535,8.33652940257501e-06
2009-02-25,8.892525428683129e-06,0.02139242482608794,0.01069312442918302,-0.002789815050839861,-0.007873234123392692,0.004164849986790673,8.892525428683129e-06
2009-02-26,8.33652940257501e-06,-0.012358679732787703,-0.006182705848267855,-0.006944345825581899,-0.016260867922410105,-0.002438297709398817,8.33652940257501e-06
2009-02-27,7.5025886843160805e-06,-0.007886016590567646,-0.0039467912475170674,-0.013184990275712183,-0.02234856870170132,-0.0015590476738883987,7.5025886843160805e-06
2009-03-02,2.1674024573536954e-05,-0.06565564255532141,-0.032839587005100035,-0.034938990812392934,-0.0450428524168508,-0.012862314995991829,2.1674024573536954e-05
2009-03-03,7.780561814829667e-06,-0.00991440982118763,-0.004960848876261692,-0.0034537127411968793,-0.007507124163698808,-0.0019683788789849055,7.780561814829667e-06
2009-03-04,7.5025886843160805e-06,0.07539245721558463,0.03769244565555896,0.021728320650945543,0.02369052117276027,0.014776822438704065,7.5025886843160805e-06
2009-03-05,7.22462266256052e-06,-0.04627683193538146,-0.02314233790293485,-0.036972583951509486,-0.0408474108616087,-0.009104997968397918,7.22462266256052e-06
2009-03-06,5.556975789966501e-06,0.010054078238550757,0.00502228336059507,0.0014701378254211583,0.0017442143125705467,0.0019499395992342739,5.556975789966501e-06
2009-03-09,1.66710200100173e-05,-0.01403098971641481,-0.007029762087928493,-0.009526576549024446,-0.01175250954627527,-0.002741212856363749,1.66710200100173e-05
2009-03-10,6.390767244512929e-06,0.07637735264899015,0.03818433746154204,0.05713800503296129,0.059609006337209,0.014966943412973647,6.390767244512929e-06
2009-03-11,6.668711942880989e-06,0.002946758921439363,0.0014691795701156085,0.005476531238134186,0.006512174804427451,0.0005460553597229069,6.668711942880989e-06
2009-03-12,6.390767244512929e-06,0.016950987819139396,0.008471155046616552,0.03211375619108492,0.039372742957630935,0.0033127016807568584,6.390767244512929e-06
2009-03-13,5.83489916827773e-06,-0.0140214190421043,-0.007015326318043358,0.006360821840698083,0.007814446511310136,-0.0027667449176385804,5.83489916827773e-06
2009-03-16,1.5837262158369114e-05,-0.034668951173763785,-0.017349159695528638,0.00029365700861405664,-0.0030226072667977055,-0.006792573370260724,1.5837262158369114e-05
2009-03-17,6.668711942880989e-06,0.04307213049039693,0.021531865354594393,0.018550878615464228,0.03058254540780103,0.008427803956078062,6.668711942880989e-06
2009-03-18,6.668711942880989e-06,0.008444258681759242,0.004217929450275992,0.005517430688992464,0.022383938993324914,0.001631456242134592,6.668711942880989e-06
2009-03-19,5.83489916827773e-06,-0.06689105478384394,-0.03345014418891312,0.0016789058447763683,-0.012386025464179107,-0.013135111305620183,5.83489916827773e-06
2009-03-20,5.556975789966501e-06,-0.07599995232800139,-0.038004731922681056,-0.01051986100701785,-0.021293698249625903,-0.014935235246613835,5.556975789966501e-06
2009-03-23,1.7504799643353053e-05,0.07585305608003945,0.03791267770011553,0.03391954608678893,0.07182871605511809,0.01486976960699962,1.7504799643353053e-05
2009-03-24,6.1128296529044945e-06,-0.014408358941279342,-0.007208657302388732,-0.006393521231818355,-0.019702918061406005,-0.002857983374896635,6.1128296529044945e-06
2009-03-25,5.83489916827773e-06,0.025958573590243228,0.01297466999813035,0.005858222961016679,0.010545763236422756,0.005075475805569383,5.83489916827773e-06
2009-03-26,5.2790595175267185e-06,0.028434946993960653,0.014212578780163465,0.007583330001466049,0.020380971249804203,0.005556643817596161,5.2790595175267185e-06
2009-03-27,4.1674654807088984e-06,-0.033406721852992205,-0.016708811440331206,-0.005171820851300191,-0.018048387084651507,-0.006574492078806948,4.1674654807088984e-06
2009-03-30,1.083517240019205e-05,-0.07088559408253214,-0.03545998219479196,-0.01283056999641008,-0.034554796425369405,-0.013905615682452733,1.083517240019205e-05
2009-03-31,5.001150350958383e-06,0.01613174529842576,0.008060838977812956,0.0070710880047410996,0.009265283707773131,0.0031334513104139205,5.001150350958383e-06
2009-04-01,5.83489916827773e-06,0.02316548745216851,0.011578126929093102,0.007944256463067179,0.01936659986512268,0.004527842404018622,5.83489916827773e-06
2009-04-02,6.1128296529044945e-06,0.016758022825028362,0.008374533580765231,0.007815298878789845,0.029237012215562075,0.003268793269864791,6.1128296529044945e-06
2009-04-03,6.1128296529044945e-06,0.02112498910769478,0.01055801672209844,0.005305843010243061,0.009948951212178647,0.004126525518448996,6.1128296529044945e-06
2009-04-06,1.7504799643353053e-05,-0.007716942007691796,-0.0038723213437503734,0.0007988789501942595,-0.00783329691447987,-0.0015082782483367115,1.7504799643353053e-05
2009-04-07,5.556975789966501e-06,-0.0034070622567542452,-0.0017082868870574863,-0.003467769373707741,-0.023325211228281018,-0.0006831222405019588,5.556975789966501e-06
2009-04-08,5.556975789966501e-06,0.02200130858442173,0.010995898533530779,0.0045172219085263254,0.010777942319918354,0.00430149890395339,5.556975789966501e-06
2009-04-09,5.001150350958383e-06,0.04230211095882108,0.021146021808010618,0.00481064616913085,0.03974232656048371,0.00827658866214037,5.001150350958383e-06
2009-04-13,2.0004751472901816e-05,0.007687664261849525,0.0038236975203598256,0.0002862160931502711,0.00023355387896906166,0.0015145273443415463,2.0004751472901816e-05
2009-04-14,-1.0610232067055332e-05,0.001298421288148166,0.0006441769726741597,7.803659916483241e-05,-0.01724310781198435,0.00023757987530543097,5.001150350958383e-06
2009-04-15,0.004838079868453129,0.02016975714893987,0.01007970595203922,0.0006762644193880618,0.010669552381022962,0.003946827840618541,4.723248289373316e-06
2009-04-16,0.00907558001376432,0.03718367600947148,0.01858638749090069,0.00035089999350179646,0.014663016066155388,0.007277054327746455,4.1674654807088984e-06
2009-04-17,-0.00031543412995072375,0.02025461855783739,0.010121580887887838,0.0020397027490515196,0.006704887403447435,0.0039499298600940095,3.6117110888689297e-06
2009-04-20,-0.019295858940743083,-0.07735438489772717,-0.03869396078879683,-0.0243488182136421,-0.0419156096118708,-0.015168239621937717,1.1668799585695666e-05
2009-04-21,-0.0003523157367582571,0.03934577266324735,0.019667296877414753,0.01409948040557607,0.019537203495778366,0.007683217369874601,3.889584732963414e-06
2009-04-22,4.1674654807088984e-06,-0.013771260051212764,-0.006891080539441319,-0.0031449837509172074,-0.006112906802941187,-0.002723109486407371,4.1674654807088984e-06
2009-04-23,3.889584732963414e-06,0.016914288171510528,0.008451554631546232,0.0064544116100535565,0.009817519297640409,0.003303100491577304,3.889584732963414e-06
2009-04-24,2.778132776271036e-06,-0.0018915632948935945,-0.0009519268276337867,0.008228517691313053,0.015111130569226638,-0.0003875851917713195,2.778132776271036e-06
2009-04-27,8.334421482736332e-06,-0.023995398375400656,-0.012016134716685056,-0.002979544777376164,-0.009462257261790619,-0.004699224344651518,8.334421482736332e-06
2009-04-28,3.6117110888689297e-06,0.011870771157868498,0.005929657187903281,-0.0005327235164949151,-0.003145445105133371,0.002310746666613751,3.6117110888689297e-06
2009-04-29,3.6117110888689297e-06,0.04265913457682213,0.021323838897379988,0.011986167806349313,0.021268651155151197,0.00835269390999984,3.6117110888689297e-06
2009-04-30,-0.004457558627981197,-0.011303076924573885,-0.0056575447163066395,0.0011946970864806783,0.00034369898497410567,-0.0022421004178010055,3.05598511096683e-06
2009-05-01,-0.0004840740274330447,0.014247208362608177,0.007118014727095057,0.003220549931354899,0.005376415797432754,0.0027798874834986014,3.889584732963414e-06
2009-05-04,1.250244854578142e-05,0.045987021132629424,0.022977159050861617,0.010679388141402901,0.03401917767619844,0.009025035642485493,1.250244854578142e-05
2009-05-05,5.2790595175267185e-06,0.0016938190436646128,0.0008420148050156673,0.0005947635498526616,-0.003410280881634753,0.00030571569733491813,5.2790595175267185e-06
2009-05-06,0.011215734218355668,0.03510654160607385,0.017548376086220285,0.003338813709371502,0.017333906244827224,0.006873821715883814,5.2790595175267185e-06
2009-05-07,-0.004571379608627973,-0.013691116725896624,-0.006850453079764951,-0.0013361232258553013,-0.013891520650505917,-0.0027091980631294863,5.2790595175267185e-06
2009-05-08,0.013392281999498577,0.04107840713269573,0.02053416989494794,0.00328166809713748,0.0233322516670722,0.008040049275946199,5.001150350958383e-06
2009-05-11,-0.0021345645446089923,-0.006653935275055645,-0.0033420686142104916,-0.0006793478260869179,-0.01871322530319719,-0.001309807426110583,1.5003526087298269e-05
2009-05-12,0.0022843065883200787,0.007087679395606505,0.0035389449809866136,0.0012337286300576622,-0.0029595686882494254,0.00137541340867498,5.2790595175267185e-06
2009-05-13,-0.010936696845696727,-0.033395649696704166,-0.016702719565168556,-0.00177287129708803,-0.025172926032062892,-0.0065649293772248535,5.2790595175267185e-06
2009-05-14,0.013032560885673622,0.04206614419424004,0.021027899474689304,0.0024310060334296058,0.008570087191852815,0.008226158197457855,4.723248289373316e-06
2009-05-15,-0.007551017318902652,-0.024791740750457425,-0.01240118194513773,-0.004762263771612485,-0.008161676531001083,-0.004890592268170187,4.445353332771518e-06
2009-05-18,0.022070604396920778,0.07298430501540976,0.03647663467387674,0.017599898996275565,0.02840707044413615,0.01431446379359714,1.4169811795472498e-05
2009-05-19,-0.0004460248418551129,0.015742392076550704,0.007866301321458824,0.0013771883025843756,-0.001205662654562234,0.003045831792029858,5.2790595175267185e-06
2009-05-20,-0.0016908721328825508,-0.003321458835229607,-0.0016657630890147823,-0.0015983149547764697,-0.006694963387133157,-0.0006800835334521854,5.001150350958383e-06
2009-05-21,-0.018762249326241983,-0.055252522711322305,-0.027631295027061076,-0.00858763232027393,-0.014363233875740455,-0.010859980538127213,5.001150350958383e-06
2009-05-22,-0.004984601234150736,-0.015934496346402982,-0.007972142890018019,-0.0002753820926535422,-0.0021292397779568706,-0.003165579870128151,5.2790595175267185e-06
2009-05-26,-0.00047694396872220094,0.04600862377611459,0.022984177277492135,0.013910626416417271,0.02561253141760278,0.009031003783955148,2.0004751472901816e-05
2009-05-27,-0.009233290174429119,-0.030019385403013743,-0.015014726372906906,-0.007965126330608197,-0.017853840029502077,-0.005925741104532293,5.001150350958383e-06
2009-05-28,-0.0004711554742441596,0.016582820836803736,0.008286237795971152,0.007170154233005155,0.01394036808664878,0.003220290649917468,4.723248289373316e-06
2009-05-29,4.1674654807088984e-06,0.0347037620920736,0.01734643053220175,0.007798885167286551,0.0177076939988825,0.006778063592153089,4.1674654807088984e-06
2009-06-01,1.1668799585695666e-05,0.02427218244550189,0.012119322882817807,0.005310277164581878,0.02420799934111062,0.004744486212089787,1.1668799585695666e-05
2009-06-02,-0.0015555489230948591,-0.0035323249051865124,-0.0017718908436241687,0.0008539397118563219,0.0008450114717009072,-0.0007262457062331797,3.6117110888689297e-06
2009-06-03,-0.015444265001415098,-0.05281570541228886,-0.02641344216035324,-0.001974574308594268,-0.012652506271042308,-0.010383299106193702,3.889584732963414e-06
2009-06-04,0.0031842697512677407,0.011749057028110466,0.005868939059846312,0.002894444376595251,0.009397397917302097,0.002262614953714841,3.889584732963414e-06
2009-06-05,0.0011311181210106472,0.004208773033009594,0.0020987970622958763,0.0007428334835237749,0.00021134854690441074,0.0007989088965358136,3.889584732963414e-06
2009-06-08,0.002085665150271405,0.007401754659590143,0.0036861932211482706,0.0011438445344917891,-0.004124775221222232,0.0014519764622629137,1.5837262158369114e-05
2009-06-09,0.009784419326794275,0.03436159819747808,0.01717590438192218,0.0015557959476377725,0.005097826275642481,0.006714924976200806,5.2790595175267185e-06
2009-06-10,-0.0018166987010018176,-0.006078701022087185,-0.003044245227860287,0.00014562930061523538,-0.0025363151463975164,-0.00122746700330324,5.2790595175267185e-06
2009-06-11,0.006380624969194604,0.022213052494429286,0.01110149257581483,0.0005945663912247934,0.004449617124044902,0.004331950711366723,5.001150350958383e-06
2009-06-12,0.004770475371780126,0.01678306885154357,0.008386639708955146,0.00048507191191093924,0.002741653356417295,0.0032601919997199517,5.2790595175267185e-06
2009-06-15,-0.014508347027609832,-0.048695407529652734,-0.02436280474150876,-0.001478752030253827,-0.02292772068629212,-0.009557309392892125,1.5003526087298269e-05
2009-06-16,-0.009987334177973192,-0.034599125963088784,-0.017304735603975163,-0.0010924981791696764,-0.013562924517296016,-0.006825370514469558,4.723248289373316e-06
2009-06-17,-0.00045385960095944955,-0.007748312435796434,-0.0038793288403289328,0.0016891481346457127,-0.0009823682675622614,-0.0015463821161590327,4.723248289373316e-06
2009-06-18,4.723248289373316e-06,0.007630082901839197,0.0038098688284888826,0.001977459389292502,0.0073180902686524885,0.0014796697499365164,4.723248289373316e-06
2009-06-19,5.001150350958383e-06,0.030489586001588798,0.015239759329394476,-0.0011744478884152532,0.0036860868763182175,0.005963052298989299,5.001150350958383e-06
2009-06-22,-0.014050684123706964,-0.043123843824237174,-0.021577022888801034,-0.018970846717982992,-0.029986657749337065,-0.008461000481245793,1.5003526087298269e-05
2009-06-23,-0.0005133448515620626,0.019836120343294406,0.009913304412966895,0.001989373532682581,0.0007837470413809555,0.0038613255996867036,5.556975789966501e-06
2009-06-24,0.012779285277755244,0.040958566776797545,0.020474527629718242,0.006523535287516591,0.008618405311726862,0.008011865793447464,5.556975789966501e-06
2009-06-25,0.014918445676223498,0.04544129316415657,0.022715751865261646,0.0144082332761577,0.02174852023492435,0.008881067545029219,5.2790595175267185e-06
2009-06-26,0.005510088585787912,0.017166684252335696,0.008578308454768147,0.000169090294217078,-0.0026066901937742415,0.0033321641364303257,5.001150350958383e-06
2009-06-29,0.01150924233155355,0.035557552308595364,0.01776409204565077,0.00661755826591004,0.009363971378959945,0.006972935671760551,1.5837262158369114e-05
2009-06-30,-0.005698391225711173,-0.01743437443936824,-0.008721942978364594,-0.0029751193646680996,-0.008090409239979057,-0.0034513012853350845,5.556975789966501e-06
2009-07-01,0.0028139177044493296,0.008870802974142888,0.004430506770254805,0.002274094573456953,0.004132354229327229,0.0017155118292755981,5.2790595175267185e-06
2009-07-02,-0.017786337046264044,-0.054979739729786536,-0.02749504248732404,-0.017539226161178423,-0.027293180012703866,-0.010804253362719366,4.723248289373316e-06
2009-07-06,0.0028702173107587174,0.009045259848138532,0.004501939501274199,0.0020406168283682025,-0.00011112201069973793,0.0017691203589239432,1.8893127012420408e-05
2009-07-07,-0.012351634035176359,-0.03839631099430263,-0.019203050213967954,-0.017023352234619704,-0.019377036574617645,-0.007550020051912024,5.2790595175267185e-06
2009-07-08,-0.004368549218051478,-0.014032784247775987,-0.007021286840704688,0.00028532794104885184,-0.0006810402646099112,-0.002781541753833175,5.2790595175267185e-06
2009-07-09,0.00406731453063333,0.013492278969903682,0.0067411058135520285,0.0025176108740945224,0.0019322820150602382,0.0026262636794622206,5.001150350958383e-06
2009-07-10,-0.0015642501427786738,-0.004857444507267772,-0.002433616970450414,-0.0025484010638956445,-0.0023816633060290693,-0.0009724607416755985,5.2790595175267185e-06
2009-07-13,0.014635363576105625,0.04686114472174485,0.02341547138419009,0.023081025437497793,0.024328622779411502,0.00919673719711365,1.5003526087298269e-05
2009-07-14,0.005437331923951367,0.018308990255400337,0.009149461456300356,0.00663110680082446,0.005660128045445578,0.0035565780538529246,5.001150350958383e-06
2009-07-15,0.009101591798845498,0.03061260801558885,0.015301270336394834,0.019148090610209945,0.029246422218492496,0.005980250057324601,5.001150350958383e-06
2009-07-16,0.003642651191086484,0.011838310158766685,0.005914121407983419,0.0034031692013187786,-0.0016083880840966902,0.0022923015159908846,5.001150350958383e-06
2009-07-17,-0.00014993545690889214,-0.00025047775158748564,-0.0001301335926101599,0.0025437201907789753,0.010954858449201632,-7.093495989815972e-05,5.2790595175267185e-06
2009-07-20,-0.0005697886292761353,0.022102862677854107,0.011035913505098804,0.005955527363710189,0.010623665649117653,0.0043397145494356165,1.4169811795472498e-05
2009-07-21,0.005757332483631706,0.019370727284152567,0.009680468925259644,0.002568953034867816,0.004625079619385408,0.0037725037125779432,5.2790595175267185e-06
2009-07-22,-0.0005827102152311069,0.023307610531935863,0.011648910549151514,0.0008269468191663965,-0.00020917440454892855,0.004539172438857202,5.2790595175267185e-06
2009-07-23,0.011771536961070238,0.034400527190382224,0.017195368878374362,0.006645020889338937,0.022082863829418375,0.0067119878072168125,5.2790595175267185e-06
2009-07-24,0.0028220471623322347,0.008090695478207843,0.0040404530222872825,0.001734104046242857,0.004095865166976687,0.0015461446462120942,5.2790595175267185e-06
2009-07-27,-0.005092017002122888,-0.01364660448254229,-0.0068384032179535925,0.0009809578765147542,0.0029574366869107305,-0.0026830693308080873,1.5003526087298269e-05
2009-07-28,-0.013439843002639349,-0.03501495994002868,-0.017512374686830978,-0.0005303510693491775,-0.004677545958360119,-0.006897672022140482,5.2790595175267185e-06
2009-07-29,-0.004153345729963264,-0.011217389568474179,-0.005613589501053617,-0.0009689810702626644,-0.0024517668309779195,-0.002237985309452667,5.2790595175267185e-06
2009-07-30,0.008348554310591201,0.02270357650858812,0.01134689353747742,0.0028173892962299885,0.010445433724673991,0.004424967276193703,5.2790595175267185e-06
2009-07-31,-0.0036862340954999426,-0.00973113198532527,-0.004870599664062447,0.0004260267821161179,0.0014194773188425103,-0.0019416866963266905,5.001150350958383e-06
2009-08-03,0.009347477488437596,0.025408826768629877,0.012689312407632825,0.0027622401767832816,0.016496303316820615,0.004978294627483407,1.5003526087298269e-05
2009-08-04,0.0028079712409726874,0.0070226474655725735,0.0035064290159696476,0.000734568326332008,0.0025883453750694674,0.001342657485083212,5.2790595175267185e-06
2009-08-05,0.0018523084577369057,0.0045011064174305115,0.0022455195373154435,0.0003784837710747446,-0.0028800060203166833,0.0008556448403230378,5.001150350958383e-06
2009-08-06,-0.005486911294710515,-0.010996102584871714,-0.00550308496383578,-0.000504454100409335,-0.0051785489484588165,-0.002182580763886749,5.001150350958383e-06
2009-08-07,0.01592383909131006,0.032813149299650624,0.016401402027394596,0.0015026554560158,0.013114036096841586,0.006406739634480305,4.723248289373316e-06
2009-08-10,-0.0003458738645990264,-0.0006472232942293932,-0.00033871262379725486,0.0003894170198144309,-0.0020751160290104487,-0.00014299093080869955,1.5003526087298269e-05
2009-08-11,-0.009297907646344899,-0.0194101350297865,-0.009709962231710056,-0.0005266532331928975,-0.012476073984897251,-0.003831152686683535,5.2790595175267185e-06
2009-08-12,0.006090488578212168,0.01246801484898108,0.006228973753090727,0.0008591262113679665,0.01072875143239127,0.002413438119499866,5.001150350958383e-06
2009-08-13,0.009566923908366706,0.019399187108848137,0.009694420931993353,0.000297574765659947,0.007638813929247812,0.003775147978044184,4.723248289373316e-06
2009-08-14,-0.00851175051116379,-0.01637183402523934,-0.00819108963505033,0.00016018489914060297,-0.007678957034166767,-0.0032435229690949297,4.723248289373316e-06
2009-08-17,-0.02985839479813734,-0.06011739160524632,-0.03007379677930555,-0.0010753549243246452,-0.024606299313694957,-0.011797893350550238,1.5003526087298269e-05
2009-08-18,0.008740491639786314,0.022798298548829976,0.011394115603015065,0.0011795829086451715,0.007934649214348832,0.004425393192875612,5.001150350958383e-06
2009-08-19,0.012095385042082477,0.030737245618211784,0.01536358913770619,0.0002974079751092429,0.008779563011078517,0.005994907359626673,5.001150350958383e-06
2009-08-20,0.007333171701277105,0.019104281275291513,0.009546968015215374,0.00033162565181599213,0.010303988957267363,0.0037088420019313726,4.723248289373316e-06
2009-08-21,0.005654535956614704,0.014701220430402895,0.007345437592770843,-0.00017147364450076363,0.019606416026452633,0.002849536874232663,4.723248289373316e-06
2009-08-24,-0.0004879197147688659,-0.0010444767344671702,-0.0005377562010618897,0.001417758569435934,-9.692013157813761e-05,-0.00021486574345894822,1.4169811795472498e-05
2009-08-25,-0.004545945991671379,-0.011057517482028878,-0.005533931363445155,0.0014043340259859427,0.0019423108441416481,-0.0021947336929035283,4.723248289373316e-06
2009-08-26,-0.007221076386051393,-0.017572866301340473,-0.008791605773100786,0.0009007057428542797,9.704268684007644e-05,-0.0034760753069886003,4.723248289373316e-06
2009-08-27,0.005655668989088088,0.013414391776504164,0.006701745374416923,0.0019592655032578676,0.002228855226159787,0.0025987458826588028,4.1674654807088984e-06
2009-08-28,-0.0043060438182232555,-0.009843032460167267,-0.0049269667439186815,0.0005002273760799092,-0.00019313434921930384,-0.0019610274586331295,4.1674654807088984e-06
2009-08-31,-0.006354176629835841,-0.014562387028696944,-0.007297545029801511,-0.00396572883050772,-0.0088994152476628,-0.002863365304090419,1.250244854578142e-05
2009-09-01,-0.020922219055456506,-0.04829827886605509,-0.024154589946862592,-0.01395242712908551,-0.022057239578428645,-0.00950188075818541,4.1674654807088984e-06
2009-09-02,-0.0007239743599435832,-0.013609283578935427,-0.006810231243676634,-0.000659477971121869,-0.003792838880493643,-0.0027096772114383397,3.889584732963414e-06
2009-09-03,3.889584732963414e-06,0.04605825700963351,0.023023539050607722,0.00721273516642551,0.008314927853561471,0.009005736882804415,3.889584732963414e-06
2009-09-04,0.011285470125038707,0.032945628320693476,0.016467363646512023,0.01013816409572632,0.014009338804918059,0.006419986381951166,4.1674654807088984e-06
2009-09-08,0.011444371709744256,0.032639899269287787,0.016297591863195127,0.005848884842967861,0.008622264536821245,0.0063946889888905145,1.5558429705464505e-05
2009-09-09,0.009974471734629712,0.028640410062403143,0.01431461557699265,0.004321560286897119,0.007674814121038542,0.005577901421336171,3.889584732963414e-06
2009-09-10,0.015856205790147026,0.04641960598606576,0.02320421353882396,0.003514463368478049,0.010218621288541563,0.009064995782367734,3.889584732963414e-06
2009-09-11,-0.004276138652951399,-0.012754498027919836,-0.006382838468168783,0.0001459231321838672,-0.0001912639971705099,-0.00254889037735314,3.889584732963414e-06
2009-09-14,0.008017207229441312,0.024593254092247552,0.01227985870619075,0.0018630542867084099,0.004868481341127717,0.004811268769785384,1.1668799585695666e-05
2009-09-15,-0.0010002605424430993,-0.002872059026964635,-0.0014416189676912383,0.0009634019290443163,0.004178880922887984,-0.0006016354604478205,3.889584732963414e-06
2009-09-16,0.01451964199897037,0.04416552043734323,0.022077031827640647,0.0004140879433258693,0.015134402131773639,0.008642016176615228,3.6117110888689297e-06
2009-09-17,-0.0022700914880033774,-0.005722577758877079,-0.002867434059625751,0.00025729947421404553,-0.001490664464191327,-0.001162533849554964,2.778132776271036e-06
2009-09-18,-0.00913706216753135,-0.02466061865959679,-0.01233645450998555,0.0009394607048192061,0.000637518941287718,-0.004859420242342482,2.778132776271036e-06
2009-09-21,0.00042522455104859226,0.0013061456944918337,0.0006338037890489812,0.0004916365911706855,-0.002530589909076064,0.0002434793714642472,6.667363058321385e-06
2009-09-22,0.00747903911828297,0.020728341669504102,0.010358164580732021,0.0037524709351024477,0.00582493091726799,0.004045436015835356,3.05598511096683e-06
2009-09-23,-0.003065124671735412,-0.008338951078810775,-0.004175481793425306,-0.003916463611379983,-0.008312264299557115,-0.0016643720394155484,3.05598511096683e-06
2009-09-24,-0.006790254364195202,-0.018777862808231016,-0.009394937658135483,-0.0060430047472772586,-0.011019135382870249,-0.0037059203855384633,3.05598511096683e-06
2009-09-25,-0.0011892633463241545,-0.0031788622566437663,-0.0015955763085092611,-0.002798255866223176,-0.005332770784069352,-0.0006506235387804415,2.778132776271036e-06
2009-09-28,0.012732142978488521,0.03532070982054436,0.01764191938128734,0.011246971319096133,0.017903100909014702,0.006925926892898193,8.334421482736332e-06
2009-09-29,-1.0529848885588505e-05,0.00011641171185505783,5.219960190760986e-05,-0.0007578037065517629,-0.003009543708401341,-1.2333826401891409e-05,3.05598511096683e-06
2009-09-30,-0.003770720804366917,-0.010528127213969118,-0.005269791998015472,-0.0022974404728711706,-0.0038680823909130746,-0.002084086439032402,3.6117110888689297e-06
2009-10-01,-0.01575881284383743,-0.04413877273232547,-0.022074975820371545,-0.01753876077309169,-0.02481286332121091,-0.00867979897853902,3.889584732963414e-06
2009-10-02,-0.0007166738513600494,-0.001803743842432759,-0.0009080171014036464,-0.002537262487199876,-0.004661832758988682,-0.0003904207150559144,2.778132776271036e-06
2009-10-05,0.012198857479670823,0.03327304585324686,0.016618087397638703,0.013939110497678708,0.014928542130787648,0.006525798284017217,8.334421482736332e-06
2009-10-06,0.008613942746344617,0.022993949163638838,0.011490551559951268,0.010406236992203777,0.014324039266152777,0.004475742225791476,2.222449413613603e-06
2009-10-07,0.004208195773044946,0.011130104030440346,0.0055586289933518,0.0027835304072860723,0.002748669804748527,0.0021527314053058685,2.222449413613603e-06
2009-10-08,0.004632912884015822,0.011898867333516971,0.005943149563955252,0.0050186534020251194,0.0076559353658072204,0.0023086301885815877,2.5002875438939753e-06
2009-10-09,0.008082985198833494,0.020184294275745307,0.010085446288526034,0.004562729241239127,0.006097233909736266,0.003932234469165571,1.6667944573445226e-06
2009-10-12,0.011244504888109201,0.026095075316862948,0.013027851851955097,0.001957571291887117,0.003915149506607873,0.005104852743299162,5.833866499216356e-06
2009-10-13,0.003898113108432495,0.009198641530652196,0.0045927588279430775,0.0003292831505812277,-0.0020428038648023783,0.0017698891117135702,1.9446183847637855e-06
2009-10-14,0.003749576660294906,0.008698582771163643,0.004342729448198801,0.00401593205832973,0.017215810218013772,0.0016794590213818547,1.9446183847637855e-06
2009-10-15,0.009862166773575697,0.022474536861076144,0.011230706493155163,0.0009289312918703274,0.0036592395067034378,0.004381251650652203,1.9446183847637855e-06
2009-10-16,-0.006952926852816766,-0.014347475609959082,-0.007180299742362561,0.002587675241297882,-0.007473992886455227,-0.0028473079935267703,1.9446183847637855e-06
2009-10-19,0.01244330099267521,0.02678603359628684,0.013373330991667043,0.004835284508576176,0.00826502038081145,0.00524180749338575,5.833866499216356e-06
2009-10-20,0.001977108752394333,0.004369803847880327,0.002178478902071568,-0.0016907086887254508,-0.005283033246021085,0.0008214557833730689,2.222449413613603e-06
2009-10-21,-0.00010378149340292217,-3.476385195610998e-05,-2.3804947846595148e-05,-0.0041905051404254046,-0.008973022532468344,-3.9737534487207134e-05,2.222449413613603e-06
2009-10-22,0.017354583537169635,0.03583165207844541,0.017909264101839684,0.00630130713966448,0.010163154442990985,0.006996162476518683,1.9446183847637855e-06
2009-10-23,-0.007906779563012533,-0.01663544558381924,-0.008324423641256296,-0.005828503331347212,-0.011433256604600373,-0.003312184937755954,1.6667944573445226e-06
2009-10-26,-0.009851464544799269,-0.02071518274577222,-0.010377277179362543,-0.006625475388756241,-0.010824948804331713,-0.004084302731005073,5.833866499216356e-06
2009-10-27,-0.001252303510879009,-0.002451195587759525,-0.001232020815748358,-0.0019416623701444813,-0.004583510944904501,-0.0005208106321662268,2.222449413613603e-06
2009-10-28,-0.03360524847301849,-0.07067604641708669,-0.035344446230411886,-0.014145655184542028,-0.018886972302399108,-0.013892187787508791,2.222449413613603e-06
2009-10-29,0.019320272562823017,0.054221272629456196,0.02710407437734519,0.017013211438764664,0.02145375035784869,0.010572653844581914,1.9446183847637855e-06
2009-10-30,-0.03302199585732089,-0.09820815901308522,-0.04911078035588923,-0.021146446541914776,-0.028973978429261193,-0.01931339696268644,1.6667944573445226e-06
2009-11-02,-0.002691819693373246,-0.009102833707062441,-0.004571936123917042,0.005711597903507615,0.007339392583878501,-0.0018372971378987505,4.166938680771892e-06
2009-11-03,-0.0014601756717912801,-0.0052055815857142695,-0.0026094916422038095,0.003296140397764047,0.0031630454364439675,-0.0010510336206508498,1.6667944573445226e-06
2009-11-04,0.003637122950466074,0.013262552833513075,0.006624575567409918,0.0015427645452728012,0.0025798578897346935,0.002572713591057857,1.6667944573445226e-06
2009-11-05,0.012039855722138865,0.04323579149033785,0.021611055987408978,0.01518224231745302,0.018395037044224072,0.008446748969246303,1.3889776309117252e-06
2009-11-06,0.008327867785354381,0.03103862879764696,0.015512335736200589,0.0035586800135360974,0.002620565693500998,0.006039330946058069,1.1111679050213041e-06
2009-11-09,0.01567647203917257,0.05905765682773989,0.02950872586999731,0.01160627848541873,0.022776052141985526,0.01155538143964671,5.000391706921903e-06
2009-11-10,-0.0015046807150449091,-0.005753995931351397,-0.0028835599030586634,0.001172043010752688,0.000182429088449787,-0.001187345210147741,1.9446183847637855e-06
2009-11-11,-0.0008212351195474589,-0.0030714789299485235,-0.0015423014023572268,0.0024272626706334233,0.005109809331501403,-0.0006358381615588893,1.9446183847637855e-06
2009-11-12,-0.011406042899830224,-0.04470304973127481,-0.022358086803020316,-0.003299941072480883,-0.010167850920410282,-0.008798958460406231,1.9446183847637855e-06
2009-11-13,0.0038897385397068827,0.01619467117594109,0.008090773650587524,0.003644103324841108,0.005411337026068663,0.003126731339849992,1.9446183847637855e-06
2009-11-16,0.004211246365194566,0.017215956629675677,0.008587875770965203,0.003930767088661913,0.014504865064027817,0.0033566014597782978,5.000391706921903e-06
2009-11-17,0.001278168596093987,0.005389556403611051,0.002688216264422394,0.0007681392892577854,0.0011689508783994107,0.001019326997351985,1.9446183847637855e-06
2009-11-18,0.009264930062242263,0.03744002566074034,0.01871331198102344,0.00039443526464477685,-0.0006288140650020368,0.007307967210787359,1.6667944573445226e-06
2009-11-19,-0.0030907121484889783,-0.012480891762581936,-0.006247424543913915,0.00019181176871763128,-0.013031447244399419,-0.0024988711162304083,1.1111679050213041e-06
2009-11-20,0.0045415062894739455,0.018934901477489774,0.009460194277046252,0.0031003622416363452,-0.003551239847217169,0.003674045527006409,5.555697535353232e-07
2009-11-23,0.012234374527797789,0.0498693494122282,0.024912905321481604,0.006808212339752151,0.012702105703213062,0.009752086936718047,1.6667101867540168e-06
2009-11-24,0.0018737783635849594,0.008105363978814895,0.00404584223164739,0.0013081272681239042,0.0015339937344178711,0.0015298775428412602,1.3889776309117252e-06
2009-11-25,0.0032420323318745853,0.01369054931168101,0.006838434898080559,0.0014433815162882002,0.003514454584646831,0.0026457294097876126,1.3889776309117252e-06
2009-11-27,-0.016379241492908547,-0.06788302803501733,-0.03395519353206389,-0.009257992909219026,-0.016251058516317696,-0.013346218368117812,2.7779571911690226e-06
2009-11-30,-0.0003888618789441243,-0.001361984346770484,-0.0007023448641504393,0.004088220615250604,0.0033771009554113274,-0.000315817479816902,2.5000979217981723e-06
2009-12-01,0.00954411214051365,0.038011539294663166,0.018999068797984853,0.006080923877408662,0.01237017325477674,0.007422171414940237,1.6667944573445226e-06
2009-12-02,0.003085596020878077,0.010452694191717793,0.005219646246512166,0.0011667875500616098,-0.0004491688432347596,0.001998767229467664,1.6667944573445226e-06
2009-12-03,-0.006840859927160544,-0.021287073120669353,-0.010650376318094401,-0.002698332703372497,-0.007820365086824266,-0.004213005119429972,1.3889776309117252e-06
2009-12-04,0.006861707762406945,0.02229589201348814,0.01114124515739734,0.002937244043921705,0.005707613907479425,0.004330413140821232,1.6667944573445226e-06
2009-12-07,-0.0006017049019495845,0.0039194652164107335,0.0019396300643328424,0.0004618646736507248,-0.0015311822096619743,0.0007427305400224358,5.000391706921903e-06
2009-12-08,-0.009137440250504492,-0.026426670024207066,-0.013220313674726314,-0.0033889413492813603,-0.011097434903975634,-0.005217510745785815,1.1111679050213041e-06
2009-12-09,0.00225830849665269,0.007425008143222778,0.003705386507675712,0.0021897733374041106,0.0037405939942565247,0.001412167781104075,8.333652794512147e-07
2009-12-10,0.00512822462096006,0.015200578836074286,0.007593171854101355,0.0027417406376384346,0.005635448700185064,0.0029457370023328123,8.333652794512147e-07
2009-12-11,0.0019078068078953372,0.005735575040389573,0.002860531058496152,0.002179014415018443,0.0042479510841657575,0.0010854548182592245,5.555697535353232e-07
2009-12-14,0.00678254196337487,0.01973934045337633,0.009848317535922746,0.0018293192841611905,0.006840117425014114,0.0038522953384654644,2.5000979217981723e-06
2009-12-15,0.003878980535917793,0.010670985573395741,0.00532851412407509,-0.0003443274658542217,-0.004648586068886074,0.002051243204320708,1.1111679050213041e-06
2009-12-16,0.017134214926986073,0.04550895713170644,0.022747638808093384,0.001085527002484321,0.0015270625407199923,0.008893179849015873,1.3889776309117252e-06
2009-12-17,-0.00520563870589563,-0.014305495861966278,-0.007159726593605975,-0.0004170576582211982,-0.012015954874594503,-0.002855582523464239,1.1111679050213041e-06
2009-12-18,0.004921206888905784,0.014157673253631708,0.0070718579641930734,0.005528319599457543,0.005657377291246268,0.0027418517040933674,1.1111679050213041e-06
2009-12-21,0.012379249876757353,0.03415126053876061,0.017055110998994705,0.0058091286307053736,0.010162574409743552,0.00667940681910088,4.166938680771892e-06
2009-12-22,0.008898185284520133,0.024912463167809706,0.012449808562036369,0.0022689768976897895,0.0035929375133938457,0.004840124671477621,2.222449413613603e-06
2009-12-23,0.002999788340346271,0.008583393037672193,0.004285273496967834,0.0008232146532209939,0.0019692198526786164,0.0016415515629232184,2.222449413613603e-06
2009-12-24,0.004762446790778298,0.01274513920572895,0.006366007665481455,0.0018918363150319806,0.004733994424628296,0.002465580758712573,1.9446183847637855e-06
2009-12-28,0.003291703454111582,0.0086738563827915,0.0043095691661441116,0.0011083288863347196,0.0021338495876577213,0.0016893777883050546,5.555922099498289e-06
2009-12-29,-0.002294516066236364,-0.0057981918944740585,-0.0029051022012569483,0.00013326226012799758,-0.0014195979248449175,-0.0011706570683789302,3.05598511096683e-06
2009-12-30,-0.008534237488300475,-0.015562463696849105,-0.007787377028611764,0.00014349408086911097,-0.00035563163082052984,-0.00308380890075606,2.778132776271036e-06
2009-12-31,-0.013860164224734671,-0.02718753262125484,-0.013600606068387311,-0.002572274772235872,-0.009598183647894554,-0.005368677246955792,1.3889776309117252e-06
2010-01-04,0.018053471715073995,0.03678179891209643,0.018364096066996183,0.005065346046358776,0.0169601085599973,0.007197969472675669,6.667194498932716e-06
2010-01-05,0.009155259888520029,0.01980344878286666,0.009895301369564846,0.0011245029185962263,0.0026469444841576983,0.0038367747050709056,2.222449413613603e-06
2010-01-06,0.017466628512697525,0.03601419630060221,0.018000536212918083,0.0003369719496379986,0.0007037539496532741,0.007023366937225623,1.9446183847637855e-06
2010-01-07,0.007893293555107067,0.016896750640235325,0.008441674470770932,0.00027561144910381863,0.0042218974655006125,0.003264140312898379,1.6667944573445226e-06
2010-01-08,0.012272484967861957,0.02616750218686459,0.013076911335672348,0.0008266065250890353,0.0033276705435640874,0.00509134195441025,1.3889776309117252e-06
2010-01-11,0.007499361176469684,0.01488696063765338,0.00742296104844109,0.00020393180520428267,0.0013965857044115904,0.0028898947859170585,4.166938680771892e-06
2010-01-12,-0.0143967903371056,-0.02757134544350137,-0.013792651384373689,-0.00018350120295229644,-0.009326200399820683,-0.005447884381580664,1.1111679050213041e-06
2010-01-13,0.00805609146887042,0.01787242058427907,0.008929370534379588,0.00025490955808882276,0.008446241880408323,0.003459041779907998,1.3889776309117252e-06
2010-01-14,0.010258673629348772,0.022303572813449746,0.011145085557378254,0.00027523216342673074,0.002704329744041889,0.004332872036972033,1.6667944573445226e-06
2010-01-15,-0.012151046084488542,-0.02598244812934658,-0.012998063822433181,0.00040763915781738547,-0.011224185617002558,-0.0051396310303704704,1.3889776309117252e-06
2010-01-19,0.019613277159710958,0.04608743245130653,0.023016912836601344,0.006927041949351231,0.012496010563585624,0.009019095557797584,6.667194498932716e-06
2010-01-20,0.0028114388611900063,0.006925237337635171,0.003455917819470855,-0.004552536268538909,-0.010169211032861836,0.0012939157789156638,1.6667944573445226e-06
2010-01-21,-0.025879169311591926,-0.05823924883703402,-0.029126464176276956,-0.012063498516199811,-0.01922928275952307,-0.011464408899112167,1.3889776309117252e-06
2010-01-22,-0.03174077248644764,-0.08728286711222133,-0.04364813440545723,-0.0182596261663015,-0.022291227324919727,-0.017181831041785143,1.6667944573445226e-06
2010-01-25,0.0039837208189578205,0.014741851435630116,0.007350823173942311,0.00615084770626817,0.005126874519947977,0.0028327498337315073,5.000391706921903e-06
2010-01-26,-0.00282501289861489,-0.009496667749036902,-0.00475503472386507,-0.003072244613157582,-0.0041902603381990255,-0.0019029628925624031,1.6667944573445226e-06
2010-01-27,0.00868945993243315,0.030164873246832036,0.015075874686032886,0.004429308651777042,0.004757294269430279,0.005878263105540016,1.9446183847637855e-06
2010-01-28,-0.002852538853474518,-0.009773247274650454,-0.004893046659193656,-0.00927717108684345,-0.01147226587865191,-0.0019649374948078014,2.222449413613603e-06
2010-01-29,-0.006815018156728156,-0.023720682086868616,-0.01186676406530296,-0.00935354510907227,-0.010868381193704812,-0.004689867495861956,2.222449413613603e-06
2010-02-01,0.015594278701525792,0.055597786737248356,0.027779624310427353,0.014210476119830062,0.01555091740917347,0.010877386033855428,6.667363058321385e-06
2010-02-02,0.009850224157071147,0.03718027651107225,0.01858399307534886,0.011629121912483775,0.01210316941993983,0.007228990191805016,2.778132776271036e-06
2010-02-03,-0.000977713441458567,-0.0033798473010346886,-0.0016960688307045002,-0.0037904999948359386,-0.004982843505679457,-0.0007173280620854957,2.778132776271036e-06
2010-02-04,-0.03161313148198779,-0.11625197321157332,-0.058132131785973984,-0.029827689883260344,-0.030865580487023814,-0.02283574386584683,2.778132776271036e-06
2010-02-05,-0.002860416476191347,-0.01214947574688574,-0.00608102197624627,0.0034837620355430143,0.00206708847377457,-0.0024675419957225857,2.5002875438939753e-06
2010-02-08,-0.0028957377593391894,-0.012992099769341348,-0.006514485413655291,-0.008689818216670364,-0.0072196453064234944,-0.002564753687121791,8.334421482736332e-06
2010-02-09,-0.0004360259253653334,0.023923845538367017,0.011956055444882319,0.013557209921901014,0.012560058441204003,0.004656526086131106,3.3338445484254464e-06
2010-02-10,0.00029985822689941914,0.0034574657277970378,0.0017228655395973291,-0.0022363777040562693,-0.001958285685665695,0.0006367617275219373,3.3338445484254464e-06
2010-02-11,0.005848530338796102,0.026238478503028073,0.013113232997494118,0.010219040132571244,0.01046608778397129,0.005113412893995749,3.05598511096683e-06
2010-02-12,0.0003450494489243616,0.0017629199109898686,0.0008754537014750152,-0.0006098843322818182,-0.000831768869855809,0.00030168862987503396,3.05598511096683e-06
2010-02-16,0.011947246974339347,0.0532853613844162,0.026618099994613287,0.016119189410997325,0.015734523770677855,0.01044551102188852,1.1112577412930591e-05
2010-02-17,-0.0004566422273988095,0.035982740983948824,0.017985225311787145,0.004939217594797762,0.004738278252490735,0.006997610084300479,2.778132776271036e-06
2010-02-18,0.008221820208565059,0.040779885277078654,0.02038379745835206,0.0060483663228612095,0.005895241376701499,0.00794510585752832,2.778132776271036e-06
2010-02-19,0.004285090714501512,0.020165519475527915,0.010076614557576802,-0.0042811200557160145,0.0020736863688433083,0.0038979781926365875,2.778132776271036e-06
2010-02-22,0.003982629566540673,0.018674847715342446,0.009319405109620149,0.0010285949393129545,0.0001803643525901677,0.0036354670280258567,9.16798335004465e-06
2010-02-23,-0.0073302031230922885,-0.03226186118968222,-0.016136936848861083,-0.007131113851212567,-0.012145201048321619,-0.006372657167308286,3.05598511096683e-06
2010-02-24,0.005293266506016949,0.021350703198777854,0.010669484275087626,0.005981826837497151,0.009197628431938387,0.00413572887708113,3.3338445484254464e-06
2010-02-25,0.0007943981818146062,0.003396487035518092,0.0016923761934577453,0.0004629439117731504,-0.0013532173892457644,0.0006200569721359079,3.3338445484254464e-06
2010-02-26,0.005064964602530418,0.020258463075017774,0.010123503146477919,0.0010180053265329558,0.0006325670638229752,0.003936777887180879,3.6117110888689297e-06
2010-03-01,0.004865654845510097,0.019308379040933632,0.009637004366941149,0.005619016312610414,0.01038453273582074,0.0037609273628720764,1.083517240019205e-05
2010-03-02,0.0025820837070054453,0.010377199745898569,0.005182871481918427,0.0016548342611981681,0.0027706798506452746,0.0019889995013218273,3.6117110888689297e-06
2010-03-03,0.0023662469774265896,0.00935657464486539,0.004672697868223663,0.0006424834535014856,0.00089156631788323,0.0017938304251767362,3.889584732963414e-06
2010-03-04,0.0006094551128448134,0.0025551385774806867,0.0012719798345315336,0.0018242967794537268,0.0030269461080576487,0.000460471535903066,3.889584732963414e-06
2010-03-05,0.012370229101443253,0.044952845176521095,0.022470833134051738,0.004109909561643477,0.014293775369440542,0.00877886659315405,3.889584732963414e-06
2010-03-08,0.0038294171782256884,0.014390767944777005,0.007179032456935186,0.0006889354933488079,0.00017500611310428127,0.0027808428563071393,1.250244854578142e-05
2010-03-09,-0.0016294971184880377,-0.0022405880530416145,-0.001125605596429824,0.0006783367587652744,0.0016627604352341674,-0.0004846207514204461,4.445353332771518e-06
2010-03-10,-0.003344403367976775,-0.0067194710392222134,-0.0033650470895200124,0.0002731742851940222,0.0044557665892805964,-0.0013555339903885098,4.445353332771518e-06
2010-03-11,-0.003881765769393436,-0.007710362022069317,-0.0038606315248694845,0.0005967733778384776,0.004174823625178403,-0.0015519064365502125,4.1674654807088984e-06
2010-03-12,0.003558954645463943,0.007768877491679094,0.003879127175930863,0.0001415227851684353,8.672670427078977e-05,0.00148407429553802,4.445353332771518e-06
2010-03-15,-0.0005700579024462139,-0.0010445302493194975,-0.0005386166401130099,0.00027289817865727706,0.0002597137468101085,-0.000223342121865227,1.250244854578142e-05
2010-03-16,0.013339107406477826,0.02821433797833084,0.014101996366734815,0.00014146415399385326,0.007966154757011568,0.005497987012505586,4.723248289373316e-06
2010-03-17,0.018017452088445473,0.03824497101368518,0.019117173936933574,0.0002525788298528564,0.005927397501951814,0.0074559105734986865,4.445353332771518e-06
2010-03-18,0.007279623875696913,0.014841677600429426,0.007415388286379665,9.090541796297202e-05,-0.0005123278562212397,0.0028585252756256094,4.1674654807088984e-06
2010-03-19,-0.010402794925018803,-0.01946827762515302,-0.00973945038248547,0.0011513639623079719,-0.005061633881687233,-0.0038565996239431958,4.445353332771518e-06
2010-03-22,0.006759969285008669,0.013084474088256526,0.006526302364042946,0.004176460500166401,0.005346039561132887,0.00254726109984067,1.3336119282003622e-05
2010-03-23,0.010959349007046742,0.021015468411324845,0.010502283691827374,0.003285078510362638,0.007033218416784726,0.0040839353901017394,4.1674654807088984e-06
2010-03-24,-0.01122924086368873,-0.021133243682834535,-0.010572211295626133,-0.0016521808787599568,-0.0048549575984432325,-0.004187293925277939,3.889584732963414e-06
2010-03-25,-0.006374206711389975,-0.011096403416083866,-0.005553791162250854,-0.002096225790597983,-0.0016258067559381528,-0.0022178755696168197,3.889584732963414e-06
2010-03-26,0.005545592351487686,0.010363592493012996,0.005176206792297577,0.0014875268860432556,-0.0006005647093162425,0.0019970416141187187,3.889584732963414e-06
2010-03-29,0.011057076422980261,0.020225913147508434,0.01009618823382108,0.003412215732321755,0.006347889524590311,0.003951972349034026,1.1668799585695666e-05
2010-03-30,0.009229314271303376,0.017021444730002333,0.008505271851166007,0.0006601188213877229,0.0006814334060003535,0.0032964155056437318,4.1674654807088984e-06
2010-03-31,0.002276710260371268,0.004366286031434852,0.00217783144580852,-0.0009995202302894857,-0.003406846380682116,0.0008161776826719017,4.445353332771518e-06
2010-04-01,0.0014991443077315794,0.0029003175415407423,0.0014448472008616875,0.002651378716932884,0.006837770418401501,0.0005361312378930656,4.445353332771518e-06
2010-04-05,0.020609540740670663,0.037510990655151843,0.018734249107223766,0.0030934110344964516,0.008149252849418254,0.00735709377558591,1.7781531898686254e-05
2010-04-06,0.01391879571716986,0.027100216773097374,0.013545074715148875,0.0008654735732120944,0.0023575162373588032,0.00526049970811826,5.001150350958383e-06
2010-04-07,-0.010154329560173342,-0.017715729012408588,-0.008863037128634899,-0.0007255739986085086,-0.005711967352249658,-0.0035228111857459354,4.723248289373316e-06
2010-04-08,0.008710474502631528,0.016828956142768803,0.008409305448954019,0.0011637506589612379,0.0034634596171732035,0.0032583091033761467,4.723248289373316e-06
2010-04-09,0.0058886923336782275,0.011341315249632,0.005665485002385173,0.0006954517455839415,0.006567613801931493,0.0021821314828361655,4.723248289373316e-06
2010-04-12,0.000677525722243127,0.001442700683100373,0.000705415661465425,0.00041698105714615963,0.001589208510132556,0.00026548549024591383,1.3336119282003622e-05
2010-04-13,-0.002684242151283473,-0.004634776319503486,-0.0023226997296607044,0.0002679475219815597,0.0007518756617055367,-0.0009418039857602968,4.445353332771518e-06
2010-04-14,0.01256481103743229,0.023394790939164523,0.011692083899673467,0.0003472463365512546,0.011349127922476221,0.0045536545377166,4.445353332771518e-06
2010-04-15,-0.0001559515488263672,-3.254094803717411e-05,-2.1582043927548256e-05,3.9671519816097955e-05,0.0008252441329681393,-5.3048092773602e-05,4.445353332771518e-06
2010-04-16,-0.02209960025578438,-0.039887613411805245,-0.019949118275811584,0.001666137734052553,-0.015912168612540967,-0.007854604100934219,4.445353332771518e-06
2010-04-19,0.011819377908497571,0.024097622323524748,0.012032876481677501,0.0036732673267327876,0.003770149082969798,0.004692982393632015,1.3336119282003622e-05
2010-04-20,0.023223560963493612,0.04740253095580482,0.023695953907993283,0.004942241864043906,0.008930854749535255,0.009249941765787927,4.445353332771518e-06
2010-04-21,-0.0026328929483227046,-0.005408885034058675,-0.0027097540869382986,-0.0007558504790324827,-0.0018199561420543242,-0.0011316400611090574,4.445353332771518e-06
2010-04-22,0.0010223174789277265,0.0024934409699877147,0.0012412699711590314,0.001404784124956926,0.002983132406602973,0.00044435788699734524,4.1674654807088984e-06
2010-04-23,-0.0012118288474621311,0.0071254654146351015,0.003557421137408534,0.001991406541230978,0.006528326099034754,0.0013548853730357157,4.445353332771518e-06
2010-04-26,-0.007691045453725595,-0.012970880913560356,-0.006501375136865328,-0.0012237984746575892,-0.0037763473964778083,-0.0025673004607277743,1.3336119282003622e-05
2010-04-27,-0.054203278104682256,-0.11102785100535872,-0.055519237072588434,0.0,-0.023650973784715146,-0.02182078612320658,4.445353332771518e-06
2010-04-28,0.0025085945816583064,0.01107207623489681,0.0055307265475394995,-0.008283014429109059,0.007596649328567517,0.0020737259472723346,4.445353332771518e-06
2010-04-29,0.013311570687339297,0.045679051888909195,0.02283421437454569,0.00747249705943398,0.012397059860772996,0.008916424172886362,4.445353332771518e-06
2010-04-30,-0.02419216714845344,-0.08553594855676616,-0.0427731469008138,-0.009909052557222298,-0.016961626383982797,-0.01683551006511227,4.723248289373316e-06
2010-05-03,0.008497032782090509,0.0355521967097574,0.017760163674793494,0.008947947323047822,0.012961826323192982,0.006913045931268609,1.3336119282003622e-05
2010-05-04,-0.024333904254193395,-0.10155746971276092,-0.05078390747881123,-0.014869377332547784,-0.023514636743855566,-0.01996881871035036,4.723248289373316e-06
2010-05-05,-0.009799685562589732,-0.045343394478068566,-0.022677008808943078,-0.0042569736605985176,-0.005956585284810467,-0.00897182765667754,4.445353332771518e-06
2010-05-06,-0.03660259883315401,-0.1721623181320886,-0.08608660957987935,-0.029846113797695195,-0.03321365142580357,-0.03381198059790162,4.1674654807088984e-06
2010-05-07,-0.015027124226068837,-0.08960153498338297,-0.044806773745711403,-0.013715453363330465,-0.014874744888184521,-0.017663109183550588,3.05598511096683e-06
2010-05-10,-0.0003267955786794521,0.14081614799024966,0.07039088884159872,0.04194874907135149,0.04404054770071664,0.02757682474404586,1.083517240019205e-05
2010-05-11,4.445353332771518e-06,0.003832015548098422,0.0019106962041404163,-0.002420213300126539,-0.0028406425036032745,0.0006668095506633881,4.445353332771518e-06
2010-05-12,4.445353332771518e-06,0.053547135726327744,0.026768256293254966,0.01272436252353093,0.013985939427775262,0.010474369810307272,4.445353332771518e-06
2010-05-13,4.445353332771518e-06,-0.02498380800456723,-0.012497215572192633,-0.009771274639417182,-0.012431064173722084,-0.004950778529140172,4.445353332771518e-06
2010-05-14,-0.013880774468395477,-0.10015603292105901,-0.05008332803043847,-0.017145495793932763,-0.018104862911235253,-0.0196794293814537,4.445353332771518e-06
2010-05-17,-0.0002477794045659019,-0.008579533811311935,-0.004305701585740951,0.001103053824941247,0.00052720642340498,-0.0017253996365266763,1.3336119282003622e-05
2010-05-18,4.445353332771518e-06,-0.06789767082933751,-0.03395414698457777,-0.013640351772123527,-0.013602873341872157,-0.013342554193400974,4.445353332771518e-06
2010-05-19,4.723248289373316e-06,-0.022649387447264635,-0.011329866346063033,-0.0054405726047517255,-0.005693814522482299,-0.0044898157745940645,4.723248289373316e-06
2010-05-20,4.723248289373316e-06,-0.13472274913534066,-0.06736654719010093,-0.038406739119130506,-0.03775957585133971,-0.026451664745410605,4.723248289373316e-06
2010-05-21,4.723248289373316e-06,0.004949056996732537,0.0024693558759356637,-0.0184508230408168,0.014599230818217235,0.0009075427239931563,4.723248289373316e-06
2010-05-24,1.4169811795472498e-05,0.01786816452276474,0.00891856442755401,-0.0012891709639031301,-0.012831418763501468,0.0035070102969418627,1.4169811795472498e-05
2010-05-25,4.723248289373316e-06,0.036330010151298,0.018159832453218172,0.004060062445525814,0.0010216705592864805,0.007100654148752875,4.723248289373316e-06
2010-05-26,4.723248289373316e-06,0.0268728691397655,0.013431261947452144,-0.0017251420220423253,-0.0060288225597557865,0.005238125580909821,4.723248289373316e-06
2010-05-27,4.723248289373316e-06,0.08787894742280566,0.043934301088972116,0.016147495872316897,0.0334987334288408,0.017204270749528548,4.723248289373316e-06
2010-05-28,4.723248289373316e-06,-0.020034009930536834,-0.010022177587699077,-0.005925235872049517,-0.012549866860447012,-0.003985205803932872,4.723248289373316e-06
2010-06-01,-0.007516004388790212,-0.059039192401350915,-0.029540842421027502,-0.00780211398060382,-0.016823887075289812,-0.011576424043515268,1.7781531898686254e-05
2010-06-02,-0.00021325544543972786,0.06753829944915335,0.03376383815466766,0.01548531640564943,0.026038970468892808,0.013201963279201308,4.445353332771518e-06
2010-06-03,0.0008978583492590523,0.009040301011696839,0.004514838935939736,0.0021846340197266834,0.0034449558224194377,0.0017241111573156678,4.445353332771518e-06
2010-06-04,-0.012105194147740556,-0.09524632561132773,-0.04762875225987273,-0.016392204260462284,-0.03513702277296504,-0.018707101182310098,3.889584732963414e-06
2010-06-07,-0.00019204586384419386,-0.046085446521104356,-0.023059491600485593,-0.0051784480015798495,-0.012451142296639794,-0.009071620761561032,1.1668799585695666e-05
2010-06-08,3.3338445484254464e-06,0.04104866461634904,0.02051846498387344,0.008888888888888724,0.010712095337048533,0.008014181461256872,3.3338445484254464e-06
2010-06-09,3.3338445484254464e-06,-0.008545306263201047,-0.004278520455901713,-0.0024376646516761635,-0.005345899697994816,-0.0017115499432804754,3.3338445484254464e-06
2010-06-10,2.778132776271036e-06,0.05991688436118481,0.029952297000405137,0.016469788950009834,0.029230852885739234,0.011726439207832343,2.778132776271036e-06
2010-06-11,2.778132776271036e-06,0.02418028701364361,0.012083998326634537,0.003924062914371307,0.004856096086986783,0.0046963611858098315,2.778132776271036e-06
2010-06-14,0.0029657710771973456,0.01993338614348361,0.009947424013545092,0.001138255033557023,-0.001549832007701979,0.003893624171053156,6.667363058321385e-06
2010-06-15,0.00960865501637196,0.059552030361617936,0.02976945324342606,0.004376226791517945,0.0227376962443675,0.011645890625783263,1.9446183847637855e-06
2010-06-16,-0.0002681068113261969,0.02623521626288161,0.01311132402863735,0.0005232862375719183,-0.00035712856965675055,0.005101275279251344,2.5002875438939753e-06
2010-06-17,0.002642037972327694,0.017696022997711447,0.008841866318668457,0.0002561694133720316,0.0016072424820323672,0.0034396468640228387,2.778132776271036e-06
2010-06-18,0.0028983693669888504,0.016839943904082055,0.008413687849237794,0.0007469694382791214,0.0010843377989835368,0.0032745487493580413,2.5002875438939753e-06
2010-06-21,-0.0015693966629385043,-0.008900123868200938,-0.004468080682151432,-0.00259111556588687,-0.0028634640587348326,-0.0017538709472400408,9.16798335004465e-06
2010-06-22,-0.009918791186195335,-0.044946576379827796,-0.022479155514214977,-0.00976063460161003,-0.01651584748001167,-0.008838841349205671,3.3338445484254464e-06
2010-06-23,-0.0029432854961156797,-0.013764020222767126,-0.00688773850241442,-0.0014250858290327795,-0.003103287060913451,-0.002736317880441437,3.6117110888689297e-06
2010-06-24,-0.012545545106445266,-0.06005064574744823,-0.030031051264755138,-0.013017060566090866,-0.01657058167032499,-0.011800973832443695,3.6117110888689297e-06
2010-06-25,0.004939957866624922,0.025012440925907153,0.01250049207192272,0.005170336290940991,0.004189422056825265,0.004865400106909613,3.6117110888689297e-06
2010-06-28,-0.0033651248371285316,-0.016794614549739295,-0.008414492428395537,-0.002135960419345717,-0.0031521940773706625,-0.0033002748663154935,1.083517240019205e-05
2010-06-29,-0.021422417671869722,-0.09822824501290028,-0.0491192951288808,-0.027979817836314758,-0.030874485017470588,-0.019287202340012306,4.723248289373316e-06
2010-06-30,-0.0031614603207579185,-0.015714212737569122,-0.007862556882619498,-0.01025796593411532,-0.009500568527136988,-0.0031303782465329603,4.1674654807088984e-06
2010-07-01,0.0017480310839050371,0.00872651304215788,0.0043582228496790165,-0.0020773972369481086,-0.0044565275261061466,0.0016933424648794449,5.001150350958383e-06
2010-07-02,0.0064763376722088775,0.03033810731728992,0.015163881036214244,-0.00492560404058795,-0.005449766088380548,0.005933964749477782,4.723248289373316e-06
2010-07-06,0.011902865566656758,0.05611498986624208,0.028036804510325863,0.005944555587310774,0.006555954264565678,0.011013690124303602,1.8893127012420408e-05
2010-07-07,0.014685847238887844,0.06429757847257056,0.032143616613854675,0.031319961361440996,0.03149576831065093,0.012572887333282762,4.723248289373316e-06
2010-07-08,0.004236321206012807,0.018847527706757905,0.009418452283469936,0.009785016143072811,0.009895843404969629,0.0036533888273538504,4.445353332771518e-06
2010-07-09,0.0037067881273837562,0.016236791855569255,0.008112945413949468,0.007289472822706644,0.007465371878937921,0.0031588827181640525,4.1674654807088984e-06
2010-07-12,0.005686898204972378,0.02461916403288633,0.012293647336358182,0.0010400078000583068,0.0006483737636229225,0.0048253178380422345,1.3336119282003622e-05
2010-07-13,0.0013474370382383625,0.0058285952106647,0.002908986035423222,0.014198673203251078,0.015088547083127235,0.0011141521450397831,4.445353332771518e-06
2010-07-14,-0.007290334565930078,-0.030084788407328533,-0.015047844717499204,0.0008216400789629041,-9.170498746369216e-05,-0.005921679378091893,4.1674654807088984e-06
2010-07-15,-0.002129527923443139,-0.008779174521020394,-0.004395037774345134,0.0013327362674855348,0.0002738432369753241,-0.001751955983971193,4.1674654807088984e-06
2010-07-16,-0.011610406155923379,-0.046233164259032566,-0.02312203264335133,-0.0071765495064791684,-0.02753482696335885,-0.009088541292025068,4.1674654807088984e-06
2010-07-19,0.003032901144014231,0.012514650207446909,0.006240973588270249,0.005029868193859199,0.00590715539506248,0.0024413863584265344,1.250244854578142e-05
2010-07-20,0.014822287820311279,0.06049005282366404,0.030239853789401305,0.006957486767970034,0.011091183603979982,0.011842625801341315,4.723248289373316e-06
2010-07-21,-0.002893384315797981,-0.012313242702423066,-0.006161932921120439,-0.006898817345597941,-0.012997831322593578,-0.0024625351497126044,4.445353332771518e-06
2010-07-22,0.0122340468667887,0.05293502288909191,0.02646219987463727,0.011033687962182404,0.022321591209231606,0.01035352435530329,4.445353332771518e-06
2010-07-23,0.00568813284114801,0.02497652030604014,0.012482948583111275,0.004263987250255896,0.008679175630044167,0.004851106161416505,4.445353332771518e-06
2010-07-26,0.008615456857572958,0.037610325459165095,0.01878922804949723,0.004266902081953905,0.010415924899795925,0.007361346147811667,1.3336119282003622e-05
2010-07-27,0.001212270580990119,0.005313010789267381,0.0026511938247246736,0.0001465094132298006,-8.97789325813303e-05,0.000998803352118302,4.445353332771518e-06
2010-07-28,-0.002958663705182464,-0.011960299751919479,-0.005985600389794787,-0.0018834165175629636,-0.006454555670030393,-0.0023746016670905166,4.1674654807088984e-06
2010-07-29,9.125339244177034e-05,0.0005297163225581603,0.0002594076474440321,-0.00017821387761940422,-0.004872296968149947,7.26836179653191e-05,4.1674654807088984e-06
2010-07-30,0.0027372676624111583,0.009202255790976333,0.004595677381653118,0.000660557384612126,-0.00018144131639818983,0.001778706863608304,4.1674654807088984e-06
2010-08-02,0.018676343961971764,0.05755785204312569,0.02876257450610975,0.006936513092406615,0.022581199360510507,0.01127910144467916,1.250244854578142e-05
2010-08-03,-0.0005785761455721121,-0.011676511739432516,-0.005843567439625219,-0.0008845045213790037,-0.00478881177039292,-0.002343522254943164,4.445353332771518e-06
2010-08-04,0.002311868965609046,0.00965738153258311,0.004823379196382538,0.001593517612014983,0.006683227265662728,0.0018617360110516927,4.445353332771518e-06
2010-08-05,-0.0024265150756427687,-0.007319754317644311,-0.003665188728731228,-4.159430989836288e-05,-0.0010623719803548592,-0.001466889469434784,4.445353332771518e-06
2010-08-06,-0.00036704760648975264,-0.000798808878018531,-0.000404854952844369,0.0006135415908405939,-0.004076051856402474,-0.00018658080687796076,4.1674654807088984e-06
2010-08-09,0.005676379940817909,0.016515993368797943,0.008241645168945766,0.0012679013115504123,0.005338549174900509,0.0032336063777119598,1.250244854578142e-05
2010-08-10,-0.002056649164883243,-0.005777744151860054,-0.002894322589765075,-0.0006020094660799113,-0.005399022898671557,-0.0011671173458480913,4.1674654807088984e-06
2010-08-11,-0.028133745409036032,-0.0812415062768711,-0.04062620365227054,-0.006335292773612,-0.02740658399418472,-0.015961705197555826,4.1674654807088984e-06
2010-08-12,-0.004620485998537401,-0.015646975671419927,-0.0078289383495449,-0.0011706175007316633,-0.006130362987228355,-0.0031247712379899118,4.1674654807088984e-06
2010-08-13,-0.006300459328151526,-0.021838072935140396,-0.010924348037479104,-0.0003767108953162124,-0.0029453665273840857,-0.004311247126503262,4.445353332771518e-06
2010-08-16,0.0035972906224193196,0.012770707048808339,0.0063690020089508526,0.002836864584205623,-0.000461989196430479,0.002495781701460886,1.250244854578142e-05
2010-08-17,0.009295981928938267,0.031080045130117417,0.015534710995149803,0.005751625799851778,0.012285341033084096,0.006068918394620096,4.445353332771518e-06
2010-08-18,0.004480410220298642,0.015247872770348891,0.007618763762743841,0.0008199273482096814,0.001824890249832345,0.002954072008480049,4.723248289373316e-06
2010-08-19,-0.01011348619263352,-0.03122039124635556,-0.015615507193086686,-0.002094805504568087,-0.017396844382853827,-0.006153400796910386,4.445353332771518e-06
2010-08-20,0.0025843973374383125,0.00852491626467633,0.004257146562429259,0.004593305413241655,-0.0032443674594538896,0.0016363804076552793,4.445353332771518e-06
2010-08-23,0.0057318259505287975,0.01725930632167838,0.008613301645385985,0.00044481684924835285,-0.003812845061438974,0.0033791327463311015,1.250244854578142e-05
2010-08-24,-0.008965993768308277,-0.02629229964214652,-0.013151461390982222,-0.007827363719083547,-0.01484310650467302,-0.00518691239677148,4.445353332771518e-06
2010-08-25,0.007004470968121559,0.02034754332404143,0.01016846009211192,0.002240633630347544,0.0038852017830173224,0.003957584702310444,4.445353332771518e-06
2010-08-26,-0.003883378497948143,-0.011206700703602301,-0.005608661921710056,-0.003868150150774685,-0.006701907228406245,-0.002228895755341961,4.445353332771518e-06
2010-08-27,0.02062515176693447,0.060438168552048754,0.030213772706115583,0.011503371677905605,0.015489932113658567,0.011825902798198172,4.445353332771518e-06
2010-08-30,-0.009403311251590706,-0.03044829743693589,-0.015240500233921095,-0.007853457172342648,-0.014504878401192411,-0.00599853424210908,1.250244854578142e-05
2010-08-31,0.005190236313904808,0.017503071630579292,0.008745946361080614,0.0001976305141513368,0.0,0.0033968245020521764,3.889584732963414e-06
2010-09-01,0.0195618546589593,0.060115945157032113,0.030052383124307136,0.016576883878616444,0.029911400813966926,0.011758375417604276,3.889584732963414e-06
2010-09-02,0.007192427470582682,0.024327161341509695,0.012157852279724102,0.003856698584172147,0.009312610338707561,0.0047194283306361455,3.6117110888689297e-06
2010-09-03,0.014189757096400569,0.048366293527265514,0.024177557309423836,0.004697897665318029,0.012971216644965589,0.009448000992168526,3.889584732963414e-06
2010-09-07,-0.008366042011633686,-0.029617148018700412,-0.014830931780798862,-0.0018257429759610533,-0.01127267790658093,-0.005826008653693245,1.5558429705464505e-05
2010-09-08,0.007027510875495355,0.02579680857371036,0.012892814832646149,0.001890051824001704,0.007023199953527737,0.0050194565839706455,3.889584732963414e-06
2010-09-09,0.002548073241193162,0.00951576813769428,0.004752294614638108,0.0014706478964663372,0.004618965053741153,0.0018274520456954492,3.889584732963414e-06
2010-09-10,0.00577307277497456,0.02125388697636188,0.010621354033971908,0.0010127505291621652,0.005048938493009247,0.004136398586831157,3.889584732963414e-06
2010-09-13,0.016145974697227974,0.04899989817502459,0.02448318074757916,0.0008093807225746374,0.011123265378273794,0.009592466248717575,1.1668799585695666e-05
2010-09-14,-9.080763831090228e-05,-3.281883588912571e-05,-2.1859931779499853e-05,5.054538470083969e-05,-0.0006211740414675537,-5.8206836882790014e-05,4.1674654807088984e-06
2010-09-15,0.006477391744543978,0.019422434082398743,0.009705766527364323,0.00019206275397776196,0.0038172791734703004,0.003789388862782385,4.1674654807088984e-06
2010-09-16,0.0011310823512239352,0.0035259000253207162,0.0017574994988254211,0.0001920258729597446,-0.00026535709258457274,0.0006622271392236852,4.1674654807088984e-06
2010-09-17,0.00034498398828805815,0.0011532298029508503,0.0005713033315664084,0.000545652964714316,0.00037361125649915117,0.000204480040024259,4.445353332771518e-06
2010-09-20,0.00885680593800918,0.026301116379868983,0.013134623509849286,0.007634975459007487,0.015289975463859795,0.005159423041634616,1.3336119282003622e-05
2010-09-21,-0.001449690296545303,-0.003737458381312231,-0.0018739018130868867,-0.0014332391204121553,-0.0020136059284465713,-0.0007657140700729265,4.723248289373316e-06
2010-09-22,-0.0064430849635014045,-0.018003509059470013,-0.009006927152165667,-0.0014352962431370964,-0.004913108871936078,-0.003552778257075825,4.723248289373316e-06
2010-09-23,-0.010682087264230082,-0.03089432702507422,-0.01545247508244596,-0.004070842714699263,-0.008111769923558332,-0.006086863204239931,4.445353332771518e-06
2010-09-24,0.01842760429578386,0.05456233936609123,0.027275858113136486,0.009991623184602894,0.020622471396871678,0.010667850689121933,4.445353332771518e-06
2010-09-27,-0.001565550090972858,-0.004788440557312645,-0.0024105717941095284,-0.0009792851218610732,-0.004790224408233179,-0.0009633161939122478,1.250244854578142e-05
2010-09-28,0.00036169612274456744,0.0012275992425589966,0.0006084880513705926,0.002300575143785899,0.0035005841527961934,0.00021867822325985145,4.445353332771518e-06
2010-09-29,-0.005548940073032895,-0.0157311280751955,-0.007870875607506655,-0.0007584451873658971,-0.0017442745175819674,-0.0031056634809271564,4.445353332771518e-06
2010-09-30,-0.00923349822813708,-0.025496038140128796,-0.012753330639973304,-0.0006291883470322945,-0.002969900704675066,-0.005026559599041698,4.445353332771518e-06
2010-10-01,0.00673740978379819,0.019840451207360665,0.009914914033771538,0.002838126836288035,0.0042052330057273934,0.003861484764528401,4.445353332771518e-06
2010-10-04,-0.0054586589261646406,-0.014284710259222289,-0.00715828980969635,-0.0019631290483308472,-0.0075033573010200305,-0.002807396150940176,1.3336119282003622e-05
2010-10-05,0.018063422780401135,0.04851826737859222,0.02425340529826525,0.006470100745858964,0.02013185733229572,0.009490232624654009,3.6117110888689297e-06
2010-10-06,0.0044029120412503765,0.012033299664626629,0.006010782508012014,0.0006349143361672471,-8.646268612655383e-05,0.0023174773682340744,3.3338445484254464e-06
2010-10-07,0.002548514828248338,0.0067059091649104285,0.0033472261914244683,1.982848361659073e-05,-0.0012064895290989641,0.0012892477493498043,3.6117110888689297e-06
2010-10-08,0.015619313602053835,0.0391823116842287,0.01958542745108338,0.0013185680153073864,0.005608953890081647,0.007660935273420692,3.6117110888689297e-06
2010-10-11,0.009507006487843637,0.024807764772412533,0.012386280429974805,0.0006435643564355331,0.0009440612702613649,0.004844660649229556,1.0001566988826482e-05
2010-10-12,0.012602762862365767,0.033123284867471625,0.016555775109434734,0.00026715480136552117,0.003085811831133878,0.006461529490616535,3.3338445484254464e-06
2010-10-13,0.009377614815746107,0.023766030424593687,0.011877286821265987,0.0003857872037351662,0.007777406663003195,0.004621258768774462,3.6117110888689297e-06
2010-10-14,-0.011967194490761713,-0.029921618547657736,-0.014966537664859891,0.00021753962682069528,-0.0039011919670918216,-0.005903613293587244,3.6117110888689297e-06
2010-10-15,0.0030692111871894385,0.008508901440971162,0.004248861266276771,0.0012357517819541197,0.002042964709096484,0.001631665256823026,3.889584732963414e-06
2010-10-18,0.012224817793297755,0.03258703877540192,0.016276751047767934,0.004680187207488418,0.004927885729708148,0.006385064096700712,1.1668799585695666e-05
2010-10-19,-0.009165683485443409,-0.024728440975600674,-0.01236967100163544,-0.007940875855020013,-0.013104265805668813,-0.00488888426380917,4.1674654807088984e-06
2010-10-20,0.018667630974992012,0.052377804750868284,0.02618331292122522,0.006042954509430931,0.009766110364456404,0.010228583815108524,3.889584732963414e-06
2010-10-21,0.008667581266544285,0.025932356028439463,0.01296058856001081,0.0013982708706699043,0.0022055846638060483,0.005025760330982207,3.889584732963414e-06
2010-10-22,-0.0007518770452984816,0.03949054187053158,0.019739542544235267,0.0017404814348647157,0.001862538404804548,0.007696791949299787,3.6117110888689297e-06
2010-10-25,0.0018372955562702634,0.007564491295581455,0.003765060494264949,0.0010601435120198843,0.002957395524951112,0.0014472692679890814,1.083517240019205e-05
2010-10-26,-0.007229216657991531,-0.018637747879427513,-0.009324463393922677,3.922299251835071e-05,0.00016845437703882915,-0.0036941197607269593,3.889584732963414e-06
2010-10-27,-0.00707055204053846,-0.018761814083265715,-0.009386496495841778,-0.0006863754473697137,-0.0028638378303530443,-0.0037230390163584333,3.889584732963414e-06
2010-10-28,0.0005175212286603504,0.0017403459789959719,0.0008645835352889542,0.0005691017023989886,0.0001687390329230265,0.00029870596348411375,3.889584732963414e-06
2010-10-29,0.00018665990043223836,0.0007395082627608129,0.00036402574034943846,0.00026477597010976517,0.0007603495867232191,0.00011118976384737588,3.6117110888689297e-06
2010-11-01,0.0022700967744145478,0.006052888816725277,0.0030088424521310664,0.0002745098039216298,0.00033767639754533896,0.0011735847276095964,1.0001566988826482e-05
2010-11-02,0.00853494659684249,0.022171747977598688,0.011080145597768487,0.003126592700043229,0.007930244603178371,0.004312200160769175,3.6117110888689297e-06
2010-11-03,0.02308670845397293,0.058067184068936406,0.029027863643437568,0.0033220319110476293,0.004017694227810065,0.01134184294036857,3.6117110888689297e-06
2010-11-04,0.02409787301755089,0.0625771666194821,0.03128285491871008,0.004489370611664656,0.01925823435074725,0.012202254459230026,3.6117110888689297e-06
2010-11-05,-0.0008773091340440732,0.00046662540971897926,0.00022758431382863265,0.0011827665102570606,0.0037622117547382317,1.6835061059834174e-05,3.6117110888689297e-06
2010-11-08,-0.0030124886586996545,-0.005942987978352687,-0.0029886791427023995,0.00039701752687126834,-0.0018739729519202664,-0.0011837699480201135,1.083517240019205e-05
2010-11-09,-0.0017444439392420691,-0.004702826544077721,-0.002357141663069773,-0.0010647462516091277,-0.0071844707604297176,-0.0009633858168193271,3.6117110888689297e-06
2010-11-10,0.0035500053606693366,0.010307258013125375,0.00514790061553172,0.001007742173041004,0.004029496857509196,0.0019813408527786605,3.6117110888689297e-06
2010-11-11,-0.0032562006085354697,-0.0088353305805009,-0.004423393681281307,-3.87202942742082e-05,-0.003767472909289582,-0.0017760781701174641,3.6117110888689297e-06
2010-11-12,-0.021135988586715143,-0.05935336494475352,-0.029682410863407838,-0.0021781008896332166,-0.011838226957217701,-0.011681456416848191,3.6117110888689297e-06
2010-11-15,0.00458650962601046,0.014859078444174445,0.007412354068561555,0.0014261321743180844,-0.0014142039911922977,0.002868014552083768,1.083517240019205e-05
2010-11-16,-0.01374975629957446,-0.04272998316352328,-0.02137058103597056,-0.003555409162686707,-0.015579284894694845,-0.008422020034348198,3.889584732963414e-06
2010-11-17,0.006541016692666911,0.02189700572551434,0.010943052348922233,0.0024597495527727276,0.0005078436142662568,0.004246856158202176,4.1674654807088984e-06
2010-11-18,0.021152276463274437,0.0684231544444256,0.034205987768003876,0.003093813343161278,0.014718109097025422,0.01338090641756501,3.889584732963414e-06
2010-11-19,0.003502152654789615,0.0120487814810053,0.006018940226667713,0.0020303979579998632,0.002750765980388703,0.002297103248119114,4.1674654807088984e-06
2010-11-22,0.009860924155513652,0.033054831759275594,0.01651064753970477,0.00018333043864204868,-0.0008313907896213557,0.00646796491988917,1.1668799585695666e-05
2010-11-23,-0.013933544603885264,-0.04584058979703454,-0.02292574541235226,-0.007968588710844382,-0.014476706815897855,-0.00903739192995899,4.1674654807088984e-06
2010-11-24,0.011983089451591865,0.042803509478826385,0.021396304225578255,0.008042321867919089,0.014773893273766214,0.008340975931826722,4.1674654807088984e-06
2010-11-26,-0.017942874168963674,-0.06415214354499488,-0.032086694902434765,-0.007119566265989974,-0.011646924774586065,-0.01262158290794026,8.89072642684674e-06
2010-11-29,-0.0026161125760212713,-0.00979630451740765,-0.004914086938788809,0.003663039253789302,0.0030300509751410853,-0.0019593757800323458,1.3336119282003622e-05
2010-11-30,-0.018171898639830954,-0.07124860236170116,-0.035629334852250394,-0.004317647172715655,-0.005622666355196038,-0.014003022929230108,5.001150350958383e-06
2010-12-01,0.011441095130735534,0.0498643243305803,0.024926989542859435,0.011434016198189623,0.021267302930860543,0.009720096778390476,4.723248289373316e-06
2010-12-02,0.018681669045258007,0.0833459105950054,0.04166764372759402,0.004844896036605872,0.01280896681114263,0.016293949143029424,4.445353332771518e-06
2010-12-03,0.007998377487263848,0.038613384108219906,0.019301380484200825,0.002123771895418569,0.0026927412638628745,0.0074986455780756455,4.445353332771518e-06
2010-12-06,0.00509315483642971,0.024172554555670356,0.012069508937901707,0.0006014147566180128,-0.0010578259842546345,0.004710054840503734,1.1668799585695666e-05
2010-12-07,0.0008103332870758484,0.003984486479314819,0.0019867927258223617,0.00033391848572739136,0.0005702144435943968,0.000737854525931484,4.1674654807088984e-06
2010-12-08,0.006543840282816667,0.029783888683321935,0.014886354887452269,0.0010014210641766663,0.0036635635054553806,0.005808902928467823,3.889584732963414e-06
2010-12-09,0.004245269286628133,0.019575024301365707,0.009782061636847805,0.0008670299935211734,0.0038936078837630284,0.003790494888975382,4.1674654807088984e-06
2010-12-10,0.00088314871305155,0.004247725201171226,0.0021182731463769144,0.00038078193570489915,0.005817637289308619,0.0007898361173226026,3.889584732963414e-06
2010-12-13,-0.0028564205805838724,-0.012942589485134048,-0.0064884798960930246,0.0002854777470098213,0.0006426112370034875,-0.002552095188229615,1.083517240019205e-05
2010-12-14,-0.0024014817543792566,-0.010765142068212108,-0.0053880215479410465,6.659246363560634e-05,0.0008832764991264508,-0.0021492394710173907,4.1674654807088984e-06
2010-12-15,-0.004118979580147026,-0.017458397095405975,-0.00873464906153798,8.561318062461076e-05,-0.004572305430035173,-0.003459952340898056,4.1674654807088984e-06
2010-12-16,0.003962600363589935,0.017439475408515426,0.008714148250048792,0.00020925874844257564,0.005801943995632719,0.0033807043071816412,3.889584732963414e-06
2010-12-17,0.003693510116225662,0.01571708865863819,0.007852815938288016,0.001454995007370119,0.0010710963689655184,0.003042138920899415,3.6117110888689297e-06
2010-12-20,0.00738795452294203,0.03089467256998324,0.015429317536940657,0.0019371747635505976,0.0024134528467010252,0.006037998581918854,9.16798335004465e-06
2010-12-21,0.00485525517567684,0.01959566368447252,0.009792242388027228,0.0020566381075139972,0.006340519502812558,0.0037929334930684364,3.889584732963414e-06
2010-12-22,-8.318855760338228e-05,-3.309671663687119e-05,-2.2137812527245337e-05,0.002080791457405251,0.003110446833755276,-6.423626768844746e-05,3.889584732963414e-06
2010-12-23,-0.007717846082620336,-0.03001444802921771,-0.015012813468817776,-0.0006040642195774826,-0.001431256154017846,-0.0059314904155896376,3.889584732963414e-06
2010-12-27,-0.007322627525899153,-0.027856257028060827,-0.013950486285479125,0.0005855409170327786,0.0003978786951723823,-0.00549246913585233,1.5558429705464505e-05
2010-12-28,-0.0014632093230924558,-0.0052741985369513245,-0.002642271890906378,0.0007739718916062177,0.0014327375285800859,-0.001091452577961081,4.723248289373316e-06
2010-12-29,0.0032755836965869278,0.011691135334108038,0.005840117153219193,0.0008582557602165863,0.0007150642926829764,0.0022482498541034563,4.1674654807088984e-06
2010-12-30,0.002034296870058748,0.007214947557370177,0.0036017453876542316,-0.0004428948360346574,-0.0015885082709230502,0.0013659397237891018,3.6117110888689297e-06
2010-12-31,0.004912280799804119,0.014505927510868322,0.00724709643113286,0.0002922515626031519,0.00023896314459181944,0.002797873505991515,3.3338445484254464e-06
2011-01-03,0.006114970038763547,0.016615541711533677,0.008290168899535377,0.0033834728191211028,0.010338022094454002,0.0032266933256672498,1.0001566988826482e-05
2011-01-04,0.0028322670333624594,0.006564212500009381,0.0032766557361698645,0.00037571738538266786,-0.0005512424909230873,0.0012345795488823191,4.1674654807088984e-06
2011-01-05,0.009760349102128649,0.01853125971900682,0.00926004040529449,0.0016994826436813604,0.005197581965568299,0.003586883102157931,3.889584732963414e-06
2011-01-06,0.001166666152721754,0.002473168947523474,0.0012309950195530384,-0.0003561921187805739,-0.0019585437889900748,0.00043024869249498105,3.889584732963414e-06
2011-01-07,-0.0023539375676220066,-0.004055568176990487,-0.0020332346023302916,8.439135082416449e-05,-0.0019624661097259466,-0.0008402290321205943,4.1674654807088984e-06
2011-01-10,0.0002679675146538803,0.0007244331244711244,0.0003454482223022026,0.0007782101167317368,-0.0012584701070067483,0.00011736942152319422,1.1668799585695666e-05
2011-01-11,0.018015197620657147,0.030820423484930082,0.015404761228629882,0.0010586670164327572,0.0035440505440782477,0.006000813373904635,4.1674654807088984e-06
2011-01-12,0.026194743811443905,0.04781273236724459,0.02390091566978736,0.0009733179848574469,0.009024366831591024,0.009313192238925258,4.1674654807088984e-06
2011-01-13,0.003269421698313776,0.006969369347918031,0.0034792341601239674,0.0002430928895329476,-0.0016331118668340139,0.001291234647061695,4.1674654807088984e-06
2011-01-14,0.023089046562495507,0.04607164571036115,0.023030372341345418,0.00020564399285860624,0.007244988456265089,0.008983693080658064,4.1674654807088984e-06
2011-01-18,0.01408260228995809,0.029347527374235183,0.014651961683881165,0.0002803659710475248,0.0017012070913555721,0.0057080063697469785,1.6669966130145042e-05
2011-01-19,-0.024068608207064007,-0.050452709015263664,-0.025231666077540793,-0.00012145786813400061,-0.009805389918580043,-0.009955982037944445,4.445353332771518e-06
2011-01-20,0.001624994583398097,0.005137815673996737,0.002563596267089574,0.0002616333395626391,-0.0013253996398882029,0.0009350048239200936,4.445353332771518e-06
2011-01-21,-0.0042982305209249925,-0.010366404223077108,-0.005188513681447682,-0.00025222330169638596,0.002263985762236853,-0.0020769132079200654,4.445353332771518e-06
2011-01-24,0.009304436155783328,0.023373494701154796,0.011670812670492303,0.0037749600545686768,0.005686719314167421,0.004558781750814094,1.3336119282003622e-05
2011-01-25,0.004088587210200917,0.010588807963274549,0.005289092411728591,0.0005585292064229641,0.000542411444344193,0.002020899912711185,4.445353332771518e-06
2011-01-26,0.014215500130175574,0.033990140839821326,0.016989758850001646,0.003042284969995812,0.0038708442464903126,0.0066174794089011715,4.445353332771518e-06
2011-01-27,0.007440472069581725,0.017265646860859185,0.008627511860520576,0.0009460913441918795,0.0024676762777060546,0.0033210671942069466,4.445353332771518e-06
2011-01-28,-0.046047930658693656,-0.10196310629596428,-0.05098700366181719,-0.010054302500139167,-0.017462712948740133,-0.02004943342417154,4.1674654807088984e-06
2011-01-31,0.0031349419701080447,0.012966870177602008,0.006467083573347576,0.004699098559379999,0.007516371038897907,0.002463653613199171,1.250244854578142e-05
2011-02-01,0.01480801112534938,0.05147041597319357,0.02572975747276174,0.007816940119816262,0.01600848820421419,0.010046404102979021,4.1674654807088984e-06
2011-02-02,-0.00045840742325979286,-0.0013643767586589695,-0.0006876388931643662,-0.0002680965147452419,-0.0019117965875491416,-0.0003406793545136412,4.1674654807088984e-06
2011-02-03,0.003858739200898995,0.014139644482426439,0.007064510671304092,0.0014518082873284932,0.0022222492665675553,0.0027310826344415667,4.445353332771518e-06
2011-02-04,0.0070332712182377966,0.025649086268916932,0.012818953680249434,0.001569742746865277,0.0028289279071058715,0.0049788908141292785,3.889584732963414e-06
2011-02-07,0.005422974384853812,0.01985780379593982,0.009912550382516816,0.001336799793487442,0.006252389172294093,0.0038558813737521354,1.250244854578142e-05
2011-02-08,0.003048734593705451,0.01135634794085183,0.005672862400516898,0.0011600821264490246,0.004546522187753421,0.0021704652383705367,4.445353332771518e-06
2011-02-09,-0.0006687235577197538,-0.002132189024832476,-0.001071545026251175,-0.0002299083125649748,-0.00226266917326301,-0.00046963427950101817,4.1674654807088984e-06
2011-02-10,-0.000845098244441057,-0.0028155118529750167,-0.0014133453806963736,0.00046912081240679804,0.0003780427310626777,-0.0005974716798172416,3.889584732963414e-06
2011-02-11,0.003884357147354345,0.01420073118054721,0.007094498265972415,0.000551648048545017,0.005970362167840193,0.0027388828517542606,3.3338445484254464e-06
2011-02-14,0.00302422306045387,0.01078985528505183,0.005377325686294121,0.0003583735354928397,0.002404054166501135,0.002081760969101893,1.0001566988826482e-05
2011-02-15,-0.0033666545211563825,-0.011422575940112312,-0.005717016361087124,9.18577307462698e-06,-0.003148102114453155,-0.0022918440781447896,3.6117110888689297e-06
2011-02-16,-0.004207633222210073,-0.01388379010274643,-0.006947623442404072,0.0001928994626370084,0.006315710089871862,-0.0027767573902811402,3.6117110888689297e-06
2011-02-17,-0.002665913990938135,-0.008635802994455544,-0.004323768821528962,0.0002755175137301169,0.0029882661275697497,-0.001748367050152495,3.3338445484254464e-06
2011-02-18,-0.0027493594244904444,-0.008109284143872797,-0.004060926174739632,-0.0003029857872123287,0.0020853669291980292,-0.0016417365737967297,2.5002875438939753e-06
2011-02-22,-0.0416897568753804,-0.12954859733394875,-0.06479887936456918,-0.01361094018349962,-0.020069652475775412,-0.025426731088597943,1.1112577412930591e-05
2011-02-23,-0.011876922450585964,-0.05032474622617622,-0.0251682404373893,-0.004143350620571584,-0.006144200234993513,-0.009977516566805471,3.3338445484254464e-06
2011-02-24,0.0033858518350752473,0.015523212599159786,0.007755738975278703,0.0002337409775983179,-0.0006869690900731529,0.002980908887270124,3.3338445484254464e-06
2011-02-25,0.015569996797668066,0.070037174255827,0.035012858736882535,0.009020293323113604,0.01069268754328645,0.01368912551976178,3.6117110888689297e-06
2011-02-28,0.009348729583252238,0.044404172792594565,0.022184901242771282,0.004733848405684249,0.00619640729751314,0.008646836942807575,1.083517240019205e-05
2011-03-01,-0.01844386651720269,-0.0888979151956324,-0.044454408111651134,-0.012493430576173026,-0.016672660279317464,-0.01749948767006795,4.1674654807088984e-06
2011-03-02,0.0009079516449683781,0.004631769475359038,0.002310295283470598,0.002044779742675251,0.002138629628100075,0.0008209371641279609,3.889584732963414e-06
2011-03-03,0.011315046005093116,0.05318170301504055,0.026585123116489306,0.013166109149187921,0.017224121322846564,0.010388415150383887,3.6117110888689297e-06
2011-03-04,-0.0043700538710528085,-0.02014757132010192,-0.010079514051081762,-0.004543197160041812,-0.007492501850251521,-0.0040214430522218635,3.6117110888689297e-06
2011-03-07,-0.008027413125658144,-0.03765011374965421,-0.018842658831058623,-0.00589430894308951,-0.007850737428793386,-0.00741432132511134,1.0001566988826482e-05
2011-03-08,0.0044354397425803,0.02144520075525702,0.01071659412360848,0.007323283953829973,0.008750174934671895,0.004146507381758582,3.05598511096683e-06
2011-03-09,-0.0045720675341471215,-0.02143495059745848,-0.010723481552749048,-0.0005351047144571686,-0.001433127658590494,-0.004254163088968657,3.05598511096683e-06
2011-03-10,-0.009486542014991597,-0.044538099219177285,-0.0222751947897758,-0.016200199387069292,-0.018506014276228666,-0.008783652236267557,2.778132776271036e-06
2011-03-11,0.00637705007840475,0.03078277307094157,0.015384963513602301,0.007393715341959428,0.006926170252198549,0.0059762808407533615,2.222449413613603e-06
2011-03-14,-0.0025388008746682223,-0.012201548697596931,-0.006120043406995346,-0.005327620733013627,-0.006037667436649241,-0.0024287721619799417,6.667363058321385e-06
2011-03-15,-0.011524487210863243,-0.05581326171696921,-0.027912914961288116,-0.01110559680877976,-0.011457287239970526,-0.01098888250711181,2.5002875438939753e-06
2011-03-16,-0.012568909013528546,-0.0618678968679538,-0.030940093614164166,-0.019080174609637512,-0.01851264912318007,-0.012184275305357456,2.778132776271036e-06
2011-03-17,-0.0004470442570605405,0.03007418203614365,0.015030945837884557,0.012848482508301728,0.01323516842511352,0.005845851170342586,2.778132776271036e-06
2011-03-18,0.005948992412047067,0.03289862464618176,0.016442889301222285,0.009263936410510487,0.003637069460998399,0.006413708833790498,2.222449413613603e-06
2011-03-21,0.01379958660185671,0.07267346044088097,0.03631704441396422,0.010227111761650587,0.0154976404850391,0.01422790860156821,5.833866499216356e-06
2011-03-22,-0.0003987909217933264,0.0042030799669998675,0.002095394803312667,-0.0005889061302323251,-0.003468154409929314,0.0007588186405806431,2.778132776271036e-06
2011-03-23,0.007192594603392697,0.04292191192378492,0.02145481078170519,0.002263480334845358,0.002861691539823852,0.008388661160049233,2.778132776271036e-06
2011-03-24,0.00531695491725009,0.02645366655793291,0.013220549176162999,0.004059464150732328,0.009563258760075133,0.005134886585636062,2.5002875438939753e-06
2011-03-25,0.0014329182799197593,0.007073816878858219,0.003530624336625765,0.0013848613279798805,0.0030556208155605447,0.0013425913354451749,2.5002875438939753e-06
2011-03-28,-0.005645941790557752,-0.02658367224468139,-0.013310688421374062,-0.000900307218236307,-0.0024374005583026603,-0.005228556859810008,7.500881385791303e-06
2011-03-29,0.007068265772002464,0.03196606968374116,0.01597702858785066,0.0030285013563227103,0.006718980671517549,0.006225560749227126,3.05598511096683e-06
2011-03-30,0.0033989302592817646,0.015358046051863194,0.007672877845744441,0.0020376030378810306,0.0069013671359892115,0.0029638360635913493,2.778132776271036e-06
2011-03-31,-0.0010681584347423914,-0.0036544817003715258,-0.0018333860303729743,0.00012015897957295962,-0.0013559942407554981,-0.0007555429310222565,2.778132776271036e-06
2011-04-01,0.0031524077083488825,0.012453026473686402,0.006220229134039856,0.0011552359916082722,0.004223479639412053,0.002410280826376327,2.5002875438939753e-06
2011-04-04,0.00430402119544078,0.016233755446504627,0.008097191916775603,0.0003969426187135916,0.0008265323110097089,0.0031632226281001125,5.833866499216356e-06
2011-04-05,0.001616139877596158,0.006199349340184845,0.0030929738207456925,0.0008212529182161088,-0.0001501203591293132,0.0011746165883579154,1.6667944573445226e-06
2011-04-06,0.0010660884406033847,0.004065419618911159,0.00202614787207267,0.0005070993914808586,0.0031521746722975585,0.0007622916016723503,1.9446183847637855e-06
2011-04-07,-0.002183523154703253,-0.0075217311569998335,-0.0037675664278464804,-0.00023038289637378195,-0.0025435103797550873,-0.0015090449835618342,1.6667944573445226e-06
2011-04-08,-0.004186914346074647,-0.014433117351856817,-0.0072235373385513,-0.00023043598488337036,-0.003450538133220382,-0.002866414553367714,1.1111679050213041e-06
2011-04-11,0.00313695442557436,0.010544440307640457,0.005251284167804071,0.0005900520905359752,-0.003010617947618588,0.0020449910908105703,3.3335074194340564e-06
2011-04-12,-0.004106559957010148,-0.013163165216313333,-0.006588422365916613,-0.000267209685890335,-0.007473910442871823,-0.0026184469592546475,1.3889776309117252e-06
2011-04-13,0.0053596981149394455,0.017698392824044173,0.00884235665426214,0.0007649769585251764,-7.627243661811889e-05,0.0034331033829460575,1.3889776309117252e-06
2011-04-14,0.003810132334183139,0.011551934513664985,0.0057692664074859845,0.00023944816407728275,0.0007603465133834142,0.0022246688605276894,1.6667944573445226e-06
2011-04-15,0.012171822054450372,0.02903940499709523,0.014513140561164706,0.0005248183852168964,0.003648761640711262,0.005657654518850789,1.9446183847637855e-06
2011-04-18,-0.012316200656482356,-0.028429360283258598,-0.014234365948105787,-0.0051718108700054,-0.011208595133374688,-0.005606065301281278,5.833866499216356e-06
2011-04-19,0.022246497303412962,0.055133251485706136,0.027560063805470048,0.004125656774957465,0.005744361722937574,0.010764918133814068,1.9446183847637855e-06
2011-04-20,0.021967543216829255,0.049702900388375326,0.024844749344841155,0.005647167204053449,0.013631909334610448,0.009666499126412624,1.6667944573445226e-06
2011-04-21,-0.0011478996960000319,0.01393961205914418,0.006963105180225249,0.0026932202302976105,0.0051089504414738585,0.002654059036462925,1.6667944573445226e-06
2011-04-25,6.667194498932716e-06,0.024401272090674775,0.012173832656285466,-0.00013704011620985224,-0.0010465336434384298,0.00475358885429094,6.667194498932716e-06
2011-04-26,0.003299076750973493,0.010615845890978859,0.00530136100810652,0.0023391385391349218,0.008605243496849768,0.002016651090211983,1.9446183847637855e-06
2011-04-27,0.008058385617278752,0.018698232179637397,0.0093425541524359,0.0016135207569873966,0.006528686715621568,0.003610302851912397,1.9446183847637855e-06
2011-04-28,0.007230363677253647,0.015789850048475662,0.00788822417489099,0.0014106939704208177,0.0032430221913004598,0.003033399833226028,1.6667944573445226e-06
2011-04-29,0.0011958683707753136,0.002859142389009639,0.0014225925318820387,0.00019994546941748403,0.002351338498337352,0.0004986406171056603,1.1111679050213041e-06
2011-05-02,-0.014516338381541812,-0.029756401434397284,-0.014899136703214966,-7.269290880662638e-05,-0.0015397487108977925,-0.005871990323822943,3.3335074194340564e-06
2011-05-03,-0.012531262386072252,-0.027523470320946042,-0.013768574918232912,-0.0005724982734179873,-0.0035974058594804292,-0.0054652879873958796,1.3889776309117252e-06
2011-05-04,-0.005335825338063089,-0.012281632076059257,-0.006147933601965194,-0.0010638201143832182,-0.006629980005582903,-0.0024733705864013653,8.333652794512147e-07
2011-05-05,-0.006636480073813612,-0.015860267205800693,-0.007937251166835968,-0.00320396126119582,-0.009048483748631098,-0.0031645194194927484,8.333652794512147e-07
2011-05-06,0.004193356420935139,0.010809258450152015,0.005397372763377373,0.0014518956826650165,0.004415414147121766,0.002063971345227251,5.555697535353232e-07
2011-05-09,0.014610799417635628,0.03666659609586009,0.01831152866329755,0.0028813451140228263,0.0038749712339520848,0.007152464282819992,1.6667101867540168e-06
2011-05-10,0.014597713471612607,0.03784805006605407,0.01891690746909158,0.0022002600307309272,0.008536110401906383,0.007349913041570865,8.333652794512147e-07
2011-05-11,-0.010450853827390512,-0.0268073406302185,-0.013410787879044928,-0.001923268831251157,-0.01052458605614981,-0.005330799252143182,8.333652794512147e-07
2011-05-12,0.006821641364118956,0.019186340249966127,0.009586052561047609,0.0017179163220228943,0.0047604971634800375,0.003696866986323226,8.333652794512147e-07
2011-05-13,-0.0075976864741130815,-0.02012084348085208,-0.01006767820212473,-0.0013247917536250986,-0.007699378337709173,-0.004007006584822573,5.555697535353232e-07
2011-05-16,-0.008446716314035072,-0.023136177356294363,-0.011589441368912379,-0.0006087588588041815,-0.006341012390847833,-0.004581310399853363,2.5000979217981723e-06
2011-05-17,0.0061702921142065,0.018113196631567297,0.009049619653160645,0.0010000636404134955,-0.00015034953449122312,0.0034914258199072895,1.1111679050213041e-06
2011-05-18,0.012140350506776252,0.03472348315530516,0.017354762915029687,0.002325095592308868,0.008935832652112286,0.0067507270591008394,1.1111679050213041e-06
2011-05-19,0.007516314148667326,0.02129038555744489,0.01063835302096261,0.0004621281454162407,0.0023816661757001256,0.004104085833323936,1.3889776309117252e-06
2011-05-20,-0.008962673063260236,-0.022437955466701465,-0.011225817491110623,-0.001104972375690405,-0.007944421521056344,-0.00446275826235258,1.3889776309117252e-06
2011-05-23,-0.010600700177777124,-0.025622847011300576,-0.012831942776035943,-0.005875525895836398,-0.011601116803920286,-0.005069462052576508,4.166938680771892e-06
2011-05-24,0.004622592957426472,0.0120665027214919,0.00602655051139922,0.00027362276541409436,-0.0008329752721832895,0.002304536757421326,1.6667944573445226e-06
2011-05-25,0.006818829550624095,0.017193984317152466,0.008590291309229725,0.0026898878453542885,0.0033346787937089672,0.0033180461468965,1.6667944573445226e-06
2011-05-26,0.01102377980334362,0.027746395588764017,0.0138664969450355,0.0034829263856681614,0.0046076640749452835,0.005383211980129315,1.6667944573445226e-06
2011-05-27,0.007075100650047222,0.018233215203446562,0.009109767843963334,0.002446804654366197,0.0038344617129826286,0.0035092136088748153,1.3889776309117252e-06
2011-05-31,0.011481315650316246,0.029373029218822566,0.014659155584159755,0.005107667829828744,0.010411318944714809,0.005723948345034458,5.555922099498289e-06
2011-06-01,-0.0265708944473742,-0.06921865534688831,-0.034616028522790776,-0.01197125459827486,-0.022461512576764542,-0.013642260870534672,1.6667944573445226e-06
2011-06-02,0.0027697267928544953,0.00934684211051362,0.0046665812974970855,-0.0007282525579870303,-0.0010613884107859572,0.0017425815790810795,1.3889776309117252e-06
2011-06-03,-0.0023281899264824242,-0.006510188996941002,-0.003262073161093282,-0.006477061545749452,-0.009944166622224193,-0.0013293051964871985,1.1111679050213041e-06
2011-06-06,-0.0008893724666109938,-0.011665904187944887,-0.005853888079988767,-0.008729059883918144,-0.010581637878737005,-0.0023216370836321664,3.3335074194340564e-06
2011-06-07,0.0032385860947353995,0.012305003252155222,0.0061456618683177755,-0.0004994958791589843,-0.000619731391306666,0.0023606415588676615,1.3889776309117252e-06
2011-06-08,-0.0046595748143248555,-0.01331727967016949,-0.006665479592844803,-0.0037018185183471664,-0.004187546391304586,-0.0026647658920995417,1.3889776309117252e-06
2011-06-09,0.01070731356065231,0.03059720859696391,0.015291625635859063,0.007431145789791538,0.007631342148507025,0.005946733365122289,1.1111679050213041e-06
2011-06-10,-0.013263253892748638,-0.03656463861135251,-0.0182891590634362,-0.013784518924899736,-0.013910381306006636,-0.007235137658372982,1.3889776309117252e-06
2011-06-13,-0.007816729532045857,-0.021939676062463498,-0.01099035730161757,0.0011499626028421694,0.0007836613202747422,-0.004351753288158214,4.166938680771892e-06
2011-06-14,0.014381819926374079,0.04146091170010502,0.020723616092292563,0.01293389240122167,0.012686203047898692,0.008073976572470212,1.3889776309117252e-06
2011-06-15,-0.0306647610678667,-0.09118143065707218,-0.04559755508629604,-0.018125161337906204,-0.017785407666867425,-0.01793936092652148,1.3889776309117252e-06
2011-06-16,-0.013409034001706448,-0.047839214894798365,-0.023926447205159018,0.002413100223469966,0.0022042235971602153,-0.009462257273453055,1.3889776309117252e-06
2011-06-17,0.00573410755330684,0.021954924003275256,0.010970622243877681,0.007353010050675124,0.0029841763185955994,0.004250653819568715,1.3889776309117252e-06
2011-06-20,0.012244935342182364,0.045492142247805845,0.022725135137886765,0.004286617570482765,0.0051160068184161744,0.00889573226356161,3.3335074194340564e-06
2011-06-21,0.005952868604151067,0.023059471050943525,0.011522617961536419,0.006036757557520422,0.013703887969581219,0.004464206284616669,8.333652794512147e-07
2011-06-22,-0.004442117798469718,-0.016908112360580763,-0.008461173744225947,-0.0014265072659837008,-0.006025357797448061,-0.00336171498918456,8.333652794512147e-07
2011-06-23,0.005188842381604355,0.020085520487895803,0.010035503782249267,-0.0011520524967281176,-0.0028755362946778495,0.003897105687395681,5.555697535353232e-07
2011-06-24,-0.013850248769804677,-0.05313680167810053,-0.026575796194962087,-0.00612676121317246,-0.011613397265256342,-0.010465183675889273,2.777813272736296e-07
2011-06-27,0.005571347441958353,0.02267154048478881,0.011314000857761908,0.004966902787964189,0.008910981824109987,0.00440051816233152,1.6667101867540168e-06
2011-06-28,0.011867583308453718,0.0475539307141668,0.023769708895384767,0.006577488729583747,0.013053246160693144,0.009280909807769605,5.555697535353232e-07
2011-06-29,0.011391403193754679,0.0473322681165409,0.023659016494334884,0.0037995594713657876,0.008563887872790055,0.009219841449499262,8.333652794512147e-07
2011-06-30,0.00878461011815423,0.03746219064259804,0.018723838859600272,0.0025600234059282023,0.009562174857335348,0.007281046151536447,5.555697535353232e-07
2011-07-01,0.01051156970548945,0.04248785255087828,0.021236808711503352,0.0014956134751127337,0.014776435334381999,0.008270443103664924,8.333652794512147e-07
2011-07-05,-0.0012086048597882103,-0.004790792005127997,-0.002424421848432168,0.00041887486568681354,-0.0008215922992657054,-0.000983393124589991,2.2222808662153426e-06
2011-07-06,-0.003812452852409343,-0.015406494576496899,-0.007710503749946973,1.8204325347603856e-05,0.0011957080132678488,-0.0030629655637778464,5.555697535353232e-07
2011-07-07,0.0067176254776462946,0.027837855939887746,0.013911532614031996,0.0005734258096226075,0.010375600206165014,0.005410924441370799,2.777813272736296e-07
2011-07-08,-0.005372893468747643,-0.02196179640606155,-0.010988015766966508,0.0,-0.007091948137554316,-0.004363772082111477,8.333652794512147e-07
2011-07-11,-0.0006370743493698423,-0.08197844368815066,-0.04101057453484058,-0.0010552265553219753,-0.018080862565646783,-0.016112128202464836,2.5000979217981723e-06
2011-07-12,-0.0060984958294548995,-0.025148838061653467,-0.012581536594762355,6.374472967674016e-05,-0.004318974330184355,-0.005015195589854246,8.333652794512147e-07
2011-07-13,-0.001190741814603221,-0.005161675948642808,-0.0025879555382569697,0.0008832635221271978,0.0033484865536483888,-0.0010601635945943217,8.333652794512147e-07
2011-07-14,-0.006993366007534893,-0.03124769478720857,-0.015631242749515883,0.0003093243083416297,-0.006902503655943915,-0.006164411491223799,2.777813272736296e-07
2011-07-15,0.004920890396600745,0.02205772247269322,0.011021465880434844,0.0023828796463880586,0.005804602885272292,0.00427550293916485,2.777813272736296e-07
2011-07-18,-0.010472994556936158,-0.0405466761427572,-0.020295107456011263,-0.003901536116429294,-0.008200791676979069,-0.007981528479748838,1.6667101867540168e-06
2011-07-19,0.015663633186656492,0.06075896746336529,0.03037222726998423,0.007952050863977211,0.016231541559192042,0.011860291561042223,5.555697535353232e-07
2011-07-20,0.004900575581406646,0.020217011620871528,0.010101388246499976,-3.614806246377e-05,-0.0006027561124526404,0.0038868543608325326,8.333652794512147e-07
2011-07-21,0.012842137237898857,0.051295101495323125,0.025640294285962817,0.005178397136969881,0.013871451586022987,0.010003762894099206,5.555697535353232e-07
2011-07-22,0.001298130275173924,0.0056339491125461105,0.0028101347985132197,0.0007732074623509888,0.0006690598613099397,0.0010282460669536978,1.3889776309117252e-06
2011-07-25,-0.013315738570147416,-0.05389784481040805,-0.026969441675589678,-0.002317830223428019,-0.005573028899066856,-0.010600818878213982,4.166938680771892e-06
2011-07-26,-0.00396465487433815,-0.016412260578600457,-0.00821297004706023,-0.0010805651355659807,-0.0037365216492573072,-0.003292259191865092,1.3889776309117252e-06
2011-07-27,-0.018520284374485996,-0.07536460853797577,-0.0376888662063708,-0.009618418324574107,-0.020474910002755253,-0.0148290846140287,1.9446183847637855e-06
2011-07-28,-0.0003611315537662404,-0.000967817269264537,-0.0004903316565006977,-0.0015655434802396284,-0.0029098241219402965,-0.0002682496115797281,2.222449413613603e-06
2011-07-29,0.003970440222389261,0.017312728721020187,0.008649802423127184,-0.005059529235874272,-0.006834512018304317,0.0033577989286710267,1.9446183847637855e-06
2011-08-01,0.004944605394947669,0.020750456086093605,0.010356792514061963,0.0008337991002298484,-0.004252831621423536,0.004041469109037343,8.334421482736332e-06
2011-08-02,-0.01802745690788236,-0.07313999369267954,-0.036576142026527036,-0.018190973175867375,-0.025547021933150282,-0.014392579888748187,2.778132776271036e-06
2011-08-03,0.0023025926927447127,0.010122694037105529,0.005054646169206034,0.005977080089143216,0.0054184593758781485,0.0019097662288260317,1.6667944573445226e-06
2011-08-04,-0.0004435598697710231,-0.21356443346915466,-0.10678947319627596,-0.04485373178599228,-0.04684160299996398,-0.04192552840622498,5.555697535353232e-07
2011-08-05,5.555697535353232e-07,-0.03246478668938391,-0.016239649806390477,-0.0009219273133097561,-0.0014969525613099943,-0.006492455760063898,5.555697535353232e-07
2011-08-08,8.333442131913671e-07,-0.19069123269291754,-0.09536780241407816,-0.06492472073822242,-0.06512309161943353,-0.03742510570500757,8.333442131913671e-07
2011-08-09,1.3889776309117252e-06,0.1611542484946693,0.0805702844895746,0.04665198512455082,0.046499064637790966,0.03149576710896467,1.3889776309117252e-06
2011-08-10,8.333652794512147e-07,-0.14577186052746816,-0.07289304782766992,-0.04449318657760759,-0.044177746471351864,-0.028679149029637648,8.333652794512147e-07
2011-08-11,5.555697535353232e-07,0.03473178118891318,0.017358634132758066,0.044955024201757565,0.04488397848066339,0.006725270123522926,5.555697535353232e-07
2011-08-12,8.333652794512147e-07,-0.005162130347037608,-0.0025881827374543143,0.007395479215124956,0.006732978541378554,-0.00105317105576873,8.333652794512147e-07
2011-08-15,1.6667101867540168e-06,0.04627614452933959,0.023116302880037187,0.02140193002190527,0.021165212145308088,0.009061811647793473,1.6667101867540168e-06
2011-08-16,5.555697535353232e-07,-0.009954858614449003,-0.004984685768923192,-0.009100130415881869,-0.008539310184494164,-0.0020015028810307115,5.555697535353232e-07
2011-08-17,8.333652794512147e-07,-0.039069610185161086,-0.01954192265651622,0.0009651662718259679,0.000668984101760195,-0.007689250464796157,8.333652794512147e-07
2011-08-18,2.777813272736296e-07,-0.19230132436414027,-0.09615805753798201,-0.04319580800997358,-0.04311846399953134,-0.03775201016437341,2.777813272736296e-07
2011-08-19,2.777813272736296e-07,-0.05750652743352358,-0.028760659072673667,-0.020786465384732833,-0.016330726496399106,-0.011363352655211047,2.777813272736296e-07
2011-08-22,1.6667101867540168e-06,-0.0314656799380546,-0.01575460935366002,0.002889963095795034,0.0007990217244087106,-0.006190907948744866,1.6667101867540168e-06
2011-08-23,2.777813272736296e-07,0.0541745525316093,0.027079880909892884,0.019342199371845004,0.0329104967417142,0.010598931855088941,2.777813272736296e-07
2011-08-24,2.777813272736296e-07,0.01939693945330556,0.009691074370741015,0.0063860726669988654,0.014084409475162207,0.003768484366943665,2.777813272736296e-07
2011-08-25,5.555697535353232e-07,-0.029559519300881854,-0.014787016112139617,-0.010094273848858748,-0.015244041024431776,-0.00582138224466417,5.555697535353232e-07
2011-08-26,2.777813272736296e-07,0.022103512882171383,0.011044361085174037,0.010472807447329924,0.014533959860267176,0.004307872536261123,2.777813272736296e-07
2011-08-29,8.333442131913671e-07,0.06049593504616424,0.030225781455462508,0.011162292664201878,0.028736419064758767,0.011854225203823033,8.333442131913671e-07
2011-08-30,5.555697535353232e-07,-0.02752783966632444,-0.013771176294860576,0.0014185955903653902,0.0026366624496041435,-0.005439993322886627,5.555697535353232e-07
2011-08-31,2.777813272736296e-07,0.02021312711440859,0.01009916820129253,0.0014465139014974149,0.004437467770825876,0.003935544908005024,2.777813272736296e-07
2011-09-01,5.555697535353232e-07,-0.016173054143167498,-0.008093783533282384,-0.0010061163907317816,-0.010472851224926027,-0.0031982643551800843,5.555697535353232e-07
2011-09-02,5.555697535353232e-07,-0.05890675690504532,-0.02946063491422113,-0.005643914842698328,-0.025549584283533044,-0.011577524398818078,5.555697535353232e-07
2011-09-06,2.2222808662153426e-06,-0.03047920279649674,-0.015268627244116484,-0.002085861270169187,-0.007297633761433997,-0.005992358265205021,2.2222808662153426e-06
2011-09-07,5.555697535353232e-07,0.05171301874232559,0.02584925290946405,0.010491302469073815,0.028207743563522403,0.010114983992220591,5.555697535353232e-07
2011-09-08,5.555697535353232e-07,-0.026816946935769304,-0.013415729929583176,-0.0011038735020634238,-0.010391367357680537,-0.005295603344728004,5.555697535353232e-07
2011-09-09,5.555697535353232e-07,-0.08850963598945238,-0.04426207445642483,-0.010433674485285316,-0.02620967016710607,-0.017385644732799854,5.555697535353232e-07
2011-09-12,8.333442131913671e-07,-0.007984600594894142,-0.004014486365066516,0.007434906837297195,0.0064701368782253965,-0.0015960285961280339,8.333442131913671e-07
2011-09-13,2.777813272736296e-07,0.0010089519888454301,0.0004970806385111715,0.006311479502671302,0.009170598672980423,0.00017991301347153936,2.777813272736296e-07
2011-09-14,2.777813272736296e-07,0.035490067818774174,0.01773763855347532,0.0035924459396430297,0.013844410508182303,0.006944904474361457,2.777813272736296e-07
2011-09-15,2.777813272736296e-07,0.04990268541935139,0.024943947353763818,0.0010283894827398665,0.017257046935467146,0.009758415584973822,2.777813272736296e-07
2011-09-16,2.777813272736296e-07,0.023138928331135178,0.011562068809655823,0.0024596722412653094,0.005918718874097673,0.004502443537221013,2.777813272736296e-07
2011-09-19,8.333442131913671e-07,-0.04038209208709287,-0.02021323211116588,-0.0033010780236889525,-0.009957283418813523,-0.007931564525230054,8.333442131913671e-07
2011-09-20,2.777813272736296e-07,0.004554486448510531,0.0022698478683436107,-3.9546402760382016e-05,-0.0011636965861249182,0.0008616072092995951,2.777813272736296e-07
2011-09-21,2.777813272736296e-07,-0.08501394675979967,-0.0425143687358116,-0.018488674451024756,-0.02945821520607672,-0.016697465478546253,2.777813272736296e-07
2011-09-22,2.777813272736296e-07,-0.07745606335875221,-0.03873542703528776,-0.023611656744532805,-0.0323242926520656,-0.015238045862072785,2.777813272736296e-07
2011-09-23,0.0,-0.013363351600559903,-0.006689210046855409,0.004126731937810213,0.006025161384332511,-0.0026633109044219114,0.0
2011-09-26,8.333442131913671e-07,0.039765586506390393,0.019860607185575807,0.019213184148609397,0.023780050414027976,0.0077918655502159425,8.333442131913671e-07
2011-09-27,5.555697535353232e-07,0.01837179882983464,0.009178642953218796,0.0078024980090525276,0.011183701681590774,0.0035714394802478368,5.555697535353232e-07
2011-09-28,2.777813272736296e-07,-0.06817921976182739,-0.03409700523682535,-0.01430386204275158,-0.020418466721103812,-0.013397346888770607,2.777813272736296e-07
2011-09-29,5.555697535353232e-07,0.021301066015716463,0.01064327654615993,0.007367342175497171,0.0079032355486508,0.004138184546537284,5.555697535353232e-07
2011-09-30,5.555697535353232e-07,-0.08456039921873071,-0.04228745607106388,-0.01967381559197745,-0.024988870207626634,-0.01660971026548673,5.555697535353232e-07
2011-10-03,1.6667101867540168e-06,-0.07091889853212541,-0.03548121865069531,-0.02380903448559324,-0.02845788416659556,-0.013934232850461794,1.6667101867540168e-06
2011-10-04,5.555697535353232e-07,0.0799170846664079,0.039951285871505204,0.021831808755881754,0.021922699146662117,0.0156376342725946,5.555697535353232e-07
2011-10-05,2.777813272736296e-07,0.05256151708198531,0.02627336318508089,0.015946761715410096,0.018515520167964095,0.010266592727987942,2.777813272736296e-07
2011-10-06,0.0,0.013111199114877348,0.006548065310863382,0.01512862372111412,0.018091132051653025,0.002535694403888127,0.0
2011-10-07,2.777813272736296e-07,-0.0019451054666073109,-0.000979948089215421,-0.004045428665607864,-0.006695939182563726,-0.0004050225740520837,2.777813272736296e-07
2011-10-10,8.333442131913671e-07,0.07171797812359637,0.03583680299417846,0.02577526377020889,0.033445875831439986,0.014060749999218464,8.333442131913671e-07
2011-10-11,2.777813272736296e-07,0.0048212334790740385,0.0024032213836255867,0.0024247638788399417,0.001003531373300337,0.0008995070891584858,2.777813272736296e-07
2011-10-12,5.555697535353232e-07,0.06218579149060588,0.031085639283604083,0.00635936250316993,0.008771868840258712,0.012172935848079379,5.555697535353232e-07
2011-10-13,5.555697535353232e-07,0.007239747692932674,0.0036126173847677023,0.000591211304735717,-0.001987533468094549,0.0013735008978041177,5.555697535353232e-07
2011-10-14,5.555697535353232e-07,0.06139647177356955,0.03069097942508625,0.007962107343155056,0.017093862514652614,0.01201466389379158,5.555697535353232e-07
2011-10-17,-0.02249407479569471,-0.1254920754535349,-0.06276780711140006,-0.007015116133806121,-0.019090891235604923,-0.02464409200047342,1.6667101867540168e-06
2011-10-18,-0.0003275798353497492,0.059184117293646255,0.029585079984200346,0.0087485846454598,0.01954575264459324,0.011537133914946006,1.1111679050213041e-06
2011-10-19,-0.014533408929267253,-0.09197135900443276,-0.04599265816483933,-0.002417614045186367,-0.011829281913788847,-0.018081937909773384,1.1111679050213041e-06
2011-10-20,-0.00025338232235610044,-0.007076318935794079,-0.0035452770318328275,0.005895194406778215,0.004375869195182958,-0.0014415620828234664,8.333652794512147e-07
2011-10-21,8.333652794512147e-07,0.071023087719841,0.03550442629598494,0.002428391143064701,0.0189869475016593,0.013905557182510563,8.333652794512147e-07
2011-10-24,1.6667101867540168e-06,0.05553484045913848,0.027745650844936298,0.008383404864091615,0.012261640371192817,0.010855576929680383,1.6667101867540168e-06
2011-10-25,-0.012712153533779797,-0.08119977195583006,-0.04060714243961361,-0.00996888270956875,-0.019444170108107506,-0.015971099994361665,5.555697535353232e-07
2011-10-26,-0.00027854539803692313,0.05292523734107912,0.026455223314627796,0.00693575352280873,0.010158498337645483,0.010324328189544065,2.777813272736296e-07
2011-10-27,0.019160028169142636,0.1338061464852549,0.06689581678092882,0.013908786444151389,0.03483491022817753,0.026193233175418173,5.555697535353232e-07
2011-10-28,-0.00023735502151772005,0.0020740834663881547,0.0010297852714957756,0.0015907623494622047,-0.0002325961652286379,0.00031786305117432833,5.555697535353232e-07
2011-10-31,-0.017647453499316252,-0.12640970199424373,-0.06322703706474131,-0.009193082765772465,-0.024106189599037986,-0.02480795858208251,8.333442131913671e-07
2011-11-01,-0.016114122912423604,-0.12253992326500629,-0.061277356988414855,-0.015841136035755654,-0.027888595602536093,-0.024106048271185874,2.777813272736296e-07
2011-11-02,-0.00023750908417698695,0.03217188043701258,0.016078544862594635,0.010270855489446618,0.016311389193697456,0.006240114117093508,2.777813272736296e-07
2011-11-03,2.777813272736296e-07,0.045135869816206764,0.022560539552191505,0.01016643747925472,0.018227694327584976,0.008815796867848466,2.777813272736296e-07
2011-11-04,-0.00253331856288824,-0.018078806749243892,-0.00904679873053349,-0.0015678248542486672,-0.006099196893824321,-0.0035883266167895792,2.777813272736296e-07
2011-11-07,-0.0002150981430640318,0.005483359674947508,0.0027194937698544752,0.004362952515279739,0.006216287977208745,0.001058455774444047,8.333442131913671e-07
2011-11-08,0.0066821953016174655,0.05434896549753332,0.027167087392854894,0.0055704308423987214,0.012830320854532395,0.010631577998307992,2.777813272736296e-07
2011-11-09,-0.00017538617263159392,-0.2005632552510649,-0.10028902298144404,-0.017596290813618798,-0.03690948648654513,-0.0393813802993602,2.777813272736296e-07
2011-11-10,2.777813272736296e-07,0.06339941482797506,0.031692312058075656,0.007752158379059626,0.009418876105657947,0.012335725478638617,2.777813272736296e-07
2011-11-11,0.004684209565819171,0.044392008944768024,0.022188609116472247,0.009385256307776313,0.018822470395847946,0.008658608286115048,2.777813272736296e-07
2011-11-14,-0.002056604716536208,-0.018744690203695846,-0.009394531169467424,-0.0009409791773419274,-0.009474439287632586,-0.0037030247357571038,8.333442131913671e-07
2011-11-15,0.0001608698408852799,0.0015857462540305178,0.0007854777711036043,0.0029001995635713484,0.004941842560348686,0.0002794367361535008,2.777813272736296e-07
2011-11-16,-0.007431950736141371,-0.06355462382948873,-0.031784707270656076,-0.0035798967873914567,-0.015862905721871434,-0.012484672485779997,2.777813272736296e-07
2011-11-17,-0.003953710601008104,-0.03362284069772392,-0.016818815704773837,-0.0069802164986935145,-0.015876989005001674,-0.006634285732196048,2.777813272736296e-07
2011-11-18,-0.00018599226909807526,0.040121243572399434,0.020053365324501415,0.0048114874262301655,-0.0010647627069538812,0.007840366613685512,5.555697535353232e-07
2011-11-21,-0.002389979764275251,-0.0185574737535934,-0.009300922944416312,-0.009623657925255324,-0.01901925559833817,-0.0036564256306415893,8.333442131913671e-07
2011-11-22,0.0022788771984301793,0.018798325672201077,0.009391906374401904,-0.0009443316492752096,-0.003928070240800774,0.0036633788643585363,5.555697535353232e-07
2011-11-23,-0.004864890180460878,-0.03924710829723388,-0.019630810610315463,-0.015293728437071774,-0.02206557141319454,-0.007721367977570911,5.555697535353232e-07
2011-11-25,-0.0030307778626163504,-0.023996306439000303,-0.01201266614274299,0.0017470266949517477,-0.0018869521774362852,-0.004728380449175325,1.1111398157126473e-06
2011-11-28,0.008527826139586742,0.06666107994919046,0.03330877058996262,0.02036240285936053,0.02896605248271511,0.013065263781432468,1.6667101867540168e-06
2011-11-29,0.0024925779057157547,0.018387593225629217,0.009186679048879043,0.002901844408549792,0.0028405698320128625,0.0035651099303954446,8.333652794512147e-07
2011-11-30,0.011707002369782997,0.08539364533625982,0.04268956620643127,0.021387169571039255,0.04114949766108822,0.01672299414844831,5.555697535353232e-07
2011-12-01,-0.00021422663576572195,0.019512802742175817,0.009749006015176143,0.00020169238244549526,-0.00015994981792433194,0.0037726937537700903,2.777813272736296e-07
2011-12-02,0.0006117967741477133,0.005796084739840612,0.0028906470140084295,0.00033914151367087086,-0.0008804196524316854,0.0011081610817369138,2.777813272736296e-07
2011-12-05,-0.00026467551975179436,0.003356912312143079,0.001656686771438931,0.004233250256560739,0.010892118775247761,0.0006508593905660046,1.6667101867540168e-06
2011-12-06,2.777813272736296e-07,-0.009503394457316627,-0.00475909258457019,0.0011952772860817085,0.0003174102338898699,-0.0018860647375826818,2.777813272736296e-07
2011-12-07,-0.0034630450098427795,-0.020170936707961884,-0.010092863709892597,0.00020960730527019855,0.0037221881425733017,-0.003980262742641336,2.777813272736296e-07
2011-12-08,-0.00803322160871486,-0.05091582771654102,-0.025465170319969088,-0.005822217362781434,-0.02193613054064969,-0.010013227833367019,5.555697535353232e-07
2011-12-09,0.013478210321135569,0.08528390621233695,0.04263455775025671,0.008844042414744235,0.016942116294287324,0.01668715239312075,2.777813272736296e-07
2011-12-12,-0.003993482357597014,-0.01764892021886455,-0.008846646177051665,-0.001562528388960538,-0.014597529884573746,-0.003500620772384338,8.333442131913671e-07
2011-12-13,0.002079213603406103,0.009293232107608018,0.004639220697892021,-0.001273815806234313,-0.00933885682432134,0.0017954724340625576,2.777813272736296e-07
2011-12-14,-0.0013016627681830576,-0.005437504426808015,-0.0027261475693156623,-0.0040085272306543684,-0.010645993542198084,-0.0010904191933325633,2.777813272736296e-07
2011-12-15,0.008855367788156815,0.03797004823671424,0.018977628762445464,0.0054698790772551575,0.003614301449211599,0.007424683424099895,2.777813272736296e-07
2011-12-16,0.0005578277664760946,0.002587111664954067,0.001286021585901631,0.004621374768021491,0.001482223974907937,0.00047071006750758497,0.0
2011-12-19,0.004275107120388607,0.017358832914204703,0.008656813717376366,-0.00517965807012466,-0.010691437255907377,0.0033967534266767132,0.0
2011-12-20,0.016295396737417377,0.06363923038647257,0.03181221983732452,0.016084107045330587,0.030260377076839484,0.012452163875125514,2.777813272736296e-07
2011-12-21,-0.00048123711798822447,0.0771760975063227,0.03858065339724992,0.00245460327698499,0.0019367213764043267,0.015069005688076391,2.777813272736296e-07
2011-12-22,2.777813272736296e-07,-0.023370440720593133,-0.011692615716208277,0.0034494776632916224,0.008858192960348843,-0.004657932150875914,2.777813272736296e-07
2011-12-23,2.777813272736296e-07,-0.022907186933111112,-0.011460988822467377,0.003437619671021741,0.008941201322256731,-0.004541215601912805,2.777813272736296e-07
2011-12-27,0.0016958848854045513,0.009192573665167236,0.004566705409167815,0.0010295279259451284,0.0007908907826095213,0.0017775411456458568,1.111125771835475e-06
2011-12-28,-0.01112820860224116,-0.04560053035287204,-0.022807521638134598,-0.003954286322247813,-0.013123128138706974,-0.008984181420251713,5.555697535353232e-07
2011-12-29,0.006089432537577589,0.025736487356246007,0.01286084832221146,0.003800859866658346,0.010333807168248166,0.004991102018536817,2.777813272736296e-07
2011-12-30,-0.006433282509308124,-0.02668061285640544,-0.013347562889901243,-0.0010286423694245705,-0.004915831854165775,-0.0052799453346778265,5.555697535353232e-07
2012-01-03,0.01601231191940194,0.06210129600110603,0.031021622154684625,0.005281658884726648,0.015935951212877164,0.012154201284665316,2.2222808662153426e-06
2012-01-04,0.0053049325382848,0.021844388635236633,0.010914937855919904,0.0011125926056743118,0.0015686289043734813,0.004216919190261352,5.555697535353232e-07
2012-01-05,0.004117735852268285,0.01705352891709011,0.00851950799684631,0.0014288864388092293,0.0026624772563526022,0.0032951369582120385,5.555697535353232e-07
2012-01-06,0.005770848762953611,0.02380462887103274,0.011895057973817735,0.0003346926552578733,-0.0025774450225664047,0.004620518361205653,5.555697535353232e-07
2012-01-09,0.0023125499119221776,0.009603026468481879,0.004779743849608442,0.0010565705480960474,0.0024276237731222228,0.0018465274551295067,1.6667101867540168e-06
2012-01-10,0.005189546663249396,0.02100029185119845,0.010492750569687459,0.0006332732310128097,0.008670542678280713,0.004072493256160024,2.777813272736296e-07
2012-01-11,-0.006213009631414657,-0.02246304028182422,-0.011238776602610856,0.00018458779786767465,0.0005423490024216715,-0.0044570080659877866,5.555697535353232e-07
2012-01-12,0.005596825040206438,0.019253408314949594,0.009619447695776051,0.00041304882764414685,0.0023994735193475503,0.003724184810585183,5.555697535353232e-07
2012-01-13,-0.004585091643088435,-0.014887020276661778,-0.007450627702266566,6.149251109066611e-05,-0.005173682426217852,-0.002969690655268331,8.333652794512147e-07
2012-01-17,0.001722502183560032,0.005980587328775044,0.0029618234107284813,0.00012297745998823828,0.0038810146156382785,0.0011493497514420896,3.333465284693915e-06
2012-01-18,0.009272527805527677,0.031279087147416895,0.01563242600977266,0.00018444350758861638,0.01105610674095292,0.006098279440621695,8.333652794512147e-07
2012-01-19,0.008231352690815881,0.02766110954378065,0.01382343720795487,0.000140502471965398,0.005275900547810464,0.005374593603387889,8.333652794512147e-07
2012-01-20,0.00887639136961059,0.02987423333383732,0.014930276909158602,0.0033540252693315953,0.003727583352978403,0.005809506489394041,1.3889776309117252e-06
2012-01-23,0.00700402827640525,0.02370004544853943,0.011829503453884005,0.0012776197768540332,-0.0025765717815291467,0.004612839933225936,4.166938680771892e-06
2012-01-24,0.0017616288139684635,0.0059438856761027115,0.002964964175428797,-0.0011623740397304072,-0.0011401058603476288,0.001116095763109275,1.1111679050213041e-06
2012-01-25,0.010588859581959043,0.029325092051336155,0.014655567363045297,0.004418661626767406,0.008367947980228996,0.0057107769820162226,1.1111679050213041e-06
2012-01-26,0.00021058809930446666,0.0009088579794307439,0.0004474503270923691,-0.0023172144642966686,-0.005129429535696395,0.00012415414150737317,1.1111679050213041e-06
2012-01-27,0.006984712984527651,0.01796440267626087,0.008975361580370489,0.0001920944406121894,-0.0004554220491902461,0.003484882208822262,1.3889776309117252e-06
2012-01-30,-0.008966201237952304,-0.02251892942322764,-0.011279567255486511,-0.0011174257304733537,-0.0034135996123750845,-0.004446740870614987,5.000391706921903e-06
2012-01-31,-0.00425256203525884,-0.009323882474093104,-0.0046687809948064984,0.0006991723547251638,-0.0003809044213164414,-0.0018775926496826135,1.3889776309117252e-06
2012-02-01,0.017180570464407893,0.040056318522869505,0.020021458412088133,0.004331839896594802,0.00875739309621859,0.007814094414298811,1.6667944573445226e-06
2012-02-02,0.014874009023089042,0.033203047064787494,0.01659482268304724,0.0013826447646458906,0.0015853551324060966,0.006450832095979418,1.6667944573445226e-06
2012-02-03,0.023822509540680162,0.046863135512967835,0.023425144734615433,0.004506929730105247,0.01401842045749313,0.00913182248887341,2.222449413613603e-06
2012-02-06,0.004164121319039215,0.008806095424325644,0.004383778653965775,-7.78041927814721e-05,-0.000669078441764337,0.001676510731000994,6.667363058321385e-06
2012-02-07,-0.005770987692251207,-0.011787446529523682,-0.005900146286630492,0.0011325713692873496,0.0025288094416109352,-0.0023576589308839328,2.222449413613603e-06
2012-02-08,-0.015313538531354028,-0.03269808043487088,-0.016355463239303925,0.0003454320923683696,0.0029675827084407747,-0.0064590678245795025,2.222449413613603e-06
2012-02-09,-0.018822474387394064,-0.0446081294246784,-0.02231034881514271,0.0003971097317783112,0.0012578113485415265,-0.008803941261864035,2.5002875438939753e-06
2012-02-10,-0.02793415601558492,-0.0749507967606804,-0.03748168248314343,-0.001682731720787145,-0.007387858651911827,-0.014757258717935063,2.5002875438939753e-06
2012-02-13,0.02255013392380904,0.07413702122417387,0.03704965831305396,0.0025326740889286548,0.007442845341261162,0.014484118829574226,7.500881385791303e-06
2012-02-14,-0.007061072516479535,-0.025300956846636802,-0.012656484677338153,0.000189686241712117,-0.0012562312466231074,-0.0050351299858997405,3.05598511096683e-06
2012-02-15,-0.022008220286732525,-0.08021182617619793,-0.040111780412400155,-0.0002844754014982298,-0.004659720268232137,-0.01576990783499872,3.3338445484254464e-06
2012-02-16,0.013897312566998854,0.05876438973173981,0.029376188611849985,0.0008019315340175304,0.01107319450705746,0.011459411353359403,3.05598511096683e-06
2012-02-17,0.0016612900324994807,0.007408158867165948,0.003697934253395596,0.0015594978589215103,0.002645957665979859,0.0013970946873700237,2.778132776271036e-06
2012-02-21,-4.099511752858176e-05,-0.00013794401779532173,-9.410840135715137e-05,0.0013592099377170985,0.0004398652590593688,-2.935444652464009e-05,1.0001187684016699e-05
2012-02-22,0.007385591589098221,0.03150983368248905,0.01574849381937593,-0.000747409838318891,-0.003224067962377397,0.006153321791279014,2.222449413613603e-06
2012-02-23,0.015400997363313799,0.06598655877619164,0.032986995285292364,0.0029574861367835936,0.004410722687073543,0.01289650036448281,2.5002875438939753e-06
2012-02-24,-0.010062001567115692,-0.045218790413350196,-0.022615679309478498,0.0011572189029565028,0.0021955687439547678,-0.008932202132328666,2.5002875438939753e-06
2012-02-27,-0.003211795697988525,-0.014617233342193114,-0.007327052200081341,0.0007534633628438758,0.0016794475307808643,-0.0028987413701555575,8.334421482736332e-06
2012-02-28,0.0060106308255417655,0.028052082945987156,0.014020174148692499,0.0014972365291490153,0.0029163056453682668,0.005467688280191695,3.3338445484254464e-06
2012-02-29,-0.0007806815419609078,-0.0034355687128111434,-0.0017239295365926166,-0.0014095696968142724,-0.003925049208034048,-0.000715878252218516,2.778132776271036e-06
2012-03-01,0.008173370613725327,0.037980217421451856,0.018983685688857443,0.003165314991615986,0.005181527698207233,0.00741925936344035,2.222449413613603e-06
2012-03-02,-0.003746853814378545,-0.017347850223945804,-0.008680348133841553,-0.0002899490030869867,-0.0030496902885015498,-0.0034509717897773674,2.222449413613603e-06
2012-03-05,0.001428684857590571,0.006697596050824872,0.003329112218936059,-0.00044358003207423113,-0.004078023311552825,0.00129390577566151,5.833866499216356e-06
2012-03-06,-0.0195900801378602,-0.08943185324904568,-0.044722349646391324,-0.00850856830750324,-0.014624880156682174,-0.01757064795684799,2.222449413613603e-06
2012-03-07,0.013119160064304589,0.06453705935246368,0.032262106654363576,0.005216088966164323,0.006975504421825374,0.01258533356610825,2.222449413613603e-06
2012-03-08,0.006760476394069147,0.03491295216345369,0.01745005305985825,0.004623881491629955,0.009949301981756475,0.006786457665056895,2.222449413613603e-06
2012-03-09,0.004743794043397405,0.024889707447137477,0.012438430701700254,0.0024547197954400968,0.003867026749156066,0.0048347795843535196,2.222449413613603e-06
2012-03-12,0.009650583866233704,0.050079199158587384,0.025020747280260824,0.0012668667579263104,7.263310015592772e-05,0.00979767445998405,7.500881385791303e-06
2012-03-13,0.0069371279884687664,0.03611009229942708,0.018048762046910083,0.0014011310949202382,0.01802644082156024,0.0070230056433462675,2.5002875438939753e-06
2012-03-14,-0.01079857348930632,-0.05148104484369165,-0.025746945443714475,0.00022895520109900147,-0.0010713919717365572,-0.010147143789712779,2.222449413613603e-06
2012-03-15,0.004022981741355192,0.019451094656477874,0.009719263225435482,0.00018651338657438288,0.005789456167561546,0.0037572670732396573,2.5002875438939753e-06
2012-03-16,0.0023865126699023046,0.011483251505397307,0.005735202730830169,0.00033057571031402944,0.0013848854541764766,0.002212118690582872,2.222449413613603e-06
2012-03-19,0.01694928367402132,0.071620679908311,0.03579148765512241,0.002076007287209025,0.003920115516714562,0.014028506293054289,7.500881385791303e-06
2012-03-20,0.010001160913471103,0.04328405489522713,0.0216358822674263,-0.0009386098427193179,-0.0029108089556243444,0.00841364035958621,2.778132776271036e-06
2012-03-21,0.011954371674181778,0.05232181277381498,0.026154761206720112,0.00011003055463842948,-0.0016379355047453359,0.01018855906906492,2.778132776271036e-06
2012-03-22,-0.0032880917364128065,-0.01415552347780269,-0.007084045841704856,-0.004053756706893896,-0.007203039175154524,-0.002855172660386994,2.5002875438939753e-06
2012-03-23,0.01618002225306197,0.07246981167950928,0.03622848281788604,0.0028041433342116395,0.0032329488423903374,0.014155903216611438,2.222449413613603e-06
2012-03-26,0.018645536253299056,0.08438157737055407,0.04217151962707999,0.00613491733961502,0.014034578930697261,0.016463280706377367,6.667363058321385e-06
2012-03-27,-0.02530349025087157,-0.11396677768049246,-0.056989672943049685,-0.0013306719893545482,-0.0031064999576750907,-0.02245673310936221,2.5002875438939753e-06
2012-03-28,-0.0010119628693403074,-0.004247765107244117,-0.002130166656425625,-0.001222813482994467,-0.0049590745301167916,-0.0009550967321683554,2.5002875438939753e-06
2012-03-29,0.004181417726495075,0.023120986444105762,0.011554209119249315,-0.0002870797237278788,-0.0017087577375207719,0.004484471884675967,2.5002875438939753e-06
2012-03-30,0.003928151954776936,0.02174539977294243,0.010866137949088195,0.0022043918918916994,0.004136234249378257,0.00420079265846821,1.9446183847637855e-06
2012-04-02,-0.0006109039332220334,-0.0030742461777528707,-0.0015568088953528125,0.0027894590472017367,0.007314902417850044,-0.0006485606269043998,5.833866499216356e-06
2012-04-03,-0.003631960300249873,-0.019319321484813634,-0.009666083764275357,-0.0006807180314644112,-0.004089145373108671,-0.0038387670805781838,2.222449413613603e-06
2012-04-04,-0.006548774532382604,-0.035354218266888005,-0.017683532155312598,-0.00381798151558721,-0.009911002338041208,-0.006991883880446927,2.222449413613603e-06
2012-04-05,-0.005629459773558028,-0.027758901782990897,-0.013885873913363933,0.00021948892847190038,-0.0005002373639607649,-0.005509545336761504,2.222449413613603e-06
2012-04-09,-0.010848838056802687,-0.05366995912935779,-0.02686067163733541,-0.006270941822877352,-0.011231174565743851,-0.010556622025784211,8.889827289859653e-06
2012-04-10,-0.012581872359115733,-0.06448145284444773,-0.03224701052502732,-0.013920502802785895,-0.016784962715683527,-0.012713882251170297,2.5002875438939753e-06
2012-04-11,0.0030229967302922893,0.016846637820431942,0.008417034807412627,0.00748486231815404,0.008094216833963053,0.0032320968492333285,2.5002875438939753e-06
2012-04-12,0.020323881405198252,0.10820615505781617,0.05409679342610452,0.01145592887065039,0.013065772578032098,0.021172082049189994,2.5002875438939753e-06
2012-04-13,-0.014998803285282379,-0.08666022013021668,-0.043336394167911685,-0.009914631054010692,-0.011888648510154809,-0.01709535899241506,2.5002875438939753e-06
2012-04-16,0.0023960738228681767,0.014940573288430459,0.00745143434518214,0.0016561803699941535,-0.0006561024171585217,0.0028613286316817935,7.500881385791303e-06
2012-04-17,0.010947384995777878,0.06640096545646901,0.0331940597063658,0.011676368564147666,0.01481226083562226,0.012973359158461498,2.222449413613603e-06
2012-04-18,-0.004902100695495788,-0.03010995182188092,-0.015061398932809,-0.0017270284159357496,-0.0033796461942580125,-0.005981954753531614,2.222449413613603e-06
2012-04-19,0.0010969164547719134,0.006867355991996726,0.0034271160586154537,-0.003611936267890914,-0.006420871048343213,0.0012910624812139376,1.9446183847637855e-06
2012-04-20,0.005511187455839434,0.033209316482508466,0.016598096303871213,0.00020327269031406026,0.0016699294486122174,0.006469992938981947,1.9446183847637855e-06
2012-04-23,-0.0073490901738237045,-0.043164700926972555,-0.021601619521683157,-0.0047844053788572705,-0.008408696752540856,-0.008505040532821898,6.667363058321385e-06
2012-04-24,0.006548602181879642,0.03950787550011614,0.019747514728189364,0.003411981927557095,0.003801301374819932,0.007685170991389412,2.222449413613603e-06
2012-04-25,0.009716868990376555,0.056720603437130146,0.02835401761576173,0.008157519842616034,0.013692209634892816,0.011060342112634939,2.5002875438939753e-06
2012-04-26,0.0048839876160001565,0.027793862490725463,0.013890647142559276,0.0027756749936915792,0.006968302518802316,0.0053740006304091575,2.5002875438939753e-06
2012-04-27,8.781414036447164e-05,0.0010290609151821783,0.0005082463547876337,0.0015769166247272537,0.0016409283689486909,0.00014200995901009835,2.5002875438939753e-06
2012-04-30,-0.004102416231081312,-0.02021992176015086,-0.010128813179108631,-0.0014153155567464548,-0.003703546746255393,-0.003989719377151974,7.500881385791303e-06
2012-05-01,0.004621468799661672,0.023194595548015062,0.011591152593820375,0.003103011598553973,0.006219933077556528,0.004495225732042357,2.778132776271036e-06
2012-05-02,0.00020025587360664832,0.0012795744329545666,0.0006335031136737168,-0.0007608123134545952,-0.002984119378703687,0.0001946890663260691,2.5002875438939753e-06
2012-05-03,-0.007095098631918755,-0.034991558824462254,-0.017502202434099723,-0.002761090379691744,-0.007625158727957881,-0.00690491973500242,2.222449413613603e-06
2012-05-04,-0.01032692259932523,-0.05141987644203716,-0.02571622232382209,-0.008943853408061253,-0.016158374907915052,-0.010143556488372627,2.5002875438939753e-06
2012-05-07,0.005716579462937068,0.02938037096334467,0.014670499675195847,0.0016254381063647294,0.00073003374867886,0.005711638126998004,5.833866499216356e-06
2012-05-08,-0.0016510254719802333,-0.008122443462710738,-0.004067366911542636,-0.0021975421336445367,-0.004011827584925021,-0.001647962397871334,2.778132776271036e-06
2012-05-09,-0.00868119871563455,-0.04243303234938012,-0.02122280027749357,-0.005455130702898714,-0.005931798990548298,-0.008364043802156478,2.5002875438939753e-06
2012-05-10,0.009952792870050573,0.04769489304085406,0.023841162417623574,0.003526105101780086,0.0020626931337792698,0.009292993281834128,2.5002875438939753e-06
2012-05-11,-0.007542440128586444,-0.03639784453222983,-0.018205067446302237,-0.0037258962520370087,-0.00301402613491486,-0.007201723477619757,2.778132776271036e-06
2012-05-14,-0.015812305299281848,-0.0674685918485941,-0.033752731453281726,-0.009106785364399017,-0.011061228608120643,-0.013267309348482664,8.334421482736332e-06
2012-05-15,-0.009136134859965693,-0.03707528018079553,-0.018543785270584978,-0.004977819044671539,-0.005741897455780465,-0.007337561788283934,2.778132776271036e-06
2012-05-16,-0.005102307730415484,-0.02095498810587626,-0.010483778155741641,-0.004242377113628182,-0.003824457489443711,-0.004152506841854656,2.5002875438939753e-06
2012-05-17,-0.019038117676692178,-0.07273513717225832,-0.036373713766316484,-0.010716207070093686,-0.01483110270201582,-0.014298419021717816,2.778132776271036e-06
2012-05-18,-0.01827233408406089,-0.07450229327497682,-0.03725729181767545,-0.0054380717650049926,-0.008558758361357444,-0.014664196919001548,2.778132776271036e-06
2012-05-21,0.030369709760377502,0.1326822302944619,0.06632184608903402,0.011579402245327941,0.017188001209361703,0.02598392858055697,6.667363058321385e-06
2012-05-22,-0.005257218605409133,-0.0282465866256546,-0.014129577415630812,0.0006189845166690855,0.0017429864440245968,-0.005623864297417294,2.5002875438939753e-06
2012-05-23,0.0010681351545400667,0.005900721306262957,0.002944076550328134,0.0013243302112828648,0.0005297413238640747,0.0011210601014663478,2.5002875438939753e-06
2012-05-24,0.003733067172146714,0.0198166306114842,0.009902031202938533,0.001601016297301694,0.0019653408779343184,0.0038605802379921244,2.5002875438939753e-06
2012-05-25,-0.0019769623020472176,-0.009794410103806106,-0.004903350232090209,-0.0006602322975215458,-0.003244416879872203,-0.0019535968177236346,2.778132776271036e-06
2012-05-29,0.011696755827720187,0.058372694280077075,0.029161210747579158,0.006450210805407197,0.012112175295249106,0.011447797143588609,1.0001187684016699e-05
2012-05-30,-0.019979197732100634,-0.10457514071287533,-0.05229385445924106,-0.006633441875329327,-0.014510267210282701,-0.020560787624856632,2.5002875438939753e-06
2012-05-31,-0.002531814037753705,-0.013870919545580507,-0.0069420217101733295,-3.477988679145838e-05,-0.0022008024504375223,-0.0027897758141561288,1.9446183847637855e-06
2012-06-01,-0.011876666992532503,-0.06663909584280359,-0.0333261098587847,-0.015364549367418712,-0.025176692967298964,-0.013097231486845906,1.9446183847637855e-06
2012-06-04,0.0045486097306454195,0.026256913626713008,0.013108771006880238,0.001898655928221915,-0.0004683554894643338,0.005118927211791068,5.833866499216356e-06
2012-06-05,0.007509493720235838,0.043714298132134566,0.02185072604419891,0.004839008223669783,0.007571953876432502,0.008541564158288733,2.222449413613603e-06
2012-06-06,0.01270561986062818,0.0749378453200582,0.03746249963816051,0.0153944667637409,0.022468375938564877,0.014654819757269098,2.222449413613603e-06
2012-06-07,0.0016475166013910155,0.01033476031900138,0.005161096056697234,0.0010366543707940323,0.0006067179248865351,0.001967881142024904,2.5002875438939753e-06
2012-06-08,0.009340643725756407,0.057670877190519,0.028829154492456155,0.003590013548849358,0.007950912442133529,0.011281281221392787,2.5002875438939753e-06
2012-06-11,-0.018141912312171667,-0.11367661672013096,-0.05685716065909874,-0.0034481869072084947,-0.01269690108659105,-0.022327778370553972,7.500881385791303e-06
2012-06-12,0.005213365980086381,0.03514623687774021,0.01756683433606665,0.005548269078107015,0.011490763561678774,0.006816571445729823,2.5002875438939753e-06
2012-06-13,-0.0075444137817691475,-0.050307976212396355,-0.025160133286385444,-0.001304329171493479,-0.006394652852326765,-0.009905078360297116,2.778132776271036e-06
2012-06-14,0.009726915561866663,0.06455306341300715,0.03227038652631631,0.003840767122346156,0.010599983450165551,0.012615001643530726,2.778132776271036e-06
2012-06-15,0.008594539144175593,0.05836023026768289,0.029174108879821414,0.004005820422836592,0.010227369863182734,0.011390668184039459,3.05598511096683e-06
2012-06-18,0.011754099560352923,0.08102560286845306,0.04049394913519344,0.003640300772391747,0.0019387124085517016,0.015852453201125688,7.500881385791303e-06
2012-06-19,-0.0005472703243496774,-0.0033970060164029148,-0.0017046481883885578,0.0040093438097261735,0.009672628818383044,-0.0007369543886268562,2.778132776271036e-06
2012-06-20,0.010049733360879744,0.06617555964827448,0.033081495721333676,0.0008375847102717326,-0.0016210922497059688,0.012937830158675842,2.5002875438939753e-06
2012-06-21,-0.00029760976214449915,-0.1388522956351158,-0.06943243192036119,-0.011530398322851187,-0.02243906588916944,-0.027303897871794512,2.5002875438939753e-06
2012-06-22,0.008463596908796008,0.06089058958254512,0.030439010688469104,0.0068672390791229,0.007701615679033269,0.011831207854284312,2.5002875438939753e-06
2012-06-25,-0.0036394340436550266,-0.025382356669768735,-0.012710030633917402,-0.009521382766381925,-0.016034769215931832,-0.00502724833339143,7.500881385791303e-06
2012-06-26,0.004106216545208731,0.02924533073630542,0.014616520187965332,0.003352942185329333,0.005025931224059921,0.005686354235703336,2.778132776271036e-06
2012-06-27,0.00027699529112713356,0.0022116547155672794,0.0010996821775963728,0.004871586684329854,0.0090164484909947,0.0003817469120038964,2.778132776271036e-06
2012-06-28,0.0022158022092846038,0.015649476250324756,0.007818454022359145,-0.0010291303423347609,-0.002853684891183539,0.0030310139880959323,2.5002875438939753e-06
2012-06-29,0.011428195173858674,0.07401750540043572,0.037002468597414406,0.012651761540688478,0.024926961208849407,0.014469044052672615,2.5002875438939753e-06
2012-07-02,-0.0003601388807578392,0.06594031517579158,0.03295130528886259,0.0012947704725070341,0.0030119152597114507,0.012864638393749316,7.500881385791303e-06
2012-07-03,2.778132776271036e-06,0.02324059787468924,0.011614153757157242,0.001771709741884564,0.006593401255735598,0.0044737321217343026,2.778132776271036e-06
2012-07-05,-0.007774460441796813,-0.046844504819629096,-0.023434820612295515,-0.00048614894597875935,-0.004512164002206109,-0.009235420952624484,5.000581339231758e-06
2012-07-06,0.0030333281062056815,0.020212409432292855,0.010099781694277832,-0.0010147005794695074,-0.00950363061928361,0.0038934326538289043,2.222449413613603e-06
2012-07-09,-0.00037066057978865413,0.00029576179939416747,0.00012861184150025906,-0.00047848496549862674,-0.0012543358213020772,2.1167566344800222e-05,6.667363058321385e-06
2012-07-10,-0.006325009251003136,-0.037710262081748436,-0.018861415143677673,-0.0024103670980692993,-0.008720616442038032,-0.007437932925640707,2.5002875438939753e-06
2012-07-11,0.006021021049474221,0.038764648956279624,0.019376040375336467,0.0002694010877071218,0.00014945604469374096,0.007539257611787723,2.5002875438939753e-06
2012-07-12,-0.0015208387594078455,-0.008061580191228268,-0.00403693527580129,-0.0001514972982982199,-0.004845184567713212,-0.0016450572585665743,2.778132776271036e-06
2012-07-13,0.010519909608207405,0.0600800478687995,0.030033878754212484,0.006574295430822552,0.016777892638489833,0.011735663705340299,2.778132776271036e-06
2012-07-16,0.00048496953813212266,0.0030580186395390285,0.001510573790784564,-0.000292698428627558,-0.0023573324690691067,0.0005382112438926601,8.334421482736332e-06
2012-07-17,0.00704776031857203,0.0387648047187108,0.019376257179168244,0.0017316089742516194,0.006867235228258606,0.007555747330073986,2.778132776271036e-06
2012-07-18,-0.00046401884245172694,-0.00542504374810826,-0.002718667054241286,0.0005845560296955377,0.007406701320945341,-0.0011206798787787664,2.778132776271036e-06
2012-07-19,0.004084447377157608,0.023993707066054304,0.01199056943022403,0.00024203173119441423,0.002620493398368229,0.004669561818188727,2.5002875438939753e-06
2012-07-20,-0.009952644721052787,-0.05113494362986437,-0.025573755917735475,-0.0005089780388493059,-0.009148215448063324,-0.010076121544376367,2.5002875438939753e-06
2012-07-23,-0.016124152255486628,-0.08344539750428936,-0.04174155105117794,-0.005584913220967103,-0.01011210312796118,-0.016406521271153916,7.500881385791303e-06
2012-07-24,-0.011111541633489205,-0.04879846672372634,-0.024405378542050493,-0.006741214593932066,-0.008587278372384155,-0.009642985397638942,2.778132776271036e-06
2012-07-25,0.007584947875217966,0.033871759281677516,0.01692973446065138,0.00022820436969106517,0.0002240987886870105,0.006590025216255931,2.778132776271036e-06
2012-07-26,0.01952168471866022,0.08650425336986811,0.04324598150474679,0.011956870764394667,0.016497705794953132,0.016917671799170204,2.778132776271036e-06
2012-07-27,-0.0005235601272103546,0.023693157260115782,0.011840572376037972,0.00797448165869219,0.01843306917515619,0.004564655225969956,3.05598511096683e-06
2012-07-30,9.16798335004465e-06,-0.04185501069641384,-0.02094552409625805,-0.00032308304062556026,0.0,-0.00823368388174802,9.16798335004465e-06
2012-07-31,-0.004569386115206685,-0.0199047698592294,-0.009958391183634618,-0.0019225510263273238,-0.006994651723592926,-0.003956769780849005,3.05598511096683e-06
2012-08-01,0.0024344025770838295,0.01161655512063442,0.005802271306297291,-0.00047326076668252615,-0.000871223174253255,0.0022384899090182038,3.05598511096683e-06
2012-08-02,0.009241395613650408,0.04138359267347069,0.02068565115654808,-0.0026332402977138347,-0.006904496969568963,0.008080245575482422,2.778132776271036e-06
2012-08-03,0.015756438312257,0.07137955264334583,0.03568349221886957,0.010152664762174357,0.01983287737394801,0.013941682757504226,2.5002875438939753e-06
2012-08-06,-0.0005534441795484345,0.020393707262928107,0.010178001332430853,0.001104826608182341,0.0019376019401489142,0.003938900217765813,7.500881385791303e-06
2012-08-07,2.778132776271036e-06,-0.041243912389264614,-0.02062810137481952,0.0012930324493494183,0.005013705646611966,-0.008134964897905361,2.778132776271036e-06
2012-08-08,3.05598511096683e-06,0.04339827307357158,0.02169313028276587,0.0005346405981394575,0.001211368181710748,0.008452400994460344,3.05598511096683e-06
2012-08-09,3.05598511096683e-06,0.013744729295734004,0.006866358393847083,0.0005672382894064132,0.0008539835305556576,0.002634063609251136,3.05598511096683e-06
2012-08-10,0.0009323054271739637,0.00730837694817521,0.003648182220067797,0.00023826934295190227,0.0016360524036072022,0.001390546166573935,3.05598511096683e-06
2012-08-13,0.004394082621742073,0.020528578818365784,0.010245853880198164,0.0003039264005255671,-0.0004973805822731103,0.004005955232151078,8.334421482736332e-06
2012-08-14,-0.009087820851681225,-0.04045970316191594,-0.020235857834977944,0.00013138770046894344,0.00014220914178264543,-0.00798217390031846,3.05598511096683e-06
2012-08-15,0.00037772598423531443,0.002130571848243168,0.001059279670101665,9.03171775059608e-05,0.0011368187788001194,0.00035957478361984743,3.05598511096683e-06
2012-08-16,0.0030021424966558113,0.013872370389796274,0.006929901092094681,0.00017240813109586917,0.007378094882507735,0.002686397327904085,2.5002875438939753e-06
2012-08-17,0.006870742954299461,0.03147355396879026,0.015730492881591784,0.001608865175456664,0.0013387264216344619,0.006130193119133546,2.5002875438939753e-06
2012-08-20,-0.00018305935012189687,-0.0006604990209414519,-0.00034910180950387115,0.00026224994058399176,6.981643011028105e-05,-0.00016539162399906366,7.500881385791303e-06
2012-08-21,-0.006265160947346839,-0.02709678240948754,-0.013554397458763745,-0.0017943024751543302,-0.00302404733799555,-0.005347652752377352,3.05598511096683e-06
2012-08-22,-0.003554454714837819,-0.013367263649592287,-0.0066896380788160625,0.00011491045192646432,0.00042323519247733365,-0.002683039505315328,3.05598511096683e-06
2012-08-23,-0.004415412262389255,-0.015863248967325494,-0.007937630737682722,-0.004349681570481212,-0.008179635426403542,-0.0031627993397697466,3.05598511096683e-06
2012-08-24,0.009841186788063802,0.03645947124582016,0.018223729368890274,0.004187342356451573,0.0060426186030102524,0.00709717837259296,3.05598511096683e-06
2012-08-27,-0.0038859656788835734,-0.012033812051993942,-0.006035341554981755,-6.566742731428654e-05,0.00021243947146043496,-0.0024074450688620773,8.334421482736332e-06
2012-08-28,-0.0031192340398108016,-0.009837851884886062,-0.004924932196462839,-6.567173980864816e-05,-0.000989083908651267,-0.001979724599114055,3.05598511096683e-06
2012-08-29,-0.004277262214724919,-0.012760263091567525,-0.0063862767259709186,0.0002873327313028806,0.00077745852985589,-0.0025508152599775205,2.778132776271036e-06
2012-08-30,-0.006723516302316213,-0.020141419574708053,-0.010076577111655216,-0.004193852845828849,-0.007207438013738465,-0.003998435601666658,3.3338445484254464e-06
2012-08-31,0.011985207689804834,0.03736333281501314,0.018675521227319303,0.003247234905302765,0.004769300902318641,0.007274711247453057,2.778132776271036e-06
2012-09-04,0.005832273946209433,0.018113610009449888,0.009031668612265564,-0.00020537592008407213,-0.0009212179722883906,0.0035154120812089214,1.0001187684016699e-05
2012-09-05,0.00848583381128576,0.023006649165632886,0.011497179402629065,0.00014790103777229113,-0.0008506445103144689,0.004457835559228475,2.778132776271036e-06
2012-09-06,0.03742084148734857,0.09932548088723014,0.049656734189595264,0.010277602057163548,0.020296594359030085,0.019418621747433775,3.05598511096683e-06
2012-09-07,0.01734468109070264,0.05704883970026531,0.028518413596112735,0.002463975539147123,0.0038948326017551604,0.011069436711725375,3.05598511096683e-06
2012-09-10,-0.020659449927878954,-0.06902370050027251,-0.03452986899818722,-0.0018738592577569602,-0.005681759450361312,-0.013604880091484525,9.16798335004465e-06
2012-09-11,0.001290628328646193,0.00584555076129023,0.002916630200457737,0.001210948928838551,0.002787569989912697,0.0010526017681550066,2.778132776271036e-06
2012-09-12,0.01110067794082468,0.04262539759780837,0.021306553618716917,0.0008847905319295801,0.0033355006713418067,0.008306727191965891,2.778132776271036e-06
2012-09-13,0.01625316526749974,0.06368828571893714,0.031837997679281305,0.00314674538936921,0.015236297850089286,0.012407937514361981,2.778132776271036e-06
2012-09-14,-0.014145309176683874,-0.05508454918840533,-0.02754841977438982,0.0004608294930874557,0.004434275642960728,-0.010898690905952888,2.778132776271036e-06
2012-09-17,0.0070901263003554935,0.030530771493086473,0.015247366998492273,0.00014545807171084668,-0.0033956935651954234,0.00591730687004329,9.16798335004465e-06
2012-09-18,0.008411896420518502,0.03609550732119016,0.01804174740657527,0.00027471417605950954,-0.0008178097119537764,0.007004510792312681,3.05598511096683e-06
2012-09-19,0.002788619977747384,0.01227348413909879,0.006130596889362128,0.00012116414510621176,0.0005457413882794526,0.0023301099667025686,2.778132776271036e-06
2012-09-20,-0.0051810033936628965,-0.02172926581912571,-0.010870639163582663,2.4229893226923593e-05,6.826355074696089e-05,-0.004320500525172276,3.05598511096683e-06
2012-09-21,0.004627256443460175,0.019887590963547863,0.009937789227753901,-0.0009045607630616681,-0.0004176619980553742,0.0038350427082262085,3.05598511096683e-06
2012-09-24,0.0024327331522583906,0.0104632067825019,0.005213584643199987,-0.0006143648195303664,-0.0015085733283464187,0.002006817173036468,9.16798335004465e-06
2012-09-25,-0.017217236684042524,-0.07084673819803211,-0.03542937535303592,-0.006349642883142215,-0.010641894580342481,-0.013950538703813213,3.05598511096683e-06
2012-09-26,-0.0076091721104038085,-0.033701552092763154,-0.01685678230040155,-0.004224870567549166,-0.005621300998506995,-0.006701777906421119,3.05598511096683e-06
2012-09-27,0.0178709695446448,0.08286189726041981,0.04142494237618988,0.007651747394236574,0.009421075738595963,0.016180852032317835,3.05598511096683e-06
2012-09-28,-0.003752430902336442,-0.01802279361388548,-0.009017680909746195,-0.0032694850763825833,-0.00463187140332233,-0.003639582768621649,2.5002875438939753e-06
2012-10-01,-0.0051888716074036285,-0.025307782747574392,-0.012672326902771758,0.0016848719660096378,0.0026394764460124787,-0.005003708410340678,8.334421482736332e-06
2012-10-02,0.003960260741335444,0.019900014911704345,0.009943723353048606,0.0015357737780845593,0.0010389276696836092,0.003838783728019193,2.5002875438939753e-06
2012-10-03,0.0019906153978642488,0.010095760006434418,0.005041595900413753,0.0030668375874209897,0.004082999762050399,0.001918868676846605,2.5002875438939753e-06
2012-10-04,0.005641651313486876,0.027937541958201972,0.01396248687629753,0.003194965704671926,0.007168420444651602,0.005423760328230324,2.5002875438939753e-06
2012-10-05,0.0012594682964348171,0.006529037654795289,0.0032583736472104885,0.001870560442484237,6.809956288833519e-05,0.001212036200964816,2.778132776271036e-06
2012-10-08,-0.002161736263308512,-0.009070400786230226,-0.004553219141166132,-0.0013761578638165073,-0.0034214713521462103,-0.001812472225039149,9.16798335004465e-06
2012-10-09,-0.00973092900523644,-0.04103688016876639,-0.020524446338403113,-0.0064309199922635285,-0.009887350863931998,-0.008101201069289101,3.05598511096683e-06
2012-10-10,-0.0012961313616404015,-0.004974222282919216,-0.002493256321646764,-0.004550247384216166,-0.00637968788307941,-0.0010482497656663261,2.778132776271036e-06
2012-10-11,0.008113264437050254,0.03298202014701923,0.016484864893322237,0.0017436791630340842,0.0005580024338736056,0.0064192017182834625,2.778132776271036e-06
2012-10-12,-0.006610506899088247,-0.02597454539297739,-0.01299341787667585,-0.0037659728492066558,-0.003278491101161074,-0.005161994811665076,2.778132776271036e-06
2012-10-15,0.012713577007910181,0.04803702799891574,0.024000495251406795,0.00831156107119524,0.008328196033130952,0.009376504573111953,9.16798335004465e-06
2012-10-16,0.006063343992403867,0.022803135999068136,0.011395561745514371,0.008445480898476188,0.010133482654175241,0.004390704492186344,3.05598511096683e-06
2012-10-17,0.004804166497104479,0.017875961747368052,0.00893169677088057,0.003035145052633137,0.0045349173911028995,0.0034478544479025135,2.5002875438939753e-06
2012-10-18,-0.004219181913515865,-0.014794077917734905,-0.00740304521288726,0.00038424899334765783,-0.002599215717390191,-0.0029555342867742017,3.05598511096683e-06
2012-10-19,-0.014908961538260636,-0.053415913273543114,-0.02671410181695888,-0.0047852633095136765,-0.01666485524284811,-0.010526275619336275,2.778132776271036e-06
2012-10-22,0.003869561582571006,0.015117702017925616,0.007540415479978302,0.0007879777114876418,0.00013988406533127495,0.0029088453651999373,8.334421482736332e-06
2012-10-23,-0.026815830011660557,-0.10094250728517906,-0.0504773988227768,-0.009456321755967445,-0.013876411588220283,-0.01984447815381227,2.778132776271036e-06
2012-10-24,0.004662899455830848,0.021656083239999457,0.01082203536597981,-0.0028469462243491117,-0.0028286281890566034,0.004148300906735407,3.05598511096683e-06
2012-10-25,0.004799378427334182,0.020388361134069832,0.010188174313014997,0.0025703804325720725,0.002907563165079896,0.0039491395165503086,3.05598511096683e-06
2012-10-26,0.0003791563638726144,0.001847979822531931,0.0009179836572461575,-0.0005273619731449575,-0.0005657816492939949,0.0003131255571798914,3.05598511096683e-06
2012-10-31,-0.01011215218575025,-0.03617249796540778,-0.018115585548637014,0.0006169331926293431,0.0,-0.007091399654171164,1.6669333887442406e-05
2012-11-01,0.026479260627527843,0.09774283919372273,0.048865413342841446,0.009483555887268125,0.010470278378741593,0.019108743796051302,3.05598511096683e-06
2012-11-02,-0.010964826236096683,-0.046936918920773896,-0.023474743563190348,-0.006951420420299614,-0.008891252670289007,-0.009306458620906321,2.5002875438939753e-06
2012-11-05,-0.003823392625768435,-0.01660274066260925,-0.008320222630337826,0.0017075341911465536,0.0020482354164801375,-0.003304964214109338,7.500881385791303e-06
2012-11-06,0.011122658312960927,0.049625614177753574,0.02480680083485698,0.006285294188930424,0.00782583342814891,0.00968469107434002,3.05598511096683e-06
2012-11-07,-0.019689736745123802,-0.0892407138364103,-0.04462650209839225,-0.0186497964819885,-0.022664096132339107,-0.01756983116610774,2.778132776271036e-06
2012-11-08,0.002542523545596721,0.013407562982428622,0.006697636311026933,-0.00793546909257492,-0.012024121132133803,0.002538619145646508,2.778132776271036e-06
2012-11-09,-0.0024737448657333252,-0.012148493882879419,-0.00608039212162681,-3.298533801743275e-05,0.0008693737944052149,-0.0024258527096100223,2.778132776271036e-06
2012-11-12,0.013924863121185248,0.06862119272085443,0.034291744061394125,-0.0012617307977766945,0.0007961694009235298,0.01343297474861315,7.500881385791303e-06
2012-11-13,0.0015426245034652912,0.00828779115418743,0.00413761147429037,-0.003443179284776443,-0.003471850784631636,0.0015430112602588032,2.5002875438939753e-06
2012-11-14,-0.0005043725828801314,-0.04586877935227174,-0.022940395930155733,-0.01051436714943832,-0.013498374629908994,-0.009038235832947175,3.05598511096683e-06
2012-11-15,-0.0021664345538384517,-0.008475466262950482,-0.004243878311662508,-0.006179714125419844,-0.0016917428833380654,-0.0017264355491969508,2.778132776271036e-06
2012-11-16,0.010277356940772846,0.05235000110286481,0.026168577529563697,0.0044993048826726945,0.004937090231660335,0.01022509018091464,2.222449413613603e-06
2012-11-19,-0.000554163721406576,0.08793830417703674,0.04394904954464596,0.008966691550843509,0.02023911112919241,0.017187000524106256,5.000391706921903e-06
2012-11-20,2.5002875438939753e-06,0.011793612290813327,0.005890522042603541,0.0006401303538174918,0.00043152530041901116,0.0022087245709294327,2.5002875438939753e-06
2012-11-21,2.222449413613603e-06,-0.0030835443397611018,-0.001548195191749091,0.00041540314875576634,0.0018675801301348827,-0.0006665584112808718,2.222449413613603e-06
2012-11-23,0.003335470876509792,0.02139763550707041,0.010686527397019585,0.0026989992941077734,0.013624801659987584,0.004150659010347429,5.55627327036845e-06
2012-11-26,-0.0005566533745020069,0.030268942560992107,0.015116035751511436,0.00012423389100524318,-0.002122367634559197,0.005885127566826617,8.334421482736332e-06
2012-11-27,-0.007459855564778381,-0.03265550308497045,-0.016333896722672492,-0.0005962486025423708,-0.005104172160652509,-0.006480110741305491,2.778132776271036e-06
2012-11-28,0.007525873614655473,0.03745183426241594,0.018719771951020814,0.001342359735836851,0.008052078387137618,0.007267116523072155,2.778132776271036e-06
2012-11-29,0.0032377407472026086,0.01644025641130753,0.008213983025466387,0.0008606065621250547,0.004665714846576519,0.0031413710196578648,2.778132776271036e-06
2012-11-30,-0.0006105897053191974,-0.01602116378235241,-0.008016865993979438,-0.000446469172957209,0.00021101859673033907,-0.0032092740872482835,2.5002875438939753e-06
2012-12-03,-0.010070650511121318,-0.04592199902515359,-0.02298026857077362,-0.00017370445427855596,-0.0049243887875601855,-0.009052729322219798,6.667363058321385e-06
2012-12-04,-0.0019153883674144262,-0.008419301336295537,-0.00421579584833498,-4.136538875187945e-05,-0.0014138428095338273,-0.0017337507827674744,2.778132776271036e-06
2012-12-05,0.0061593468085679014,0.02741136067531924,0.013699535157472242,0.0009018027782143889,0.0017700975737275915,0.00531888301182936,2.778132776271036e-06
2012-12-06,-0.004170598803527159,-0.017936218218844724,-0.008974254289609518,0.0003554365256492886,0.003391981680214373,-0.0035877878012581404,2.778132776271036e-06
2012-12-07,0.005356131705396433,0.02332525087551285,0.011656480257569157,0.0005949380685996708,0.003028561646015948,0.004510814157572152,2.778132776271036e-06
2012-12-10,0.0018325688851199002,0.007420052949062894,0.0036911741754983574,0.0005120031711163264,0.00042151834462966775,0.0014052057497210124,7.500881385791303e-06
2012-12-11,0.008361988022611917,0.03097448612532072,0.015480958959857016,0.000222855020428403,0.006808305416417193,0.0060161096337249895,2.5002875438939753e-06
2012-12-12,-0.010606008359753904,-0.03841533065357572,-0.019214088348656455,4.1260253172969996e-05,0.0004875977342360116,-0.007608667602453997,2.222449413613603e-06
2012-12-13,-0.004468272012030827,-0.015579888566243594,-0.007796506220504762,0.0,-0.006131505042463736,-0.0031334971922020276,1.9446183847637855e-06
2012-12-14,0.0012934761480336674,0.005004387273784161,0.0024954927875453503,-0.00022279617450715605,-0.0037157983448029563,0.0009194225763359092,1.6667944573445226e-06
2012-12-17,0.01184563676989583,0.040370755468075226,0.020164441748021344,0.0004952129415649598,0.011752426184810538,0.007877162661724222,3.3335074194340564e-06
2012-12-18,0.006343823100206454,0.02215469641827883,0.01107050845137958,0.0001897376670516593,0.011128892957080305,0.004261029458286642,1.3889776309117252e-06
2012-12-19,-0.018036793155114535,-0.05885884891867743,-0.029436125308685335,-4.1239494238842767e-05,-0.007429499420195884,-0.011615553364097858,1.6667944573445226e-06
2012-12-20,-0.0075965240222327,-0.022880704258282036,-0.01144719188690091,9.897886801168987e-05,0.0057525079205629215,-0.0045815411055620155,1.3889776309117252e-06
2012-12-21,-0.013232947265482941,-0.040503229718736544,-0.020258315708714947,0.0036701030927834832,-0.009077101425640666,-0.008010581695834618,1.6667944573445226e-06
2012-12-24,-0.006939712164701941,-0.021963882009670366,-0.011002043548707818,-0.0009203336209376856,-0.003081295161083686,-0.004366334608676678,5.000391706921903e-06
2012-12-26,-0.01332301782824423,-0.042516468634079985,-0.02127163601434412,-0.0017436648215621853,-0.004215743271782424,-0.008391673941106256,3.3335916931331866e-06
2012-12-27,0.00512753651927085,0.016905015765533493,0.00844622377996318,-0.0006756144383748275,-0.0013401060643264406,0.0032423616236394322,2.5002875438939753e-06
2012-12-28,-0.04915453774877873,-0.1571528194075117,-0.0785828327256245,-0.008327218461690822,-0.010808099376576452,-0.030875317955348605,2.222449413613603e-06
2012-12-31,-0.0010513233240465084,0.1883754814488645,0.09416555465681298,0.012845135060983282,0.016996281410055936,0.036807567069024986,8.333442131913671e-07
2013-01-02,0.01592002862385801,0.10762111304675903,0.053796877008824406,0.01104051746782253,0.02563061266046529,0.020927972280581998,2.7779571911690226e-06
2013-01-03,-0.00040432953569706655,-0.015490714392914273,-0.007751780218325899,0.0003491138192237564,-0.0022598925936145875,-0.003170717127483933,2.222449413613603e-06
2013-01-04,2.222449413613603e-06,0.024569213229270304,0.012278183592766556,0.001460896665909317,0.00439242871753831,0.004749709180039095,2.222449413613603e-06
2013-01-07,0.0027538705310494764,0.02259088596651604,0.011275757176781642,0.00023502334024882998,-0.002733196490370182,0.004371076678866769,5.833866499216356e-06
2013-01-08,0.0002406395127152273,0.0020635942036886235,0.0010252351644612911,-0.00017014932628967028,-0.002877263142073705,0.0003286569749800031,1.9446183847637855e-06
2013-01-09,0.0001500795097880478,0.0013582010895680785,0.0006725386074009077,0.00042139384116701706,0.0025418836790620514,0.0002056842032391419,1.9446183847637855e-06
2013-01-10,0.0030452662369318865,0.02146260004925926,0.0107245991752829,0.0005670220004536652,0.007949523282708038,0.004148513402897767,1.6667944573445226e-06
2013-01-11,0.00077564651975116,0.0057724946430348645,0.002879546472170702,0.0,-6.79035191178956e-05,0.0010560016820449747,1.6667944573445226e-06
2013-01-14,0.0004072708056721926,0.003060545029220485,0.0015105867081337543,0.00012953158141870702,-0.0006801945512271423,0.0005537346713799951,5.833866499216356e-06
2013-01-15,0.001197619190725876,0.00855419320325801,0.004270673579760631,0.0002347455843545454,0.0006806575307707341,0.0016156663152443456,2.222449413613603e-06
2013-01-16,0.0027240111105636075,0.018952855758325837,0.009470143776359574,1.6185551158454103e-05,-0.0001362746568888129,0.0036542626401280622,2.5002875438939753e-06
2013-01-17,-0.0017825661327265684,-0.011855094821223267,-0.005933970432480118,0.00010520437973915442,0.006461058843177714,-0.0023956004986468646,2.222449413613603e-06
2013-01-18,0.009348328356676296,0.06393970075636313,0.031963288440798765,0.0028078522762213787,0.0022294235625603953,0.012472359730392324,1.9446183847637855e-06
2013-01-22,0.006188155637716518,0.0432778171950543,0.021613216524870804,0.002372326089938648,0.005393254575004391,0.00840159817262657,8.889827289859653e-06
2013-01-23,0.0034997980718121393,0.0243823464840085,0.012184750220135543,0.0007889038261834624,0.0016096070108704286,0.004682372804282806,2.222449413613603e-06
2013-01-24,-0.0021456564620370004,-0.01407707802533198,-0.00704496203453453,0.0002010923335558079,0.00026790120010056206,-0.002844298088195744,2.222449413613603e-06
2013-01-25,-0.0012931425552352457,-0.008308343554107367,-0.004160594798922057,0.0011982693452141646,0.005621904491051932,-0.0017033486211515774,2.222449413613603e-06
2013-01-28,-0.004096723490378827,-0.02698894185894396,-0.013513739987668916,-0.0001285192176393446,-0.0011983344465227308,-0.005342626500042881,6.667363058321385e-06
2013-01-29,0.004898985683593316,0.032604337286669116,0.01629560670595165,0.001229122984599762,0.003931812894582665,0.006311112414046524,1.9446183847637855e-06
2013-01-30,-0.010358807978239933,-0.06784089516417047,-0.03392700951946803,-0.0010510944219782603,-0.003916414286391001,-0.013389723006150349,1.9446183847637855e-06
2013-01-31,0.0015781366142586508,0.009307577647743592,0.004647226886488776,-0.00013654508799132437,-0.0024651964991937447,0.0017150986676336866,1.9446183847637855e-06
2013-02-01,0.007594655168883787,0.029542663907714095,0.014764770016474138,0.002899971080621011,0.010286989362643828,0.005727615834096995,1.9446183847637855e-06
2013-02-04,-0.01596314570139685,-0.04573600414244816,-0.022888104615096716,-0.002475069085666304,-0.011240026974689288,-0.009033241885872616,5.000391706921903e-06
2013-02-05,0.009679250940538514,0.031120737211487448,0.015553806668360481,0.0027622534849360836,0.010097313078597292,0.006010427543488146,1.9446183847637855e-06
2013-02-06,0.005030444615820353,0.016321707628309534,0.00815429187677208,0.0003603459320948854,0.000728136010706093,0.0031179585227893124,1.9446183847637855e-06
2013-02-07,8.598072122101465e-05,0.0006621868336613712,0.000324531479447554,4.802881729037978e-05,-0.0013230709849947342,5.795190615912479e-05,1.9446183847637855e-06
2013-02-08,0.0061775500650104375,0.019763499477139845,0.009875187801186902,0.000720397659508043,0.005564566277141081,0.003815778097030433,1.9446183847637855e-06
2013-02-11,0.0024376664921585394,0.008009180836441532,0.003984904611744389,0.0002719543116755929,-0.00019801089459625665,0.0015125289192640043,5.833866499216356e-06
2013-02-12,0.0034755011093878887,0.01128893932233832,0.005638185558365594,0.00019191555715480924,0.0016475408598128904,0.0021474663544013757,2.5002875438939753e-06
2013-02-13,0.0009721393580813542,0.0033438923645523477,0.0016656620794728294,8.794441912729489e-05,0.0008552005844177923,0.0006009871123434676,2.5002875438939753e-06
2013-02-14,0.00411783903151309,0.013201500082603124,0.006594604861114517,0.00015189063873988218,0.000920427139972535,0.0025405358551037534,2.778132776271036e-06
2013-02-15,0.001069846134704484,0.0036634530739572124,0.0018257202829587982,-0.0002957421128775284,-0.0011824084288006853,0.0006619257188958301,3.05598511096683e-06
2013-02-19,0.013250732085906328,0.0416898852549894,0.02082036192989989,0.003973711142382097,0.007495024675280515,0.008154488364194561,1.1112577412930591e-05
2013-02-20,-0.031723964503170506,-0.10127699171081772,-0.050644363179710106,-0.007326649093327253,-0.01246355025539958,-0.01994006908965568,3.3338445484254464e-06
2013-02-21,-0.002223483685909179,-0.007145837105237973,-0.0035787858769200653,-0.004211826809681574,-0.006079166623180976,-0.0015213084583580807,3.3338445484254464e-06
2013-02-22,0.01028152959908664,0.0382746860641483,0.019131614641043182,0.0064129418968128515,0.009773109628934185,0.007458268774817906,3.6117110888689297e-06
2013-02-25,-0.0442729488422585,-0.16623783588846397,-0.08313610309775787,-0.009590137688120448,-0.01902713372914988,-0.03264971639906263,1.083517240019205e-05
2013-02-26,-0.0009422405984823471,0.025534529361360248,0.012761397356378934,0.002158064046814623,0.006845698056302751,0.004853659207346494,3.3338445484254464e-06
2013-02-27,0.01549713436805457,0.08736675761693924,0.04367778935426059,0.00903305938429999,0.012597724585188042,0.017076712614475943,3.889584732963414e-06
2013-02-28,-0.007610880856490962,-0.04384699457541952,-0.021929503541729622,-0.0005914842257551678,-0.0019741112346823853,-0.008702392995026231,3.05598511096683e-06
2013-03-01,-0.0026850888128334915,-0.015275896529900468,-0.007643954518970153,0.0020314311992644107,0.003297413371434299,-0.0030668381029662667,3.05598511096683e-06
2013-03-04,0.01327157228067512,0.07486072781987008,0.037412345161883964,0.003735363838804462,0.005325268976513975,0.01464898825783463,9.16798335004465e-06
2013-03-05,0.003975676232994352,0.02381730267120874,0.011902645081584895,0.00337953354485232,0.008958845137857274,0.004570315211216147,3.05598511096683e-06
2013-03-06,-0.0007628545193604572,-0.004164719799092942,-0.0020887829214149,0.00082420630517821,0.001361085622616276,-0.0008798372752750244,2.222449413613603e-06
2013-03-07,0.004207832394201439,0.024586226792423727,0.012286968216024707,0.0007601792756124492,0.001812231000856812,0.004774096972497637,2.778132776271036e-06
2013-03-08,0.002653003434075373,0.015625747088676922,0.007806728364150972,0.00087828962985248,0.004264777869100733,0.0029995096156322652,2.778132776271036e-06
2013-03-11,0.008126088008642268,0.047024462978454196,0.02349379596024259,0.0004348066691437502,0.003794985996346867,0.00918153512740656,8.334421482736332e-06
2013-03-12,-0.004012716919414473,-0.023104305772852718,-0.01155829806661357,-0.00015804279798969922,-0.0022429525348702795,-0.004616841068146657,2.778132776271036e-06
2013-03-13,0.001601236594926239,0.00975137249049407,0.004869541065059879,0.0003635558927668203,0.0014130234600497893,0.0018466774463080126,2.778132776271036e-06
2013-03-14,0.0017185096394470452,0.010376155975763357,0.005181793885078223,0.0001343087837946122,0.005324179751375668,0.0019796307751816502,2.5002875438939753e-06
2013-03-15,-0.001091801264802777,-0.006134426033517326,-0.0030733581969457635,-0.0001342907473675936,-0.001320416341627051,-0.0012584919721598342,2.778132776271036e-06
2013-03-18,-0.008684372646280171,-0.050892554148978975,-0.025465129373522744,-0.003539431478818744,-0.005518833273125967,-0.010013031496881201,7.500881385791303e-06
2013-03-19,-0.0005858673590779088,-0.003024984602256753,-0.001519054238511286,-0.0014985014985016143,-0.0023227260876026445,-0.0006766952972575791,1.9446183847637855e-06
2013-03-20,0.009687888397311018,0.058406516758573446,0.029196696441903702,0.0047484059490061625,0.006985083286857652,0.011392323519392768,1.9446183847637855e-06
2013-03-21,-0.0005138848830839384,-0.030004350222432752,-0.015008737048599397,-0.004488876595408309,-0.008542843887880514,-0.005990129309734271,1.9446183847637855e-06
2013-03-22,1.9446183847637855e-06,0.009914338662624811,0.004950607393929607,0.003072233203934349,0.008033057263958865,0.001861099026932112,1.9446183847637855e-06
2013-03-25,0.0022193065823955267,0.01604656035564811,0.008003594371347456,-0.0010288554378966586,-0.004176994640494036,0.003096510010213404,5.833866499216356e-06
2013-03-26,-0.0005977790614455852,0.02146106133901915,0.010724107647640979,0.005022816580048106,0.00800252964192083,0.004134904522019133,2.222449413613603e-06
2013-03-27,-0.0041600261619022215,-0.011957007000904185,-0.005985065437835058,-0.00032319601444119606,0.0,-0.0024232741263659004,1.9446183847637855e-06
2013-03-28,0.002893868040712569,0.011337226850424154,0.005662329322408732,0.001853063863677562,0.003073104905340962,0.0021534393456529547,2.5002875438939753e-06
2013-04-01,-0.003995863627225926,-0.012479222503242293,-0.006265858989808137,-0.0011884897522274063,-0.003958010679951829,-0.002490456777062605,7.778496228683096e-06
2013-04-02,0.011880457673053766,0.03723668481189746,0.018611919384080133,0.0026004523211007324,0.004935023137490724,0.007231933304175444,2.222449413613603e-06
2013-04-03,-0.015334354246590633,-0.04726483278198612,-0.023638978328375804,-0.004558637438988877,-0.010139086011798248,-0.00935871851003447,1.9446183847637855e-06
2013-04-04,0.006384477763303522,0.019318404356919894,0.00965250132911355,0.002084468342137047,0.004058472141666325,0.0036919087517784666,1.6667944573445226e-06
2013-04-05,-0.00044719291834948403,-0.0009120807989294599,-0.00046260233684769503,-0.0014891856754521982,-0.004491090441606893,-0.00025357323866433243,1.9446183847637855e-06
2013-04-08,0.011360181542776437,0.03375767824393949,0.01685915331549337,0.003906065053737917,0.006766965196707941,0.006576986737239673,5.833866499216356e-06
2013-04-09,0.0009875692263625457,0.003379767806590772,0.0016833219659122545,0.002004386068337638,0.003457445698436201,0.0005744868737578427,1.9446183847637855e-06
2013-04-10,-0.0011689309291328046,0.03656317349631655,0.018274885898811544,0.002667168721955493,0.012248806040374927,0.007105152894084506,1.6667944573445226e-06
2013-04-11,1.9446183847637855e-06,-0.000776056873796338,-0.0003945903742812451,0.0006337234774989042,0.0032770601139000544,-0.0002455109268772411,1.9446183847637855e-06
2013-04-12,1.9446183847637855e-06,0.02501561221275983,0.012501244168997117,-3.1275166735733606e-05,-0.002449917630366172,0.00484141101663006,1.9446183847637855e-06
2013-04-15,5.000391706921903e-06,-0.1895440340621113,-0.09479211957492806,-0.005848639096744934,-0.023173998383279604,-0.037233811354074234,5.000391706921903e-06
2013-04-16,0.02117535539549298,0.11674723422254352,0.05836691626192536,0.00547406504384762,0.014762471135394195,0.022682689937950067,1.6667944573445226e-06
2013-04-17,-0.019198419866809056,-0.11528955679504815,-0.05765147924687086,-0.004505596796020028,-0.01461166927078461,-0.022735069133852006,1.6667944573445226e-06
2013-04-18,-0.007143621327127772,-0.045594789802137936,-0.022804095750415643,-0.0017443916237771528,-0.006253110885112156,-0.009060928175709458,1.6667944573445226e-06
2013-04-19,0.010569474659748505,0.06998298140361814,0.034984650944049234,0.0019127382067487542,0.00869319318824302,0.013653417187628938,1.3889776309117252e-06
2013-04-22,0.0060779659269168795,0.0407603896941775,0.020359675576702818,0.002592586773093819,0.004438240017583084,0.007917095698881136,4.166938680771892e-06
2013-04-23,-0.00048567094612151734,0.04805877654195978,0.024022548513219943,0.0038631519558673943,0.010308865666222466,0.009349730726706085,1.3889776309117252e-06
2013-04-24,1.3889776309117252e-06,-0.005470379932434488,-0.0027420297239773017,7.025267545612834e-05,0.0006343153289791736,-0.0011552706534113171,1.3889776309117252e-06
2013-04-25,-0.0019058871717341106,-0.009340781408463505,-0.004677091553578427,0.0009444418426762802,0.004052842054427908,-0.0018802247558377403,1.6667944573445226e-06
2013-04-26,-0.0003187497150357248,-0.0019027619009595043,-0.0009582207082396987,0.00011696909676461864,-0.0017658931899247055,-0.0004242413943296202,1.3889776309117252e-06
2013-04-29,0.0004563651956345455,0.0032141432099166423,0.0015865523345726107,0.0014970293324185757,0.00669869418726865,0.000601953341085124,4.166938680771892e-06
2013-04-30,0.0023854593432293524,0.016322960995186486,0.008154640739833408,0.00057611759027143,0.0023853280476116012,0.003154668557756505,1.3889776309117252e-06
2013-05-01,-0.006444289509199005,-0.04319136266426482,-0.021602521089892246,-0.001680672268907668,-0.0087674226329445,-0.008526791646714289,1.3889776309117252e-06
2013-05-02,0.005030074011294359,0.03441184860042856,0.01719922345086755,0.0021823169971317835,0.009287491336611886,0.006672342911578909,1.6667944573445226e-06
2013-05-03,0.0026750198952852295,0.0183570456190838,0.009171683051782065,0.0013765320724195007,0.010140806657366719,0.0035288996171334423,1.3889776309117252e-06
2013-05-06,-0.0004985256851572916,0.021829565515952387,0.010894263487590372,0.00046597960562611007,0.0025408263050923363,0.004238098981788197,4.166938680771892e-06
2013-05-07,-4.018802290360786e-05,0.003415256837821623,0.0017006497562879197,0.00016301689941866648,0.005068536667472756,0.000606182674229619,1.1111679050213041e-06
2013-05-08,-0.0019020479656853746,-0.012466814359984202,-0.006240385842614993,8.537588674495389e-05,0.004551061902650311,-0.0024933949053294827,1.1111679050213041e-06
2013-05-09,-0.0024012977787478177,-0.015813894719971744,-0.007913926022608764,-3.1043126663687914e-05,-0.0028160154332579346,-0.0031559564814292052,1.1111679050213041e-06
2013-05-10,0.0027846972499701197,0.01878671197106052,0.00938637732290748,0.00010089329370033262,0.003254050079099624,0.0036274763934838966,1.1111679050213041e-06
2013-05-13,0.0005223070325218829,0.00368898477280144,0.0018235564003843407,6.984215672600769e-05,0.0007954127520928278,0.0006799563109004032,3.3335074194340564e-06
2013-05-14,0.0005890825342931348,0.0041672226328768325,0.0020767715586784696,5.431788377530111e-05,0.010333320043995453,0.0007695794783889394,1.3889776309117252e-06
2013-05-15,-0.0017843587372034391,-0.007493224442382873,-0.003753451978951494,3.103710485885536e-05,0.005386905508002027,-0.0015173618149698447,1.3889776309117252e-06
2013-05-16,-0.0036302585265438644,-0.013978762920031085,-0.00699636012263849,3.879517698357482e-05,-0.004695660545657954,-0.0027913092506086953,1.1111679050213041e-06
2013-05-17,0.006546775890072704,0.020382764202626413,0.010184264537377752,0.001792267645301937,0.009677334799968795,0.003942646976575497,8.333652794512147e-07
2013-05-20,-0.0004388165459620778,-0.0006428140506903324,-0.00034234301136149003,6.195882835857702e-05,-6.007737690461035e-05,-0.00016973403371105069,3.3335074194340564e-06
2013-05-21,-0.009189523595735357,-0.019865248641279587,-0.00993946407839974,0.00048789554388739553,0.0014379229577949904,-0.00393965415077501,1.3889776309117252e-06
2013-05-22,0.002841483345141888,0.006457631360041516,0.003221837017397977,-0.0038470767635016,-0.007417893843532419,0.0011924176851275227,1.1111679050213041e-06
2013-05-23,-0.00735660903254915,-0.012887143125239975,-0.006450550225242879,-0.0009169179125354532,-0.002892368905260234,-0.0025907402094485824,1.1111679050213041e-06
2013-05-24,-5.27484022161734e-05,0.0003015570929838507,0.00014393878873208976,-0.0002488839112105845,-0.000846687348787234,-8.063324986006578e-06,1.3889776309117252e-06
2013-05-28,0.009282480446054007,0.017503558297078392,0.008723864501751999,0.003905338332996111,0.005988791519501824,0.0033988931688978727,4.44467902860346e-06
2013-05-29,-0.0016667463941853276,-0.010942209457345031,-0.005477944486432351,-0.0032702024115806028,-0.006494417764262073,-0.0022170860956625235,1.3889776309117252e-06
2013-05-30,1.3889776309117252e-06,-0.002555758614061654,-0.0012847190647907736,0.0024257125530624535,0.0036921946255825677,-0.0005665815106233161,1.3889776309117252e-06
2013-05-31,-0.023080062917805854,-0.04026959800491725,-0.020141777665081628,-0.008787441636806337,-0.014352150908800376,-0.007955476865972472,1.1111679050213041e-06
2013-06-03,0.0026111960476133842,0.005169841419238264,0.0025639847236029745,0.004295741034890277,0.0055064602414776065,0.0009466936328954678,3.3335074194340564e-06
2013-06-04,-0.004036822515305933,-0.006125340913482713,-0.003069510214501303,-0.003474873393065847,-0.004807139755929057,-0.0012591705290710695,1.3889776309117252e-06
2013-06-05,-0.029737215180948396,-0.047352483580590965,-0.023683220452918374,-0.010484425819364374,-0.014000294049438256,-0.00934375687988872,1.1111679050213041e-06
2013-06-06,0.014510664153567254,0.027199990511031835,0.013593155497756193,0.007482439575547284,0.009052450561353176,0.0052498551709969235,1.3889776309117252e-06
2013-06-07,0.015444252041074356,0.03054022139424961,0.01526327093936497,0.010493294643557416,0.012721108059773556,0.005917135023833397,1.3889776309117252e-06
2013-06-10,-0.0014911835522990826,0.012017454373571601,0.005987791200769532,0.0001862659878306694,0.0,0.0022967914596539957,3.3335074194340564e-06
2013-06-11,-0.03149251233913772,-0.06279710359988955,-0.03140539155770472,-0.007100068284809802,-0.010315637492224083,-0.012377032781563053,1.3889776309117252e-06
2013-06-12,-0.0248736574057467,-0.06062792128868277,-0.03032080040210139,-0.007189915362192045,-0.00827776435460914,-0.011980275536393992,1.3889776309117252e-06
2013-06-13,0.018631680429554247,0.052775790576616854,0.02638105553054859,0.013421286711745584,0.015209386930867597,0.010260842991225906,1.3889776309117252e-06
2013-06-14,-0.011552948103561916,-0.03555718005755215,-0.017785429786535967,-0.004722623541657089,-0.006272860497958721,-0.007056666306882171,1.3889776309117252e-06
2013-06-17,0.008641632912282825,0.02791169445860353,0.013935327958916277,0.007031701187818928,0.007721258604050707,0.005418356924179388,4.166938680771892e-06
2013-06-18,-0.0008554439490037101,0.008412601875905423,0.004199461180192987,0.005138140814507697,0.007906060675677562,0.0015815302941240362,1.3889776309117252e-06
2013-06-19,0.0007809771805938193,0.0056301250558643545,0.0028082227701722307,-0.009344785578806247,-0.013817066615202211,0.001048439138357946,1.3889776309117252e-06
2013-06-20,-0.0359353037877366,-0.1164155524471494,-0.058214615981334594,-0.023893653783291446,-0.02477824982228427,-0.02288311664882698,1.3889776309117252e-06
2013-06-21,0.006858868978610596,0.0298611716801489,0.014923746082314615,0.012486445110671651,0.0032099623603580874,0.005738344044913871,1.3889776309117252e-06
2013-06-24,-0.013863156651799763,-0.05836189964074601,-0.029201469090758714,-0.0062134790757744085,-0.012635495517469897,-0.011491305848809388,4.166938680771892e-06
2013-06-25,0.006965536994339742,0.030998713613442197,0.01549265595737448,0.006474210138438519,0.009614125112914262,0.006001126629939607,1.6667944573445226e-06
2013-06-26,-0.0005742076270665736,0.027245959891017746,0.013616279096162476,0.005676718368632372,0.009901330743567582,0.005279980450085369,1.6667944573445226e-06
2013-06-27,1.6667944573445226e-06,0.03236506654024063,0.016175832420773695,0.002638357172495498,0.005869188286209415,0.006284207004751104,1.6667944573445226e-06
2013-06-28,1.6667944573445226e-06,0.008067025908865544,0.004026812105086153,-0.0014601617890496188,-0.004097201662660033,0.0015143794992942589,1.6667944573445226e-06
2013-07-01,3.3335074194340564e-06,0.022765855661208256,0.011361991844587749,0.0034719778544116675,0.005860136304473018,0.0044275564739570126,3.3335074194340564e-06
2013-07-02,1.1111679050213041e-06,0.0014237657948665827,0.0007049042348103995,0.0004753555425676126,-0.0009302535623663122,0.00021541834975208712,1.1111679050213041e-06
2013-07-03,8.333652794512147e-07,0.012066500898846755,0.0060261328854875895,0.0004829186983006384,0.00043461720731530207,0.0023161553421444914,8.333652794512147e-07
2013-07-05,2.7779571911690226e-06,0.05966104016392637,0.029816840567408187,0.003986048829098143,0.010788443187457863,0.011650081829515517,2.7779571911690226e-06
2013-07-08,3.3335074194340564e-06,0.039138597933009445,0.019548362980488232,0.0011088709677420372,0.005705123869617523,0.0075959014681269916,3.3335074194340564e-06
2013-07-09,1.3889776309117252e-06,0.009001033303984274,0.004493676894232079,0.0011696087619961215,0.007197293978492558,0.001682274939251086,1.3889776309117252e-06
2013-07-10,1.1111679050213041e-06,0.017624526681181862,0.00880528467796804,0.0001237872715738053,0.00036353693365431816,0.0033943019028438667,1.1111679050213041e-06
2013-07-11,1.1111679050213041e-06,0.019330610998161468,0.009658326836457842,0.00045640906629529354,0.013620809989741023,0.00372156331336723,1.1111679050213041e-06
2013-07-12,1.1111679050213041e-06,-0.009526384623974038,-0.004770170974609966,3.092887132805089e-05,0.00041776238627888596,-0.001938991990002918,1.1111679050213041e-06
2013-07-15,3.3335074194340564e-06,0.028937336861268426,0.014447732444617944,0.00022422738202920733,0.003820354513593749,0.005627606776602285,3.3335074194340564e-06
2013-07-16,1.1111679050213041e-06,-0.027930346650856697,-0.013972151988051351,3.092098143220312e-05,-0.003746256919508806,-0.0055551773930934256,1.1111679050213041e-06
2013-07-17,0.00841739799462141,0.037000884100946596,0.01849332448653751,2.3190019015739693e-05,0.002566640123462971,0.007194696744102798,8.333652794512147e-07
2013-07-18,0.0022254850004684713,0.009290536727893262,0.004638150800010843,1.5459654167493397e-05,0.0054782530968149334,0.0017521926682555816,8.333652794512147e-07
2013-07-19,0.008520321072338861,0.034526355094232075,0.01725605998318036,0.0011208075998485612,0.0017761848895057053,0.006721220656347685,8.333652794512147e-07
2013-07-22,0.003365720611798395,0.0139387185062958,0.0069480065623825915,0.002131010840359382,0.0019505196311491169,0.002678450195117307,2.5000979217981723e-06
2013-07-23,0.0007102965073606821,0.003310845080725322,0.0016484438777397692,-0.00059325690335299,-0.002123748439065709,0.0005941101209181653,1.1111679050213041e-06
2013-07-24,-0.0033674512079888324,-0.008732082905529515,-0.004373297914463392,-0.001827082449986639,-0.0036655703338497325,-0.0017595723674254733,5.555697535353232e-07
2013-07-25,0.009025817713461955,0.019784143046996494,0.00988495395956246,0.001737746953150321,0.0024330082266557085,0.0038291374170768694,8.333652794512147e-07
2013-07-26,0.001430827357655653,0.0033210766548998905,0.0016532818657515325,0.0006938929708641961,0.0010654004567614006,0.0005909339426096397,5.555697535353232e-07
2013-07-29,-0.005580160976195234,-0.011385140239937197,-0.005713922810733685,-0.00128666414983869,-0.0030750367163512315,-0.0022639828151826717,2.5000979217981723e-06
2013-07-30,0.009631417428943441,0.020733790178078193,0.010359777525103642,0.000509157113542047,0.0,0.0040132429928580555,8.333652794512147e-07
2013-07-31,0.011266586866438548,0.024190235229926804,0.0120881389523404,6.168460660638253e-05,0.0007120390033987789,0.00468263072093325,1.1111679050213041e-06
2013-08-01,0.010242643800786643,0.022079509481919724,0.011032776078337081,0.004949884348496525,0.011558076101512604,0.0042644865411028575,1.1111679050213041e-06
2013-08-02,0.01395368285854791,0.029762669914100703,0.014874356294427793,0.0018489819091311865,0.0016989855826543554,0.005771377624954654,1.1111679050213041e-06
2013-08-05,0.004935645341439169,0.010804075967272508,0.005381101997619986,0.0005666893852951382,-0.0014621085361451458,0.0020618791739552256,3.3335074194340564e-06
2013-08-06,-0.015211197061085882,-0.027359581710033498,-0.013686630612776862,-0.001783295192756551,-0.00568222200269719,-0.0054222888346178175,1.3889776309117252e-06
2013-08-07,-0.006743473592389056,-0.012649750396254045,-0.006331853860749859,-0.000774397350180922,-0.0032407018212665673,-0.002549449837352168,1.1111679050213041e-06
2013-08-08,0.007748382246210874,0.016229047748625103,0.008107684116552605,0.0018185585046384123,0.0036645912939432534,0.0031267139110374995,1.3889776309117252e-06
2013-08-09,-0.011619299286049654,-0.023330338570774822,-0.011672009043147358,-0.0010110294117646745,-0.0028857161152758826,-0.004634138839141517,1.3889776309117252e-06
2013-08-12,0.0060287714782969945,0.013463570363245303,0.006711265911237163,0.0008127089275309363,-0.0011810842202167882,0.002593538975839641,4.166938680771892e-06
2013-08-13,0.004211016115140034,0.009277197611684995,0.004631897956495878,0.0018998881517460209,0.002956484073789234,0.0017634790980452625,1.6667944573445226e-06
2013-08-14,-0.008549852446787048,-0.01722926723731144,-0.008621334468002284,-0.0010628373935249735,-0.005128848210700809,-0.003431146940691963,1.6667944573445226e-06
2013-08-15,-0.022313359427628302,-0.04363672772341598,-0.021825203619467826,-0.01220118950115967,-0.013986531789365597,-0.008614588125771606,1.3889776309117252e-06
2013-08-16,0.0028113618133514093,0.006900818861232061,0.003443569672856084,-0.0035645375012591796,-0.003305609263043574,0.001278140845759035,1.3889776309117252e-06
2013-08-19,-0.01112279530391692,-0.02396544556357172,-0.012003242052171514,-0.002970705114745509,-0.006392155256822685,-0.004730241837316727,4.166938680771892e-06
2013-08-20,0.008417535354746432,0.01818762884045455,0.009087113570880545,0.002675360939730309,0.004915867489921899,0.003508089969626653,1.6667944573445226e-06
2013-08-21,-0.013582749756115097,-0.028789868743688385,-0.014401913034467029,-0.0033994554647995834,-0.006159877560495408,-0.005716274418631139,1.1111679050213041e-06
2013-08-22,0.01742600916811721,0.039898925192533685,0.019942483933644173,0.00541709272283053,0.009115266770653552,0.00774632011385049,1.1111679050213041e-06
2013-08-23,0.006194408654232681,0.015364083990631494,0.007674924431380292,0.002600790329718272,0.003371711556003687,0.0029242277032868326,8.333652794512147e-07
2013-08-26,-0.016884331967783727,-0.04035507637768976,-0.02019889087961002,-0.0014635052887519429,-0.0037204385302200826,-0.0079677271758546,2.5000979217981723e-06
2013-08-27,-0.031935615663734346,-0.08228837882743967,-0.04115116807634267,-0.010422401960404226,-0.016084160535476788,-0.016219902294067938,1.1111679050213041e-06
2013-08-28,-0.0026452762539555565,-0.007150341495703594,-0.003582010505611688,0.0027819354434250876,0.0035505821011232452,-0.001508983555824888,1.3889776309117252e-06
2013-08-29,-0.00010063761405371482,-3.615293609038339e-05,-2.519403198086856e-05,0.0011722046825670684,0.0015863541192546737,-6.267823755061304e-05,8.333652794512147e-07
2013-08-30,-0.0032246880426599267,-0.009621573759922564,-0.004818043341659917,-0.0018733315640757642,-0.0031673345890040894,-0.0019377056275346714,5.555697535353232e-07
2013-09-03,0.010861772227198354,0.0328728593880252,0.01640795944035367,0.003917919201714248,0.004521606228022668,0.006413419413950578,3.333465284693915e-06
2013-09-04,0.0022822375204409992,0.007295171528961086,0.0036403293027820194,0.005873417721518948,0.008273088026185649,0.0013560340430875657,5.555697535353232e-07
2013-09-05,0.004151415044396292,0.012854913651440869,0.006420200364021911,0.0009447916424660807,0.0012668719656010463,0.002463395831874297,5.555697535353232e-07
2013-09-06,-0.0020724180371173052,-0.005926077352819137,-0.002970295138108092,0.0005183712311704891,0.00048160222047366474,-0.0012237975898340505,5.555697535353232e-07
2013-09-09,0.013459192021457655,0.04075092285984061,0.020353692045287586,0.005436211509612043,0.009576743307572855,0.007949782641602426,1.6667101867540168e-06
2013-09-10,0.009743535738307768,0.03109383746761729,0.01553966227211001,0.0030610439852023497,0.007397519821795928,0.0060128717158831994,5.555697535353232e-07
2013-09-11,0.0114857118139725,0.0373835594210179,0.018684523248810203,0.0016638679946938684,0.0031383709479229083,0.007250638568578297,5.555697535353232e-07
2013-09-12,-0.001901352758776947,-0.005979714820595894,-0.0029971138719966373,-0.0005128754707736105,-0.0026567302500488665,-0.001259112109370289,5.555697535353232e-07
2013-09-13,-0.0001062890952164406,-3.670852004256098e-05,-2.5749615933046144e-05,0.0009726657935651417,0.0022492139437038094,-6.994930316312045e-05,2.777813272736296e-07
2013-09-16,0.00441222876863078,0.014812744996776983,0.007384186430769102,0.0009258125726878674,0.005787675796878444,0.0028614474467254245,8.333442131913671e-07
2013-09-17,0.001822063422632551,0.0062432705582684545,0.0031143788174354814,0.00031341492313674557,0.004462281123934764,0.0011542307870501603,5.555697535353232e-07
2013-09-18,0.01533227167908078,0.04850698080034577,0.02424609504426134,0.0003515260817068544,0.011574363941873722,0.009450938473274566,2.777813272736296e-07
2013-09-19,-0.0011289668619934258,-0.0032548657016143734,-0.0016348282067188968,9.167023162026666e-05,-0.0016758511643985008,-0.0007349091141569883,2.777813272736296e-07
2013-09-20,-0.005298869013704671,-0.016854737447052237,-0.008434764079437773,-0.002085306608817894,-0.006991582386556505,-0.003365796499618146,2.777813272736296e-07
2013-09-23,-0.007050150451869466,-0.022189545563191748,-0.011116958849215264,-0.002602512189707862,-0.004627786176019111,-0.0044059122271051755,8.333442131913671e-07
2013-09-24,0.00543620853208151,0.01731575435835797,0.00865062071748035,-0.0010283723321795613,-0.002353416671265429,0.003323434189206377,5.555697535353232e-07
2013-09-25,0.00013488189643132722,0.0007779015159405933,0.0003816942962719949,-0.001398182362928324,-0.0028903996249299846,8.340506768771109e-05,5.555697535353232e-07
2013-09-26,0.00532394562485359,0.016202607917295664,0.008094047496949086,0.0021155961750021213,0.003845123285388219,0.0031207837659385134,5.555697535353232e-07
2013-09-27,-0.019482145958340462,-0.03917528592314268,-0.01959517720814674,-0.003086088037954293,-0.004596250195491147,-0.007751085763612242,0.0
2013-09-30,-0.01768929921477953,-0.04051333259796308,-0.020278435683614204,-0.004389342368704585,-0.005328536717487453,-0.008011198024326881,1.6667101867540168e-06
2013-10-01,0.016197510444396164,0.04265203430017306,0.021318760688387783,0.006984298863021099,0.007915912803836411,0.008282095567027503,5.555697535353232e-07
2013-10-02,-0.018329066130196893,-0.04893232978524387,-0.024473421354320624,-0.0013287964790733575,-0.0009445566754743284,-0.009679347554791287,5.555697535353232e-07
2013-10-03,-0.014795972893106529,-0.042522543927833056,-0.02126852842561522,-0.006206737425011433,-0.009221220307846778,-0.008423121358918375,5.555697535353232e-07
2013-10-04,0.008101294434105765,0.0258705828152046,0.012928173843666624,0.006183588338634527,0.007576574352376797,0.004994953913715722,8.333652794512147e-07
2013-10-07,-0.027673036652456514,-0.08708424144056492,-0.043563473411047604,-0.007330092606836258,-0.008644602529807921,-0.01712800380566636,2.5000979217981723e-06
2013-10-08,-0.011753620621963652,-0.043254418769197334,-0.021634326948534177,-0.01090973895660119,-0.011646636933386745,-0.008581935960315909,8.333652794512147e-07
2013-10-09,0.005981221970688219,0.02278056956022456,0.011383445022352667,0.0009713985789379098,0.0007255730248811876,0.004397232704526375,1.3889776309117252e-06
2013-10-10,0.028248037155624295,0.1051432601242055,0.05256479030434269,0.02023870084132251,0.02155756591937741,0.020558443493214822,1.3889776309117252e-06
2013-10-11,0.006491777122694793,0.029012518272864884,0.014499419378672496,0.005829964483242689,0.00644315205116186,0.005565231932902661,1.3889776309117252e-06
2013-10-14,-0.003432949880614312,-0.015107353390408251,-0.007572945753401061,0.002745555631820995,0.003994068045771959,-0.0030156969047937005,6.667363058321385e-06
2013-10-15,-0.009914824753348126,-0.044128067087471745,-0.022070456565604468,-0.005552133007810989,-0.007253960466298559,-0.008713798209928562,2.222449413613603e-06
2013-10-16,0.02204015288981637,0.1011229726475249,0.05055589686955386,0.012137574473617851,0.01396591082350529,0.019762375971185863,3.889584732963414e-06
2013-10-17,0.012318506659930482,0.0639811863150499,0.031984447977337904,0.0029621121673288897,0.00668317667287921,0.0124265928200185,2.778132776271036e-06
2013-10-18,0.0026607210570590923,0.014451214211043117,0.007218767347761723,0.000798613727115205,0.006754315433643132,0.002737481311640751,1.3889776309117252e-06
2013-10-21,-0.003336502389168581,-0.017399090329599076,-0.008720481150815806,0.0007603360534795822,5.7366076336773375e-05,-0.00345318775819333,3.3335074194340564e-06
2013-10-22,-0.00016634695311954536,-0.0005784687308604264,-0.0002962130280529385,0.0020084701776030833,0.005791355547933863,-0.0001721323123909156,1.1111679050213041e-06
2013-10-23,-0.0010849495530696517,-0.005444935309259269,-0.0027294463172524708,-0.0014188763100205781,-0.004788456537400565,-0.0011129751919489962,1.1111679050213041e-06
2013-10-24,0.002688780546737435,0.014322686326545986,0.007154364500650434,0.0015411795662143568,0.003321842955165799,0.002760038188011783,1.1111679050213041e-06
2013-10-25,-0.0007080759853645282,-0.003430586065757746,-0.0017224105968144388,0.0015388079867886262,0.004567530916970153,-0.0007292806337212689,8.333652794512147e-07
2013-10-28,-0.00048777856670784934,-0.00240182242772935,-0.0012218471998810543,0.000989319842608083,0.0015913618075971137,-0.0005020477225128499,3.3335074194340564e-06
2013-10-29,0.0007748553470420646,0.004261734321275856,0.0021238884980150363,0.0011006536534963196,0.0053344946718068,0.0007895354308604186,1.1111679050213041e-06
2013-10-30,-0.00113875678068581,-0.0054158347837672816,-0.002714896054506588,-0.0009797762221025463,-0.004967179052881243,-0.0011098998492790734,1.1111679050213041e-06
2013-10-31,0.0006144301885865513,0.0032996819045605363,0.0016428622896573764,-0.0002844886316846207,-0.0028365281334983283,0.0005988029270920542,1.1111679050213041e-06
2013-11-01,-0.0003864480479090221,-0.0015044999665755343,-0.0007592286459104924,0.001332983861908943,0.0023896471445017387,-0.000341707795541145,1.1111679050213041e-06
2013-11-04,0.007067191687395875,0.0331193815145272,0.016538754771247,0.001480783469071767,0.0035183439964181495,0.00646603845190632,3.3335074194340564e-06
2013-11-05,-0.0012273041675853508,-0.005380259513680041,-0.0026969695145999673,-0.0005824764209063638,-0.003166991066489433,-0.0011266090568610157,1.3889776309117252e-06
2013-11-06,0.004322314026522091,0.01830679398060875,0.009146557232544428,0.0012179357856434425,0.0051061584272507066,0.003540903801713384,1.3889776309117252e-06
2013-11-07,-0.008810735471310453,-0.03355283870304926,-0.016783259109284576,-0.002940386280187557,-0.012643436282018472,-0.0066396517629897485,1.3889776309117252e-06
2013-11-08,0.009509488921280245,0.03868180555013012,0.019334063017305114,0.003428092393826354,0.0134911734723,0.007514598494148895,1.3889776309117252e-06
2013-11-11,0.002892983624192823,0.010652662177252248,0.0053062285447538216,0.0004550201402357956,0.00016928311331887436,0.0020295775651290545,5.000391706921903e-06
2013-11-12,-0.0011379160226187342,-0.0035070595430186646,-0.0017602306208560625,-1.491190790403607e-05,-0.002030625315478596,-0.0007420908970885455,1.6667944573445226e-06
2013-11-13,0.0028131625312580485,0.009613754411310405,0.004800454183786718,0.00041753964762625273,0.008024675399487924,0.0018376155115375223,2.222449413613603e-06
2013-11-14,0.001482117662824102,0.005094863210292289,0.0025410085832775486,0.0001937767840507476,0.004989250067283457,0.0009461509530169802,2.222449413613603e-06
2013-11-15,0.006827266540129469,0.016060698892597536,0.008023926424430172,0.0009985022466298954,0.004351161188544284,0.0031000988708732176,2.222449413613603e-06
2013-11-18,8.755411451518227e-05,0.0011599309621093123,0.0005606964228577205,-0.001213384449324395,-0.00349929154897366,0.00018642718915208275,6.667363058321385e-06
2013-11-19,-0.008799908415224482,-0.014340236364457026,-0.007176402285032024,-0.0008123900664818162,-0.0021731800172817284,-0.002858785103671261,2.5002875438939753e-06
2013-11-20,0.014457936533573156,0.024103167182526475,0.012045160569394753,-0.0011934687423078572,-0.0031286027945783834,0.004652728545598898,2.222449413613603e-06
2013-11-21,0.018432493689188832,0.03173472266448263,0.01586093831037272,0.004398706526366203,0.00806878361749419,0.006139348029446848,2.222449413613603e-06
2013-11-22,0.004657262942916245,0.008680380825540679,0.00433362847538743,0.0024611129286500333,0.005002426825922779,0.0016102525399795428,1.9446183847637855e-06
2013-11-25,-0.000989520819952996,-0.0014349122716530438,-0.0007371419423031211,3.708566045856898e-05,-0.0009955054221554294,-0.0003363665737450634,5.833866499216356e-06
2013-11-26,-0.0029744054049496236,-0.00494135000028606,-0.002477098022011459,0.0003115079953719402,0.0002766063345371883,-0.0010346629841474827,2.222449413613603e-06
2013-11-27,-0.004211699420648064,-0.007137845421303024,-0.003575484648034588,0.0010157929858380932,0.002435185691051389,-0.0014678257410778441,1.9446183847637855e-06
2013-11-29,-0.003513687180981267,-0.005981777432020441,-0.0030040125888852742,-0.00030368795692059525,-0.000661975542120885,-0.0012332499514025156,3.889240551169237e-06
2013-12-02,-0.009392010755407599,-0.016745197861461114,-0.008392701474603137,-0.0008372478994710386,-0.0025965875398618055,-0.0033339312843509643,5.000391706921903e-06
2013-12-03,-0.012187341285682796,-0.022445063082075167,-0.01122937129879753,-0.0011568151987719766,-0.0043204756561049384,-0.004475936019016372,1.3889776309117252e-06
2013-12-04,0.00830366537977102,0.0170975476259545,0.00854207296363052,-0.00036377944571897025,-0.00011162769870787237,0.0032750953255766316,1.6667944573445226e-06
2013-12-05,-0.007272565036812592,-0.013144265476797146,-0.0065788335877454696,-0.0021686174321193796,-0.004395686105890806,-0.0026513584205582266,1.6667944573445226e-06
2013-12-06,0.018525196607116205,0.035865691298246016,0.017926144799776278,0.006080859805293493,0.01117670653631797,0.0069626364124912195,1.6667944573445226e-06
2013-12-09,0.006554573156508284,0.013580337183617397,0.006770066047935952,0.0012724434613422542,0.0025424753054452687,0.002589375063935162,5.000391706921903e-06
2013-12-10,-0.005381836321158372,-0.00912925776155915,-0.004571190818162596,-0.0008422919206473312,-0.00358302575688918,-0.001863337145410487,1.9446183847637855e-06
2013-12-11,-0.02701680448733334,-0.04476290229013424,-0.022388013082450087,-0.005730934475083327,-0.011230930434228292,-0.008845950431418068,1.9446183847637855e-06
2013-12-12,-0.0053361150130916005,-0.009473860972499248,-0.0047434924236327,-0.0013759147974057306,-0.0033012155228506757,-0.0019503890920266876,1.9446183847637855e-06
2013-12-13,-0.0007053992901895924,-0.0010547561629308255,-0.0005339400188484333,-0.00045430509938859664,-0.00011242978999392861,-0.0002718398174396088,1.9446183847637855e-06
2013-12-16,-0.008728712895812557,-0.0172528330172369,-0.008646102315094772,0.004984725430295933,0.006232401560381184,-0.0034240514576611967,5.833866499216356e-06
2013-12-17,0.005093213190814296,0.010820001737188445,0.005403438931211202,-0.0015124667294389438,-0.003180470826618431,0.002051848361725251,1.9446183847637855e-06
2013-12-18,0.033280307743904516,0.06748907407264171,0.03373797509893817,0.00839056989047715,0.01707199256021763,0.0131771219634669,1.9446183847637855e-06
2013-12-19,0.0008994000262215579,0.003089470112046966,0.0015381731186405734,0.0009204373918485498,-0.0011554904654798026,0.0004998563876893719,1.9446183847637855e-06
2013-12-20,0.00022626743820938538,0.000901594921569604,0.0004440966114380718,-0.0003163392922828079,0.005816769663682386,0.00012180805353931347,1.6667944573445226e-06
2013-12-23,0.014654601828810702,0.03666645489383247,0.018313541640439635,0.002870031717530086,0.005342729932525714,0.007154752831025999,5.833866499216356e-06
2013-12-24,0.013381124019080193,0.034136460573623406,0.017061668349428682,0.001394219127218932,0.002191542035880234,0.006608320312895911,1.9446183847637855e-06
2013-12-26,0.0005004546892675016,0.0015921506803644458,0.0007829514673072246,0.0017513391515897592,0.005083390538506816,0.00023579539178089935,3.889240551169237e-06
2013-12-27,-0.0073397852019165145,-0.018946786872102717,-0.009479955373434157,8.777961464767614e-05,-5.411754968465132e-05,-0.0037727628323766353,1.9446183847637855e-06
2013-12-30,-0.005529146312684628,-0.014388520590280285,-0.007213946101616631,-0.00027063005602778745,-0.00016277221727800661,-0.0028741480998418227,5.833866499216356e-06
2013-12-31,-3.342681979997015e-05,0.0002840393636007743,0.0001354577444174776,0.0007169979733832044,0.00473235839670072,-9.681413893332589e-06,1.9446183847637855e-06
2014-01-02,-0.007187570951192622,-0.019013095141876657,-0.009519671443813493,-0.0017107889368981333,-0.00958329376244571,-0.0037732644595836976,3.889240551169237e-06
2014-01-03,0.0036714852004364243,0.010248535755468913,0.005117705940351547,0.0008348895968361969,-0.00016411583522724094,0.0019421170363712091,1.9446183847637855e-06
2014-01-06,0.0037842322938544943,0.010257569262907884,0.005109098824977565,0.0003366042485311027,-0.002897687744491395,0.0019680716682713754,5.833866499216356e-06
2014-01-07,0.007247934953865781,0.01926820014461539,0.009627260314547748,0.002165246333345472,0.0061414570611537656,0.0037162001545928513,1.3889776309117252e-06
2014-01-08,-0.0007202935705731779,-0.0014842175859913764,-0.0007490874556184135,0.00019707885343911435,0.00021794746992620517,-0.0003617934935896877,1.1111679050213041e-06
2014-01-09,-0.0014657173042318394,-0.003241753142911974,-0.001627716329215878,0.0004962489418220972,0.0006541114577940377,-0.0006912153966989561,1.3889776309117252e-06
2014-01-10,0.008263058236468333,0.020837292489224613,0.010411667581989414,0.0010357705549397522,0.002722791770944477,0.004029180850858416,1.1111679050213041e-06
2014-01-13,-0.009612848062901934,-0.023785027450346163,-0.011913032995558681,-0.003424707442545083,-0.013305379929676286,-0.00471940723735083,4.166938680771892e-06
2014-01-14,0.01502793907456746,0.035209619151787,0.01759769201195782,0.0038093706130089,0.010897284885761138,0.006830363343332999,8.333652794512147e-07
2014-01-15,-0.001672233131272626,-0.0036282983862407914,-0.0018211278557432875,0.0005390089519190511,0.005390626662405529,-0.0007964900660659616,1.1111679050213041e-06
2014-01-16,-0.005232974957442007,-0.012199352266128005,-0.006106654795686728,5.823984624675482e-05,-0.0012996351799003936,-0.002450471375839715,1.1111679050213041e-06
2014-01-17,0.0012081113501978026,0.0031600341027129275,0.001573038388733572,-0.0015578251596043424,-0.004229438868371238,0.0005552130293229031,1.1111679050213041e-06
2014-01-21,0.004393261030003971,0.010570754304723762,0.005258018127110242,0.0019393833344270028,0.0029401380611600025,0.0020411009038310028,5.555922099498289e-06
2014-01-22,0.008890362109361172,0.017694621320435866,0.00884033199759493,0.000742233832764505,0.0006516650775687527,0.003395739410981753,1.1111679050213041e-06
2014-01-23,-0.01316857151745492,-0.02445844234285488,-0.012236199834050554,-0.004784584620977972,-0.008193318805315042,-0.004876320616716279,1.1111679050213041e-06
2014-01-24,-0.0674511034416487,-0.13457328759199783,-0.0672936224586217,-0.01622743247093894,-0.02133557268119557,-0.026470593128304697,1.1111679050213041e-06
2014-01-27,0.00017121067866422007,0.004603225805388744,0.002280676916678104,-0.003876832583218248,-0.004919665066356882,0.0007628999813402847,3.3335074194340564e-06
2014-01-28,0.01489105443643544,0.05314547934836544,0.026565899916422664,0.00580805821478636,0.005955101382350225,0.010362006293695537,1.3889776309117252e-06
2014-01-29,-0.019416897293827257,-0.07334483841821504,-0.03667925896686741,-0.009184376922677706,-0.009605598266199111,-0.014479100627106002,1.3889776309117252e-06
2014-01-30,-0.003448269687972076,-0.013341421783032326,-0.006677689554139055,0.010152322240842615,0.01060089668530484,-0.00272337916060727,1.1111679050213041e-06
2014-01-31,-0.01290110525248731,-0.05272630414933788,-0.026370408536367518,-0.006324942046052051,-0.005858416012322509,-0.010402791070944785,5.555697535353232e-07
2014-02-03,-0.019680451260546402,-0.08314178316865206,-0.04159266096895886,-0.02148814537106747,-0.022505554068536715,-0.016373181353590057,1.6667101867540168e-06
2014-02-04,-0.0007019662483280124,0.021528119982883398,0.010757220233682085,0.008119801346698763,0.007004894179148513,0.00412184615519924,1.3889776309117252e-06
2014-02-05,-0.00586984364769582,-0.024227720246915108,-0.012120560972804229,-0.0016547034378542325,-0.0012548637137484997,-0.004811684343827881,1.6667944573445226e-06
2014-02-06,0.02197412948102132,0.10136988250674905,0.050678379315991506,0.01313090796255234,0.013187611974306845,0.019815539386897656,1.9446183847637855e-06
2014-02-07,0.013886326221035607,0.07333957132011082,0.03666322372267228,0.012116594206146525,0.012395546879571118,0.014255352399190076,1.9446183847637855e-06
2014-02-10,-0.00021840128627901778,-0.0009384590418852756,-0.0004884985791396845,0.0019632735002361734,0.0018371972549222626,-0.000276029390402786,6.667363058321385e-06
2014-02-11,0.006316076391594144,0.035613800562558584,0.01780033834389627,0.009856063173092622,0.010943708272385777,0.006926301035755158,1.9446183847637855e-06
2014-02-12,0.0038978572428968,0.022401406473292473,0.011193863478886401,0.0007221427946195735,0.0004944756405385053,0.004305548186490947,1.3889776309117252e-06
2014-02-13,0.00033004376065780565,0.0022559591719424343,0.0011211398282113816,0.004577559752461768,0.005162673739240953,0.0003640885585403464,1.3889776309117252e-06
2014-02-14,0.003121473174577002,0.01778632809443681,0.00888604648328295,0.003976229692567834,0.0055188029683967965,0.0034246155686776442,8.333652794512147e-07
2014-02-18,0.0027760861425439563,0.015815539629188802,0.00787874396872601,0.0015393843907867133,0.0011951936164409371,0.0030472402121714255,2.2222808662153426e-06
2014-02-19,-0.011783546375639895,-0.06577954196041724,-0.03289661073796868,-0.0031101168999855267,-0.006621516886282208,-0.012973677179499378,1.3889776309117252e-06
2014-02-20,0.004873151111962471,0.028974919400937438,0.014480758851121989,0.005175571303447812,0.005901126447389382,0.0055712372747186885,1.6667944573445226e-06
2014-02-21,-0.00217389210549538,-0.012318453965254883,-0.006166066740387333,-0.00036006452356263097,-0.0011405246105540279,-0.0024981578135053694,1.3889776309117252e-06
2014-02-24,0.001453944185469074,0.008724376865739902,0.004341669162484019,0.002953592577117581,0.005547013728925743,0.0016584289804202875,4.166938680771892e-06
2014-02-25,0.0010741733473624304,0.006593851385263028,0.0032900859348716782,0.0,-0.00037912200734335766,0.0012260919783760851,1.3889776309117252e-06
2014-02-26,-0.00547430673273033,-0.025816025243766805,-0.012914852379643404,0.00033040280411422707,5.3932760556429926e-05,-0.005127608597295233,1.3889776309117252e-06
2014-02-27,0.0021271640740615923,0.010893364424894969,0.005439842454687538,0.003381920011488404,0.005247742300287905,0.0020576212418611487,1.3889776309117252e-06
2014-02-28,-0.002163233556241863,-0.009861767221035933,-0.004937862273140858,-0.0001645902061671034,0.002528989905784096,-0.0020014428030704105,1.1111679050213041e-06
2014-03-03,-0.017375192696920803,-0.07663653459368858,-0.03833878656722989,-0.0037504115432513974,-0.007031383339056285,-0.015076586692483681,4.166938680771892e-06
2014-03-04,0.015977621689427735,0.07737456572834267,0.03868044310641139,0.0065448223342958745,0.014055176140332026,0.015059264002296454,1.3889776309117252e-06
2014-03-05,-0.000614025356042683,-0.0015772211675211256,-0.0007954503415205094,0.0005995503372471234,0.0009062825896613003,-0.0004260508783186885,1.3889776309117252e-06
2014-03-06,0.00023006784976661691,0.004575336230792315,0.0022809672660493163,0.00038519427344518853,0.002290303944200156,0.0008377062335629901,1.6667944573445226e-06
2014-03-07,-0.005295585540292098,-0.02315599465204843,-0.011584837083784105,0.00016400105531122477,0.00042480738687267205,-0.004602823192083868,1.3889776309117252e-06
2014-03-10,0.0003251516763974972,0.0017331988191471304,0.0008464968657009297,0.0008198708168765112,-0.0005310344772253561,0.00028287099022325025,5.000391706921903e-06
2014-03-11,-0.0037425562762200323,-0.013576219189335603,-0.006794949352427748,-0.0006268654590008138,-0.004942599241065104,-0.0027206145398257233,1.3889776309117252e-06
2014-03-12,0.0029319417013695843,0.01066575269272474,0.005326036588602534,0.00047044399934415004,0.00026733082224539295,0.002025317893336134,1.3889776309117252e-06
2014-03-13,-0.013830168023167392,-0.04752812472327406,-0.02377090211939703,-0.004659480332575683,-0.0112135017299273,-0.00938425495152068,1.3889776309117252e-06
2014-03-14,-0.009786585250561265,-0.03396077170547618,-0.016987225610497925,-0.002906123617622769,-0.002807613478583826,-0.006746298789002325,1.3889776309117252e-06
2014-03-17,0.01609125198651691,0.05718967500845773,0.028574318233843377,0.007803358243777758,0.009043460941469128,0.011154430320929245,4.166938680771892e-06
2014-03-18,0.00883346745777906,0.034020408047267026,0.017003503174287005,0.002144088441867309,0.007137786372241051,0.00657958754685483,1.6667944573445226e-06
2014-03-19,-0.00655916827584081,-0.025168879882764283,-0.012591279699142088,-7.10797728289414e-05,-0.0053288310839525455,-0.005011572142934977,1.3889776309117252e-06
2014-03-20,0.0039730892632291554,0.015840051412968847,0.007913324857137694,0.0006966312901184324,0.005839558996569405,0.0030379011419674586,1.6667944573445226e-06
2014-03-21,-0.004520283018825184,-0.01584381092515985,-0.007928606311926711,-0.004858817261587545,-0.00387797984633087,-0.003168861793414963,1.6667944573445226e-06
2014-03-24,0.0006242222444663183,0.002410323311161644,0.0011850591117084086,-0.0021628798423881657,-0.004135466928984699,0.00042887712775140373,5.000391706921903e-06
2014-03-25,0.0040764503616452525,0.014781690420484273,0.007384144360895739,0.004177754885970053,0.004745468833506017,0.00284733028317262,1.6667944573445226e-06
2014-03-26,-0.0008468623297581636,-0.023008570296711994,-0.011511124906115833,-0.005293078391702122,-0.007192439397944561,-0.004573026261416843,1.3889776309117252e-06
2014-03-27,0.003895703615474428,0.01740030011215854,0.008693310298319323,-0.0012962923174985042,-0.002108415032256339,0.0033462195174406386,1.3889776309117252e-06
2014-03-28,0.0025106033993759678,0.009340520163454435,0.004663281419104326,0.0033919453846595893,0.004930470929530362,0.001768674257683641,1.1111679050213041e-06
2014-03-31,0.007442019808079692,0.02688292790965252,0.013420527968809992,0.006182059876644663,0.008193956885858666,0.005230249733022556,3.3335074194340564e-06
2014-04-01,-0.0008975559521712648,0.03425626796920289,0.0171212942268415,0.003984771213046745,0.0066309725895541405,0.006644629658170312,1.3889776309117252e-06
2014-04-02,1.1111679050213041e-06,-0.00670360016918492,-0.003358778747215352,0.0015776776302292017,0.003346618956252323,-0.0013948716329533091,1.1111679050213041e-06
2014-04-03,0.002334617847309829,0.009869229645742328,0.004927358361172418,-0.00031786395422761515,-0.0013239318876205886,0.0018762803450217318,5.555697535353232e-07
2014-04-04,-0.009255954863915568,-0.024577279369994987,-0.012295896146696128,-0.005836424659954043,-0.011821963114948875,-0.004881223277931835,5.555697535353232e-07
2014-04-07,-0.009169666051968759,-0.024919677792163863,-0.012481191586847018,-0.008152154599535222,-0.011051650406013747,-0.0049414971337774635,2.5000979217981723e-06
2014-04-08,0.00619563377236845,0.017531414631477116,0.008758589751802992,0.003883856913551975,0.004123151648444789,0.0033682133879210053,8.333652794512147e-07
2014-04-09,0.0086636781996089,0.024525250572681623,0.012255507722405357,0.008515710879837712,0.010750877677589532,0.004744053016515681,8.333652794512147e-07
2014-04-10,-0.0211747967418295,-0.05929051414796671,-0.029652235736606136,-0.0177794135341538,-0.02100579189488383,-0.011697385030018362,1.1111679050213041e-06
2014-04-11,-0.00978886375585856,-0.03003146401745238,-0.015022710671348971,-0.00821473608358858,-0.009008697422752454,-0.00598090708000462,1.1111679050213041e-06
2014-04-14,0.0011318577933233662,0.0036061297811416093,0.0017821289045545363,0.007737857376394208,0.007878602659251,0.0006543462573499676,3.3335074194340564e-06
2014-04-15,0.004376915308078833,0.013137091647749344,0.006561567161252002,0.00671953857245855,0.006887206187603967,0.0025256252934468394,1.1111679050213041e-06
2014-04-16,-0.0010580270739583278,0.03339877532246205,0.016692408998608466,0.010642259653947717,0.01047817510330007,0.006498463366888238,1.1111679050213041e-06
2014-04-17,1.1111679050213041e-06,0.018678952768642176,0.009332497721698196,-0.0010204226250372095,0.0013967147612552466,0.003594954628549237,1.1111679050213041e-06
2014-04-21,3.333465284693915e-06,0.01184260189859021,0.005892830695636286,0.0020216493821554327,0.0034871183767619662,0.002287762548414817,3.333465284693915e-06
2014-04-22,0.0025719996831078556,0.010056979125719678,0.005021510900236947,0.001713165178856002,0.004544424873676123,0.0019184891866480698,1.1111679050213041e-06
2014-04-23,-0.0031589396739303385,-0.007636587246622417,-0.0038254111872467744,-0.00021907972381818297,-0.002341369537604776,-0.0015504504224914401,8.333652794512147e-07
2014-04-24,-0.0034725993414410523,-0.008513287566922934,-0.004263900245160102,0.001816639570226819,0.002026969636770959,-0.0017201997329434164,5.555697535353232e-07
2014-04-25,-0.002961206937271892,-0.007230953124359063,-0.003622871918091186,-0.004515723891707402,-0.008199160909033276,-0.001469035209356344,2.777813272736296e-07
2014-04-28,0.009399459168291588,0.023399200993072578,0.011678247805771091,0.002310631029081467,0.0031675081132647165,0.004555214618077501,2.5000979217981723e-06
2014-04-29,0.005061690259851548,0.012922810346846836,0.006454287609487741,0.0015486553570038808,0.004655137121851727,0.0024712623720059656,8.333652794512147e-07
2014-04-30,-0.0006205978652542748,-0.0012649319601176767,-0.0006397224417573621,0.0019275305015815647,0.0029826836944588653,-0.00030370061441327347,5.555697535353232e-07
2014-05-01,0.0014219725346208882,0.0037733708734333238,0.001879567872780985,0.0006765089320319717,0.00010621119897269438,0.0006936930162347858,8.333652794512147e-07
2014-05-02,-0.0014978200584914924,-0.00303383654421141,-0.0015240358360415485,0.00045774325532921267,-0.0014338985351597389,-0.0006432414142366516,8.333652794512147e-07
2014-05-05,0.007653161870457527,0.017776886667865588,0.008866673949300408,0.0010276913547222488,0.0019143435227080285,0.003453831561783937,1.6667101867540168e-06
2014-05-06,-0.00516551801883614,-0.011731254752271103,-0.005872744940071173,-0.002967400781931029,-0.008704135609209684,-0.002360034945342359,8.333652794512147e-07
2014-05-07,0.00992651624494516,0.022746597267327084,0.011366181069727865,0.002574229494322511,0.0058896706737936455,0.004406370002856384,8.333652794512147e-07
2014-05-08,-0.0007638222721161442,-0.0012814829485435775,-0.0006478590382074101,0.00013365692378042304,-0.0010644427593630157,-0.00031511442234834046,8.333652794512147e-07
2014-05-09,0.008900998894228013,0.01980949204737148,0.009897628459750063,0.001842812328554988,0.0014922485006902964,0.003837692258668564,8.333652794512147e-07
2014-05-12,0.013551498947994841,0.02974437931574614,0.014850836967108094,0.0017621949507147239,0.00973571682664165,0.0057858015598284945,2.5000979217981723e-06
2014-05-13,-0.0015112029997203865,-0.002626826511219593,-0.001320530819545529,0.00020324206129518352,0.0008956560237152189,-0.000587341906479125,8.333652794512147e-07
2014-05-14,0.0037273933654455933,0.008972856072918534,0.00447931047252359,-3.503461419895881e-05,-0.004737791192624519,0.0017095338570624202,8.333652794512147e-07
2014-05-15,-0.010024430102838924,-0.013829256384366273,-0.006921745756118813,-0.00044845877332500006,-0.00877996157163563,-0.002767319228858524,8.333652794512147e-07
2014-05-16,0.012055875164460475,0.018607914860519825,0.009296839866324236,0.0021942277089597173,0.003468223515450175,0.003590562334364872,8.333652794512147e-07
2014-05-19,0.014189660685217036,0.02024704578096803,0.010102170199718818,0.0020635142697258413,0.0036690525587654843,0.003922910365020031,2.5000979217981723e-06
2014-05-20,-0.002780051295127022,-0.0035341852928895134,-0.0017742102103806001,-0.0022756622805486515,-0.006304970295747836,-0.0007586007498389945,8.333652794512147e-07
2014-05-21,0.014456393347294764,0.020797180397242876,0.010391472634685872,0.0035821981543284753,0.008424486516652063,0.004011536474505027,8.333652794512147e-07
2014-05-22,0.0019036966843622998,0.003125739149592466,0.001555890912173341,0.0008435524013357121,0.002432166981169104,0.0005311813506719053,1.1111679050213041e-06
2014-05-23,0.006634733357211418,0.00981331742257896,0.004899541147353803,0.0019712737353896337,0.0040085787352581725,0.0018569091926755998,8.333652794512147e-07
2014-05-27,0.022660028966920164,0.03125250022107284,0.015598335463749224,0.0016197990892974357,0.006146470689834427,0.0060791718617462425,4.44467902860346e-06
2014-05-28,-0.001407708160036642,-0.0015722684501536799,-0.0007931128876997873,0.0002984494509918889,-0.0007306248000203963,-0.0004016594577296862,1.1111679050213041e-06
2014-05-29,0.006140563168438466,0.008931879111907959,0.004458960893331199,0.0009158970587215265,0.005172920479288301,0.0016837446383902758,1.1111679050213041e-06
2014-05-30,-0.0019741531297626496,-0.002333845259853251,-0.0011739012925494619,0.000561513452059792,0.001611528585480082,-0.0005317566308971426,1.1111679050213041e-06
2014-06-02,0.003939480971620132,0.005781432354069915,0.0028697801910184673,0.0003672038466335792,0.0011414351293148606,0.0010820292438353907,3.3335074194340564e-06
2014-06-03,-0.003307637865839216,-0.004215206440455921,-0.0021145818828507412,-2.770332509161033e-05,-0.0005183223390009539,-0.0008974341993327436,1.1111679050213041e-06
2014-06-04,0.007249350595574704,0.010500343116770283,0.005243192895762583,0.00011081637034826564,0.002022885673517605,0.001990100937358567,1.1111679050213041e-06
2014-06-05,0.026951450987501343,0.03761073856309194,0.018798390618923078,0.000734077105797093,0.006521991055504994,0.0072998253535365345,1.1111679050213041e-06
2014-06-06,0.03594078213528397,0.05255454519889091,0.026270293936822675,0.00048441230407259006,0.004782968814467159,0.010202273280929508,1.1111679050213041e-06
2014-06-09,-0.00802726797117934,-0.013243914395047907,-0.006642893183540166,2.7667300708911213e-05,0.001023582222207775,-0.0026992725883775723,3.3335074194340564e-06
2014-06-10,0.007480387681839313,0.014074183322491551,0.007030112998622773,5.5333070501095705e-05,0.00010216705649690461,0.0026771096472080497,1.1111679050213041e-06
2014-06-11,-0.013354205158929523,-0.023433637086669346,-0.011723797205957509,1.3832502230526345e-05,-0.003476592535685885,-0.004678587828608944,1.1111679050213041e-06
2014-06-12,-0.026607768398976377,-0.04973884543049445,-0.024876401377870172,-0.00031814315058542597,-0.0070798593749020755,-0.009841820940265464,1.1111679050213041e-06
2014-06-13,0.009646315776743694,0.023836305317662676,0.011911173996208557,0.0001176120600789865,0.0030484651273829932,0.004565515800231116,1.1111679050213041e-06
2014-06-16,-0.0005157217775129014,-0.0008753797153079335,-0.0004586258436704016,0.00032512451577204615,0.0008245066419505509,-0.00024254956785263378,3.3335074194340564e-06
2014-06-17,0.01141809810400566,0.026737886580056047,0.01336196462740502,-4.149176734180582e-05,0.002779050848290554,0.005175496904088859,1.1111679050213041e-06
2014-06-18,0.02367091369739186,0.05572620665092143,0.027856124662837933,0.00020746744489996694,0.007339579128124996,0.010833672609427542,1.1111679050213041e-06
2014-06-19,-0.0032318694378126217,-0.007877671714464518,-0.00394595342116788,3.4570735181205237e-05,0.0011213808577374973,-0.0016674620475922487,8.333652794512147e-07
2014-06-20,-0.003177605806928106,-0.007785207240588621,-0.003899860081992834,-0.0003802649409552217,0.0020304414093328393,-0.0016055250150636032,5.555697535353232e-07
2014-06-23,0.008195085689437536,0.021656124976572766,0.010806293103653886,0.0005740726651497496,-0.0003061975647411508,0.004183512986434134,1.6667101867540168e-06
2014-06-24,-0.013520369275157634,-0.03490079608621344,-0.01745751560704245,-0.003760437980423692,-0.006024302934083958,-0.006934615809129177,8.333652794512147e-07
2014-06-25,0.011028280719563537,0.03176317552529606,0.015874470198712576,0.003150152650568838,0.0045198843201714745,0.00612691234409797,8.333652794512147e-07
2014-06-26,-0.002083553861894525,-0.005319631903779931,-0.002666933515825587,-0.00045651361932308454,-0.0007161587490647214,-0.0011429608136502786,8.333652794512147e-07
2014-06-27,0.0025652644820506163,0.007619241707792268,0.0038026421912733532,0.0015154870318598856,0.001944596190697423,0.0014185654877521482,1.1111679050213041e-06
2014-06-30,0.004734238836271015,0.01364836903115818,0.006802831824813671,0.00031093023416506327,-0.0005106420868055128,0.002613829836149266,2.5000979217981723e-06
2014-07-01,0.008848352374481628,0.025306450638045375,0.012646246656399684,0.0032395767137292086,0.006693354695991749,0.00487742645508413,1.1111679050213041e-06
2014-07-02,0.004013196534816594,0.011868331173145785,0.005926909124874147,0.0004406469247664191,0.001014727265580051,0.0022294765478629674,5.555697535353232e-07
2014-07-03,0.0032508344531107874,0.00964777979469944,0.004816633435650974,0.001816867967379121,0.004918340205306571,0.0018059083731311039,5.555697535353232e-07
2014-07-07,-0.008337723672075744,-0.02322050046412727,-0.011639831655479216,-0.0007625249881499929,-0.00348154544938839,-0.004614662497037534,1.111125771835475e-06
2014-07-08,-0.003324321489235799,-0.008900026854759435,-0.004456992090002498,-0.0025368147506495964,-0.0064301862515804276,-0.0018386231791434795,1.1111679050213041e-06
2014-07-09,0.006381430773753529,0.017282510470592705,0.008634137671360564,0.002488127976621124,0.00448441565461466,0.0033086522526774324,8.333652794512147e-07
2014-07-10,-0.016919000431544522,-0.04346945179855144,-0.021741843463211286,-0.0014025438294946735,-0.003956931111550044,-0.00861171736971375,8.333652794512147e-07
2014-07-11,0.004515828932601124,0.013621526513039273,0.0068035067948211125,0.0012323919419467977,0.001375225249947487,0.00256197359844993,5.555697535353232e-07
2014-07-14,0.012668171630917893,0.035333238843321624,0.017644850037028315,0.0020973010142684156,0.005035186933348701,0.006860124460230708,1.6667101867540168e-06
2014-07-15,-0.007991216431927255,-0.019286825674653896,-0.009650530401262625,-4.8034035545097e-05,-0.0018724038704236445,-0.0038864649623366033,8.333652794512147e-07
2014-07-16,0.00881419360042129,0.023040492345306696,0.011512989710954935,0.0009538645237880949,0.0037014655139950836,0.0044478071758521035,5.555697535353232e-07
2014-07-17,-0.030053692641819296,-0.07745477244015886,-0.038734642681778064,-0.0025846347917894974,-0.011365762695334292,-0.015262148273050736,5.555697535353232e-07
2014-07-18,0.015166118963138698,0.05002177648607842,0.025003631781340685,0.0038904354400797203,0.010218771292691553,0.009689276394957754,5.555697535353232e-07
2014-07-21,-0.009496617368949318,-0.029305256730761786,-0.014674397750013557,-0.0005066723267899143,-0.001871456717761233,-0.005826560345269399,1.6667101867540168e-06
2014-07-22,0.008514833966521236,0.027840478143387637,0.013913121507758142,0.002356535618624811,0.0043582665147330335,0.0053830501256789025,8.333652794512147e-07
2014-07-23,-0.0017476545815006156,-0.005363397989362917,-0.0026888165586169688,0.0008747889913272022,0.002219750693595479,-0.0011279488458094968,8.333652794512147e-07
2014-07-24,-0.0038786667180235423,-0.01226995447664303,-0.0061420948022572475,0.0003072742046719146,5.048055415590724e-05,-0.0024619329661057497,8.333652794512147e-07
2014-07-25,-0.0069035253902187625,-0.021319081943382945,-0.010666658535627205,-0.001870383769983719,-0.004681646705566145,-0.004241418982911799,8.333652794512147e-07
2014-07-28,0.003419303408944165,0.01079587384865377,0.005376584233561799,0.0007728080973874452,0.0004045880818341896,0.002065525098154606,2.5000979217981723e-06
2014-07-29,-0.002046901951808614,-0.0060484869533795615,-0.003031222139312506,-0.0017631019660636627,-0.0042974354609124354,-0.0012446424413549916,1.1111679050213041e-06
2014-07-30,-0.002449636424376812,-0.007309158004343841,-0.0036618354638706663,0.00023275714530202052,0.0001527411769410847,-0.0014876433246199874,5.555697535353232e-07
2014-07-31,-0.03404167221887009,-0.10464682614211018,-0.05233039173367804,-0.014626066840509377,-0.019748659468729945,-0.02057556848968161,1.1111679050213041e-06
2014-08-01,-0.012849157256820589,-0.047611752518989414,-0.023812993823430273,-0.0018197982941128288,-0.0030554340967106075,-0.009458111487476124,8.333652794512147e-07
2014-08-04,0.014508179713955358,0.05699529834733297,0.02847629648290151,0.007786514508385078,0.007220974432121663,0.011114859176002776,2.5000979217981723e-06
2014-08-05,-0.015890072826995144,-0.0662016850715168,-0.03310782119838118,-0.009763238025533472,-0.009696210428954966,-0.013067092941136048,1.1111679050213041e-06
2014-08-06,-0.001279013494939704,-0.004980528708648957,-0.002497381918260211,0.0008855419586515367,0.0003124647722032581,-0.0010656279361442981,8.333652794512147e-07
2014-08-07,-0.005474889693233068,-0.023769551853945692,-0.011891893490908578,-0.0052110183778963926,-0.005414948663473695,-0.00470520598558816,8.333652794512147e-07
2014-08-08,0.007511527104312938,0.03287675997682249,0.016431262424475568,0.011345014496407346,0.011568801616269164,0.006390794992608624,8.333652794512147e-07
2014-08-11,0.013331255225131641,0.05874428517195951,0.029350789895214557,0.003032946944202086,0.0028981631961348953,0.011469807288293422,2.5000979217981723e-06
2014-08-12,0.0020627857534874215,0.009845547791436315,0.004915795233095155,-0.0011598044901003357,-0.0013933458612830352,0.001841914716480082,1.1111679050213041e-06
2014-08-13,0.011914525088888179,0.05444889689779653,0.027217330884962587,0.007008376876503242,0.006768809420537147,0.010625237009986147,8.333652794512147e-07
2014-08-14,0.007543016348578189,0.0361391108452227,0.018062576759988458,0.004365193756949326,0.004722114869909033,0.006994230567802385,1.1111679050213041e-06
2014-08-15,-0.0006283505032625016,-0.002647219976058768,-0.0013305886506521647,0.00828242240354271,-0.00020412834282856895,-0.0005982081950311652,1.1111679050213041e-06
2014-08-18,0.008253121549251249,0.037153239634020174,0.018555267126245,0.004317297656324159,0.008379095551664717,0.007250578833215064,2.5000979217981723e-06
2014-08-19,-0.001519517689197954,-0.006171122261243833,-0.003092678694557649,0.0019435427815606143,0.005218621113926458,-0.0012928399297054112,8.333652794512147e-07
2014-08-20,-9.311181942867578e-05,-3.6152936090494414e-05,-2.5194031980757536e-05,0.0007206794592882204,0.002672052010715298,-8.075486364603643e-05,8.333652794512147e-07
2014-08-21,0.0015825956740246703,0.007156970900749737,0.003571506787751977,0.0009086136574729675,0.002915285735244799,0.0013354311305851583,1.1111679050213041e-06
2014-08-22,-0.0018320999392534734,-0.0074554076937406455,-0.003734960308568902,-0.00010758978703950817,-0.0015535565821117592,-0.0015367120246322541,5.555697535353232e-07
2014-08-25,0.0023486105718028352,0.010326323802507975,0.005141809210488901,0.0016005702872283756,0.005070463066353392,0.001966519519492782,2.5000979217981723e-06
2014-08-26,-0.002216720696090281,-0.008990517921083963,-0.004502237623164929,0.0003894316312487156,0.0006490777134597892,-0.0018397454733337314,1.1111679050213041e-06
2014-08-27,-0.001820230852711235,-0.007342440188542132,-0.0036783376582065763,8.054069654273022e-05,-0.0003990368578196124,-0.0015145649574481216,8.333652794512147e-07
2014-08-28,-0.0006784920463535339,-0.0025087684186084758,-0.0012613628719270187,-0.00010737894701506878,-0.0005495136355895269,-0.0005643313106901794,1.1111679050213041e-06
2014-08-29,-0.0028539592568269053,-0.011763030182165624,-0.005888632655018489,0.0006174952513271492,0.0028476942089592505,-0.0023746470116319265,8.333652794512147e-07
2014-09-02,-0.0005715359665720162,-0.001076751934079856,-0.0005668462206990244,0.0006238219491416785,-0.0004977353043651433,-0.00026206236002328855,3.333465284693915e-06
2014-09-03,0.004325889462755746,0.01425751701007627,0.007121640941102347,2.6814324211921203e-05,-0.0005483410166354785,0.0027302286271551914,8.333652794512147e-07
2014-09-04,-0.000171449621044454,0.0001514643246975922,6.861459841323025e-05,-0.00046253469010182346,-0.0014468096382564966,-4.7619165776679066e-05,8.333652794512147e-07
2014-09-05,0.008316754576146569,0.02072315134668501,0.010354458109406828,0.0010059754944369281,0.004495757189305616,0.0039980775133577956,8.333652794512147e-07
2014-09-08,-0.0028709507894489907,-0.006386997618973211,-0.003214851500251803,2.6799053993498134e-05,-0.0025858650354824153,-0.001320358927020187,2.5000979217981723e-06
2014-09-09,-0.011780649030032451,-0.02603982247836567,-0.013027167700881526,-0.0011590280243597428,-0.006331080154106661,-0.005177140230977496,5.555697535353232e-07
2014-09-10,0.002000860572748223,0.005275897533633556,0.002630692305118254,0.0011067140653295837,0.003762518419792915,0.0009491649855316109,5.555697535353232e-07
2014-09-11,0.0006508838177766926,0.0021670213433009344,0.0010762542099518324,0.00038859669692814514,0.0011496685130245599,0.00035649123283761487,5.555697535353232e-07
2014-09-12,-0.011834246682500854,-0.023142977586558366,-0.011578745254977929,-0.0008706542631922165,-0.00584111865842285,-0.004603798616039606,5.555697535353232e-07
2014-09-15,-0.01628757434265564,-0.026923736241115992,-0.01348363750519066,0.0002547207121454953,-0.0007532781173645864,-0.005344198451545696,1.6667101867540168e-06
2014-09-16,0.03412382234952265,0.05465106926838348,0.027318278172493216,0.0013939056835163832,0.007538083653586325,0.010634135992590645,5.555697535353232e-07
2014-09-17,0.0046350052338990375,0.010380235935050441,0.005182861505826475,0.00022753280822329636,0.0013468266708820398,0.0019444274685169087,5.555697535353232e-07
2014-09-18,0.0070604306438506684,0.013831057712143213,0.006908272394373194,0.00020740919157247184,0.00533029707007926,0.002656483818220959,5.555697535353232e-07
2014-09-19,-0.00405831145164914,-0.007407089838632364,-0.003710801381014761,-0.0004214215955156142,-0.000901099487835122,-0.0015117029754408268,5.555697535353232e-07
2014-09-22,-0.026717468573348738,-0.050649794791142844,-0.02534666678020414,-0.005019038887513316,-0.007723081316556191,-0.009970240040688111,1.6667101867540168e-06
2014-09-23,-0.015221922363043344,-0.032862969528849595,-0.016438880120336563,-0.0042641628721894476,-0.005724466735297029,-0.006528017733782528,2.777813272736296e-07
2014-09-24,0.019341688821738506,0.045769743092860526,0.02287747619051861,0.006180469715698411,0.007828284799328067,0.008906341206659575,2.777813272736296e-07
2014-09-25,-0.02766266697433571,-0.07116613784458703,-0.035590325383992205,-0.012660947087176577,-0.016135685846894843,-0.014034829917961462,5.555697535353232e-07
2014-09-26,0.0077611692234959674,0.024768126534099988,0.012376667911138117,0.007139166145394116,0.007945133115169423,0.004760723084045541,2.777813272736296e-07
2014-09-29,-0.017394180104691934,-0.05401083477975466,-0.027027603457496663,-0.0017147563560752088,-0.0018187140396086487,-0.010637737125818265,8.333442131913671e-07
2014-09-30,-0.0014552603639611068,-0.004193418138389471,-0.0021039655308933147,-0.0018800043280674528,-0.002632509183664866,-0.0009014592865941834,5.555697535353232e-07
2014-10-01,-0.00959075409744084,-0.03166660104791841,-0.015840556985657783,-0.01235145060097298,-0.013551521688360602,-0.006252988188038162,5.555697535353232e-07
2014-10-02,0.005219578723443058,0.017999641412672185,0.008992564244637569,0.00015778172613201136,0.00015416011957225528,0.0034689575586673693,5.555697535353232e-07
2014-10-03,0.02081839456756455,0.07086911031619025,0.03542715980218336,0.010905798592534488,0.01100911033049834,0.013844644609433847,2.777813272736296e-07
2014-10-06,-0.008024904329497243,-0.030538181258709995,-0.015291276696974387,-0.0011127395103944782,-0.0011705812854241326,-0.00606808945142477,8.333442131913671e-07
2014-10-07,-0.01888540526342856,-0.07215241623342816,-0.036083464578412716,-0.014855318570846432,-0.01543602889831186,-0.014212016640611372,5.555697535353232e-07
2014-10-08,0.022924180081563227,0.09553466483947926,0.04776007595804099,0.017071976722538906,0.017489251984360132,0.01864159037572586,5.555697535353232e-07
2014-10-09,-0.020818859980267806,-0.09876241324394508,-0.049388601977884194,-0.020317404361767766,-0.01983290996598064,-0.01947575500101746,2.777813272736296e-07
2014-10-10,-0.02202474761643731,-0.11454678821999575,-0.05728078946590953,-0.01055967670504876,-0.011414357394488706,-0.022565074042489794,2.777813272736296e-07
2014-10-13,-0.0005097704509237084,-0.12713943190609078,-0.06359190202066489,-0.016498118696935293,-0.01642692773060661,-0.025017945543435467,8.333442131913671e-07
2014-10-14,2.777813272736296e-07,0.060040265102411006,0.030012737195293848,0.0030932893398849526,0.0015474193002553704,0.01166892195351312,2.777813272736296e-07
2014-10-15,5.555697535353232e-07,-0.12466105535624117,-0.06233778413981905,-0.00776254412953159,-0.006766518456761128,-0.02451134307875498,5.555697535353232e-07
2014-10-16,5.555697535353232e-07,0.05113342102762641,0.025559454052114683,-0.0017647016796816795,-0.000857682274213456,0.009930082559433211,5.555697535353232e-07
2014-10-17,8.333652794512147e-07,0.05298271498843787,0.02648423993028337,0.006691955339249933,0.011810327393647624,0.010331925860669552,8.333652794512147e-07
2014-10-20,1.6667101867540168e-06,0.08564492563576676,0.04280069343325077,0.006640361167395525,0.009709605005068012,0.016746316263045232,1.6667101867540168e-06
2014-10-21,0.009548754430238693,0.07544969555197589,0.03771759131428909,0.00764889927889878,0.019810863258554745,0.014702885249780976,5.555697535353232e-07
2014-10-22,-0.00033343795087227253,-0.06788303840123289,-0.03394877566231502,-0.0030769877761579467,-0.007110524241766836,-0.013410319278624159,5.555697535353232e-07
2014-10-23,0.005179163926234537,0.044030429331928245,0.0220079582042656,0.004450443989791442,0.011624895511714861,0.008541175792408342,5.555697535353232e-07
2014-10-24,-0.00035457397259003873,0.01961647067070893,0.009800839979442921,0.0018968823932914436,0.007694817089043182,0.0037673261018619938,2.777813272736296e-07
2014-10-27,-0.00018956920229236458,0.0016582210360363003,0.0008069244503985384,0.00045411039773091133,-0.0013742669020277987,0.0002762059197682064,8.333442131913671e-07
2014-10-28,-0.00040695371397805543,0.07025299632095305,0.03511924169877778,0.002660577366237815,0.011470041008505572,0.013724599577610602,5.555697535353232e-07
2014-10-29,5.555697535353232e-07,-0.03495706565225132,-0.017485789287824294,0.00013929225604703,-0.0015120274269068146,-0.006959378599515793,5.555697535353232e-07
2014-10-30,8.333652794512147e-07,0.006405564855320733,0.003195664863724579,0.0008495644241415246,0.006410869170652145,0.001178418369591351,8.333652794512147e-07
2014-10-31,2.777813272736296e-07,0.01940473570152812,0.009694972494852516,0.0010227865715777273,0.011435349165174413,0.003747385628691395,2.777813272736296e-07
2014-11-03,8.333442131913671e-07,-0.010801949459267268,-0.005423160797253135,0.00022241992882565675,0.0005454410976708512,-0.0021715233915132618,8.333442131913671e-07
2014-11-04,5.555697535353232e-07,0.0033829040523438714,0.0016841955644733009,-0.00016677785190122307,-0.0034693734787517583,0.000602337158952831,5.555697535353232e-07
2014-11-05,8.333652794512147e-07,0.028001230241479824,0.013993497556804346,0.0005977203224909466,0.0063164927175485275,0.005435195628933514,8.333652794512147e-07
2014-11-06,8.333652794512147e-07,0.02731509466467741,0.013650429768403027,0.00019449036578089718,0.004002747212548341,0.00528004421593286,8.333652794512147e-07
2014-11-07,8.333652794512147e-07,0.000620445882031806,0.0003031053770801151,0.00022917621567564161,0.0009354907366618814,4.441423658394624e-05,8.333652794512147e-07
2014-11-10,2.5000979217981723e-06,0.04168111838161925,0.020819206500044762,0.0001180334242885106,0.003147347780968257,0.00813233622744009,2.5000979217981723e-06
2014-11-11,-0.00016493054694937596,0.00269115194823355,0.0013383195124181402,-9.025020132746864e-05,0.0009803405165633716,0.0004355289295808742,5.555697535353232e-07
2014-11-12,-0.0045760257317464465,-0.023054333544915262,-0.01153442323415621,1.3885899563303994e-05,-0.0010775099461053372,-0.004581862444424643,5.555697535353232e-07
2014-11-13,-0.004435427190663141,-0.022642813710339493,-0.011328663316868437,0.00010414280060833114,0.001127972522571019,-0.00451498489790217,5.555697535353232e-07
2014-11-14,0.003969308721903592,0.01714625690009064,0.008565871988346574,4.165278240586545e-05,0.0002446734507692838,0.0032890051001411165,5.555697535353232e-07
2014-11-17,-0.0008514686464326242,-0.00306884497261406,-0.0015561918709395828,0.00012495314257154888,0.0006367429685443238,-0.0006560990612795167,1.6667101867540168e-06
2014-11-18,0.0009856297558540313,0.004212213076981275,0.0020989889745550716,4.858681770225637e-05,0.0057737813707741115,0.0007677996808789374,8.333652794512147e-07
2014-11-19,-0.003913808379230472,-0.013108326156452854,-0.006561419539925062,1.3881273468019373e-05,-0.0016055373327515943,-0.0026332061092887073,5.555697535353232e-07
2014-11-20,0.00676299809430573,0.02197853280087192,0.010981871044524194,2.776216156186173e-05,0.0017541139152355,0.004240874202448293,2.777813272736296e-07
2014-11-21,0.004083053056651442,0.011701874119065536,0.005843680597834133,-2.776139084570417e-05,0.005350769604505645,0.0022178167654916996,5.555697535353232e-07
2014-11-24,0.009508967717939564,0.024250410371893683,0.012103019118327563,0.002332021571199716,0.002806199098956741,0.004700363966664412,8.333442131913671e-07
2014-11-25,0.002220678659183015,0.00599942937844955,0.002992458227526029,0.0,-0.0007234175062365011,0.0010955770554760623,5.555697535353232e-07
2014-11-26,0.005859630118923427,0.015071994437242608,0.007528740756922669,0.0013156345859559604,0.002558698847825891,0.00288889264537635,5.555697535353232e-07
2014-11-28,-0.018656025220985608,-0.03687717026005122,-0.018453098053268446,-0.0018256377630404552,-0.0021189303939257442,-0.007297502775814368,1.1111398157126473e-06
2014-12-01,-0.02365908327156204,-0.04806513142110913,-0.024054335095187174,-0.0035263227174162637,-0.006949586336500335,-0.00949658324118177,1.6667101867540168e-06
2014-12-02,0.031886571017960226,0.07755571058096988,0.038770737726549154,0.004227095123545244,0.006463829568112978,0.015113225422112164,8.333652794512147e-07
2014-12-03,-0.0013121596514775724,-0.003222557609483867,-0.0016183963686775549,0.0023192700184155868,0.003862831361874708,-0.0007529113928234274,8.333652794512147e-07
2014-12-04,0.0055404895655279725,0.01646899824027348,0.008227103764224974,-0.0003177300261781868,-0.001106290602504223,0.0031657636697390943,2.777813272736296e-07
2014-12-05,0.004595917650183222,0.013815460584313488,0.006900473830458331,0.0008083962661766808,0.001637107653928771,0.002634343816143433,5.555697535353232e-07
2014-12-08,-0.021627136901153192,-0.0620276887579887,-0.03103561376362718,-0.002540594278139907,-0.00668230822573046,-0.012220064185397617,1.6667101867540168e-06
2014-12-09,-0.001559080714744293,-0.004060972657707218,-0.002037603892789175,-0.00021456256921370542,-0.0006777461946849694,-0.0009003872698764533,8.333652794512147e-07
2014-12-10,-0.035973555705040385,-0.11613700620465572,-0.05807548176495081,-0.013008051284536415,-0.016031721996208725,-0.02283380143398266,1.1111679050213041e-06
2014-12-11,-0.020620284276063685,-0.08281120132078612,-0.04141271822432868,0.004580206214491067,0.005070246348456653,-0.016362663765220085,8.333652794512147e-07
2014-12-12,-0.0011069600809504622,-0.004160431187396396,-0.002087333157633764,-0.013063544263142157,-0.01616139729606203,-0.0009133616123579616,8.333652794512147e-07
2014-12-15,0.0041377757342553325,0.018533613906145607,0.009245037568439862,-0.00669251230969492,-0.006869219726046927,0.0036010626131095496,1.6667101867540168e-06
2014-12-16,-0.017487607029080268,-0.07788521705449547,-0.03894958718987063,-0.007848667435864543,-0.008019649985794741,-0.01533164300092891,1.1111679050213041e-06
2014-12-17,-0.0006936798693815594,0.1218543943275916,0.0609200795998599,0.020401424223281506,0.01960458143068422,0.02380736079717758,8.333652794512147e-07
2014-12-18,0.004005670424385169,0.02568401167296308,0.012834888272545752,0.022364329632912572,0.024728636303068097,0.00491322170871478,8.333652794512147e-07
2014-12-19,-0.0005165733346261365,0.03662024300999489,0.018303142842374553,0.0023120591777050503,0.004254945146778155,0.007119736713074645,1.1111679050213041e-06
2014-12-22,3.3335074194340564e-06,0.007408089279450802,0.003683108653709244,0.0023547826803331784,0.004599991965549499,0.0013978298608619973,3.3335074194340564e-06
2014-12-23,0.004308772207358209,0.028005639789663084,0.013995980137071706,0.00117804991644066,0.0013495161013186152,0.005440997454942274,1.3889776309117252e-06
2014-12-24,-0.0030504100039191752,-0.017250771251315355,-0.008632503189593299,0.00046519264448341424,9.62704643818757e-05,-0.0034501474074768433,8.333652794512147e-07
2014-12-26,0.004193261962154029,0.02429318963311955,0.012131804104774657,0.001634255080550151,0.0032251066315587273,0.004712003889965503,5.555627315967371e-07
2014-12-29,-0.00258943444195189,-0.014697294516134773,-0.007370833325686776,0.0007782473051480832,0.0013431467089706217,-0.002932619163371666,8.333442131913671e-07
2014-12-30,-0.003589672794121139,-0.020378914535644554,-0.010196574831757954,-0.0015825699025218132,-0.005366090143216429,-0.004053283151055047,8.333652794512147e-07
2014-12-31,-0.015127774403167506,-0.0861983887915776,-0.043106311959724475,-0.005903050592696357,-0.009923020765910229,-0.016962775647956698,8.333652794512147e-07
2015-01-02,0.0009043184219978975,0.0059500788649036185,0.0029610821078236427,0.001566999539521996,-0.0005349103563402346,0.0010769272675660126,2.2223370448326563e-06
2015-01-05,-0.011333419803774697,-0.06321608831042791,-0.03162981353984651,-0.011541971742069168,-0.018059663833048245,-0.012427259632504215,1.6667101867540168e-06
2015-01-06,-0.0055401672135655475,-0.03134173813708674,-0.01567798663247888,-0.008261192527439065,-0.009419357646132775,-0.006222989266419807,8.333652794512147e-07
2015-01-07,-0.0004806024022547265,0.04960148654395091,0.02479362570803989,0.01085701085701074,0.012461332889967203,0.00967032422905397,8.333652794512147e-07
2015-01-08,0.008846031719382887,0.05493418245560355,0.0274599736638661,0.012935571436485604,0.017745027340951625,0.010700792530383961,8.333652794512147e-07
2015-01-09,-0.008760748927359919,-0.05165649365595726,-0.02583536439191436,-0.003958270666411412,-0.00801358385162887,-0.01020672990213764,8.333652794512147e-07
2015-01-12,-0.006903334570442877,-0.04127358399760084,-0.020658561383433027,-0.0061977940520394625,-0.007833610486593257,-0.008150333572187814,1.6667101867540168e-06
2015-01-13,-0.003865337780402748,-0.020984075697939586,-0.010499155412905359,-0.002520822686022939,-0.0028127577847275598,-0.004177804229074919,8.333652794512147e-07
2015-01-14,-0.00046526877615065315,-0.009904196539073817,-0.0049592158334723635,-0.005414425080835561,-0.0060371783295731785,-0.00199183698673953,8.333652794512147e-07
2015-01-15,1.1111679050213041e-06,-0.04510245075654462,-0.022558204040895147,-0.009077808795171505,-0.009160326738849589,-0.00888728190366336,1.1111679050213041e-06
2015-01-16,8.333652794512147e-07,0.03202841244726673,0.016007088659697688,0.0039130831863878335,0.013114379460205772,0.006219734191305192,8.333652794512147e-07
2015-01-20,3.333465284693915e-06,0.0008706166862009201,0.0004068380894415302,0.0018334499650103364,0.002132179124721967,0.00013959675940478162,3.333465284693915e-06
2015-01-21,0.01459810884360244,0.06207564830614554,0.03103070658913709,0.0032829940906107247,0.00504814484503302,0.012129076784273628,8.333652794512147e-07
2015-01-22,0.012180651627411956,0.05264310286489904,0.026314433868514175,0.006057146039879724,0.014871033933485656,0.01023625358273773,8.333652794512147e-07
2015-01-23,-0.00630840137371483,-0.027379041579971286,-0.013696638353921209,-0.0011349323884789486,-0.0054825565352421,-0.0054519742438144106,8.333652794512147e-07
2015-01-26,0.013563195472688038,0.060249715172164375,0.03010308820144947,0.00209231110310526,0.002341285186135522,0.01176312070649766,1.6667101867540168e-06
2015-01-27,-0.007689525391935696,-0.03515587927588515,-0.017585057201878196,-0.005060840707964753,-0.013190232656829282,-0.006984705239584903,8.333652794512147e-07
2015-01-28,-0.029451828024932295,-0.13699055917198333,-0.0685025360476903,-0.006191455652222122,-0.012824425305441034,-0.026934768942515484,5.555697535353232e-07
2015-01-29,-0.0006604188725471689,0.06638471031639037,0.03318509869649655,0.004964444786283995,0.009243245799035682,0.01288818050085384,5.555697535353232e-07
2015-01-30,-0.016227865701372617,-0.0915118125164518,-0.045763023822161686,-0.007222025089231532,-0.012574359228245569,-0.018029627439224455,8.333652794512147e-07
2015-02-02,-0.00048083979508161155,0.04197322004306159,0.020964840636898074,0.008444939694019826,0.012383797444096123,0.008149087078070315,1.6667101867540168e-06
2015-02-03,5.555697535353232e-07,0.04234151679412279,0.02116350193536265,0.005921025199104868,0.014461124595981145,0.008233016049816671,5.555697535353232e-07
2015-02-04,5.555697535353232e-07,-0.04329466296731821,-0.021654587945357684,-0.0009326682602629477,-0.0038077954257635938,-0.008561797457965382,5.555697535353232e-07
2015-02-05,2.777813272736296e-07,0.04527589529365739,0.022630552290916928,0.0029458339960306557,0.010094982937411512,0.00880699259133325,2.777813272736296e-07
2015-02-06,5.555697535353232e-07,-0.025618634416009756,-0.01281657366970368,-0.0005240042196129613,-0.002765225789786996,-0.005097771165865872,5.555697535353232e-07
2015-02-09,-0.00393112012822685,-0.020626626971820827,-0.010335082870543189,4.828885010454975e-05,-0.004475748083466402,-0.00409013264591516,1.6667101867540168e-06
2015-02-10,0.007358508885210344,0.042660367658436504,0.021322788473306487,0.0025591854754152266,0.010653472722603086,0.008308575542259321,2.777813272736296e-07
2015-02-11,0.0007571084481760483,0.004734415805776715,0.002359812546976814,0.00036466468050555534,0.0005798003122952089,0.0008555599549739902,2.777813272736296e-07
2015-02-12,0.00883870591697765,0.05059093556068395,0.025288072424430208,0.0009904258831296975,0.009617049693340318,0.009870965634275183,2.777813272736296e-07
2015-02-13,-0.00045727264246032436,0.005857478895102686,0.002921482985852819,0.00030920184696570097,0.004116623787015605,0.0010669632195931154,5.555697535353232e-07
2015-02-17,-0.0012802690058658984,-0.004517463450336878,-0.0022883131485839092,6.869028238587482e-05,0.0015727377527769981,-0.0009165646135083228,1.111125771835475e-06
2015-02-18,0.0035766290629549984,0.020511514473863013,0.010248500775232872,6.181700791940692e-05,9.527727051872326e-05,0.003973518664749256,5.555697535353232e-07
2015-02-19,0.0023277882605967346,0.013432757627655167,0.006709122352129171,2.0604395604362225e-05,-0.0007136742201447888,0.0025736886558041907,5.555697535353232e-07
2015-02-20,0.00692881936594224,0.03933698163078825,0.01966123435369549,0.00379799866760977,0.006000361942551935,0.007657139617994597,5.555697535353232e-07
2015-02-23,-0.0011835574183607772,-0.006189432842959031,-0.0031164858061122347,0.0006089383945921956,-0.00014193222267355754,-0.001274582985238549,1.6667101867540168e-06
2015-02-24,0.009060463622673287,0.04933911385159595,0.02466230046409934,0.0021744333139595007,0.0028407133075918356,0.009621763340955231,5.555697535353232e-07
2015-02-25,-0.0035597617208333963,-0.019062305921874967,-0.009538409422636174,-0.00012281407995196059,-0.0008496513220873636,-0.003823996208907068,5.555697535353232e-07
2015-02-26,0.003739616364325652,0.020201664506478867,0.010093575791540799,-0.00014330069262002976,-0.0011814928619963139,0.003897486808004672,5.555697535353232e-07
2015-02-27,0.0018177398971749874,0.009944188815006028,0.004964976843567337,-0.000505036717534324,-0.003406219838024138,0.0018845082244649302,8.333652794512147e-07
2015-03-02,0.0067304203671096265,0.02786273577810494,0.013909598504419973,0.0027039945373847907,0.006313638226885798,0.005420209575967535,1.6667101867540168e-06
2015-03-03,-0.006791186617946026,-0.025242592237762262,-0.0126285525805796,-0.0016616046742846668,-0.004103830457239277,-0.005022744999175407,5.555697535353232e-07
2015-03-04,0.00022643165203574254,0.0014741432865104098,0.0007298151815566811,-0.0011527809988950422,-0.004215650431178775,0.00021990079597558208,5.555697535353232e-07
2015-03-05,0.006327056136201058,0.01908403824298044,0.009534623765578454,0.0006282736814788858,0.0010937856204848995,0.0036899336874941127,2.777813272736296e-07
2015-03-06,-0.016752313921596675,-0.04767001851787622,-0.023842265720636524,-0.007616447705169782,-0.014064386730422984,-0.009412900628317141,5.555697535353232e-07
2015-03-09,0.005188592981330976,0.015557943495667192,0.007756785680214318,0.00400938043724941,0.004144617151700114,0.0029835981469118226,8.333442131913671e-07
2015-03-10,-0.018860408442891375,-0.05223584422135241,-0.02612517857237484,-0.011932160666337954,-0.01622189722375167,-0.010303251494813719,5.555697535353232e-07
2015-03-11,-0.0036735637781694737,-0.010445868621970056,-0.005230190772683718,-0.002128249566724416,-0.0023418943505887357,-0.0021288804055270213,5.555697535353232e-07
2015-03-12,0.020981773985284623,0.062925796146855,0.03145578050949194,0.010601418617091518,0.012714057319208383,0.012286979594661102,8.333652794512147e-07
2015-03-13,-0.008694734299381307,-0.027082830266321634,-0.013548532697096327,-0.003911486296049316,-0.006132271392286448,-0.005400981718127383,8.333652794512147e-07
2015-03-16,0.006605122978148727,0.021888157099057892,0.010922725858763638,0.01012422360248455,0.013360665265761185,0.004242582780338643,2.5000979217981723e-06
2015-03-17,0.0020599762840060962,0.00685798302955698,0.0034221517570187654,-0.0017148674223014249,-0.002972508029678189,0.0012823630296725104,1.3889776309117252e-06
2015-03-18,0.015646421967774004,0.0488852659856136,0.024435793235046965,0.008219496838128615,0.012021386789502486,0.009533412914064636,1.3889776309117252e-06
2015-03-19,-0.0002957060142567378,-0.0006395621984226496,-0.00032689866314694616,-0.00026473523082881645,-0.00456139180744497,-0.00021063263421770175,8.333652794512147e-07
2015-03-20,0.005836485243169083,0.019194616294678335,0.009590190583403713,0.0021320224337648686,0.008826742299538948,0.0037127855299325433,8.333652794512147e-07
2015-03-23,0.0014809361581939388,0.005075172594747546,0.002515400229754272,-0.00023714022440246563,-0.0019486977284177698,0.0009443802069443433,8.333442131913671e-07
2015-03-24,0.0031553539897823286,0.01033919036570996,0.005162477618919192,-0.0031242164045079956,-0.005618712419373617,0.001972111319631592,8.333652794512147e-07
2015-03-25,-0.0127859531941908,-0.039913731345113224,-0.019964122134255247,-0.01065290694512433,-0.014653763604146386,-0.007886325467475587,5.555697535353232e-07
2015-03-26,0.002570963042991433,0.0084810117975187,0.004233527236136458,-0.0018278143875103403,-0.0023817856744130506,0.0015860493192664383,1.1111679050213041e-06
2015-03-27,0.0036415116945463875,0.011617483293441921,0.005801624082785395,0.0025884086105889548,0.0022897530005518973,0.0022225319805324333,8.333652794512147e-07
2015-03-30,0.007794941676904376,0.024260873860368015,0.012109500944167628,0.009544146828802669,0.012199799165657499,0.0047156111282098765,3.3335074194340564e-06
2015-03-31,-0.009403671465983574,-0.028984041244407344,-0.014498999284826564,-0.0061008372497942664,-0.008739429170094626,-0.005751433369570677,1.1111679050213041e-06
2015-04-01,0.003589368390301436,0.011694052342501537,0.005839908607315092,-0.0030041332493908612,-0.003535987550808861,0.00222368033708534,8.333652794512147e-07
2015-04-02,0.00541766058142125,0.017090674171542863,0.008538219521835755,0.003747606267974435,0.0035973821576584797,0.0032935376214319086,8.333652794512147e-07
2015-04-03,-0.010596233508686907,-0.03260290817410205,-0.016308710548749716,,,-0.006455543855000484,5.555697535353232e-07
2015-04-06,-0.0010124120323659266,0.05093094968931089,0.025443705460022947,,0.006732981365255908,0.009931077850263753,1.6667101867540168e-06
2015-04-07,-0.00037800627916857255,0.0020760981200353967,0.0010309314960821325,-0.0011561165365469028,-0.0026461017835039957,0.0003205072922406095,8.333652794512147e-07
2015-04-08,0.007061082001913019,0.022519960245827253,0.011252723661214992,0.0025600174299058587,0.003376684829111243,0.004363587132728895,5.555697535353232e-07
2015-04-09,0.012446615263198912,0.03606051271089661,0.018023138791512627,0.0042376910016979075,0.00442383190626594,0.007002928715619951,8.333652794512147e-07
2015-04-10,0.01598745071342705,0.046306848324943584,0.023146306598536004,0.004172471157877666,0.0054569609038122024,0.00899921352473487,8.333652794512147e-07
2015-04-13,-0.01651561207582514,-0.04444426756338071,-0.022243903166323076,-0.0023637796230074892,-0.00452246490531949,-0.008789913742717096,1.6667101867540168e-06
2015-04-14,0.009848548187725029,0.029049069894245827,0.014517417383187237,0.0017010935601458055,0.0019125912891788666,0.005609701200165173,8.333652794512147e-07
2015-04-15,0.0064895982622989005,0.019163569268383585,0.00957452817249349,0.003989433392635577,0.0044871669068207165,0.003693634575996337,5.555697535353232e-07
2015-04-16,0.004264728818868791,0.01271153674805836,0.006348511912330546,0.000624228105031488,-0.0002852678100508932,0.002434895397377344,5.555697535353232e-07
2015-04-17,-0.012978104837756504,-0.03535449020775372,-0.017684501565575328,-0.005493805214754843,-0.011503359163162585,-0.006986294208668229,5.555697535353232e-07
2015-04-20,0.01004211795491918,0.029980272063214963,0.01496794996398787,0.005025023944744911,0.009136898323657716,0.005825172838951338,8.333442131913671e-07
2015-04-21,0.0009760867997381654,0.003210811152486892,0.0015982880123077692,-0.00012080293685368115,-0.0011910516414056493,0.000564027986794514,8.333652794512147e-07
2015-04-22,0.004278831707015113,0.012946644856834055,0.00646620486448124,0.001993489277444027,0.004913702133229059,0.0024935675122965103,8.333652794512147e-07
2015-04-23,-0.0010923770242013174,0.012282830092544605,0.006134297482336626,0.001158880508031812,0.0025163059214592387,0.0023553691080907503,8.333652794512147e-07
2015-04-24,8.333652794512147e-07,0.004722289995639173,0.0023540274338837985,0.0009233548559768323,0.0023202652270515323,0.0008728018113606051,8.333652794512147e-07
2015-04-27,-0.011763941839941706,-0.028942530626834384,-0.014492618004182556,-0.0011364168109471162,-0.004157662970066145,-0.0057072853118787965,2.5000979217981723e-06
2015-04-28,0.013034687691328185,0.03814177694245946,0.019063632009531206,0.0014522529998728384,0.003178894283264899,0.0074147945463727185,5.555697535353232e-07
2015-04-29,-0.001047894958049851,-0.037184026088166955,-0.018599269505782168,-0.0009890403635391953,-0.004114357622308273,-0.007364473495500554,5.555697535353232e-07
2015-04-30,-0.00785018506252441,-0.020303103268624723,-0.010158946990224127,-0.004495223824686256,-0.010020809122638141,-0.004051303218936473,2.777813272736296e-07
2015-05-01,0.017221645388094963,0.053411245133480056,0.026698227210828263,0.005536890202929801,0.010841267001333144,0.01041728763784666,2.777813272736296e-07
2015-05-04,-0.000985790933482797,-0.00011012555989642347,-7.724884756765693e-05,0.0017174093181149264,0.002847615433765993,-9.091640723308078e-05,8.333442131913671e-07
2015-05-05,-0.014472425648401264,-0.04169493546553715,-0.02085472419446721,-0.004629722283373772,-0.011451730964019746,-0.008219998422730683,5.555697535353232e-07
2015-05-06,-0.005483812923927194,-0.016906436729977048,-0.008460613720900234,-0.0018162686737217548,-0.004116814194593865,-0.00338709992246141,2.777813272736296e-07
2015-05-07,0.0040602687697289756,0.013325506136296683,0.006655496606449596,0.002303002632003004,0.003989471298014635,0.0025606484826132562,5.555697535353232e-07
2015-05-08,0.013392937543012408,0.04290275489156925,0.02144398208987286,0.005888303110283433,0.013166131472422737,0.008362401723460677,2.777813272736296e-07
2015-05-11,-0.0009252597211075941,-0.02977032286468717,-0.01490734749996303,-0.00045951597650462084,-0.004772885237658064,-0.0058972919944962985,8.333442131913671e-07
2015-05-12,0.004110093950653785,0.01631098300769862,0.008148235042150676,-0.00045306451505444656,-0.0029909143328498144,0.0031354875658624096,5.555697535353232e-07
2015-05-13,0.004517773609471522,0.013865900776389717,0.0069258328242591816,0.0010598516207729336,0.00019052753298454128,0.002665517258629952,8.333652794512147e-07
2015-05-14,0.0074932440143527556,0.022173027434188697,0.011079257255395714,0.001105340258356735,0.010427420204361049,0.004295531477342849,5.555697535353232e-07
2015-05-15,-0.0010825607797095324,0.006068376886205318,0.003026793087190782,0.001263751612946118,0.0010838907647312546,0.001129924952730808,2.777813272736296e-07
2015-05-18,0.01075796075528465,0.034878026528845085,0.017417243879789934,0.0017205186799171823,0.0031070408642437375,0.006807175847435977,1.6667101867540168e-06
2015-05-19,0.00222616195491964,0.006805992291124552,0.003395739683863752,0.0001923140687687397,-0.0003290172920518142,0.0012625777205992638,5.555697535353232e-07
2015-05-20,-0.00016131877920175317,-3.6430731616410306e-05,-2.547182750678445e-05,-9.282342332794791e-05,-0.0007036865872888098,-7.39487968407456e-05,5.555697535353232e-07
2015-05-21,0.01292134517017877,0.03644255420097697,0.018214020638789963,0.001598037265433394,0.002912253331657899,0.0070846562031544125,5.555697535353232e-07
2015-05-22,-0.0027981839835034064,-0.007684614288021807,-0.0038495636057094273,-0.00035749515064442683,-0.00238895937223349,-0.001599284740731902,5.555697535353232e-07
2015-05-26,-0.01100181552571712,-0.03162337379249691,-0.015840712742116847,-0.005556401782816911,-0.01075178068901872,-0.006246376101673908,2.2222808662153426e-06
2015-05-27,0.008078106901694321,0.02498311578910295,0.012484301432853062,0.005614086495558057,0.009492426770001394,0.004813583607110618,5.555697535353232e-07
2015-05-28,0.0003596866607138224,0.001560593813793476,0.0007729015509849724,-0.0005695326521015787,-0.0011283732122570056,0.00022452422072668195,2.777813272736296e-07
2015-05-29,-0.0033372169844107912,-0.009062458453676925,-0.004538624582750228,-0.0031739721035021207,-0.006213150097470921,-0.0018399328191693323,2.777813272736296e-07
2015-06-01,0.0010511535367160316,0.003208361908446866,0.0015819948866040434,0.001555478741790628,0.0020367007804951154,0.0005762778901035163,8.333442131913671e-07
2015-06-02,-0.007244270208043355,-0.01853394403761044,-0.009274228480503743,-0.0003318510652419171,-0.0009928832042050972,-0.0036973033337505804,5.555697535353232e-07
2015-06-03,0.011306777779480923,0.027781364694395405,0.013883286991285937,0.0019585712388794363,0.002649883865322167,0.005373917950480649,2.777813272736296e-07
2015-06-04,-0.013413048789280011,-0.0328892048687941,-0.016451858896095573,-0.005652188317927465,-0.008446534497990599,-0.006530604842857652,5.555697535353232e-07
2015-06-05,0.004212561549494966,0.010414475294511005,0.005199981185556757,-0.00019325345523846238,-0.00171308520723501,0.0019590074434612417,5.555697535353232e-07
2015-06-08,-0.010505091904536563,-0.02419462622201307,-0.0121186658017719,-0.004392367012590492,-0.006149653191586557,-0.004794553914453982,2.5000979217981723e-06
2015-06-09,0.0069967269648185185,0.01754217783486034,0.008763832455731535,0.0001941435591199525,-0.00014423329040524902,0.003364997828931445,5.555697535353232e-07
2015-06-10,0.01961376903596282,0.045140512295238855,0.022562999685920904,0.010193905075533971,0.011993520859531426,0.008780256930814797,5.555697535353232e-07
2015-06-11,0.008651600327745784,0.020530018070126665,0.010257752573364698,0.0020274836674927244,0.003223637878623453,0.003930029559122308,5.555697535353232e-07
2015-06-12,-0.009328487224149286,-0.021358481500667104,-0.010686636106245206,-0.004853470165044338,-0.0076549837802784015,-0.004265546784927612,2.777813272736296e-07
2015-06-15,-0.019665594175455436,-0.04704225742556811,-0.02354289809741672,-0.003946896304269809,-0.004285467475535154,-0.009284719523016065,1.6667101867540168e-06
2015-06-16,0.008693098812039043,0.02398265292389068,0.011984070000246705,0.005523535062439855,0.005451568649578853,0.004610546816995915,5.555697535353232e-07
2015-06-17,0.0004736324977490721,0.0015607355694142733,0.000772972428795482,0.0027200594432503777,0.0016174045886938604,0.00024350702064884224,2.777813272736296e-07
2015-06-18,0.015644979616386563,0.040947988752079834,0.020466599020128484,0.008336531209061526,0.010399108147608027,0.007984100842456557,2.777813272736296e-07
2015-06-19,-0.01087410632136781,-0.029651986682234788,-0.014833388697029104,-0.002335927350034739,-0.004439187190492078,-0.005892212888171707,2.777813272736296e-07
2015-06-22,0.01971086168216528,0.056607493104624984,0.028281560484693102,0.004557831182668393,0.005122685087677548,0.011046913583462166,8.333442131913671e-07
2015-06-23,0.009450278716787455,0.028874856105807867,0.014430032696992168,0.0011719338217481834,0.0007084640236738604,0.005568436010789897,2.777813272736296e-07
2015-06-24,-0.010774749737977835,-0.03275922160904787,-0.016387006160435535,-0.003720948482193065,-0.007262888386456501,-0.006496226627087126,2.777813272736296e-07
2015-06-25,-0.0009622996566824195,-0.002564088469495185,-0.0012894395906591916,-0.002152951447006557,-0.003040310038060934,-0.0005761742705592733,2.777813272736296e-07
2015-06-26,0.002424838025388635,0.007644855725767563,0.003815032506971905,0.00023680938817660646,-0.00019076278010088377,0.0014499887289364886,2.777813272736296e-07
2015-06-29,-0.056579882970246395,-0.1719237134318783,-0.08598404278355853,-0.01652669722538247,-0.020970421055834687,-0.03375344806749862,8.333442131913671e-07
2015-06-30,-8.645856831957595e-05,0.0028381650283548776,0.001411826052478915,0.0028754079067030425,0.0020932830595283836,0.0003970477168010774,5.555697535353232e-07
2015-07-01,0.014946677109001421,0.07587008946218177,0.03792764937517901,0.00635443476869324,0.008015258841014283,0.01483672902456805,2.777813272736296e-07
2015-07-02,-0.010865506056738503,-0.058096196765269004,-0.029055493738546323,9.276007606340286e-05,-0.0009154126200501267,-0.011488228050761374,2.777813272736296e-07
2015-07-06,-0.003578854195464848,-0.019292636730664836,-0.009675899788747833,-0.002000781762410475,-0.0028457512548785147,-0.0038414737476469485,1.111125771835475e-06
2015-07-07,0.008324835626419589,0.045708122055189815,0.022846804565896273,0.005861695842378056,0.0062884602720156835,0.008910498900982604,5.555697535353232e-07
2015-07-08,-0.00047390216875042754,-0.10590988674371615,-0.052962199833556656,-0.015364105542429507,-0.016777122665119326,-0.020840920512483575,5.555697535353232e-07
2015-07-09,-0.004660892641351636,-0.025352886427818855,-0.012683699675607896,0.0025671273643712578,0.0018088803331246517,-0.005076784027906708,5.555697535353232e-07
2015-07-10,-0.000497869445265845,0.08986148836342012,0.04492362661777438,0.01155926379055594,0.012591573472111373,0.017569307794286337,8.333652794512147e-07
2015-07-13,8.333442131913671e-07,0.10565440790370872,0.05280501788423475,0.010878616842689759,0.0110371190266636,0.020625934597033498,8.333442131913671e-07
2015-07-14,5.555697535353232e-07,0.006499516980801978,0.0032425020287023543,0.0040077932946285255,0.00433782448079012,0.0011494203342640676,5.555697535353232e-07
2015-07-15,2.777813272736296e-07,0.012999054515720143,0.006492131901948417,-0.00011721420896693147,-0.000331882577140008,0.002498192820224262,2.777813272736296e-07
2015-07-16,5.555697535353232e-07,0.05975965634471314,0.02987257171065827,0.004838909259054169,0.008024363442431293,0.011661954522972744,5.555697535353232e-07
2015-07-17,5.555697535353232e-07,0.003027026598799054,0.0015062568377011143,0.0010434895326980609,0.0008475294736216554,0.0004958258924083979,5.555697535353232e-07
2015-07-20,0.0016597934725043806,0.015043056345327432,0.00750017548189863,0.000744572712381375,0.0005179134322981227,0.00291426611460111,2.5000979217981723e-06
2015-07-21,1.0197139606652523e-05,0.00040569095425957435,0.00019586681450678434,-0.0016691898606421285,-0.003951123509590482,1.7810150221393844e-05,1.1111679050213041e-06
2015-07-22,0.0004667254411645452,0.003478785552486041,0.0017322752123074547,-0.00038235217875925986,-0.0017944249271009127,0.0006210309294942893,8.333652794512147e-07
2015-07-23,-0.0011248235422752645,-0.007062047625999268,-0.003538002475622415,-0.0034165537539951885,-0.005630266222430236,-0.0014481296503706309,1.1111679050213041e-06
2015-07-24,-0.006382211103046233,-0.04173177489578472,-0.020873005011827983,-0.007611142191748743,-0.010371929221783205,-0.008248699481378918,8.333652794512147e-07
2015-07-27,-0.008339824897588359,-0.05481331212765095,-0.02742759204984202,-0.004949132099218545,-0.005817369988824095,-0.010820257619596735,3.3335074194340564e-06
2015-07-28,0.011968233575377712,0.08117309011724316,0.040579705300861635,0.01059309472519221,0.012283160643207003,0.01581966299790872,1.3889776309117252e-06
2015-07-29,-0.00046461162583526987,0.01702924909264336,0.008507784788561734,0.0055995567289202075,0.00687897577804697,0.0032161119349200713,1.3889776309117252e-06
2015-07-30,1.6667944573445226e-06,0.008260567115970119,0.004123582708638329,4.537675672877661e-05,0.00023738046866239593,0.0015470663249918678,1.6667944573445226e-06
2015-07-31,1.9446183847637855e-06,-0.0022896375900262056,-0.0011513807323960679,-0.00014260619299810706,-0.001517934550755995,-0.0005145710576434957,1.9446183847637855e-06
2015-08-03,6.667363058321385e-06,0.009540903085197616,0.004751182484401983,-0.002074567744361433,-0.0033731735216729897,0.001828857869958935,6.667363058321385e-06
2015-08-04,2.222449413613603e-06,-0.012675456492648896,-0.006344151268193099,-0.001006957753249882,-0.0019540912736584204,-0.002551848010683298,2.222449413613603e-06
2015-08-05,0.0009273904495580654,0.008483123711927831,0.00423513883409532,0.0026857596212623847,0.0032953541438858203,0.0015957587126590566,2.222449413613603e-06
2015-08-06,-0.0006379618944309968,-0.026382069241177808,-0.0131974576424575,-0.00614837826794723,-0.008187788467400203,-0.005237758848902436,2.222449413613603e-06
2015-08-07,0.0022114991773188337,0.01325757784094539,0.006621810257849692,-0.0021143442596206485,-0.0019198685169213858,0.0025219718810110827,1.1111679050213041e-06
2015-08-10,0.007361739330463876,0.03162142104106369,0.01579060797665921,0.01123499983651044,0.01259940724449149,0.006150040076943168,5.000391706921903e-06
2015-08-11,-0.000739671768043171,-0.04766913744128809,-0.023840436044945235,-0.007605103697140958,-0.009023273353601091,-0.00942932971654074,3.3338445484254464e-06
2015-08-12,0.0025961204510309946,0.012281062767366846,0.006134386203496156,0.0008666922981683811,0.001197967754313023,0.002316072054060409,2.778132776271036e-06
2015-08-13,-0.0009824053128835997,0.012561085169159103,0.0062743974043921735,-0.00033856370857476836,-0.0012443957185410692,0.0023981130538511647,2.778132776271036e-06
2015-08-14,-0.002239324340006101,-0.00388293641491233,-0.0019476133876433765,0.003725462100587329,0.0036421723497903624,-0.0008271830941494428,2.778132776271036e-06
2015-08-17,0.002740368308473625,0.008872605807063394,0.004417450604498718,0.0052430082408669865,0.005587111961700586,0.0016996464039391451,7.500881385791303e-06
2015-08-18,-0.0037072884892818928,-0.011059934864216636,-0.005536112612295585,-0.0020462438193109556,-0.0028969135773427857,-0.0022315377715605342,2.778132776271036e-06
2015-08-19,-0.011953162913976327,-0.03627886375876743,-0.018145993816766626,-0.007302669452332156,-0.00790531827173968,-0.00718121435813452,1.9446183847637855e-06
2015-08-20,-0.03152304896744048,-0.09957630713584764,-0.0497949933256836,-0.020883288156797297,-0.020881420621802094,-0.019608340293891052,1.3889776309117252e-06
2015-08-21,-0.036529167932377336,-0.14091894003517824,-0.07046672647928764,-0.019099336514337817,-0.03010247941556088,-0.027747144234705142,5.555697535353232e-07
2015-08-24,-0.0006165165398607222,-0.25453368090224016,-0.1272881931418851,-0.03301288357293575,-0.04210654202140485,-0.05001550352960423,2.5000979217981723e-06
2015-08-25,1.6667944573445226e-06,-0.006889402505573794,-0.0034514021021335717,-0.008433253116865824,-0.011767927097833919,-0.0015125064699799172,1.6667944573445226e-06
2015-08-26,1.9446183847637855e-06,0.0594021506987823,0.029694513412008128,0.03336187194418705,0.03839371194536789,0.011612499299860055,1.9446183847637855e-06
2015-08-27,1.6667944573445226e-06,-0.014442729031810986,-0.007228065365252223,0.016063652050067212,0.02473506267901593,-0.0028986053875524388,1.6667944573445226e-06
2015-08-28,1.6667944573445226e-06,-0.011998127081467302,-0.006005764390080381,0.0009704157962124871,5.027121134371093e-05,-0.0023963689218495197,1.6667944573445226e-06
2015-08-31,5.000391706921903e-06,-0.07764018965005959,-0.03884019736890232,-0.0033998949735414286,-0.008079171888794257,-0.015250652586399193,5.000391706921903e-06
2015-09-01,2.222449413613603e-06,-0.11496398555379261,-0.05748841579876507,-0.021880847671739923,-0.02984774287443337,-0.022612419472829045,2.222449413613603e-06
2015-09-02,8.333652794512147e-07,0.10124291130241447,0.05061433808727167,0.016858899095241187,0.018981078238826665,0.019769833811074708,8.333652794512147e-07
2015-09-03,8.333652794512147e-07,0.005915911686325215,0.0029508382792271526,0.0012633209038859228,0.0007162909480127322,0.0010787429147639288,8.333652794512147e-07
2015-09-04,5.555697535353232e-07,-0.08503777229319398,-0.04252614260829557,-0.012379847643080533,-0.01513689434807275,-0.01671450813849638,5.555697535353232e-07
2015-09-08,2.2222808662153426e-06,0.09722622799197467,0.04858408815011894,0.021470959942853973,0.02513138283861238,0.019016428997742436,2.2222808662153426e-06
2015-09-09,1.6667944573445226e-06,-0.03335578069740186,-0.01668459119804755,-0.01030137575814638,-0.013371869505229173,-0.006621982958149193,1.6667944573445226e-06
2015-09-10,8.333652794512147e-07,0.03692747271345165,0.018456618792790147,0.004518092753386993,0.005441980418590786,0.007190980771165554,8.333652794512147e-07
2015-09-11,5.555697535353232e-07,0.022056852017769968,0.01102116954718646,0.005275581497588666,0.00454411577897762,0.004270708510116002,5.555697535353232e-07
2015-09-14,3.3335074194340564e-06,0.002179003540598856,0.0010685657842832708,-0.002711412827741122,-0.003710649190152404,0.000395563578441,3.3335074194340564e-06
2015-09-15,1.9446183847637855e-06,0.10387448239991293,0.051930679262573776,0.011313651941603498,0.012499671218931141,0.02033247226195312,1.9446183847637855e-06
2015-09-16,1.9446183847637855e-06,0.07095639038555812,0.03547163325539615,0.005830359227510851,0.008666406580789099,0.013823028124033132,1.9446183847637855e-06
2015-09-17,1.6667944573445226e-06,-0.07509062341505535,-0.03755201255687435,0.00282532713441519,-0.002247888400030651,-0.01479955634204797,1.6667944573445226e-06
2015-09-18,2.777813272736296e-07,-0.05318177887352604,-0.026598284792674676,-0.01437783142091864,-0.016341761712442504,-0.010502609773222244,2.777813272736296e-07
2015-09-21,-8.333224539303075e-07,0.0821846801160433,0.041069320657068475,0.004951989854459882,0.005167880231510935,0.016070229185421715,-8.333224539303075e-07
2015-09-22,2.777813272736296e-07,-0.1001433129162046,-0.050079051814014064,-0.007718553238654113,-0.0129796746403944,-0.019716292953936745,2.777813272736296e-07
2015-09-23,-2.7777422850761013e-07,0.02814476410642963,0.014064708919525382,0.0002893421167728949,-0.0015986611307158283,0.005433441200869002,-2.7777422850761013e-07
2015-09-24,2.777813272736296e-07,-0.032867274252544765,-0.016441032482184204,-0.0024553331180711124,-0.0036155689510211086,-0.006490965990727099,2.777813272736296e-07
2015-09-25,2.777813272736296e-07,-0.021439909774712884,-0.010727350243268319,0.00023602241538589475,-0.0002594488783519422,-0.004251073336985899,2.777813272736296e-07
2015-09-28,-8.333224539303075e-07,-0.06910849159808741,-0.03457726519999671,-0.020731361999919096,-0.025097261791661274,-0.013578842282816026,-8.333224539303075e-07
2015-09-29,2.777813272736296e-07,0.006152617013044814,0.0030689131506105305,0.0019001590350495867,0.0005849150552863502,0.0011457338780287542,2.777813272736296e-07
2015-09-30,2.777813272736296e-07,0.03116654003734154,0.015575874662759004,0.015399204271372424,0.018658798102121565,0.006083077305042148,2.777813272736296e-07
2015-10-01,-2.7777422850761013e-07,0.03337119409754208,0.016677923915081383,0.0031265226571381977,0.0026090163459751015,0.006500380396810864,-2.7777422850761013e-07
2015-10-02,-5.555413584712454e-07,0.04822032180820357,0.024102348886847258,0.0108547527491063,0.014938010907465937,0.009408929743877376,-5.555413584712454e-07
2015-10-05,0.0,0.052675247328130226,0.02631502092433924,0.01092505956393186,0.01779435810607488,0.010285818731289038,0.0
2015-10-06,2.777813272736296e-07,-0.022936306504877657,-0.01147554860835065,-0.0005083313528215783,-0.0034258748087935276,-0.004561177491862464,2.777813272736296e-07
2015-10-07,0.0,0.03929584914797046,0.01964039032740983,0.004200820348879475,0.008190400063046388,0.007660653643284653,0.0
2015-10-08,0.0,0.04113917923303867,0.020562055369944154,0.0023218337882726647,0.009026910391386034,0.00800972777700483,0.0
2015-10-09,-2.7777422850761013e-07,0.009804297596385458,0.004894475664503073,0.001371499068168136,0.0005959809115569925,0.001861206015621298,-2.7777422850761013e-07
2015-10-12,0.011617958810071619,0.06921680276588549,0.034586215315323354,0.0005504695374090041,0.0009439356441141022,0.013546942273526855,8.333442131913671e-07
2015-10-13,-0.015188863899329337,-0.08862872820715806,-0.044321759459490795,-0.0003929762052906627,-0.006302337008330494,-0.0174628498834807,2.777813272736296e-07
2015-10-14,-0.0005409667285954426,-0.0027256033842533167,-0.001370197048038313,5.241742617334566e-05,-0.004793987772760855,-0.000625888687509896,2.777813272736296e-07
2015-10-15,0.014425173796008536,0.08473874918976132,0.04236184034830526,0.0010286380700914588,0.015355200635683186,0.016581475220192935,0.0
2015-10-16,0.001345788886078723,0.008441336267421828,0.0042132727777990375,0.001197753720890704,0.004546059714761519,0.00155957114247765,2.777813272736296e-07
2015-10-19,-0.0005221017492463423,0.06466601140545047,0.032310819635105625,0.0020592407611998986,0.0004917972581293117,0.012651493750745387,8.333442131913671e-07
2015-10-20,5.555697535353232e-07,-0.06685800957982335,-0.033436261251610255,-0.0009002896584117126,-0.0012784751278475115,-0.013197003650416346,5.555697535353232e-07
2015-10-21,-0.013102229085097335,-0.07052101222941376,-0.035267762576405404,-0.003310566387630054,-0.006203397126241295,-0.013922650404090211,5.555697535353232e-07
2015-10-22,0.022332060480438783,0.1194480818334791,0.05971664556082801,0.007769967046429738,0.01689344622215727,0.023324871696609958,2.777813272736296e-07
2015-10-23,-0.0004837434474937746,-0.03465356500363648,-0.017334316748393586,0.0035949943117179473,0.01096203028937115,-0.006931016674083248,0.0
2015-10-26,8.333442131913671e-07,-0.019353854500367862,-0.009699113317803487,-0.0008161784710256637,-0.0024577353000961866,-0.0038554519788089187,8.333442131913671e-07
2015-10-27,0.0037022532692864984,0.025190908664100897,0.012588197870351703,-0.0005964266265592322,-0.0019320943604835827,0.004876512510969929,5.555697535353232e-07
2015-10-28,0.004861399652598329,0.027741624841687518,0.013863694856907971,0.0034898806434873197,0.011374530011045936,0.0053710118587438245,8.333652794512147e-07
2015-10-29,-0.0005238785262846194,-0.01143451961898534,-0.0057242384721155615,-2.585683072819922e-05,-0.0005744285479807321,-0.0023140924289769146,1.1111679050213041e-06
2015-10-30,-0.00505949372571692,-0.025255339464814286,-0.012634231669790164,-0.001021371223189127,-0.004309728866146001,-0.005011090852186426,1.9446183847637855e-06
2015-11-02,0.007534876456558987,0.043078198846407956,0.021519830365007264,0.0033325568152404728,0.011830919449361543,0.008398300685713967,6.667363058321385e-06
2015-11-03,-0.0030483072913023083,-0.01684278235619674,-0.008427814199966854,0.000277328104946184,0.0028994190230897665,-0.0033845106657407415,2.222449413613603e-06
2015-11-04,-0.0059921578851898005,-0.03331822419677655,-0.016665812947734948,-0.0004964731066321448,-0.0030331621052310798,-0.006595829329411489,1.6667944573445226e-06
2015-11-05,0.006602230088998977,0.03766165574464231,0.01882398811456132,0.00029674164769022404,-0.0009983385030423175,0.007312664551188461,1.3889776309117252e-06
2015-11-06,0.0036827078714834604,0.021170097920126363,0.010578209202303235,0.0006448991700147566,-0.0005235527973205256,0.004073326683811854,1.3889776309117252e-06
2015-11-09,-0.01245861604485935,-0.06941580744102027,-0.03472717277870707,-0.0014307534657103105,-0.009331386216865911,-0.013659992830750551,6.667363058321385e-06
2015-11-10,0.0060358384160771415,0.0360107325797876,0.017999776835684766,0.0009874726508800613,0.002306444087590176,0.00696630816486547,3.889584732963414e-06
2015-11-11,-0.005060223302465331,-0.02839158354550475,-0.014201520163783288,-0.0003223851341767059,-0.003931815852708298,-0.005640173050277879,3.6117110888689297e-06
2015-11-12,-0.015748048815050618,-0.08348744587396695,-0.04174945132801433,-0.0034377338045975536,-0.013959373023124999,-0.016436660500949527,3.6117110888689297e-06
2015-11-13,-0.011762206914694219,-0.06633439333473601,-0.033172786121576925,-0.0042521244442143,-0.011228383137064757,-0.013100651611419793,3.889584732963414e-06
2015-11-16,0.018396527428458907,0.10155650277431416,0.0507610662336313,0.007637110507364042,0.015206943825767372,0.019852406729685856,1.083517240019205e-05
2015-11-17,-0.006181848257754648,-0.037075032981821465,-0.01854296700474578,0.0005482845145101667,-0.0007297531018279901,-0.00737792068075643,4.1674654807088984e-06
2015-11-18,0.006847315638608204,0.04045273324287724,0.02022077716723003,0.0022048299960029105,0.015866154675842736,0.007862821970873781,3.889584732963414e-06
2015-11-19,-0.004014496517233945,-0.022796197723246925,-0.011403966185924652,0.00012222107863313347,-0.0008624638220779968,-0.004544078160622359,3.3338445484254464e-06
2015-11-20,0.007125067692380597,0.03992279525171827,0.019955391371839104,-0.000520984081041953,0.00364432666995107,0.007766703844820284,3.05598511096683e-06
2015-11-23,0.004618328569312662,0.023127883114459902,0.011545922809178988,0.0008108421174561897,-0.0011463582806509054,0.0044786887635356355,9.16798335004465e-06
2015-11-24,-0.005130779759343257,-0.02452226791124923,-0.012266723409833591,0.0006365740740741366,0.0013393894245505855,-0.004873605655257456,3.889584732963414e-06
2015-11-25,0.007190424294747453,0.03527998233289864,0.017634679596540304,0.0007068545614610233,-0.0001431583682910409,0.0068538830298481065,4.445353332771518e-06
2015-11-27,-0.0042874006303470205,-0.020696257630830273,-0.010357918235113894,0.000513712924375076,0.0011461285071301397,-0.00411924231583005,1.0558146903649757e-05
2015-11-30,0.002507953797773085,0.012392865561210886,0.006180914946777305,-0.0022014132688097376,-0.0041511788238230984,0.0023904118219698002,1.4169811795472498e-05
2015-12-01,0.009011281840261787,0.044204134508825765,0.022097589422664043,0.0057118598278722565,0.00953492041390791,0.008612025703928997,6.1128296529044945e-06
2015-12-02,-0.0068385930241678045,-0.03348339079974394,-0.01674631219686329,-0.0049694923059211416,-0.01020465360066014,-0.006645952684431182,5.83489916827773e-06
2015-12-03,-0.014705626129044082,-0.07180404909904126,-0.03590664134651189,-0.010001478367624994,-0.014002678013592451,-0.014150191414562936,5.83489916827773e-06
2015-12-04,0.01647552854159186,0.08559139586857967,0.04279108113729846,0.014127943592107561,0.01950304605266595,0.01668964889152218,5.83489916827773e-06
2015-12-07,-0.002601076911683395,-0.0140905983728844,-0.0070587326256387195,-0.003277911867705652,-0.0060588925681130945,-0.0028448357738239155,1.8338601059264548e-05
2015-12-08,-0.010110125592576081,-0.054773174261341984,-0.027390092106219344,-0.004194366830458929,-0.006719390753746168,-0.010796141232802795,8.058542054101281e-06
2015-12-09,-0.00833263998361518,-0.04577023785613188,-0.02288890188029913,-0.006501883482119775,-0.007779546901168222,-0.009053215300163106,7.5025886843160805e-06
2015-12-10,-0.0015398448181116438,-0.00805688782914693,-0.004032365849817587,0.003044980003116482,0.0025812182880990964,-0.0016494913621306184,7.22462266256052e-06
2015-12-11,-0.0298241471480584,-0.15876374708321084,-0.07938607343220927,-0.018013761141281615,-0.01938133120456831,-0.031180674253780415,6.668711942880989e-06
2015-12-14,-0.0005274081858839157,0.06645103781253803,0.03321208546707255,0.005088655988398916,0.005052642961270948,0.012927316925608704,1.8338601059264548e-05
2015-12-15,7.22462266256052e-06,0.07610944232052375,0.03805079922501764,0.010453692894899058,0.010497611958800057,0.014846789317106633,7.22462266256052e-06
2015-12-16,0.005685797477825367,0.03970505970012739,0.01984846893536263,0.013629637321841193,0.014631898200403448,0.007703572731188686,6.946663748896853e-06
2015-12-17,-0.00037473299076679534,-0.06276426958796733,-0.03138591774621691,-0.01279325888740912,-0.015238002820094354,-0.012368407481539855,7.5025886843160805e-06
2015-12-18,-0.009934799441818154,-0.058902607779503846,-0.02945564275270507,-0.01026735331889106,-0.017814885775034095,-0.011621708498901089,6.390767244512929e-06
2015-12-21,0.01218760024078598,0.07616099218641703,0.038065811984561604,0.005838985549985187,0.008248921771084827,0.014889754927817505,1.5837262158369114e-05
2015-12-22,0.007783353738746067,0.05093734679331141,0.025464473506051633,0.005316445799616876,0.00907420736315534,0.009905579054748885,6.668711942880989e-06
2015-12-23,-0.0003948296923295483,-0.003445415438620425,-0.0017273245163015316,0.005268888284014617,0.012383401847666953,-0.0007460169884901915,5.83489916827773e-06
2015-12-24,-0.0031881042557828044,-0.017895311574919415,-0.008952411546140016,-2.57873190859792e-05,-0.0016501760616408623,-0.0035491242103218293,5.556975789966501e-06
2015-12-28,0.003576808360806475,0.02332238852284707,0.01164217131934242,-0.0003352437931545271,-0.002285412536502718,0.004560502968306873,2.2228088440323646e-05
2015-12-29,0.002641896317735265,0.017387049297377555,0.008689185785735631,0.0030697992377095584,0.010672329433093264,0.0033571715147163415,6.390767244512929e-06
2015-12-30,-0.0070354052187682784,-0.045368546027904855,-0.022688611876905518,-0.0013437489954029047,-0.007087988780996257,-0.008945949887650026,6.390767244512929e-06
2015-12-31,-0.0012179071548776884,-0.007630121864267814,-0.0038196777291249484,-0.003283416813669282,-0.010003449465332825,-0.0015611169511988029,5.83489916827773e-06
2016-01-04,-0.008118100893039683,-0.05226920110673572,-0.02615584677371996,-0.006330095080611886,-0.013979467873496465,-0.01025944544042658,1.7781531898686254e-05
2016-01-05,-0.0004198258787747029,0.016152226747910614,0.008071635542206357,0.0025676694661846966,0.0016912212825446193,0.0031024498891340127,6.1128296529044945e-06
2016-01-06,-0.006090994130879637,-0.035880042395631695,-0.017944776956496322,-0.007047869753810776,-0.012614130496977127,-0.007080360771595496,5.556975789966501e-06
2016-01-07,-0.00036279123637509886,-0.12021745152715879,-0.06011334256057066,-0.020497048529488637,-0.0239912938132687,-0.023628215098437363,5.83489916827773e-06
2016-01-08,5.556975789966501e-06,-0.06465589502881619,-0.03233270327308835,-0.010339655344821841,-0.010976793938382357,-0.012769515649944222,5.556975789966501e-06
2016-01-11,1.66710200100173e-05,0.05443196727573518,0.027201716408146392,0.001677287240491987,0.0009897479919527274,0.01063791530988649,1.66710200100173e-05
2016-01-12,5.83489916827773e-06,0.045390989345328814,0.022690877875673365,0.008244621830090892,0.008068543090047342,0.008843895015246546,5.83489916827773e-06
2016-01-13,5.83489916827773e-06,-0.10160283963057737,-0.05080603661227978,-0.025145235411428102,-0.024940651181476703,-0.01997879874253863,5.83489916827773e-06
2016-01-14,6.1128296529044945e-06,0.0381348358068343,0.0190629400716682,0.017549381153401544,0.016416713221252488,0.007398405348880764,6.1128296529044945e-06
2016-01-15,6.946663748896853e-06,-0.0960414067339368,-0.04802476428166924,-0.027507329012129933,-0.021465894887960246,-0.01888083030215459,6.946663748896853e-06
2016-01-19,2.556331403025247e-05,0.013729707542846192,0.006847498442136946,0.0027517924678324146,0.0013308958051374553,0.0026578301894351736,2.556331403025247e-05
2016-01-20,7.22462266256052e-06,-0.029166078015856134,-0.014586960943172245,-0.005522957160882802,-0.012814554479585016,-0.005756415991104483,7.22462266256052e-06
2016-01-21,7.22462266256052e-06,-0.01378316004749014,-0.0068955019589892474,0.0024266796089578158,0.005601414402827132,-0.0027456860191031308,7.22462266256052e-06
2016-01-22,7.780561814829667e-06,0.09218768839545044,0.04609020023205712,0.012408355235855595,0.020515505929376676,0.01804385112909062,7.780561814829667e-06
2016-01-25,2.5009796701391807e-05,-0.05541870121435366,-0.02771944844855201,-0.006661019033434856,-0.015116643068885494,-0.01091665326862359,2.5009796701391807e-05
2016-01-26,8.614523860694945e-06,0.044776572216310706,0.02238505912351041,0.007207752460470784,0.013643696806823646,0.008723089538326703,8.614523860694945e-06
2016-01-27,8.614523860694945e-06,-0.035670332085325995,-0.01783839302730794,-0.004090216938551161,-0.010883508548268694,-0.007048828467474396,8.614523860694945e-06
2016-01-28,8.892525428683129e-06,0.020570842692013036,0.010282333362145346,0.003270528221161806,0.005209208876718829,0.003986234835132942,8.892525428683129e-06
2016-01-29,9.448549896262648e-06,0.06375717453023277,0.03187577729348923,0.00895267384247389,0.024377089994956247,0.012461927347955473,9.448549896262648e-06
2016-02-01,2.6677813517839155e-05,0.004567166366412856,0.002274319350239251,0.0011921292376468884,-0.0003612558064822746,0.0008562351627859495,2.6677813517839155e-05
2016-02-02,9.726572796298072e-06,-0.06722312459842783,-0.03361423325939128,-0.0059332525996035335,-0.01802246985511191,-0.013218812420363126,9.726572796298072e-06
2016-02-03,9.448549896262648e-06,0.014065918033196567,0.0070301490449711235,0.002354798753181786,0.0059953601175828375,0.0026923060078314198,9.448549896262648e-06
2016-02-04,9.170534107205697e-06,-0.013404172470107945,-0.006705035214575661,0.0011067354698535148,0.0015678244856056622,-0.002667427368574402,9.170534107205697e-06
2016-02-05,8.058542054101281e-06,-0.03307432169519642,-0.016540665823146394,-0.007345211369817584,-0.019049883700470893,-0.006524827794603226,8.058542054101281e-06
2016-02-08,2.4175820982907936e-05,-0.04469749415423385,-0.022359261906351513,-0.0071740912817709335,-0.013461324407579078,-0.008784848481899784,2.4175820982907936e-05
2016-02-09,8.892525428683129e-06,-0.022717305595939874,-0.011361740781831164,-0.00022021884247469536,5.440740065898453e-05,-0.004504564413438568,8.892525428683129e-06
2016-02-10,8.33652940257501e-06,-0.0060715864271487785,-0.003039159195448393,0.0017001886039180736,-0.0008631323219717713,-0.0012292427725979144,8.33652940257501e-06
2016-02-11,8.614523860694945e-06,-0.05068136178438276,-0.02534390787683638,-0.008369695928534648,-0.013007724171728463,-0.009969627823855113,8.614523860694945e-06
2016-02-12,7.780561814829667e-06,0.027376366389686213,0.013684539229175119,0.01680445162050348,0.02061665915203159,0.005318786360479389,7.780561814829667e-06
2016-02-16,3.223455785894558e-05,0.05321066555900633,0.026591313072131362,0.010638442875446463,0.016878171638834427,0.010435719519093738,3.223455785894558e-05
2016-02-17,8.33652940257501e-06,0.03774679618815857,0.01887003211220506,0.003068250018544383,0.016335108307321988,0.007348406053479334,8.33652940257501e-06
2016-02-18,8.33652940257501e-06,0.005967207635642069,0.0029802378359471415,4.033667679559372e-05,-0.004096195112241352,0.0011221817398404147,8.33652940257501e-06
2016-02-19,0.0033661587711227184,0.01761325248531964,0.008803260260785706,0.0011898839695065888,-0.00046860201218323905,0.0034220270046428822,8.33652940257501e-06
2016-02-22,0.01303792181805531,0.0585933487471475,0.02928657653219835,0.007318825496370973,0.014479323460325544,0.011479114566972438,2.5009796701391807e-05
2016-02-23,-0.0004560339224064811,-0.05204957031916613,-0.026027734139104863,-0.005452569973537047,-0.012629638234175733,-0.010269799615117953,9.170534107205697e-06
2016-02-24,0.003581300297726531,0.017939340249887303,0.00896658214108248,0.0016554626917688609,0.004575693576084783,0.003460295798739125,8.892525428683129e-06
2016-02-25,0.009569106175863104,0.03996304346491275,0.019978572752934687,0.00562730010036816,0.012111961830152618,0.007796967796980223,9.170534107205697e-06
2016-02-26,-0.0005220515212269837,-0.026769239485472718,-0.013387707726597586,-0.0005788769786614356,-0.00230148518774409,-0.005303435688374988,8.892525428683129e-06
2016-02-29,-0.00422034298012121,-0.014888814979095222,-0.007453671322514732,-0.0021171207158264815,-0.007842337779668473,-0.0029363400496594566,2.6677813517839155e-05
2016-03-01,0.023729453085910585,0.09676107059119787,0.04837758631607714,0.008312984534913248,0.023506938478297768,0.01893671064390883,9.170534107205697e-06
2016-03-02,-0.000537772958320244,0.005003630773617651,0.002498866407287137,0.0017732842812905325,0.004492518590071493,0.000890430617953535,9.170534107205697e-06
2016-03-03,9.726572796298072e-06,0.04234348428151491,0.02116907118058009,0.0005548216644648551,0.003919344975390704,0.00826636720720531,9.726572796298072e-06
2016-03-04,7.5025886843160805e-06,-0.028383382373751487,-0.014195474139108932,0.0004026827915819542,0.003253854114680932,-0.005629303519297356,7.5025886843160805e-06
2016-03-07,2.3341867056325682e-05,0.012768798441561868,0.006373467414583223,0.0005476921046554395,0.0007982646389403936,0.0024775745623976542,2.3341867056325682e-05
2016-03-08,-0.011709267344228733,-0.04681472616668669,-0.023410451067204407,-0.0011211649563405146,-0.010917950517761676,-0.009223975259403636,8.892525428683129e-06
2016-03-09,0.006161145051337627,0.02691534658238659,0.013454168315645054,0.0009837710784508236,0.004939650625780834,0.0052162566271611735,8.058542054101281e-06
2016-03-10,0.002144292973696511,0.009260830519270513,0.004627049277761142,0.0005672561293343925,0.0008023775930527943,0.0017650269384498624,8.33652940257501e-06
2016-03-11,-0.0006197169201969643,0.04547500937650728,0.022734277703608585,0.0010481696584547784,0.016137073741642194,0.008876843692616388,8.614523860694945e-06
2016-03-14,2.6677813517839155e-05,0.014029951860206502,0.007005712097136074,0.00026999973658559107,-0.0012822514793230377,0.002714747500749627,2.6677813517839155e-05
2016-03-15,9.448549896262648e-06,-0.011291200774667165,-0.005648410358960798,-0.0001382552191345754,-0.0016299381768598575,-0.0022600637976682818,9.448549896262648e-06
2016-03-16,9.448549896262648e-06,0.04191217391300861,0.020953276984877034,0.00023045722713854744,0.005787286439895345,0.008184280602328101,9.448549896262648e-06
2016-03-17,8.614523860694945e-06,0.026934085560374355,0.013463815795542233,5.2663800878205436e-05,0.006344607966617621,0.005224358445998416,8.614523860694945e-06
2016-03-18,8.058542054101281e-06,0.002303705783954335,0.0011483479164289268,-0.00011848731198371709,0.003929440318100497,0.00040226337930754526,8.058542054101281e-06
2016-03-21,0.009802564473851765,0.04013707141145173,0.02005802087649111,0.0016590189404661615,0.001418444978024791,0.007865202520225581,2.4175820982907936e-05
2016-03-22,0.0018074715741628472,0.0072355507406507424,0.0036145483856804272,-4.600753209016428e-05,-0.0005372930976181856,0.0013584913243056594,8.614523860694945e-06
2016-03-23,-0.014149269587742003,-0.05190569994813066,-0.025956215955939332,-0.00335213156130465,-0.006599585994843338,-0.010217475230976231,8.33652940257501e-06
2016-03-24,0.0043882517981295955,0.016545935863391925,0.008269601949821848,0.0001516830220533727,-0.0004425518488310187,0.003179391567366026,8.33652940257501e-06
2016-03-28,0.003967091720010807,0.014689605276837492,0.00733078293104672,0.0014242853845900516,0.0005907154846906959,0.0028791621692390874,3.223455785894558e-05
2016-03-29,0.015777738247737233,0.05749110995874185,0.028742050003822905,0.005484918121300364,0.009250115217881882,0.011231690736093406,8.058542054101281e-06
2016-03-30,0.004324265457078492,0.01621893752526926,0.008105129899681485,0.0020759115674771067,0.004387564791097143,0.003103988376840722,6.390767244512929e-06
2016-03-31,-0.0018873342589444174,-0.00646027087354395,-0.003234891195452283,-0.0007515308356369488,-0.0024265958054545678,-0.0013158017740152155,5.556975789966501e-06
2016-04-01,0.009166511484774164,0.02852958693653629,0.01426017667127688,0.0027664055040350632,0.00681161061087554,0.005553399247897535,5.83489916827773e-06
2016-04-04,-0.0009201683471229892,-0.029232890774328668,-0.014629461914760666,-0.0005674073397725632,-0.003237730967709407,-0.005765304750231997,1.9172424259306098e-05
2016-04-05,-0.016658175236184583,-0.04888045949652953,-0.0244445686112178,-0.004215554482452588,-0.009988139177717348,-0.009641213339847502,6.390767244512929e-06
2016-04-06,0.01806244998098077,0.059870743436980955,0.02993103285553733,0.005209835120186579,0.01092123052099292,0.011673010589643694,6.390767244512929e-06
2016-04-07,-0.026116850814623924,-0.09107537165352808,-0.04554202468971713,-0.005143717688782301,-0.011965964590070377,-0.01793494286509677,6.390767244512929e-06
2016-04-08,0.0056410122873518575,0.02359502918191292,0.011793175728003424,0.002916082358029426,0.0026967456460555983,0.004534772516027378,6.390767244512929e-06
2016-04-11,-0.0065977898867747055,-0.02627040341486675,-0.013148218235029874,-0.0008820819748183162,-0.002347182454221941,-0.005174873637185654,1.9172424259306098e-05
2016-04-12,0.01115318048708561,0.04582240514018343,0.02290686370713857,0.004950559799100196,0.00931296263215553,0.008937392541929384,6.390767244512929e-06
2016-04-13,0.01178844024155215,0.0484639139243237,0.0242274791304129,0.001516245957219775,0.010101012757407046,0.009439328809232827,6.1128296529044945e-06
2016-04-14,-0.0006732725447860804,0.011221850649827836,0.005606586461960772,0.00015594339254842993,4.8252173495688666e-05,0.0021321452004204556,6.390767244512929e-06
2016-04-15,0.0016245743766833973,0.009924878740672272,0.004957961538587297,-0.00040279095149609034,-0.001105928109639609,0.001902756163509823,6.1128296529044945e-06
2016-04-18,0.012300083314023342,0.050512168637951715,0.025242650879779616,0.003932043882909575,0.0070265613226894175,0.009886809436614286,1.8338601059264548e-05
2016-04-19,0.0002702582444891196,0.0014549146419780001,0.0007229794892400498,0.001294758171542565,0.0031542970881479615,0.0002109432975536706,6.1128296529044945e-06
2016-04-20,-0.003009064797611123,-0.012357807796654408,-0.006183520695318467,0.0003038747260277752,0.0009528681158288421,-0.0024726028423851347,5.83489916827773e-06
2016-04-21,-0.005333130506827234,-0.02184877735230717,-0.010928727539106564,6.46345562183015e-06,-0.005378322026075466,-0.004339789200835409,6.390767244512929e-06
2016-04-22,0.008139323825463887,0.03449286271314511,0.017242092493619632,-0.000988902318426521,0.0,0.00670311155504609,6.390767244512929e-06
2016-04-25,-0.001103544950458505,-0.004042553840433838,-0.0020342934478133623,-0.0007052094925080743,-0.0017227955900095404,-0.0008390365701328039,1.9172424259306098e-05
2016-04-26,0.003971751348948594,0.01622033652849386,0.008106107349546088,0.0009323103816645251,0.0014859921037253532,0.003132111675292775,6.946663748896853e-06
2016-04-27,0.0065321528447361285,0.026565427091424176,0.013278513655108126,0.0010996190143532925,0.002058535504704473,0.005150925650509096,6.668711942880989e-06
2016-04-28,-0.015448950859333262,-0.059273493768087215,-0.02964094677464746,-0.004652094411671581,-0.009075939676072231,-0.011689365861768617,6.668711942880989e-06
2016-04-29,-0.006283084463817284,-0.025358384388747268,-0.012683670026122473,-0.002531662003648294,-0.005398732093271241,-0.005057063414249895,6.1128296529044945e-06
2016-05-02,0.01313044900650758,0.05522772968283718,0.027600431402222236,0.005479666013705753,0.007948183964632927,0.010793807775234853,1.8338601059264548e-05
2016-05-03,-0.011124402650224276,-0.04779118198551091,-0.02390006882450446,-0.004951424262626181,-0.008703049543560604,-0.009453623789154248,6.1128296529044945e-06
2016-05-04,-0.002652428337393388,-0.011282909489402804,-0.00564607154169261,-0.003733673310090002,-0.005578474134840028,-0.002286757979019153,5.83489916827773e-06
2016-05-05,0.0008012868221695039,0.003700667654470413,0.0018454391104185675,0.0003525678693150347,-0.00019494320496138418,0.0006760299713053494,5.2790595175267185e-06
2016-05-06,0.011490270916005454,0.04683926270640226,0.023414875594520934,0.0035113826232247014,0.003659024178022996,0.009140651043762655,5.556975789966501e-06
2016-05-09,0.004421798000667584,0.016126526362642224,0.008048579072674533,0.0013918337083913546,0.0008265704311714028,0.0031094026766537797,1.5837262158369114e-05
2016-05-10,0.015133378040191976,0.05298242864464009,0.026487014431716194,0.00791722955419294,0.012433907059394178,0.01033433668941513,6.668711942880989e-06
2016-05-11,-0.01581058009114918,-0.05541726751355447,-0.027712833647381196,-0.004568681655035434,-0.009355000394882906,-0.010948960970916986,6.668711942880989e-06
2016-05-12,0.007147727287444175,0.027390975253597682,0.01369156569155483,0.0003754579940185021,0.00029030484106273846,0.0052903855615480545,7.22462266256052e-06
2016-05-13,-0.009851504812166267,-0.035478061393210636,-0.017742813648838562,-0.006535693948335641,-0.008713870988602657,-0.0070187725017553625,7.5025886843160805e-06
2016-05-16,0.009721837241150447,0.03687681869523418,0.018427477541419268,0.009053841043211053,0.009865024370758979,0.007193258096707915,2.3341867056325682e-05
2016-05-17,-0.008536979918755395,-0.03245266039004557,-0.01622997416069083,-0.007558935164863612,-0.009333570430709703,-0.006430664831132236,7.780561814829667e-06
2016-05-18,-0.001193087943544612,-0.004195872406221657,-0.002101580168778816,0.00018211974373150142,0.00029308377798908936,-0.0008875180621096087,7.780561814829667e-06
2016-05-19,0.0013932874762857602,0.00548219063119415,0.0027377293337229602,-0.0033165770323788646,-0.003464792725124566,0.0010296355874271496,8.33652940257501e-06
2016-05-20,0.00907002728188463,0.03425125436050447,0.01712226119837812,0.0032297423383333967,0.006317113976785915,0.006670117939548316,8.33652940257501e-06
2016-05-23,-0.0035443384424451393,-0.013181122880742913,-0.006599825273338578,6.503726635465057e-06,-0.0013628201680869756,-0.0026223732129535124,2.6677813517839155e-05
2016-05-24,0.015658521130851272,0.05851506578440713,0.02925486193202631,0.006464662231153939,0.012962436642528274,0.011423064453862812,9.726572796298072e-06
2016-05-25,0.0040161048211313465,0.016133100771775988,0.008063879425710851,0.002442602082027401,0.006783237302673051,0.0030775425951469594,9.726572796298072e-06
2016-05-26,0.004494308208746016,0.01802981161752193,0.009011956829239054,0.0005028008586291932,0.00028679354125427103,0.003477514585734885,9.170534107205697e-06
2016-05-27,0.0054171311961446365,0.021580947431496522,0.010787107733874146,0.0014561011281561953,0.00429920382208171,0.004170981473976523,8.33652940257501e-06
2016-05-31,0.0019081118420577945,0.0073028777044314985,0.003638531136266998,-6.433557435581161e-05,-0.0019026540048591167,0.001410469761754569,3.445854070527332e-05
2016-06-01,-0.0005220679883970466,-0.001479033598582702,-0.0007423267709185666,0.00045037799581804094,0.0020492520728869756,-0.00034329310204674074,9.448549896262648e-06
2016-06-02,0.007060516710498923,0.024113967543565318,0.012053617789908655,0.0011318691919355306,0.0030435545159221977,0.004679203375862581,8.33652940257501e-06
2016-06-03,0.0012146364999485147,0.0043606812615015755,0.002176696665082911,0.00020556172954488972,-0.002987075321097099,0.000787949235926818,7.780561814829667e-06
2016-06-06,0.00492588465734383,0.015306557271730359,0.007642763806630537,0.0009184151878898206,0.0050886321461833806,0.0029764054900642085,2.4175820982907936e-05
2016-06-07,-0.0017210834061278605,-0.004927564789273253,-0.0024674263603045032,0.0002181640850582589,0.0015614456003780752,-0.0010274128302528236,7.780561814829667e-06
2016-06-08,-0.0014927925381459763,-0.00406309037045427,-0.002035189150895178,0.0004554785732615585,0.003259409774118982,-0.0008496377698098818,7.780561814829667e-06
2016-06-09,-0.007108393502430625,-0.0207954321968864,-0.01040191598904705,2.564908208335659e-05,-0.0013657592063160973,-0.004130376883428004,6.668711942880989e-06
2016-06-10,-0.02890342897799948,-0.08143715303165933,-0.040722637430530506,-0.0010195248629412124,-0.009477039262761555,-0.01603113995707305,6.946663748896853e-06
2016-06-13,-0.05009797758262285,-0.15858556058849504,-0.07930496296596601,-0.0009242856042517289,-0.0077117257328974675,-0.031163195680584007,2.0840136015110033e-05
2016-06-14,0.0031322152010454865,0.01744804959998869,0.008720241847761212,0.0007902243466193504,-0.0019672267999384374,0.0032944352584283972,7.5025886843160805e-06
2016-06-15,0.0029316560983735003,0.014341773772344357,0.007167103933938934,0.000641951532659224,-0.0013940116846743456,0.002776855250032405,7.5025886843160805e-06
2016-06-16,0.005470118711149355,0.026187466785712044,0.0130898114576119,0.0009366479550922957,0.002984461216905654,0.005100736706797344,7.22462266256052e-06
2016-06-17,-0.0005787113747367881,-0.0025222132515304585,-0.0012648895779985292,0.0014292947744214413,-0.0037241539307717453,-0.0005372791483309123,7.5025886843160805e-06
2016-06-20,0.016214678158357858,0.07692934866083623,0.03845290860297901,0.0038977496735874695,0.006439829764500082,0.015083784990313357,2.1674024573536954e-05
2016-06-21,-0.0019042184437712939,-0.009433594454288485,-0.00472044119281223,0.0005929118346477136,0.002838687292018749,-0.0019277185739619343,7.780561814829667e-06
2016-06-22,-0.0070959487877318515,-0.035470839344538097,-0.017739202624502348,-0.002561390541969799,-0.0016310537751502707,-0.006992110021550445,7.5025886843160805e-06
2016-06-23,0.025943375815795314,0.13210650089283082,0.06604946749418206,0.007039554374488999,0.013022458537447434,0.02585374845593025,7.5025886843160805e-06
2016-06-24,-0.05648251707580153,-0.327114799458584,-0.16356076571116607,-0.017406087055808594,-0.03590884759058455,-0.0642548929247801,8.33652940257501e-06
2016-06-27,-0.0004965997752799299,-0.043100037567708194,-0.021561784511293314,-0.010458225200449367,-0.01790998223571938,-0.008625116057533588,2.1674024573536954e-05
2016-06-28,7.5025886843160805e-06,0.18587736267727828,0.092934898386406,0.015226836810584565,0.018036148771079175,0.03640460398039217,7.5025886843160805e-06
2016-06-29,0.005456714412749611,0.06077809858330152,0.030385127356406638,0.0103973884433477,0.017027284962379152,0.011772395381443562,7.22462266256052e-06
2016-06-30,-0.00024221920094384788,0.02078303906336454,0.010387597596438258,0.005666713306282434,0.0136460429864258,0.004003510838433134,7.22462266256052e-06
2016-07-01,7.22462266256052e-06,0.007760606593247399,0.0038763813613795772,0.001618972332015689,0.0021004466470948557,0.0014749972460032042,7.22462266256052e-06
2016-07-05,-0.0005926633269671411,-0.0037336063759675353,-0.0018819348280491033,-0.0012564638435166309,-0.007193549159768775,-0.0007305573806367868,3.001069247221544e-05
2016-07-06,0.002949081419218462,0.031750455277394174,0.01587158367302921,0.002098848162243705,0.005998078505542681,0.006191573815469137,7.780561814829667e-06
2016-07-07,0.0009902644183448718,0.010867719338531368,0.005430076717032328,0.00037851546235656564,-0.0006202912319581699,0.0020755431682420574,7.5025886843160805e-06
2016-07-08,0.005332464306516907,0.05750398301591586,0.028748486532409467,0.002175640395020606,0.01489040162174593,0.011235074422323355,8.058542054101281e-06
2016-07-11,-0.00024662436275269846,0.004800895402400807,0.0023890989289343523,0.00028316312083509487,0.0035272084764474965,0.0008899236323789509,2.2507934920090733e-05
2016-07-12,8.614523860694945e-06,0.028521010938540314,0.014257278484625102,1.887219747875868e-05,0.0072630563557127825,0.005553418999586177,8.614523860694945e-06
2016-07-13,8.058542054101281e-06,0.001288074742989087,0.0006405323959461917,0.0001761371857051941,-0.00013976915282265523,0.00019396352280304168,8.058542054101281e-06
2016-07-14,8.614523860694945e-06,0.006792194854180478,0.003392870442445295,1.2579011918534277e-05,0.0055836934027091445,0.0012940001448726545,8.614523860694945e-06
2016-07-15,8.614523860694945e-06,-0.009484636552922865,-0.004745545261106376,0.0007484417944993993,-0.0013417654835232717,-0.0019019561183780287,8.614523860694945e-06
2016-07-18,2.5843794212665472e-05,0.037919021394756225,0.01894982985475857,0.0019734030518614443,0.0026875524909346638,0.007421095315796749,2.5843794212665472e-05
2016-07-19,8.892525428683129e-06,0.005308797484899319,0.0026513107585885987,-0.0001066298689078593,-0.001016675486096963,0.0009753618203532169,8.892525428683129e-06
2016-07-20,0.0009366562445781827,0.012730798876398275,0.0063621724535543045,0.002183008913952955,0.004162876488178924,0.002444345248743524,8.614523860694945e-06
2016-07-21,-0.0023886975531964044,-0.02316062389642326,-0.011583399932072802,-0.0020217700189657517,-0.0037770164002419726,-0.004599219734790396,8.892525428683129e-06
2016-07-22,0.00269725239801739,0.02681307641225361,0.01340331122148175,0.0028349577892345934,0.004484837021112353,0.005193861660830618,8.614523860694945e-06
2016-07-25,0.00021107164578002447,0.002145373312975707,0.0010634228235208987,-0.0011132653699419404,-0.0027158218237701703,0.00038200107025867234,2.6677813517839155e-05
2016-07-26,0.000909430927234603,0.008846708125801905,0.004420266079040003,0.00023792827088775503,0.0004614400793077067,0.0016857824776714675,8.892525428683129e-06
2016-07-27,0.0042911531528753806,0.022193850444713226,0.011093698237711447,0.00015023474178410545,-0.0010611457922189427,0.004297743560997701,8.614523860694945e-06
2016-07-28,0.005409700967393536,0.024770339977724154,0.012381943004217355,0.0007072489891972733,0.0011548320981618065,0.00479176308079625,8.614523860694945e-06
2016-07-29,0.015173930545008917,0.03484796920469124,0.017419923687644667,0.001619894050173043,0.0016146846083799904,0.006762986543866472,6.946663748896853e-06
2016-08-01,0.006557546860499221,0.013365972172418195,0.006671637313943046,-0.00013737464563590152,-0.0008291579749819533,0.0025678984746943887,2.2507934920090733e-05
2016-08-02,-0.01812283922819185,-0.034500032862390895,-0.017253521406743966,-0.0033661412405386892,-0.006407322048310071,-0.0068274295470719445,8.058542054101281e-06
2016-08-03,0.010444667600863714,0.024282255384930673,0.012137622716916985,0.0024125074411756042,0.0029227327826446547,0.004685350964577427,8.058542054101281e-06
2016-08-04,0.011724504856217953,0.026334280831543655,0.01316349645010395,0.0008751640932673777,0.0010641928150245672,0.005094205887202709,7.780561814829667e-06
2016-08-05,0.016653136552265024,0.0368953809866166,0.01844376855806429,0.004478171257260577,0.008178794150846436,0.007161216591548009,7.22462266256052e-06
2016-08-08,0.008115319719599494,0.018574068470934568,0.009275685463201455,0.00018653584286210112,-0.0005959864048266095,0.0035847980327440884,2.2507934920090733e-05
2016-08-09,0.0067387619626853275,0.014277280699811046,0.007135413365260357,0.00028596828238747207,0.0005963418164418588,0.0027305921399003908,8.614523860694945e-06
2016-08-10,-0.012522130394776813,-0.02459033126808796,-0.012298670609592,-0.0005904178293755225,-0.0024753889138462437,-0.004887817495451907,8.058542054101281e-06
2016-08-11,0.0038000839779610777,0.008805316856435264,0.004399014462549644,0.0020956668822447178,0.004640938663385663,0.001654351243225085,7.780561814829667e-06
2016-08-12,0.003973673339093528,0.00880982196739688,0.0044012670180306745,0.0002171956933196828,-0.0008689383847946264,0.0016678885466946622,7.780561814829667e-06
2016-08-15,0.004478609404914529,0.00976962293575423,0.004873879661679181,0.0009740662613226814,0.002883964805502126,0.0018830985992248103,2.3341867056325682e-05
2016-08-16,-0.01684721549571433,-0.03439380219601884,-0.017200128082654476,-0.0006260188301505654,-0.005157913985751605,-0.006803885950620341,8.614523860694945e-06
2016-08-17,0.014317546429958403,0.03259694369351318,0.016294688894523457,0.0007690590190776447,0.0018809702576829679,0.0063252669144224635,7.5025886843160805e-06
2016-08-18,0.006987991066495313,0.01632812360983049,0.00816069582304113,0.00047099652949933457,0.00224412741156943,0.003135555227715408,8.33652940257501e-06
2016-08-19,-0.003097210841901969,-0.006812421258467816,-0.003409715604782204,0.0007495230307985601,-0.0014622392568368614,-0.001390141212935259,8.058542054101281e-06
2016-08-22,-0.001874353574040949,-0.0038556273042321676,-0.0019383284813507817,0.00019188274107606595,-4.560525195007603e-05,-0.000774632488692478,2.4175820982907936e-05
2016-08-23,0.00064068687830882,0.00163036427608243,0.0008116771624928631,0.0006559893061366395,0.002013378808088939,0.0002766216582121454,8.058542054101281e-06
2016-08-24,-0.012467736918808685,-0.02701102862659277,-0.013508880295170389,-0.0027459274926713295,-0.005114733576974895,-0.005337954406964557,8.33652940257501e-06
2016-08-25,0.004178558475584929,0.010371628222490603,0.005182587126600469,-0.0005023255813952909,-0.0006888007234221449,0.0019755787943369876,8.614523860694945e-06
2016-08-26,-0.0039007347168032638,-0.008739784672235129,-0.00437284131563942,-0.0004777593705985739,-0.0018830518241796934,-0.0017593244434430395,9.170534107205697e-06
2016-08-29,0.01000426048616531,0.023184665060503207,0.01158348571783474,0.004065999553050315,0.0049242788002623605,0.004532270707617916,2.7511854618245124e-05
2016-08-30,0.003050745350944684,0.007239039299350214,0.0036165706701531963,-0.000686256932122431,-0.0016488166169529306,0.0013641532813251948,9.170534107205697e-06
2016-08-31,-0.00037368670634649066,-0.0005667540588280007,-0.00028632600893574445,-0.0014538840357345428,-0.002843837855688758,-0.00015454681291415494,9.170534107205697e-06
2016-09-01,0.0004604057480659566,0.0014449382828110036,0.0007195201618837022,3.717449086426683e-05,4.576599302530404e-05,0.00024535184995414384,9.170534107205697e-06
2016-09-02,0.015223235311051436,0.03037218423273713,0.015183143136846988,0.00398991369643209,0.004507909224250595,0.00591756157471771,9.170534107205697e-06
2016-09-06,0.01697393008641688,0.034172559122920054,0.017073927863248572,0.0019993705685248386,0.0030222407014763863,0.006681730475756361,3.5570576179866364e-05
2016-09-07,0.0038794069497397102,0.008117973639789167,0.004055898836033522,0.0004003079291763356,-9.084250189428378e-05,0.001524648013969481,8.892525428683129e-06
2016-09-08,-0.005354717314727375,-0.010149849012544898,-0.00507773447789972,-0.0006402363949766787,-0.002283076193445255,-0.002036646338704341,9.448549896262648e-06
2016-09-09,-0.07875439295966148,-0.15480918507043429,-0.07740740250684441,-0.020272767593140117,-0.023934782283537293,-0.030405367441104315,9.448549896262648e-06
2016-09-12,0.012758443514227114,0.05764639464699295,0.028814767542527875,0.01430412776258283,0.01434702979200364,0.01118941057767514,2.8345917514771557e-05
2016-09-13,-0.023173343300162956,-0.10063184738307251,-0.050318316618145786,-0.013606496404661605,-0.01437527911188885,-0.019805603580096136,1.028263993130274e-05
2016-09-14,-0.006436361844642892,-0.03080149262408527,-0.015403278257213882,-0.0005781618224666163,-0.000375106567236716,-0.0061341332650798365,1.0004602807978102e-05
2016-09-15,0.008107764760767801,0.04032695141677256,0.02016052672886448,0.010293461105556734,0.00999258183049756,0.007859680545205831,9.170534107205697e-06
2016-09-16,0.00814732532175199,0.04110484341247855,0.020548916730690703,-0.002221945602788322,-0.0038652458368757525,0.008002687765892328,8.058542054101281e-06
2016-09-19,0.004455956422842187,0.022662259062466994,0.011320614701999077,0.0005676395551201807,0.00018740932566552182,0.004410565417118484,2.4175820982907936e-05
2016-09-20,-0.003474112753239168,-0.01736475037018448,-0.008685741166966299,-3.740555098374898e-05,4.688541447506189e-05,-0.0034543946291083105,8.33652940257501e-06
2016-09-21,0.015193916520562758,0.07744624262401545,0.03871975533013372,0.0062906021272084445,0.011245358038332487,0.015132052391223096,8.33652940257501e-06
2016-09-22,-0.0005719898270838376,0.0459585969525631,0.0229748206445326,0.0029862397541620123,0.00630165311492914,0.008905985896103143,6.1128296529044945e-06
2016-09-23,5.001150350958383e-06,-0.01585885853603164,-0.007934462939415798,-0.0011674665974835685,-0.005479468508913676,-0.0031954416317514704,5.001150350958383e-06
2016-09-26,-0.007977263990516792,-0.04060228449194614,-0.02031624322265546,-0.004298082869511499,-0.008102307599147873,-0.008001268713277736,1.5003526087298269e-05
2016-09-27,0.007529904971536492,0.04240706251454607,0.021199470342572413,0.003993664793018992,0.006208266836045695,0.008239184906730864,6.946663748896853e-06
2016-09-28,0.0028595109012889523,0.016518701678266634,0.008255428903889195,0.0022023161437196848,0.0049636532540997536,0.003159218441351367,7.22462266256052e-06
2016-09-29,-0.006621703865457656,-0.03703107860901689,-0.0185193222567418,-0.004610997259326899,-0.009047826807721981,-0.007322552857657748,7.5025886843160805e-06
2016-09-30,0.001251374723802315,0.007557608033125662,0.00377488208131882,0.003937813552280067,0.00754651214760238,0.001408240300056356,7.22462266256052e-06
2016-10-03,-0.0005170733111207703,0.015301733532352424,0.0076399349599785005,-0.0003953252785808825,-0.00240406239707891,0.002975434086056414,2.3341867056325682e-05
2016-10-04,0.0010395538886017806,0.009311881317458415,0.0046528526748681465,-0.0012420594705490062,-0.005098182808221052,0.0017683007518314651,8.892525428683129e-06
2016-10-05,0.0007705142520066544,0.0046670199134883905,0.0023305609772223956,0.00227684730892741,0.004425519349131601,0.0008618511071059033,9.170534107205697e-06
2016-10-06,0.001613216415592959,0.009360108383345445,0.004676966207811661,0.0009012623846416101,0.0006957092406030263,0.0017853066964987258,8.892525428683129e-06
2016-10-07,-0.0029571427527290794,-0.016375154448685536,-0.008190665208203884,-0.000604412209126659,-0.003429508963408434,-0.003264855571839076,8.892525428683129e-06
2016-10-10,0.005288629159674303,0.02994343680284839,0.01496245456845724,0.0025672198120250123,0.005208538027371201,0.005842664253757137,2.6677813517839155e-05
2016-10-11,-0.012116817010084937,-0.05056504892439351,-0.02528561244605798,-0.0048750761730651515,-0.012629603837021608,-0.009983965711548186,8.892525428683129e-06
2016-10-12,-0.004479673010028696,-0.018753851488873097,-0.009379596704613857,0.0011628842002386897,0.0013116639220340787,-0.0037562570741952574,9.726572796298072e-06
2016-10-13,-0.00651848110620949,-0.022320909536637457,-0.01116298671349003,-0.0011924253189583567,-0.003275365922399298,-0.004431899602121684,1.0004602807978102e-05
2016-10-14,0.0036964495536414895,0.013151587999996606,0.006572289024449951,0.0014722074451634093,0.0005163725582713052,0.0025214261711808644,8.058542054101281e-06
2016-10-17,0.003149400483845006,0.01092618596225603,0.00545341213850814,-0.0009450277949351049,-0.003472313919915204,0.002119368604024181,2.5843794212665472e-05
2016-10-18,0.009092647935626332,0.030244471607988155,0.015119425832366806,0.004494673780657488,0.006262386041686163,0.005880696389495542,9.448549896262648e-06
2016-10-19,0.009872801928823033,0.0330551690154437,0.016524774536094577,0.001557172224478931,0.0026673798853438235,0.006416004570445359,9.448549896262648e-06
2016-10-20,0.005328926230554161,0.01812606969616004,0.00906022487645286,0.0008541913757398323,-0.0018668015264279303,0.003484240628631277,9.448549896262648e-06
2016-10-21,0.003996209122135472,0.01226366930809153,0.0061290246824183825,0.0004175211523582689,0.0004674061681073649,0.0023445242223076148,9.448549896262648e-06
2016-10-24,0.014401822111576023,0.03936302980751494,0.019672668091340606,0.0026575177679306616,0.004252870261571617,0.007690927067868837,2.7511854618245124e-05
2016-10-25,-0.0065081055884958685,-0.01784371810972385,-0.008924808034383669,-0.0018853256777685568,-0.0033506712151583073,-0.0035785796982152115,9.170534107205697e-06
2016-10-26,-0.009056512786728494,-0.023452416588307212,-0.011729018265780877,-0.0009199124243371992,-0.0020073338891787307,-0.004660425768275361,9.448549896262648e-06
2016-10-27,-0.010810406952001639,-0.027420762870537296,-0.013713330414790392,-0.0016757821851463017,-0.0026669207944670648,-0.005440939510274072,9.170534107205697e-06
2016-10-28,-0.010314918409824632,-0.026702727820459238,-0.01335486888577786,-0.00127278093411054,-0.002955681457953996,-0.005301681375084052,8.058542054101281e-06
2016-10-31,-0.011488128768732597,-0.029227431313872954,-0.01462423048617112,-0.0012374637533937305,4.716140861793505e-05,-0.005766718247542283,2.4175820982907936e-05
2016-11-01,-0.011791547080125794,-0.030781219530278014,-0.015393419736766223,-0.00428409399117291,-0.007245365622383537,-0.00609723821850028,9.448549896262648e-06
2016-11-02,-0.011015477244672446,-0.029439024434455674,-0.014722183177405146,-0.004129187224901298,-0.00601870159165907,-0.005832726401639561,9.726572796298072e-06
2016-11-03,-0.01991381210513859,-0.05462937821272296,-0.02731722105153278,-0.00333196573545691,-0.004577032154826521,-0.010769241453408821,1.0004602807978102e-05
2016-11-04,0.0034222847554500405,0.0108400492492986,0.00541763169803966,-0.001534335433169165,-0.0011017654177624125,0.002056596015675952,1.028263993130274e-05
2016-11-07,0.047489562078691934,0.14208509420263038,0.07103536848008551,0.015454386447115276,0.0220572139723334,0.027849759355861484,3.0848236992842004e-05
2016-11-08,-1.940961933052601e-05,0.0008884853406290194,0.0004424058535139608,0.0027928493214728345,0.004503724015695321,3.2181343796260255e-05,1.1394859549485048e-05
2016-11-09,0.012299491540796023,0.05553052026622418,0.027763701392556017,0.007931931391554015,0.010602353897810834,0.010845710470128896,1.1951012038657893e-05
2016-11-10,-0.0076667749543876985,-0.03409740265403838,-0.017050121024117293,0.0013937494294147257,0.002495244106680561,-0.00677206197241451,1.2229098954597006e-05
2016-11-11,0.0024551441572390246,0.01159857826327193,0.005798286586256474,0.00045583283698191757,-0.002305020503348465,0.002206462164130497,1.306340239182191e-05
2016-11-14,0.002441485454521242,0.011174717288314984,0.005584351263999032,0.0012210753968495691,0.0007857190505786704,0.0021749987677222482,3.919071913482952e-05
2016-11-15,0.010074469501321057,0.045811357391443375,0.022905649628886415,0.0012559917480736704,0.007802679906738108,0.008932603227006558,1.5010359480038815e-05
2016-11-16,-0.0043230465554101125,-0.019663023065050522,-0.009832096894165199,0.0001817994509656362,-0.00187826815261527,-0.0039249302748800554,1.3897769870707677e-05
2016-11-17,0.007468439884414269,0.03474798124695755,0.01737284902396863,0.000139354244548473,0.005140718180078885,0.006764378712384058,1.2785294130734925e-05
2016-11-18,0.0005775272720136202,0.0029977731745325364,0.0014973278467103057,0.0005391652026411897,-0.002237704314128397,0.0005243898833706973,1.1951012038657893e-05
2016-11-21,0.0069325917986254185,0.03202365999258716,0.01600715398886643,0.003959820536574066,0.0075516287870889265,0.006274467498072803,3.5853464597890294e-05
2016-11-22,0.0005367308840048685,0.002795877954971715,0.0013967973779758225,0.0009166953133952216,0.001953375932424839,0.00048548365540851824,1.2785294130734925e-05
2016-11-23,-0.000369848359122609,-0.001430312388046251,-0.0007160196817143083,0.0006326635133913072,0.000543688647202778,-0.0003196165115244937,1.3341517768550304e-05
2016-11-25,0.001805453472123389,0.00833605280324301,0.00416685577491549,0.0011802252062382834,0.003715669664531518,0.0016159276098184545,2.779573288935744e-05
2016-11-28,-0.0015302525845793812,-0.006798333956967717,-0.0034017571745618147,-0.0010044146127290432,-0.004694904600445082,-0.0013404704824736846,4.002508729605836e-05
2016-11-29,0.0016920551116954715,0.007732587903379384,0.003865430463998454,0.000728481206990983,0.0019503712488355696,0.001475061716604533,1.3341517768550304e-05
2016-11-30,-0.002734392890006073,-0.011685452363775939,-0.005843589669578986,-0.0008181927565876768,-0.0023991066154664953,-0.002333726244712116,1.3341517768550304e-05
2016-12-01,-0.007020281860261497,-0.030070080183765335,-0.01503590357957374,-0.0013065677608919968,-0.003675499166660434,-0.005940892200131462,1.3341517768550304e-05
2016-12-02,-0.0011472618902459144,-0.004644384945182378,-0.002323195017970625,0.0005004009236315721,0.0005007822994207434,-0.0009668438587569735,1.306340239182191e-05
2016-12-05,0.01967353979137813,0.08313157795712667,0.04156319878248538,0.004127749322084817,0.006008901069522343,0.016301302222235935,4.002508729605836e-05
2016-12-06,0.005414098923101044,0.0235193932311053,0.011758972189108263,0.0014582770726438987,0.00316732269873099,0.004508495681973935,1.3619640261364196e-05
2016-12-07,-0.0023876177223466437,-0.00983577647351841,-0.004918612663203925,0.0011984803269453614,0.013081015107855531,-0.0019856040111758968,1.3619640261364196e-05
2016-12-08,-0.001958997766921159,-0.004709644651270883,-0.0023552686189124428,0.00013766025449202246,0.00244855111150577,-0.0009680722585390274,1.417590659680279e-05
2016-12-09,0.007364869468735642,0.02246145334596017,0.011230141311340258,0.0004488303481127165,0.006040201347980778,0.004364547794614178,1.3897769870707677e-05
2016-12-12,-0.009020973005585835,-0.025066761648789848,-0.012533884936460904,0.0001256161171461212,-0.0011475735579425939,-0.004931506230077754,4.419725531978891e-05
2016-12-13,0.002619410261188206,0.0074584863633315734,0.0037287968883887856,0.00016148615106725828,0.0066738084134936315,0.0014076463527302155,1.417590659680279e-05
2016-12-14,0.0020183010988207403,0.005804883103615266,0.002902412484972361,-0.0001076400516673015,-0.008254241754407254,0.0010976729303640805,1.5010359480038815e-05
2016-12-15,0.006561550781373177,0.018301177861552498,0.009150559863940755,0.00016147745894290466,0.004117252712700026,0.0035494197047278987,1.5010359480038815e-05
2016-12-16,0.0030417468377507235,0.008412170852726941,0.004205500064723644,-0.0004604354403735522,-0.001955809744386583,0.0015987525157632652,1.3897769870707677e-05
2016-12-19,0.01345603689175854,0.03430661551467584,0.017151551962141243,0.002249395774007512,0.0021773366291086838,0.006720970264697946,4.169388905861382e-05
2016-12-20,0.007053956769005758,0.018235691194947723,0.009117538376118395,0.0018444237518804307,0.003857685280142631,0.003510254529622609,1.4454050440093624e-05
2016-12-21,0.005362725033344632,0.014037221703375735,0.007018303630332623,-0.0009651992063918202,-0.002782818034581469,0.002675518055407399,1.4454050440093624e-05
2016-12-22,-0.00744380657953401,-0.01793387985223438,-0.008967386219394191,-0.0005725224983450516,-0.001727582885112211,-0.0035902593878515796,1.417590659680279e-05
2016-12-23,-0.00037649576555208236,-0.0004294687001467068,-0.000215319711713291,0.0007757350089210302,0.0014646580318256053,-0.00015938368149498233,1.3897769870707677e-05
2016-12-27,0.007630238228152054,0.01957196422482199,0.00978419754217752,0.0016516310602039397,0.0024810201095941675,0.0038333178449399294,5.670483213648936e-05
2016-12-28,-0.016357640154376362,-0.04147252963928538,-0.02073671111291986,-0.004577653431751871,-0.008264541312736684,-0.008208094717201728,1.417590659680279e-05
2016-12-29,-0.0047112752994574745,-0.012297252172994932,-0.006148933307852933,-0.00019136352491611053,-0.00022282699941322814,-0.0025002403674787028,1.4454050440093624e-05
2016-12-30,-0.006276041683495375,-0.017244137867470477,-0.008623210533245107,-0.0020934391616673764,-0.0036551772625583734,-0.003447556839432241,1.2785294130734925e-05
2017-01-03,0.02695422833074754,0.07660767509388777,0.03830149667983318,0.005724081299935735,0.0076503452203082745,0.015007931493353171,5.55922383813634e-05
2017-01-04,0.012866877815113089,0.04101163909122074,0.02050565139973548,0.0036711682181722605,0.0059490973912439404,0.00791928875135734,1.473220140102427e-05
2017-01-05,0.003142591904603457,0.010594725998263499,0.005297055777776727,0.00025532925598237277,-0.000794537532902595,0.0019812389473909493,1.4454050440093624e-05
2017-01-06,0.003562016217570109,0.010627706468545384,0.005313406940995691,0.0019946216452066956,0.00357767352834637,0.0020122812337501745,1.417590659680279e-05
2017-01-09,0.0019596910418564176,0.005588630961015584,0.002793394129823046,-0.0002784541646670968,-0.003300599398982751,0.0010618802865512695,4.3362778082256526e-05
2017-01-10,0.0011693739241634396,0.003534513226374658,0.0017666712515473915,0.0005215062047385643,0.0,0.0006251661755616205,1.3897769870707677e-05
2017-01-11,0.007184816968703001,0.019378462161814047,0.009688784787630134,0.001208316057572656,0.002825926297194137,0.0037339684217485222,1.417590659680279e-05
2017-01-12,-0.0021891893320553843,-0.00530319903137666,-0.0026520458089651644,-0.00025438669143473813,-0.002509792241325526,-0.0011194728565766668,1.417590659680279e-05
2017-01-13,0.003265312029154815,0.008733574469190097,0.004366340941318159,0.001343266801190568,0.002295375359306684,0.0016455911570388477,1.417590659680279e-05
2017-01-17,0.0011955791853189414,0.0032463335155805684,0.0016219384991340569,-0.000437305723977377,-0.0035235423464637927,0.0006236366017228119,5.781745529032101e-05
2017-01-18,-0.00012862594720608152,-2.1975941889906814e-05,-1.101703778039198e-05,0.0010168850210472424,0.002210050067251501,-5.661319164415146e-05,1.5010359480038815e-05
2017-01-19,-0.0013710834723949833,-0.0031809811016052514,-0.0015907977721578703,-0.0005315504736705945,-0.0037046965481271066,-0.0006734013370565531,1.4454050440093624e-05
2017-01-20,0.01066400736056075,0.027484153393527944,0.01374163040348697,0.0018968716391098983,0.003673968947940809,0.005337296074867123,1.417590659680279e-05
2017-01-23,0.006917708648865345,0.017742511901981617,0.008869082949899854,-0.0009024046429603194,-0.0026020669883207725,0.0034409303132227342,4.085947727028305e-05
2017-01-24,0.015931502439992935,0.04039581104153123,0.020197459227488723,0.0033767429779094638,0.006411979857735561,0.007853485442605999,1.417590659680279e-05
2017-01-25,0.00770588737566691,0.02055689275942707,0.010277861018073597,0.0027240742266099183,0.008655400431677451,0.003940481846561064,1.3897769870707677e-05
2017-01-26,0.0012747020971908551,0.00377602543615585,0.0018872882916332046,7.62780982110911e-05,-0.0010455598871448313,0.0006662388164803936,1.3619640261364196e-05
2017-01-27,0.0027639854971188895,0.007373080632164797,0.0036859549544423498,0.00014667746212793098,-0.001569555335771633,0.0013868023883820554,1.3897769870707677e-05
2017-01-30,-0.008823894099061435,-0.0220965354048428,-0.011049606280816526,-0.0023347627400024384,-0.006201825094785618,-0.004357315065024263,4.252832266216089e-05
2017-01-31,-0.001083452148530634,-0.002055706347461772,-0.001028299467007887,0.00018815892373091891,-8.781889480113936e-05,-0.0004755883489856061,1.417590659680279e-05
2017-02-01,0.009416639916107857,0.02199581637292347,0.010997600965106269,0.0005878860206582903,0.0003957271769874371,0.004258448114180396,1.4454050440093624e-05
2017-02-02,-0.00784844123236988,-0.016639966798862704,-0.008320568761071456,0.00048178330327086627,0.0006587901625352277,-0.0033361267983438437,1.3897769870707677e-05
2017-02-03,0.01357781137023903,0.02410881666189968,0.01205396203767295,0.0031124657188328353,0.006892856271086822,0.004660055848567183,1.417590659680279e-05
2017-02-06,-0.0018264575789082454,-0.002491474815684347,-0.001247493203039074,-1.17087106954461e-05,-0.001787668979873147,-0.0005267939106878315,4.169388905861382e-05
2017-02-07,-0.0015746218674551604,-0.0022403687025565056,-0.001120352497153032,0.00045664506384257564,4.368355231232357e-05,-0.0004944024138068739,1.473220140102427e-05
2017-02-08,-0.00021646710157160874,-2.225409996892136e-05,-1.1295195859295504e-05,0.0005617681653000695,0.0013106820861576995,-5.877376039313714e-05,1.473220140102427e-05
2017-02-09,0.015413945879771808,0.025534518444755294,0.012767091076502979,0.0010468754569115113,0.005932307535905679,0.004954771534337433,1.473220140102427e-05
2017-02-10,0.013241396069523542,0.022319954054937252,0.011159808881593847,0.00032132925147809743,0.0039463380598701026,0.004300432406383861,1.473220140102427e-05
2017-02-13,0.0133934001626738,0.022644140980470517,0.011321983627697207,0.00015769277942290216,0.005442404334588424,0.004404143928850467,4.5031754376090305e-05
2017-02-14,0.03431384679235003,0.05760686932690362,0.028803127442096343,0.0001343097065040766,0.0039952452346465606,0.011217420461067253,1.4454050440093624e-05
2017-02-15,-0.023685921696162685,-0.046769943421564375,-0.023385000777617404,5.254891428108088e-05,0.005220465159832877,-0.009269831274180254,1.5010359480038815e-05
2017-02-16,-0.003854817413555657,-0.007921657614397226,-0.003960996953073503,0.00013428461331876917,-0.0008514698194364012,-0.0016396070375675532,1.473220140102427e-05
2017-02-17,-0.004922771935280888,-0.01165414474296289,-0.0058273795928367456,0.0019089205550464339,0.0015764215586300256,-0.0023356791069146436,1.4454050440093624e-05
2017-02-21,-0.0021163035959549624,-0.005032467124159612,-0.002517461820736089,0.002318968932808252,0.005955298914932516,-0.0009828372795428848,5.781745529032101e-05
2017-02-22,-0.001900128595931356,-0.004375487930814437,-0.0021879121112821087,-0.00024414914024628587,-0.0008880290262235357,-0.0009038956269957414,1.473220140102427e-05
2017-02-23,-0.011106691756049584,-0.026841274544394667,-0.0134209444935528,0.00040120011163824465,0.0006771949125281562,-0.0053084226407227025,1.4454050440093624e-05
2017-02-24,0.004144873942654963,0.010281849103434881,0.005140478258440773,0.0008311392419777519,0.00126850555020952,0.0019538647185022317,1.417590659680279e-05
2017-02-27,0.0020571333717526886,0.00510747520206456,0.002552399022637486,0.000429742851169701,0.0015632709435537961,0.0009902794332613556,4.252832266216089e-05
2017-02-28,-0.007200842482875657,-0.01681972920336461,-0.00841044996332252,-0.0009519939629651919,-0.002699297360131858,-0.003342707965698667,1.3897769870707677e-05
2017-03-01,0.007140709667621878,0.017583379702847957,0.008791521705549421,0.0033932576435453665,0.013997612942960203,0.003395805888197807,1.473220140102427e-05
2017-03-02,0.00045772220630932686,0.0014656922409430617,0.0007339298140962569,-0.00026637327002143607,-0.006297442501547512,0.00023592151638503612,1.7235880399812942e-05
2017-03-03,0.01339802031005343,0.03194821170381612,0.0159757460112111,0.0009151780542620003,0.0006297915090416328,0.006227868884937559,1.8348811756885297e-05
2017-03-06,0.004421272566994494,0.01089633291290637,0.005454757070491034,4.050879040740085e-05,-0.0029784514868453904,0.002118705449608368,5.838670752722486e-05
2017-03-07,-0.00028950398421116866,-0.0003225467502068202,-0.0001586592637452533,-0.0004976592654317713,-0.002986826087603034,-0.00010873248271101098,2.0296715867118564e-05
2017-03-08,0.00012412818533859496,0.0005919545872594689,0.0002988697090644532,-0.00024316390984413516,-0.0018564040129924742,8.052666452371818e-05,2.085332402002038e-05
2017-03-09,-0.0012832589169808732,-0.0027405266623681257,-0.001367788366519962,-2.895512534673017e-05,0.0012681625864179313,-0.0005736559100237353,2.0018422478784714e-05
2017-03-10,0.007107668217651963,0.016799848937925965,0.008402399433627084,0.001094535430517407,0.003504346817920556,0.0032567983547944334,2.0018422478784714e-05
2017-03-13,0.01069514162985156,0.025248116783860297,0.012631901343944207,0.0005553466577963295,0.000504584341549208,0.004947789172624125,6.089138348008838e-05
2017-03-14,-0.008900099658926101,-0.020480414290745208,-0.010236897247100862,-0.00029486416012858285,-0.0038263190126905933,-0.00407347572031042,2.1688289694177243e-05
2017-03-15,0.010541546983739514,0.02539661546084937,0.012701478464187455,0.0009658203689781875,0.00865340175135998,0.004927663709190229,2.1409960676344042e-05
2017-03-16,0.013314248685984622,0.03212147464274051,0.016063212286034245,0.00018488880671596597,-0.0019669579315571006,0.006239129232241566,2.0018422478784714e-05
2017-03-17,0.00027110713510405796,0.001413647285629649,0.0007092986074788143,-0.0003928160869740571,-0.0017562474000588635,0.00020998131992555047,2.0018422478784714e-05
2017-03-20,0.004013526078769339,0.007870517083924167,0.003942684037064215,-0.00034095965696001596,-0.0010968343569708328,0.001550248173722561,6.005646965623335e-05
2017-03-21,-0.02644925929770336,-0.045622362120842364,-0.02280828864498652,-0.008064422887930522,-0.012839583414565814,-0.008991154385132085,2.085332402002038e-05
2017-03-22,-0.005916335853236107,-0.010905146858592119,-0.0054495418564787235,0.0013229440458777386,0.002353200940463207,-0.0022274758252773183,2.1131638785032436e-05
2017-03-23,-0.011974675905025864,-0.02452334830006242,-0.012258642577214096,-0.0009894420710768737,-0.0010670570024341464,-0.004867116228755889,2.1131638785032436e-05
2017-03-24,0.011056680976472593,0.024595860777815615,0.012300822804342637,0.00012234625154383671,-0.0007263889581623495,0.004754259513119334,2.085332402002038e-05
2017-03-27,0.011472122986329863,0.024671317465870146,0.012345171621807927,-0.00012815658404452535,-0.001026320263347813,0.004816317700011332,6.42312571978998e-05
2017-03-28,0.020896167089498447,0.045574497719131246,0.022790419593328615,0.0056279603595834615,0.007276713691018566,0.008863171898144676,2.1409960676344042e-05
2017-03-29,3.396567217418868e-05,0.0004870372499778952,0.00024668935875160614,0.0012282094212932027,0.000934875290086401,8.42063719712249e-07,2.1409960676344042e-05
2017-03-30,0.0036498309873633237,0.008813559808598992,0.0044099506380623765,0.0020367895105339873,0.003184422355470895,0.0016735751646744092,2.1409960676344042e-05
2017-03-31,-0.012228973240838237,-0.027487548868720846,-0.013740603700597598,-0.0011953364554520007,-0.0023279300635977718,-0.005452126852950786,2.1409960676344042e-05
2017-04-03,-0.0038312017138995664,-0.008688554721222652,-0.00433559946201123,-0.0007226853832544844,-0.0017391806675011168,-0.0017325440838897787,6.256127665227318e-05
2017-04-04,0.006946585537829908,0.01672110366196411,0.008363861729254074,0.0009488489420912405,0.0006375279637140796,0.0032194336212748417,2.1688289694177243e-05
2017-04-05,-0.018314704445189615,-0.04293884662210001,-0.021466113412778265,-0.002641542151960885,-0.0029728344130781625,-0.008486513117073359,2.1688289694177243e-05
2017-04-06,0.008736174727396415,0.023692898769229975,0.011849898450959184,0.0022950135614439038,0.0028112274937581727,0.004558687889300089,2.1966625839198173e-05
2017-04-07,-0.010919443494162392,-0.02857839914837057,-0.014285889675913599,-0.00037006198538258595,-0.0010192826891034512,-0.005675164495625327,2.1688289694177243e-05
2017-04-10,-0.016459840923659274,-0.044840665563726234,-0.022409149781366433,0.0009197130957889765,0.0005952446300527825,-0.008814009498223014,6.75714804454497e-05
2017-04-11,-0.00960658421963568,-0.027401785009608437,-0.013697165091623886,-0.0009419841769775505,-0.0011897810493249894,-0.005454958781227413,2.2523319511469353e-05
2017-04-12,-0.008895476556905231,-0.025566765350769405,-0.012779655262204481,-0.0031583331405169446,-0.004381822097029642,-0.005079214269625255,2.2523319511469353e-05
2017-04-13,-0.006002877237363398,-0.017224650067590774,-0.008608736795814975,-0.006238031683398093,-0.006494878549761274,-0.003440488775343913,2.224496911140683e-05
2017-04-17,0.021279859302359077,0.0610097399301186,0.030519224401518885,0.008478584566874003,0.008859833040178566,0.011981963973491487,8.898284552172342e-05
2017-04-18,0.00030465263603392343,0.0012682189663997256,0.0006379760751442642,-0.0029703486251280165,-0.0029841410534615642,0.0001528055896786374,2.280167703960778e-05
2017-04-19,-0.005643094769389417,-0.017466469962661102,-0.008729507568150052,-0.0014808878358130162,-0.0018386915328383324,-0.0034691282791983634,2.2523319511469353e-05
2017-04-20,0.005291559450685833,0.016969303958529025,0.008488240217244813,0.007822541715375664,0.00813911731147754,0.0032709610179075758,2.224496911140683e-05
2017-04-21,6.882127285614815e-05,0.0006827822675561368,0.0003447010320498656,-0.0016216153828396696,-0.003187053089996339,7.619005673960286e-05,2.1688289694177243e-05
2017-04-24,0.03553867813063943,0.10739645538451459,0.05370815809265084,0.007549002040426966,0.01099814154462364,0.02106318632438877,6.50662802386126e-05
2017-04-25,-0.0011077641805197996,0.015604157535371366,0.007805667005665873,0.0018128725424391146,0.005818664004797025,0.0029106389206192728,2.224496911140683e-05
2017-04-26,2.2523319511469353e-05,0.004931135435550127,0.0024692951309552846,1.7179670722899942e-05,-0.0006290706095245513,0.0009003834073921011,2.2523319511469353e-05
2017-04-27,2.280167703960778e-05,0.0011748760177625606,0.0005913046008256817,0.0004180314726160983,0.0008391156843858827,0.00017382968298285632,2.280167703960778e-05
2017-04-28,2.224496911140683e-05,0.005128681021846271,0.0025679287489035474,-0.0004979937149758307,-0.002179382399111418,0.0009522837035114797,2.224496911140683e-05
2017-05-01,0.008950934493791357,0.03721217587325554,0.01861643585946471,0.0012427411318678416,0.0025202101150711975,0.007288644097649739,6.590132512585001e-05
2017-05-02,-0.0020660364231918213,-0.007400315112635392,-0.0036962909643732944,-2.859904707974703e-05,0.00037708860329899174,-0.001540857843653667,2.280167703960778e-05
2017-05-03,-0.004460510565299962,-0.01624164350924162,-0.008117094341440478,-0.00016015924404833015,-0.0012146875644184485,-0.003245432252925522,2.2523319511469353e-05
2017-05-04,0.006760197860824291,0.025642696694450295,0.012825493307390579,0.0003775786908317702,0.0011738931038656197,0.004960693517818006,2.335841348144463e-05
2017-05-05,-0.0005455143173142184,-0.0016403053990715621,-0.0008160077393705167,0.0005089669686155762,0.003937179060684359,-0.00039932139279118056,2.335841348144463e-05
2017-05-08,0.005603390557989038,0.02039126139728875,0.010209736815119053,0.001171743268191916,-0.00016689818686743685,0.0039984255500158244,7.341771240154671e-05
2017-05-09,-0.00012179849527224664,-1.1957507450977012e-05,-9.986033414621787e-07,-1.7127393553195702e-05,-0.0009179456643173545,-7.488370429247781e-05,2.5028793918968617e-05
2017-05-10,-0.0007085738807868297,-0.0020590404143085994,-0.0010245400567701068,0.00019411378493350284,0.001795992930369028,-0.00045637225440703973,2.5028793918968617e-05
2017-05-11,-0.002664485237296328,-0.00815224406202486,-0.004071281087911216,-0.0001484111445353431,-0.0020428692126478465,-0.001652673639998201,2.4750379353122298e-05
2017-05-12,0.0049326843770857885,0.016057918399211557,0.008033521738837646,0.0003710829341811994,-0.0016708434674933548,0.003089087620166581,2.4193571614095077e-05
2017-05-15,0.006893462921978433,0.021496749338498544,0.010761645555093846,0.00041089323624077245,0.0055232705505621205,0.004199589163395819,7.17472511411188e-05
2017-05-16,0.0020945474230093693,0.0068017223682990124,0.003405702127250887,9.127210496306937e-05,-0.0009152800693716934,0.0012592276691631799,2.4750379353122298e-05
2017-05-17,-0.06475924132056238,-0.17806606614976006,-0.0890281921317787,-0.003262679960756576,-0.017744382880398812,-0.03496443568448127,2.4750379353122298e-05
2017-05-18,-0.001574585069557479,-0.0032304922122451396,-0.0016104051630212446,0.0031760747150115787,0.004028712620899544,-0.0008150207349232367,2.4750379353122298e-05
2017-05-19,0.020518316462175584,0.10575755168347722,0.05288389520297132,-0.0001540225557475905,0.006504348158648865,0.020705798614344944,2.5307215616221512e-05
2017-05-22,0.0065336685771886635,0.03701922443255756,0.018524553607099925,0.003600118672691499,0.00507726287336685,0.007179451593458007,7.508826109425826e-05
2017-05-23,-0.0015928835082871322,-0.008759718288149587,-0.0043746005684276446,0.0009152771698037743,0.0022127303136816323,-0.0017901432412233945,2.558564444510303e-05
2017-05-24,0.0052805951910190035,0.02791385282914005,0.013962045775802956,0.0012722646310432406,0.0023330202599816108,0.005427799195971219,2.5307215616221512e-05
2017-05-25,-0.0008467725221431404,-0.0041013802070268834,-0.0020454315278662927,0.0010834543474314007,0.00477947581080862,-0.0008695166666681759,2.558564444510303e-05
2017-05-26,0.0015135532732507605,0.00810767918069355,0.004059098165994035,0.0003399837941058248,-0.000206954777857149,0.0015476140516855162,2.558564444510303e-05
2017-05-30,0.002115330095674511,0.010831355752872751,0.00543671414293434,0.0002888880077489553,-0.0008686729264970605,0.0021608782666222696,0.00010234650559870495
2017-05-31,0.00024564957898327047,0.0015302231868572491,0.0007703701690757736,-0.0001019310266719975,-0.00024855451707195275,0.0002503395167009532,2.558564444510303e-05
2017-06-01,0.00346612369283576,0.018121769236455032,0.009066700087194679,0.0014611603198695367,0.007952425649878192,0.0035137101456698926,2.6699431085130954e-05
2017-06-02,-0.0007971855250757723,-0.0038323855499232673,-0.0019103773059945262,0.0005937906463835407,0.003328313755380563,-0.0008082863794965471,2.6699431085130954e-05
2017-06-05,-0.002000199409634574,-0.01038282534596191,-0.005173965196780261,0.0002656342724729477,-0.0007375097594010116,-0.002020936035951746,8.010043185358029e-05
2017-06-06,-0.003235303082848635,-0.016356555451941368,-0.008172601485683328,-0.00029381519024529457,-0.0031964221991184205,-0.0032551612971489737,2.642097372573815e-05
2017-06-07,0.0015023972994107156,0.008008423453804703,0.004010027195869403,0.0003730288814784988,0.0018499611682678552,0.0015182461194179866,2.6699431085130954e-05
2017-06-08,0.003390309550691233,0.017622511879437086,0.00881734987674565,0.0003954891635968849,0.0004929201253096593,0.003411351258615858,2.725636720501967e-05
2017-06-09,-0.0011138033943872293,-0.005462757522206596,-0.0027251455846956096,-0.00016942834875144364,-0.0015180786297259719,-0.0011252052226319237,2.753484596618172e-05
2017-06-12,-0.0017955454838748113,-0.009323603063463026,-0.004643100865246219,0.0002880770012878564,-0.0002052612863554515,-0.0018113325820088056,8.260681242266976e-05
2017-06-13,0.006380178025241833,0.03305612385873746,0.016534016630582515,0.0005816350155574135,0.004889637235021338,0.006436549250237956,2.697789557815078e-05
2017-06-14,-0.00022985984535135522,-0.0008704812470343715,-0.0004290074471092753,2.8218296743487414e-05,-0.001267627767846169,-0.00024043959466463403,2.753484596618172e-05
2017-06-15,-0.00216661162475224,-0.010990920226851886,-0.0054892269370182545,5.64350009875092e-05,-0.0019243476135736293,-0.002193716093319825,2.753484596618172e-05
2017-06-16,0.0017177174935550162,0.009127882868055659,0.0045703138533832455,0.0013995090431986323,0.00021867042000112136,0.0017428047555246913,2.781333186185897e-05
2017-06-19,0.005690433099138117,0.018012801579294857,0.009025936970997517,0.002828918079716969,0.008325067889792814,0.0035462319386651907,8.427784215192524e-05
2017-06-20,0.0009708811925570529,0.0030972314941872803,0.0015551274129645964,-0.0022196622741704752,-0.006744293215652397,0.0005521566296195334,2.8091824892717554e-05
2017-06-21,-0.006349086475958127,-0.008290746468472832,-0.004139000814880833,9.011038522199755e-05,-0.00024675293918097196,-0.001684223926205378,2.781333186185897e-05
2017-06-22,0.009478824005919357,0.015939986205696588,0.007975947804061967,0.00031535793125203604,-0.0004529870704899075,0.00306195314531733,2.697789557815078e-05
2017-06-23,0.004765550319677522,0.008285193772615385,0.004148133901481943,0.0010865159430732962,0.001194694206769542,0.001551798104619545,2.614252349952828e-05
2017-06-26,0.012517291869473979,0.020813067493626658,0.010423563514786682,0.0008041613946296877,0.0006578034403401656,0.004072186030064969,7.92650153993435e-05
2017-06-27,-0.01998498667687439,-0.03217053395426539,-0.016079173040105532,-0.0035905331295514875,-0.008056285485519843,-0.006385931960079005,2.725636720501967e-05
2017-06-28,0.015190800439258429,0.025451763346624467,0.012732114849719922,0.004071528063655627,0.008950340872294626,0.004903518540555491,2.753484596618172e-05
2017-06-29,-0.014584098076491544,-0.024057711303760332,-0.01202248323252475,-0.004111181627735827,-0.008788685416845299,-0.004798027187761448,2.781333186185897e-05
2017-06-30,-0.009894132060407445,-0.01698508530047571,-0.008485891734283824,0.001404248839661948,0.001864578606985079,-0.003407130912735885,2.8370325058757473e-05
2017-07-03,-0.012206077107768824,-0.021758931299324158,-0.010859929468312268,0.0013234366552532517,0.001695662006580445,-0.004275127808224396,8.427784215192524e-05
2017-07-05,0.006131183653340687,0.012147577392136677,0.006087647968111565,0.001214827646327743,0.0023118202647123276,0.002341966893338925,5.785553038828439e-05
2017-07-06,-0.025154874290173542,-0.04705736422033635,-0.0235218919405632,-0.0044658154466657995,-0.009144393330925427,-0.009288918674134502,2.864883236064486e-05
2017-07-07,0.01311996584331332,0.029569547795400997,0.014791424813654697,0.004389924615176177,0.006485208811549015,0.00570699768131462,2.8370325058757473e-05
2017-07-10,0.00973804357793473,0.022226699762315283,0.011133721621117587,0.0011966157683622747,0.0010736976781378083,0.004341705620416098,8.594895937186209e-05
2017-07-11,0.0044576456482982385,0.01061334325576424,0.00531346179748704,8.97791992817698e-05,-0.0007424313610442379,0.002008945909993505,2.864883236064486e-05
2017-07-12,0.011751151646500558,0.02729398322824994,0.01365378178372989,0.002743630457103574,0.007514781538733528,0.005289576945388809,2.864883236064486e-05
2017-07-13,0.004497037058544516,0.010960583920387457,0.005487082129798537,0.000542748433303597,0.0016799437109582538,0.0020692247820614526,2.864883236064486e-05
2017-07-14,0.013420266975032189,0.030697684803668857,0.01535563257143946,0.0005816001834277884,0.00466421255571392,0.005953996330030923,2.864883236064486e-05
2017-07-17,0.004257504476975506,0.010170319840918873,0.005105113875645939,0.00019002800118483876,-0.0001222027748989385,0.0019676643694830913,8.511338982519767e-05
2017-07-18,0.005281524781929608,0.012663109863768396,0.006338623619495332,0.0001452879215444458,0.0005297295476187625,0.002416781093488582,2.920586837285022e-05
2017-07-19,0.008995619709007169,0.021223642072310867,0.010618889723766456,0.00018437711265439916,0.005413921358542018,0.004096375804764665,2.920586837285022e-05
2017-07-20,0.0015623433068104227,0.004093463202444969,0.002054357367668125,4.468924218214987e-05,0.000445078737464355,0.0007286246823027223,3.0320026041863457e-05
2017-07-21,0.003359909487270099,0.008184103168966894,0.0041002344868694696,0.0009105026197897548,-0.0008901888200318897,0.0015489288204899444,3.143429792307195e-05
2017-07-24,0.002309589909334397,0.00560216029235816,0.0028260482406421428,0.00046320841588309847,-0.00024309877509587352,0.001104010691428769,9.514166837787386e-05
2017-07-25,0.003975055203937769,0.009506462157604645,0.004761692570577125,0.0009204096659749528,0.002431008406417412,0.0018068201324883421,3.199147670041036e-05
2017-07-26,-0.003497361655583681,-0.007596907113940898,-0.0037898527651460956,0.0002898017644468176,4.040432206742217e-05,-0.0015505099416105734,3.2270076799623126e-05
2017-07-27,-0.0041134871454491465,-0.008995835181062617,-0.004490013263254378,-0.0004624341867007775,-0.000929617518833803,-0.0018228083991989842,3.0877147704444496e-05
2017-07-28,0.0010158609602715083,0.0027371074688677943,0.0013761795008793154,-0.0003400185059251326,-0.0011730530157166852,0.0004770626869211263,3.0320026041863457e-05
2017-07-31,0.00470136502087091,0.010082760053051754,0.0050630051864328784,0.00019515894301913583,-0.0005668288910233299,0.001984896077632354,8.845579926641811e-05
2017-08-01,0.0018257046358700812,0.004224128157777285,0.002119132766499776,0.0014327446258139975,0.002228661306173274,0.0007662977010459954,2.920586837285022e-05
2017-08-02,-0.005930470418521079,-0.010578326428598683,-0.0052819552623328825,0.0003507150690575944,0.00048519020587556305,-0.0021298010052522532,2.9484397083834324e-05
2017-08-03,-0.0038505120865951767,-0.00645643055001055,-0.0032210073230388714,-0.0006065800017808209,-0.001939890770628061,-0.0013263201601581417,2.9484397083834324e-05
2017-08-04,-0.0006993162708103141,-0.00082953231941163,-0.00040755820773907825,0.0011470763473970802,0.0018222225199593378,-0.00021798444674274228,2.9484397083834324e-05
2017-08-07,0.00869248713563038,0.014875456078830451,0.007459353199322338,0.0009955893722224385,0.0018592428792512106,0.002929207703098928,8.845579926641811e-05
2017-08-08,-0.01865716757966918,-0.030074792334796707,-0.015030884501527453,-0.0011168403973951246,-0.002461183042163362,-0.005961408628413549,2.8091824892717554e-05
2017-08-09,-0.008229170643799492,-0.012930524163318857,-0.00645833265483553,-9.456475182323398e-05,-4.0216932268077876e-05,-0.00261016043032445,2.8927346798379716e-05
2017-08-10,-0.11672792274336695,-0.19055862513965538,-0.0952723831430039,-0.00938504845511079,-0.014115144924874645,-0.037422916769660475,2.8927346798379716e-05
2017-08-11,-0.003018352321850459,-0.004605283783243652,-0.0022958517220167396,0.002077869565949797,0.0014766839247302155,-0.0010890680881618193,2.864883236064486e-05
2017-08-14,0.030616510164827804,0.14304068322842833,0.07153987779556403,0.007543278580115054,0.00991319430300619,0.028068942990891906,8.427784215192524e-05
2017-08-15,2.757799969185699e-05,0.00046679765557500197,0.0002399104936585683,0.0008232146532207718,-0.00012164561676364372,-7.700772753146957e-05,2.8091824892717554e-05
2017-08-16,0.001289530413794828,0.007581516851013381,0.003797409341460778,0.001389421500464172,0.0017445132687319287,0.001454396613587111,2.8370325058757473e-05
2017-08-17,-0.024225188553153105,-0.13927785341465904,-0.06963255428797388,-0.012332043889200284,-0.015590957300358421,-0.0273511579583899,2.781333186185897e-05
2017-08-18,-0.000736513445835473,-0.0036369620770221323,-0.0018123871014837922,-0.003276035491320939,-0.001563074460091629,-0.0008507610161937473,2.725636720501967e-05
2017-08-21,0.008274596313159674,0.05374488858106208,0.026891562708980965,0.0017758885080281228,0.0007825794564335631,0.010570674547068075,8.344231635160071e-05
2017-08-22,0.011720094636300889,0.07858292391116506,0.03929769513199033,0.00511562206301952,0.010457076382038188,0.015333907403547212,2.753484596618172e-05
2017-08-23,-0.006921814530804984,-0.04796118216356504,-0.023974357905374943,-0.0013437849944009095,-0.003585554064980845,-0.009503712091002755,2.753484596618172e-05
2017-08-24,0.0017566763651658606,0.012694444294510276,0.006353316084282357,-0.00059430365552815,-0.0023307709989246472,0.0024176313055332068,2.725636720501967e-05
2017-08-25,0.0028620817700732437,0.020321001289128615,0.010166873063919724,0.0017727512426088943,0.002336216183853157,0.003943528856213025,2.781333186185897e-05
2017-08-28,0.0007336955089850967,0.004951539224289592,0.002495305793494662,0.000834406675253474,4.102076355905204e-05,0.0009818188679265262,8.427784215192524e-05
2017-08-29,-0.001407957770947113,-0.009832272203733616,-0.004910181400653024,0.00039727169467163037,0.0011446482477079911,-0.0019644941127239302,2.697789557815078e-05
2017-08-30,-0.00023846437209256805,-0.0015487774453712966,-0.000767877056814581,0.0016276078080428302,0.0047377500003953354,-0.0003425932630206352,2.8091824892717554e-05
2017-08-31,0.004758761156266482,0.033723089577494036,0.016868056454617975,0.0014518569809194304,0.006015972912454259,0.006581408243681278,2.8091824892717554e-05
2017-09-01,-0.00029936589247901127,-0.001906984662234601,-0.0009472591547095011,0.0005631729498551952,0.0014141780056562414,-0.00043606436572406486,2.753484596618172e-05
2017-09-05,-0.00404104316252599,-0.029286569293384135,-0.014617792648482397,-0.001331906688512241,-0.007181841196753358,-0.005687651207837662,0.00011125796902233809
2017-09-06,-0.0009288396712576267,-0.0064093821326794975,-0.003198179400468737,0.0013504238210297892,0.0034137226414370225,-0.0013115493064004534,2.8091824892717554e-05
2017-09-07,0.0019535619031974824,0.014032074639466874,0.0070231060073444596,0.00021176405026612777,-0.00012153952729176964,0.002717871631369819,2.920586837285022e-05
2017-09-08,-0.0032797567818717696,-0.02319320629146182,-0.011589812976126046,-0.0004902971312045201,-0.0011744783306466555,-0.004589220914162351,2.864883236064486e-05
2017-09-11,0.008136433666032485,0.05778363583509871,0.02891177187273608,0.0016555645363582894,0.010665531111344162,0.011342611652119325,8.511338982519767e-05
2017-09-12,0.00346538399900106,0.02070757193055095,0.010360715392099262,0.00010017140440310435,0.0033705036263369514,0.003978439335354345,2.8927346798379716e-05
2017-09-13,0.0057726755497393084,0.032846248457500726,0.01642977514470423,7.790328863177542e-05,0.00048010428419686946,0.006389530581943484,2.8370325058757473e-05
2017-09-14,-0.0014788250739281017,-0.005918005339410226,-0.0029523517537510813,8.902539449384683e-05,-0.0003198924789810098,-0.0012243513974293351,2.8370325058757473e-05
2017-09-15,0.002141657291690876,0.010220595799378174,0.005117088069294118,0.00047846889952141147,0.001346413313136674,0.001965718096627173,2.864883236064486e-05
2017-09-18,0.008308699444624692,0.03878777544339007,0.019414259461654648,0.0011733564668068297,0.0021270336310970084,0.007623390376789617,8.594895937186209e-05
2017-09-19,-0.0006661678003531931,-0.0005140464735459149,-0.00025009380994911456,0.0004499075190100843,0.0010011220281140876,-0.00017253852699358128,2.8927346798379716e-05
2017-09-20,0.0036699567918196305,0.012064097138636765,0.006038838738923191,0.0003941860336003078,0.00035983329965727506,0.0023166517428779565,2.864883236064486e-05
2017-09-21,-0.0015945621345711447,-0.004269979612674613,-0.00212833889038333,-0.000743663597666977,-0.0026792895456441146,-0.0008978841265601891,2.8370325058757473e-05
2017-09-22,-0.003676350199604847,-0.008462722256504462,-0.0042247102122983105,0.00023326205881546436,0.0002002787048118737,-0.0017118968305197373,2.8370325058757473e-05
2017-09-25,0.0014805233259137054,0.003949462079195554,0.001994267220947865,-0.0005663614607683831,-0.0020445821556794863,0.0007783468756737892,8.427784215192524e-05
2017-09-26,0.0034075863411504883,0.007944227327734588,0.003979043090691414,0.0004333453707048296,0.0006025797165827296,0.0015067167704269282,2.8927346798379716e-05
2017-09-27,0.0025237419682557346,0.00598024351909876,0.0029971904471606248,0.0015216051268096553,0.003894194896913783,0.0011178856102417836,2.920586837285022e-05
2017-09-28,0.0078043320075563615,0.017585182381876896,0.008799659878549582,0.0008539094079746956,0.001200041715001987,0.003395002004996033,2.920586837285022e-05
2017-09-29,0.007111471362444191,0.015990320956323467,0.008002089904985521,0.0011578883219482972,0.0035149424227582937,0.003069937635616072,2.8927346798379716e-05
2017-10-02,0.011900262360638705,0.026173124050286267,0.013107351560813996,0.001305959825134373,0.004338867791264578,0.005127847784372257,8.678455079369485e-05
2017-10-03,-0.0020404452997923833,-0.0037717147755278457,-0.0018794849684083959,0.0003315906403014157,0.00214014143646013,-0.0008168423491174551,2.781333186185897e-05
2017-10-04,0.0007891061182462998,0.0020626129417440353,0.0010383751584830403,0.0002651845795167418,0.0011863590799825463,0.0003507974942828925,2.920586837285022e-05
2017-10-05,0.01619256609949298,0.03216407986515102,0.016089247884542024,0.0007401106852100714,0.005925043212159364,0.0062550154858724265,2.9484397083834324e-05
2017-10-06,-0.001562757210427975,-0.0025469255874615016,-0.0012663941061197281,0.0,-0.0011387744410298328,-0.0005825327164897148,2.920586837285022e-05
2017-10-09,-0.00732893362353663,-0.014273129184276478,-0.007115357249818599,-0.00012142084464761282,-0.0016511398110999886,-0.0027905303486040578,8.762016409136208e-05
2017-10-10,0.011386002604356484,0.0221688109427729,0.011091474158997583,0.00045262356071229526,0.002638455284048158,0.004283430318960604,2.920586837285022e-05
2017-10-11,0.006989492472480214,0.0125185941291166,0.006266505016524926,0.00029793432203395476,0.0015706947807001548,0.002382289238594457,2.9484397083834324e-05
2017-10-12,0.0058888574594751966,0.010081327557902808,0.005048150270335006,9.928186120400362e-05,-0.0014900122754156753,0.0019137475957182455,3.0041475918007876e-05
2017-10-13,0.010820542035647796,0.018136236547174223,0.009075465493477708,0.0001875137877784816,0.001217475079656527,0.0034948688699256163,2.976293293222021e-05
2017-10-16,0.009144616981079984,0.015343249325577402,0.007693667651222258,0.00022056309758822223,0.0013336648891337788,0.0030003848582276973,8.929145631952906e-05
2017-10-17,-0.0030608060596255047,-0.004530578382178518,-0.002257663424643619,6.61543380706675e-05,0.0007051497748686852,-0.0009561173209582345,3.0320026041863457e-05
2017-10-18,0.007569832877313766,0.012785953603843714,0.006400324021812676,0.0001378124207578324,0.0009786579087431857,0.0024502031901701333,2.976293293222021e-05
2017-10-19,0.004976369058097408,0.0086041867499691,0.004309440594875369,8.818779591135417e-05,0.00027353166776244997,0.0016210330618656999,2.976293293222021e-05
2017-10-20,0.007402292544910461,0.012547167728660824,0.0062810703557139025,0.0006393051414463891,0.005160762376388073,0.002398063181771622,3.0041475918007876e-05
2017-10-23,-0.023857931929235,-0.03868316775873937,-0.01931870520106338,-0.0018616127735276988,-0.003889661241729958,-0.007587606983975857,9.096283606502276e-05
2017-10-24,-0.0065375226664541675,-0.01006983790721283,-0.005027432462222814,0.0005407642433439275,0.0017572644607108945,-0.002062843211969671,3.0041475918007876e-05
2017-10-25,-0.004659781841929999,-0.007252764529660283,-0.0036186172197535393,-0.0025479393127182393,-0.004950249713916444,-0.001480952034200207,3.059858330378695e-05
2017-10-26,-0.003436459885051053,-0.005338627258672735,-0.0026615485842598208,0.0007353713625382063,0.001292648818742137,-0.0011020879834704202,3.059858330378695e-05
2017-10-27,0.02729374170806483,0.04720538093671922,0.02361031623480514,0.004497386653701252,0.008176275400304522,0.00920239416875882,3.0320026041863457e-05
2017-10-30,-0.005924292152069575,-0.01108937157302936,-0.005522224958614652,-0.001050558831294457,-0.0037251886277263058,-0.0022094473438968544,9.01271352520272e-05
2017-10-31,0.009605276071766686,0.019510926027998865,0.009763228059075812,0.0007708529487877591,0.001557869011994173,0.0037643495145451393,3.059858330378695e-05
2017-11-01,-0.00466439326966134,-0.008534336651634167,-0.00425898542343095,0.0007152406784882714,0.001322118740741951,-0.0017433978964915314,3.143429792307195e-05
2017-11-02,0.0046010103397671346,0.009472958585876379,0.0047450800847625985,0.00047831895627514776,0.0003885690639853223,0.0017998973162362607,3.2270076799623126e-05
2017-11-03,0.0010806830642467748,0.002534150329795315,0.0012755366566725712,0.0015112048974028625,0.003338641873174897,0.0004379194935749658,3.199147670041036e-05
2017-11-06,0.00814715666189987,0.015594375859381948,0.007822991867217688,0.0008285367820948242,0.0015476895042121352,0.0030724010575725563,9.681335450606454e-05
2017-11-07,-0.005485737788824562,-0.00980000831579697,-0.004891264062453993,-0.00018640350877185963,-0.0006953840383179255,-0.001986534652744456,3.254868403956834e-05
2017-11-08,-0.0001985290277705437,-3.601752761595023e-06,7.35715134791981e-06,0.0007457530460721618,0.0017007396863544244,-5.795276509768328e-05,3.3384548608239584e-05
2017-11-09,-0.004419630626658339,-0.007506449419580674,-0.003743927364158184,-0.001238342593505859,-0.0036274690838168366,-0.001518896113011528,3.36631844151114e-05
2017-11-10,-0.01315461357234095,-0.023366568557990464,-0.011673847611888277,0.00016458557352594383,-0.00031000926296820275,-0.004634575412714581,3.394182736471407e-05
2017-11-13,-0.007993361958978333,-0.014636293340496764,-0.007290252933517594,0.0010751154652068884,0.0009299090549759192,-0.002866781078847,0.00010099295291365884
2017-11-14,0.0028543568201518095,0.005796051260219315,0.002907462297216723,-0.00010410844812658304,-0.0023224772313099606,0.0010805886317235278,3.394182736471407e-05
2017-11-15,-0.02138741624542492,-0.03945021892210088,-0.01971539414027923,-0.0015179496172246232,-0.005005310072707436,-0.007770350920771146,3.4499134693000144e-05
2017-11-16,0.017591389560800676,0.037337709991433154,0.01867843098786981,0.00305697946280592,0.008500816549612988,0.007258354485702103,3.422047745726964e-05
2017-11-17,0.0017433140241752485,0.00423507963329639,0.0021273944696091895,-0.0002024479790767586,-0.0029385422517194115,0.0007679477946838649,3.477779907279377e-05
2017-11-20,0.01880229225844011,0.04204800392564256,0.021053985772445438,0.00155423968127133,0.001706285989370171,0.008283726392918647,0.00010517309870072822
2017-11-21,0.014938276044300144,0.036583993387366176,0.018302269364646406,0.0029288017048250126,0.006542650764479907,0.007102196318173446,3.5613835077441536e-05
2017-11-22,0.00470622647892316,0.011722162091887922,0.005871353716907279,-0.00011986096128491219,-0.0008845157008777749,0.002230062239023502,3.5613835077441536e-05
2017-11-24,0.001676421623979124,0.004225028754087035,0.002132781657443905,0.0010243891807064642,0.0023098942097981023,0.0008193863644732512,7.067154710194146e-05
2017-11-27,0.0019682622558952014,0.004747735321351643,0.0024038514703002,0.00021773210242126417,-0.0004991745894910027,0.0009643368738533031,0.00010517309870072822
2017-11-28,0.0028969103226028003,0.007035089175394527,0.0035273992406583687,0.0017686882319647435,0.010144812738250186,0.0013412252388385552,3.477779907279377e-05
2017-11-29,-0.00843261248455784,-0.016923635819015903,-0.008451545238544522,-0.00023903040575412593,-0.0006089328990589449,-0.0033582915601006505,3.5613835077441536e-05
2017-11-30,-0.0063851886954309715,-0.013109619417024376,-0.006544676380455305,0.0006955274325799454,0.008754910762973855,-0.002618515424524079,3.5335149264570376e-05
2017-12-01,-0.008718871615011864,-0.018134728414176293,-0.009057509554126986,-0.00039096225585211197,-0.0020752635432044197,-0.0035992366235607746,3.477779907279377e-05
2017-12-04,-0.00013249233020047737,-6.621878363533007e-06,2.625483396534456e-05,0.00031506499573574764,-0.0012099478360237947,2.2744459054063192e-05,0.00010433702574608184
2017-12-05,0.001717781627603024,0.003957716943143286,0.001989131142535072,0.00032582664936153805,-0.00359664721350339,0.0007474336292361915,3.5613835077441536e-05
2017-12-06,-0.0018048966752564845,0.009563271333179912,0.0047919083375531635,0.0003094344948890715,0.00018971084500574165,0.0018430203637983076,3.5613835077441536e-05
2017-12-07,0.014977578549844137,0.03629897561923712,0.018159760480581877,0.0008086224113228457,0.003153352890712169,0.007079756061219271,3.5613835077441536e-05
2017-12-08,-0.0018319908277748844,0.027376856719215636,0.013698561687664812,0.00045549934115274304,0.0054533035803641106,0.005301545270103039,3.5335149264570376e-05
2017-12-11,0.00010517309870072822,0.03430193343141941,0.017180950525334193,0.00022764597798352604,0.0030126756113375563,0.006736462818783528,0.00010517309870072822
2017-12-12,3.644993538909347e-05,-0.0010816174470617002,-0.0005301180024117613,8.128363110238013e-05,0.0017649939985338037,-0.00028024158830067746,3.644993538909347e-05
2017-12-13,-0.0031384364591469072,-0.0026845812020501736,-0.00133146052270805,6.502161968868769e-05,-0.00011258361138422046,-0.0005605232285126571,3.672864978487844e-05
2017-12-14,0.003946646009945084,0.00923158207916197,0.004626063710544415,-2.1672464050936924e-05,-0.004085899346928379,0.0017741098993453782,3.5613835077441536e-05
2017-12-15,0.015297088222826537,0.034758543215539284,0.017389822975264035,0.000812735015875532,0.00832715083893154,0.006772801753234461,3.6171228139370015e-05
2017-12-18,0.005813533098892693,0.012482950969396,0.0062727134694591236,0.0014075966910651605,0.006341346370727585,0.0024483781154538303,0.00010768144897399523
2017-12-19,-0.0006949724147869475,-0.0007389244869109302,-0.0003580747006116658,-0.0012704625564951,-0.003840445765608713,-0.00019243189546854688,3.78435788384035e-05
2017-12-20,-0.0048433978809213985,-0.008829443540571469,-0.004403473598934116,0.0003789170550567711,-0.0005238900515672773,-0.0017957412324173863,3.756483585370951e-05
2017-12-21,0.008984530691510789,0.016913093023785075,0.008467934054736226,0.0008441238697669551,0.002059465315509934,0.003244422817401415,3.78435788384035e-05
2017-12-22,-0.01031469372010016,-0.01659533741571606,-0.008286699268769682,7.56908138384027e-05,-0.00026118554273224515,-0.003334969275763689,3.700737132739107e-05
2017-12-26,0.0036837646658328363,0.0071071680810446125,0.00359635091088939,0.00019461879044424535,-0.0011967129571973656,0.0014236586216129481,0.00014580771333649878
2017-12-27,-0.00027292783741999046,3.3662860385863524e-06,1.4325190147879141e-05,-0.00013512563981987746,0.0004868755223101928,-6.624387957957944e-05,4.0352587408198914e-05
2017-12-28,0.0038777378657960655,0.007343372816773552,0.003683910255245726,0.0007135597984733177,0.0020571658901153977,0.001379918163456615,3.951618686892644e-05
2017-12-29,-0.011542015557916282,-0.02003691089693882,-0.01000692853055929,-0.0010047536732931128,-0.003770243708313914,-0.003996780999059316,3.8122328971157415e-05
2018-01-02,0.02586115693214521,0.04701680075824788,0.023554512410811634,0.0029524046416560257,0.007157025721520105,0.009252229851130077,0.00015249803597794376
2018-01-03,0.007566352115035672,0.015492396930806729,0.007758422312262425,0.0012184602113436416,0.00632530132198017,0.002927120736890521,3.951618686892644e-05
2018-01-04,0.0018115168602529565,0.0041721614236771565,0.0020978863906044865,0.0005277158519381153,0.004215035686623514,0.0007386688404732635,3.867985068239932e-05
2018-01-05,0.004475954093512934,0.008843196604831682,0.004433403981181749,0.0003605950356289078,0.006663826055003597,0.0016663629749122618,3.867985068239932e-05
2018-01-08,0.0013386613394593962,0.002870609106421007,0.0014698874869367717,0.00040350565714941666,0.0018289493883820729,0.0005656961609423741,0.00011437134690472917
2018-01-09,-0.006360295985215764,-0.01142724717288146,-0.0057012603430671716,8.066858120092668e-05,0.002263375283995339,-0.0023054796452318194,3.9794979897811444e-05
2018-01-10,0.008167859796169635,0.015326243332057787,0.007675345512887954,0.00011292690402830985,-0.0015302400917572845,0.002932357414087817,3.951618686892644e-05
2018-01-11,0.000497752361350021,0.0015501596515588023,0.0007870248903347754,0.00013442161069354697,0.007296036673734907,0.00022613872545404967,3.8958622261553444e-05
2018-01-12,-0.005774513713242009,-0.008734739777933265,-0.0043552854350469294,5.376141758106634e-05,0.006519142428202507,-0.0017755469934817645,3.92374009903218e-05
2018-01-16,-0.023265950442978724,-0.03849636951772972,-0.019199842324343908,7.526193842499751e-05,-0.0034184868377661326,-0.007500098239191277,0.0001569588416445722
2018-01-17,-0.0028033699083106376,-0.004137978070954507,-0.00205662579210375,0.0001343862044498323,0.009532011148097874,-0.0008905170070603271,3.9794979897811444e-05
2018-01-18,0.0013929857014283445,0.0030895848350771526,0.001557016264397637,9.137034011263978e-05,-0.001680653940765775,0.0005603316121094343,3.951618686892644e-05
2018-01-19,0.0069489449439070015,0.013176954417514875,0.0066008404521309405,0.0015101599909712604,0.004549212548660808,0.0025392976346054062,3.9794979897811444e-05
2018-01-22,0.004123569386646323,0.0077063042870471055,0.0038898260264255136,0.002624038120995653,0.00813136699986039,0.0015337291596466014,0.00011855324525567035
2018-01-23,-0.008100295454281092,-0.014217182956771102,-0.007096228235012214,0.0005566170528197301,0.0021220289945294013,-0.0028376781787773056,3.9794979897811444e-05
2018-01-24,-0.010959960171283464,-0.019524705469074477,-0.009750128887678011,-0.0004653725387410157,-0.00038835015948246454,-0.0038831448142274284,3.951618686892644e-05
2018-01-25,-0.007663311920080413,-0.013668838566644137,-0.006822334829402421,0.00021406400513757085,0.0004240039000236173,-0.002738210133221024,3.92374009903218e-05
2018-01-26,0.001841795337601794,0.003761370817132459,0.0018926304731214927,0.0024237560192617025,0.011577701102767124,0.0006859920138623613,3.8958622261553444e-05
2018-01-29,-0.04425017508814723,-0.08078699407153289,-0.040358077755243804,-0.0022631076096993885,-0.0066297638469630105,-0.01580679115638542,0.00011604404049747608
2018-01-30,-0.011018943887866626,-0.026351510501559927,-0.01316339200740635,-0.0030920830903712337,-0.010257002854825559,-0.005268249317983711,3.9794979897811444e-05
2018-01-31,0.011945544947172535,0.0320880913828252,0.01605626953827155,0.0013361881610509663,0.0004968857599962906,0.006238221377879563,3.951618686892644e-05
2018-02-01,0.005969423397603257,0.016749498961960985,0.008387252124443911,0.00017684887459812337,-0.0011354397254572657,0.00322356885367454,4.0073780077420906e-05
2018-02-02,-0.05550761914643764,-0.13991405037273086,-0.06994424373199559,-0.01236115799456683,-0.02176971784828874,-0.027482364438598195,4.063140189014547e-05
2018-02-05,-0.0006847629744444332,-0.9610152067609331,-0.4804692565409576,-0.03864891550839278,-0.04182280289997009,-0.18847861379002284,0.00012189915846994026
2018-02-06,4.1467888248103435e-05,0.2595645492687735,0.1297954743319354,0.01668717057369551,0.019702301738817818,0.050271409605957114,4.1467888248103435e-05
2018-02-07,4.1746731339165066e-05,0.04485812443226944,0.0224424013352289,-0.0024589390482849804,-0.005424820390348084,0.008651547139360028,4.1746731339165066e-05
2018-02-08,4.258330353335005e-05,-0.11439809500658082,-0.05718529009809903,-0.03717532106212029,-0.037509017341808115,-0.02246473233907974,4.258330353335005e-05
2018-02-09,4.258330353335005e-05,0.05217758771731762,0.026102551263850415,0.01563845464790381,0.015021726853714945,0.010164859854683066,4.258330353335005e-05
2018-02-12,0.00012775535069065036,0.03200731777359511,0.016044933822417118,0.013747503428340524,0.014684674978123313,0.006324002338105103,0.00012775535069065036
2018-02-13,4.481447753379442e-05,0.001498511405977343,0.0007641286951802773,0.0029019348103078713,0.0024873351314713688,0.00026887499527856605,4.481447753379442e-05
2018-02-14,4.369883328747548e-05,0.09836736826962245,0.04919799930487967,0.013997559801649961,0.013496133687020517,0.01929091016163911,4.369883328747548e-05
2018-02-15,4.341994011625161e-05,0.019824573065186257,0.009926462256075963,0.012209190009659032,0.012760063026349355,0.003819487519786649,4.341994011625161e-05
2018-02-16,4.341994011625161e-05,-0.013320553510230426,-0.006646101031632323,-0.004744065828003019,0.00029324135786756855,-0.0026299374554736117,4.341994011625161e-05
2018-02-20,0.0001770383166392886,-0.03276357261521523,-0.016323404135589525,-0.0025203131763069653,-0.006261403633123552,-0.006308664419296112,0.0001770383166392886
2018-02-21,4.5651285867975844e-05,-0.011386047868738092,-0.005677732538010294,-0.002922161740553708,-0.004974403796371041,-0.002254593614193583,4.5651285867975844e-05
2018-02-22,4.509340648750637e-05,0.02651385941732154,0.013271942165329342,0.0017297892852223828,0.001296047863763139,0.005191398583488615,4.509340648750637e-05
2018-02-23,4.481447753379442e-05,0.06437804390337343,0.03220389494387832,0.010371812427476979,0.01593937086270447,0.012604320737343458,4.481447753379442e-05
2018-02-26,0.0001344494577035782,0.037882093936703276,0.018985668957477442,0.004267247244523098,0.011612191777016223,0.007463950018783506,0.0001344494577035782
2018-02-27,4.593023629562154e-05,-0.07624041206713494,-0.03810477516199495,-0.00554444498642348,-0.012486409176747038,-0.014983180310040749,4.593023629562154e-05
2018-02-28,4.5651285867975844e-05,-0.05281203210497365,-0.02639072465612824,-0.004954056440273358,-0.010130010521247845,-0.010409744177395873,4.5651285867975844e-05
2018-03-01,4.5372342598826165e-05,-0.06289042890863439,-0.03143006252959313,-0.009064668605574644,-0.014540727886271698,-0.01236701472032483,4.5372342598826165e-05
2018-03-02,4.453555573724621e-05,0.0360213097359845,0.018025388399285358,0.005256408839168225,0.005154718354614118,0.007024962045225957,4.453555573724621e-05
2018-03-05,0.00013528631980030958,0.0321959091851276,0.01614299501273786,0.007862629417230593,0.01155819367552291,0.006377289854557727,0.00013528631980030958
2018-03-06,4.648815862728917e-05,-0.005767505652852223,-0.002868042993687925,0.002340387227705021,0.002535163608409219,-0.0011525726335112985,4.648815862728917e-05
2018-03-07,4.593023629562154e-05,0.016794411858586322,0.00841263680086568,0.00038098970239253127,-0.00036651367594064954,0.003288818533323077,4.593023629562154e-05
2018-03-08,4.593023629562154e-05,0.03123701411036417,0.015633937926754493,0.0029814691896714596,0.004838923970990061,0.006112721051036182,4.593023629562154e-05
2018-03-09,4.5651285867975844e-05,0.06857457517281262,0.03430257898276512,0.005733658801193364,0.017402285092042336,0.013421770790136296,4.5651285867975844e-05
2018-03-12,0.00013696010981911755,-0.022627720477138236,-0.011267982923385489,0.0004153025506048458,-0.0012549319418886373,-0.004404494673052373,0.00013696010981911755
2018-03-13,4.676713053197723e-05,-0.025028155437909483,-0.012498228400264044,-0.00045826055077524686,-0.006462840528110303,-0.004928652197660207,4.676713053197723e-05
2018-03-14,4.732509582106026e-05,-0.023790376460203988,-0.0118790599287667,-0.0006526464544037713,-0.005131707034491839,-0.004685617413001347,4.732509582106026e-05
2018-03-15,0.006094137402985777,0.032300332422595446,0.016166713013452183,0.001516639860102087,-0.0010893697775583577,0.006316258617229644,4.816209745950317e-05
2018-03-16,0.0034695427359545694,0.016821316596539182,0.008427344607858434,-0.000582025124084451,0.0010844118473911646,0.0032732239780276164,4.844111232826798e-05
2018-03-19,-0.013508494604618598,-0.06528124707616445,-0.032590142515734444,-0.008444279081806005,-0.013530559503550199,-0.012723939516132564,0.00014616752414764456
2018-03-20,-0.000597414787874083,0.005011101705727272,0.002522655706242327,0.0012018381053375826,0.0017006197131119727,0.0009381969980174957,4.927819990818705e-05
2018-03-21,-1.539308549357418e-05,0.002890268783783956,0.001462378767030037,-0.0004236689733088106,-0.0019191563936000744,0.0005510332290811339,4.955724342714518e-05
2018-03-22,-0.02403546856545805,-0.11542949765227928,-0.057698481028111925,-0.02102940856826141,-0.024997198803333953,-0.022651905427700847,4.760408920612136e-05
2018-03-23,-0.0005401695681360012,-0.053645479819051656,-0.026806751101302928,-0.016224647254077018,-0.02131434103261587,-0.010597140210528442,4.704610959649358e-05
2018-03-26,0.0001428190661743045,0.051230612679769694,0.025664113133246014,0.022021609727198577,0.027358970408304373,0.010098738321437673,0.0001428190661743045
2018-03-27,4.899916355238787e-05,-0.055150937395107014,-0.02755850336235266,-0.015319811414501672,-0.017011954833180076,-0.010852156930795467,4.899916355238787e-05
2018-03-28,4.844111232826798e-05,-0.02645012375907352,-0.013208375569947917,-0.0019118314897148547,-0.0029544082542826144,-0.005223738479844829,4.844111232826798e-05
2018-03-29,4.732509582106026e-05,0.05133811055780857,0.025685183580239412,0.01186370223904909,0.012777453353932877,0.010046865435207749,4.732509582106026e-05
2018-04-02,0.00018931382169617983,-0.06826115239218677,-0.034066056271546574,-0.02153952057912445,-0.021584773024959314,-0.013286759948520448,0.00018931382169617983
2018-04-03,4.844111232826798e-05,0.03348161584663867,0.016757494232908066,0.013242252658095754,0.012816926566391551,0.006522098854199401,4.844111232826798e-05
2018-04-04,4.7883089752120966e-05,0.023712854491518387,0.011872834544059963,0.011058973727238186,0.010699387727938214,0.004624471557431376,4.7883089752120966e-05
2018-04-05,4.676713053197723e-05,0.03656646384777629,0.01829908124257873,0.006712338629730308,0.007891803714140888,0.007148048196520852,4.676713053197723e-05
2018-04-06,4.704610959649358e-05,-0.06073988782112927,-0.030353955102341734,-0.020371338192820776,-0.022285782230172302,-0.011942556141413036,4.704610959649358e-05
2018-04-09,0.00014198200656312387,-0.0131729116701087,-0.0065380675714988845,0.0033469607799092582,0.004928468811600029,-0.0025350841366757007,0.00014198200656312387
2018-04-10,4.816209745950317e-05,0.023791145744479048,0.011912119674393873,0.015822643114603574,0.015900253583006174,0.004652269892410545,4.816209745950317e-05
2018-04-11,4.760408920612136e-05,-0.000525826924830608,-0.0002466456643875903,-0.004876167387531383,-0.0052422425537778095,-0.00012448179955425496,4.760408920612136e-05
2018-04-12,4.732509582106026e-05,0.043643285025235734,0.021837770813953217,0.008548806821327748,0.00822704288087106,0.00855075289898282,4.732509582106026e-05
2018-04-13,4.7883089752120966e-05,0.03455418120879927,0.017293497902700405,-0.002432008081074244,-0.002933044118546335,0.006738641157876159,4.7883089752120966e-05
2018-04-16,0.00014449325125287515,0.048438214919859446,0.024268751345830175,0.008342918150249679,0.008221811402186807,0.009556117240154618,0.00014449325125287515
2018-04-17,4.899916355238787e-05,0.054012470493179254,0.02702320058179053,0.00997669557434211,0.01069832441584495,0.010543986313349012,4.899916355238787e-05
2018-04-18,4.927819990818705e-05,-0.0030411432159656027,-0.0015034667546041103,0.00109697117073293,0.00074006997842746,-0.0006474995257609604,4.927819990818705e-05
2018-04-19,4.955724342714518e-05,-0.009112904343113848,-0.004539207796418698,-0.005770331105809157,-0.005547318668679413,-0.0018016645427368211,4.955724342714518e-05
2018-04-20,4.9836294109484314e-05,-0.02589076446509153,-0.01292799833206637,-0.0006515047044068911,-0.008479471037972308,-0.005095141340585231,4.9836294109484314e-05
2018-04-23,0.0001486790981641839,0.01045897368003712,0.005281223649374445,0.0006899586568080984,-0.00014991038899825337,0.0021166260649242907,0.0001486790981641839
2018-04-24,5.123165498588378e-05,-0.045642440089609715,-0.022803138463887263,-0.008528958283567478,-0.013467330650730802,-0.00896721292362097,5.123165498588378e-05
2018-04-25,5.123165498588378e-05,-0.004950293653476101,-0.0024570652458204556,0.0017303216974675628,0.0024717971547802975,-0.001008455350995386,5.123165498588378e-05
2018-04-26,5.0673489141006556e-05,0.044621253534467886,0.022328429265229044,0.007127981152393437,0.010165427067943655,0.008739323187005201,5.0673489141006556e-05
2018-04-27,4.9836294109484314e-05,0.021427707473170576,0.010731237637064739,0.001791093381095843,0.0009389240587169834,0.004160026313915132,4.9836294109484314e-05
2018-04-30,0.0001486790981641839,-0.009609551436937203,-0.004753038909112606,-0.004079642421779717,-0.0076905488360659024,-0.0018171571844212918,0.0001486790981641839
2018-05-01,5.123165498588378e-05,0.023582264446694534,0.011809213804264918,0.0019529762487624502,0.0017770551312901173,0.0046074906497568825,5.123165498588378e-05
2018-05-02,5.0673489141006556e-05,-0.019833641056503648,-0.009899018030256723,-0.0043109767022657675,-0.00671771131760468,-0.003917686601874498,5.0673489141006556e-05
2018-05-03,5.0394416966081934e-05,0.010936646182332588,0.005485986053074043,-0.0011178545916559202,-0.002203610003756462,0.002119578351246393,5.0394416966081934e-05
2018-05-04,5.0115351955648535e-05,0.02119315930777166,0.010614103083288251,0.009657062375124204,0.012946417744521543,0.004136222091188317,5.0115351955648535e-05
2018-05-07,0.00015035359063864107,0.0052863082667760075,0.00269572818898145,0.0016436785959523803,0.003383497789348988,0.0011034585989314971,0.00015035359063864107
2018-05-08,5.0952568480644445e-05,0.003420593705946162,0.0017282388906378898,0.001387276996572151,0.0,0.0006544023603518869,5.0952568480644445e-05
2018-05-09,5.123165498588378e-05,0.04268298080745625,0.021359571984645775,0.005002371814222473,0.009665755982622093,0.008354889898153098,5.123165498588378e-05
2018-05-10,5.1510748656502514e-05,0.03687194442788777,0.018454193341697067,0.002354644925981475,0.009350608405167105,0.007182376569323325,5.1510748656502514e-05
2018-05-11,5.1789849493166784e-05,0.026370225234870315,0.013203473295606338,0.0007544989003580582,0.0030512466657892645,0.005124911968037546,5.1789849493166784e-05
2018-05-14,0.00015705243910346667,0.015973478361162696,0.008042662660407096,0.00043310875842150764,0.0004762730110370317,0.0031919104531940145,0.00015705243910346667
2018-05-15,-0.013430312591729145,-0.06118380258435241,-0.03057298237649786,-0.0006039518762592788,-0.006886713890271512,-0.012027985564814495,5.2906324507162594e-05
2018-05-16,0.008767572929934629,0.04242999652169144,0.02123377761177192,0.0009733244914111872,0.004205044440139805,0.00826743998421352,5.262719500276347e-05
2018-05-17,0.0041726846703847775,0.02027892985971902,0.01015810471961709,0.00025645135438367994,-0.0008449711562354967,0.003936300268351362,5.2348072665964196e-05
2018-05-18,-0.0023072951296981728,-0.010954615134015633,-0.005458667777250237,-0.0005181125746456239,-0.0025000524765385057,-0.00217157839278255,5.2348072665964196e-05
2018-05-21,0.006666697563890959,0.03166918772598071,0.015890098626343496,0.00362866808108131,0.007518763328708156,0.006292769623472451,0.00015621500615869977
2018-05-22,-0.0023568078704953666,-0.011140862126011286,-0.005551512147327409,-0.0006922257720979319,-0.00278033864570415,-0.0022181260172258422,5.2906324507162594e-05
2018-05-23,0.00474478056562506,0.02290451918292269,0.011471178507139523,0.001806362231576708,0.0027514854940482447,0.004475331931438256,5.2906324507162594e-05
2018-05-24,0.000985842140672163,0.004895574726043295,0.002466427152779227,-9.574009754842461e-05,-0.0020486985875534103,0.000932398849865393,5.2348072665964196e-05
2018-05-25,-0.0006683291431550918,-0.01977882348962212,-0.009870911512638525,-0.0011596299822864697,-0.002382501442663165,-0.0038915492428657672,5.2068957496098633e-05
2018-05-29,-0.02417103635662138,-0.11369584806553223,-0.05677447327323781,-0.006752834539577091,-0.011501145727305095,-0.022172087562907592,0.00020717549165927274
2018-05-30,0.008193406810054742,0.039859670023137284,0.01994875392724693,0.008021232674727319,0.01334448588590531,0.007726755416879808,5.2906324507162594e-05
2018-05-31,-0.003134624209697088,-0.014881154733092261,-0.007421658450867841,-0.0028138148201338753,-0.006125892381846465,-0.0029512217453390444,5.2906324507162594e-05
2018-06-01,0.011464510035220218,0.05519356972210154,0.02761556421197664,0.005238115558590106,0.009817887056859709,0.010809030573213,5.262719500276347e-05
2018-06-04,0.007079432723308066,0.033829877318777735,0.016970862139214615,0.0019951818480903327,0.004751196489097609,0.006682166840959199,0.00015705243910346667
2018-06-05,0.0031385624103099125,0.01528004564912444,0.007659081308576399,0.0005136895620398985,0.00072757938096224,0.0029615777036038032,5.3185461179161564e-05
2018-06-06,0.007207069282613863,0.03476296005498014,0.01740053851150436,0.0013867790204682429,0.008360795651147335,0.006796214470176934,5.3185461179161564e-05
2018-06-07,-0.0015598869552598583,-0.007283070913183587,-0.0036224769725775596,-0.0001321429892858772,-0.00010810639020120139,-0.0014669375928553837,5.3185461179161564e-05
2018-06-08,-0.001268664838153647,-0.006004549573490947,-0.002983355871067239,0.0006237973398743879,0.0029562285711282055,-0.001192680122905862,5.2906324507162594e-05
2018-06-11,0.004684809440575439,0.022129891300264548,0.01112128785741584,0.0004437822930865032,0.0013297754541019557,0.004424794914684459,0.00015788989401910314
2018-06-12,0.0009189265942744964,0.004578242955429523,0.002308179961729051,0.0003010044041695803,0.001292622494796225,0.0008693740640531842,5.3185461179161564e-05
2018-06-13,-0.0044486695725904505,-0.02129658318918015,-0.010629512243664152,6.862946949404147e-05,-0.003191047595178631,-0.004190037169686332,5.262719500276347e-05
2018-06-14,0.007516514699310433,0.03628226960696623,0.018160053719161295,0.000274499039253584,0.00251764109001984,0.007087928685792185,5.2906324507162594e-05
2018-06-15,-0.0005239157542195072,-0.0022903530395931293,-0.0011262576041183303,0.0019315207295447223,-0.0012755834267175192,-0.0004904816570220217,5.2906324507162594e-05
2018-06-18,0.0006656438539961053,0.0027992206221014726,0.0014563712567783327,-0.0004477124527267895,-0.0020569937194205856,0.0006365419647951267,0.00015872737090694145
2018-06-19,-0.008628602218578146,-0.041395781280288424,-0.020678832156129978,-0.002171060605262287,-0.0038327264058556354,-0.008129820598945106,5.3185461179161564e-05
2018-06-20,0.004326147255919068,0.021105830091267874,0.010571973529648115,0.0014575642833378755,0.0017061276358560917,0.00408103866366795,5.3185461179161564e-05
2018-06-21,-0.013963303973487436,-0.06689577538728564,-0.03342896877796464,-0.004055201362631933,-0.006268727394248552,-0.013157927409781148,5.2906324507162594e-05
2018-06-22,0.005829719652577379,0.028418495660431198,0.014228166745893667,0.00153549644188411,0.0018233333497132964,0.0054984402168027245,5.2906324507162594e-05
2018-06-25,-0.02556556328199808,-0.12313031744773217,-0.061508816516582465,-0.009405035050805144,-0.013613260866448318,-0.024087583479577734,0.00015788989401910314
2018-06-26,0.004580456271387646,0.023727509667463398,0.011882673749409989,0.0021080720480319837,0.00221432551879297,0.004546510128955757,5.2906324507162594e-05
2018-06-27,-0.012071688254566702,-0.06090029953938858,-0.03043123085401589,-0.00703520264152957,-0.008284499515976873,-0.011973583345892328,5.2906324507162594e-05
2018-06-28,0.0045077730070138995,0.021803828583306872,0.010920693642579637,0.005331216579332665,0.005717607605396857,0.00422040064641509,5.262719500276347e-05
2018-06-29,0.0048674595100756295,0.023558152625121176,0.011797855663486567,0.0017552002475418327,0.0014399946425922572,0.004591005922227574,5.262719500276347e-05
2018-07-02,0.0003428020809917791,0.0013486965093953973,0.0007306904619810428,0.002391197835672987,0.0021378436603745055,0.0003323442212656254,0.00015788989401910314
2018-07-03,-0.004823176456978711,-0.023096544399239916,-0.011528655406418675,-0.0033365033657243304,-0.003531343493585193,-0.004542961548581411,5.4302079553369964e-05
2018-07-05,0.009677677584139207,0.04643852588590436,0.023258218823245302,0.007164446434568372,0.008157755033162406,0.009128089949840221,0.0001080487468878566
2018-07-06,0.009115596748606849,0.04409132237849378,0.022064859245181312,0.006420129461143231,0.008458337687746953,0.008595322884989893,5.346460501964856e-05
2018-07-09,0.01188406754774467,0.05693053768412204,0.028523286069042086,0.005148566920851971,0.009004591371799098,0.011210942190084632,0.0001612399334147696
2018-07-10,0.0035127663407229616,0.017247633805861806,0.008643433696132297,0.0012504643460700127,0.0035982040127027215,0.003314515417558437,5.4302079553369964e-05
2018-07-11,-0.0078077410532642515,-0.03733286539806824,-0.018646815905832947,-0.0022835583796664283,-0.007314633367623058,-0.007355941558397772,5.4302079553369964e-05
2018-07-12,0.006934996512504202,0.03360918129098489,0.016823928276931133,0.003262958869958199,0.009066403274381463,0.006539998878266241,5.3743756028401535e-05
2018-07-13,0.0038163808337623823,0.01861226813267458,0.009325611276864931,0.0006891007235556579,0.0007871958869154483,0.003600504005965371,5.402291420630867e-05
2018-07-16,-0.000592059373916788,-0.003123188193321913,-0.0015031580872856276,0.0005686382938765444,-0.0008939747878965454,-0.00054858556431073,0.0001620774982025175
2018-07-17,0.004792746473473243,0.023172733293163272,0.011606402209313416,0.0006256680309706386,0.004044700759188613,0.0045206029803340556,5.513961861414174e-05
2018-07-18,0.0007193184504416184,0.003595970848550012,0.0018180209870066744,0.00027616392673834866,0.00210389342868722,0.0006813502759530921,5.513961861414174e-05
2018-07-19,-0.003673555641570258,-0.017600395452508133,-0.008780441346794121,0.00011460243373906387,-0.003771053929261581,-0.003459349024655643,5.458125207025155e-05
2018-07-20,-0.00153830114925084,-0.0072842375284120076,-0.003622362384746447,-0.0008594197614459897,-0.0011428117290331885,-0.001446644635618477,5.458125207025155e-05
2018-07-23,0.0029050120480121158,0.013540101908453561,0.006828905756984804,0.0014961553499281965,0.001858969836789015,0.002747542425099451,0.00016291508496801832
2018-07-24,0.00010122957902940188,0.0005799060493156816,0.0003097094041175641,0.0018322645123678427,0.00503197324518645,9.865850928706595e-05,5.458125207025155e-05
2018-07-25,0.003207275196263719,0.015451334657125004,0.0077457028912941706,0.0026394546512593653,0.008522794898065511,0.0030261931974685623,5.513961861414174e-05
2018-07-26,-0.00047596751473673207,-0.002184299628226194,-0.0010722538448101337,-0.0005389382915655938,-0.0023594439411243062,-0.0004453469261993336,5.486043175695343e-05
2018-07-27,-0.006063639241119446,-0.029097234430282115,-0.01452900042193983,-0.001742124147085078,-0.0067765933957986135,-0.005712152582471206,5.4302079553369964e-05
2018-07-30,-0.0073006646907987915,-0.035433950061873554,-0.017657701423806516,-0.0020879645980927952,-0.005223437748063109,-0.006871607515732817,0.00016375269371238232
2018-07-31,0.00997103442178828,0.04808766044873902,0.024064284588899865,0.0027741633269140475,0.004930196132159503,0.009401727734746346,5.5977222211733846e-05
2018-08-01,-0.0023458307389620844,-0.011050401802114362,-0.005505025741311398,-0.00023875886911339794,-0.001671507762887825,-0.0022075224076071585,5.541881264203852e-05
2018-08-02,0.0037102017658458037,0.01790361238703153,0.008971981353261382,0.002408925484250979,0.005448170073800274,0.0035003299014087787,5.541881264203852e-05
2018-08-03,0.004192184173917108,0.020255175979937423,0.010147623552700491,0.0018437857686670611,0.004284896815516914,0.0039546596827831895,5.513961861414174e-05
2018-08-06,0.006847752095456964,0.032545878389597105,0.01633263161729115,0.0012303747473338955,0.003666854362140981,0.006463979211257764,0.00016459032443694177
2018-08-07,0.004917676924468847,0.023820155413214694,0.011930671678908933,0.0007125338840843209,0.003302564030349453,0.004638663044691643,5.625643775419853e-05
2018-08-08,0.0013592100691139824,0.006683468581404561,0.0033623282630039775,0.0002579806308142807,-0.0004202187024788806,0.001284557124586881,5.625643775419853e-05
2018-08-09,-0.002050088336169504,-0.009779556973703918,-0.004869184514550207,-0.00010316563758949737,-0.0013661336130965651,-0.0019290245129532089,5.625643775419853e-05
2018-08-10,-0.012105397917974818,-0.05810239006418649,-0.029030601059791605,-0.001552803041636741,-0.0067003758188651785,-0.011406644064679514,5.625643775419853e-05
2018-08-13,-0.011592787005596643,-0.05596233484281454,-0.027919799627553754,-0.0004856826941955772,-0.0037430868486206803,-0.010916664699350027,0.00016794106715889434
2018-08-14,0.011434338628769618,0.05520185971067404,0.027621663438996302,0.002403746743310897,0.0063803633338839205,0.010781184928148916,5.653566046870395e-05
2018-08-15,-0.009069807178477315,-0.04335366538691743,-0.021655959494855992,-0.0009385652328622873,-0.007467390641547111,-0.008545098761568004,5.681489035591625e-05
2018-08-16,0.007672543664245252,0.037068794530171534,0.018555130848744605,0.0017033928488470185,0.008091583208355457,0.007235381125036193,5.653566046870395e-05
2018-08-17,0.006699362312965498,0.03237670684425131,0.016209087005784717,0.0013243258563029325,0.0035204187449935365,0.0063180290193019925,5.653566046870395e-05
2018-08-20,0.0024503753655286554,0.011445382866037024,0.005784059226871641,0.001384328780658528,0.00213995777177467,0.0023195086922331845,0.00016794106715889434
2018-08-21,-0.00643680885443172,-0.030860824605062787,-0.015409678718872444,0.0006423861820161747,0.002345128871109159,-0.00606368361865963,5.653566046870395e-05
2018-08-22,0.006355784447263868,0.03078905935821674,0.015415402877710926,0.00048276428776872216,-0.0005931767477852512,0.005994181399488038,5.681489035591625e-05
2018-08-23,-0.0008163768389648325,-0.0036805120277790815,-0.001819243196756637,-0.00038499840867323165,-0.001328391264627471,-0.0007659558248788976,5.7094127416279505e-05
2018-08-24,0.0012768103901580183,0.006265810034747021,0.0031537782159760663,0.0020130333639738485,0.0060185080790957635,0.0012067535262511226,5.681489035591625e-05
2018-08-27,-2.547249478082749e-05,-0.0004921020614879756,-0.00018300768964352176,0.002265237824346622,0.007895465692762338,-1.4118021781002054e-05,0.00017129216165279182
2018-08-28,0.0004010774243662882,0.0020372593920177096,0.001040061390252589,7.15874517422943e-05,0.0004832289735625661,0.00038136859838386523,5.793188163805141e-05
2018-08-29,0.0017686419637113068,0.008615903459903151,0.004329523057073015,0.0009612483957890383,0.005380588595512048,0.0016703960622341833,5.821114739368305e-05
2018-08-30,-0.008044947232613483,-0.03852856863722531,-0.019242712991491162,-0.0010931362282714518,-0.004048252792872353,-0.007579363209091439,5.821114739368305e-05
2018-08-31,0.0069093777485317535,0.03346842620197932,0.016755505165942708,0.00044489217756837895,3.4399266212403745e-05,0.006516082391673322,5.7652623056902996e-05
2018-09-04,-0.001835111263834812,-0.009348710434721075,-0.004589176985690169,0.0004702514823142767,-0.0017224036618603833,-0.0017161822799740324,0.00023063043594362398
2018-09-05,-0.004642298342350284,-0.02217911532047867,-0.011067986333117896,-0.00031165062432303436,-0.002691733554623932,-0.004372185005285944,5.821114739368305e-05
2018-09-06,-0.007585717206367308,-0.03628817555286201,-0.01812237681284412,-0.0007768141421058417,-0.0030096535583837847,-0.007146394631522562,5.849042032424201e-05
2018-09-07,-0.002696150372042721,-0.012744375221163895,-0.006350616283460453,-8.694807154296935e-05,-0.001943003278589428,-0.002537633995566217,5.821114739368305e-05
2018-09-10,0.007528275107027808,0.03578766824188495,0.017958972143496732,0.0016368118996226144,0.0017382124147833355,0.007105964302755151,0.00017548152456070554
2018-09-11,0.007392121962290188,0.035757442114970006,0.017900571661124465,0.0012970963425968929,0.003297622532232758,0.0069710963767229605,5.876970042972829e-05
2018-09-12,0.0017203723002727899,0.008506096258096507,0.004274898732687937,0.00027030335176148057,0.00024195569054930033,0.0016251838976347793,5.876970042972829e-05
2018-09-13,0.006334190913566479,0.030575397796031245,0.015309689145295735,0.0008412830331057108,0.005914648546370138,0.005973759126655585,5.9048987711030065e-05
2018-09-14,0.004130344067207336,0.020085622888343924,0.010064662047811312,0.00018849277104737716,0.00017168287594593323,0.0038966779327405587,5.876970042972829e-05
2018-09-17,-0.008850165974291063,-0.04287688338694684,-0.021372465721355427,-0.00026485883533422516,-0.005294408755582847,-0.008331402848374633,0.0001771574236877349
2018-09-18,0.004541764267460738,0.02209739716843595,0.011070828478726646,0.0006725120873858348,0.005426367790892117,0.004284617343602832,5.9328282167925295e-05
2018-09-19,0.005639844023398746,0.027279582185227413,0.013661920987122267,0.00013746684248849839,0.0010659229516112312,0.00531942482245236,5.9328282167925295e-05
2018-09-20,0.0035586649186899514,0.017308600140505614,0.00867629031753303,0.0001883545953429433,0.008103731753166254,0.0033578337127090716,5.9048987711030065e-05
2018-09-21,-0.0015769370122812065,-0.0074165528119756186,-0.003686146511479138,-0.0012367985748823473,-0.0009140484874121668,-0.0014827967649144091,5.9328282167925295e-05
2018-09-24,0.0016670648438553107,0.007602481130142946,0.003868054530749454,-0.0012638101838640114,-0.003321787910492091,0.0015816296476393987,0.00017883341080771054
2018-09-25,-0.0007513100318087745,-0.0034961488028698584,-0.0017252462169581317,-0.0005663727651236128,-0.0009277444403889001,-0.0007045984219289854,6.0724862104288846e-05
2018-09-26,-0.0049251179931567085,-0.023577939371006273,-0.011766281166197157,-0.0014805511734644616,-0.0029925033614494057,-0.004638674669436439,6.0445531762320925e-05
2018-09-27,0.0040078023965327576,0.019437348844557834,0.009741223280002487,0.0020809579564686764,0.002794416767402552,0.003781213131790293,6.016620859794486e-05
2018-09-28,0.0016276620699469289,0.00798661020209912,0.004015574646374809,0.00031634267054436727,0.00010354159591319245,0.00153773314558385,5.9607583801302155e-05
2018-10-01,0.001113574407863444,0.004938277750649478,0.002536371854282571,0.0026217534123600394,0.0034740229199612394,0.0010599870543711695,0.0001796714373678565
2018-10-02,-0.0007403657584637047,-0.0034596957404843254,-0.0017068800170053633,3.561144857200382e-05,-0.0005827180128255005,-0.0006942887150399365,6.100419962429271e-05
2018-10-03,0.0028656322223029615,0.013864848348081438,0.006955392027277352,0.0005901115616082642,0.0005486075749845387,0.002704538173439365,6.100419962429271e-05
2018-10-04,-0.011227447614948292,-0.05383155125719241,-0.026892807775359295,-0.005841709500785552,-0.007815552904292478,-0.010578833134993552,6.100419962429271e-05
2018-10-05,-0.004052156709882169,-0.019200656533730265,-0.009577500082388446,-0.0035798302137669546,-0.005597030224355426,-0.0038154342222678846,6.0724862104288846e-05
2018-10-08,-0.004227348119855647,-0.02072487398615952,-0.010293946908274232,0.0005337712995276966,0.0,-0.003973877941393478,0.00018218564906313794
2018-10-09,-0.0030677345581958454,-0.01461661790011859,-0.007285480765582442,-0.0009284717662507713,-0.0014596145520451298,-0.0028878505970224514,6.0724862104288846e-05
2018-10-10,-0.03901400446947513,-0.1874264037973261,-0.09368995469713837,-0.0311866216889245,-0.03166313078732064,-0.036769063672720086,6.156289620018462e-05
2018-10-11,-0.0006173253223261911,-0.011118404080248778,-0.00553567547595335,-0.021495688672895752,-0.022026466293810443,-0.002296183776728675,6.21216214926612e-05
2018-10-12,6.184225525651676e-05,0.02790172211850539,0.01397424794030555,0.013545790839124106,0.013888419332327873,0.00546932961040022,6.184225525651676e-05
2018-10-15,0.00018637644200536485,-0.020683937829490184,-0.010271383433468562,-0.005210170252332502,-0.005617224001243537,-0.003955907447258848,0.00018637644200536485
2018-10-16,6.323915823980286e-05,0.070437432647249,0.035242801656169,0.02154609769068383,0.021866174192663124,0.013803933400677683,6.323915823980286e-05
2018-10-17,0.0011387416817216361,0.00870904147927809,0.004378466374704848,-0.0003312825366778016,0.00017843192867927904,0.0016727705878703967,6.295976328196673e-05
2018-10-18,-0.014667026997458865,-0.07494309378877706,-0.037447461561844086,-0.014039461987196633,-0.014441454074240578,-0.014690594098914003,6.323915823980286e-05
2018-10-19,-0.0005173458071336155,-0.0004086006518544405,-0.0001802149933827213,-0.0012537479059743228,-0.0005424825839942526,-0.00011320234834302335,6.323915823980286e-05
2018-10-22,0.00018889118189058252,-0.009816060655080894,-0.0048361874763214185,-0.0010950679209200676,-0.004488650244641845,-0.0017943804107785114,0.00018889118189058252
2018-10-23,6.407738620350933e-05,-0.010748190419395565,-0.005349590763171541,-0.004294163573941967,-0.005090636825546002,-0.0020975111460395887,6.407738620350933e-05
2018-10-24,6.37979697002411e-05,-0.08959708803825772,-0.04477417928085403,-0.025081232041676782,-0.03029855390408187,-0.017561064156446843,6.37979697002411e-05
2018-10-25,6.37979697002411e-05,-0.013512555513420677,-0.006731913018435565,0.015744387825368467,0.017940471984623674,-0.0026819521560133056,6.37979697002411e-05
2018-10-26,6.37979697002411e-05,-0.008606840172383445,-0.00427905534791706,-0.015082735393176172,-0.017587157597993675,-0.0016751838674510474,6.37979697002411e-05
2018-10-29,0.00019056778521653328,-0.022372812222241634,-0.011113724958238591,-0.004289600334798083,-0.005540699502616597,-0.004255389947085725,0.00019056778521653328
2018-10-30,6.407738620350933e-05,0.024103001012605985,0.012076004952829233,0.013831205101120903,0.0148189314743703,0.00473596387587698,6.407738620350933e-05
2018-10-31,6.37979697002411e-05,0.027636402368257817,0.013842565922403738,0.009665946630010191,0.010680591267111739,0.005426389973244747,6.37979697002411e-05
2018-11-01,6.37979697002411e-05,0.0444047722766574,0.02222675087660342,0.009443748109089434,0.010641823669843564,0.008710951584873866,6.37979697002411e-05
2018-11-02,6.323915823980286e-05,-0.00937077141877607,-0.004661300376843536,-0.0045010811157971675,-0.005923143700045319,-0.0018474100630147846,6.323915823980286e-05
2018-11-05,0.00019056778521653328,0.01053780199526666,0.005341582150515611,0.005655822755546991,0.005517023859934245,0.0021951399696289345,0.00019056778521653328
2018-11-06,6.46362407579204e-05,0.036069349347423785,0.01805945854751556,0.004554810082596061,0.0063281834037021145,0.007084963829165336,6.46362407579204e-05
2018-11-07,0.012596216121442625,0.07508856169698808,0.037568925006863374,0.013416211210864892,0.021408780501954716,0.01471717927967492,6.435680988925441e-05
2018-11-08,-0.00040040757496175966,-0.00502611982026413,-0.0024882760363286183,9.45239145504484e-05,-0.0018150876405911287,-0.001023291104794843,6.46362407579204e-05
2018-11-09,6.407738620350933e-05,-0.029193877882497388,-0.014572434494722342,-0.0035863184314713914,-0.00976788878302337,-0.005715630800284576,6.407738620350933e-05
2018-11-12,0.00019308285533159442,-0.07619916329550047,-0.03802564295981048,-0.014381096420271744,-0.018685488133020844,-0.014829514859389005,0.00019308285533159442
2018-11-13,6.435680988925441e-05,-0.006100792627409479,-0.003025752155335515,-0.0012297229380754393,-0.0018711649841388622,-0.0012265977900245252,6.435680988925441e-05
2018-11-14,-0.006526131215545778,-0.02888112100649698,-0.01441549718780133,-0.0066486798997880125,-0.006836859782072935,-0.005649313156168109,6.51951240451254e-05
2018-11-15,0.004048563650197876,0.01947024198936087,0.00976004458751012,0.010271499552710228,0.01043686601213989,0.003819891720422843,6.491567880972937e-05
2018-11-16,-0.0004899984297964197,0.04367160713072171,0.021860587439164414,-0.0021657029466363165,0.002600597554095252,0.008570360541037103,6.46362407579204e-05
2018-11-19,0.00019308285533159442,-0.05984910251021558,-0.029850612567167922,-0.008820604933123755,-0.01691451372092534,-0.011629389335330784,0.00019308285533159442
2018-11-20,6.51951240451254e-05,-0.05657848293378198,-0.028264178151443775,-0.012048842577610852,-0.018505986721569334,-0.011111645241414097,6.51951240451254e-05
2018-11-21,6.51951240451254e-05,0.014716091319615376,0.007383108975254737,0.003100809049121578,0.0034075297629765355,0.0028617206790522757,6.51951240451254e-05
2018-11-23,0.0001315123957299491,-0.0167996964043311,-0.008349160497451158,-0.004702143175905893,-0.0066788643737027975,-0.0032339504892840956,0.0001315123957299491
2018-11-26,0.00019727507926892152,0.07371304280541957,0.03693255620261837,0.013598932645093598,0.01614419920354071,0.014574812633039932,0.00019727507926892152
2018-11-27,6.603350285683263e-05,0.008756622182438667,0.004403793596072347,0.001952915536038935,0.0033643462369163935,0.0016779534703894646,6.603350285683263e-05
2018-11-28,0.005510503091881634,0.029208523406600406,0.01462960447475914,0.011936563528083033,0.02302552279585912,0.005727535710577124,6.575403606823294e-05
2018-11-29,-0.00047674202361659907,-0.009597257001825121,-0.004773425459255742,-0.0009949560516738787,-0.002185002015378301,-0.0018968336748761395,6.547457646455257e-05
2018-11-30,0.007110398702757457,0.0369778382432322,0.018513702995419656,0.002338078727744275,0.006095156379885669,0.0072484996992456426,6.46362407579204e-05
2018-12-03,0.010160744808657647,0.0484142082077077,0.024281461992165188,0.007561105207226415,0.013241503050142267,0.009588403295758807,0.00019392125607464727
2018-12-04,-0.0004412719945689989,-0.13705547868215417,-0.06850267602562998,-0.0158103183685524,-0.032402378987409386,-0.026906931412004727,6.51951240451254e-05
2018-12-05,6.63129768301296e-05,0.016413853155846203,0.008232548819762764,,,0.0031392275157653177,6.63129768301296e-05
2018-12-06,6.63129768301296e-05,-0.03411263199480041,-0.017030693755560433,,-0.0015172796520586118,-0.006693084227452771,6.63129768301296e-05
2018-12-07,6.575403606823294e-05,-0.06741853905687056,-0.03368392675697662,-0.017019361130908628,-0.02323561335289759,-0.01323287210487474,6.575403606823294e-05
2018-12-10,0.00019643659043500072,0.006365701262284862,0.003258466186633724,0.0033145800964919925,0.0018970150089379079,0.0013400878216175386,0.00019643659043500072
2018-12-11,6.603350285683263e-05,0.0024354812461959696,0.0012432231279511097,0.0006519671678919536,0.00022711177970258234,0.0004845091512723795,6.603350285683263e-05
2018-12-12,6.603350285683263e-05,0.004354471792797909,0.0022027184012518575,0.004990090300440286,0.0050353060071002265,0.0008628747608121495,6.603350285683263e-05
2018-12-13,6.659245798923408e-05,0.011292164549145056,0.005671844256991632,0.0003512497353199695,-0.00033904590809874513,0.0022224253826463856,6.659245798923408e-05
2018-12-14,6.63129768301296e-05,-0.034705946475988125,-0.017327350996154345,-0.01753201510151392,-0.018464793018198256,-0.0068027537823777675,6.63129768301296e-05
2018-12-17,0.0001981135901285569,-0.04284261371917775,-0.02134485280425069,-0.020368222274753878,-0.019618396475994282,-0.008289020498192272,0.0001981135901285569
2018-12-18,6.575403606823294e-05,-0.015927714586244424,-0.007938514521663498,-6.73415789356202e-05,-0.001096566778128416,-0.0031341919132068376,6.575403606823294e-05
2018-12-19,6.51951240451254e-05,-0.0158989811659479,-0.007924427267526735,-0.01511359044583116,-0.014975556551669489,-0.0031162569371498156,6.51951240451254e-05
2018-12-20,6.547457646455257e-05,-0.01728375484360023,-0.00861667438014313,-0.01616037289661587,-0.01627799173460831,-0.0033867631873673535,6.547457646455257e-05
2018-12-21,6.51951240451254e-05,-0.06594358762122421,-0.03294673049516483,-0.017474153659030933,-0.020489716035619665,-0.012929223843561528,6.51951240451254e-05
2018-12-24,0.0001955981236252402,-0.05807703639066242,-0.028963321873244685,-0.020490691944022088,-0.026422708204336787,-0.011287070218989512,0.0001955981236252402
2018-12-26,0.00013430739304554073,0.04381993119302563,0.02196205079988478,0.03321463391148405,0.05052470465889636,0.008644223481300523,0.00013430739304554073
2018-12-27,6.659245798923408e-05,-0.013913698752345938,-0.006931087393753588,0.003500561885091402,0.007677317479384271,-0.002734234064706132,6.659245798923408e-05
2018-12-28,6.575403606823294e-05,-0.008878392251598366,-0.0044138533543404135,0.0022406288666620977,-0.0012898052106007363,-0.0017327648447871694,6.575403606823294e-05
2018-12-31,0.00019643659043500072,0.04002630608869251,0.02008876859983766,0.007523049579363228,0.008758839953743935,0.007979867634990853,0.00019643659043500072
2019-01-02,0.00013374836452495487,0.03268270706313081,0.01639315922067719,0.004380141061235632,0.0010401064983667219,0.00646372644650562,0.00013374836452495487
2019-01-03,6.603350285683263e-05,-0.04774873057629081,-0.023848882783292225,-0.012585203372079024,-0.023862804304801033,-0.009368468475166,6.603350285683263e-05
2019-01-04,6.575403606823294e-05,0.08305656193931088,0.041553623741114265,0.01766069669043069,0.033495879672950535,0.016275102277168527,6.575403606823294e-05
2019-01-07,0.0001981135901285569,0.017660484573601032,0.008906696342138698,0.002876173986342101,0.007884752707608023,0.0035480765332258518,0.0001981135901285569
2019-01-08,6.71514418646435e-05,0.022155807179214726,0.011103945063964282,0.0023569133901770734,0.00939533326104991,0.004344320193979788,6.71514418646435e-05
2019-01-09,6.71514418646435e-05,0.0190200641303937,0.009536073539553769,0.0011614928299064076,0.004673419988743044,0.0037254811785749358,6.71514418646435e-05
2019-01-10,6.687194633392401e-05,0.012380647275264556,0.0062162253642239484,0.0009733902276147788,0.003527503564423773,0.0024239200194963928,6.687194633392401e-05
2019-01-11,6.63129768301296e-05,0.030029326675459878,0.015040285579569712,0.0006783925280142711,0.0003864646103834968,0.005887392567785512,6.63129768301296e-05
2019-01-14,0.00019895212301501708,-0.0010560079250958587,-0.0004511306407665172,0.0002543024200991617,-0.006100956056121376,-9.945683456173392e-05,0.00019895212301501708
2019-01-15,6.687194633392401e-05,0.032716154557324906,0.016383979005254012,0.000344556849055877,0.011460776326397415,0.006419953963854761,6.687194633392401e-05
2019-01-16,-0.002748563094445673,-0.010594284341755578,-0.005271240444286174,0.00013551665725586304,0.0024199091829659736,-0.002091428792134618,6.687194633392401e-05
2019-01-17,0.005353612739688704,0.025753688752771398,0.012902466618225583,9.597795894400463e-05,0.007586769325298892,0.005049931406439024,6.63129768301296e-05
2019-01-18,-0.00048279169880874795,0.010526245584351113,0.005288605297028459,0.00014677573232613206,0.013309757434721625,0.0020525422758252525,6.603350285683263e-05
2019-01-22,0.0002630420869700334,-0.09413398999095801,-0.04696561093829543,-0.007512685771052241,-0.013510662191733358,-0.018281966624687382,0.0002630420869700334
2019-01-23,6.63129768301296e-05,0.01929411928407032,0.009672681883874823,0.0015468959712459096,0.0020927546104545502,0.0037356798306045756,6.63129768301296e-05
2019-01-24,6.575403606823294e-05,0.02529445853076795,0.0126725720368428,0.0021804801599019097,0.0005312652935951512,0.004956187371131868,6.575403606823294e-05
2019-01-25,6.46362407579204e-05,0.04363409491710479,0.021841831332356065,0.004702762731455312,0.008461603990990163,0.008545963592260524,6.46362407579204e-05
2019-01-28,0.0001955981236252402,-0.04117906161865337,-0.02051433448724005,-0.0036374505137546365,-0.007600106412169572,-0.0079790237774675,0.0001955981236252402
2019-01-29,6.603350285683263e-05,0.0115873547350267,0.005819159872366253,-0.0006226050929095672,-0.00132711372893346,0.002252921687734544,6.603350285683263e-05
2019-01-30,6.603350285683263e-05,0.03901268799508251,0.019531826502394267,0.00860863015172697,0.015830848869629932,0.007648630510344939,6.603350285683263e-05
2019-01-31,6.603350285683263e-05,0.03953414813484901,0.01979255657227763,0.0039587392678859246,0.008782445308376685,0.007730204202789668,6.603350285683263e-05
2019-02-01,6.575403606823294e-05,0.010704656765598175,0.0053776711542579125,0.0010291288200814375,0.00048143815204770846,0.002073792651009777,6.575403606823294e-05
2019-02-04,0.005137595991764733,0.027098149360959223,0.013624690235971126,0.0027880833184337206,0.007035492017164469,0.005426594882670573,0.00019643659043500072
2019-02-05,0.0008233941378438184,0.00407731500997266,0.0020641400098395657,0.0006296141523889354,0.004191640334913815,0.0007800653934776601,6.603350285683263e-05
2019-02-06,0.001849380048656941,0.008927649964737494,0.00448930748722165,0.00025057353498003643,-0.0013179167110949352,0.001746956984336959,6.603350285683263e-05
2019-02-07,-0.0074998457832398556,-0.03599140108793486,-0.01797021803911447,-0.0013471912176492573,-0.009532882309313151,-0.007065135037663192,6.603350285683263e-05
2019-02-08,0.004048441234753352,0.01960267590947562,0.009826820459590824,0.0010089692347998724,0.0012216491161685106,0.003819917080279482,6.603350285683263e-05
2019-02-11,0.0017279179069517889,0.007815371319515707,0.003984558981539266,0.0011638785556766784,0.0005543186435732483,0.0016402123349489298,0.00019895212301501708
2019-02-12,0.003293931699818546,0.015879469981845418,0.00796563671751449,0.0007231019963176433,0.012859348486720101,0.003108594279995478,6.687194633392401e-05
2019-02-13,0.0006222810106052693,0.003018863297283847,0.0015350538904819189,0.00020565724163623678,0.0032472438072297383,0.0005904501977612887,6.63129768301296e-05
2019-02-14,-0.0031350752808640453,-0.015087354812951093,-0.007517915424056332,0.00011114321915228764,-0.002218200461324482,-0.0029511224336141485,6.659245798923408e-05
2019-02-15,0.0072626658536426286,0.0349302056130365,0.017490725048358247,0.0015613886913228292,0.010897290724418252,0.006849354015194505,6.63129768301296e-05
2019-02-19,0.00018339216973459874,0.00011733308747308158,0.00016116870391136295,0.001786417677767993,0.0017303342927190712,0.0001883342036662091,0.00026527829295264205
2019-02-20,0.00876644170838998,0.04210888021317016,0.021080481580942223,0.001456490798633192,0.00201554401626014,0.008266677170595888,6.71514418646435e-05
2019-02-21,-0.003850903086743283,-0.018366960609963456,-0.00915757857839028,-0.0011004567725095837,-0.003555529732841789,-0.0036255414401596816,6.687194633392401e-05
2019-02-22,0.008572086411692628,0.04125301941674486,0.02065241143496399,0.0031223184875577292,0.0061995537371599685,0.008083614984343295,6.687194633392401e-05
2019-02-25,-0.004470487600363322,-0.021926285913011934,-0.010885011769309338,0.0009106010518822316,0.001361315306365185,-0.004201799888091327,0.0002014678538453385
2019-02-26,-0.0024455388339842655,-0.011689651875229412,-0.005818644711898968,-0.00024260602986259094,-0.0007156719118687205,-0.0023010049868393413,6.743094458205867e-05
2019-02-27,0.0006521461748412585,0.0031589244858591936,0.0016053639695212674,0.000468784469446204,-0.0004293188864742392,0.0006186103551056181,6.687194633392401e-05
2019-02-28,0.0013115439739668686,0.006296488737396189,0.003174146095289432,-0.0005733028306826871,-0.0018628548806834955,0.001240061944170527,6.687194633392401e-05
2019-03-01,0.008887775580513478,0.042725746062343584,0.02138877475776324,0.00329286655892691,0.006244053242451253,0.008381072269236171,6.687194633392401e-05
2019-03-04,-0.0046116095254884835,-0.02258819881877816,-0.011216806810150581,-0.0008191403973655254,-0.003637425530553906,-0.004334898264848097,0.00019979067792919025
2019-03-05,-0.0026735912822956395,-0.012778745405972236,-0.006363331228629199,0.00026960258378316837,-0.0013604768560120384,-0.0025159654737964385,6.71514418646435e-05
2019-03-06,-0.006281532346259082,-0.03016265720219402,-0.015055287126740091,-0.0023542613230068676,-0.006057007424301708,-0.005916713941281951,6.71514418646435e-05
2019-03-07,-0.006212850821464476,-0.029778870723501494,-0.014863393887393772,-0.00406903015934279,-0.008364925799348888,-0.005851852324106791,6.71514418646435e-05
2019-03-08,-0.0006810141773796413,-0.003199462672545561,-0.001573829609681221,0.00028787811683428366,-0.00200029546498548,-0.0006378333575045377,6.687194633392401e-05
2019-03-11,0.015001686447986232,0.0714961056046084,0.03582618398950088,0.008340528215005305,0.014501506546059861,0.014151454552288415,0.0002014678538453385
2019-03-12,0.004121895923026616,0.02007024530081547,0.010061164124764765,0.0008562442711219642,0.0037710065687708294,0.0038894436812603045,6.71514418646435e-05
2019-03-13,0.0031507114421861623,0.015210430795143948,0.007631256871929004,0.0016781191903347814,0.006619161362025894,0.0029737137055096245,6.71514418646435e-05
2019-03-14,0.0020361168689430587,0.009838685133200631,0.004945244293192097,0.00024636879766548603,-0.0006395672409562625,0.0019231005257896322,6.687194633392401e-05
2019-03-15,0.006157296118044321,0.029628798921577992,0.014840301187380778,0.00019704649202512137,0.004940159182231341,0.0058074845963450306,6.687194633392401e-05
2019-03-18,-0.0015639179798706676,-0.007981354669414742,-0.003912965446997485,0.0014775575426575482,0.003626115194728552,-0.0014623252338695956,0.00020062925487218664
2019-03-19,-0.001390424616298865,-0.006625967886641826,-0.0032872219609016984,-7.650106008605384e-05,0.00024758896228394,-0.0013066575091045098,6.659245798923408e-05
2019-03-20,-0.002747554882728251,-0.013159753992739054,-0.006553835522012719,-0.0011530684736871244,-0.0030096978281466402,-0.0025858019979458895,6.71514418646435e-05
2019-03-21,0.0033051399251256943,0.015953765351258697,0.008003063901345087,0.003468669814365999,0.011294633930255316,0.0031192408067237856,6.743094458205867e-05
2019-03-22,-0.0217191076133362,-0.10431710193383992,-0.05213222998625211,-0.009726682405282183,-0.01924590211571231,-0.02046737053102546,6.771045448639157e-05
2019-03-25,-0.0011749678755311151,-0.005861450236829713,-0.0028525939312182835,0.0007983306630550135,-0.0007522392973247083,-0.0010950599064241595,0.0002014678538453385
2019-03-26,0.010045849063052899,0.048295837412358544,0.02417396018053619,0.005061229878860596,0.007453989418136686,0.009472627585801996,6.71514418646435e-05
2019-03-27,-0.0038979056389392454,-0.018558018085882755,-0.009252967568584403,-0.002183979769450617,-0.005229257048233071,-0.0036697969101639008,6.71514418646435e-05
2019-03-28,0.006516558742897385,0.03139025360224412,0.01572088878354161,0.0029183466359472554,0.003790762153280003,0.0061461550998413725,6.659245798923408e-05
2019-03-29,0.004683701080972608,0.02263996259959522,0.011345603541637495,0.0036865452039360758,0.006305135594923517,0.004418661327273233,6.63129768301296e-05
2019-04-01,-0.00046088486210560614,0.022383543670398298,0.011267387390690553,0.00441414488204428,0.011859460264109334,0.004492467434601485,0.00019643659043500072
2019-04-02,6.63129768301296e-05,-0.0030630583264723565,-0.001505906921396627,0.0005642636630478481,0.0004900674384733517,-0.0006174430375734002,6.63129768301296e-05
2019-04-03,-0.00031614045402435237,0.001718366098822699,0.0008846655542642523,0.0003145080389339583,0.0015735437011399345,0.00033496900891874623,6.603350285683263e-05
2019-04-04,0.0013410599287738806,0.006467867825968643,0.003259695895403425,0.0008185479717899291,0.0026533230196099655,0.0012678559505528786,6.659245798923408e-05
2019-04-05,0.00437945039001042,0.021091947612534634,0.010571735788686532,0.0010995320218389892,0.004840170857177695,0.0041317306369076795,6.659245798923408e-05
2019-04-08,-0.0005655340389779675,-0.0031952404757698005,-0.0015203276386465125,0.0005302255622825491,0.0007622205727109144,-0.0005214106509190716,0.00019979067792919025
2019-04-09,-0.007657607014590776,-0.03677477302172116,-0.01836176426902103,-0.0004596458023522487,-0.00512479990737702,-0.007213852169516256,6.63129768301296e-05
2019-04-10,0.006464474520611267,0.031225405138646467,0.01563818507417647,0.0008602034191733665,0.0034109048935617725,0.0060971838507760815,6.603350285683263e-05
2019-04-11,0.0042227613155678585,0.02043592429724761,0.010243584390463578,0.00024324455807867018,-0.0002774296292481493,0.003984206960518456,6.63129768301296e-05
2019-04-12,0.010777862154315159,0.051910607348514715,0.02598092591609702,0.00039450076738511974,0.006766128787407233,0.010162654964411632,6.63129768301296e-05
2019-04-15,0.0016503109223847006,0.007598422827610918,0.0038765040130439576,0.0002755014396300659,-0.0006552501685063161,0.0015673676683714245,0.00019979067792919025
2019-04-16,0.000671900801329095,0.003296499753954185,0.001673872118816755,7.560701633102518e-05,0.0006556798028076738,0.0006371700080201236,6.63129768301296e-05
2019-04-17,4.3452931935560355e-06,2.9326675460294993e-05,4.0285579569809826e-05,0.00010260176475029859,-0.0024468618398448827,7.93126528854174e-06,6.63129768301296e-05
2019-04-18,0.0027560208246837584,0.013239833429346426,0.0066456786970925386,0.0008261294485449877,0.0019688077426360806,0.0026015161601154997,6.659245798923408e-05
2019-04-22,0.003715273722484833,0.01704591367839181,0.008624899940454567,0.0013002147242573425,0.000862074936770707,0.003517117216269361,0.0002641601751196543
2019-04-23,0.0007174584973305478,0.0035200075527799246,0.0017857657588091769,0.002785635388884211,0.008992085078949774,0.0006802022032958284,6.659245798923408e-05
2019-04-24,-0.006169072407108032,-0.02963852622240082,-0.01479336138460885,-0.0008865629298485667,-0.002219645765787037,-0.00581079682199058,6.687194633392401e-05
2019-04-25,-0.003825514568001029,-0.018277674508075714,-0.009113075271618643,0.00015058054176719793,-0.0006158879517356164,-0.00360167748840323,6.659245798923408e-05
2019-04-26,0.006704784325764124,0.03228739119158908,0.016169317837634534,0.0017206613792175585,0.004656398805984674,0.006323561588644467,6.63129768301296e-05
2019-04-29,-0.0027232829756027466,-0.01354146541619572,-0.006694278652759511,0.0007729676051424494,0.0015679932564220955,-0.0025552099339785942,0.0001981135901285569
2019-04-30,0.0006943403406065449,0.0033796899087130683,0.0017156069367760818,-0.00020918370083522486,0.0005102598849529016,0.0006583859684664089,6.659245798923408e-05
2019-05-01,-0.009835375116013482,-0.047270798900094224,-0.02360977720820734,-0.0018293991416309385,-0.00751647308142156,-0.009266509235714794,6.63129768301296e-05
2019-05-02,0.0009125447313339149,0.004545798513929888,0.0022985214988044955,-0.00015586453759286467,-0.0021589441697714706,0.0008643078216860976,6.63129768301296e-05
2019-05-03,0.010445365928306187,0.05019649913916413,0.025124291043938873,0.0035961941622320026,0.00978801177283617,0.009849184318359237,6.71514418646435e-05
2019-05-06,-0.013838313227037062,-0.06691368182297064,-0.03337996758970385,-0.0016390018157569353,-0.004115176300512391,-0.01303154488375906,0.00019895212301501708
2019-05-07,-0.02396551961437051,-0.11498344867366816,-0.05746596235441492,-0.009608729941575134,-0.016699652874474502,-0.022584417421831704,6.659245798923408e-05
2019-05-08,-0.0005933345342279612,-0.013556993305799847,-0.006752874411060317,-0.00033585768301525043,-0.0013893551672624627,-0.0027206410764792867,6.63129768301296e-05
2019-05-09,6.63129768301296e-05,0.005925962124645023,0.002988603304162174,-0.001040424840143106,-0.0030255691977871813,0.0011684425904693364,6.63129768301296e-05
2019-05-10,6.63129768301296e-05,0.07355189531203532,0.036801569897857433,0.0062870223707336415,0.005023195950371262,0.014434772974343134,6.63129768301296e-05
2019-05-13,0.00019895212301501708,-0.1512030571696633,-0.07552465526305008,-0.019384713245322316,-0.02513049503553355,-0.029564847527122098,0.00019895212301501708
2019-05-14,6.575403606823294e-05,0.05365859114869442,0.026854638345806148,0.008311756848129015,0.00904405044471357,0.010439319297956091,6.575403606823294e-05
2019-05-15,6.575403606823294e-05,0.044493691130620405,0.022272188336768917,0.006493187877201878,0.005857345118347457,0.008704510192935862,6.575403606823294e-05
2019-05-16,6.603350285683263e-05,0.040491474947151884,0.020271219978428956,0.008520480570270772,0.009261123354417311,0.007922733397481625,6.603350285683263e-05
2019-05-17,6.547457646455257e-05,-0.014241132453406968,-0.007095363185046444,-0.011595868669670772,-0.0064652121901837,-0.0028097183879201995,6.547457646455257e-05
2019-05-20,0.0001955981236252402,-0.009268055833400846,-0.00455883159461401,-0.0032277696872214934,-0.006611570740155948,-0.0016964511602802703,0.0001955981236252402
2019-05-21,6.51951240451254e-05,0.05305022025402639,0.026550173442460467,0.006247478657173788,0.009015413960260732,0.010408881749800182,6.51951240451254e-05
2019-05-22,6.51951240451254e-05,0.003100405443258847,0.0015752660370766947,-0.0009047567450427563,-0.003071397970346057,0.0005664263104589669,6.51951240451254e-05
2019-05-23,6.491567880972937e-05,-0.06649307086533751,-0.03322161183983918,-0.0085623030914308,-0.012218720235931069,-0.013045114222471382,6.491567880972937e-05
2019-05-24,6.46362407579204e-05,0.03277725194075232,0.016413409844179716,0.0021002658148923103,0.002268237845715282,0.0063802894347666905,6.46362407579204e-05
2019-05-28,0.00025633418133530483,-0.03618981958238543,-0.017996879686826395,-0.006096562564813501,-0.00930027558691049,-0.006944826985187892,0.00025633418133530483
2019-05-29,-0.004009385301195429,-0.021690169229603762,-0.010820300740998157,-0.005227868051246309,-0.006710911420332422,-0.0042771846054439466,6.46362407579204e-05
2019-05-30,0.0028573121984793596,0.0174330633179558,0.008741315532781346,0.002125322248535788,0.002731034740976579,0.0034054346230083473,6.46362407579204e-05
2019-05-31,-0.0063818544255017495,-0.039105438941024806,-0.019527795877683052,-0.011650710059823433,-0.013474847275119162,-0.007679054843358945,6.491567880972937e-05
2019-06-03,-0.0002756180921434495,-0.0023702249906282225,-0.0011115929967360216,-0.002870376047129919,-0.0025431005132646733,-0.00037030922533318764,0.0001922444766080389
2019-06-04,-0.0004075841253307695,0.04821119752136682,0.024130103207210096,0.020245494790502194,0.02170680908294398,0.00945489291822865,6.407738620350933e-05
2019-06-05,6.407738620350933e-05,0.027643479827005324,0.013846244360029125,0.007390727896299687,0.008661985049467358,0.005387433927859425,6.407738620350933e-05
2019-06-06,6.407738620350933e-05,0.010402623411585488,0.005225816152319096,0.004704282800815918,0.006502819966352158,0.0020188681068315515,6.407738620350933e-05
2019-06-07,6.351856037922765e-05,-0.009655672785107261,-0.004803611358939364,0.006571397639926424,0.010006918513964846,-0.0019034443456118816,6.351856037922765e-05
2019-06-10,0.00018637644200536485,0.015054955797489944,0.007598063380021669,0.002500618432515589,0.004589016189926909,0.0030565813757644365,0.00018637644200536485
2019-06-11,6.240099490861795e-05,-0.005919981535828289,-0.0029363245170352936,0.0004505978467859162,-0.00024237111294533875,-0.001175153733544332,6.240099490861795e-05
2019-06-12,6.184225525651676e-05,0.006699283582912718,0.003373028672509326,8.042766068117047e-05,-0.0017656013109362823,0.0013057952231292041,6.184225525651676e-05
2019-06-13,-0.00010102776213537061,0.0025187555609968992,0.0012823456337351935,0.0025573939244469823,0.004126472101891654,0.0004845419841668757,6.100419962429271e-05
2019-06-14,0.0032682971988668157,0.015765743408532318,0.007905141249591408,0.0005508168667611724,-0.001104892733575391,0.0030839790388967796,5.9607583801302155e-05
2019-06-17,0.0024341546495306563,0.01127717413243734,0.00570582004517628,0.001368266897561643,0.00038020123827897656,0.002304746151456453,0.0001796714373678565
2019-06-18,0.0001186081184084965,0.0006596180615690006,0.00035263721526113123,0.002524632513850822,0.010471092684307903,0.00011536057802185636,6.0724862104288846e-05
2019-06-19,0.009379527629000987,0.04513624118527959,0.022590809111945553,0.0014055487230271169,0.0022575253367540515,0.008844161421996077,6.0445531762320925e-05
2019-06-20,-0.0032439884521937765,-0.0153584568284304,-0.007657098519706529,0.0003136779537564749,0.00955407907579664,-0.003053910202176116,5.9328282167925295e-05
2019-06-21,-0.0005795177839626253,-0.02468819562052882,-0.012322526483143026,-0.001636991761892026,-0.0014536198483153795,-0.00486164158274183,5.821114739368305e-05
2019-06-24,0.0024054144028541704,0.014154321501053113,0.0071410419312190054,0.00025021028311034144,-0.0012244270899423038,0.0028566806481766824,0.0001729678408370905
2019-06-25,-0.004953245375607209,-0.023695102813290236,-0.01182611971240144,-0.005269068439344604,-0.009807771373631535,-0.004665262695769687,5.793188163805141e-05
2019-06-26,0.0015024251285518158,0.007362695533590813,0.0037026398317483444,1.605145024852206e-05,-0.0009976585730581133,0.0014195960197311817,5.7652623056902996e-05
2019-06-27,0.004985050189830408,0.02404222788063115,0.012042824903902405,0.0023327733250582128,0.003545743958231151,0.004702076746060517,5.849042032424201e-05
2019-06-28,0.006246296780548832,0.030176008710006696,0.015109575682124898,0.0034322988395305565,0.005146387967723154,0.00589096863840776,5.821114739368305e-05
2019-07-01,0.007075811200800821,0.03368460206270707,0.016906601148336087,0.006596411339443886,0.009078082029086554,0.006679517311688128,0.0001738057134175186
2019-07-02,0.008406764900659834,0.04061765973737663,0.020331378726411886,0.002304183996490794,0.0026041460737653566,0.00792751367180732,6.016620859794486e-05
2019-07-03,0.001639067261317571,0.00812791336544616,0.004086365882453258,0.002230342143975772,0.007995382939830042,0.0015486467352893683,5.988689261116065e-05
2019-07-05,-0.0029371014788509876,-0.01426585495942223,-0.007087827954277537,0.00036826599326600373,-0.0011379652772603999,-0.002761393198904348,0.00012033603716865571
2019-07-08,-0.0057086143442927175,-0.027843814434066694,-0.013853417132227763,-0.0005521956350249546,-0.005494681401799428,-0.005370085151706627,0.00018218564906313794
2019-07-09,-0.00027506467155845944,-0.0011515974789325645,-0.0005525515379415369,0.0005419769002077413,0.001246584307626808,-0.0002555097568758572,6.156289620018462e-05
2019-07-10,0.00764057936253782,0.036792354651151715,0.018419424527100547,0.0014620190588383597,0.004777868342854097,0.0072051823653104755,6.156289620018462e-05
2019-07-11,0.0027226825780157266,0.013311363789101138,0.006678091094280747,0.000525138373961509,0.002344213727295319,0.002569978147573922,5.988689261116065e-05
2019-07-12,0.0033749939561913676,0.016359943975991165,0.008201962235275806,0.0005825976507143338,0.0044769739292427335,0.0031845985222020527,5.9048987711030065e-05
2019-07-15,0.00045436673367337996,0.0018184470263094,0.0009743615357087343,0.0003986634284007806,0.0003328085559635152,0.000438469042313303,0.00017548152456070554
2019-07-16,-0.0012472949015220058,-0.005903109865730394,-0.0029297043292257907,0.00010486962084388374,-0.0032251297386344246,-0.0011722495622507355,5.876970042972829e-05
2019-07-17,-0.005430957674103511,-0.026079637806004752,-0.013018107939415824,-4.7186380961794505e-05,-0.0068050170357134565,-0.005115550546326124,5.849042032424201e-05
2019-07-18,0.005159509179148179,0.024895899635033247,0.012469521144638396,0.0004299406472179079,0.003660938945657888,0.004866651239833742,5.821114739368305e-05
2019-07-19,-0.007227730694900794,-0.03463608079049563,-0.017297586030717294,-0.003008291143884345,-0.005555568784180176,-0.006809113563803073,5.5977222211733846e-05
2019-07-22,0.00865697274151869,0.04124202219448425,0.02068279776141635,0.0026914504394635053,0.002456596797610233,0.00816961289756412,0.0001687788078008623
2019-07-23,0.005059315445560303,0.024487844467166564,0.012264795432185949,0.003675082833536125,0.007150178893806647,0.004772229962993683,5.681489035591625e-05
2019-07-24,0.00523526469617573,0.02527683078776355,0.012659009366183582,0.0020528089007287864,0.004699779359391254,0.0049379246549992204,5.625643775419853e-05
2019-07-25,-0.004259611342534229,-0.02035617418169633,-0.01015707427371526,-0.0019026470250941285,-0.004777162065158436,-0.004011431957158331,5.7094127416279505e-05
2019-07-26,0.004123843071025812,0.019912967137914794,0.009977636008206892,0.0030187023757919373,0.00670018377446846,0.0038903945541592113,5.7373371649793725e-05
2019-07-29,-0.0013008052267370726,-0.006676151775502404,-0.0032737757707684834,-5.206950237202079e-06,-0.0018212500262254627,-0.0012159392636288476,0.0001738057134175186
2019-07-30,-0.007827508413586776,-0.03758685518261373,-0.018772135526353817,-0.0016349908877897334,-0.002454794244631464,-0.007374463625348163,5.7652623056902996e-05
2019-07-31,-0.012017057474939235,-0.057617059019083205,-0.028787656310938825,-0.005559727959277283,-0.010940349988439513,-0.011323146412016925,5.681489035591625e-05
2019-08-01,-0.013203116125225872,-0.06326901735581725,-0.03161363547930607,-0.006204436985367434,-0.008707965650255112,-0.012440932585116403,5.681489035591625e-05
2019-08-02,0.0005303179908185558,0.002743881046481711,0.001392674106899694,-0.004433021790412939,-0.007529734521695253,0.0005035602597985272,5.653566046870395e-05
2019-08-05,-0.03915333426265322,-0.18869011797673396,-0.09428327232419254,-0.02741628544318231,-0.030073071018443476,-0.03689430739030085,0.0001687788078008623
2019-08-06,-0.0006036134610339286,0.0626836510148081,0.031362140267749306,0.013129854203569824,0.014023124727989167,0.012189901955175123,5.56980138413099e-05
2019-08-07,5.5977222211733846e-05,0.015383907694209276,0.007712408211635102,0.000952206752598439,0.0005906707922183063,0.0029912298237887132,5.5977222211733846e-05
2019-08-08,5.513961861414174e-05,0.06590417985900854,0.03297212549223594,0.0181553361531972,0.019620061773790276,0.012925308301881887,5.513961861414174e-05
2019-08-09,5.513961861414174e-05,-0.03227043990215095,-0.016115184388343806,-0.005864684674222409,-0.0068118431997429285,-0.006361908430007087,5.513961861414174e-05
2019-08-12,0.00016375269371238232,-0.0890182149988803,-0.04444983389231005,-0.011564929272333324,-0.012172937841632647,-0.01736576475930046,0.00016375269371238232
2019-08-13,5.458125207025155e-05,0.0880822550389635,0.04406088389894158,0.014832124630674182,0.015551944775293203,0.017228600285209932,5.458125207025155e-05
2019-08-14,5.458125207025155e-05,-0.12060180195231485,-0.060281144596697755,-0.028981901530350296,-0.029568087265112508,-0.023693009703950604,5.458125207025155e-05
2019-08-15,5.346460501964856e-05,-8.067982119852601e-05,-2.114185466495222e-05,0.0017063171896465334,0.0026418992170738065,-7.42243047729744e-05,5.346460501964856e-05
2019-08-16,5.2068957496098633e-05,0.06324773015843643,0.031642365311391085,0.009806856091733929,0.014754843218482305,0.012414752168677903,5.2068957496098633e-05
2019-08-19,0.0001528654940672336,0.06777698257149356,0.03394232129305452,0.007270238371121618,0.012047669841082076,0.013355242785972487,0.0001528654940672336
2019-08-20,5.2906324507162594e-05,-0.022175480809040415,-0.01106882148884214,-0.0030925628678437622,-0.0076624280115195065,-0.004385041792672096,5.2906324507162594e-05
2019-08-21,0.007848245989274128,0.05955583883233895,0.029796838331847875,0.004438552613218016,0.008135549270176456,0.011657677182006667,5.2906324507162594e-05
2019-08-22,-0.00030613146254740366,-0.028099031223445814,-0.014030177980284164,-0.000438153556791665,-0.0003076133077108967,-0.005557466817494799,5.3743756028401535e-05
2019-08-23,5.458125207025155e-05,-0.09659792520200483,-0.04827920622154258,-0.014288998059518776,-0.025687646168525924,-0.01896646363135033,5.458125207025155e-05
2019-08-26,0.0001612399334147696,0.011169579039888688,0.005642806746925855,0.00760328427172241,0.011058718850627036,0.0022297535710825564,0.0001612399334147696
2019-08-27,5.458125207025155e-05,-0.035476545806598314,-0.017718516523839267,-0.001910697754526458,-0.00392357932462295,-0.006965659149832545,5.458125207025155e-05
2019-08-28,5.402291420630867e-05,0.033383081755132604,0.016711018088094054,0.004443461801866944,0.00704122042623645,0.006524349900520032,5.402291420630867e-05
2019-08-29,5.4302079553369964e-05,0.041410619802532134,0.02072492669446757,0.005921670737927043,0.01277319546637945,0.008097688855090667,5.4302079553369964e-05
2019-08-30,5.4302079553369964e-05,-0.014776625750523409,-0.007368696082060366,-5.337090645152198e-05,-0.0004444802684577809,-0.002927437352920637,5.4302079553369964e-05
2019-09-03,0.000217226011149263,-0.029058952775022018,-0.014451000368237765,-0.0009660649665346188,-0.005847085946115382,-0.0055581893971328195,0.000217226011149263
2019-09-04,5.402291420630867e-05,0.05972456407425564,0.029881759247655904,0.005369249427013001,0.011350504049880472,0.0116912577499906,5.402291420630867e-05
2019-09-05,5.3743756028401535e-05,0.03350033762207638,0.016769506442476878,0.004235261608442897,0.012855194227446631,0.006524932707096298,5.3743756028401535e-05
2019-09-06,5.3743756028401535e-05,0.033972614840057425,0.01700564505146751,0.0007831558003799088,0.0007721758212602126,0.006632015382515344,5.3743756028401535e-05
2019-09-09,0.00016040239060366446,0.004008331952424671,0.00206176443178796,0.0009517414224304854,0.0005036245048450905,0.0008542852937456114,0.00016040239060366446
2019-09-10,5.346460501964856e-05,0.0036713934030176976,0.0018548947574432706,0.00041731156269975145,-0.00023486858835453095,0.0007079222394250339,5.346460501964856e-05
2019-09-11,5.3185461179161564e-05,0.022537693491392563,0.01128790522971057,0.0007867529806848683,0.007110791161183627,0.004407568062671468,5.3185461179161564e-05
2019-09-12,5.346460501964856e-05,0.023252478613463134,0.011645437362665989,0.00025852744875609623,0.003463879011831761,0.004533729804388143,5.346460501964856e-05
2019-09-13,5.3185461179161564e-05,0.01230643787406116,0.006172277421044647,0.00024263650941014347,-0.0006637532898073895,0.002385514763582321,5.3185461179161564e-05
2019-09-16,-0.005189268411205577,-0.022431360756362095,-0.011158081922605145,0.00024257765121560304,-0.0030889191888863188,-0.004317995874453916,0.00016040239060366446
2019-09-17,0.002338704593639523,0.011381824723894818,0.005710529155148691,0.00022143022838960746,0.0025322548672981338,0.0022076274592060753,5.4302079553369964e-05
2019-09-18,0.008513914882606222,0.04101292339165341,0.020526078489027988,0.0001317745285107641,0.0005980222814252478,0.008027999333535589,5.4302079553369964e-05
2019-09-19,0.0017627443385658526,0.008686719391022946,0.004362418179525651,0.0001633788861776786,-6.661977024957633e-05,0.0016648092292676998,5.3185461179161564e-05
2019-09-20,-0.01247976847344031,-0.0598865595953646,-0.02992450044675632,-0.004294581976456269,-0.00472446669402915,-0.011759738575205698,5.262719500276347e-05
2019-09-23,0.005762001580318606,0.027491728296329843,0.013801368911518397,0.0015135558507402003,-0.00023497008428274846,0.005440404465021435,0.00015621500615869977
2019-09-24,-0.012888988456827467,-0.06180333225828738,-0.0308827472134654,-0.005675182963882808,-0.007846882029623359,-0.01214531980511646,5.2906324507162594e-05
2019-09-25,0.00642483148322757,0.031135693721503266,0.015586486650509324,0.004671283035111662,0.005915034982014733,0.006059188592007596,5.2348072665964196e-05
2019-09-26,-0.0023976240404935613,-0.011368514824198983,-0.005666036284346587,-0.0012324781803755291,-0.0020833829134042636,-0.0022567281449643877,5.1510748656502514e-05
2019-09-27,-0.006405683382958207,-0.03069813023443735,-0.015331681216739224,-0.0038238082376057525,-0.0053872900428653114,-0.006034747368317422,4.9836294109484314e-05
2019-09-30,0.009553854877108076,0.045626276454276304,0.022864037834176676,0.005050639304606808,0.0046378932318613675,0.009013654811122197,0.00014700469352879608
2019-10-01,-0.015014630468457473,-0.07197101750595636,-0.035967427172060695,-0.009177709011082058,-0.011895113790837852,-0.014148849196696095,5.123165498588378e-05
2019-10-02,-0.012951716194710064,-0.06199270610279761,-0.030979108676260636,-0.016005552292990277,-0.017664447612057765,-0.012204344685155062,4.955724342714518e-05
2019-10-03,-0.0005338790535393363,0.046459821264683177,0.023246736452945616,0.00775315768913587,0.008193039791753787,0.009070413723701133,4.872013435908151e-05
2019-10-04,0.009818695689472618,0.04997046985101217,0.025000944758244437,0.012786622232032752,0.013531866047556518,0.009763496680988158,4.648815862728917e-05
2019-10-07,-0.0020808029053546277,-0.01021235517050012,-0.005058626348380502,-0.003189521359161396,-0.004314693125687219,-0.0019529082818095117,0.00014030795319142086
2019-10-08,-0.016515953082991995,-0.079298796833151,-0.03963313061854801,-0.014297446617888676,-0.015524481785547883,-0.015564334273168159,4.760408920612136e-05
2019-10-09,-0.0005499784141065844,0.045009780829162294,0.0225207397332714,0.00867801011713154,0.009496293281241242,0.008773127499767847,4.676713053197723e-05
2019-10-10,0.005414073203435266,0.028752363733901998,0.014391752217316922,0.006296965763600948,0.0067630958338960045,0.005603631787383958,4.62091938819853e-05
2019-10-11,0.010096778489085217,0.04868151030660717,0.024356186024875992,0.009301061227100282,0.010367090038776228,0.009519549711195695,4.593023629562154e-05
2019-10-14,-0.00043243100216369776,0.04512487734932025,0.022608734453805956,0.0010984484415763607,-0.001113454033222827,0.008894000523815717,0.0001377970377436366
2019-10-15,0.005044158929124691,0.027503852285231334,0.013767357014188075,0.008266250276948384,0.009900512798537875,0.0053499252795415125,4.593023629562154e-05
2019-10-16,-0.0005494671733146026,0.008897553873386865,0.004464068333052129,-0.0004028608351253071,-0.0016062799520034643,0.0017232494137320651,4.5651285867975844e-05
2019-10-17,0.0011732342674728158,0.008722202812342372,0.004376253330895086,0.00286303492169826,0.0029487178762630517,0.001701206737351769,4.5372342598826165e-05
2019-10-18,-0.0012667970162219123,-0.006000146074375157,-0.0029849211124636232,-0.00106992061710931,-0.004377052430076134,-0.0011861088637993465,4.5372342598826165e-05
2019-10-21,0.007076459802371559,0.03364261676441238,0.016866767244399394,0.004164097848462278,0.0067792301168918545,0.006677788889607708,0.00013612320383837861
2019-10-22,-0.0050469248258684886,-0.024101058860756974,-0.012035238034019624,-0.0013319805405968,-0.003266671351275341,-0.004754136952287057,4.5651285867975844e-05
2019-10-23,0.0035909893925270405,0.01737857730577641,0.008704301109556667,0.0017922360750028954,0.002909878041627456,0.0033874593205471615,4.509340648750637e-05
2019-10-24,0.001574885878106086,0.007667215973879538,0.0038486204436081195,0.0014561869744076361,0.00163399041987633,0.001487122366285425,4.509340648750637e-05
2019-10-25,0.0067230422479888936,0.03237507719823829,0.01620282999547773,0.002212262999641723,0.004094818511180209,0.006339489429398483,4.5651285867975844e-05
2019-10-28,-0.0021387905100448213,-0.010537551827275227,-0.005223317051444631,0.001839483079346449,0.005636252375277762,-0.0020078745311795654,0.00013612320383837861
2019-10-29,0.0012238723256148304,0.005960119009141174,0.0029950719612390486,-0.00020171300893745414,-0.0002964688843339891,0.0011562308680652749,4.509340648750637e-05
2019-10-30,0.006710165631102147,0.03231571949357215,0.016172593278079184,0.001546778407180316,0.0030673495408042317,0.00632727686898608,4.453555573724621e-05
2019-10-31,-0.0037334943441208984,-0.017773350063214344,-0.00887208095763381,-0.0007696121980951265,-0.002663289204307917,-0.0035162402034639786,4.4256641097639715e-05
2019-11-01,0.0081566485448172,0.03932630908172907,0.01967663308508083,0.0022692615853816545,0.009263788298202957,0.007690611205720283,4.202558158361569e-05
2019-11-04,-0.0012843397674421218,-0.006347295196393321,-0.0031340459261364195,0.0007890909465997353,0.004017861962881231,-0.00120312864456156,0.00012440882357278582
2019-11-05,-0.004400868177418586,-0.021068159582879886,-0.010520740672345652,0.00017006189222201762,-0.001106418643664342,-0.004145597744267605,4.1746731339165066e-05
2019-11-06,0.0032338434737632475,0.015674666259449577,0.007851090534916061,0.0004791838417148586,0.00022794422649674573,0.003050670510982856,4.258330353335005e-05
2019-11-07,0.0019568119202295433,0.00951913794210113,0.004773326376242171,0.00027810251682769405,0.0035170093855376727,0.0018469562295834797,4.258330353335005e-05
2019-11-08,0.0028217568930155876,0.013654426646911189,0.006840970728646756,0.00029861965638144916,0.00246607221773143,0.002662167312101613,4.258330353335005e-05
2019-11-11,0.0027409986350745777,0.012890114915476314,0.0064859140610205035,0.00019558895437121748,-0.0019098805806063712,0.002590924554897715,0.00012691868601688583
2019-11-12,0.0006262776500360906,0.0031211896079135215,0.001574212776872308,9.262928217457223e-05,0.002108017060587164,0.0005928250597839512,4.2304438981455306e-05
2019-11-13,-0.00028239575723932974,-0.0012893227590506928,-0.0006304856560425121,5.1455945991873975e-05,0.0003236364997789565,-0.00026365458523422235,4.341994011625161e-05
2019-11-14,0.0027752665092156113,0.0134001704195581,0.006713982050823741,9.261593714460226e-05,0.00145572939342542,0.0026183028083893774,4.286217523952196e-05
2019-11-15,0.007139586080124765,0.03442816593037401,0.017227979806231364,0.0010598397892667144,0.00723657766621888,0.006731990256408624,4.286217523952196e-05
2019-11-18,0.0016584848739945887,0.007775273740421973,0.00392933014913277,0.0006475652062187809,0.0007375407483691809,0.0015708516438445426,0.00012859203729553847
2019-11-19,-0.002917436161825221,-0.013924872234093777,-0.0069485392760024745,-0.00010272160903135319,-0.00028850769744803717,-0.002747311235947131,4.286217523952196e-05
2019-11-20,0.0006430665887841882,0.0032899481234589523,0.0016588709027738346,-0.0011095073479178152,-0.003718703721644734,0.0006086946410547651,4.286217523952196e-05
2019-11-21,-0.002111763553391531,-0.009994986269418416,-0.004983596293664849,-0.0009359010618877894,-0.0016091830772155813,-0.001987957983321579,4.286217523952196e-05
2019-11-22,0.006991658617934492,0.0337836307775119,0.016905851669230865,0.0014772265200764245,0.002224223611599463,0.006592552861118998,4.314105410041513e-05
2019-11-25,0.00924772456633128,0.0443349663958541,0.02220959483111762,0.004121909852495165,0.007749880526606967,0.00872414846744453,0.00012942874583310449
2019-11-26,0.0026441629998749886,0.013049288325641895,0.006539098783053143,0.001131175398726647,0.0022660451527847236,0.0024951226805246147,4.3977733614530834e-05
2019-11-27,0.00029816821894389006,0.0016453106202198864,0.0008369704801782785,0.001257713721861231,0.004457518907326374,0.0002836524104329342,4.369883328747548e-05
2019-11-29,-0.00405087754699569,-0.019517060580991896,-0.00972934116322366,-0.0010774156322286288,-0.0037088235168341033,-0.00381306122305736,8.851524084563245e-05
2019-12-02,-0.013211090312111247,-0.06368504890514792,-0.03179999445414783,-0.003741795652973945,-0.008494842068563768,-0.012444497246225298,0.00013026547630423657
2019-12-03,-0.010335382367289753,-0.049323222517001275,-0.024647296088432302,-0.0036327066743288006,-0.006706540606027045,-0.00973863231167997,4.369883328747548e-05
2019-12-04,0.009289128417370259,0.044946189519808444,0.02248699160094869,0.0035532576678269923,0.006170638143986107,0.008758323099795384,4.286217523952196e-05
2019-12-05,0.0031181574916773038,0.015281177404695256,0.007654206675262953,0.0016010016523158033,0.0017977244345415144,0.002941761312530458,4.2304438981455306e-05
2019-12-06,0.006242920585863764,0.030196195240505652,0.015111576164469342,0.003924381371996466,0.009133771042064032,0.005886798031495596,4.202558158361569e-05
2019-12-09,-0.012136096630134836,-0.05847802375982514,-0.029198991908409022,-0.0010002245402028764,-0.0031441104166332057,-0.011431492506844134,0.0001252454224591748
2019-12-10,0.0034495229628150083,0.016915351409806823,0.008471154249119817,9.194932570499859e-05,-0.0011146334947955694,0.003254217767461875,4.202558158361569e-05
2019-12-11,0.004421961964925209,0.021437024431191887,0.010732269620787216,0.0015936417779323087,0.0028383709891268705,0.004170491069192934,4.258330353335005e-05
2019-12-12,0.009659954021030082,0.04663842116593231,0.023333107424010624,0.0024376561782855077,0.00861909354112389,0.009107619456660995,4.286217523952196e-05
2019-12-13,0.010593417579828101,0.0512442881326276,0.025635901471505074,0.001007285010785175,0.0005991985798758925,0.009987627209614271,4.258330353335005e-05
2019-12-16,0.004898680754013904,0.023505491852832794,0.011794439205337959,0.001179065488956299,0.006869863320193348,0.004625024612890159,0.00012859203729553847
2019-12-17,-0.000908187305337605,-0.004114880195287163,-0.0020435432565992784,0.0003401049756850405,0.00021925875129547023,-0.0008533715174010529,4.286217523952196e-05
2019-12-18,0.0006751687827793928,0.0033669415399786295,0.0016972281751805873,0.0001471595666404646,6.237530874986241e-05,0.0006388600708419637,4.258330353335005e-05
2019-12-19,0.0027377836526345112,0.013277908214977874,0.0066527115126802094,7.610581752870438e-05,0.004099205803940187,0.002582973942756533,4.258330353335005e-05
2019-12-20,-0.0021441240455556277,-0.010146408390089623,-0.0050593073540003974,-0.00047182016041880104,0.004383805659165185,-0.002018382302336557,4.286217523952196e-05
2019-12-23,-0.00022543429882481192,-0.001345166521912744,-0.0006304716277658606,0.0008222682421732408,0.0015280380115414438,-0.00020496786524786665,0.00012942874583310449
2019-12-24,0.003048371436177872,0.014754364413764876,0.007391357930365272,0.0002434348659587915,3.1241357036693174e-05,0.0028757510194748442,4.341994011625161e-05
2019-12-26,-0.00030470078384346234,-0.0015060609382774315,-0.0007249569776136555,0.002159958626144709,0.005322984791680918,-0.000282126870374251,8.628396935139726e-05
2019-12-27,-0.007731771756252756,-0.03705878422572351,-0.018515355832386837,-0.0008499787505312772,-0.0002473525996757875,-0.007285100332682825,4.314105410041513e-05
2019-12-30,-0.005040511583965846,-0.0244008035089176,-0.012158708475537128,-0.0021571367807011743,-0.00551368925991258,-0.0047432698784420696,0.00012859203729553847
2019-12-31,0.01082424870051098,0.05220175071601907,0.026114772199054004,0.002050157821555043,0.002429422003281667,0.010205061825560881,4.286217523952196e-05
2020-01-02,0.007114399104720893,0.034300557123019715,0.017177515402173826,0.00400583403389021,0.009352208001197848,0.006710924082142116,8.461066762865954e-05
2020-01-03,-0.011012709933809399,-0.05269827739402566,-0.026335660152796425,-0.00297095125924951,-0.007572474282752428,-0.010377386491953649,4.202558158361569e-05
2020-01-06,0.001333471163430844,0.006312662517888423,0.003195932931004286,0.002428363283147217,0.0038154914449168853,0.0012644309999872304,0.00012440882357278582
2020-01-07,0.0022444330170192095,0.01089853092791948,0.005463022869151013,-0.0002826227390180236,-0.0028120597082534893,0.0021179856218098573,4.258330353335005e-05
2020-01-08,0.00579095796594488,0.027966987968596202,0.013996972528514506,0.0015397197205282431,0.0053294435585033995,0.005460769789215223,4.202558158361569e-05
2020-01-09,0.0056628671161638,0.027426534193968788,0.013726745641200688,0.00201115966793175,0.006780675137924463,0.0053401648388984625,4.202558158361569e-05
2020-01-10,0.0006463939682722724,0.003318292292261882,0.0016726246903473463,-3.521268461514904e-05,-0.0028775952403263805,0.0006118779631127218,4.202558158361569e-05
2020-01-13,0.005058571053259033,0.02403554049391543,0.01205820852886852,0.001393465301707808,0.006877171303073526,0.004775231047409256,0.00012608204327357875
2020-01-14,0.0018983653116187446,0.009325967546902625,0.004676880614495671,4.521204448870719e-05,-0.0015244855654367173,0.0017919522035386732,4.286217523952196e-05
2020-01-15,0.0009278831276309441,0.004602168198061252,0.0023149809400750954,0.00024614333579475733,0.0022597777900548177,0.0008771121982367137,4.286217523952196e-05
2020-01-16,0.0036647418890286693,0.017737456430274356,0.008882625056181537,0.00011048613901176729,0.008318610280134031,0.0034567053292203446,4.286217523952196e-05
2020-01-17,2.773918060789615e-05,0.00031429388301540406,0.00017076491442313824,0.0009792007713087525,0.0031123797600280945,2.8712790361905946e-05,4.2304438981455306e-05
2020-01-21,-0.002159278662359818,-0.010868842098892162,-0.0053793859885130635,-0.001334423614281266,-0.0019582734474884456,-0.0020254420272957617,0.00017034409446892163
2020-01-22,-0.0014188691850737024,-0.006627902168649058,-0.0033001936791333675,0.0005776833391100133,0.0001209606708636457,-0.0013348251086809399,4.258330353335005e-05
2020-01-23,0.0019453828792408148,0.009525006584171436,0.004776121265001265,0.0005020433162974403,0.0011469614940826656,0.0018361051539022028,4.2304438981455306e-05
2020-01-24,-0.013168437870385359,-0.06311036488915145,-0.031541564471660455,-0.00525375590859356,-0.0088934136045411,-0.012409426847815722,4.2304438981455306e-05
2020-01-27,-0.02133301878291235,-0.10258259873250664,-0.051250861084342736,-0.011168337209126356,-0.016029346249069487,-0.02009976078614992,0.00012608204327357875
2020-01-28,-0.0006590000010243411,0.0550771347633463,0.027552185354588588,0.007907154699655639,0.010479345554982755,0.010709752412036266,4.2304438981455306e-05
2020-01-29,-0.0004817130175969374,0.0007930914922276155,0.00041044258715805526,-0.0006630393521447342,-0.0008261132276169425,9.720093309745239e-05,4.286217523952196e-05
2020-01-30,0.006465009256769328,0.03119406671941949,0.015610790764901239,0.003119871963696008,0.00324501602470062,0.006096053727989436,4.258330353335005e-05
2020-01-31,-0.023630557268361687,-0.11335181799539507,-0.05666201215665323,-0.013844289609209248,-0.018157723792747382,-0.0222703514794066,4.286217523952196e-05
2020-02-03,-0.000542843163374596,0.015062340616032177,0.007572026911298435,0.006809408247063775,0.007428559744673491,0.0029433119651806035,0.00012691868601688583
2020-02-04,4.286217523952196e-05,0.06715287134293324,0.03359033251251087,0.01106545706033124,0.01524140237014393,0.01314089181113395,4.286217523952196e-05
2020-02-05,0.006745756525139528,0.03567750578070927,0.017852649731398884,0.006342292680963979,0.011548271267996624,0.006926585604245297,4.286217523952196e-05
2020-02-06,-0.0005864167481999006,0.009406387129744953,0.004717090405916835,0.0018342204563062126,0.0033645711704408665,0.0017953116980393986,4.286217523952196e-05
2020-02-07,-0.004924731669257881,-0.02044470189651859,-0.010208454107215048,-0.002035399996008991,-0.005329807730572789,-0.004039339218800681,4.286217523952196e-05
2020-02-10,0.0038716847586251235,0.01841621027056517,0.009249380070901925,0.003719181780008407,0.007465503417327879,0.0036567555204758692,0.00012775535069065036
2020-02-11,0.00044221495978808345,0.002325763732930808,0.00117691814694032,0.0008317230113352725,0.0017327063312475577,0.0004194211023770194,4.314105410041513e-05
2020-02-12,0.009360126315757153,0.04513237939937764,0.02258008654073329,0.0022641884999128337,0.006443111906922816,0.008824877712557213,4.286217523952196e-05
2020-02-13,-0.0037051021471950127,-0.017490597087893134,-0.008731262263471762,-0.00015391489995530971,-0.0010670104866828956,-0.0034894495809422643,4.314105410041513e-05
2020-02-14,0.0023257452154016598,0.011384543513926815,0.005706447480446242,0.0008292820999211692,0.0016019763816026433,0.0021947649226492956,4.341994011625161e-05
2020-02-18,-0.005354878259366645,-0.026167272586553936,-0.01302748558776523,0.0005557044049497861,-0.002577076939396572,-0.005038782021972307,0.000172575383626139
2020-02-19,0.00585369457041708,0.02844217371007618,0.014235123135513117,0.0006545735849805556,0.004781335865570835,0.005537505840683333,4.314105410041513e-05
2020-02-20,-0.009217111430319627,-0.04473367342039314,-0.022352800429721764,0.00011893552703301502,-0.004108134618412085,-0.008814102490409247,4.314105410041513e-05
2020-02-21,-0.010212769136095453,-0.05045824153209921,-0.025215084485574746,-0.0014518318848047995,-0.010298209499888356,-0.009944602595094937,4.314105410041513e-05
2020-02-24,-0.03449125158305767,-0.175726506467755,-0.08782197829825822,-0.022905801380501356,-0.03316538732002061,-0.03442436840171275,0.00012775535069065036
2020-02-25,-0.0005047272542189679,-0.10132455986097633,-0.050648940811393706,-0.026693075340900374,-0.030302292158916555,-0.01997681920830484,4.1746731339165066e-05
2020-02-26,4.1746731339165066e-05,-0.004564057388419807,-0.0022686895751157232,-0.004022979509415658,-0.003678247391980416,-0.0009545036949830559,4.1746731339165066e-05
2020-02-27,4.1746731339165066e-05,-0.1610353855554324,-0.08050435365862185,-0.043933821603327705,-0.0449113364641599,-0.03158795620335228,4.1746731339165066e-05
2020-02-28,3.951618686892644e-05,0.005632159515128743,0.0028283036044236542,-0.008745588847730357,-0.0042018370938079475,0.0010265743043072237,3.951618686892644e-05
2020-03-02,0.00010433702574608184,-0.003605902022334573,-0.0017733852380203974,0.04744715195471416,0.04330658350338035,-0.000643653713094452,0.00010433702574608184
2020-03-03,3.059858330378695e-05,-0.10362398467166867,-0.05180422729075773,-0.028847524000020996,-0.02863266211601867,-0.02033189367064488,3.059858330378695e-05
2020-03-04,2.5864080406057255e-05,0.04843494724887165,0.024222871418063674,0.04179596006803865,0.04203328737753842,0.009442997568113025,2.5864080406057255e-05
2020-03-05,1.9740136215196102e-05,-0.1389973504726687,-0.06949633941480204,-0.032993573425697975,-0.033241953818050285,-0.02729468199484709,1.9740136215196102e-05
2020-03-06,1.6957665364580876e-05,-0.11073248378721001,-0.05536529730749806,-0.01749389089379061,-0.01653062680647166,-0.02178228287776263,1.6957665364580876e-05
2020-03-09,3.752204824714056e-05,-0.212436734769459,-0.10622220910033187,-0.07767821847410716,-0.07809480331563823,-0.04167832230293681,3.752204824714056e-05
2020-03-10,8.892525428683129e-06,0.04600242083486816,0.02299812243357313,0.052140629092554125,0.0517447015792607,0.008940034815473437,8.892525428683129e-06
2020-03-11,1.1951012038657893e-05,-0.10898842906285178,-0.05449577327198196,-0.04916066467889135,-0.04874822246892374,-0.021399557379108,1.1951012038657893e-05
2020-03-12,1.1394859549485048e-05,-0.20411230960778104,-0.10205799162069118,-0.09840055219031518,-0.09567729667545333,-0.040069211451540056,1.1394859549485048e-05
2020-03-13,9.170534107205697e-06,0.049609210204380805,0.02480165612266849,0.09452155146811325,0.08548640169840271,0.009668258180238327,9.170534107205697e-06
2020-03-16,2.2507934920090733e-05,-0.3488984392641564,-0.1744605684043442,-0.11463854368288084,-0.10942370944865865,-0.0684244016361915,2.2507934920090733e-05
2020-03-17,6.668711942880989e-06,-0.03298127770142267,-0.0164948387413153,0.058318747403477644,0.053992203467718936,-0.006544305467026885,6.668711942880989e-06
2020-03-18,5.2790595175267185e-06,-0.14736585457599982,-0.07368782200481638,-0.048824278929688436,-0.05063298449727671,-0.028915401057437715,5.2790595175267185e-06
2020-03-19,5.555697535353232e-07,0.05724729685076202,0.028616391963682375,0.0015560832707517402,0.002124889880024128,0.011194137472781075,5.555697535353232e-07
2020-03-20,1.1111679050213041e-06,0.06893725847562693,0.03446165057519068,-0.01688766997439828,-0.04309412974025095,0.01350261321654163,1.1111679050213041e-06
2020-03-23,4.166938680771892e-06,0.19664008377908604,0.0982995226191572,-0.014422449274067661,-0.025568136659341434,0.03855939434894406,4.166938680771892e-06
2020-03-24,5.555697535353232e-07,0.04188979211654997,0.020937639596576352,0.05532704025432578,0.09060317784819638,0.008154024751909319,5.555697535353232e-07
2020-03-25,2.777813272736296e-07,-0.07333200095941472,-0.03667339583561924,0.0003435200232535518,0.014970132807953895,-0.014407905866405548,2.777813272736296e-07
2020-03-26,-1.1110543248760152e-06,0.10647077838395025,0.05322729941823723,0.02292869124192687,0.05838966186521266,0.02084744617012461,-1.1110543248760152e-06
2020-03-27,-1.3888001618722612e-06,-0.15319941610147114,-0.07660793669739197,-0.009728982943614461,-0.029785586139835174,-0.030090019260180807,-1.3888001618722612e-06
2020-03-30,2.5000979217981723e-06,0.05986353664967825,0.02991041563407415,0.02047056215814469,0.032476048446033356,0.011704204569552915,2.5000979217981723e-06
2020-03-31,3.3338445484254464e-06,0.05257257983779606,0.026280422594596953,0.0006069085356894544,-0.014905527823902753,0.010282775497425994,3.3338445484254464e-06
2020-04-01,3.05598511096683e-06,-0.09392414080136813,-0.04696807665470404,-0.016804361983323246,-0.04500489498834104,-0.01844862647524723,3.05598511096683e-06
2020-04-02,2.5002875438939753e-06,0.06851982774972831,0.03425362977206059,0.01457199631154471,0.023075505485803838,0.013400728916343294,2.5002875438939753e-06
2020-04-03,2.5002875438939753e-06,0.035015392659670797,0.017501412227031832,-0.0001920147467326938,-0.014454475309204295,0.006834414507271748,2.5002875438939753e-06
2020-04-06,8.334421482736332e-06,0.07175384977634347,0.03585848935918712,0.019416419133463148,0.06716636928385045,0.014066349190936373,8.334421482736332e-06
2020-04-07,4.1674654807088984e-06,-0.04835505720307054,-0.02418297911537015,0.0009608078321536873,0.0010196121165471084,-0.009520403619900383,4.1674654807088984e-06
2020-04-08,3.889584732963414e-06,0.03526788548700033,0.017628353289291354,0.006016537636297503,0.033568376509391706,0.006887153589341336,3.889584732963414e-06
2020-04-09,6.1128296529044945e-06,0.034161781189228524,0.01707641276286531,0.0019893609723546923,0.015217017411254918,0.006674558121406129,6.1128296529044945e-06
2020-04-13,2.778694453331454e-05,0.02099842257042206,0.01048296777117641,0.0013132344154549447,-0.00912976419708289,0.004130950276454322,2.778694453331454e-05
2020-04-14,7.22462266256052e-06,0.08595438770789543,0.042973271918703704,0.00022376509637456188,0.029492831748814563,0.01683465900107385,7.22462266256052e-06
2020-04-15,5.556975789966501e-06,-0.10920504570162226,-0.05460727860949144,9.321459864897186e-05,-0.021248292505932298,-0.021458092448301658,5.556975789966501e-06
2020-04-16,3.889584732963414e-06,0.001446558030588685,0.0007176895610854217,9.320591049744031e-05,0.004824352022011258,0.00023655338391950933,3.889584732963414e-06
2020-04-17,3.889584732963414e-06,0.052281450688264286,0.026135135889923333,0.0064927399362531,0.027015417604249636,0.010242339489093187,3.889584732963414e-06
2020-04-20,1.0001566988826482e-05,-0.12622394032883455,-0.06312957212064896,-0.009950985838981796,-0.01761816187453047,-0.024765718841016235,1.0001566988826482e-05
2020-04-21,3.3338445484254464e-06,-0.06891166586990805,-0.0344617002592551,-0.017420907583145184,-0.03036276943702243,-0.013563369514270842,3.3338445484254464e-06
2020-04-22,3.05598511096683e-06,0.04807687031549901,0.024032428903729475,0.01708251897352575,0.022194240019435485,0.00939920592795585,3.05598511096683e-06
2020-04-23,3.3338445484254464e-06,-0.004127294518993629,-0.0020695145837977824,0.001622161217868845,-7.185046877344892e-05,-0.0008339660594698991,3.3338445484254464e-06
2020-04-24,3.05598511096683e-06,0.06956903151190397,0.03477850950193195,0.01243303849507904,0.013938916495984666,0.013633154327955537,3.05598511096683e-06
2020-04-27,1.0001566988826482e-05,0.07255436952941219,0.03625958280847441,0.00946867155584008,0.014418592694979138,0.014214574024845997,1.0001566988826482e-05
2020-04-28,3.3338445484254464e-06,-0.009461182029024795,-0.004736458338813643,-0.0019929910102087778,-0.004598589119706342,-0.0018936723475553657,3.3338445484254464e-06
2020-04-29,3.05598511096683e-06,0.06372396596697882,0.03185597672946949,0.010045924225028813,0.026178357746638348,0.012481390495140314,3.05598511096683e-06
2020-04-30,2.778132776271036e-06,-0.05609372039433824,-0.028053005377356444,-0.0034765679321373533,-0.00931075936777237,-0.011038902374263545,2.778132776271036e-06
2020-05-01,2.5002875438939753e-06,-0.09151150520168827,-0.045762036703647535,-0.010793723986457726,-0.026473382228782483,-0.017980755562991488,2.5002875438939753e-06
2020-05-04,1.0001566988826482e-05,0.036039345651824206,0.018002070869680642,0.005514018118364383,0.002758406840112748,0.007045898924235484,1.0001566988826482e-05
2020-05-05,3.6117110888689297e-06,0.03958910649125946,0.019788824854598763,0.0055508789908378375,0.009239329957074993,0.007740172213823252,3.6117110888689297e-06
2020-05-06,3.6117110888689297e-06,-0.023059204848583592,-0.011535330815322764,-0.0016621372415801527,-0.006779112847366098,-0.004548983295999278,3.6117110888689297e-06
2020-05-07,3.3338445484254464e-06,0.06352163371514163,0.03175494953326963,0.007121416505644795,0.012067117301972852,0.012437504715389373,3.3338445484254464e-06
2020-05-08,3.05598511096683e-06,0.06736172654497619,0.033674857018468396,0.007197760428607758,0.0165463215930437,0.01317291492036296,3.05598511096683e-06
2020-05-11,0.007680158812877247,0.05409744044747011,0.027031118267503373,0.0018150342340614856,0.00020514826297723943,0.010586837038343075,1.0001566988826482e-05
2020-05-12,-0.021391971436160326,-0.14702185581834137,-0.07351679523347199,-0.004424725846378319,-0.019931917978971758,-0.02887206106990861,3.3338445484254464e-06
2020-05-13,-0.00024011871994008337,-0.06072219267554879,-0.030366824728805253,-0.005897827053128468,-0.01768604279782815,-0.011974066984821346,3.6117110888689297e-06
2020-05-14,3.6117110888689297e-06,0.06039753902670375,0.030193041122321018,0.010041082648622357,0.011967749331567079,0.011811640382032439,3.6117110888689297e-06
2020-05-15,3.3338445484254464e-06,0.006235558413868247,0.003111911882633045,0.005395317677740374,0.004597145582638573,0.0011876178501501742,3.3338445484254464e-06
2020-05-18,1.0001566988826482e-05,0.0816384924287692,0.040801644258152914,0.012654387092168262,0.03045940926916657,0.01601506190658853,1.0001566988826482e-05
2020-05-19,3.6117110888689297e-06,-0.06555096018905648,-0.03278120848555932,-0.0035955373036994365,-0.010270877629221853,-0.012901889384714831,3.6117110888689297e-06
2020-05-20,3.6117110888689297e-06,0.07167356227643773,0.0358310527471879,0.0069575881933265915,0.016987973451905836,0.01400855967637387,3.6117110888689297e-06
2020-05-21,3.3338445484254464e-06,-0.04160286829019155,-0.02080730146939691,-0.002236808975342397,-0.006904179118499054,-0.00821057575626968,3.3338445484254464e-06
2020-05-22,0.0027082618386595034,0.020536034765424205,0.010262150058410802,0.001801674912117024,0.0018991757640549611,0.003988191452495827,3.3338445484254464e-06
2020-05-26,0.0034191710050840277,0.023690328734804478,0.011821695103541474,0.0043174149404818785,0.01232079050387025,0.004644014857001083,1.3335444880802072e-05
2020-05-27,0.002527078807370824,0.017361278807622504,0.008675049949602442,0.002916455223662906,0.014878515883604004,0.003371209320620463,3.889584732963414e-06
2020-05-28,-0.006203950625812068,-0.04084548421688228,-0.02042819262227613,-0.000692097870781283,-0.0018446136183052353,-0.008041862061126255,4.1674654807088984e-06
2020-05-29,0.006443573394307666,0.043342541549669544,0.021665820260999613,0.0018740324289090449,0.004455628517079813,0.00846080002775546,4.1674654807088984e-06
2020-06-01,-0.003453957525094735,-0.022715399595212626,-0.011374468137539395,0.0012199089134676822,0.00404202300482881,-0.004475743380953053,1.1668799585695666e-05
2020-06-02,0.0054581847424800935,0.03552012365203061,0.017754472371806385,0.0016361674228622114,0.008279953322475775,0.006933170616961496,3.889584732963414e-06
2020-06-03,0.006134543427769613,0.03761594355154885,0.018802521261939598,0.0018536110660580807,0.01330817751745883,0.007337669599701248,4.1674654807088984e-06
2020-06-04,0.0018003166183301826,0.01116183844306362,0.005575607651622683,0.00010407271213486169,-0.002626550930547644,0.0021475285287768727,4.445353332771518e-06
2020-06-05,0.008786960336115009,0.053291705726425054,0.02664040234937759,0.0011388994877843395,0.025629641441572426,0.01042013152880477,4.1674654807088984e-06
2020-06-08,-0.004582875393797659,-0.02771206460058495,-0.013872383815745626,0.0002656333912722797,0.01208776936577416,-0.005464489453604809,1.250244854578142e-05
2020-06-09,-0.009979322983631151,-0.05983868670599113,-0.029924515975426447,-0.00014432763527827408,-0.0074571532695247855,-0.011773341819482431,4.723248289373316e-06
2020-06-10,0.002490440357428033,0.015271412240196014,0.007630811403281257,0.00011547877500106551,-0.005579965463003211,0.0029463546095409555,5.2790595175267185e-06
2020-06-11,-0.06590954986794256,-0.3894687859085204,-0.19473956557669092,-0.007291642611366389,-0.057648995982591544,-0.07641567322098596,4.723248289373316e-06
2020-06-12,-0.0003562952136114691,0.12452583652732052,0.062257745641229434,0.004885169439775794,0.011975920290767883,0.02426588069650825,4.723248289373316e-06
2020-06-15,1.3336119282003622e-05,0.02270601673644701,0.01133707368813841,0.0022339385030296643,0.009335494391387478,0.004414207912000519,1.3336119282003622e-05
2020-06-16,5.001150350958383e-06,0.013718497660877516,0.0068542151590387235,0.0007044896780712406,0.019247788476125294,0.002663601464371141,5.001150350958383e-06
2020-06-17,4.723248289373316e-06,-3.226305308046129e-05,-2.1304148970835435e-05,0.00015003144889980113,-0.004154114746451665,-2.4382086758506678e-05,4.723248289373316e-06
2020-06-18,4.723248289373316e-06,0.0012694167336917417,0.000629535744415266,5.769574724645565e-05,0.00038510078570408446,0.00023569805770677515,4.723248289373316e-06
2020-06-19,4.445353332771518e-06,-0.049821465705921386,-0.024916044422869543,-0.006646166627243488,-0.005714677714886651,-0.009785558331846944,4.445353332771518e-06
2020-06-22,1.250244854578142e-05,0.10144601363142347,0.05070665530025864,0.006086618151828649,0.00641529389186557,0.019886490112749008,1.250244854578142e-05
2020-06-23,-0.0010374928925495769,-0.009252772771008555,-0.004631697955413294,0.0027651259315704113,0.004603317592871914,-0.0018663410921232484,4.445353332771518e-06
2020-06-24,-0.00013923117480878225,-0.05106360333383719,-0.025537113236827502,-0.014714348216547268,-0.025508622942739256,-0.010033149719714907,4.445353332771518e-06
2020-06-25,4.1674654807088984e-06,0.03983305299719597,0.019911075984762938,0.008711554641488206,0.010720536931404068,0.007779927659385374,4.1674654807088984e-06
2020-06-26,-0.006896612901596648,-0.0711608952965661,-0.03558575921819196,-0.015992539517964866,-0.02375143458911355,-0.013984880715466762,4.445353332771518e-06
2020-06-29,-0.00014576378494930936,0.058340700235973486,0.029153581778053717,0.013886109181667328,0.01469790584292463,0.011423807949602112,1.1668799585695666e-05
2020-06-30,0.003538704146016892,0.03937482331412068,0.019681822202851418,0.009864085786775556,0.01280913566240005,0.007686139938094854,3.889584732963414e-06
2020-07-01,0.0030595788874349895,0.03287885145702618,0.016434114158604185,0.0046280326549383854,0.007004927721720566,0.006418044909831185,4.445353332771518e-06
2020-07-02,0.0022993172735982516,0.024733001247039477,0.012360911169310818,0.005236201321926259,0.005506782190732862,0.004821279116140291,3.889584732963414e-06
2020-07-06,-0.0004772069653551181,-0.005204238001471517,-0.0026244767721843587,0.005726972560628596,0.015437177627397158,-0.0010164860401051827,1.5558429705464505e-05
2020-07-07,-0.0034994702683319805,-0.03726946753750604,-0.018640184282587957,-0.0033679372374990635,-0.010313541943570925,-0.0073283693704870026,4.1674654807088984e-06
2020-07-08,0.0025712222136488033,0.027344119802007016,0.01366660938716846,0.00439027437794981,0.007648433358569795,0.0053325057118070816,4.1674654807088984e-06
2020-07-09,-0.0023998474246354337,-0.02537556914748018,-0.012693235087575139,-0.0014476035375811103,-0.0056926265356459504,-0.005003743346016161,4.1674654807088984e-06
2020-07-10,0.003310367831699466,0.035035414187706504,0.017511978702822395,0.005504337780596558,0.010210394895278085,0.006845174540746237,3.6117110888689297e-06
2020-07-13,-0.00875609490662285,-0.09271467146865076,-0.04637452088785121,-0.0034692498310429087,-0.008658768496300207,-0.018193489954739225,1.083517240019205e-05
2020-07-14,0.009822535456664989,0.05579864324512207,0.027893732168352114,0.0052219911384392415,0.012958833382116897,0.010893376178654756,3.889584732963414e-06
2020-07-15,0.006279657979672545,0.03175811535957118,0.015873607165950432,0.0024681224278677583,0.009187238074444659,0.0061913353528545,4.1674654807088984e-06
2020-07-16,0.0007391782261063935,0.0038520317489660894,0.001920704304574139,0.0005159640395497878,-0.003293575911614166,0.0007268325420261535,4.445353332771518e-06
2020-07-17,0.008938209901535285,0.04495669663645918,0.02247234206420967,0.0017600995521276364,0.0028990264950143896,0.008798198254771537,3.05598511096683e-06
2020-07-20,0.00999564874665371,0.051035395809647666,0.02549967915677276,0.005455674741065231,0.008081914521992584,0.009991080440512836,9.16798335004465e-06
2020-07-21,-0.0020742794415052166,-0.010598896025367566,-0.005305176403714751,0.00011130403811043799,0.002127198196137492,-0.0021195923960752694,3.6117110888689297e-06
2020-07-22,0.0040774139409832716,0.020631495131192557,0.01031001917456531,0.003194070380839964,0.005692412454026519,0.004016722702898952,3.6117110888689297e-06
2020-07-23,-0.011520063753638976,-0.05511908887599504,-0.027565272829028542,-0.005169678614614814,-0.011931926458459197,-0.010843990830458079,3.6117110888689297e-06
2020-07-24,8.718487410752731e-05,0.0006577909312510677,0.0003230281413244551,-0.0012545302481181686,-0.006440665622538311,8.26080914205587e-05,3.3338445484254464e-06
2020-07-27,0.007938697459900475,0.03818067157277372,0.019072317038335784,0.00488485694347518,0.007292848200837865,0.00748315771453596,9.16798335004465e-06
2020-07-28,2.3367436764573857e-05,0.000323148776760096,0.00015556813436012895,-0.002466666666666728,-0.006342673113319153,2.2351780057097783e-05,3.05598511096683e-06
2020-07-29,0.004869517543940278,0.023532099030117104,0.011760043261038744,0.006176346098153207,0.012298993471409059,0.004589946264060294,3.05598511096683e-06
2020-07-30,-0.0029490371164794986,-0.013990790928910646,-0.0070014017184752975,-0.0020147787341212586,-0.0035682146573197127,-0.0027793475511122697,3.05598511096683e-06
2020-07-31,0.002162082032584867,0.010551760761371876,0.005269596277882815,0.004287275167636384,0.007902363530872147,0.0020380761837010646,2.5002875438939753e-06
2020-08-03,0.0009336431980135398,0.0045485369674356235,0.002255416184684611,0.0028330958613604906,0.006952100494585833,0.0008804811159300686,7.500881385791303e-06
2020-08-04,0.006832302247022523,0.032977063973113285,0.016482386806369487,0.001635579639511553,0.0038627246465374743,0.006439973652724506,2.778132776271036e-06
2020-08-05,0.003206145844905717,0.015619289308457462,0.007803360551425387,0.0021222317521059075,0.006211030086491931,0.0030222374631450398,2.5002875438939753e-06
2020-08-06,0.0025902401096745274,0.01262166378376084,0.006304686711693153,0.0016294508147254305,0.006684239766380218,0.0024416606079954487,2.778132776271036e-06
2020-08-07,0.000972093954033562,0.00483926886983177,0.002413489254728507,0.0005970410862861097,0.0007182091353856723,0.0009164624270089799,2.778132776271036e-06
2020-08-10,0.005830351922182863,0.02807561929194713,0.014019374116988725,0.001083886224791497,0.0029887354461739513,0.005495905229132709,8.334421482736332e-06
2020-08-11,-0.008652736920700958,-0.041381556656228335,-0.020696784582134087,-0.0016787514900969969,-0.008254721767575468,-0.008155355233137356,3.05598511096683e-06
2020-08-12,0.010496131975961255,0.05067415556770638,0.025331071529833382,0.002766107785087124,0.013942490346746439,0.009893512748082079,3.05598511096683e-06
2020-08-13,0.00033731059304474467,0.001877750050783833,0.0009328687713718864,0.00033320223737098864,-0.0018079180589001265,0.0003183184425591336,3.05598511096683e-06
2020-08-14,-0.001106096612873883,-0.0051702172992765805,-0.0025912538298255017,0.0005678932797474889,2.9686830566921785e-05,-0.0010423845907475227,2.778132776271036e-06
2020-08-17,0.009234564803963338,0.044437875423405826,0.022200502182718518,0.0004420504592415053,0.003176692446760221,0.00870455181752151,8.334421482736332e-06
2020-08-18,0.0026407805498381855,0.012942667624166404,0.006465188631896046,6.546002029250708e-05,0.0021604085929896044,0.002489422649723716,2.778132776271036e-06
2020-08-19,-0.006172084567010153,-0.02947511408055803,-0.01474384114308247,-3.818251240927939e-05,-0.0041637637190639065,-0.005817304930837494,2.5002875438939753e-06
2020-08-20,0.0026240978281893983,0.012829409166216,0.006408698329088081,0.0001854649989363466,0.0031137150241478118,0.002473659018543433,3.05598511096683e-06
2020-08-21,-0.0006916737286250701,-0.003144350222946013,-0.0015781813654929255,0.00202337516429707,0.003547345304731664,-0.0006517063880162546,3.05598511096683e-06
2020-08-24,0.0006270031428793068,0.003074973451934415,0.0015190511969827014,0.004381476965949593,0.010133430564476908,0.0005914750776590791,8.334421482736332e-06
2020-08-25,0.002285797237002362,0.011139531900720367,0.005563898626058883,0.0013656094031961885,0.003498861370902162,0.0021546862399550713,3.3338445484254464e-06
2020-08-26,-0.00536836412184631,-0.02562789886940564,-0.01281995568872274,0.0017046838217387172,0.010025758262347306,-0.005059735006552415,3.05598511096683e-06
2020-08-27,-0.007253406001466232,-0.03466388858763869,-0.017337950547839154,0.00019989195029701534,0.002186481568264398,-0.006836421634948436,3.05598511096683e-06
2020-08-28,-0.000643370281251336,-0.0028854227506053265,-0.0014487176293225268,0.002878949102556483,0.006459395192166761,-0.0006060865838693355,3.05598511096683e-06
2020-08-31,-0.008573199449318817,-0.04115927629675786,-0.02059807367736366,-0.005030430333387237,-0.003622450932789678,-0.008080188845856054,8.334421482736332e-06
2020-09-01,-0.002642357121658945,-0.012495528689328017,-0.006253770598683817,0.005683786592759477,0.00941868108792443,-0.002490217022778925,3.05598511096683e-06
2020-09-02,-0.008127831195000785,-0.03892042332986767,-0.019466078989234914,0.0017277943440301424,0.014463602579413815,-0.007660659220765173,3.3338445484254464e-06
2020-09-03,-0.027146002927985382,-0.13028422744774237,-0.06514798104817243,-0.00995663784811962,-0.03441416074578452,-0.025586174145906772,3.3338445484254464e-06
2020-09-04,-0.00035129536769004535,0.09037256222369927,0.04518027485782983,-0.0008629392034907868,-0.008164974615383458,0.017660526879365274,3.05598511096683e-06
2020-09-08,1.2223996478155641e-05,0.025628925684198833,0.012790437854037107,-0.011407153915098167,-0.02732245418377388,0.0050041041864923525,1.2223996478155641e-05
2020-09-09,3.6117110888689297e-06,0.045337177798160155,0.02266286050804922,0.012038792274512877,0.019747442974773266,0.008861878712513566,3.6117110888689297e-06
2020-09-10,3.3338445484254464e-06,0.010834580433883412,0.005411422892640516,-0.00815480003909086,-0.01736371927990632,0.0020865335926718285,3.3338445484254464e-06
2020-09-11,3.3338445484254464e-06,0.03304658558955653,0.01651742547047741,0.0024687438418251606,0.0005089207894390935,0.0064551320294627445,3.3338445484254464e-06
2020-09-14,9.16798335004465e-06,0.016213755103377414,0.008088858803637411,0.0106260408987906,0.013171509562396544,0.0031639183149445495,9.16798335004465e-06
2020-09-15,3.05598511096683e-06,0.02951854862019032,0.014753268056075353,0.003922606858618671,0.005052293108381178,0.005759720345000593,3.05598511096683e-06
2020-09-16,3.05598511096683e-06,-0.0033207010639990653,-0.0016663567860194517,0.0003336795707373774,-0.003968663593209909,-0.0006786463993437179,3.05598511096683e-06
2020-09-17,0.004261823644087384,0.022235874315734705,0.011112069833566052,-0.0036800111906774013,-0.008795400291457645,0.00434407135092105,3.3338445484254464e-06
2020-09-18,-0.0016917232550413878,-0.007998347482790269,-0.00400545784419859,-0.0017928017928017237,-0.011512580004938044,-0.0015943080671851134,2.5002875438939753e-06
2020-09-21,-0.007835893704510117,-0.037651966042317686,-0.018844418550143405,-0.006410499153381322,-0.011129700807295806,-0.007385221362087739,8.334421482736332e-06
2020-09-22,-0.0003422735612152942,-0.006616308689410211,-0.0033142995248923723,0.006696866084456632,0.010184408221521446,-0.001327285657975018,2.778132776271036e-06
2020-09-23,2.778132776271036e-06,-0.03523319342307263,-0.017622741891723637,-0.014337634804054145,-0.023190687781670438,-0.0069280589930391006,2.778132776271036e-06
2020-09-24,3.05598511096683e-06,0.0032097429907578245,0.0015988652413589932,0.002485637623664605,0.0026651863266546894,0.0006025319852763339,3.05598511096683e-06
2020-09-25,2.778132776271036e-06,0.02846629748553897,0.014227003562582219,0.01158730158730159,0.016166983791694234,0.005567403262708627,2.778132776271036e-06
2020-09-28,8.334421482736332e-06,0.00795554543144017,0.003959337186735246,0.008289280747983074,0.016609320375997383,0.001553632114684571,8.334421482736332e-06
2020-09-29,3.05598511096683e-06,0.03148605449338704,0.01573702099267349,-0.0023021320211001894,-0.005446052005861013,0.006157223725696956,3.05598511096683e-06
2020-09-30,2.5002875438939753e-06,-0.022187931200338462,-0.011100249702972631,0.0042114888123923055,0.0075820022196180226,-0.004379617414021235,2.5002875438939753e-06
2020-10-01,2.778132776271036e-06,0.00021996180757799522,0.00010383572360184168,0.00254950375730445,0.006420032223665162,1.9481485636347033e-05,2.778132776271036e-06
2020-10-02,2.5002875438939753e-06,-0.03377049539903165,-0.01689153180231917,-0.0024308282446214857,-0.009494398794593906,-0.00663911713945924,2.5002875438939753e-06
2020-10-05,7.500881385791303e-06,0.033406512265510946,0.01668440383372216,0.007979691951757628,0.017733066386504737,0.006543227619478479,7.500881385791303e-06
2020-10-06,2.778132776271036e-06,-0.00560224258916997,-0.002807266474772252,-0.004197349825199037,-0.014216060354979354,-0.0011263489504686351,2.778132776271036e-06
2020-10-07,2.778132776271036e-06,0.024474825609882345,0.012231267624754016,0.007048190199760995,0.017406744151377662,0.004783031859371889,2.778132776271036e-06
2020-10-08,2.778132776271036e-06,0.04869140491918289,0.02433955727940429,0.0029563697051577797,0.008862422996351427,0.009524490532595952,2.778132776271036e-06
2020-10-09,2.5002875438939753e-06,0.045504265712402736,0.0227458487533978,0.0015741958658870292,0.008930193897711991,0.00888763358334486,2.5002875438939753e-06
2020-10-12,8.334421482736332e-06,0.016714741734873195,0.008338935338451758,0.0005537945474971551,0.01608781645682833,0.003260271773403071,8.334421482736332e-06
2020-10-13,2.778132776271036e-06,-0.0038865356164267117,-0.0019494129884005673,0.00014759680769182992,-0.006526098903291255,-0.000787656728750436,2.778132776271036e-06
2020-10-14,3.05598511096683e-06,0.008472183453012372,0.004230085472486378,1.0541073292014147e-05,-0.006283476356683693,0.0016419586385891416,3.05598511096683e-06
2020-10-15,3.3338445484254464e-06,-0.02312430199286708,-0.01156801832073473,0.00014757347050653458,-0.0012361115760450847,-0.004556806418542092,3.3338445484254464e-06
2020-10-16,3.05598511096683e-06,-0.005883716172312203,-0.0029478643401760207,-0.002756054889230808,-0.0006038715191453159,-0.0011809322469458344,3.05598511096683e-06
2020-10-19,9.16798335004465e-06,-0.04185342400408987,-0.020944730750096063,-0.008111350077414592,-0.015203757813056717,-0.008208900403418758,9.16798335004465e-06
2020-10-20,3.05598511096683e-06,0.007785040627649842,0.003886514059805002,0.002573172940662616,0.004005876368899264,0.001494139040848123,3.05598511096683e-06
2020-10-21,2.778132776271036e-06,0.02498664254033023,0.01248717608997807,-0.00027631795694760264,-0.0018930938690682186,0.004874027187012846,2.778132776271036e-06
2020-10-22,2.778132776271036e-06,0.013490873153098049,0.006739291396361757,0.003518712427645898,0.005485382177673026,0.0026115867182942834,2.778132776271036e-06
2020-10-23,2.5002875438939753e-06,0.0011810027863128347,0.0005842172903529619,0.0027807350674526887,0.0033953301296518745,0.0002013088631514025,2.5002875438939753e-06
2020-10-26,8.334421482736332e-06,-0.08461701453566584,-0.04232694279681759,-0.01329466945553659,-0.018480027520859532,-0.016601557387739274,8.334421482736332e-06
2020-10-27,3.05598511096683e-06,-0.0035669317615776297,-0.001789472134808734,-0.001830766513032045,-0.003447259244151457,-0.0007536557620488395,3.05598511096683e-06
2020-10-28,2.778132776271036e-06,-0.14274837950566321,-0.07138033493301876,-0.028461105301263112,-0.034179093161412766,-0.028020040763215785,2.778132776271036e-06
2020-10-29,2.778132776271036e-06,0.07457799089085748,0.03728285026524136,0.01033352101480478,0.010163481964473808,0.014556260931145768,2.778132776271036e-06
2020-10-30,2.5002875438939753e-06,-0.03522009293707806,-0.017616330571342487,-0.009949188657597086,-0.010424715690027897,-0.00695341480665514,2.5002875438939753e-06
2020-11-02,7.500881385791303e-06,0.023217163860526524,0.011589729631230172,0.012201380726122979,0.011208377449733131,0.004540007939275489,7.500881385791303e-06
2020-11-03,2.5002875438939753e-06,0.05381860096228919,0.02690301637834125,0.014415003816377725,0.017655785041814198,0.01052627655781406,2.5002875438939753e-06
2020-11-04,2.778132776271036e-06,0.08647372833934286,0.043230718989484274,0.0183807722074123,0.022349375013908546,0.016916020850644385,2.778132776271036e-06
2020-11-05,2.778132776271036e-06,0.01697082393274263,0.008479266786183937,0.011863798526524638,0.01950271017052918,0.003268667254823752,2.778132776271036e-06
2020-11-06,2.778132776271036e-06,0.06622129843933555,0.03310450403948062,0.0028998810840132894,-0.00022834102264090994,0.012954756043779611,2.778132776271036e-06
2020-11-09,0.0033539105680212623,0.020589625329261674,0.010276377135645998,0.0050393160259609715,0.012565687842377216,0.004000158290878454,8.334421482736332e-06
2020-11-10,-0.00034496023564505713,0.03315233479020563,0.016570161141082895,0.0015937326979100774,-0.0014667392586102945,0.0064642677590878205,3.05598511096683e-06
2020-11-11,2.778132776271036e-06,0.021758758646661436,0.010873234143143451,0.003905664763774519,0.007428768653581441,0.004222312379067748,2.778132776271036e-06
2020-11-12,2.778132776271036e-06,-0.06833083374951898,-0.03417156205494676,-0.0030362132759712557,-0.00970093259572724,-0.013440627283567617,2.778132776271036e-06
2020-11-13,2.778132776271036e-06,0.06258385001047695,0.03128577982505121,0.005311488610495907,0.013844654413391666,0.012213630211835795,2.778132776271036e-06
2020-11-16,0.0032610076239427154,0.021382485752376557,0.0106723905771553,0.00289073731772449,0.012482311312582706,0.004152269633282718,7.500881385791303e-06
2020-11-17,0.003226245349641328,0.019294620142852326,0.009641025968622596,0.00011263394479921196,-0.0053783253143044885,0.0037427300713911435,2.5002875438939753e-06
2020-11-18,-0.006149374455685965,-0.03541429870893531,-0.017713433457271055,-0.00035322122398839806,-0.012034680668025155,-0.0069878791206166,2.5002875438939753e-06
2020-11-19,0.002613118190047064,0.01568530087228437,0.007836366333338951,0.0009832237448534897,0.0042100418208756984,0.0030271269112762894,2.5002875438939753e-06
2020-11-20,0.0006488321494520422,0.004025438094756639,0.00200615710999541,-0.0030746720690855156,-0.0068477333738034,0.000748994645043343,1.9446183847637855e-06
2020-11-23,0.001676877293110856,0.00994888854600351,0.0049547584665254885,0.004623666398107407,0.005993922828243514,0.0019337937969486972,5.833866499216356e-06
2020-11-24,0.0028538860126542556,0.016976433391798995,0.008481793674030902,0.006722242654570554,0.016114139779297876,0.003291396482833271,2.222449413613603e-06
2020-11-25,0.007000314722154963,0.03845850782511406,0.019222969809753687,0.0,-0.0015416317082569408,0.0075002973616715195,2.5002875438939753e-06
2020-11-27,-0.0016237822589557159,-0.008645398134360716,-0.004335267269661491,0.0012076069087292307,0.0027848418402711683,-0.0017399533110248639,5.000581339231758e-06
2020-11-30,0.003873387688137753,0.018935677979057486,0.009448986690495431,-0.00026352864860479386,-0.004426922926449306,0.003693495885993793,7.500881385791303e-06
2020-12-01,-0.0018170904625350128,-0.00850503320652185,-0.004258939625129354,0.0033456683732955295,0.010937306084640275,-0.0017124808097533418,2.222449413613603e-06
2020-12-02,0.0010661402796670273,0.00532176015032082,0.0026545959723569545,0.0005961703632597626,0.002103697240442015,0.001005078036371584,2.5002875438939753e-06
2020-12-03,-0.0020002432884234237,-0.009423632607465815,-0.0047181004065364185,0.00042413960252063454,-0.0002727955700309037,-0.0018851617568610628,2.5002875438939753e-06
2020-12-04,0.00305157637017908,0.014865076112725584,0.007426115034494085,0.0027506914582198227,0.008617873707386536,0.0028764416908700343,2.222449413613603e-06
2020-12-07,-0.0006039107462105897,-0.0027818799857839416,-0.0014097922919250605,0.0005838622487757128,-0.002055162486395923,-0.0005687137683226943,7.500881385791303e-06
2020-12-08,0.007196662239410378,0.03477097798698403,0.01737906597162331,0.0009004341199136956,0.0029262018194429196,0.006783363372413102,2.222449413613603e-06
2020-12-09,-0.007788902271504668,-0.03716673394298908,-0.018589651074297886,-0.0010353215527812987,-0.008968950175438861,-0.007341132925096693,2.5002875438939753e-06
2020-12-10,-0.0021170815042270037,-0.00990913984625097,-0.00496099294499408,0.0004377006127807004,-0.0003269584699606698,-0.001995141473260777,2.222449413613603e-06
2020-12-11,-0.008012466757801935,-0.03831538023476233,-0.019164113139249594,-0.00014080753119138922,-0.0011724730926673255,-0.007551985514074613,2.222449413613603e-06
2020-12-14,-0.004652114408124985,-0.02219858125631513,-0.011118559686354446,9.053187476437685e-05,-0.004477158263714642,-0.004384290718162986,6.667363058321385e-06
2020-12-15,0.009247813795440724,0.04465486235076632,0.022321147072579706,0.0021876555875741666,0.013519464150272942,0.008716787808298222,2.5002875438939753e-06
2020-12-16,0.007231219016971906,0.0350002711830788,0.017493712569670805,0.0005519926936241593,0.0015691351904820738,0.006816124665004287,2.222449413613603e-06
2020-12-17,0.002263988172670831,0.011109539941880131,0.005548485868136499,0.00015046040885113854,0.005592197060722226,0.0021342312741306994,2.5002875438939753e-06
2020-12-18,-0.0030415281389662976,-0.014446444898699173,-0.007229645471218182,0.0031240911051158005,-0.003993000493513921,-0.0028666153079342804,2.222449413613603e-06
2020-12-21,-0.017511040653867757,-0.08407446861467671,-0.042056503365535236,-0.004099159672267261,-0.0035756310901859933,-0.01650460269731757,6.667363058321385e-06
2020-12-22,0.003748700955080817,0.01833934415703342,0.009163387975713144,0.00037144678522849084,-0.0016850948727938908,0.0035339100996678503,2.5002875438939753e-06
2020-12-23,0.008420950912128094,0.04064288828784979,0.02031516004112155,0.0019217742542461114,0.0008984279395118921,0.007937404110102209,2.5002875438939753e-06
2020-12-24,0.006023308744395701,0.02918246344629538,0.014584947620344346,0.003275273189835559,0.0038904998588222828,0.005677604505059196,2.5002875438939753e-06
2020-12-28,0.0009642769161872953,0.004706024310103807,0.002327875762592635,0.004537467803446438,0.008590789293108303,0.0009095897358055258,1.0001187684016699e-05
2020-12-29,-0.007840076095409959,-0.037530432508218525,-0.018771222508129237,-0.000954079934009533,-0.0019077059492911275,-0.007389474648223858,3.05598511096683e-06
2020-12-30,0.0072369164071367014,0.03500477381903955,0.017496241729332507,0.0010644171321418927,0.00142679531536416,0.006821511791413594,2.778132776271036e-06
2020-12-31,0.00013861932633538177,0.0008905623255213158,0.0004388581408920622,0.0020222296199499112,0.005080643097000959,0.00013094222212970725,2.222449413613603e-06
2021-01-04,-0.017562059586226007,-0.08440190340865839,-0.04222608809678852,-0.005181732533346528,-0.01361381394322092,-0.016552560211383398,1.0001187684016699e-05
2021-01-05,0.006257233688036373,0.030394753255192253,0.015191092524792671,0.003798130841121461,0.006887318885249849,0.00589833307485088,2.5002875438939753e-06
2021-01-06,0.001316890317055156,0.006527767901651993,0.003257599848022652,0.0019514665792728092,0.005978472034966931,0.0012415122377003966,2.5002875438939753e-06
2021-01-07,0.012179605852187556,0.0586804652035422,0.029333948498967644,0.006199821587868026,0.014857576305495446,0.011480075921485028,2.5002875438939753e-06
2021-01-08,0.0020254219622107203,0.01001763610084283,0.005002533947617849,0.0010983544384848276,0.005697760318439826,0.0019094682019605068,2.5002875438939753e-06
2021-01-11,-0.012431506861991804,-0.059671585724810905,-0.029855061920602277,-0.0003493166186151475,-0.0067408657652286985,-0.011716902541353349,6.667363058321385e-06
2021-01-12,0.006720200831224727,0.032572973876077604,0.016280063916170207,0.0011122977808182277,0.0002110729605966366,0.006334563221994765,2.222449413613603e-06
2021-01-13,0.003309629011993379,0.016119429949510433,0.008053430871951761,0.000693184667345248,0.002692743492956895,0.003119785661317626,2.5002875438939753e-06
2021-01-14,-0.002432201539668562,-0.011513960713063764,-0.005763264459335282,0.0001670351265044001,-0.0035016801367359074,-0.0022922569539740815,2.5002875438939753e-06
2021-01-15,-0.005384993996492645,-0.025719572384450995,-0.012866070295028953,-0.00019647909462428004,-0.0072927115368643936,-0.005075435585636248,2.5002875438939753e-06
2021-01-19,0.005918714230091465,0.028496223746806937,0.0142229754809442,0.00434795425067791,0.007852209590450965,0.005579388991497664,1.0001187684016699e-05
2021-01-20,0.0036566113564927482,0.01780495898121881,0.00889619538780595,0.0057721751806252275,0.01383857200770966,0.0034468164619403277,2.5002875438939753e-06
2021-01-21,0.0019540369757247017,0.009600473587823455,0.004793813772043132,0.0005690412384671273,0.0009112145562255591,0.0018419899734497182,2.222449413613603e-06
2021-01-22,-0.0029500170058853414,-0.013989213044451665,-0.007000890625029177,-0.0005638567803779582,-0.0035391570591194466,-0.002780353832597918,2.5002875438939753e-06
2021-01-25,-0.00870572958495043,-0.0417358677332722,-0.020887202924833148,0.0010845775983658879,0.0039439540652235205,-0.008205148538999925,6.667363058321385e-06
2021-01-26,0.003633455992494747,0.017714015151026885,0.008850723472709987,-0.0004323893641932086,-0.001561287007923573,0.0034250613979291532,2.5002875438939753e-06
2021-01-27,-0.044791212272548946,-0.21507062552534884,-0.10754187470005738,-0.014435414884516717,-0.02444035004853007,-0.042217830734555616,1.9446183847637855e-06
2021-01-28,-0.0004315189933314467,0.02990367578399855,0.01494541487013068,0.005843944489924757,0.008600593994060102,0.005754655809572368,2.222449413613603e-06
2021-01-29,1.9446183847637855e-06,-0.0617828419053128,-0.03089798289003931,-0.008849817855549391,-0.020019831636127416,-0.012152845156442915,1.9446183847637855e-06
2021-02-01,5.000391706921903e-06,0.05474428812958054,0.027352041520917858,0.010665136480109139,0.016645702806296514,0.01070657003388324,5.000391706921903e-06
2021-02-02,1.9446183847637855e-06,0.08256771071784264,0.04127729342153841,0.007699084724193561,0.014140038442969516,0.016145688054232048,1.9446183847637855e-06
2021-02-03,0.0072010476691662445,0.05047161569280001,0.025229245909017317,0.0021662789059806453,0.0007864973906903661,0.009835154254743949,1.9446183847637855e-06
2021-02-04,0.006631369413690775,0.04385474725216709,0.021920394963460765,0.003920922410325378,0.011365481675500222,0.008547766082169618,1.1111679050213041e-06
2021-02-05,0.0005806171408508735,0.004082041749810639,0.0020340422122824275,0.0017814210815978448,0.00393583059607705,0.0007491617432428163,1.1111679050213041e-06
2021-02-08,0.0008609249452260072,0.005775310080543328,0.0028663023495065776,0.0013252564973711412,0.007221973890623401,0.0011148018500734612,2.5000979217981723e-06
2021-02-09,-0.00043310716392366654,-0.0025853709793781654,-0.0012995252474489183,9.62547285134896e-05,-0.0006660252215500151,-0.0005410281206676812,1.3889776309117252e-06
2021-02-10,-0.002891749556774529,-0.0185063789418648,-0.009260168133555347,-9.143319121085458e-05,-0.00043530715918171925,-0.003661721514620964,1.1111679050213041e-06
2021-02-11,0.00389473697580056,0.024757826911661507,0.012372073698070585,0.000654529003816462,0.0016149529780087324,0.0048171743425174515,1.3889776309117252e-06
2021-02-12,0.0052182561612354,0.033079847081530334,0.01653308378300533,0.0010388660968934094,0.004939674362822721,0.0064456001802267035,1.3889776309117252e-06
2021-02-16,-0.001437731023484168,-0.009013461139983026,-0.004534645216778488,-0.0008792370336559996,-0.0008658182296945593,-0.0017897362777583561,4.44467902860346e-06
2021-02-17,0.0031422703703089033,0.020063569461962194,0.010024806068358316,0.0011781564976531822,0.0002295339955973308,0.003901581733777599,1.1111679050213041e-06
2021-02-18,-0.0012468812741052817,-0.007671563470766474,-0.0038427603980061287,0.00012968486577613625,-0.0042561941904027956,-0.0015432694023612904,1.1111679050213041e-06
2021-02-19,0.005936780626588936,0.03747707707188663,0.01873142097200775,-0.002876709697248958,-0.0017662023663991278,0.007316872247130665,8.333652794512147e-07
2021-02-22,-0.006620387524814092,-0.04177985036562648,-0.020910861168829564,-0.003987959060806845,-0.007691526624131861,-0.008224480145407071,3.3335074194340564e-06
2021-02-23,0.006376161698457192,0.041124200057032434,0.02055498246458054,0.001044502579824913,0.0012144603700365852,0.008016898387045964,8.333652794512147e-07
2021-02-24,0.006082872008154343,0.03957569012686335,0.019780866400808783,0.007072019631617188,0.011019512123367825,0.0077119182851672,1.1111679050213041e-06
2021-02-25,-0.025205005056043474,-0.16184581773036388,-0.08093002642911762,-0.019105225036814555,-0.024095995441123175,-0.03178917405798294,8.333652794512147e-07
2021-02-26,0.006628242257648625,0.050547173419325464,0.02526660804703984,0.0025868729644880073,-0.00515256161792732,0.009815654086245514,1.1111679050213041e-06
2021-03-01,0.011827042560334898,0.06605964722417768,0.03300888762607257,0.015008072265062955,0.024240277053517056,0.01292122767042688,3.3335074194340564e-06
2021-03-02,-0.0010179803141101619,-0.005509531504340082,-0.0027616055099299874,-0.004853435848149901,-0.007803163991611073,-0.0011398099964854808,1.3889776309117252e-06
2021-03-03,-0.0003267422388366073,-0.04309553585330106,-0.021554746589273366,-0.009334105944275417,-0.013246007982330554,-0.008483821491899175,1.1111679050213041e-06
2021-03-04,-0.008437718737643022,-0.04418193415258875,-0.022097806834054268,-0.010333549427999134,-0.012374712899249185,-0.008710670223126524,1.3889776309117252e-06
2021-03-05,0.013413312163412277,0.07127380838500508,0.035629925529879536,0.01583947753365167,0.018396510879885142,0.01393205176689528,1.1111679050213041e-06
2021-03-08,-0.0028827009181617703,-0.015455371240816418,-0.007748621606424422,-0.0037914600030061196,-0.0049787063041655255,-0.0030741475885226826,3.3335074194340564e-06
2021-03-09,0.007445143274263189,0.04003928405229895,0.02001280226838964,0.011115923901669822,0.014277789434951949,0.00781767155142705,1.3889776309117252e-06
2021-03-10,0.0021464352163625693,0.011866946636156728,0.005926633560318528,0.005564246347861568,0.006224473522925766,0.0022801910033174327,1.3889776309117252e-06
2021-03-11,0.004597585040817582,0.025149820863170413,0.012567931768962426,0.006064783568122234,0.010139140327555918,0.004897254583166043,1.1111679050213041e-06
2021-03-12,0.003343752088097698,0.018430999712652607,0.009208521193703412,0.0023884516933265765,0.0013466102202224217,0.0035726290739586347,1.1111679050213041e-06
2021-03-15,0.010817108636443366,0.05882265070883075,0.029390389368399106,0.003142206189481689,0.005963721689420387,0.011512497556329609,3.3335074194340564e-06
2021-03-16,-0.00048286732601009614,-0.0024090867895097956,-0.001211522057377734,2.8390002933642577e-05,-0.0012612750089847635,-0.0005336148034459056,1.1111679050213041e-06
2021-03-17,0.007840889801030168,0.04339934088230635,0.02169241397945476,0.0017270094819918924,0.0034097847582212903,0.008484097428309597,5.555697535353232e-07
2021-03-18,-0.009981466783094967,-0.05531160006728619,-0.02766305649534173,-0.0031127044631176215,-0.014549723262488712,-0.010896101592705567,5.555697535353232e-07
2021-03-19,0.006674783582216926,0.038757228754460415,0.019371219021318664,0.0008576004245359758,-0.0018502178618066134,0.007547389276433617,2.777813272736296e-07
2021-03-22,0.011323186388864438,0.06573523388095381,0.03284543087285763,0.005851303051104262,0.007984917191265373,0.012859318775722448,8.333442131913671e-07
2021-03-23,-0.008108953161722679,-0.04763649049290575,-0.023825362810388606,-0.004104089499272989,-0.007870720461480851,-0.009404225784884541,8.333652794512147e-07
2021-03-24,-0.0009030605197561684,-0.005090868561867579,-0.002552829636845444,-0.0022353602805303963,-0.0050834414726770305,-0.0010500796003622666,2.777813272736296e-07
2021-03-25,0.004632964152470452,0.027454211648821003,0.013719849362711978,0.0037418413648719895,0.005625339348723335,0.005354634759424135,5.555697535353232e-07
2021-03-26,0.006746041535240471,0.03978977529400951,0.01988763118530601,0.006474263387379997,0.01611495229829507,0.007761005823902472,5.555697535353232e-07
2021-03-29,-0.005085379440476601,-0.0238861381793386,-0.011964838474301853,-0.0007689133940963488,-0.0005049849118238248,-0.004718909719086417,1.6667101867540168e-06
2021-03-30,0.008437975465537024,0.04076308847088739,0.020374426671508017,0.0008398866387644421,-0.0026529044001023516,0.007953403418884241,8.333652794512147e-07
2021-03-31,0.002124045232947998,0.010472914842780678,0.005229200959691704,0.0021518684687977796,0.004053586916505925,0.0020022618718763424,5.555697535353232e-07
2021-04-01,0.006182977391991507,0.029897805448867,0.014941785160497822,0.002792825665927756,0.010798985917658932,0.005827877762183081,8.333652794512147e-07
2021-04-05,0.005290017074946844,0.02555234906702908,0.01274714868764626,0.0017494017046171262,0.014352998559281627,0.004986402474854855,2.2222808662153426e-06
2021-04-06,-0.00011585663003965102,-0.0003207670836589127,-0.00016750110576524424,0.00016764927771095728,-0.0005905996704020922,-0.00010901244429490313,8.333652794512147e-07
2021-04-07,0.004838488128707664,0.023416712536699302,0.011701099806651127,0.0005540811100246401,0.0011572340755179322,0.004560555936821678,5.555697535353232e-07
2021-04-08,0.003526093178443865,0.017182606089295005,0.008584046582948979,0.00042347444494605924,0.004746840427249488,0.0033236877659835744,5.555697535353232e-07
2021-04-09,0.0009705619843389567,0.00488519494875117,0.0024352021184641526,0.00036282444878588116,0.007270147834699703,0.0009149185412145533,2.777813272736296e-07
2021-04-12,0.0023175476590083866,0.01124284351039928,0.005599652370567032,0.000148797068697748,0.0003645628617545693,0.0021845316433089534,1.6667101867540168e-06
2021-04-13,0.0015204306830803752,0.007510639649990658,0.0037480633632969163,1.3947649820877928e-05,0.0029635467081112754,0.0014331814094849888,5.555697535353232e-07
2021-04-14,-0.004772672807738324,-0.022747586535504905,-0.01138091083168824,-1.859660704905952e-05,-0.0034150268179790055,-0.004498397399915966,8.333652794512147e-07
2021-04-15,0.006964224177127125,0.03370353183112518,0.016844509453864065,7.438781155721941e-05,0.010742480339587246,0.00656430729017103,5.555697535353232e-07
2021-04-16,0.0032354376456918393,0.015821700297698804,0.007903593687150767,0.0006136537969827494,0.0033423756310286823,0.0030497886183914504,5.555697535353232e-07
2021-04-19,-0.00784346583675808,-0.03755724825778428,-0.018800393513524916,-0.0021232408925973,-0.0049128844885797385,-0.0073926833272058776,1.6667101867540168e-06
2021-04-20,-0.003896967842872093,-0.01845833822391829,-0.009236425573657892,-0.004534872893193098,-0.007321634326086901,-0.003672839763843965,5.555697535353232e-07
2021-04-21,0.010389066179987486,0.05018519529312382,0.02508548008262612,0.005570470426461194,0.009462199247823655,0.009792384115284608,8.333652794512147e-07
2021-04-22,-0.01210618044789943,-0.05783676503188995,-0.028925500079880817,-0.0050279771345645985,-0.009133243985180228,-0.011410389007855378,8.333652794512147e-07
2021-04-23,0.006959275367168964,0.033812424399737084,0.016899094635933087,0.006956001421118518,0.010842351965050234,0.006559875281516476,8.333652794512147e-07
2021-04-26,0.0020062269171144047,0.009861254679911724,0.004909274649190554,0.0013370225251156942,0.002087716891310487,0.0018912988136424917,2.5000979217981723e-06
2021-04-27,0.00477181114156306,0.023166221712303203,0.011575993292215925,0.0003152643584369841,-0.0002156265216531894,0.004497780830858491,8.333652794512147e-07
2021-04-28,0.00027400819819688014,0.001594011372265669,0.0007896103302211799,0.0006581386725992289,-0.000287328069191517,0.0002584125466281212,2.777813272736296e-07
2021-04-29,0.0009487452432537431,0.004772221589186776,0.0023787154386816223,0.0022695482209520446,0.006372680111002005,0.0008942662516482408,2.777813272736296e-07
2021-04-30,-0.008155286620755457,-0.038975233360811656,-0.01949501203631765,-0.002324485193537784,-0.00657030541862369,-0.0076867320571720075,2.777813272736296e-07
2021-05-03,0.006792780287718587,0.0328847455175556,0.01642018669115819,0.0019825002663407254,0.0021567651764662354,0.006402824997755064,8.333442131913671e-07
2021-05-04,-0.0077311590773752594,-0.03686418437506567,-0.018439070850155725,-0.002759838570246531,-0.006169352790029614,-0.007286776184890777,1.1111679050213041e-06
2021-05-05,0.005428821256100206,0.02639339280466957,0.01318943994063626,0.00041257185240151095,0.00031274109430623476,0.005117190772302117,5.555697535353232e-07
2021-05-06,0.0015205613121367938,0.007583367881331071,0.0037844274789666787,0.004476180326121737,0.007985674964379408,0.001433381856776253,5.555697535353232e-07
2021-05-07,0.011992715467844847,0.05786383450510635,0.02892466079085443,0.0032752854342059656,0.007277940074874145,0.01130382398353883,5.555697535353232e-07
2021-05-10,-0.00999267922727471,-0.04772667655219187,-0.02388510766072849,-0.0035496700921902047,-0.009902546833752357,-0.009418214582672816,1.6667101867540168e-06
2021-05-11,-0.015860450949011184,-0.07589846320508986,-0.037956488064243454,-0.004891261714802475,-0.008924699439648576,-0.014948988101212243,5.555697535353232e-07
2021-05-12,-0.035974916454507656,-0.17253564765123286,-0.08627521918152814,-0.016099938326849306,-0.021245076171623967,-0.033907806884198824,2.777813272736296e-07
2021-05-13,0.017159086478761586,0.09630914475805352,0.048147315917328015,0.010759681592602544,0.012012373979713331,0.01877041390569994,5.555697535353232e-07
2021-05-14,0.019594727434154604,0.1189815121149227,0.059483499595762934,0.011750223813786986,0.015355277646795784,0.023247682894108616,5.555697535353232e-07
2021-05-17,-0.005387949765538558,-0.03559900995036813,-0.01782169104280351,-0.00011982450318925864,-0.002544330474906431,-0.007067074431791912,8.333442131913671e-07
2021-05-18,-0.0021803794578343,-0.014289524317576241,-0.007152018620486755,-0.005212990532729833,-0.008615806583701535,-0.0028578208043310346,5.555697535353232e-07
2021-05-19,-0.0068115255231091815,-0.04501976361811011,-0.022517138270753634,-0.001598502504320476,-0.002621538951146807,-0.008874357592413411,5.555697535353232e-07
2021-05-20,0.007927940933272261,0.05349551556821175,0.02674036242819411,0.009731671322894542,0.010757585409770565,0.010430615413314227,2.777813272736296e-07
2021-05-21,0.0017360726443225447,0.01200002054764826,0.0059926149179128085,0.003226414313881376,-0.0008185533487063967,0.0022864119259279145,2.777813272736296e-07
2021-05-24,0.007123565097049208,0.04716852062118515,0.023562074242973186,0.006656557373294181,0.010194197463278876,0.0092192269678462,8.333442131913671e-07
2021-05-25,-1.49678621112258e-06,0.0003102301465698343,0.0001478586115861713,-0.0007509079159347953,-0.002218751679537001,-6.016602616216806e-06,5.555697535353232e-07
2021-05-26,0.00743291528375796,0.0495286160113142,0.024757051543958575,0.00207224152772012,0.00198474922371239,0.009671862430000682,5.555697535353232e-07
2021-05-27,0.007632199762435631,0.051569254298520883,0.025777370687561696,0.0013453077846052874,0.0005249633430768341,0.010040091840003342,5.555697535353232e-07
2021-05-28,-0.0033434910964683672,-0.022422779890607147,-0.011218646407002097,0.0010439360929557218,0.0017886695923037266,-0.0044728167456166545,5.555697535353232e-07
2021-06-01,-0.003455125241118601,-0.023441721624782863,-0.011750442235806902,-0.00023124008161423681,-0.0008808150032832973,-0.004631791584575623,1.111125771835475e-06
2021-06-02,0.0034582478760260935,0.02375851478244928,0.011872000929526116,0.0017278989927393962,0.0015725602017222506,0.00460284418565369,5.555697535353232e-07
2021-06-03,-0.002633510415198561,-0.017546007122405283,-0.008780260022901332,-0.001589098152843249,-0.00371138730943521,-0.003497945016092782,5.555697535353232e-07
2021-06-04,0.00790705156950139,0.053418356214995244,0.026701921645799098,0.0042035287875969995,0.009145879068871654,0.010422548697030553,5.555697535353232e-07
2021-06-07,0.002900512603529999,0.020008570850944762,0.009982516040839773,0.0007947402644319368,-0.0009701298842589301,0.003862040494719563,1.6667101867540168e-06
2021-06-08,-0.0018852930853075858,-0.012553285653144064,-0.006283899288270556,-0.00017596736933311874,0.0002131317801574717,-0.002519297029220763,5.555697535353232e-07
2021-06-09,-0.0024881595246223354,-0.016452949355497015,-0.008233731139447142,-0.0006047122427150775,-0.0014919156277539702,-0.0032784554133883795,5.555697535353232e-07
2021-06-10,0.008587436192341058,0.057007031627926086,0.028496398250027477,0.002623510446629007,0.004648329227758374,0.01112578414758207,8.333652794512147e-07
2021-06-11,0.004460418857758703,0.02910779037139144,0.014546777621759821,0.0006980724193836885,0.0016525915615730469,0.005626520788352119,8.333652794512147e-07
2021-06-14,-0.00234992841396828,-0.010405085023439176,-0.005223895202484674,0.0004950606449292128,0.0022392407200027,-0.0020897031938260156,2.5000979217981723e-06
2021-06-15,-0.005524453010862534,-0.026285007911500013,-0.013149621519685684,-0.00017093632621856258,-0.0018343731126031493,-0.005206968853984637,8.333652794512147e-07
2021-06-16,-0.0006823535216674,-0.0030262625734437387,-0.0015202488506574907,-0.0008503286587752124,-0.005583480695600995,-0.0006429429961342255,8.333652794512147e-07
2021-06-17,0.0011166900524031713,0.005546085784340793,0.0027660642295475046,0.0016210520627886194,-0.0003315060949741211,0.0010526192236887865,1.1111679050213041e-06
2021-06-18,-0.018968049884683612,-0.09097526047978688,-0.04549460890251644,-0.001978079285014256,-0.013490569605978497,-0.017878262437475423,1.1111679050213041e-06
2021-06-21,0.013279986344652711,0.06417043661111,0.03206469903516962,0.008171244785988963,0.014315878494981282,0.012517905106328041,4.166938680771892e-06
2021-06-22,0.010437918728937874,0.050530275431897476,0.02525829795818879,0.002676353368005424,0.005346370367512732,0.009838710023946002,1.3889776309117252e-06
2021-06-23,0.00399467605746002,0.019534541481611045,0.009760292078182742,0.0003965937498606742,-0.0012053169175049172,0.00376554238655125,1.1111679050213041e-06
2021-06-24,0.0031432689766433776,0.015347958678522566,0.0076671395815013366,0.0015322939866369012,0.00591558130173464,0.0029628911023673117,1.3889776309117252e-06
2021-06-25,0.004360727818823763,0.021189252500963596,0.01058778649272174,0.001383181227873509,0.0035522074861240593,0.0041103848859457785,1.3889776309117252e-06
2021-06-28,0.00020814752807934124,0.0011661072861093302,0.0005629510991822517,0.0006750904932157908,0.0020156547394434288,0.0001966082530559858,5.000391706921903e-06
2021-06-29,-0.004773859467719919,-0.022756615029619454,-0.011385147272569451,0.00011983648976721106,0.0005383155058755751,-0.004499518879685453,1.3889776309117252e-06
2021-06-30,0.002320357873101302,0.011404187409661537,0.005695115042207766,0.0003639042488039479,0.000841784727503958,0.0021872664048550095,1.1111679050213041e-06
2021-07-01,0.003568737218258353,0.0173683414413488,0.008677330962914453,0.0009227384036625264,0.005536393830982478,0.0033638683503149445,1.3889776309117252e-06
2021-07-02,0.0002111156978066656,0.001252958035516727,0.0006196392599984168,0.0007578980959472847,0.007643528522278009,0.00019917435971460922,1.3889776309117252e-06
2021-07-06,-0.004886487545460274,-0.023426829771780233,-0.01174077391114181,-2.2143980158872978e-05,-0.0018214824897684334,-0.004605437191383088,5.555922099498289e-06
2021-07-07,-0.0008846908084700505,-0.004003230798964363,-0.0020084551572422393,0.00044288941051418007,0.003534310026242826,-0.0008336398795570842,1.3889776309117252e-06
2021-07-08,-0.013238154391646897,-0.0634385335113744,-0.03172610651344698,-0.001053610164239327,-0.008148239339895391,-0.01247753456394022,1.3889776309117252e-06
2021-07-09,0.013635726491311975,0.06589624659526683,0.032941422448286906,0.0014269760516192331,0.010674870653665458,0.012852886440528045,1.6667944573445226e-06
2021-07-12,0.0012948849599729308,0.0065132520055954934,0.0032365234589251113,0.00038057475638786364,0.003581836166601793,0.0012211483829465168,5.000391706921903e-06
2021-07-13,-0.0024601873296236426,-0.011630113111268381,-0.005821896313394137,-5.308325223385424e-05,-0.003408936702922638,-0.002318733159905325,1.3889776309117252e-06
2021-07-14,0.004953836927413505,0.024015443970435202,0.012000882227457765,0.0001415628539072067,0.001492110548138026,0.004669396362877918,1.3889776309117252e-06
2021-07-15,-0.0028127864597230472,-0.013271719171439877,-0.006642560435066613,-0.0004423213021939043,-0.0034154259629249895,-0.0026509596619097332,1.6667944573445226e-06
2021-07-16,-0.009169202264803673,-0.04385873003310048,-0.02193620477431013,-0.0023541906363395704,-0.007843520800068449,-0.00864228475825752,1.3889776309117252e-06
2021-07-19,-0.031819624289305966,-0.15273487136584174,-0.07638795495330641,-0.009239381143323455,-0.014767913277553335,-0.02999115184396255,4.166938680771892e-06
2021-07-20,0.017252990956103487,0.09337947487373222,0.04668289767910627,0.009159895238734839,0.014330175021204816,0.018201285684440575,1.3889776309117252e-06
2021-07-21,0.011746801737263224,0.06405503250516653,0.03202067649482321,0.005230445719152987,0.008096481027958902,0.012471190225089239,1.3889776309117252e-06
2021-07-22,-0.004154337874553066,-0.022108529229552643,-0.011061104372536268,0.0011165541286022318,0.002094150051602295,-0.004411603960911781,1.3889776309117252e-06
2021-07-23,0.0017625687312735766,0.009582254460642092,0.0047842874725607665,0.0039057850583885667,0.010287856731467926,0.001827627912855086,1.3889776309117252e-06
2021-07-26,0.0015906376349698254,0.008575859002118769,0.004267410230673674,0.0010802313275868336,0.002454871078346521,0.0016538688745643868,4.166938680771892e-06
2021-07-27,-0.005162776697409805,-0.02707348340643234,-0.013543581460976006,-0.0016800087728917612,-0.004557339746256495,-0.005353568692259431,1.3889776309117252e-06
2021-07-28,0.004913147797790334,0.026261284752884917,0.013123802618682623,0.0007205877183731335,-0.00041023548724861136,0.005096617426778525,1.3889776309117252e-06
2021-07-29,0.0031759311111694386,0.017196967358404036,0.008591643921442405,0.0020065333075749425,0.0041475254893088565,0.0033183760223884384,1.3889776309117252e-06
2021-07-30,-0.005136933399503862,-0.027128775790874138,-0.013571088744783744,-0.0016081467751618561,-0.004856443105027419,-0.0053691678999111215,1.6667944573445226e-06
2021-08-02,-0.0070223871232815835,-0.0374150262810794,-0.01872761568441239,-0.00033794756107197177,-0.0020981547987080074,-0.00737285905368158,5.000391706921903e-06
2021-08-03,0.009342012761369974,0.05065998508569303,0.02532315278508679,0.0037494127822486067,0.008135513345812972,0.009877396126128913,1.3889776309117252e-06
2021-08-04,0.00033352904450261345,0.002122919343606977,0.001054619914043764,-0.0010628851865297495,-0.0049189059079404185,0.0003496818931102263,1.3889776309117252e-06
2021-08-05,0.004273325591320039,0.023799726433706647,0.011893023459093266,0.0021280322269898733,0.006332837989660778,0.004627729073997523,1.3889776309117252e-06
2021-08-06,0.004931751102325173,0.027630574351705572,0.013808447418093062,0.0014549998689188381,0.0016525116665753181,0.005365401988137341,1.3889776309117252e-06
2021-08-09,0.0012267404152424715,0.006859703345270418,0.0034097491287625736,0.0003708567663909257,-0.0008137224978440605,0.0013061953549263613,5.000391706921903e-06
2021-08-10,0.0035418915915480377,0.018578588594100776,0.00928259344770388,0.00037944208928664125,0.0012440844170948928,0.003599096449534585,1.6667944573445226e-06
2021-08-11,0.005758191514831808,0.030018418146858572,0.01500236931566934,0.0009591447916257323,0.0024847814162840542,0.005834464319552678,1.3889776309117252e-06
2021-08-12,0.003484693238831241,0.01840450166818286,0.009195411076331483,0.0004834684286405544,0.002997374890558957,0.0035485828144382102,1.3889776309117252e-06
2021-08-13,-0.0002542054734460723,-0.0010393305612763637,-0.000526366129984801,0.0004527605332125262,0.0018196570170081472,-0.00025758295239451364,1.6667944573445226e-06
2021-08-16,-0.0011658816347425761,-0.0058990368176551344,-0.002969620952700147,0.00015665387326713187,0.0023544894332789834,-0.0011823256353732812,5.000391706921903e-06
2021-08-17,-0.005883155783208943,-0.029439643537750304,-0.014726522618221716,-0.00023494400501211654,-0.006555114739773438,-0.005818139722937471,1.6667944573445226e-06
2021-08-18,-0.015904534196517064,-0.07619383432739724,-0.03810347910108147,-0.0014752728602017706,-0.010945137494622337,-0.015000353770386695,1.9446183847637855e-06
2021-08-19,-0.006014009214123766,-0.028499508243196137,-0.014256316058981255,0.0016910075877427655,0.001548334202877033,-0.005667957471251761,1.9446183847637855e-06
2021-08-20,0.016025559308681978,0.07729802070835756,0.03864230950483205,0.0021580511405909775,0.00795697263549755,0.015105171604387553,1.6667944573445226e-06
2021-08-23,0.006419895317646043,0.031209070877539213,0.015584016168383785,0.00479306048199768,0.008796800046778408,0.00605171983522993,4.166938680771892e-06
2021-08-24,0.0008803677371732163,0.004540950975366664,0.0022636357299237186,0.0007172578282643727,0.0015872541907666626,0.0008300449439165292,1.3889776309117252e-06
2021-08-25,0.004711964160937483,0.02287794097887974,0.011432130731680035,0.0010967042741243382,0.0020983467509054776,0.004441373680139907,1.3889776309117252e-06
2021-08-26,-0.008621630813163937,-0.041152064326057,-0.02058273301237523,-0.0026050539772359826,-0.0059030557479142765,-0.008126106892712245,1.6667944573445226e-06
2021-08-27,0.010335118253130026,0.0500102741778472,0.024998297331163988,0.004211837251840933,0.008940904023436058,0.009741713885462116,1.3889776309117252e-06
2021-08-30,0.0019736624324511918,0.009774035764142042,0.0048664986116855324,0.001494227630723266,0.004397539808789208,0.0018607931909644813,4.166938680771892e-06
2021-08-31,0.0008383530341559708,0.004281668094334723,0.002133994289407415,-0.00027088152587984027,-0.0014815050724973355,0.0007903280165325376,1.3889776309117252e-06
2021-09-01,0.00517996377488127,0.02513318765127126,0.012559615163012516,0.0004902993836850555,0.0005314162623959451,0.004882470330127656,1.1111679050213041e-06
2021-09-02,0.00047498807405122357,0.0025870518441681867,0.0012866861643241467,0.00046426652337450136,0.0030766794205965287,0.00044792616184930714,1.3889776309117252e-06
2021-09-03,-0.0023872157949796427,-0.011240230095510895,-0.0056269548055154495,0.0005929541577687214,-0.00024275896100900418,-0.0022499776866381433,1.3889776309117252e-06
2021-09-07,-0.0040620998088388574,-0.01939612774475541,-0.009725422897629343,-0.00018465158821834304,-0.00357551355156549,-0.003828351954102648,5.555922099498289e-06
2021-09-08,-0.00012100734600795654,-0.0003096662650051707,-0.00016167289026247644,0.00030494614049847435,-0.0012183736017505886,-0.00011386255007294347,1.3889776309117252e-06
2021-09-09,-0.004729260268020711,-0.022516053487530496,-0.01126486650152514,-0.0009016784099544761,-0.004279962916376778,-0.004457488209175438,1.3889776309117252e-06
2021-09-10,-0.008693279362244214,-0.041512220606329975,-0.020763088965787824,-0.0027676426474823046,-0.007884797718350933,-0.008193672637146283,1.1111679050213041e-06
2021-09-13,0.00821052585793513,0.03969286960630747,0.019825915532768024,0.0028615139304877246,0.0025593309467408787,0.007739322371186601,4.166938680771892e-06
2021-09-14,-0.002408934397489529,-0.011263863347133252,-0.0056386325229131895,-0.0002965076554839463,-0.005396878357015189,-0.0022702435097100063,1.6667944573445226e-06
2021-09-15,0.00692933909169435,0.0334791175615099,0.016732580118131946,0.002897180192572124,0.008353106929525955,0.0065313841191828575,1.1111679050213041e-06
2021-09-16,0.0027577801794252095,0.01350104608313929,0.006743544378946975,0.0004971840523930737,-0.0015852762181745028,0.0025995938934078385,1.1111679050213041e-06
2021-09-17,-0.013608174707236638,-0.06521197419245106,-0.03261296575884853,-0.0005997515315083746,-0.009741237490573651,-0.012826265792852452,1.1111679050213041e-06
2021-09-20,-0.023008753763612274,-0.11035755281874893,-0.05519971239539068,-0.010510523382913917,-0.016674278028229073,-0.021686393784365144,3.3335074194340564e-06
2021-09-21,0.008070840902872104,0.0391991817447066,0.019592612209730298,0.00011696514438686023,-0.0009444875275625986,0.007607881036242279,1.1111679050213041e-06
2021-09-22,0.011069680166503114,0.05343528545553178,0.02671052516382999,0.007913715807939647,0.009754935481773863,0.010433981932620332,8.333652794512147e-07
2021-09-23,0.012630681409087983,0.06099372946166093,0.030489747166894787,0.007533563680745203,0.012149754872190055,0.01190538666773108,8.333652794512147e-07
2021-09-24,0.007019658205650295,0.03406468149758246,0.017025223184855554,0.0018383842692317742,0.0016473313526581546,0.006616755891339579,8.333652794512147e-07
2021-09-27,-0.002170651699709661,-0.010258311909447593,-0.005150508645488827,-0.0004725897920605515,-0.002860944204935989,-0.0020456222745032886,2.5000979217981723e-06
2021-09-28,-0.021960069008720946,-0.10536061252445938,-0.05268728492485253,-0.014184397163120699,-0.02015188530524714,-0.020698370921187707,1.1111679050213041e-06
2021-09-29,-0.0038364727280053106,-0.01838016191007652,-0.009197059617661152,0.0018752565515156583,0.0016831864538622288,-0.0036848913619475384,1.1111679050213041e-06
2021-09-30,0.000929510758996955,0.004742334857895658,0.0023641887663248262,-0.009712380697721512,-0.012222213126395043,0.0008953647254668563,1.1111679050213041e-06
2021-10-01,0.005915469591236228,0.029199281067901373,0.014592661871327905,0.010613325668395568,0.011884175215247872,0.0056985894399365685,1.1111679050213041e-06
2021-10-04,-0.005258780668655531,-0.0257879193301932,-0.012914895651112923,-0.010174355968869397,-0.012896112764513523,-0.005082400855336474,3.3335074194340564e-06
2021-10-05,0.006770061092303368,0.033691944068234614,0.016838993371494526,0.009064272746666324,0.010404922601927158,0.0065687067050383225,1.1111679050213041e-06
2021-10-06,0.003803705657127743,0.019319393341837188,0.009652718008295702,0.004038399309675311,0.004156130750530895,0.0037445521477059702,1.1111679050213041e-06
2021-10-07,0.006841392265430977,0.03468867698832323,0.017337359831538945,0.0070473677651679,0.008645632382363377,0.006765385894775413,1.1111679050213041e-06
2021-10-08,0.0040194199957565265,0.020769721617492687,0.010378021050986508,0.00010667759045190905,-0.0018236324225882061,0.004026042551848354,1.3889776309117252e-06
2021-10-11,-0.002821615518309355,-0.01429597743642852,-0.007168507988599915,-0.005623442673311385,-0.00723989588308982,-0.0028270337758812725,4.166938680771892e-06
2021-10-12,0.003796148691413556,0.01920004616306059,0.009593183323770349,-0.001900814389551031,-0.002461348105074923,0.003729472613563468,1.3889776309117252e-06
2021-10-13,0.003657203708651872,0.018356576572762018,0.00917158743703439,0.0036240139285943496,0.0035975545658581964,0.0035607864974503424,1.6667944573445226e-06
2021-10-14,0.011333019431019074,0.056417675489502495,0.02820199798699119,0.015356081179484171,0.01682060354673509,0.011024288097744174,1.3889776309117252e-06
2021-10-15,-0.00037234723301154737,-0.0016085157782742554,-0.0008110976468970188,0.0026029032707146627,0.00761583915215569,-0.0003796223249138953,1.3889776309117252e-06
2021-10-18,0.004083845834983222,0.020750172595834115,0.010354567027531347,0.0017798535723301256,0.0029605518323427837,0.0040543387389308065,4.166938680771892e-06
2021-10-19,0.0019070164195678946,0.00951514860560465,0.004750873453455595,0.003192164077233439,0.007714653617284073,0.0018223819114110457,1.6667944573445226e-06
2021-10-20,0.002213583677993699,0.01088166803442614,0.005433994259453234,0.0013356053976880666,0.003927751726876316,0.002086552503461948,1.3889776309117252e-06
2021-10-21,0.006449219759043398,0.031246550959864727,0.015616435722172417,0.0011665732850536514,0.0026084248509388175,0.0060788657844650295,1.3889776309117252e-06
2021-10-22,-0.004571616373174351,-0.021656059919880732,-0.010834730809287207,-0.00041763941847883235,-0.0010362818787418293,-0.004308705492908317,1.6667944573445226e-06
2021-10-25,0.005928654595890735,0.02869122725407003,0.014325511083162601,0.001959547256842775,0.0053627015405606215,0.0055884852107301215,5.000391706921903e-06
2021-10-26,-0.0040301309160113066,-0.019061658388627056,-0.009537530043660203,-0.00021266836245348308,0.0009002491818683733,-0.003798341485917319,1.6667944573445226e-06
2021-10-27,-0.004804109247270852,-0.022818987451870498,-0.01141619457528198,-0.0015974374267493374,-0.004430145455297518,-0.004527907832083758,1.6667944573445226e-06
2021-10-28,0.006443577212129393,0.031247570972368965,0.015617084636837752,0.002790588864380661,0.009648764612106175,0.006073638640888464,1.6667944573445226e-06
2021-10-29,-0.0017347408366657224,-0.008029675826058513,-0.004021538762375876,0.00031660862175253435,0.0020289624782900972,-0.0016348079338322284,1.6667944573445226e-06
2021-11-01,0.00342014153961796,0.016588909673565633,0.008273935566396995,0.00106196901549227,0.0017204155313275127,0.0032239462658301852,4.166938680771892e-06
2021-11-02,0.005326003733680933,0.025864270824533353,0.01292529565450673,0.0009027561102443737,0.004042894886364223,0.005020210651595796,1.3889776309117252e-06
2021-11-03,0.007250171186705048,0.035148977063587106,0.017567648774033495,0.0011721087982974332,0.006105194823084137,0.00683389445188515,1.3889776309117252e-06
2021-11-04,-0.0036342537056785556,-0.01713136427477835,-0.008572521895148899,0.0004691249366890471,0.004712789652996374,-0.0034251836597777832,1.3889776309117252e-06
2021-11-05,-0.0073681476909901655,-0.03514099799245318,-0.01757747765884954,0.00021577927440064038,0.003469427188465657,-0.006944688195902353,1.1111679050213041e-06
2021-11-08,-0.00023383934096058353,-0.0008918197219476287,-0.0004664291313595248,0.0003775322665628966,0.0008537204145380173,-0.00021994894323106734,4.166938680771892e-06
2021-11-09,-0.0037143371980403734,-0.01764312630298215,-0.008828264000837804,-7.879567038526769e-05,-0.003305301277971462,-0.003500852377602089,1.6667944573445226e-06
2021-11-10,-0.0030242132903975606,-0.014279968663780673,-0.0071469629945132285,-0.00029861764913263755,-0.008044814607500061,-0.0028503095887103314,1.1111679050213041e-06
2021-11-11,0.0031640541517500933,0.015447555862128537,0.007716938173304211,0.0006264546401206772,0.0003234564630838488,0.0029824457132931114,1.3889776309117252e-06
2021-11-12,0.00791855752401049,0.0383064560467441,0.01914638826561199,0.0005846013516315196,0.007546776619436368,0.007463814543082587,1.3889776309117252e-06
2021-11-15,0.002413484154356951,0.011839866690089407,0.005899414074659104,0.00017403483182842905,0.00034257659355541037,0.0022752871615573655,4.166938680771892e-06
2021-11-16,-0.001060028206194913,-0.004849866988167917,-0.0024317732518439605,8.285930903628724e-06,0.003957687222995165,-0.0009989821046206447,1.3889776309117252e-06
2021-11-17,-0.0028825574330596667,-0.013674438022279412,-0.006844058768899708,4.971517348528742e-05,-0.002428995595198824,-0.0027168500147853073,1.3889776309117252e-06
2021-11-18,-0.002345469028546154,-0.011071105942320858,-0.005542392728920209,3.728452650730851e-05,0.003396188883219242,-0.0022105658203314684,1.3889776309117252e-06
2021-11-19,-0.0029005483924723964,-0.01375003272311004,-0.006881856119315022,-0.0011723475119720383,-0.0017883092020993807,-0.0027337728724100892,1.3889776309117252e-06
2021-11-22,-0.003536063692197795,-0.016885381235709374,-0.008463209888240342,-0.0013893900370365309,-0.0028148569277344215,-0.0033326050597927287,4.166938680771892e-06
2021-11-23,0.00541456779966824,0.02622225686861679,0.013104288676548448,0.0014079359409913117,0.0013258819697079538,0.00510368260823091,1.3889776309117252e-06
2021-11-24,0.0020683458117312795,0.010170523457226022,0.005078560879266281,0.0014059564443817951,0.002669787144601088,0.0019497595172040007,1.6667944573445226e-06
2021-11-26,-0.057696908444755446,-0.2771485979512821,-0.13858770067294512,-0.01642535285932012,-0.022303067692666767,-0.05438204958008458,3.3335916931331866e-06
2021-11-29,0.021773939493781216,0.15071551051086174,0.07533765271155834,0.011078361194155617,0.012266582115961988,0.029402130514716764,5.000391706921903e-06
2021-11-30,-0.018428484218840267,-0.14228481918118718,-0.07114911043994021,-0.013555665685217155,-0.01945767760760575,-0.02799890156893574,1.6667944573445226e-06
2021-12-01,-0.008805208215627134,-0.0730558565681737,-0.036534768041846855,-0.01168593213040281,-0.011107435260523935,-0.014412780599198705,1.3889776309117252e-06
2021-12-02,-0.00024370232026645576,0.05534897037740216,0.027667784339354462,0.013618228263376997,0.015316453340017855,0.010801657815481338,1.6667944573445226e-06
2021-12-03,-0.010391567365295182,-0.08708563139070968,-0.04354965545311473,-0.0065954165016056665,-0.008701141857231809,-0.017124843966978782,1.3889776309117252e-06
2021-12-06,-0.00023911991969267516,0.08437389584891086,0.04216684538058302,0.011220892495789503,0.011843271220906448,0.0165055363451397,5.000391706921903e-06
2021-12-07,0.011818956781202558,0.10815151788485133,0.05406905809307894,0.015069263233850494,0.0206848833506994,0.021146836496609114,1.6667944573445226e-06
2021-12-08,0.00633068799404532,0.05969814842640231,0.029842373363854424,0.0028310698550988445,0.0026478132460061587,0.011625881468602411,1.6667944573445226e-06
2021-12-09,-0.0002155646766315173,-0.02775273567446257,-0.01388292977461425,-0.0037544870447528966,-0.006751567285927518,-0.005500975335489536,1.9446183847637855e-06
2021-12-10,0.006398586513978406,0.06338244661068382,0.03168452245599518,0.006680952459748646,0.00941341343022195,0.012388281254529631,1.6667944573445226e-06
2021-12-13,-0.004187251858397719,-0.040249611316778955,-0.02014490820226189,-0.004170998615146138,-0.00885817814129708,-0.007938312432217069,5.000391706921903e-06
2021-12-14,-0.0019318231100864623,-0.01846260702572955,-0.009238143270624777,-0.004683657131538732,-0.006879992592713768,-0.003669274279899781,1.3889776309117252e-06
2021-12-15,0.007454327445036531,0.07193631300516512,0.035961316744822724,0.011243920944290497,0.015624896574578218,0.014070918622600992,1.3889776309117252e-06
2021-12-16,-0.004454759526183984,-0.0433483086724602,-0.02168085518557683,-0.003853896330188733,-0.008818449270828532,-0.00856766608844883,1.6667944573445226e-06
2021-12-17,-0.00337742340069267,-0.03296921552556986,-0.01649144752054499,-0.00795986319242381,-0.010643088760048824,-0.006515622606338819,1.3889776309117252e-06
2021-12-20,-0.003585509398258309,-0.03521817572044905,-0.017629607130610125,-0.005779243678303958,-0.010633356912894576,-0.00693285463807936,4.166938680771892e-06
2021-12-21,0.004869384160320008,0.04828415825515431,0.024135517190194244,0.01033207868403685,0.017759111900763846,0.009426815661077894,1.9446183847637855e-06
2021-12-22,0.005875469707774422,0.05880296277228081,0.029394919448757495,0.006154024070907704,0.009998653252367484,0.011467912087662784,1.9446183847637855e-06
2021-12-23,-0.0002128475561773121,0.006765009438193248,0.0033760816972283614,0.0030417720271911364,0.006222141145135307,0.0012549124664689875,2.222449413613603e-06
2021-12-27,0.002556471583616943,0.02804411386018546,0.013996364857436161,0.004604070407491001,0.014152164877111462,0.005482370310561712,8.889827289859653e-06
2021-12-28,0.0021212335891786427,0.021626178876225532,0.010806388588765925,0.00020776131077027138,-0.0008173206855847104,0.004183117096803001,1.6667944573445226e-06
2021-12-29,0.0031903939259770855,0.02491889379533352,0.01245274604832014,0.0009326952448833747,0.001279314179053026,0.004831346108570833,1.6667944573445226e-06
2021-12-30,0.0003578234797187955,0.002953769499280945,0.0014700449918805258,-0.0004231874150573134,-0.0027645492422140316,0.000520871208388228,1.3889776309117252e-06
2021-12-31,0.0016226343525040604,0.009899043621254933,0.00494268205286752,-0.00017097496438023274,-0.002520243445082948,0.0018954307161753233,1.3889776309117252e-06
2022-01-03,0.00645226468694478,0.03476774932605786,0.017363772119156407,0.0020601934790398513,0.005789888065267368,0.006785328786015081,5.000391706921903e-06
2022-01-04,0.00024813617238188035,0.0016673152722510576,0.0008273735333221843,7.719999674948852e-05,-0.00033473347850698776,0.00026186001839302917,2.5002875438939753e-06
2022-01-05,-0.01668428774569455,-0.07975278843149369,-0.03988281723761533,-0.005813929867185652,-0.019202215127993028,-0.01568578766658244,2.222449413613603e-06
2022-01-06,-0.0016156991156137948,-0.007478537119041229,-0.0037455526623240143,0.00023702299123007364,-0.0009394434202099067,-0.0015501065168569289,2.5002875438939753e-06
2022-01-07,0.006371522367959014,0.03086761023838802,0.015427659939006633,0.00010214087269155847,-0.003953499925825832,0.006009524026019574,2.778132776271036e-06
2022-01-10,0.0035708313477441564,0.0173651123467371,0.0086641206443836,0.0005760156872358646,-0.0012442354875410455,0.003366333420013563,8.334421482736332e-06
2022-01-11,0.0075689486178422746,0.036640735470824914,0.018314639344381378,0.0031601381641801485,0.009108147888628793,0.00713442572543001,3.6117110888689297e-06
2022-01-12,0.0009371851481163676,0.004830540172130471,0.0024094027617642677,0.0017094017094017033,0.0027035869871498974,0.0008837348406522106,3.3338445484254464e-06
2022-01-13,-0.012613951864730232,-0.06039436824994504,-0.0302030514492736,-0.005082886396879482,-0.013778659117402392,-0.011889076994924344,3.3338445484254464e-06
2022-01-14,0.0036457955204393846,0.017896387269934477,0.008942326310666049,0.002017405224834512,0.00040918523562227804,0.0034368957387802745,3.3338445484254464e-06
2022-01-18,-0.016579337937419704,-0.07958517239607643,-0.039815499723028114,-0.009993356781584861,-0.017709718211454284,-0.0156259558468317,1.4446922622646241e-05
2022-01-19,-0.006099154670192694,-0.028952159428795587,-0.01448125233682851,-0.008603974295112282,-0.010383447511131516,-0.00574806255834054,4.723248289373316e-06
2022-01-20,-0.007646193456407908,-0.036525409667124586,-0.018267877455992898,-0.011369440372725026,-0.011068260088457738,-0.007206515485845072,4.723248289373316e-06
2022-01-21,-0.01906103701506764,-0.09138168608973574,-0.04569587671626785,-0.012684651991112239,-0.019630436244531646,-0.01796554909435241,5.001150350958383e-06
2022-01-24,-0.00040008200507479183,-0.027162726956633465,-0.013596881312145093,0.001846313541475908,0.004246580345837581,-0.0053690981195271496,1.4169811795472498e-05
2022-01-25,5.556975789966501e-06,-0.00480015029492642,-0.002404830906143629,-0.005201764778319906,-0.01220906547080769,-0.0009761825042824328,5.556975789966501e-06
2022-01-26,5.556975789966501e-06,-0.015928984946084412,-0.007969248231722625,-0.0025781996994945766,-0.0025086039855678477,-0.0031492369817248704,5.556975789966501e-06
2022-01-27,5.2790595175267185e-06,-0.008745690596999256,-0.004377740015316323,-0.0018872930824930245,-0.004938145266549232,-0.001744693551596597,5.2790595175267185e-06
2022-01-28,5.556975789966501e-06,0.06170326819537264,0.0308468783390059,0.01686339917762525,0.02483550001353385,0.012074935927653152,5.556975789966501e-06
2022-01-31,1.5837262158369114e-05,0.06724737250140511,0.033609002142055644,0.011072693540226108,0.018011006979895994,0.013157999687259083,1.5837262158369114e-05
2022-02-01,6.668711942880989e-06,0.07531524157910496,0.03765342089894852,0.0050545069353507,0.006757108333429684,0.014710607358481478,6.668711942880989e-06
2022-02-02,5.556975789966501e-06,0.021279599807209948,0.010635044144924555,0.003481356691756643,0.00971395715099943,0.004104988926906009,5.556975789966501e-06
2022-02-03,5.556975789966501e-06,-0.13126854009509992,-0.06563902580623038,-0.010325136352171027,-0.023505017701064723,-0.025784700579748233,5.556975789966501e-06
2022-02-04,5.83489916827773e-06,0.04388825474838165,0.02193951057719956,0.004428845993147856,0.004702202231170904,0.008517743324499052,5.83489916827773e-06
2022-02-07,0.003953242506586386,0.024511124030150322,0.012242545487478607,0.0005116472545756423,-0.0032092600136840455,0.004783700906774859,1.9172424259306098e-05
2022-02-08,-0.00036188722675626863,0.04902926064672264,0.024510986357693332,0.004407062942005435,0.00822803333988098,0.009576034227425131,7.780561814829667e-06
2022-02-09,0.005882357840985149,0.03648190043055899,0.01823716726304636,0.004847195373846702,0.01463599183817732,0.007100057319358361,7.5025886843160805e-06
2022-02-10,-0.01640451117195323,-0.09577493510402713,-0.047891250504246696,-0.006245005231633627,-0.01796567312256081,-0.018830793443389053,7.5025886843160805e-06
2022-02-11,-0.0003322700857341453,-0.12980351219883846,-0.06490359291621983,-0.010533166416567985,-0.0197186726955052,-0.025521935929874888,1.1394859549485048e-05
2022-02-14,3.0848236992842004e-05,-0.003840795661918195,-0.0019275764521888838,0.00015500823219416482,-0.003269371593251136,-0.0007983766963211754,3.0848236992842004e-05
2022-02-15,1.2507192985067306e-05,0.0805075348642812,0.04025248678205773,0.012285640084780614,0.01612682117358677,0.015769170856855013,1.2507192985067306e-05
2022-02-16,0.0057332560274834556,0.04209446304300046,0.02104539470469957,0.0030662026673065057,0.0011208372299882363,0.008190984454208955,1.1394859549485048e-05
2022-02-17,-0.01815140768477822,-0.12398615146747094,-0.06199519061255354,-0.016006072406851146,-0.02136146835505337,-0.02436203518338976,1.083873551466219e-05
2022-02-18,-0.00028840801083956127,-0.020591012452295443,-0.010297899152757473,0.0009558626240944168,-0.006474896089285087,-0.0041156496242129035,1.028263993130274e-05
2022-02-22,3.890685882645961e-05,0.006628942235154867,0.0033037875606891642,-0.004100420512992309,-0.01073153469557131,0.0013126279303957936,3.890685882645961e-05
2022-02-23,1.083873551466219e-05,-0.05933442970017855,-0.029669329728907234,-0.010707511660084879,-0.01773880495284752,-0.011662620499165596,1.083873551466219e-05
2022-02-24,1.0004602807978102e-05,0.03504014062161365,0.01751753836563541,0.010411042762221046,0.015049062778827116,0.006825162360399616,1.0004602807978102e-05
2022-02-25,9.170534107205697e-06,0.03954695032343358,0.019770526182194992,0.01235695052170982,0.0220638975452927,0.007716747357854515,9.170534107205697e-06
2022-02-28,2.7511854618245124e-05,-0.04792854739324093,-0.023973120509037438,-0.0014088780094506648,-0.0025583642631183956,-0.00941212888536377,2.7511854618245124e-05
2022-03-01,1.028263993130274e-05,-0.10813007621101023,-0.054067431032114865,-0.009597216557487798,-0.015230273695893137,-0.02124749117132097,1.028263993130274e-05
2022-03-02,8.892525428683129e-06,0.06518974754010354,0.0325917857861906,0.011782898828433863,0.01839633203096014,0.012720361180492436,8.892525428683129e-06
2022-03-03,9.170534107205697e-06,-0.011627669504448157,-0.005816783731745878,-0.0014494800146195308,-0.0049786153434910885,-0.0023284586620801197,9.170534107205697e-06
2022-03-04,1.028263993130274e-05,-0.0384551444976996,-0.019229965175459607,-0.0035769693087714938,-0.008124666524881419,-0.007567577438768933,1.028263993130274e-05
2022-03-07,2.7511854618245124e-05,-0.09126675581603583,-0.04564222472043489,-0.01834977271493987,-0.029479053618148177,-0.017904785174474136,2.7511854618245124e-05
2022-03-08,1.0560684166716072e-05,0.012872078705167711,0.006433785448092033,-0.005068652172249166,-0.007581716654202708,0.0024744443307114245,1.0560684166716072e-05
2022-03-09,1.0004602807978102e-05,0.03845956277026352,0.019227249439960348,0.021125827531530472,0.026810870699886635,0.007520069202678418,1.0004602807978102e-05
2022-03-10,1.0560684166716072e-05,0.04499770104407608,0.022496596617546327,-0.000966842735286022,-0.004515689281628044,0.008791278425584389,1.0560684166716072e-05
2022-03-11,1.0560684166716072e-05,-0.021455847054140387,-0.010730177431562016,-0.010356486000728915,-0.012715040287576307,-0.004245327633698169,1.0560684166716072e-05
2022-03-14,3.2516558979844845e-05,-0.030462426537454457,-0.015237557728963402,-0.005325566529364667,-0.0073083142640151255,-0.005969764639289647,3.2516558979844845e-05
2022-03-15,1.2507192985067306e-05,0.03141593572604395,0.01570668721293922,0.019909687139567644,0.021990451233486308,0.006142486558960199,1.2507192985067306e-05
2022-03-16,1.2785294130734925e-05,0.1024914323054078,0.051244574553193534,0.018573771381119153,0.02217401779884587,0.020080002648241363,1.2785294130734925e-05
2022-03-17,0.00213226449721414,0.01570306532363075,0.00784997392125919,0.006432053750665689,0.012511177224883596,0.0030247864806936223,1.1951012038657893e-05
2022-03-18,0.0085798391784917,0.05321348723907149,0.026604767769948356,0.004477733452739496,0.01095256889548879,0.010416646974098026,1.1116793975585182e-05
2022-03-21,0.0008682353274241752,0.005382661442615344,0.002685820465671007,0.0016453233911493115,-0.00029232947580926094,0.0010503257526445217,3.418496817864103e-05
2022-03-22,0.003314215680074553,0.018611241362783915,0.009305730697155123,0.004357395434647193,0.011701558187330763,0.003636509617696855,1.528852467713726e-05
2022-03-23,0.0005021250550328471,0.002876008863162749,0.0014375581383043734,-0.004201528341181815,-0.012878434553819873,0.0005429038738369125,1.417590659680279e-05
2022-03-24,0.0038454070745374672,0.02128067838548886,0.010639753831104493,0.00586569579288021,0.015074240229603575,0.0041595196647172,1.3897769870707677e-05
2022-03-25,0.005615706073332916,0.030062630920132616,0.015030730098426481,0.0023808566257792485,0.004883523798580258,0.0058722255170707265,1.3897769870707677e-05
2022-03-28,0.0030100383702285336,0.015916288508240672,0.007957640142054467,0.003037208817133541,0.007113043481996595,0.0031313188637111075,4.419725531978891e-05
2022-03-29,0.008862903195239594,0.046662286712457535,0.023331948838378525,0.0020960083840335653,0.012371089456988393,0.009130733786962938,1.6679457450097246e-05
2022-03-30,-0.002916791556898891,-0.014850100603088778,-0.007424801199623299,-0.000399164946931041,-0.00617498882324774,-0.002950791880763233,1.556669699298574e-05
2022-03-31,-0.00039061748348077094,-0.05066047011114683,-0.025330125039810136,-0.0023919528158357073,-0.015391284991997267,-0.00995729672658498,1.528852467713726e-05
2022-04-01,0.00766497096251378,0.039049318873031647,0.019524213143238933,0.0024297105162034427,0.0028341479445321838,0.007619173631218342,1.417590659680279e-05
2022-04-04,0.010665592519299239,0.051258333851679216,0.02562824557515464,0.0019845785865169052,0.008566512401551263,0.010055551819799755,4.3362778082256526e-05
2022-04-05,-0.01811069845671497,-0.08684085401521535,-0.043418647722982096,-0.0020523815596505957,-0.012631385941448858,-0.01706895847596108,1.8627062401854744e-05
2022-04-06,-0.004154932492952006,-0.019694330636137347,-0.00984566428052669,-0.0016412885912473474,-0.00999919510277536,-0.003914736144781755,1.8070568234662687e-05
2022-04-07,0.005476558941586626,0.02642204462688036,0.013212801598065704,0.0018239854081167906,0.005039024199380959,0.005163104710780365,1.8627062401854744e-05
2022-04-08,5.898548279118239e-05,0.00040459233838863184,0.00020421458270369897,0.0005989028100519267,-0.0026740148264740027,5.680585197818021e-05,1.8905320169793072e-05
2022-04-11,-0.011429720343778312,-0.05509444758717241,-0.027541050603702155,-0.004369373683202338,-0.01709217003931829,-0.010769787419688199,5.7551859220073e-05
2022-04-12,-0.0024541055790119714,-0.011628968043562393,-0.0058111741235095105,0.000284554311799301,-0.0037053309565889814,-0.002311606415925265,2.1688289694177243e-05
2022-04-13,0.014952969086043932,0.07192983892502358,0.03596767272412715,0.006334540675684286,0.01145359730059159,0.014095176821993925,2.0575016380863786e-05
2022-04-14,-0.005868044383016899,-0.02798126949746249,-0.013987742333296693,-0.004112834192662174,-0.01245180563575099,-0.005529429081696252,2.085332402002038e-05
2022-04-18,0.0027415663752004757,0.012926088037992223,0.006476285023249151,0.001563174643788079,0.0004112139236411849,0.002589188422860475,8.675598110907679e-05
2022-04-19,0.010653371222992763,0.051270419004548984,0.025639076094218893,0.00794737409339663,0.01614243023893147,0.01004272034502136,2.280167703960778e-05
2022-04-20,0.004809450030908604,0.02333596999557641,0.011671851589732718,0.0005781857639577392,-0.0007411496311622301,0.004534704682135213,2.280167703960778e-05
2022-04-21,-0.015262099757919981,-0.07320208779419923,-0.036597177305155215,-0.007781207947439195,-0.014953886140841921,-0.01438389246907709,2.280167703960778e-05
2022-04-22,-0.026800365790515396,-0.12856442076282726,-0.06427834378946928,-0.01871604426113116,-0.02743890347385214,-0.02525906609411142,2.280167703960778e-05
2022-04-25,0.004479005277434211,0.024850318645164515,0.012436759878296177,0.0053739400492678335,0.0057974633311452806,0.004858843880944172,6.840659087981038e-05
2022-04-26,-0.01926685518750424,-0.1055162763323686,-0.052752740372556506,-0.023721919425530702,-0.028961154694311708,-0.020711614212789123,2.5864080406057255e-05
2022-04-27,-0.0003117124472468444,-0.01663533895854863,-0.008313524519109161,0.0030315956878448347,0.002812143004872203,-0.0033101929727071505,2.335841348144463e-05
2022-04-28,2.280167703960778e-05,0.04698752799395578,0.02349763058892207,0.020343615936314174,0.02525944232571553,0.00920222502436577,2.280167703960778e-05
2022-04-29,2.2523319511469353e-05,-0.07657065956787545,-0.038281602370757506,-0.0313051360494665,-0.03695568353179468,-0.015042898060041141,2.2523319511469353e-05
2022-05-02,6.924172316558064e-05,0.01722789685182491,0.008625966547769037,0.006349736820118634,0.0060195745332338735,0.003395577281236941,6.924172316558064e-05
2022-05-03,2.5028793918968617e-05,0.05939578869305007,0.029702874496909226,0.00457036114570375,0.0045838764540699906,0.011637515554281578,2.5028793918968617e-05
2022-05-04,0.015005134123098314,0.09405046681512341,0.04703021355794612,0.02676435221342066,0.03045300236411408,0.018412686079240636,2.5028793918968617e-05
2022-05-05,-0.028846263839525887,-0.18601815763316376,-0.09300437707719822,-0.031238178027833574,-0.03554274031898874,-0.03652733643490226,2.4471971918238467e-05
2022-05-06,-0.00028394670046831316,0.017720541995788652,0.008864415958059757,-0.005338240914604775,-0.0059691188082974245,0.003396631629637304,2.335841348144463e-05
2022-05-09,7.00768773034266e-05,-0.08234099716796606,-0.04115806288505741,-0.03148715078665665,-0.03201719796859592,-0.016109205792883982,7.00768773034266e-05
2022-05-10,2.558564444510303e-05,0.03738454609063657,0.018697531620965435,0.0022424231970055164,0.0023105615121166156,0.007299766529533766,2.558564444510303e-05
2022-05-11,2.4750379353122298e-05,0.005909495458633174,0.0029595886724178566,-0.015623117567079126,-0.015886085664788663,0.0011418164992661934,2.4750379353122298e-05
2022-05-12,2.5028793918968617e-05,0.017710076978840084,0.008860018639804013,-0.0018970106783343654,-0.0010441688714541986,0.0034676947610624365,2.5028793918968617e-05
2022-05-13,2.642097372573815e-05,0.06238960664926818,0.031200479564921668,0.024138701187228273,0.023908057410335415,0.012226035559671986,2.642097372573815e-05
2022-05-16,0.0056541131165949755,0.04437648995523413,0.022207781158966933,-0.002813661223215691,-0.004057352740526543,0.008733454701516053,8.427784215192524e-05
2022-05-17,0.002841321585872965,0.021925560806330235,0.010970127623055825,0.019421014489646282,0.02057024786960726,0.0042774989859915066,2.976293293222021e-05
2022-05-18,-0.018968521791657374,-0.1466047605039018,-0.07329517229998428,-0.03936398435199617,-0.04031144142874021,-0.028767223041734166,2.9484397083834324e-05
2022-05-19,-0.00022942497135268296,0.06985474548864912,0.03493402366027887,-0.007080552782302352,-0.0061246428470395076,0.013636885455940955,2.8370325058757473e-05
2022-05-20,-0.0007750437772996821,-0.0049060357134025345,-0.00244608842987748,0.013331569314899427,0.00043627653540512235,-0.000994232969472786,2.8927346798379716e-05
2022-05-23,0.0013248631715462743,0.01046576001047761,0.005252416186588782,0.00899128724246867,0.01871011468104178,0.002105155696543495,8.427784215192524e-05
2022-05-24,-0.00017298447826597904,-0.0030354453096357314,-0.001510375434927047,-0.0027475371370403456,-0.007633929398994543,-0.0006036122592735918,2.976293293222021e-05
2022-05-25,2.920586837285022e-05,0.02396776164237724,0.011990949508799753,0.00455436037836221,0.00883501967004241,0.004694919922547788,2.920586837285022e-05
2022-05-26,2.920586837285022e-05,0.010891803501797304,0.005452970438509563,0.006893137001636296,0.019981410099805474,0.002121046198134497,2.920586837285022e-05
2022-05-27,2.9484397083834324e-05,0.038043095482540146,0.019028755693236254,0.005383539795006387,0.024549147237623137,0.007450986505323161,2.9484397083834324e-05
2022-05-31,0.00011794280441601579,0.015473000068713105,0.00776533445026284,-1.2759441986975872e-05,-0.005611073496671781,0.0031044106536290673,0.00011794280441601579
2022-06-01,0.0008790131198245917,0.00808521958539421,0.0040507926950832385,-2.126600798757483e-05,-0.008088378492877468,0.0015733505741847458,3.143429792307195e-05
2022-06-02,0.0028099225242714174,0.01999271084058929,0.010004399033340938,0.0028284392119501955,0.019043555938788703,0.003911359829383643,3.115571924405813e-05
2022-06-03,-0.0015202359560684826,-0.010613821237735244,-0.005298727716481544,-0.0011197020913829014,-0.01641175588485788,-0.002096668445407097,3.143429792307195e-05
2022-06-06,0.0020133596595259375,0.013016306194977068,0.006534374972964274,0.0012356005825580052,0.003044769496721722,0.0026098777122737123,9.764923040389561e-05
2022-06-07,-0.0002515193122098866,0.027951304333214244,0.013985228158760465,0.0013740224932572431,0.009592403909284064,0.005471730734665271,3.422047745726964e-05
2022-06-08,3.4499134693000144e-05,0.0011873461651308315,0.0006033884033367354,-0.00013975470931038014,-0.01087229826908187,0.000215482032801657,3.4499134693000144e-05
2022-06-09,3.477779907279377e-05,-0.05186958676768194,-0.025924938730879976,-0.003494356085474104,-0.023782825294715648,-0.010177573887680319,3.477779907279377e-05
2022-06-10,-0.012776277832165226,-0.05965656786742468,-0.029818289944989473,-0.00849662090364256,-0.02899560836534132,-0.011723289068102546,3.505647059642847e-05
2022-06-13,-0.02779251352776772,-0.13626617105800032,-0.06809975703329496,-0.024773760990436045,-0.03796819538522256,-0.026670479391229903,0.0001118624708622562
2022-06-14,-0.00032827552350732863,0.03255966136679134,0.016295819491618513,-0.0015517029170257768,-0.0030134311746944364,0.006347772374607958,4.704610959649358e-05
2022-06-15,4.955724342714518e-05,0.05599547020804585,0.028014979479161317,0.01461660040767998,0.014256384478315676,0.01098983915439914,4.955724342714518e-05
2022-06-16,-0.011033801068876775,-0.062370289557869274,-0.031169155970711793,-0.028911867186788176,-0.03309593249004872,-0.01223631950444096,4.704610959649358e-05
2022-06-17,-0.0002578640257108876,0.03136849083607762,0.01569814225908317,-0.0015907344188457184,0.0021557521895450016,0.006143195119380888,4.286217523952196e-05
2022-06-21,0.0001759225390447483,0.018418778370111744,0.009267213468276969,0.01149749373433595,0.025173469753215993,0.003743143792427826,0.0001759225390447483
2022-06-22,4.62091938819853e-05,0.04193802739474917,0.020984584047740285,0.0007123610121719803,-0.0018129566380767903,0.008233923788156591,4.62091938819853e-05
2022-06-23,-0.00042784011643075986,-0.00038847335819391926,-0.00017992150902856885,0.003232082062165853,0.009802609057937284,-7.998068090437279e-05,4.369883328747548e-05
2022-06-24,-0.0003200777175059614,0.017016896552357608,0.008523042350152332,0.006875245150968823,0.03179368741245514,0.0033507868161144665,4.4256641097639715e-05
2022-06-27,0.006784385908499177,0.03392824977087394,0.017010839139517397,0.0011074100174646162,-0.0038194095970329744,0.0067503280985498175,0.00013863398761326806
2022-06-28,-0.006336640894163144,-0.030446552675776006,-0.015206450517283976,-0.0032879491417228124,-0.020433030515952355,-0.005969676085333042,4.872013435908151e-05
2022-06-29,-0.0002247560610424512,-0.0010832040744934712,-0.0005247762166425973,0.0004167361226872224,-0.0008141261485160589,-0.0002085136885269533,4.872013435908151e-05
2022-06-30,-0.0020753002796601756,-0.010036844920222499,-0.005001875657956956,-0.0014382369319951849,-0.00812455943707735,-0.0019527923521441858,4.816209745950317e-05
2022-07-01,0.005424076241039564,0.026026589198623773,0.013028864949677699,0.003974021753926804,0.010576620850526908,0.005115166221741164,4.62091938819853e-05
2022-07-05,2.8516045297873643e-05,-0.000504573436694189,-0.00018999891081861175,0.0013165146041269615,0.0018884196035005019,3.760151161582397e-05,0.00018484958765996318
2022-07-06,0.003383278090430162,0.016180390129102662,0.008108555742722512,0.0013497280887588836,0.0033774883120416543,0.0031918900875279725,5.1789849493166784e-05
2022-07-07,0.002206685524444163,0.010563772399608817,0.005300107327557146,0.0017056062535987238,0.014977007616632232,0.0020829404197821887,5.1510748656502514e-05
2022-07-08,0.0045783952437396655,0.02194730430335623,0.010992431502604427,0.0006357915822936544,-0.0008225576265338264,0.004318440063509527,5.262719500276347e-05
2022-07-11,-0.006415118383031393,-0.031340233966046904,-0.015612937287865503,0.0002524142553126385,-0.011423648959534738,-0.006037320724030206,0.0001595648697680918
2022-07-12,-0.0010766123476406684,-0.005213326258638462,-0.00258453323481056,-0.0004959993734744428,-0.008848764380838037,-0.0010112168419518436,5.9328282167925295e-05
2022-07-13,0.0030002055380590107,0.014318724885657552,0.007181911300552457,0.0007008379584285684,-0.005251690725086577,0.0028313258753595904,6.016620859794486e-05
2022-07-14,-0.0003934215970186795,-0.0019869997437635956,-0.0009685762790524466,0.00025229896557421583,-0.0024285537811439273,-0.0003670315540400829,6.491567880972937e-05
2022-07-15,0.010674088239879316,0.0511753055824502,0.025612576384054675,0.0010045924225028369,0.019105169341681272,0.01006461205093828,6.491567880972937e-05
2022-07-18,-0.006227326177471179,-0.030491281704418394,-0.01517254053198347,-0.0034061040512654017,-0.008256814077671537,-0.005858373148685173,0.00019140611990353662
2022-07-19,-0.000331128406805019,0.01408712823814473,0.007070024858286006,0.010968172247385555,0.027018999665723742,0.0027803514083403658,6.798997157808628e-05
2022-07-20,6.854902732444934e-05,0.028394585747792744,0.014224033140983527,0.002949458187980314,0.006373227671797377,0.005588584810785804,6.854902732444934e-05
2022-07-21,6.798997157808628e-05,0.01946730940873942,0.00976011544358335,0.004127416796006811,0.010183176674003036,0.0038298446513883783,6.798997157808628e-05
2022-07-22,0.001446970387925422,0.00879725607486015,0.004424529764021745,-0.0016270536199802788,-0.00927810029878684,0.001739704025584667,6.687194633392401e-05
2022-07-25,0.002286157625923175,0.010323984813256581,0.005240123593824864,0.0014367138280488856,0.0012147864284397514,0.0021664342129935127,0.0002014678538453385
2022-07-26,-0.005424714591823466,-0.026160105762783825,-0.01305205456094194,-0.004381043741916724,-0.011831082029830742,-0.005108943252063088,7.106513405052972e-05
2022-07-27,0.007136627066488074,0.03425072579018362,0.01715238270442887,0.00836190173044904,0.025966598249716144,0.006730730846039805,6.910811182447851e-05
2022-07-28,0.010406501504092336,0.05000638689747805,0.02502867595359226,0.0027599209988609097,0.012542314447365976,0.009812610226913506,6.603350285683263e-05
2022-07-29,0.0019023155134559825,0.009184922319953603,0.0046176642016337865,0.0022801330644819373,0.014578678983015791,0.001797016477291312,6.547457646455257e-05
2022-08-01,-0.00627529144686783,-0.030786985461917715,-0.01531829640887239,-0.00022494800730010756,-0.0029611538911676893,-0.005903503726008272,0.0001955981236252402
2022-08-02,-0.002731112569618229,-0.013153556103749464,-0.006549758242537784,-0.0007259389447140663,-0.006597292444215697,-0.002570094625077779,6.910811182447851e-05
2022-08-03,0.010644929358545694,0.05108924828064998,0.025571643949661826,0.002213385672894752,0.015659396306109796,0.010037425127114008,6.910811182447851e-05
2022-08-04,-0.0006208314188552903,-0.0029491611345339175,-0.0014481198280532626,0.0003179218929494354,-0.0006754653675262734,-0.0005810316049723414,6.798997157808628e-05
2022-08-05,0.004903205463532532,0.023483961595368585,0.011768022272041323,0.0003135832393994509,-0.001690116523672902,0.004625394180625651,6.71514418646435e-05
2022-08-08,-0.0009230821775177469,-0.005070537206332104,-0.002454202011093587,0.00036432033076905235,-0.0011610975873055374,-0.0008580308826911628,0.00020733866359701203
2022-08-09,-0.0017826427267988811,-0.008659142762884153,-0.004301293454028632,-2.1173700570087384e-05,-0.003971076279283947,-0.0016760922719080305,7.162434797769457e-05
2022-08-10,0.01261931987551128,0.06056544289841059,0.030311139185495106,0.0006479289564955693,0.021004335346284764,0.011898529373439192,7.190396572975821e-05
2022-08-11,-0.0020675351239849583,-0.009876630995512392,-0.004910177375622493,7.194549071054546e-05,0.0,-0.0019443819302974335,7.134473741809977e-05
2022-08-12,-0.00038014839888149334,0.010209219978055906,0.005132188926001202,0.00016503954601421178,0.01692876772415408,0.0020193948138853687,7.022636709663743e-05
2022-08-15,0.00021153276028784695,0.019641432540175252,0.009903879910505564,0.00014385688778317807,0.004120838742911914,0.0039968484443349776,0.00021153276028784695
2022-08-16,-0.0022711587340534653,-0.008882628782204804,-0.004412197556483477,4.230476351629875e-05,0.001958683937783201,-0.0017278672991634682,7.330216238887743e-05
2022-08-17,0.0014327983442453194,0.0067723346009800345,0.0034150044849867722,5.076356867883547e-05,-0.0070981508154818185,0.0013547100016142943,7.274286214387082e-05
2022-08-18,0.0025143365158016157,0.011967685223385205,0.006012400160454456,4.2300826558205884e-05,0.002906533865132621,0.0023740713330184593,7.218359067451274e-05
2022-08-19,-0.00980281791069156,-0.0472166284766784,-0.023579477053842668,0.00025379422364335547,-0.013438051390905148,-0.009235421394878582,7.274286214387082e-05
2022-08-22,-0.013888409666337085,-0.06741583954725938,-0.03362014165677485,-0.012005649717514055,-0.02082227938250991,-0.013077626189717513,0.00022076171316198767
2022-08-23,0.00376730935384045,0.01809862403911211,0.00907996718709625,-0.0012797849618845225,-0.002419453634634361,0.003555608670836173,7.637882823119391e-05
2022-08-24,0.007492410538912406,0.03588996122959198,0.01797521619381226,0.0033428475918639844,0.003201202211881915,0.007066402943450424,7.553965118334283e-05
2022-08-25,0.006023333524464065,0.02887843024865533,0.01446973042542754,0.009068231716172548,0.014117504788431212,0.00568183717714093,7.609909535033488e-05
2022-08-26,-0.020296191748152396,-0.09763510694773425,-0.04878633880457006,-0.02398015552178534,-0.03384896746874344,-0.019125623542947584,7.749783174482161e-05
2022-08-29,0.0013893626360933415,0.006066247333917918,0.0031267766839540023,-0.0052695036691357,-0.006612269794048831,0.0013233984497127802,0.00023251151344161336
2022-08-30,-0.003370135494447318,-0.016368672619136437,-0.008151582713397998,-0.009605113425794842,-0.010977868955416747,-0.003171870263954384,8.057568549091343e-05
2022-08-31,0.00456997454708468,0.021812660128767813,0.010938943740104179,-0.007127323313699141,-0.007609053057346715,0.004312122273531094,8.029584459112726e-05
2022-09-01,0.001536491009607545,0.007250810840839117,0.003657879179291834,0.0036357993216131756,0.0031378308173355407,0.0014529126403870216,8.001601089535626e-05
2022-09-02,-0.0017633162617451958,-0.008641418965941727,-0.004288095807250647,-0.010421682754964579,-0.010544525150357864,-0.0016573711817944258,8.029584459112726e-05
2022-09-06,-0.004943001124454996,-0.024936543250407728,-0.012339476940332772,-0.0033348809800176626,-0.0037730337725812024,-0.00464073235718158,0.00031786334234529257
2022-09-07,0.01214610958968166,0.05823411941838863,0.0291507928493826,0.01772460346966853,0.017965070396477545,0.011453189584289706,8.253477352737626e-05
2022-09-08,0.0034219280684638855,0.016392252269878282,0.008230139177274776,0.006355465964807294,0.006536142332414174,0.0032303643021876004,8.30945778218517e-05
2022-09-09,0.0017854963103833932,0.008432687594200683,0.004250216886560576,0.015429696041985741,0.015535447196479923,0.0016877537128147167,8.281467207105209e-05
2022-09-12,0.0014792805836794534,0.006235432065778701,0.0032197655172463424,0.00997510530713508,0.010747410105069077,0.0014086586584379564,0.00024930444816595454
2022-09-13,-0.019116806370253158,-0.09205745577215407,-0.04599317512422263,-0.042325176763584604,-0.04348228989397418,-0.018013590637609517,8.617401685961923e-05
2022-09-14,0.0008200326959048744,0.003925076984230058,0.0019994913775889245,0.0038206520045063197,0.0038155993431856494,0.0007784827638098405,8.897426409859577e-05
2022-09-15,0.0009279601242959666,0.004250552215007364,0.0021615288860838966,-0.011276377718729358,-0.011353068758826135,0.0008796974687263225,8.757405031123433e-05
2022-09-16,0.0008433500705636913,0.003847204304214591,0.001959574913178219,-0.003997577225923643,-0.007629098950947211,0.0007999174268025272,8.701401529287445e-05
2022-09-19,0.005673955721322986,0.026332298612536942,0.013273238791997155,0.004626251159941308,0.007755025072844202,0.00536291135206574,0.00025938445090933904
2022-09-20,-0.006836685406309122,-0.03302724213289965,-0.0164752676965918,-0.005335820393595259,-0.011478455550175792,-0.006438545040704243,9.177523286663103e-05
2022-09-21,-0.0002929804743752392,-0.029969905403332442,-0.014947019515014648,-0.009097015295427502,-0.017443929211372056,-0.005847010872286538,9.093486645372906e-05
2022-09-22,8.953440011816305e-05,0.0038438853268172313,0.0019591756168924057,-0.00320727163543566,-0.008399690459274134,0.000785702428248988,8.953440011816305e-05
2022-09-23,8.897426409859577e-05,-0.06113465055495437,-0.03053037239200318,-0.011231903901272489,-0.016755130256935646,-0.011947580127602157,8.897426409859577e-05
2022-09-26,0.00026106476085385744,-0.03486820726598261,-0.017326173992290528,-0.007339127705437765,-0.009892318622407914,-0.006663431854417924,0.00026106476085385744
2022-09-27,9.205536944167925e-05,-0.014887946947782615,-0.007405480035745704,-0.0014135787256401855,-0.002552952861952229,-0.0028837327153549944,9.205536944167925e-05
2022-09-28,9.093486645372906e-05,0.04324518474934069,0.02166052556132203,0.01543168197883138,0.019676366759572295,0.008524362377548568,9.093486645372906e-05
2022-09-29,9.177523286663103e-05,-0.031908848297954484,-0.015916070779119273,-0.014839475940880642,-0.020888910749013778,-0.006226327831694109,9.177523286663103e-05
2022-09-30,9.093486645372906e-05,-0.019991116808982357,-0.009957625217839716,-0.01217701355949552,-0.015463494177168746,-0.0038843154278727543,9.093486645372906e-05
2022-10-03,0.00026946763750146374,0.04500525845928616,0.022614760308667714,0.02288716631717813,0.026401174605385824,0.009025756225951123,0.00026946763750146374
2022-10-04,9.317598793967541e-05,0.03723580774529833,0.018656957620043935,0.021462924743863798,0.030986733948916267,0.007333926191574138,9.317598793967541e-05
2022-10-05,-0.001674575295010009,-0.006539973915312913,-0.003231213372106523,-0.00014882898647461396,-0.002328282470947296,-0.001249912573453449,9.261566425045054e-05
2022-10-06,-0.0002581596311317979,-0.02991695382972337,-0.014919563250194723,-0.006959918447617897,-0.010315861844761631,-0.005821828145291317,9.289582248483974e-05
2022-10-07,9.261566425045054e-05,-0.04063127129614352,-0.020276862062521883,-0.020680883922690962,-0.02789385636334385,-0.007931234455540849,9.261566425045054e-05
2022-10-10,0.00027703211803697947,-0.025142520202392493,-0.012455346781903631,-0.006781013163143168,-0.007635309007192781,-0.004733250579351216,0.00027703211803697947
2022-10-11,9.233551323628575e-05,-0.0156493430429806,-0.007786038011447283,-0.005762585224619476,-0.006332909407362197,-0.003027711401712205,9.233551323628575e-05
2022-10-12,9.850050396242871e-05,0.013773463485319937,0.00692844774806578,-0.0029355678092679582,-0.0032987655527833004,0.002751611356825581,9.850050396242871e-05
2022-10-13,9.93414554735228e-05,0.026659612559128743,0.01337194276072573,0.024707816526208237,0.026391288505775545,0.005279695499358565,9.93414554735228e-05
2022-10-14,0.0001015843109390957,-0.02027211112266425,-0.01009279765243798,-0.02036538160955481,-0.022788835733802193,-0.003928428740131851,0.0001015843109390957
2022-10-17,0.00030562523154498145,0.022706036177322586,0.011483227964707687,0.024740023275894307,0.02569703654258837,0.00468187944152431,0.00030562523154498145
2022-10-18,0.0044966590739979615,0.0229884680097312,0.011540015972442585,0.011828656213364708,0.011749660347963209,0.004560931191957421,0.00010663242830433184
2022-10-19,-0.0016407114947874048,-0.00812388803168862,-0.004015180153260078,-0.006028485953899376,-0.00708655873157138,-0.001540130075131541,0.00010859621831937893
2022-10-20,-0.00024179200474389414,0.013942066918115836,0.007018077895655672,-0.008446445890383014,-0.008385317621544153,0.002793870870824743,0.00010915736634653506
2022-10-21,0.00010915736634653506,-0.00037337912772195114,-0.000139645127263055,0.0027185393361621735,0.024301610399288576,-1.6455152504037967e-05,0.00010915736634653506
2022-10-24,0.0003266659298923891,0.019878627904964086,0.010080044177702252,0.005284947516899008,0.012236169194872026,0.0041500890702158575,0.0003266659298923891
2022-10-25,0.007652137559555399,0.03825526087174169,0.01917593763479042,0.005776502209466683,0.015968954406811564,0.007558017317429356,0.00011168289098972828
2022-10-26,0.004835150873125693,0.023038935189030108,0.011567353840063577,-0.0006295917165660692,-0.0075342740285615495,0.004563898075564304,0.00011084098424740674
2022-10-27,0.004106797177540428,0.01951379825239563,0.009804364450973768,-0.0006571820938273687,-0.005339951922174846,0.0038772817520988574,0.00010999914270293232
2022-10-28,0.004771334301420979,0.022703122711289048,0.011399166983723008,0.006136221393779229,0.023790700707825074,0.00450364552243408,0.00011027974930755136
2022-10-31,0.0036867441864790193,0.01657628605208039,0.008432662274942881,0.0002073501106618636,-0.0072232757634905775,0.0034942451840223186,0.00033424397725734245
2022-11-01,0.002541249353115982,0.011975090100606378,0.006036694253782393,-0.00029744065833525735,-0.004375868449138731,0.0024018427348781375,0.00011336690010854689
2022-11-02,-0.006001689018356473,-0.02909200476013396,-0.01449685317658811,-0.005481749291114224,-0.025096185409575922,-0.005650334267979162,0.00011336690010854689
2022-11-03,0.005378642200540516,0.02563985316804418,0.012868795104821418,-0.0024658788546355614,-0.010297126820896896,0.005076263102203997,0.00011280553474923849
2022-11-04,0.0017751814919969209,0.008315871217553061,0.004207084812255291,0.005870939304848166,0.014393337613645807,0.001679824437674814,0.00011336690010854689
2022-11-07,0.003109759373441131,0.013767044736352707,0.007029304824863303,0.004101933962477267,0.009565792204398127,0.002950491839540764,0.00033677039282631327
2022-11-08,-0.0002759733399541944,-0.03011222205983699,-0.01500611969142418,0.0009628059945920864,0.005395183029401673,-0.005850587279680711,0.00011505117013954624
2022-11-09,0.00011448971780070316,-0.030419581294614972,-0.01516008003498237,-0.004400375762424691,-0.02060205015006278,-0.005917196532786224,0.00011448971780070316
2022-11-10,0.00011477044034546857,0.05573335592451256,0.027916528935853835,0.008911883414145283,0.05495409645594851,0.010979417394423843,0.00011477044034546857
2022-11-11,0.0021050470478145653,0.011817357358224978,0.0059582489337894895,0.0004385258372261447,0.009678489325989581,0.0023527615589137543,0.00011420900250502797
2022-11-14,-6.232666183988376e-05,0.001448694625006297,0.0008730776428238496,0.00038466011253546206,-0.008506537888198995,0.0005371904205021228,0.0003426661400933728
2022-11-15,0.00011617416181808338,-0.014330678073764647,-0.007114786202548462,0.00012966109272993798,0.008528758804182468,-0.0027491681228989586,0.00011617416181808338
2022-11-16,0.00011561265147785882,0.02709998557340887,0.013600264865867961,0.00015199674548149744,-0.007628578863116964,0.005376766539681818,0.00011561265147785882
2022-11-17,0.00011561265147785882,0.011345792935941956,0.005723168547134838,0.00010280570169363124,-0.0030598680256146427,0.0022802398743219155,0.00011561265147785882
2022-11-18,0.0016963476873694682,0.009862597256832917,0.004981430335432968,0.0015240495919479624,0.004540540910728641,0.001996189052196966,0.00011533190718360231
2022-11-21,0.0060496131344132025,0.02783212715781147,0.014067321091412843,0.0003168412268450549,-0.0036361744574854304,0.005722092559221513,0.00034772050446663094
2022-11-22,-0.00031102011532282785,0.03452772240577806,0.017315396794535864,0.006705091944075203,0.013456807209351274,0.006826254764374074,0.0001181396764444731
2022-11-23,0.004264921896012774,0.022362732766140647,0.011232621168781431,0.003274823740034849,0.0063017668963532,0.004435331987751284,0.00011757806457302067
2022-11-25,-0.0009535493113639493,-0.005313665533006717,-0.0025543162827803556,0.0008259717314487158,-0.00022380202418625927,-0.0008851498444282847,0.00023516995374750493
2022-11-28,-0.007459488761999359,-0.03711512453631893,-0.01840335587067521,-0.005927083195417127,-0.015956933471980017,-0.007010607765921662,0.0003536182744208194
2022-11-29,0.0032570231114550686,0.015424582760480199,0.007764809906920744,-0.00046172151089485247,-0.0017176436432977393,0.00307700319403948,0.00012010554651209482
2022-11-30,0.007658280404219293,0.03652807538217373,0.018316134938130224,0.011726037132451017,0.031500616567635475,0.007225248167657464,0.00011926298723730078
2022-12-01,0.004144122876063785,0.019700558468609186,0.00990237648134773,0.0003204846781983406,-0.0007358297775716949,0.003913076756266041,0.00011926298723730078
2022-12-02,0.0038339641092786825,0.01817470857512049,0.009138749474425722,0.0007548726591266597,-0.001153593644212636,0.0036205772417120595,0.00011785886688198133
2022-12-05,-0.0038594956158734973,-0.0197741543983464,-0.00973287080168872,-0.004854730840916588,-0.017989229748668345,-0.0036173674114089423,0.0003536182744208194
2022-12-06,-0.00032802285962288044,-0.026807223723833595,-0.013351514614873605,-0.006945240130796004,-0.014414957334120126,-0.005199310219532716,0.00011926298723730078
2022-12-07,0.00011926298723730078,-0.01569633713866392,-0.007796071322288656,-0.0005902139858525723,-0.0017010886216326515,-0.003022444826686246,0.00011926298723730078
2022-12-08,0.003811884935771286,0.02009978292009751,0.010101005848232036,0.004560208517421671,0.007833697776608473,0.004002301344951262,0.00011729726951736907
2022-12-09,-0.0045757655960284496,-0.02224794996797086,-0.011073281766628251,-0.0028023833518980856,-0.0074701566875302605,-0.004306109692323563,0.00011645492786516165
2022-12-12,0.0012711535346437099,0.004886484163078464,0.0025961846044710857,0.005726899584223677,0.014417402291504455,0.0012184072514309443,0.0003510905253161223
2022-12-13,0.009394075410514194,0.04483699182964895,0.02247087401133152,0.007228044813877954,0.007569668666768337,0.008861303074428869,0.00011982468616444919
2022-12-14,0.00725485683223769,0.03467164651476362,0.017387780085134974,0.0022534940096439193,-0.0063932558403408946,0.006845124934686711,0.00011898214865690981
2022-12-15,-0.013301360498344494,-0.06414455623071391,-0.03202074252371012,-0.010814279913904823,-0.024461781338652067,-0.012530266489407313,0.0001181396764444731
2022-12-16,-0.0003402941394415005,-0.0028485254488471723,-0.0013728675375578314,-0.004691665342584139,-0.01180606552971053,-0.000521224785483669,0.00011785886688198133
2022-12-19,0.00524554525872625,0.026017854427304865,0.013162291016983296,-0.0024389270494747928,-0.008479450636783126,0.005372675437415109,0.0003519330861141423
2022-12-20,-0.0003015684814829971,0.004593328805891916,0.0023489020729070553,0.0014980507559154699,0.0013679778840207657,0.0009574995325437246,0.0001195438330729992
2022-12-21,0.00011870131733160427,0.038634683569473305,0.019369158196827163,0.00799836659328168,0.014952622129840387,0.007628754687012255,0.00011870131733160427
2022-12-22,-0.011407570304053951,-0.053008041175192755,-0.02645262540073079,-0.007292006094285264,-0.014266277672469796,-0.01036159418681299,0.00011785886688198133
2022-12-23,-0.00034605833110608564,0.02469256091999905,0.012397956460054482,0.0037969854774175804,0.005752290961983375,0.004871311736005463,0.00011842049326094006
2022-12-27,0.0004726424542729202,0.007135130410196977,0.003773749445933783,-0.0005567879521694019,-0.003943445473723606,0.0017478646809157851,0.0004726424542729202
2022-12-28,-0.0009206613460032919,-0.002585481610527629,-0.0012395200732866485,-0.006786870169605441,-0.012427653071642175,-0.00045402518914031934,0.00012150995710524803
2022-12-29,0.0028146584527960422,0.013280586762569824,0.0066935141132622444,0.010105191931872426,0.0180001153548619,0.002659953347318999,0.00012150995710524803
2022-12-30,0.000553242255219743,0.002442187524133388,0.001274174045726939,-0.0004803730162578068,-0.0026342857843775214,0.0005284876643996934,0.00012122906047129511
2023-01-03,0.0023422479325388235,0.009534692348005525,0.004977463560217776,-0.0008068854222700317,-0.004209759081272191,0.002235304795086979,0.0004805087450325818
2023-01-04,0.006049758685451969,0.028847112944678344,0.014477479500342616,0.0049334774838381,0.007720217418609732,0.00570931452371923,0.00012291454915791533
2023-01-05,-0.0017891876964803784,-0.008774403770335004,-0.004333138387069169,-0.005668919304624209,-0.01141336274292215,-0.0016791837200908083,0.00012319548934747182
2023-01-06,-0.000337594728998409,0.023109320761531382,0.011610128779510287,0.012259209863894505,0.022932133652808107,0.004586150503496861,0.0001260052906402187
2023-01-09,-0.0011150786615292522,-0.0044607169592951745,-0.0020639294664130947,0.0007547400291425532,-0.0005669744669393184,-0.0006116714044246697,0.0003780635059211779
2023-01-10,-0.0003497664155214505,0.04242034412907869,0.021266202525233036,0.0031649018488084657,0.0070128754026528295,0.008375453866607964,0.00012712941453818516
2023-01-11,0.00012769152008051954,-0.006409555837565972,-0.0031484664053180733,0.0024205078286261283,0.012647707175056588,-0.0012217629384001444,0.00012769152008051954
2023-01-12,0.010350995598132776,0.05186553959247031,0.025989081309700124,0.0029132021814335385,0.003640886063272619,0.010225302249219336,0.00012769152008051954
2023-01-13,0.0049397979091256,0.023655782226220667,0.011883219005448753,0.00064405695365366,0.003879474812026995,0.004663507581894955,0.0001257242778276435
2023-01-17,2.1453926059030078e-05,-0.008848398168933125,-0.004202277853486147,0.000751636104451503,-0.0018317191712927672,-0.0013696927075696067,0.0005041164345633842
2023-01-18,0.0001274104636761475,-0.03534490230867493,-0.017616280169075016,-2.5899019722053218e-05,-0.01578801481835168,-0.006873289125954648,0.0001274104636761475
2023-01-19,-0.0009331072310512934,-0.002483989191989333,-0.0011861046562371413,0.0003021630558179833,-0.007279823842565203,-0.0004420676687833964,0.00012684837266574434
2023-01-20,0.006275126566434792,0.029874640443090072,0.014993350682238837,0.0036507532375622542,0.018629024702641717,0.005921945242105426,0.00012712941453818516
2023-01-23,0.0033478287482740284,0.01484190533927765,0.007589911668760996,0.004523194269474118,0.011998466671316654,0.0031776693259881975,0.00038312347769675625
2023-01-24,0.008130449377232915,0.03883563302713533,0.019474268558868024,0.00023541396475645904,-0.0010734303506940712,0.007670798734923503,0.00012797258375152332
2023-01-25,-0.0001407829362655151,-0.0008381421077302553,-0.00036275954040010383,0.0007103549207054805,0.0003747971913874437,-0.00012514749374481856,0.00012769152008051954
2023-01-26,0.0028263869902738076,0.013310882451809558,0.00671161221116745,0.0028436789080272806,0.010990597937182045,0.0026713392252559415,0.0001274104636761475
2023-01-27,-0.00039061367348194615,0.01794751722768373,0.009029789074535888,0.0011086616322057985,0.0022977304348850147,0.0035724643903463265,0.00012712941453818516
2023-01-30,0.00038312347769675625,-0.0302305949350109,-0.014946338468383225,-0.0028580312381536466,-0.01254691082589554,-0.005658463639139315,0.00038312347769675625
2023-01-31,0.00012825365468938088,0.022831501014301425,0.01147234308792,0.0036436486036239835,0.014703414593704611,0.00452203508002769,0.00012825365468938088
2023-02-01,0.00012797258375152332,0.0325808691258338,0.01634688660821726,0.00246851578360463,0.01062767329062897,0.006436766329180184,0.00012797258375152332
2023-02-02,-0.005403699271634489,-0.023725248175354485,-0.011806734147919773,0.0012609376791106186,0.01455699091187923,-0.004612888760818945,0.00012684837266574434
2023-02-03,-0.00040538725703938186,-0.006693737159042312,-0.003291119157066924,-0.00013992774640003702,-0.010629034289933892,-0.001266636725663663,0.00012656733805904707
2023-02-06,0.00038312347769675625,-0.024466710585147378,-0.012064396293451352,0.00017811478225460142,-0.006111340267619614,-0.004520781061360009,0.00038312347769675625
2023-02-07,0.00012825365468938088,0.031967938961430686,0.016040562061484742,0.0013229027539274352,0.013078532872222937,0.006317810983594998,0.00012825365468938088
2023-02-08,0.00012825365468938088,-0.04025423084207147,-0.020070522840266558,-0.0003980402867583832,-0.010934677372496315,-0.007850393283466206,0.00012825365468938088
2023-02-09,0.00012825365468938088,-0.03141289867633956,-0.015649856757400382,-0.0009319546053385697,-0.008669225197201591,-0.0061187602098400524,0.00012825365468938088
2023-02-10,0.0001296591183965745,-0.011090174758621174,-0.005487792066687702,0.0010769876570431158,0.002333644884199515,-0.0021255146802851375,0.0001296591183965745
2023-02-13,0.007651370444064966,0.037764735968923935,0.019055122714383366,0.001359610668496547,0.011739073432605052,0.007691137289572754,0.0003907149392952114
2023-02-14,0.008348010006821017,0.03993432003419839,0.020025017580626914,0.0004737371942915569,-0.00046005354167599766,0.007876143356206735,0.00013078362020557677
2023-02-15,0.0038770266464346354,0.0184224679955467,0.009268950993122083,0.00020293408869909157,0.0032472119290589685,0.0036620126009112033,0.00013050248384827157
2023-02-16,-0.01126359616472116,-0.0544069408720107,-0.027145894005200177,2.113467862585594e-05,-0.01376890835765232,-0.010608935378602148,0.00013022135476115082
2023-02-17,-0.0007689488955607502,-0.003880642988078553,-0.001882182783248254,0.0032758059539357287,-0.0024980729800615498,-0.0007169051192272919,0.00013134591473273893
2023-02-21,-0.015203370955550759,-0.07501001178066447,-0.037272399287388014,-0.009504630136755399,-0.02006095016804077,-0.014299745162164127,0.000525487178491213
2023-02-22,0.006064258586252389,0.0289933578149415,0.01455509878006822,0.00031050352612904675,-0.0013782119529802683,0.005723890464667754,0.00013190823834574594
2023-02-23,0.00736165797305407,0.03510982782963601,0.017613193204694566,0.004035292867013762,0.005319351774298653,0.0069464515210203295,0.00013162707290348408
2023-02-24,-0.007618707678360208,-0.036866620960705476,-0.018375031190476232,-0.0061408412529010414,-0.010682312347813694,-0.007173285174605984,0.00013162707290348408
2023-02-27,-0.00010669309504603435,0.03575403860701143,0.018052305022121073,0.003562388675353967,0.003405843725257096,0.007295351268862598,0.00039577691668268855
2023-02-28,0.004761539948591314,0.02490084034867346,0.012509121223285069,-0.0018173325973418475,-0.0036959509210152675,0.004939789499304535,0.00013247059104770642
2023-03-01,-0.00033853879049222646,-0.012771806731848079,-0.006327483493326569,-0.002433193523961985,-0.003835863136222417,-0.0024436146637950855,0.00013190823834574594
2023-03-02,0.007522903020783628,0.03822761187034551,0.01917236639412745,0.005841968359558303,0.007777214902593421,0.007565285492561826,0.0001321894110604127
2023-03-03,0.006360222750053258,0.030341841474353703,0.015229621786125191,0.010628285568933249,0.01603800923013754,0.00600265590958095,0.00013247059104770642
2023-03-06,0.0035980774743410975,0.015967728582501506,0.008159993761944984,0.001413667691610554,0.0006926409393699373,0.0034143770365286305,0.00039746442084021005
2023-03-07,-0.004963029211406422,-0.024139267361232286,-0.012010651440770737,-0.00890987081315664,-0.015328885885742882,-0.004670177864647043,0.0001330329728412849
2023-03-08,0.004067364961980755,0.019270516797792014,0.009695787448748439,0.001876608748208941,0.0016323396538997503,0.0038416664726634623,0.00013612659285566764
2023-03-09,-0.0224605760042635,-0.10824334422370607,-0.05406086177651892,-0.015410836100083869,-0.01845005043272041,-0.021162289830058502,0.00013668916381881502
2023-03-10,-0.022129030136312126,-0.10644677473825193,-0.0531628583192737,-0.013106929233722475,-0.014429330664282647,-0.02084932375406737,0.00013612659285566764
2023-03-13,-5.677873787532595e-05,-0.03537376820416582,-0.017506957195065787,-0.0009204225260387444,-0.0014252820882890704,-0.006673454101322912,0.00040505929348633174
2023-03-14,0.00013134591473273893,0.06428532127648112,0.03220079934903164,0.016487265173802834,0.016530002911755437,0.012671004039738433,0.00013134591473273893
2023-03-15,-0.016179941160837347,-0.08349566186853119,-0.041689551644389145,-0.005429415461436271,-0.00625440391303933,-0.016325444031257734,0.00013162707290348408
2023-03-16,-0.0003179870218073208,0.0929368703109954,0.04652502773626699,0.016501820401391143,0.01754537224995434,0.01826319972014282,0.00012825365468938088
2023-03-17,-0.019127120040454047,-0.11056364723940237,-0.055225512106236274,-0.0005751014884980421,-0.01169263769632145,-0.021650062172656217,0.00012769152008051954
2023-03-20,-2.2654398757720844e-05,0.04722494599512084,0.023772578799754918,0.006173205158582551,0.009615454556822334,0.009492896825332872,0.00036541708384074667
2023-03-21,0.013599159517867892,0.08796981211786425,0.04404234192882872,0.0068081563310806725,0.013130485387505164,0.017307416981690225,0.00012994023294399248
2023-03-22,-0.004688383582763139,-0.03197214966369222,-0.01592906062286703,-0.0059643641770597,-0.017046407919098505,-0.006247537363154289,0.00012909691110873922
2023-03-23,-0.004636762720695329,-0.03082470967152595,-0.015355200076779152,0.0005252233249577465,0.00270329544200143,-0.005993293389416539,0.00012937801111823077
2023-03-24,0.006090094981195292,0.039299681010548815,0.019706152018739154,0.004081992617136709,0.006561992360447855,0.0077589230585334915,0.00012769152008051954
2023-03-27,0.006499048484360428,0.040605441833045264,0.020471679915645025,0.002977945635762369,0.0018698924680953244,0.008228309139005562,0.00038312347769675625
2023-03-28,0.003675930750859596,0.0237015497934685,0.011909616539312662,0.0005713022772859677,-0.0022446349871565463,0.004694614712780408,0.00013275177830784912
2023-03-29,-0.00021779506163220342,0.03262225491190729,0.01636842276857653,0.00480536800866882,0.014534967804499699,0.00644907909706291,0.0001296591183965745
2023-03-30,0.00021828547583351883,0.003266025738958289,0.0016903081821020294,0.0016798496845615851,0.005855263669919175,0.0006858555200699115,0.0001296591183965745
2023-03-31,-0.00022189560451274705,0.0025003713777687064,0.001309730354166927,0.0025673090460376358,0.014094739889719099,0.0005553734488648027,0.00013415782371595242
2023-04-03,0.004060412488419001,0.026720505393357463,0.01353385104491256,0.0018833791787475906,0.0038102902126926352,0.005527618406308464,0.0003924021759196261
2023-04-04,-0.003011504268484779,-0.01994524698203859,-0.009913500650270413,-0.00017314304088633659,-0.0055480037160944295,-0.003860965974817284,0.00013331417464845785
2023-04-05,0.0012982054204836915,0.007943892617076509,0.004030647357486927,0.0002721290386422659,-0.002618165085022661,0.0016123316551939675,0.00013247059104770642
2023-04-06,0.002900626140756662,0.018256204211801297,0.009186521978498341,0.0009645586525857119,0.003900764513247834,0.0036405787430449856,0.00013190823834574594
2023-04-10,0.002234076267368,0.011671431440311908,0.006072260405897811,0.0010871713777425018,0.0010265706456880075,0.0026872042764769706,0.0005333633440864904
2023-04-11,0.0015694560284513531,0.009063754381643196,0.004593390803550701,0.0002591568762957408,0.0002683823632401161,0.0018395339824739748,0.00013809571860834424
2023-04-12,-0.0009555478078710482,-0.005138978471913691,-0.002508678900622896,0.0002344145188948321,-0.004075999121553875,-0.0009455970963391445,0.00013668916381881502
2023-04-13,0.006955911815342208,0.035761468295212984,0.017941263197458923,0.000690744029998136,0.013282719849100122,0.007077300300269667,0.00013612659285566764
2023-04-14,0.003497867375313367,0.017534848394936242,0.008829078476595864,0.0002876113466783181,-0.0024427680521276196,0.0034852445264381836,0.00013837705140584688
2023-04-17,0.006155291987205873,0.028328260295428453,0.01435038812333489,0.0004805836010088882,0.003588197378443736,0.005850697808251617,0.0004177214306930743
2023-04-18,0.0016143666543078136,0.007540195143485473,0.003833299421565517,0.00014369526749891115,0.0006523489722038978,0.0015299127775064713,0.0001414721927963658
2023-04-19,0.0005482625747592717,0.0023410940544745795,0.0012334674677954016,0.00016419956815516557,-0.00016890610251973914,0.0005249048248653782,0.00014090937426658456
2023-04-20,-0.004577473918665695,-0.022308642892333586,-0.011091823092191033,0.00017238124163743151,-0.0054572429513273235,-0.004306443500472323,0.00014006520110210197
2023-04-21,0.0042539588649654495,0.020196942668200712,0.010160406956947199,0.0011161813466398218,0.0007770298191867031,0.004017692895864669,0.0001389397388440461
2023-04-24,0.00121203665240487,0.004437898226742787,0.0024052070889919452,0.0015699294966387,0.0010432772142674462,0.0011665199271644498,0.0004177214306930743
2023-04-25,-0.01714384571514179,-0.08270655553262629,-0.041290357325755256,-0.00863949448111867,-0.015874007797267664,-0.016150833411192035,0.00014090937426658456
2023-04-26,0.005502070320265319,0.02635151900559496,0.0132376951256441,-0.0012632517586446124,-0.004235688050099218,0.005194481010782163,0.0001389397388440461
2023-04-27,0.008878231176812417,0.042416900355365605,0.021270807843414286,0.010838024850574168,0.019908167447046043,0.008376363339217405,0.00013978382461399264
2023-04-28,0.008641002085545553,0.04133410677839189,0.02072983313058452,0.003974679817459137,0.008535183751525288,0.00815290355135774,0.00014062797592795384
2023-05-01,0.004149234802605431,0.018633064060729954,0.009501523591385341,0.0008594004561746083,-0.0010098588059833657,0.00393495348640379,0.0004151886014924777
2023-05-02,-0.01004928596472006,-0.04856761886939753,-0.024220044722634948,-0.0050095429555082616,-0.011239113080060092,-0.009463671027597596,0.00014259791727844195
2023-05-03,-0.005784103212065583,-0.027993071681419956,-0.01393305256705235,-0.0029243353783231507,-0.006864031126974979,-0.005443363642933538,0.00014203504046594873
2023-05-04,-0.010414035216014602,-0.050317909561100604,-0.025095330789511094,-0.004097873125910034,-0.007082940238092084,-0.009807430478307953,0.00014231647522922053
2023-05-05,0.016028877842352605,0.07683254342038959,0.03848003642225861,0.011466888535582642,0.018512709677840578,0.01511653600899669,0.00014259791727844195
2023-05-08,0.003969292340621143,0.017803864925548085,0.009093257101664198,0.002101233864071572,0.0002663408574368198,0.003766236158048413,0.00042785475723272626
2023-05-09,-0.0039522126883354625,-0.0192845953184535,-0.009577829287387929,-0.0015482392334387196,-0.00438534542308,-0.0037167936785517746,0.00014400523682844835
2023-05-10,0.005811201757597205,0.027643558361838627,0.013885966077916923,0.0030768604627500196,0.004672491975553417,0.005485709922542674,0.0001434422871460228
2023-05-11,0.0024637620441301973,0.011590410302204646,0.005858688424759784,0.0002515610989162198,-0.0017440354989586293,0.0023305348298298,0.00014203504046594873
2023-05-12,-6.068433951864635e-05,-0.0005847081372928331,-0.00022943362808847123,0.00032451333141336747,-0.0013103505239855373,-4.903790686169461e-05,0.00014090937426658456
2023-05-15,0.005605640825103308,0.025455599034538867,0.01291827960060421,0.003045380632027861,0.003450271950723227,0.005308089794180755,0.00042616564612174557
2023-05-16,-0.005910671286264394,-0.028660474296186345,-0.014267035298270336,-0.002344817548938005,-0.006682724509268212,-0.005562844693600957,0.0001414721927963658
2023-05-17,0.0067542770192987765,0.032182350303040064,0.016154517711439054,0.004493990452802965,0.01213885694405148,0.006374569889861151,0.00014175361298862654
2023-05-18,0.008708481452204438,0.04159108312793336,0.02085930627603072,0.0006414316431542222,0.009633320941490497,0.008216567102364809,0.00014259791727844195
2023-05-19,-0.0053709071796655405,-0.026047940635397837,-0.012959642685102635,0.0007780940324622065,-0.0014550421033135974,-0.005053867294640448,0.00014372375834326157
2023-05-22,0.00023513390921947938,-0.0003188358835816141,3.275129733681936e-05,0.0008983422966140076,0.00040597709137979443,0.0002464616959149875,0.00042954395770733456
2023-05-23,-0.003486378727058307,-0.017133064871496018,-0.008500797246716596,-0.006125783834692311,-0.011222705276580314,-0.003277667991751665,0.00014653887121363063
2023-05-24,-0.0087455796443949,-0.042359116885780645,-0.0211146678314581,-0.004883856545825571,-0.007244822855837385,-0.008234737229210708,0.00014484971601524954
2023-05-25,0.005206360111981863,0.02475819784372124,0.012444411805689004,0.005851951328693872,0.008659972862957943,0.004915883753846626,0.00014569426080690562
2023-05-26,0.008257910366449168,0.039379431759037686,0.019755028763346782,0.007375550233039929,0.012950458414327404,0.0077920114634108875,0.00014569426080690562
2023-05-30,0.006102094403670898,0.02731860201536862,0.013917799928569563,0.0019840074540846686,0.00038094755315953854,0.00578492131827236,0.0005772718143732813
2023-05-31,0.001588523037276165,0.0073405863334790045,0.003736591480418383,-0.0016754514299456291,-0.005545227615583959,0.0015059024073762676,0.00014766512050834457
2023-06-01,0.011947203075516334,0.05706995813708349,0.02860099581260478,0.005544692793505446,0.009501139090128508,0.011269345727272272,0.00014710198127620977
2023-06-02,0.00791385582590417,0.03786595882153154,0.018998714599797184,0.004747492493451633,0.014461081043259272,0.007467976083748154,0.00014653887121363063
2023-06-05,-0.00012747182016553237,0.024455973335778536,0.012424802007216407,0.0006119926719838631,-0.0019162010981770283,0.005097918834660581,0.0004388361581066924
2023-06-06,0.00014541273858625914,0.058131369493036544,0.029130856869236332,0.00097700076650864,0.002177495836503729,0.011458343710353775,0.00014541273858625914
2023-06-07,-0.0016303486598412006,-0.00518416275802891,-0.0025271907675821215,5.1579728373329914e-05,-0.0034578963366821425,-0.0009841989525952684,0.00014484971601524954
2023-06-08,0.005586510512840267,0.02654157467546736,0.013335396452459403,0.0010870858956555374,0.006048703168263003,0.005273898857830277,0.0001442867226018052
2023-06-09,-0.001505723107457098,-0.007459693038797899,-0.0036658003543561524,0.0005825842963809169,0.0017942605499243758,-0.0014108171349505537,0.00014316082323651003
2023-06-12,-0.0004621663452868941,-0.0036768431909420807,-0.001646674662047598,0.000855543805031056,0.009071934145345795,-0.00041093365005702675,0.00042869934629896633
2023-06-13,0.0006445915387532589,0.002785328794319364,0.0014569920297557992,0.000435321168085423,0.006592872403168748,0.0006158452525274973,0.00014372375834326157
2023-06-14,0.006506095438201219,0.03095800847474095,0.01554290967410199,0.00031645945165492684,0.0011908993826885705,0.006140554878718118,0.0001428793666140571
2023-06-15,-0.005858851971658868,-0.02836522669948971,-0.01411884863768087,0.00019772458547051563,0.012397597120744397,-0.005513870704948307,0.00014259791727844195
2023-06-16,0.00773423802507952,0.0369581470074829,0.018542416063660472,-0.0007709734429300896,-0.0034061421605259268,0.007298270181459565,0.00014175361298862654
2023-06-20,8.755932537274995e-05,-0.0014965938360904651,-0.0004937401861857538,-0.0013848661823592234,-0.005188313749616702,0.00011548790778529775,0.0005693874363217333
2023-06-21,0.004427682478127099,0.021021010722287015,0.010574832993739847,-0.0019256523840844864,-0.005123558935491546,0.004181587683645493,0.00014372375834326157
2023-06-22,-0.0004921057577359256,0.023927015968405074,0.012027976356041359,0.002651888080795084,0.0036096926380304595,0.0047362584481233485,0.00014400523682844835
2023-06-23,0.00014400523682844835,-0.01120541857297952,-0.005538240914650938,-0.004288022045897288,-0.007560219605894036,-0.0021559216611223616,0.00014400523682844835
2023-06-26,-0.00020423194273536008,0.0006594502631080967,0.0005231613548262182,-0.0024375598951810185,-0.004085698734970555,0.0004269182308426272,0.00043207792599631034
2023-06-27,-0.0005069154891018667,0.02670708120765153,0.013419275792857066,0.008048057145590537,0.010963299774374713,0.005298377788358696,0.00014653887121363063
2023-06-28,0.006674349528932804,0.03506416045520533,0.017597111592855486,0.0005615156176475011,0.0005043979012153699,0.006914800307833857,0.00014513122365578113
2023-06-29,-0.004429941951143205,-0.021409285072750528,-0.01063975192494293,0.0025016895296585684,0.003941532730476149,-0.004166878957330938,0.00014484971601524954
2023-06-30,0.004103475231612056,0.019548138759662104,0.009839241502548779,0.006173569553185043,0.011800643956150214,0.003876255606405136,0.00014541273858625914
2023-07-03,0.0015211933033287422,0.005961242670039724,0.0031749022702542984,0.0006151362703150642,0.0011506484020515906,0.0014588641521959783,0.0004337673499203998
2023-07-05,-0.00319220245781925,-0.016168055383254387,-0.007953391310562163,-0.00022319243495105834,-0.0014874261081170292,-0.002992031603435925,0.0002914097484314482
2023-07-06,-0.010701883193846596,-0.05164338586508377,-0.025756380048713834,-0.0035444604587041573,-0.007830598620746643,-0.010078584871702833,0.00014569426080690562
2023-07-07,0.004502813417832478,0.021553990356922403,0.01084258959544604,-0.00011791386785009461,-0.002524721760566395,0.004252929715293651,0.0001462573271202583
2023-07-10,0.0017900364688086786,0.0072236083605337065,0.0038081970909704665,0.001875051593400734,0.002531112114400047,0.001712511621037087,0.00043799130085919735
2023-07-11,0.0020307161647081995,0.009511802346560572,0.004821777138004357,0.0034409699062267762,0.006368611543875913,0.001922537522928977,0.00014682042259894779
2023-07-12,0.0119056063715322,0.05698999005436689,0.028560870991907406,0.003319687034452068,0.008045853433911843,0.011230147581437196,0.00014682042259894779
2023-07-13,-0.0014848242229415507,-0.007176037380427935,-0.003522283501182555,0.0016368142917269068,0.00793692212714392,-0.0013907117673178297,0.00014653887121363063
2023-07-14,-0.000528533274873896,0.013899408911083766,0.007015439644573407,0.0004630061941668373,-0.0006228082158977744,0.002779675829464175,0.00014653887121363063
2023-07-17,-8.468706102702952e-05,0.0013393712425484594,0.0008673458513839272,0.0008828047523674609,0.003472215105015719,0.0005621867211913232,0.0004405259396711436
2023-07-18,0.00301477668887223,0.014233768735224528,0.007182901111674855,0.0002681048484236559,0.007430573761473713,0.002850039574339939,0.00014710198127620977
2023-07-19,-0.0048655263566906165,-0.023608506560391485,-0.01173837731547156,0.00019811133857228214,0.002223644336604158,-0.004577471034812167,0.00014682042259894779
2023-07-20,0.000840421123159485,0.0038438994916016878,0.0019879664898634353,0.0001670019651858201,-0.006634436156641055,0.0008007704483109967,0.00014710198127620977
2023-07-21,0.003157210541902172,0.014904782219817836,0.0075184078539720645,-0.0011222211435782947,0.0,0.002984310674216211,0.00014710198127620977
2023-07-24,0.0036614268910504506,0.01617719743103696,0.008287103881126745,0.0026046121071698902,0.004467268519981582,0.003476595423584577,0.0004422158106687224
2023-07-25,0.00018716401990633236,0.0006811499054639736,0.0004068732664106456,0.000980977565469665,0.002729994159950566,0.00018501049927152353,0.00014766512050834457
2023-07-26,0.005813152748047629,0.027662749046657664,0.013897672837007713,0.0012046839350940974,0.00015388361239243586,0.005487681149011252,0.00014766512050834457
2023-07-27,-0.009841794926390451,-0.04747707907662768,-0.02367224122463507,-0.003029365110070792,-0.0066300595745393265,-0.009267719056149707,0.00014766512050834457
2023-07-28,0.007838534859718254,0.03757219711340487,0.018852396870381094,0.004532630672094529,0.00979036448025683,0.007397084702663748,0.00014766512050834457
2023-07-31,0.0023918725003099425,0.010163461760779313,0.0052806585305176235,0.0016688879874833251,0.0019040052219059245,0.0022801835805284845,0.0004430607797079045
2023-08-01,-0.0005020467186045586,-0.013839038312760232,-0.006853220842701346,-0.0008639075618908088,-0.0028616097156412,-0.0026581922702314195,0.00014766512050834457
2023-08-02,-0.01907266730892052,-0.08906197992559084,-0.044464832435747836,-0.006550530179917691,-0.013910841913940986,-0.017410397900044765,0.00014738354724586067
2023-08-03,0.0004761224130272174,0.0022961823231695266,0.0012142486886321802,-0.0017795668425510947,-0.002865650111035123,0.0004579196370518207,0.00014738354724586067
2023-08-04,-0.007072332098103788,-0.0342944186417411,-0.01708105179382291,-0.0020591028695097213,-0.004522938517666497,-0.006657553216559987,0.00014738354724586067
2023-08-07,0.010842149061081326,0.05071620696349055,0.025557031131873353,0.007161272959173681,0.008728774180636112,0.010244980875824613,0.0004430607797079045
2023-08-08,-0.0034433555552166656,-0.016684512374673055,-0.008275817083379877,-0.0024514455008423086,-0.004348814935071776,-0.003236723849693241,0.00014794670106388352
2023-08-09,0.001737022984388792,0.008092248340768826,0.0041127040682655824,-0.004635417071068626,-0.006685212208128344,0.0016458647405554927,0.00014822828891314366
2023-08-10,-0.00017969679202898577,-0.0011477283442087316,-0.000507565858425485,0.0005850507824078921,0.00035884073284719875,-0.00016083718692184407,0.00014766512050834457
2023-08-11,0.007839371317162062,0.037370596306560255,0.018751596466958897,-0.00013253397157542146,-0.00058311176439374,0.007397500116300882,0.00014766512050834457
2023-08-14,0.004008094491081805,0.017896612204892914,0.009147233752574424,0.005797180550790593,0.005520134116998365,0.0038035356095611527,0.0004430607797079045
2023-08-15,-0.011640068398580119,-0.05618848479794891,-0.028027803295017972,-0.010391835374102154,-0.011648915381663572,-0.010962746623304561,0.00014794670106388352
2023-08-16,-0.003653667582953343,-0.01773488046829852,-0.008801001130192665,-0.007512435862285005,-0.007338096431404928,-0.0034348735682933375,0.00014794670106388352
2023-08-17,-0.009547727451092993,-0.046200475713679356,-0.023033798752883028,-0.007664014649239159,-0.007620086645475976,-0.008990608192285695,0.00014794670106388352
2023-08-18,0.004425892754707851,0.021044367223836513,0.010588622715874685,-0.007349373632928979,0.000481477281478071,0.004180442248279862,0.00014794670106388352
2023-08-21,0.006872097844710623,0.03152699550066629,0.015962425400461333,0.003653816876467264,0.006506236440642299,0.006502889486041448,0.0004430607797079045
2023-08-22,-0.0007847482893748545,-0.0040363834064299775,-0.001951611805333875,-0.0001676553007018411,-0.0027085626880147817,-0.0007309562818345574,0.00014822828891314366
2023-08-23,0.00681733218243979,0.03240887293798855,0.016271016366875557,0.004192085342872742,0.011137710055560524,0.006434227504467237,0.00014822828891314366
2023-08-24,-0.008026348758686658,-0.03883348880122617,-0.01935016450273186,-0.004095069218597036,-0.01385908164401184,-0.007556530076838706,0.00014822828891314366
2023-08-25,0.009092173875400685,0.04346056630332318,0.02179700384711425,0.0036288584066557217,0.007049787241651284,0.0085786459794947,0.00014850988405634702
2023-08-28,0.008613947210389793,0.039977096956306246,0.02019001127021869,0.003034991905362272,0.006341388561927674,0.008145113965431416,0.00044813106358287946
2023-08-29,0.0055693125983925056,0.026555120584876413,0.013344703402489388,0.0028592503291509086,0.014454864624247055,0.005258209012514774,0.00014935471325339122
2023-08-30,0.007118846179949534,0.03396418388034528,0.017049094241710305,0.0009095043201456932,0.0041187051898330385,0.006718627749437311,0.00014907309622613774
2023-08-31,0.0038548523505960303,0.018314872629223045,0.009224297811283089,0.00035556960274973903,-0.0014634036089543612,0.003642184040655286,0.0001487914864939377
2023-09-01,0.00280015315651602,0.013190544991728004,0.006662133992535679,0.0005055192433007782,0.0018652176466851245,0.0026479690178944737,0.0001487914864939377
2023-09-05,-0.0005854293823912339,-0.004901491537529723,-0.002184360255849116,0.0005447375588651937,-0.00432194845573064,-0.000517631446340509,0.0005930449984341557
2023-09-06,-0.0005026791735099565,-0.02044663513216438,-0.010156456069410624,-0.00016175420462294365,-0.006722242140395629,-0.00393826783009597,0.0001487914864939377
2023-09-07,0.0001387994804768227,0.003437618607081694,0.001785529998993729,0.00014599692222705407,-0.003070311215677579,0.0007350646022995319,0.00014850988405634702
2023-09-08,0.00416337885421642,0.01968152189505723,0.009907340845410006,0.0007022610438438548,0.0015059399178800614,0.003932737493828612,0.00014822828891314366
2023-09-11,0.0049010746751816225,0.02208895753883877,0.011244673940194128,0.0009422618226262447,0.006576584417129494,0.004645256313649853,0.00044559582100145434
2023-09-12,-0.0006054138345107489,-0.0031600313810762337,-0.0015131541938665505,6.30209071859067e-05,-0.005485455558710606,-0.0005619272076097504,0.0001487914864939377
2023-09-13,0.00392148073526977,0.01852322451050603,0.009328473751924582,0.0003859787317841423,0.0011659430699371143,0.0037047689797701584,0.0001487914864939377
2023-09-14,0.0063093232730798915,0.030067060363679454,0.015100250877292387,0.00017322971047017965,0.008622340122894867,0.005955531555568954,0.00014850988405634702
2023-09-15,-0.007947896194233932,-0.03841105553064428,-0.019138807069869257,-0.0016139063619401428,-0.012048339741322023,-0.00748255157491729,0.00014850988405634702
2023-09-18,-0.0002510738546198072,0.0064671737992814116,0.0034342045996622605,0.0008949974766589985,0.0005864607851722159,0.001567801095554924,0.00044644087949508027
2023-09-19,0.00014850988405634702,0.006909222141737725,0.0035213317663218557,-0.0007051158320169337,-0.002073700242464338,0.0014245377086824532,0.00014850988405634702
2023-09-20,-0.00853332949821091,-0.03821170666492457,-0.019039132637009515,-0.005124566382844531,-0.009193361806369982,-0.007434318058076066,0.00014850988405634702
2023-09-21,-0.016596388115942853,-0.07993383904558782,-0.03989991722125619,-0.011886837308820009,-0.01652835504809147,-0.01563410955724954,0.00014907309622613774
2023-09-22,-0.000138428305944362,-0.0007048311126007789,-0.00028541325476261203,-0.001672146924372453,-0.002248656765926116,-0.0001213151072691617,0.00014907309622613774
2023-09-25,0.00015422600591302198,-0.0007821019238857252,-0.00019043326192125232,0.004390210593542054,0.004205359710770518,0.00017101887369924264,0.00044644087949508027
2023-09-26,-0.018771269510611054,-0.09054193162623192,-0.04520368189090329,-0.012369229292638395,-0.014691419928752447,-0.01768427770910052,0.00014963633757614225
2023-09-27,-0.00047794940445189263,0.040768493009913476,0.02045138961500803,4.859027465653476e-05,0.000399302832412296,0.008012425323562824,0.00014935471325339122
2023-09-28,0.009484580772330248,0.04809696855919965,0.024115627389651006,0.0054458953335356775,0.00579738411749231,0.009479021465848492,0.00014935471325339122
2023-09-29,-0.00411078370771105,-0.01991746363738145,-0.009891870322019214,-0.001618878865979334,-0.0024269145376057955,-0.0038657834122283745,0.0001487914864939377
2023-10-02,-0.00013944281060253012,-0.002135394200201368,-0.0008670794000792403,0.00047193023499714215,-0.00039773422515221313,-0.00010565049503284758,0.00044644087949508027
2023-10-03,-0.019476991494684456,-0.0939359719182642,-0.04690070203691943,-0.012599028362932696,-0.013386012431603644,-0.01834944885830818,0.00014963633757614225
2023-10-04,0.010739010908527278,0.05157179548439217,0.025853181664408753,0.0067085868278145,0.007281979702899344,0.010131332244947836,0.00014963633757614225
2023-10-05,0.0026286805626354335,0.012462090899477474,0.006298188559790141,-0.0004785989219358022,-0.00037667926859397127,0.0024865485565044817,0.00014935471325339122
2023-10-06,0.003045222098777075,0.01434196558539469,0.007238125902748527,0.01106174041836594,0.011872738047760567,0.0028789355572576268,0.00014935471325339122
2023-10-09,0.003337677853640728,0.014540240373356106,0.007472428115524954,0.006606170307552173,0.006402256175556342,0.003171864276724908,0.00044982133714577266
2023-10-10,-0.00043560451092989163,0.034696660608320995,0.017415755042182512,0.005015808968649171,0.005204660323463228,0.006867756718240889,0.00014991796919461287
2023-10-11,0.0032826132759679553,0.018368852685533232,0.00925156945281791,0.004288576359272378,0.004096306420702245,0.0036498473046465913,0.00014935471325339122
2023-10-12,-0.0048190359932312465,-0.0234150167707754,-0.011640365275336295,-0.0052973382948969805,-0.006096438609385357,-0.004533489165614276,0.00014935471325339122
2023-10-13,-0.0003893309241322354,-0.12435377755522747,-0.06210960485540096,-0.004702051190405343,-0.004980911855664738,-0.02432838061694011,0.00014963633757614225
2023-10-16,0.0004489761891792732,0.09899160105494431,0.04969768588233592,0.010394180854756963,0.010521442487264387,0.01966235869418903,0.0004489761891792732
2023-10-17,-0.004921544142675837,-0.02607499703796512,-0.012970355408931322,0.00022114632778613696,-4.593770948191356e-05,-0.00510242217605768,0.00014935471325339122
2023-10-18,-0.01083315866143656,-0.06283416112878415,-0.031349796642179406,-0.013127660078489534,-0.013325087873513275,-0.01226343012422815,0.00014963633757614225
2023-10-19,-0.008226574412133711,-0.048718660725387775,-0.024292187252642483,-0.008965542073236743,-0.008786351097596956,-0.009513118567566347,0.00014935471325339122
2023-10-20,-0.0012996227860973208,-0.008069696003793259,-0.003967845700358907,-0.0013321707116212833,-0.012288066983292656,-0.0015309963826947313,0.00014907309622613774
2023-10-23,0.006450222270281875,0.03477955296967017,0.017589971655609826,0.0009701438238218785,-0.0017332512111346565,0.007148397422868881,0.00044559582100145434
2023-10-24,0.0077736722607408895,0.04440041378716941,0.022267068390256384,0.004478528102864754,0.00753945006824619,0.008763770854402863,0.0001487914864939377
2023-10-25,-0.010419155626261457,-0.06172974609265591,-0.03079815235087502,-0.006838603332864235,-0.014352051943946509,-0.012055661861849924,0.00014850988405634702
2023-10-26,-0.0017085940600839258,-0.01010691570052824,-0.004986596353592443,-0.0071285733947554775,-0.011974641116198281,-0.0019391541434315158,0.0001487914864939377
2023-10-27,-0.005752068179972236,-0.03257840555977676,-0.016222341283216757,-0.0027398042181567828,-0.0045329483838950635,-0.0063154293546968795,0.0001487914864939377
2023-10-30,0.01386879990764302,0.07391730240456851,0.03715926890230592,0.009693337312602912,0.011955898365193729,0.01481039019203398,0.00044644087949508027
2023-10-31,0.011570210283611293,0.06643161865159386,0.03328281162733471,0.005158479503749591,0.006280153363082741,0.013058028783700167,0.00014907309622613774
2023-11-01,0.007234264828120959,0.04305005681179175,0.02159203070743354,0.006803735004793587,0.010664693668323455,0.00847215163306253,0.00014907309622613774
2023-11-02,0.006216953422845264,0.03496646320264207,0.017549952296773697,0.0072498849700921575,0.019164540579974076,0.006898473895707319,0.00014850988405634702
2023-11-03,0.004096496359147684,0.02259891322201457,0.011365754924686389,0.002323761554259063,0.009123409552010076,0.004475650381829411,0.00014766512050834457
2023-11-06,-9.748409934804715e-05,0.03394224724584527,0.01716962878853101,0.0012879856696732528,0.0023004516022138155,0.006958164975771611,0.0004422158106687224
2023-11-07,0.00014794670106388352,0.00537802592711234,0.002755452067512598,0.000585774389785465,0.0028458501813091175,0.001095702530565736,0.00014794670106388352
2023-11-08,0.00014766512050834457,0.019150646310363895,0.009641621468860606,0.0005023634817349354,0.0007327096598321869,0.0038166247345503257,0.00014766512050834457
2023-11-09,-0.007691320273722279,-0.040393373856182024,-0.020130388614412298,-0.0003953631806177249,-0.007798871149170328,-0.007870253035485176,0.00014766512050834457
2023-11-10,-0.0004424818385706969,0.04285905423662828,0.021495684645361557,0.001190513859005149,0.015604807175139124,0.008440966271476917,0.00014738354724586067
2023-11-13,0.0014270873690058919,0.009446550035728807,0.004921357710133467,0.0005609699249011779,-0.0009532497535900131,0.002135878151223143,0.00044137086399009817
2023-11-14,-0.0004018324091222131,0.008042533751285719,0.00408756518932174,0.00022110354357907092,0.01940071204308924,0.0016341871237262374,0.00014766512050834457
2023-11-15,0.004600326097151621,0.02502293352160012,0.012577483504862874,0.0002052650484938301,0.0021171954378080837,0.00497472855327192,0.00014710198127620977
2023-11-16,-0.000513952609018692,0.01346167752093863,0.006796855504532129,0.0001973297340389646,0.0012230328470170804,0.0026934043444760483,0.00014710198127620977
2023-11-17,0.00014682042259894779,0.015724386598122697,0.007928069263785531,0.0008522962676524859,0.0012438189465737715,0.003145091122800916,0.00014682042259894779
2023-11-20,0.0013588607350780914,0.00834498659229066,0.004370153526255027,0.003776872765120398,0.007697646973265915,0.0019461907929293756,0.0004405259396711436
2023-11-21,0.004527797734682679,0.021474967288476643,0.010803641171285738,-0.0003456307171445516,-0.002179332943698209,0.0042762106438357,0.00014738354724586067
2023-11-22,-0.0018273478088254122,-0.009013081882429441,-0.004440524197151796,0.0017051772166321033,0.0038607165234632035,-0.0017137557027249424,0.00014710198127620977
2023-11-24,0.009751750636393709,0.045990541091449844,0.023127596460775113,0.0010707855957765577,0.0006153974115337135,0.009208534074656003,0.00029478881640154775
2023-11-27,-0.0012244821015550305,-0.007205348390013966,-0.0034037465448790716,0.0004623353420105669,-0.0018008538261454765,-0.0011283384348485515,0.0004430607797079045
2023-11-28,0.0026947548441905223,0.012668182522960869,0.006400389575159426,0.0005052008271195785,0.0009898160902765962,0.0025484891441325706,0.00014766512050834457
2023-11-29,-0.0034599218630082702,-0.016889375213783198,-0.008378530079844015,-0.0004540597245109579,-0.0007033015035668999,-0.0032525882737527755,0.00014738354724586067
2023-11-30,0.003716429486303226,0.017618031656439603,0.008874891792943762,0.0013980427401636408,0.003937390164487686,0.0035114993119646585,0.00014682042259894779
2023-12-01,0.0009199835410015366,0.004182950269306263,0.0021573510993773137,0.0016111749845530987,0.005915924879367429,0.0008757032887890285,0.00014682042259894779
2023-12-04,-0.0006388963327652558,-0.00455107341210792,-0.002078721366726821,-0.0001600774618744083,-0.005249285579387197,-0.0005769496103260528,0.0004388361581066924
2023-12-05,0.0019831227149858586,0.00923473327434765,0.004683383381236972,0.0004373547845442083,-0.00019712998148158078,0.0018776845565569476,0.00014710198127620977
2023-12-06,-0.0005446551030111862,-0.007935718950255244,-0.003901983510403384,-0.0006089064274756861,-0.004029729320089048,-0.0014935576462530202,0.00014682042259894779
2023-12-07,-0.0005024130872425113,0.0006138473263750388,0.00037279962791170185,0.0017184747755243368,0.007630307775091216,0.00018478130357955816,0.00014682042259894779
2023-12-08,0.006466571939530991,0.030766874268796318,0.015449172323429572,0.0013178364089347916,0.0042990816715717806,0.006103497132684136,0.00014653887121363063
2023-12-11,0.004752803551632075,0.021473491524389487,0.010933983541324022,0.0009500854687543026,0.0038897007712497267,0.004505259573467314,0.0004396810377103044
2023-12-12,0.0063459852148287765,0.03028706375734269,0.01520954862273416,0.0003578889221709236,0.0045672518589392475,0.005990038242624215,0.00014710198127620977
2023-12-13,0.0028770924595077577,0.013659403957822835,0.00689571872297412,0.0001827691470124293,0.01379001026096005,0.0027205017963679527,0.00014710198127620977
2023-12-14,0.0005593631813890544,0.0024516895356114787,0.0012915799568373743,0.0001788477539055311,0.003209466014667095,0.0005357588218759824,0.00014653887121363063
2023-12-15,-0.006411594783619316,-0.031103323920790404,-0.015486067543410198,-0.0005208981216570097,-0.0016464608332517061,-0.006034834538734762,0.0001462573271202583
2023-12-18,0.00019588686405281637,-0.0004264319807201211,-1.5978211230893713e-05,0.002598069338892506,0.005625020900935418,0.00021015521233068557,0.0004396810377103044
2023-12-19,-0.00330601729471126,-0.01620114606151546,-0.008034556286695027,0.00202884607924525,0.006080754600664928,-0.0031076334897274386,0.00014710198127620977
2023-12-20,-0.012756570199762474,-0.061458018455357144,-0.03066341481069379,-0.005853545227541224,-0.013857161043177468,-0.012015193866457823,0.0001462573271202583
2023-12-21,0.00480595039916471,0.02311795471018785,0.011624712544125337,0.004135626749950383,0.009481934888156074,0.004538777005917656,0.00014653887121363063
2023-12-22,0.005164436453690022,0.024699952474414033,0.012415429885790585,0.0013728645944426354,0.0020096532964695157,0.004876302569815496,0.00014597579031816466
2023-12-26,0.006228567894483838,0.028044187509036034,0.01428509893786023,0.002691618030355114,0.004222440603672384,0.005904611643742586,0.0005862843392869799
2023-12-27,0.008400223541914642,0.0402942314913306,0.02021299171038926,0.001336402682075244,0.001808217976337012,0.007926290692221106,0.00014682042259894779
2023-12-28,0.00038172031711450485,0.0018137927406352006,0.0009726315593490131,0.00016972034715534434,0.00037759192650388407,0.0003685172822229235,0.00014653887121363063
2023-12-29,-0.0005231256030020339,-0.002697865905516794,-0.0012830569880341036,-6.941926924641795e-05,-0.002894902720663728,-0.0004846242649630415,0.00014682042259894779
2024-01-02,0.0006581135115244811,0.0012141870857642623,0.0008678454744965869,-0.0007520942933399999,-0.005596356311275752,0.0006537507186099923,0.0005817778358319092
2024-01-03,-0.007294321372810616,-0.03525028173039746,-0.01755968721661505,-0.0033696025567293564,-0.008166622980206983,-0.006866878575411756,0.00014597579031816466
2024-01-04,0.0004044785251614374,0.0018764793566397042,0.001003974867351154,-0.0013090221836659088,-0.003221073533413832,0.00038994629275890697,0.00014653887121363063
2024-01-05,0.006717011597381769,0.03208718006013478,0.01610932521909869,0.001535657501841925,0.0013695625547325285,0.006339559233715351,0.00014653887121363063
2024-01-08,0.005165701763213673,0.02357648484334729,0.011985480200802812,0.006744983853856024,0.014275940264585119,0.004894444241171419,0.0004396810377103044
2024-01-09,0.005346574666422976,0.025609954025840986,0.012870852977644676,0.00023076213039585625,-0.0015170438834410938,0.0050480403375857495,0.00014682042259894779
2024-01-10,0.0017066976560614327,0.008131573739388775,0.004131522058725912,0.0015419044249966873,0.005655542311087558,0.0016172723262065927,0.00014653887121363063
2024-01-11,0.00136857289108489,0.006434319307687675,0.003282754070828675,0.00051061738633007,-0.0004407752777512153,0.001298418116692738,0.0001462573271202583
2024-01-12,-0.0029351232654704967,-0.014261340941463807,-0.007065076053747177,0.0005717530947575433,0.0006927160084684303,-0.0027580503102225696,0.0001462573271202583
2024-01-16,-0.0001222319460019185,-0.036927327818231714,-0.018201785381765534,0.0007133242058514622,-0.003671299670364503,-0.0068331648303543175,0.0005840310273035332
2024-01-17,-0.00796422664428527,-0.03532697090497727,-0.017598031803904957,-0.0004483840927120841,-0.005558629858293251,-0.006895991043816103,0.00014597579031816466
2024-01-18,0.006829067450042588,0.032693310272107645,0.016412390325085235,0.001510620351200087,0.00889293959346027,0.006445452538071548,0.00014653887121363063
2024-01-19,0.005398987956718014,0.025821778810797724,0.012976343053982653,0.0033382590519650535,0.012466083756833113,0.005097455185685353,0.00014597579031816466
2024-01-22,0.007742082712764126,0.03588236226006458,0.018137574040735904,0.0017322558244239339,0.002114476491172468,0.007322674055460168,0.00043799130085919735
2024-01-23,-0.0005668943148895267,0.026981061808000195,0.013555984552583666,0.001485487925649398,0.0029163539161320973,0.005316908570837565,0.00014597579031816466
2024-01-24,-0.005722813336043394,-0.024260888034327355,-0.012065131133335627,0.0001369185714827914,0.001093182604395393,-0.004724743619555365,0.00014569426080690562
2024-01-25,-0.0026737642746180643,-0.012996024769323267,-0.006432699500833472,0.0011788596244382,0.005438971990336272,-0.002511587169367481,0.00014569426080690562
2024-01-26,0.0017303904664978892,0.008121311762967709,0.004125968765311683,0.0002924687400294168,-0.001270453392287485,0.0016394590336116929,0.00014569426080690562
2024-01-29,-0.0012083099140975438,-0.007206963391374943,-0.0034075112024304355,0.0018074599491935128,0.007919316407323462,-0.0011137171004420123,0.00043714646596626494
2024-01-30,0.003395464859332432,0.016097479735078135,0.008114193516122858,0.0003259687145840129,-0.0007734882833236867,0.003208846766327429,0.00014597579031816466
2024-01-31,-0.010773844817812184,-0.051971289009852595,-0.02592033162109808,-0.003573120133376406,-0.016317333437426695,-0.010146409803576215,0.00014569426080690562
2024-02-01,0.0020173305485681092,0.009638371177790983,0.004884639237479282,0.003483260575270597,0.01308830865262034,0.0019102545930399807,0.00014597579031816466
2024-02-02,0.0009320293599218088,0.004253342347986244,0.002192124822576913,0.0014551627963377278,0.010527216370261216,0.0008869439790611686,0.00014597579031816466
2024-02-05,0.008078082094803077,0.037393414479752085,0.018893522579203292,0.0006394926439425852,-0.003640993954181493,0.007639248809337164,0.0004388361581066924
2024-02-06,0.00526407614632488,0.02520603115643749,0.012668469226802426,0.0006617733256188973,0.002903168652586663,0.004970333596623653,0.00014597579031816466
2024-02-07,0.0006873217992719553,0.003161843100368822,0.0016465159671692486,0.00046104543942937504,0.00834053589895456,0.0006564355269477325,0.0001462573271202583
2024-02-08,0.0014727394690984867,0.006844854556296687,0.003488021695132959,0.00023797112616996685,0.00044164522082601465,0.0013965593688232347,0.0001462573271202583
2024-02-09,-0.0019910955808276876,-0.009789256699740734,-0.004829033932885585,0.00015860967292402606,0.005779330147934525,-0.0018682533300550593,0.0001462573271202583
2024-02-12,-0.003574013484506538,-0.018582216546616293,-0.00909387049417898,0.0004908568472643537,-0.0004389136296578666,-0.0033433522199109384,0.0004396810377103044
2024-02-13,-0.01538226887040602,-0.07412491421985412,-0.03699686269294222,-1.1321908270023329e-05,-0.01377296729142019,-0.014490030291660915,0.0001462573271202583
2024-02-14,0.011400492510120501,0.05475928338066405,0.027445517655056095,0.0003887232516890382,0.009087588067783647,0.01075461640871315,0.00014682042259894779
2024-02-15,0.0016740293926024758,0.007943025764849176,0.004037107299409426,0.00018485473812868136,0.006899606452890561,0.0015866529946212164,0.0001462573271202583
2024-02-16,0.0010177917135883374,0.004605434163725608,0.0023683114988475307,-0.00222916242333715,-0.00497984725714451,0.0009677833035395858,0.0001462573271202583
2024-02-20,-0.007111156121746294,-0.03626490524785375,-0.01786944744058483,-0.0019090390162210813,-0.0055054870319337645,-0.006668913283162163,0.0005862843392869799
2024-02-21,0.0024573026417985663,0.011623899456711495,0.00587768491738716,0.0009393014324345916,0.0009057848609641539,0.002324843565533486,0.00014653887121363063
2024-02-22,0.003911199724751887,0.018518291937737796,0.009324881157900311,0.008396588389323334,0.020695666372427812,0.003695011196144904,0.00014653887121363063
2024-02-23,0.008031318154006793,0.03835482491228093,0.019243288420864646,0.0011219806899243068,0.0006895695586834893,0.007578505435518315,0.00014682042259894779
2024-02-26,0.0027539146924113796,0.011885772688984497,0.006140969036761312,-1.1244714984037785e-05,-0.003662551524605817,0.002621352727017722,0.00044137086399009817
2024-02-27,0.003584982128616731,0.016969209580739886,0.008550621534432645,0.001042021972420315,0.001857752328964013,0.0033875723493391064,0.00014710198127620977
2024-02-28,-0.003099971661863687,-0.015137099631134743,-0.0075026738508432445,-0.00015726390755876896,-0.001321565553773385,-0.0029133152886900897,0.00014682042259894779
2024-02-29,0.0029274395729766488,0.01382303312951394,0.006977251753788494,0.0010935305682988616,0.003594930455181,0.0027678059606970336,0.00014653887121363063
2024-03-01,-0.0005313087338201495,-0.0028055565586670994,-0.0013369023146093673,0.0019415151299768674,0.0093881963260678,-0.000492242766056255,0.00014682042259894779
2024-03-04,0.0008325385539590834,0.0025169695355597987,0.0014553001071071492,0.000507773413581214,-0.0010722965976445176,0.0008099443211554615,0.0004388361581066924
2024-03-05,-0.00860893857416206,-0.041677962891325415,-0.02077324625663124,-0.0018621348499096024,-0.009994155065539134,-0.008105929357650199,0.00014653887121363063
2024-03-06,-0.0004656696408485996,-0.0023929299590433883,-0.001130870562536912,0.0013683624141500594,0.005067159562645029,-0.0004301759167801102,0.0001462573271202583
2024-03-07,0.0009011292694861261,0.004017487376603679,0.0020744788773332523,0.0015569054543962402,0.009926432787449091,0.0008577981501630671,0.00014653887121363063
2024-03-08,-0.004975808843102597,-0.024222976730822188,-0.01204575317637957,-0.00015283907908858474,-0.006002115368710204,-0.004681506638049154,0.00014653887121363063
2024-03-11,0.0022518527739090392,0.009398022250007187,0.00489624890413265,0.0006300915310479827,-0.0008599039041066181,0.0021479348169462942,0.0004396810377103044
2024-03-12,-0.0005456009449138105,0.04968840337461411,0.024909936876338357,0.0011550614045545693,0.010757433271428418,0.00980926330263478,0.00014653887121363063
2024-03-13,0.0005735866017969837,0.005813056845757059,0.0029724043876024897,0.00022702404966246092,-0.0015673968764642332,0.0011714904634794836,0.00014682042259894779
2024-03-14,-0.0005297646653320422,-0.026685312587874543,-0.01327678032921309,0.00010790496920987103,-0.0019767828947167,-0.005167174448800118,0.00014682042259894779
2024-03-15,-0.004275526725043121,-0.01766519342204187,-0.008766720746296808,0.00010789332698379894,-0.006866743124979258,-0.0034124524286720834,0.00014682042259894779
2024-03-18,-0.0002545738561409872,0.022021140921632876,0.011208230690925802,0.003426173585354908,0.005943061528971283,0.004628397304326281,0.0004405259396711436
2024-03-19,0.00014682042259894779,0.026895127484679593,0.013513439707063757,0.0026433449250000685,0.005557288579335129,0.005328855966768923,0.00014682042259894779
2024-03-20,0.00014653887121363063,0.0240282197190389,0.012079845048551086,0.0032168964713974457,0.009249036592957394,0.004746192993498252,0.00014653887121363063
2024-03-21,0.00014653887121363063,0.007128463515160721,0.0036299669466117734,0.0010614889594091625,0.003304849819421918,0.0014332149054299922,0.00014653887121363063
2024-03-22,0.00014682042259894779,-0.0017132530911163624,-0.0007907505808341098,-1.8409086725235113e-05,-0.0018958882911405128,-0.00028694341660739247,0.00014682042259894779
2024-03-25,0.0004396810377103044,0.0058674199326669285,0.003130947745462631,0.00036082474226795114,-0.0027628828742373157,0.0014542008097408043,0.0004396810377103044
2024-03-26,0.0002722923135126238,0.004494240401109906,0.0023127146175399016,-0.00018770841154525097,-0.001846783241131189,0.0009310564190735975,0.0001462573271202583
2024-03-27,0.003740908246174662,0.017766854938158883,0.00894888111766301,0.002260286327476546,0.00840390077811115,0.0035344187984393516,0.00014597579031816466
2024-03-28,-0.003931631508580565,-0.019055249719581724,-0.009462171211207182,1.1018838540932663e-05,-0.00019133319480790778,-0.003697240682909833,0.00014597579031816466
2024-04-01,-0.000756586641028256,-0.005579111904414957,-0.0025271141043935463,0.0005950107248848813,-0.001739567191886504,-0.0006793499929083929,0.0005851576682305293
2024-04-02,-0.005995720311131958,-0.02903950498858332,-0.014454158077306878,-0.0012920939998386505,-0.006358219320719338,-0.005642824296876815,0.0001462573271202583
2024-04-03,0.0013000851727938887,0.00611353819230076,0.00312222274473406,0.0006358564214148377,0.0010985382314134817,0.0012340152534955973,0.00014597579031816466
2024-04-04,-0.00969363975641764,-0.046820735878427944,-0.023344914290630236,-0.004914654706938748,-0.012206156048329309,-0.009128321318323558,0.00014597579031816466
2024-04-05,-0.0035737061276820965,-0.017267074150773443,-0.008568224191558782,0.004101008087586511,0.010447018952042697,-0.003359671747795493,0.00014569426080690562
2024-04-08,0.00827777538771287,0.03839525922354947,0.019394444951102097,0.0018748621424895529,0.0005593091305018394,0.007827569453249663,0.0004388361581066924
2024-04-09,0.0016926518506367207,0.00802234243538491,0.004076765634677182,0.0007742266906394235,0.0011566363372665922,0.0016040826251680054,0.0001462573271202583
2024-04-10,-0.0032666898802778182,-0.015930639789794476,-0.0078997254779124,-0.0027205297333368073,-0.010013044315522523,-0.0030705624475855266,0.0001462573271202583
2024-04-11,0.0034755037196310848,0.016499734071452776,0.008315743000450349,0.003198541171107294,0.007546903226827606,0.003284396573654564,0.00014682042259894779
2024-04-12,-0.01776859120408856,-0.0856104433525744,-0.042739345711563126,-0.005167314718784399,-0.013803095003119714,-0.016739261057875605,0.00014682042259894779
2024-04-15,-0.00019721062743070263,-0.054675878028037195,-0.0271402787839089,-0.006649254583565134,-0.01252803368870603,-0.010462949087613981,0.0004405259396711436
2024-04-16,0.005681467968945391,0.029870448163356933,0.015001100046402538,-0.0005340176670844965,-0.0018238319017802596,0.005888269770739936,0.00014682042259894779
2024-04-17,0.003014446662222446,0.014225567090975444,0.007178659510211682,-0.004897777447961049,-0.005918270351811028,0.002849898928952693,0.00014682042259894779
2024-04-18,-0.001984412666178308,-0.009851923784130467,-0.004860085927341107,-0.0022670494798463503,-0.0020577939825845437,-0.0018618824965288875,0.00014682042259894779
2024-04-19,-0.0051768963159935484,-0.025213856951022184,-0.012541052510787076,-0.0020965535798372903,-0.008728498431332055,-0.00487098837614142,0.00014682042259894779
2024-04-22,0.01598676717835145,0.07536597741068651,0.03788064893545284,0.0068870987675127004,0.009209351711512381,0.015093839040153448,0.0004405259396711436
2024-04-23,0.008375562038668134,0.040187472220689635,0.020159189758928386,0.0050881499665254015,0.011866554141672037,0.007903278407740197,0.00014597579031816466
2024-04-24,0.002319808141104698,0.010958903202326953,0.005545327565887437,0.00044036887369158784,-0.00047465050058881353,0.0021952546836775263,0.00014682042259894779
2024-04-25,-0.0004918933953249978,-0.02136646951963983,-0.010617218015757102,-0.0013575146016044926,-0.003798882876045906,-0.004122461284529937,0.00014710198127620977
2024-04-26,0.00626830324547646,0.032993478814046906,0.016562756151086155,0.00384472923920276,0.009473954705583099,0.006530756602973123,0.00014710198127620977
2024-04-29,-0.00021081392208195117,0.015595836061204071,0.007995578260711289,0.0018301367436850402,0.003541505172151682,0.00335887256288525,0.0004405259396711436
2024-04-30,0.00014682042259894779,-0.027543406324649244,-0.013705827197600495,-0.004916873531383259,-0.015841202007279565,-0.005338815606803508,0.00014682042259894779
2024-05-01,0.00014682042259894779,-0.004870253134868219,-0.0023692506027099824,-0.0003775274910337023,-0.0032473271186207464,-0.0008999388217717859,0.00014682042259894779
2024-05-02,0.00014710198127620977,0.031426961475664816,0.01577949748189522,0.003984048993435296,0.00935338123585705,0.006235390332296615,0.00014710198127620977
2024-05-03,0.00014682042259894779,0.03431854161270653,0.017225146771077338,0.003986679107367497,0.012395444330334904,0.0067797288328320425,0.00014682042259894779
2024-05-06,0.0004405259396711436,0.026022456846351405,0.013208888653285511,0.0016970694329143665,0.010326937868587072,0.0053988002952543536,0.0004405259396711436
2024-05-07,0.00014682042259894779,0.006397101290447793,0.003264426609947968,0.00037770997741071177,0.0011034871849393557,0.00130483832733715,0.00014682042259894779
2024-05-08,0.00014682042259894779,0.009320778858325829,0.004726265393887097,0.0003702359612756112,9.647831665016149e-05,0.0018937267071968409,0.00014682042259894779
2024-05-09,0.00014682042259894779,0.0044841391459973234,0.002307945537722844,0.0003774276291683698,0.005761836361708905,0.0009424732073523024,0.00014682042259894779
2024-05-10,0.00014682042259894779,0.015050303681236832,0.007591027805342376,0.0002417555851033093,0.0012882267143718984,0.0030182821947015563,0.00014682042259894779
2024-05-13,0.00044137086399009817,-0.012486030001525705,-0.006044932308493678,0.0004980426192646714,0.00013427903738949531,-0.0021395645048282565,0.00044137086399009817
2024-05-14,0.00014682042259894779,0.01930793504053896,0.009719843484993662,0.00013542943943178898,0.0045879749181616525,0.0038466509158715974,0.00014682042259894779
2024-05-15,0.006902977355451128,0.03653627532704906,0.018333872852555944,0.00019762701195280563,0.012383318564627155,0.007217710255486239,0.00014653887121363063
2024-05-16,0.0006285592670163291,0.0028788264539048036,0.0015052891916764732,0.00015733856331601181,-0.002057648556520686,0.0006011813679536229,0.00014682042259894779
2024-05-17,-0.0006191457613490438,0.009790238169814058,0.004960995049631434,0.001174365897292473,0.001437547504734793,0.0019852179846380144,0.00014682042259894779
2024-05-20,-0.00011570774191897314,0.001638823368509179,0.001017071914363843,0.001220492582036048,0.0011521850332256722,0.0006310209125012748,0.0004405259396711436
2024-05-21,0.0034569443256207066,0.016321718333180524,0.008226735131314333,0.0015255808521352776,0.0024525104683361665,0.0032667928291255934,0.00014682042259894779
2024-05-22,-0.004245608562555547,-0.020519502558209335,-0.010193875314380652,-0.0011406206725653734,-0.0028793326873322034,-0.003993132949561806,0.00014682042259894779
2024-05-23,-0.002827011582270347,-0.013692277805285036,-0.0067802629379184465,-0.003276188530421331,-0.007304331304737843,-0.0026559897882909352,0.00014682042259894779
2024-05-24,0.006327590289136283,0.030278456727875103,0.015205245108000254,0.004062942668584535,0.00661639739458697,0.0059726496254357865,0.00014710198127620977
2024-05-28,-0.003969602487678125,-0.020931844994073745,-0.010201790597440752,0.0009660567749745219,0.0006989438103297552,-0.0037074988476276057,0.0005885377717949059
2024-05-29,-0.00838347406438904,-0.04041024193816689,-0.020139104225020743,-0.0036237690111300402,-0.00700258401303977,-0.00789322423365714,0.00014710198127620977
2024-05-30,0.0007095681244842515,0.003365828301143514,0.0017489308946345705,-0.0034907394884877707,-0.006633807178978324,0.0006776016724806252,0.00014710198127620977
2024-05-31,0.00641758619355636,0.030649153496713488,0.015390593492419669,0.005454358718537389,0.00910810741917989,0.006057380807264175,0.00014710198127620977
2024-06-03,0.001954222625334413,0.008130013687386972,0.004262667073803295,0.0008281256270223913,0.0008155968327914209,0.0018675066894851885,0.0004405259396711436
2024-06-04,-0.0005808865037601419,-0.004815583215967756,-0.0023417748639210645,0.0006196690238389202,0.0011176893023752132,-0.0009028557983807525,0.00014710198127620977
2024-06-05,0.00014682042259894779,0.019844375220724908,0.009988063575086858,0.004885067939237375,0.011885320959083678,0.003935582137420389,0.00014682042259894779
2024-06-06,0.00014682042259894779,0.006296478243638104,0.0032141150865432344,0.000659776473530993,-1.892158261529442e-05,0.0012652991349184329,0.00014682042259894779
2024-06-07,0.00014682042259894779,0.011102146974016014,0.005616949451731967,0.00033691623827603046,-0.0012153527220152283,0.0022188095784625916,0.00014682042259894779
2024-06-10,0.00044137086399009817,-0.0007381857408251813,-0.00017101017814369346,0.0015138016702518353,0.0030894414176954044,0.000144004194103266,0.00044137086399009817
2024-06-11,0.00014682042259894779,0.0008432210097903958,0.0004874864696191583,0.0008497743577875472,0.002408454165642615,0.0002120343088127443,0.00014682042259894779
2024-06-12,0.0038848067718056855,0.022116944331073363,0.011124348130260753,0.002052178814144101,0.008213258473934504,0.004383540653997732,0.00014682042259894779
2024-06-13,0.00043972350804873664,0.0020165240419878216,0.0010741379857182043,0.00044348776081948316,0.0020131698731635783,0.00042307786052290885,0.00014682042259894779
2024-06-14,-0.0005774184540630347,-0.03315451400887981,-0.016511381039715722,0.00016217969510234909,0.0006083905301905723,-0.006455847120459602,0.00014682042259894779
2024-06-17,0.0004405259396711436,0.007124983937547569,0.00376015219888326,0.0006486135884544719,0.00795914268166964,0.0016700515471220984,0.0004405259396711436
2024-06-18,-0.00031752415632444245,0.0017300250523499816,0.0009308884908991732,0.00024127189902589663,0.0025403672954413814,0.00038683228580191863,0.00014682042259894779
2024-06-20,-0.00040559851055119904,-0.03225940993231524,-0.01599822385127414,0.0003132177907705369,-0.0027164308955263117,-0.006148576075125588,0.00029309921606834877
2024-06-21,0.003855659517918663,0.021720750742437955,0.010926110560250724,-0.0006226403550128046,-0.0013404905811840173,0.004288832596563259,0.00014653887121363063
2024-06-24,0.0010885737108498668,0.0039005080589358254,0.0021470693687950515,-0.0003709359109178578,-0.003250874547484739,0.0010514155189449432,0.0004388361581066924
2024-06-25,0.0045359339214062185,0.02158538968136381,0.010858430029713206,0.0021255669679687283,0.0038510843277832496,0.004283797153800037,0.00014653887121363063
2024-06-26,0.0022259602637313895,0.010564014500726415,0.005347601667347934,0.001193544792082335,0.0012481516847460128,0.002106655409141825,0.0001462573271202583
2024-06-27,0.0018911983838167314,0.008909897565281488,0.004520683971672046,0.001127488823856826,0.0015764722821611787,0.0017910549890431471,0.00014653887121363063
2024-06-28,-0.0030531085671721137,-0.014861506088742704,-0.007365158627386625,-0.0013952203838470956,-0.003935321239167622,-0.002869237846396026,0.0001462573271202583
2024-07-01,0.008504884135264184,0.03953295673389978,0.019962871277653393,0.002359744271244857,0.0020581855488281953,0.00804157907313703,0.00043799130085919735
2024-07-02,-0.0005728075745112461,0.012713878532664813,0.00642267445536393,0.0026014325795391535,0.006729604332527339,0.002510601869643012,0.00014653887121363063
2024-07-03,-0.00155327166614787,-0.004080826859827691,-0.001974678240882488,0.0013438026039749307,0.004462763867459474,-0.0007604476639132352,0.00014653887121363063
2024-07-05,-0.00022155077120676684,-0.0018597447352937113,-0.0007983912527633752,0.001602546943204164,0.005766491945481622,-0.00019194935697249598,0.00029309921606834877
2024-07-08,0.0033769918752216206,0.014834555687346374,0.007614093183000437,0.0009086762546857141,0.0011538005911406746,0.0032082157626714854,0.0004388361581066924
2024-07-09,7.699818536476016e-05,0.00021959784422165285,0.00017539333909577515,0.00045926595771184076,0.0009724431209321427,8.109686111259044e-05,0.0001462573271202583
2024-07-10,0.0010284603527225481,0.004728091469295093,0.002429640151632162,0.0005764878368184068,0.009895287551016096,0.0009777797018328096,0.0001462573271202583
2024-07-11,-0.0010155201788598826,-0.005077595930127465,-0.002473203548079006,8.179988192358323e-05,-0.008622552942059936,-0.0009487390030650627,0.0001462573271202583
2024-07-12,0.0029006546098266847,0.01374739805681835,0.006939011912237447,0.0006330081757630612,0.006307531646837727,0.0027424292754001586,0.00014569426080690562
2024-07-15,-0.00275776184121525,-0.014595613294475007,-0.007101836153980523,0.000522434473567257,0.002750070829395712,-0.0025741071752639977,0.00043714646596626494
2024-07-16,-0.0015843723943041398,-0.007774763214592029,-0.0038222094845782317,0.0002202314561563501,0.0059302288745983756,-0.0014848736482538953,0.00014541273858625914
2024-07-17,-0.0067751008695285525,-0.03284450193690125,-0.016357078845732675,0.00011719415875899308,-0.014021236273249915,-0.0063774621370625405,0.00014541273858625914
2024-07-18,-0.006615465664015929,-0.03198791161022885,-0.01592878368239692,8.8773049922386e-05,-0.0076847190254574205,-0.006226797348802659,0.00014541273858625914
2024-07-19,-0.008204785463869834,-0.03964464001177204,-0.019757007122057857,-0.0003373076458768054,-0.006640697294749476,-0.007724813632132332,0.00014569426080690562
2024-07-22,0.011457884577718238,0.053708430811685304,0.027049763492830392,0.005839167172798865,0.010309785294191798,0.010825031629760567,0.00043630165342722904
2024-07-23,0.0015535153550035687,0.007353529708718831,0.0037417962196117927,-0.00017302809764430105,-0.0015684496898503708,0.001472989385607356,0.00014513122365578113
2024-07-24,-0.02838106323384253,-0.13670395752124498,-0.06828708814919027,-0.012997012099935756,-0.02266248419924921,-0.02674223232208539,0.00014484971601524954
2024-07-25,-0.0009915992735286998,-0.004628943857003964,-0.00224958131706976,-0.0035568342028612365,-0.005210285632945788,-0.0009251944637185467,0.00014484971601524954
2024-07-26,0.01134919075379494,0.0542089750168826,0.027169237369697896,0.008234339313673456,0.01119944327354605,0.010705531854588453,0.00014456821566399825
2024-07-29,0.0034118778519116855,0.01508509672151237,0.007736406934422568,0.0012964763624576658,0.0005879962030470587,0.003241104194295914,0.00043292262678451543
2024-07-30,-0.006156193404746094,-0.02987087250912812,-0.01487096788272535,-0.003432636727434435,-0.0050667192191087285,-0.005794152105005742,0.00014400523682844835
2024-07-31,0.005403122698378688,0.02573739751595161,0.012933026390572033,0.009590948029697177,0.016254766835731793,0.005101202011509244,0.00014372375834326157
2024-08-01,-0.018110230581732688,-0.08729268359451647,-0.043581873425419415,-0.007954830703525206,-0.014160670298412503,-0.017061380894529066,0.00014400523682844835
2024-08-02,-0.0003824911934083771,-0.24163803063074552,-0.1207549691503298,-0.014650905034622519,-0.01861869198420285,-0.047359518683830856,0.00014316082323651003
2024-08-05,0.0004236321469912596,-0.42345622537135374,-0.21153889935190717,-0.026543839471076414,-0.029123613524364655,-0.08282155065970045,0.0004236321469912596
2024-08-06,0.00014231647522922053,0.18887433962720923,0.09450079380464405,0.009385205854050005,0.009219499820192212,0.03692457350709841,0.00014231647522922053
2024-08-07,0.00014231647522922053,0.04174560368490887,0.020936425833493866,-0.006695549428909042,-0.0066838488168313726,0.008189145950468163,0.00014231647522922053
2024-08-08,0.00014231647522922053,0.0848309566269807,0.04247910230452967,0.022367650655539695,0.0231172195452638,0.016704027115983365,0.00014231647522922053
2024-08-09,0.00014231647522922053,0.13516031378832638,0.0676437808852024,0.004657653412591944,0.0044095475592684785,0.02654139026638534,0.00014231647522922053
2024-08-12,0.00042701019050728206,0.0016627249834522129,0.001022264847253762,0.0011220348155498439,0.0005255346745356437,0.0005684604737270207,0.00042701019050728206
2024-08-13,0.00014175361298862654,0.08145377004865795,0.040790227584247996,0.01568727791672364,0.016445457845939204,0.01605262478927416,0.00014175361298862654
2024-08-14,0.004782966137304125,0.06741125155966388,0.03376882762965483,0.003750368117968028,0.0031548723144527724,0.013237938858187012,0.0001414721927963658
2024-08-15,-7.267060356526105e-05,0.03567383325248352,0.01790025918616056,0.012948221254454051,0.017140221567987446,0.007019098842737898,0.00014175361298862654
2024-08-16,0.00014231647522922053,0.0037466520679887427,0.0019369500250336902,0.0013958731011762815,0.002242351542737886,0.0007799152996677756,0.00014231647522922053
2024-08-19,0.00042616564612174557,0.021460235899904978,0.010920598033287598,0.004195721339982361,0.009561215736010764,0.004519882578034336,0.00042616564612174557
2024-08-20,0.0001414721927963658,-0.04452275395304828,-0.022198175126701414,-0.001075780027276152,-0.0016261807830850739,-0.008676958544406298,0.0001414721927963658
2024-08-21,0.00014090937426658456,-0.011572624708683699,-0.005723391913783904,0.0010526206084353618,0.0034364727325479905,-0.0022448834526031603,0.00014090937426658456
2024-08-22,-0.003482639661024107,-0.04700705879596345,-0.02344089035212027,-0.0027068671136466493,-0.00784845185577876,-0.009168435109211906,0.00014034658487349638
2024-08-23,-9.160930194938849e-05,0.06227277242954887,0.031199306655332215,0.004186153332219611,0.010625195728030556,0.012237969115844944,0.00014090937426658456
2024-08-26,0.00017531348405498432,0.00033518260055243054,0.0003551157909682523,0.00045741374112462374,-0.002383488091250663,0.00031817490395219804,0.0004202544608360448
2024-08-27,-8.738562264106248e-05,0.021702154030331267,0.010913153315333046,0.0009109455476237205,0.001373017749602301,0.0043118622586381244,0.0001392210934854088
2024-08-28,0.0001392210934854088,-0.057217404787306636,-0.028546626093485905,-0.0021316796666828175,-0.005805323569158638,-0.011179324512993622,0.0001392210934854088
2024-08-29,0.00013865839148441417,0.03534392227282668,0.017733756085580143,0.0012345764639787316,8.952696107789038e-05,0.006948803167785919,0.00013865839148441417
2024-08-30,0.002083469820991394,0.030080114571324534,0.01510213358582968,0.003065317234356435,0.009545995350848102,0.005930652994851296,0.0001392210934854088
2024-09-03,0.0003766152204655868,-0.20382314414618596,-0.10166320871948797,-0.007244500153660627,-0.020579015735476047,-0.039574688403495734,0.0005570006798127913
2024-09-04,0.0001389397388440461,-0.020311125029411348,-0.010093626891859109,-0.0010052138949082634,-0.002046921726743367,-0.004040569354719659,0.0001389397388440461
2024-09-05,0.00013865839148441417,0.041563510699629935,0.02084355029898166,-0.0003516566160187695,-0.0024321951977047673,0.008205715644777498,0.00013865839148441417
2024-09-06,0.00013809571860834424,-0.07416842523715861,-0.037022699005850535,-0.010553409656892332,-0.016829947206623563,-0.014503318245332315,0.00013809571860834424
2024-09-09,0.00041350016031138637,0.06771393999390218,0.03404111733738069,0.00928960402138812,0.011196235674205912,0.013537902824347177,0.00041350016031138637
2024-09-10,0.00013668916381881502,0.02077479221139278,0.010448206441030727,0.003163364955357295,0.00435549785314393,0.004096899614299068,0.00013668916381881502
2024-09-11,0.0001355640510036782,0.04272967910095149,0.02142508732940218,0.0054306445500595935,0.01025910204694691,0.00842825884003147,0.0001355640510036782
2024-09-12,0.00013668916381881502,0.007756744620060596,0.003939182645364303,0.004132245693992509,0.008423251468383519,0.0015548908382058177,0.00013668916381881502
2024-09-13,0.0001355640510036782,0.003147698306482427,0.0016340969321675392,0.0017872885558434248,0.005222644664893306,0.0006722720161060272,0.0001355640510036782
2024-09-16,0.00040083969675319686,-0.010524717304101983,-0.005084541543400323,0.0010003334444814715,0.0014769167123513949,-0.0017780612088169447,0.00040083969675319686
2024-09-17,0.00013275177830784912,-0.020864263983983777,-0.010373290349413256,0.0002575602519283571,0.0004087469851710157,-0.004039381916583059,0.00013275177830784912
2024-09-18,0.00013275177830784912,0.015475126553020413,0.0077964049190886175,0.0008583131057544602,-0.0029658479197016696,0.0030839917817415425,0.00013275177830784912
2024-09-19,0.00012994023294399248,0.03810876423147613,0.01911181798563466,0.0010119409026512205,0.01706424515871352,0.007522383442738081,0.00012994023294399248
2024-09-20,0.00012881581836765577,0.003978604149626808,0.002046175737421718,0.0007539048846183505,-0.0017285074951538526,0.0008117126818585462,0.00012881581836765577
2024-09-23,0.0003822800933759307,-0.002224603120377644,-0.000943764253226842,0.0024038296910633417,0.0024987362915100952,-0.00016456540068546734,0.0003822800933759307
2024-09-24,0.00012656733805904707,-0.001449391406677436,-0.0006689462808845414,0.00159529405334502,0.0028613586038446215,-0.0002313561132601358,0.00012656733805904707
2024-09-25,0.0001257242778276435,-0.014241492237326181,-0.00706541822632456,-0.00045020003205975545,-0.0022054765727956838,-0.002740061129152208,0.0001257242778276435
2024-09-26,0.0001260052906402187,0.0017573402348327605,0.0009341385161611981,0.0014842819658034134,0.00396478642197029,0.00038995972720062453,0.0001260052906402187
2024-09-27,0.0001257242778276435,-0.04727437462598383,-0.023581859420653606,-0.0009744264171771544,-0.0014505089383494152,-0.009217615995903346,0.0001257242778276435
2024-09-30,0.00037722025525210867,0.02224684494043605,0.011289429858118094,0.0024657253939022183,0.004007205167527728,0.004605597109372895,0.00037722025525210867
2024-10-01,0.0001262863107172052,-0.07715178118856192,-0.03852028168549759,-0.004079022123336773,-0.00895821466064195,-0.015087386416566692,0.0001262863107172052
2024-10-02,0.0001257242778276435,0.013877920938440536,0.006994288361558798,0.0007856693903205425,0.0004216941430417176,0.002733402232205102,0.0001257242778276435
2024-10-03,0.0001251622739937286,-0.04497516902582366,-0.02243253762249031,-0.0007748127820216277,-0.001828107810720736,-0.008770352378411266,0.0001251622739937286
2024-10-04,0.0001251622739937286,0.03926038805279197,0.019685240916817337,0.004884763977086148,0.009087448005743015,0.007731518302828929,0.0001251622739937286
2024-10-07,0.00037975007407764494,-0.09152809283200469,-0.045596774118689676,-0.0031987544913435473,-0.00904048377785971,-0.017694434962181323,0.00037975007407764494
2024-10-08,0.00012712941453818516,0.04066237321706656,0.02038721706922697,0.004358264333164996,0.009457613071693016,0.007983373132575614,0.00012712941453818516
2024-10-09,0.00012656733805904707,0.027128766225343437,0.013620132535125729,0.002393774149955563,0.006926470123619355,0.005356470797154014,0.00012656733805904707
2024-10-10,0.00012684837266574434,-0.013377113470023017,-0.006632666795253983,0.0006808504872652943,-0.0017500547466894334,-0.0025801957850255124,0.00012684837266574434
2024-10-11,0.00012684837266574434,0.011330468740828215,0.005721124310171577,0.001438629747478215,0.005988147264049948,0.0022734531575697653,0.00012684837266574434
2024-10-14,0.00037975007407764494,0.03691371143715472,0.018624128015890085,0.0012675556456929193,0.008178509793848932,0.00750837289905525,0.00037975007407764494
2024-10-15,0.00012656733805904707,-0.03526431167500166,-0.01757640641504643,0.00019242454932144604,-0.007769767135678229,-0.0068813780705010135,0.00012656733805904707
2024-10-16,0.0001262863107172052,0.01313773305778021,0.006624475437673416,0.0003577732999862082,0.004346544896921323,0.0026226966642813702,0.0001262863107172052
2024-10-17,0.0001260052906402187,0.01504355781339628,0.00757724730544318,0.00019906674809289093,8.589625341137719e-05,0.00300930208351242,0.0001260052906402187
2024-10-18,0.00012684837266574434,0.024473417219907034,0.012292598549711098,0.0006240681145046612,0.003846341905922479,0.004857184644577135,0.00012684837266574434
2024-10-21,0.00037975007407764494,-0.0024085081580124124,-0.0010369817816935356,3.0341135500266958e-05,-0.001642085586487707,-0.00020394845765786497,0.00037975007407764494
2024-10-22,0.0001260052906402187,0.0042562615842896,0.002183599190889618,2.359794495609968e-05,-0.0005312147796041611,0.0008987880061622976,0.0001260052906402187
2024-10-23,0.0001260052906402187,-0.05207327150861063,-0.02598116735556044,-0.00478689873012339,-0.009137361442768999,-0.010149554883643871,0.0001260052906402187
2024-10-24,0.0001262863107172052,0.01815929280386208,0.009135255310714241,0.0016462132015460096,0.0021627712512073405,0.003596065409067484,0.0001262863107172052
2024-10-25,0.0001257242778276435,-0.04823232135089084,-0.024060832783107,-0.0004227128697469329,-0.0003455078960682423,-0.009403509257637613,0.0001257242778276435
2024-10-28,0.0003789067788626532,0.05137117921497003,0.025852440257190246,0.002425706398181182,0.003091450291027975,0.010330181737140924,0.0003789067788626532
2024-10-29,0.00012544327227881347,0.0024410737758921996,0.001275724277510104,0.0011103573730766314,0.0016184206240155152,0.0005123689119914292,0.00012544327227881347
2024-10-30,0.00012544327227881347,-0.025797791168857498,-0.01284370819486469,-0.0013349964602367148,-0.0030252079193149317,-0.004995130887914173,0.00012544327227881347
2024-10-31,0.00012488128297194478,-0.07557183253809874,-0.03773100987413902,-0.012456368951572094,-0.019603209549842626,-0.014769607017825244,0.00012488128297194478
2024-11-01,0.0001240383534819589,0.018066471993665623,0.009087720926998388,0.0034969098665500464,0.004220527329819701,0.0035664222867791305,0.0001240383534819589
2024-11-04,0.0003696320012982479,0.043515881129018164,0.02192015382543233,-0.0006369925775036034,-0.0021538830639530326,0.008802519981278773,0.0003696320012982479
2024-11-05,0.010134909015801344,0.05117812969516855,0.025643549777750074,0.008834958074851684,0.012091923207668609,0.010074378783653453,0.0001240383534819589
2024-11-06,0.02086859317668701,0.1002023997726913,0.050155544335524826,0.014903436811590343,0.02486551113564439,0.019677167744529687,0.00012375739150916054
2024-11-07,0.006448803550611924,0.031108027290019935,0.015608498575175656,0.0023569909082736817,0.00773203309946191,0.006086096265655773,0.0001240383534819589
2024-11-08,0.0012803439956174658,0.006018378402262714,0.003063533650310424,0.0008037437186765306,0.0043316698038256,0.0012141212264729596,0.00012375739150916054
2024-11-11,0.0007259883931373237,0.0022431773461497606,0.0012846449953982653,0.0007533194173887647,0.000952955482500295,0.000705657001563676,0.0003713181240989627
2024-11-12,0.0006511093931586507,0.0028853523932670377,0.0014970206458126967,0.0002586549940311045,-0.003106436676122093,0.0006208284211486076,0.00012375739150916054
2024-11-13,0.004907200693804353,0.023344488284072984,0.01172658859121567,0.00029505566274812267,0.00048582421637055617,0.004632418543487358,0.00012375739150916054
2024-11-14,5.321135490839833e-05,0.00010316819493971785,0.00010550712547341412,0.0001657127138108283,-0.006430176239068386,5.738765273204761e-05,0.00012291454915791533
2024-11-15,-0.01386164058180503,-0.0668679941723751,-0.033379933588089106,0.000324743105007963,-0.012808560073861108,-0.013058227200371577,0.00012319548934747182
2024-11-18,0.007117991452099922,0.033196389949414984,0.016760408235630297,0.0028223602484471755,0.004097457137459903,0.0067308489473785526,0.0003696320012982479
2024-11-19,-0.007362842874813869,-0.035520910398591954,-0.01770625122747249,0.0009117125330744269,0.0036554208946959488,-0.006932537667364158,0.0001234764367978869
2024-11-20,-0.0069003151971802614,-0.03322538373399442,-0.016558628368898765,-0.000349831519820043,0.00033882283447983497,-0.006496563981373238,0.00012319548934747182
2024-11-21,0.0022132284978995903,0.010560880661382832,0.005334644302514846,0.0023176195208272077,0.0053682532931509375,0.0020934176619035725,0.0001234764367978869
2024-11-22,0.008433665937483539,0.04038146596920278,0.020245077433780567,0.0022200336628250827,0.0030993072050216064,0.007956345686842123,0.00012375739150916054
2024-11-25,0.007785302042045061,0.03637627582344671,0.018351194234047075,0.002215116030669817,0.003392035359627732,0.007359661844225943,0.0003713181240989627
2024-11-26,0.0023094809996207803,0.011069674959812703,0.0055890414517298925,0.0015838817892945833,0.0052218071478187245,0.00218415615689957,0.0001234764367978869
2024-11-27,-0.0005388966619968807,0.005546759551315672,0.002827302803661391,-0.00017679992142227707,-0.0030302308882491635,0.0011191682708706582,0.00012291454915791533
2024-11-29,0.003273570170586491,0.018333820368348963,0.0092747637941748,0.001516163680184368,0.006212042831218234,0.003736639165785487,0.0002458442063020261
2024-12-02,0.0015766193255511269,0.006481893779303638,0.003402317133696098,0.0010037961149493846,0.0017924255924715027,0.0015073182674202165,0.0003679459675407504
2024-12-03,0.002028922259237334,0.009618922908697813,0.004863103553052861,0.0004572981518622399,0.00046375270384491074,0.001919439538031515,0.00012235269055871356
2024-12-04,-0.0018475853932241565,-0.008999083478828718,-0.004446180555490731,0.0007280776790319354,0.006209523813462736,-0.0017343753637594605,0.00012179086099761705
2024-12-05,-0.0004133385979962676,-0.0021115460966312227,-0.0010025523163385008,0.0002446910204920716,-0.0016457159439817737,-0.00038254268759107206,0.00012150995710524803
2024-12-06,0.003772116548713728,0.017978632811047612,0.00904239668918394,0.0006197322756567036,0.0018958732359803943,0.0035623939649220026,0.00012122906047129511
2024-12-09,-0.004938561319731698,-0.024814292799339555,-0.012249147778016,0.00015646697568905132,-0.005149721108997141,-0.004633966360504089,0.0003612027227595238
2024-12-10,0.0006663772378020022,0.0031351597831672517,0.0016200984182641598,2.933296830098797e-05,-0.0031090694013231612,0.000635186518164981,0.00012010554651209482
2024-12-11,0.0021181178137597233,0.01003040113058895,0.0050675786618012975,0.0008050034057838218,0.007730669235131105,0.0020033406702130606,0.00011982468616444919
2024-12-12,-0.0014961817323485664,-0.0073122883960018425,-0.0036041873702477023,8.792554334724478e-05,-0.005152688195033672,-0.0014033204963266321,0.00011898214865690981
2024-12-13,4.163237430593257e-05,6.799566212212227e-05,8.553342270789521e-05,0.00031910909949361965,-0.00019849142384786855,4.608205878826016e-05,0.0001181396764444731
2024-12-16,-0.0037866094680667063,-0.019335759885556913,-0.009513252231538427,0.0004264281273294035,0.004269911396961534,-0.0035487096804761795,0.00035446090193214097
2024-12-17,-0.004764287939069688,-0.02300225873297601,-0.01144931295439744,8.134472593335218e-05,-0.004119931319041759,-0.0044836265690849685,0.00011870131733160427
2024-12-18,-0.034424754653782114,-0.1656045157641587,-0.08275030105432624,-0.007990655877979758,-0.029803582795307815,-0.032440114001030626,0.00011898214865690981
2024-12-19,-0.0004615410234037607,-0.09718053050220865,-0.048538448839013926,0.004407959252614724,-0.00030706341716957297,-0.019093712655573702,0.00011870131733160427
2024-12-20,0.0001181396764444731,0.15520010480848856,0.077651587995891,-0.0033926862957024406,0.012010900850058848,0.03043333638145179,0.0001181396764444731
2024-12-23,0.010616912961871432,0.06615122715984989,0.03323024129116492,0.003627034677990082,0.005988445688672739,0.013127334409396178,0.00035446090193214097
2024-12-24,0.009115548932618484,0.05721244417164706,0.028657898085878486,0.004338670975956083,0.01111496571409143,0.011222506920854563,0.00011842049326094006
2024-12-26,-0.00045137373047416236,-0.003785791263453131,-0.001788413146440293,0.00046157246687728026,6.65501538725799e-05,-0.000631375039651259,0.00023910195687393276
2024-12-27,-0.00788130153163485,-0.05019820093755789,-0.025047424468723878,-0.002716172925344318,-0.010526643697524762,-0.009798783748377919,0.00011842049326094006
2024-12-30,-0.0031584297038070083,-0.021814719324082743,-0.010754417139109407,-0.003560840527773168,-0.01141147485857641,-0.004059836405821177,0.0003510905253161223
2024-12-31,-0.0009256363860174426,-0.0062975298050693684,-0.003097229310887739,-0.0010364320581186526,-0.0036380710711456654,-0.0011980655414312682,0.0001181396764444731
2025-01-02,-0.003288675383292032,-0.022167401840287204,-0.010980622758358094,-0.0012600641487202635,-0.00245696071262691,-0.004197212212579788,0.00023629330987229302
2025-01-03,0.00908870140886155,0.05797033304690702,0.02903656171031921,0.007098032147597078,0.012503475553182541,0.011405630785035608,0.00011785886688198133
2025-01-06,0.0010679488186528588,0.005343343955812374,0.0028250357812369398,0.002762583747937697,0.00576051594844551,0.0012608346611952862,0.0003519330861141423
2025-01-07,-0.009564105623110547,-0.06335359209786184,-0.031625541263219814,-0.004160041535515968,-0.011303996052868137,-0.012378096785618365,0.00011757806457302067
2025-01-08,-0.00033583964014812553,0.007375134336792266,0.003738821954107463,0.0011763249133234233,0.001460938914927823,0.0014570833349027592,0.00011757806457302067
2025-01-09,-0.0019882663951967896,-0.01104655681214295,-0.005472023620360367,,,-0.0021187847241015637,0.00011757806457302067
2025-01-10,-0.008074974826735111,-0.05448659154937596,-0.027192040988976762,,-0.01526754467506164,-0.01063919807170089,0.00011757806457302067
2025-01-13,-6.799958547701904e-05,0.020769326961006085,0.010538869877987356,0.0021325599249339966,0.0015506829641329656,0.004298411953472208,0.0003536182744208194
2025-01-14,0.0025070909362065676,0.019277351633558704,0.009690211408426519,0.0014830674943036026,0.0013758344468568495,0.003822202265250245,0.0001181396764444731
2025-01-15,0.012764673324766362,0.08678833125154783,0.043445560812639394,0.011569102422025468,0.018190195001079656,0.017059996614070577,0.00011785886688198133
2025-01-16,-0.00030182581219318145,-0.0025000793777364416,-0.0011987849031571685,0.0010276628748706607,-0.0019233624070418287,-0.0004998667714779968,0.00011757806457302067
2025-01-17,-0.00028939525855692795,-0.007266111515887963,-0.003581800972232929,-0.00020661290426715606,0.010040007716690669,-0.0013770783727322005,0.00011757806457302067
2025-01-21,0.005810209605142541,0.041752237628584155,0.021080617646201505,0.005179306024656549,0.00915329782101093,0.00853709166623434,0.0004692716364214089
2025-01-22,-0.00027952526422186816,-0.012406503996922114,-0.006151856811595469,0.0020559078439308376,0.005621566306887038,-0.002422079508220172,0.00011785886688198133
2025-01-23,0.00011785886688198133,0.01607633288959165,0.00808956163166119,0.0016092941546075323,0.005458271387987157,0.0031843321496550993,0.00011785886688198133
2025-01-24,0.00011785886688198133,0.005296382918212661,0.0026995866459718076,-0.0003648700550504813,-0.002919573184018809,0.0010670530297457969,0.00011785886688198133
2025-01-27,-0.01481681389969363,-0.06952820981371532,-0.03461031981200957,-0.005673559037672304,-0.014145373249831561,-0.013394812066023347,0.00035277566914859726
2025-01-28,0.007633281498975095,0.03675294678058405,0.018427587778475196,0.004147426856520919,0.008592367483196917,0.007202023328010061,0.00011729726951736907
2025-01-29,0.0008277610294184705,0.003932135431438777,0.0020171821039030036,-0.0013949371797256083,-0.004482878431069759,0.0007871850189009771,0.00011729726951736907
2025-01-30,0.0010757215397556503,0.005009110846895259,0.002555669811631134,0.0028034051899925583,0.0053671737979417156,0.0010206875374896372,0.00011729726951736907
2025-01-31,-0.007055025257116414,-0.034066703736788884,-0.016982377874112498,-0.0020398360445754715,-0.005321960616874288,-0.006642966885192034,0.00011701648171436041
2025-02-03,-0.0002495558971451537,-0.021424180286228278,-0.010558726339783164,-0.003054777421600985,-0.006729511705033997,-0.003977420242893263,0.0003519330861141423
2025-02-04,0.00011785886688198133,0.03044170099709209,0.015272245685411523,0.004477117135675002,0.006708161702583926,0.005999911107034429,0.00011785886688198133
2025-02-05,0.00011785886688198133,0.02005242598976298,0.010077608181747522,0.002454483116616668,0.004054667008907664,0.003954650378054773,0.00011785886688198133
2025-02-06,0.0008218492562867567,0.006691839991745496,0.0033973151827382253,0.0016973098757224747,0.0034755049668830917,0.0013406278814914881,0.00011785886688198133
2025-02-07,-0.007355574133585807,-0.035510818351097484,-0.017704013988683043,-0.0025623925023692262,-0.009153457596513759,-0.006926190496597721,0.00011785886688198133
2025-02-10,-0.0002718639848059728,0.028132528753566977,0.014221313412898784,0.0037974764537265226,0.006791203486450792,0.00574184188898755,0.00035530355168322814
2025-02-11,-0.0010837944357590446,-0.002517279172566056,-0.0012071039946360829,0.0006501722637786145,0.0007604748177987286,-0.0004698065617016962,0.0001181396764444731
2025-02-12,0.0007429780586211354,0.003395237005080709,0.0017491540941871886,-0.0002611739450324446,-0.003221568200672875,0.0007070993876913716,0.0001181396764444731
2025-02-13,0.003704758957968351,0.017634670379939932,0.008868870781617133,0.0026697675900408946,0.010557829640788441,0.00349873425458596,0.0001181396764444731
2025-02-14,0.000860695589368199,0.004019769115159111,0.0020612797444452546,0.0006736082205622829,-4.929908037309971e-05,0.0008181377018957279,0.00011785886688198133
2025-02-18,0.0012766872801109547,0.004514064325452871,0.0024626545856012427,0.0010891136266215629,0.002935940699366979,0.0012304580630159731,0.0004715188183521679
2025-02-19,0.0027114449253621995,0.012869026500687664,0.006486048841990888,0.0002442289027462241,0.0023548634015368997,0.002562491209137599,0.0001181396764444731
2025-02-20,-0.0014316375994420933,-0.007011882983986806,-0.003454546305127759,0.00018709073900824436,-0.0041604218033111096,-0.0013425347488132413,0.00011785886688198133
2025-02-21,-0.01481597557352974,-0.07136743602909268,-0.035632463228835176,-0.00623307779616622,-0.0171040640568626,-0.013958013816235943,0.00011757806457302067
2025-02-24,-0.001115687790667515,-0.0062934266027006025,-0.002992928206501988,-0.002488451034940442,-0.004550399360666035,-0.0010308268158671756,0.00035277566914859726
2025-02-25,-0.0004732329846511863,-0.0024523528598006106,-0.0011752024356185276,-0.003284634180664492,-0.004973235667949494,-0.0004392821810489095,0.00011701648171436041
2025-02-26,0.0034982002294954772,0.016622997640162174,0.008362472814362532,0.00032409086095874784,0.0005048990709795032,0.0033039712850971934,0.00011701648171436041
2025-02-27,-0.012045795434706732,-0.058041197502208264,-0.028969484362920683,-0.012205605917714024,-0.015961874391830944,-0.011346941398006169,0.00011729726951736907
2025-02-28,0.004773268386123203,0.022918528407320782,0.011510378591844006,0.0122979700393262,0.015605413850941607,0.004506178195754638,0.00011729726951736907
2025-03-03,-0.017831529959504717,-0.08680983600990944,-0.04325155420162363,-0.013457417459034171,-0.017519912848197983,-0.016786784153535968,0.0003519330861141423
2025-03-04,-0.00043057810968788143,-0.023050305889833367,-0.011473898159205409,-0.010864016076532534,-0.011836837733235739,-0.004518079135638518,0.00011757806457302067
2025-03-05,0.00011729726951736907,0.04768515021726283,0.023893689496814696,0.010171341407287704,0.010747988817991994,0.009390029835531794,0.00011729726951736907
2025-03-06,0.00011757806457302067,-0.11153408647424823,-0.055715788451412784,-0.016711034164057836,-0.017751257604895265,-0.021847776170291197,0.00011757806457302067
2025-03-07,0.00011729726951736907,0.048717127634865465,0.024409678205616014,0.005460918029965622,0.005604785572778992,0.009545087085331888,0.00011729726951736907
2025-03-10,0.0003519330861141423,-0.11477516560497647,-0.05723421899915715,-0.025796831436781797,-0.02663562879515402,-0.022277510238083404,0.0003519330861141423
2025-03-11,0.00011701648171436041,0.004717499617611587,0.002409723803087793,-0.008065279091769129,-0.008312773804027063,0.0009226472492891976,0.00011701648171436041
2025-03-12,0.00011729726951736907,0.049926936909332253,0.02501458284284941,0.004768830921099587,0.005306455323443426,0.009845359218678372,0.00011729726951736907
2025-03-13,0.00011757806457302067,-0.04483223734325137,-0.022364863885914632,-0.013282571625199524,-0.01333046625507539,-0.008762969397075573,0.00011757806457302067
2025-03-14,0.00011729726951736907,0.08996831162499963,0.0450352702006831,0.020113037054852123,0.020655846459250116,0.017673885562772274,0.00011729726951736907
2025-03-17,0.0003519330861141423,0.03688409654609548,0.018595412076378492,0.007904778905321042,0.007711466552019708,0.007435755025165252,0.0003519330861141423
2025-03-18,0.00011729726951736907,-0.028222286323599688,-0.01406002877361634,-0.010713235490683592,-0.010808442389978246,-0.005501037885351923,0.00011729726951736907
2025-03-19,0.00011729726951736907,0.035301916350233276,0.01770207256329992,0.010684006080054154,0.01089071073712744,0.006962059222537987,0.00011729726951736907
2025-03-20,0.0025873392645997017,0.017481833697825744,0.008792031237096154,-0.0023394705443947617,-0.002891746812818119,0.003461375453649642,0.00011729726951736907
2025-03-21,-6.659420948512492e-05,-0.0007126182811664217,-0.0003053351463013776,-0.0036346825766381263,0.00032983072981296324,-9.70724852128535e-05,0.00011701648171436041
2025-03-24,-0.00011470868344002564,0.06623230465850383,0.03326909485218388,0.007524510133544826,0.0179086231153478,0.013243930660432687,0.0003510905253161223
2025-03-25,0.00011701648171436041,-0.007997598089388491,-0.003947825050412579,0.0013581787723666583,0.0024038461538462563,-0.0015602515180835332,0.00011701648171436041
2025-03-26,0.00011701648171436041,-0.032456036164901225,-0.01617704408816878,-0.003652444571820901,-0.011938437200421759,-0.006319349528802957,0.00011701648171436041
2025-03-27,0.00011729726951736907,-0.004710405281757812,-0.0023040882526955686,-0.0007826689009522436,-0.002655456147216184,-0.0008915766340437385,0.00011729726951736907
2025-03-28,0.00011729726951736907,-0.0929119535527837,-0.0464048623882084,-0.010075549887361368,-0.020138542405223947,-0.018171178416471912,0.00011729726951736907
2025-03-31,0.0003519330861141423,0.005316042325853809,0.0028113849662581014,0.004034044222322342,0.006712832558287474,0.0012485655809831042,0.0003519330861141423
2025-04-01,0.00011757806457302067,-0.0014416914081857302,-0.0006695909183815907,0.002027441180630918,0.0028244686568168476,-0.00022921696547989603,0.00011757806457302067
2025-04-02,0.00011729726951736907,0.02916126882295922,0.01463174879966278,0.00315600548519801,0.006328417375800033,0.005774326917004582,0.00011729726951736907
2025-04-03,0.00011757806457302067,-0.2513213066512753,-0.12560939853992648,-0.031809211738651144,-0.04928073526793275,-0.04924712483618088,0.00011757806457302067
2025-04-04,0.00011729726951736907,-0.20015614675585292,-0.10002695898974301,-0.05673540434573465,-0.058543043984177645,-0.03929530436828882,0.00011729726951736907
2025-04-07,0.0003494054704251681,0.0011676796586290727,0.0007359398248012461,-0.002105819251737251,-0.0017811294100512631,0.00041748327372768165,0.0003494054704251681
2025-04-08,0.00011645492786516165,-0.13740132680604134,-0.06864997018566354,-0.015047572829811284,-0.015662835573318157,-0.026879611137550066,0.00011645492786516165
2025-04-09,0.00011701648171436041,0.2182291401934413,0.10916554409100243,0.08804043133727246,0.10501934487618847,0.04280789209957692,0.00011701648171436041
2025-04-10,0.00011842049326094006,-0.1995047145749913,-0.09970068128744047,-0.03025406692327226,-0.04381896476163283,-0.03914172743629382,0.00011842049326094006
2025-04-11,0.00011785886688198133,0.033092446422190225,0.01659761839796081,0.017348299661453348,0.017842727424663973,0.00647879396251458,0.00011785886688198133
2025-04-14,0.00035446090193214097,0.1138459153879321,0.05707758540520591,0.010633451907797076,0.009701543182761618,0.022587187927775976,0.00035446090193214097
2025-04-15,0.00011785886688198133,0.008493315235530874,0.004298052804631025,-0.0014106750252028677,-0.0028009566779919615,0.0016800194400196486,0.00011785886688198133
2025-04-16,0.00011785886688198133,-0.08467061364823558,-0.04228391163725209,-0.02273706116851737,-0.022228223736450392,-0.016539839797626334,0.00011785886688198133
2025-04-17,0.00011757806457302067,0.03211283421814648,0.016107671894784348,0.005218028995317869,0.0014269553265837676,0.006332302806503357,0.00011757806457302067
2025-04-21,0.0004726424542729202,-0.06271378768355729,-0.03115070960094335,-0.012563483823900712,-0.023802704228313765,-0.011934843289365848,0.0004726424542729202
2025-04-22,0.00011785886688198133,0.06492864722336433,0.032515718798547644,0.0149255851951835,0.026017710751281342,0.012778952449563114,0.00011785886688198133
2025-04-23,0.00011785886688198133,0.04010786741275374,0.020105328893242458,0.00793750787451164,0.015495596298727987,0.007907369512078846,0.00011785886688198133
2025-04-24,0.00011785886688198133,0.03402225660672764,0.017062523490229298,0.007013888888888875,0.021048917134121048,0.006723083351652613,0.00011785886688198133
2025-04-25,0.00011757806457302067,0.04108898412128781,0.0205957468463549,0.003172195021033053,0.007225320685248393,0.008109764823574277,0.00011757806457302067
2025-04-28,0.00035277566914859726,-0.006074401074043334,-0.0028834154421734093,0.0014332852134459895,0.00038131807369912174,-0.0009411790316592242,0.00035277566914859726
2025-04-29,0.00011729726951736907,0.011366836184200313,0.0057345324802833275,0.0018053453323585433,0.006299374906016286,0.0022930650994699773,0.00011729726951736907
2025-04-30,0.00011729726951736907,-0.024060404550139802,-0.011979087886886508,0.0007297444524005936,0.0003969200081936908,-0.004657925615929496,0.00011729726951736907
2025-05-01,0.00011729726951736907,0.01619770491705963,0.008149966846713319,0.0010921067046449906,0.007086899272892966,0.00323182624163972,0.00011729726951736907
2025-05-02,0.00011729726951736907,0.042079337431311536,0.02109078310383894,0.0020279397431732793,0.014844221666066248,0.008310752409427961,0.00011729726951736907
2025-05-05,0.0003536182744208194,-0.02449559814552449,-0.012093592675277876,0.0007917872549556559,-0.0057344408679302905,-0.004555796394572504,0.0003536182744208194
2025-05-06,0.00011785886688198133,-0.03518514149353413,-0.017541175559901534,-0.00032737689264772385,-0.00835827120794741,-0.006846260334958344,0.00011785886688198133
2025-05-07,0.00011785886688198133,0.02780719491736372,0.013954992645547337,0.0008118876729525937,0.004205532915692922,0.005503137489077216,0.00011785886688198133
2025-05-08,0.00011785886688198133,0.03643142892340845,0.018267109648569813,0.0007566926396300744,0.006967704526426033,0.007196884615821265,0.00011785886688198133
2025-05-09,0.0001181396764444731,0.008478119381219784,0.004290595282256726,0.00042574351848068126,-0.0012742010630860667,0.001708971412321876,0.0001181396764444731
2025-05-12,0.0003536182744208194,0.13186727139218557,0.0660878420935771,0.0006911132370315265,0.03304758435667554,0.026124705538897956,0.0003536182744208194
2025-05-13,0.0007263616695199797,0.006165047861625084,0.0031351828912951074,9.185798075739271e-05,0.006603868769380794,0.0011916823999242934,0.00012038641411615814
2025-05-14,-0.00035301747651098764,-0.022266410173898632,-0.011080826990442438,0.00015648440768956107,0.0012779785798229248,-0.004309529046756524,0.00011982468616444919
2025-05-15,0.00011982468616444919,0.016704895312211532,0.00840482575261281,0.00013265080525837192,0.004884270229584153,0.003324423142936531,0.00011982468616444919
2025-05-16,0.00011926298723730078,0.004362636360373706,0.002233415427230101,0.0019384853967432392,0.0063341153643989845,0.0009063675860726228,0.00011926298723730078
2025-05-19,0.0003561462236756352,-0.012330192810581675,-0.006009626033179116,0.0006041803851819516,0.0010938207948751888,-0.002154918009365487,0.0003561462236756352
2025-05-20,0.0001195438330729992,0.008085298557703346,0.004094886948812659,-0.000773426687291412,-0.0033622620970610306,0.0016399984619524916,0.0001195438330729992
2025-05-21,-0.014243688069080824,-0.06627829261326479,-0.03308718947887934,-0.008826604744639588,-0.016850756334745642,-0.012952072261795943,0.00011898214865690981
2025-05-22,0.0015222783446116476,0.007277402811431299,0.0036903774057710503,0.0006884410406762242,0.0003947301607376552,0.0014420399536070525,0.00011842049326094006
2025-05-23,-0.01365987127998147,-0.06586784480253016,-0.03288210598917474,-0.0047062447589546474,-0.006825881910519027,-0.012868269808768958,0.00011870131733160427
2025-05-27,0.021584221879682657,0.10223206542493468,0.05132277878624891,0.014323050999002662,0.020790670330528727,0.02037187566580424,0.0004737661201661414
2025-05-28,-0.002337189108852555,-0.011476828519973115,-0.00568673825993149,-0.0023901951145091083,-0.005785438936066978,-0.0022583992521952177,0.00011842049326094006
2025-05-29,-0.0003910689585257481,-0.0021965677175452836,-0.0010466078587174632,0.0022599830076466265,0.0039474266243269,-0.0003860788477836376,0.00011842049326094006
2025-05-30,-0.0014378950579188407,-0.004881059624096018,-0.0023887133999576093,-6.103453537464887e-05,-0.0011184442562377495,-0.0009066432118095339,0.00011870131733160427
2025-06-02,-0.00014881077022253948,0.012588034199572773,0.00644948747189833,0.003709769851846678,0.005632907541234244,0.0027233424311704285,0.0003561462236756352
2025-06-03,0.00011870131733160427,0.021177196468175064,0.010640414646178042,0.003118338057576109,0.005702585572020968,0.004197237452148575,0.00011870131733160427
2025-06-04,0.00011842049326094006,0.003395273314280578,0.0017493126571952455,0.0004546771118909554,-0.0002685546544632933,0.0007039907506766767,0.00011842049326094006
2025-06-05,-0.004765092434462734,-0.02066851834862815,-0.010282442762223676,-0.0017337206992784626,-0.004832575226174862,-0.004004288797848403,0.00011870131733160427
2025-06-06,0.008934970309460668,0.04277822386003716,0.02144092834210909,0.004964017616866823,0.0102688965220612,0.00842861351377275,0.00011870131733160427
2025-06-09,0.0021985959395683114,0.009500414679514346,0.004905677711869005,0.001241585739884421,0.0009012919138797759,0.002092991231748614,0.0003561462236756352
2025-06-10,0.0008229482428352192,0.0037652983695071196,0.0019344655968438484,0.0016522776630827352,0.005669725381956647,0.0007825449656248532,0.00011870131733160427
2025-06-11,-0.001489421795330583,-0.007368219924874908,-0.003632153134684346,-0.0004416650773416686,-0.0028520606578084085,-0.0013969990022443374,0.00011898214865690981
2025-06-12,-0.0025344926723759524,-0.01238367632970716,-0.006139881337100417,0.0009506689830856008,0.003974342333478376,-0.002382009490464729,0.00011898214865690981
2025-06-13,-0.017363854005185062,-0.08365012668109628,-0.04177296609350489,-0.002922871637778046,-0.01118007341294125,-0.01635940007219712,0.00011926298723730078
2025-06-16,0.015504888947747895,0.07354810222973862,0.03692994283409856,0.004390451689938235,0.009514168567761327,0.014635203222913545,0.00035698891791025034
2025-06-17,-0.011903220016482351,-0.05723373796884246,-0.028565192984366217,-0.001963560589869684,-0.008545182675272933,-0.011212229079541558,0.00011842049326094006
2025-06-18,0.005860236949391552,0.02810705362361232,0.014105062403453106,0.0023756307132247745,-0.00015067198563356587,0.005530708757235858,0.0001181396764444731
2025-06-20,-0.0029587113647327598,-0.014848120388508135,-0.007320982032468559,0.0003304648538944299,-0.0023484900412722443,-0.002775012849334148,0.00023629330987229302
2025-06-23,0.0036624706313695145,0.016454364259253618,0.008380967224475233,0.005562655792736848,0.009877550026144766,0.0034724183776517906,0.00035277566914859726
2025-06-24,0.01433461358528475,0.06873302983314855,0.034417488910856164,0.004635897844323944,0.011047301044468272,0.013517923611811726,0.00011701648171436041
2025-06-25,0.0024184512377420694,0.011637228576069969,0.005869588282316762,0.0009347924463485313,0.0005601445813301353,0.002286613087980567,0.00011701648171436041
2025-06-26,0.0012254821285045965,0.005730341167009323,0.002916144577786328,0.0020394424204024375,0.007823877617316954,0.0011618710249386207,0.00011701648171436041
2025-06-27,0.00021400398814200723,0.0008485719924582469,0.00047554078194034233,0.001116446341415278,0.00496832451725937,0.00020849834452200814,0.00011757806457302067
2025-06-30,0.0016165143349401692,0.006607590094673377,0.003457158850667774,0.0011941535819672833,0.004781180241128613,0.0015438702035396373,0.0003519330861141423
2025-07-01,-3.669285398309589e-05,-0.0003571902863440668,-0.00012691914311691033,0.0002858607365350263,-0.0003237169798416817,-2.774369671805185e-05,0.00011842049326094006
2025-07-02,0.0006074072432051641,0.0027176063874827516,0.0014104791937963324,0.0006930963009681435,0.004533505290424955,0.0005793181428301983,0.00011842049326094006
2025-07-03,0.0018207788314759093,0.00855646044083569,0.004329906220472912,0.0006663559194068913,0.00788132750658388,0.0017229961169876644,0.00011842049326094006
2025-07-07,-0.0023655735013281658,-0.013018453678733555,-0.006301357054730228,0.0005018944053536423,-0.007452075252634249,-0.0022022777474062336,0.00047601354187576383
2025-07-08,0.005518684718702466,0.026356451340990628,0.013230182498248366,0.0006065613545005455,-0.0005477000385931685,0.005208560279114809,0.00011898214865690981
2025-07-09,0.0071885519538315,0.034432475710074906,0.017268194682790394,0.0005406592110308583,0.005996687665528189,0.00678257110209296,0.00011898214865690981
2025-07-10,0.0018221007552048467,0.00867242765910703,0.004388170657306567,0.000222696726358107,0.002820223048327186,0.0017244631551355633,0.00011898214865690981
2025-07-11,-0.0011685640378079369,-0.0057831789596696215,-0.002839773067744411,0.00015388846687813817,-0.0035154388382148127,-0.0010945596099207282,0.00011870131733160427
2025-07-14,-0.0027866888346674487,-0.0145516245750692,-0.007120341915422879,0.0004877841178800857,0.0019083592723176945,-0.0026061006596760157,0.0003561462236756352
2025-07-15,0.0011872182535202973,0.0055468091005566045,0.0028253613780313547,0.00011779642160658632,-0.004273327403079508,0.0011259405603823304,0.00011898214865690981
2025-07-16,-0.001369794459771476,-0.006849299727915481,-0.003372833451867341,0.00018321729571280088,0.003343222494186504,-0.0012842495705552826,0.00011870131733160427
2025-07-17,0.0008934803124790593,0.004031263172895372,0.0020673075865027535,0.0001406589380577028,0.006119571230611909,0.0008489959231260803,0.00011842049326094006
2025-07-18,0.0031593846176466395,0.014913093519427933,0.007508222759769145,-0.0001537218680803809,-0.0007322815495487411,0.002984708422013754,0.00011842049326094006
2025-07-21,0.0017861120578389691,0.00737376571583459,0.003841931894033035,0.0016617598953221346,0.0018961202137257605,0.0017040020541734316,0.00035530355168322814
2025-07-22,0.0009926860069324028,0.004513330395067738,0.0023083411975890478,0.0005159891315706933,0.00014315745726389828,0.0009425033705919476,0.00011842049326094006
2025-07-23,0.008413106736819657,0.040168666135397935,0.020136009067754035,0.003854866401624246,0.00850745133662878,0.007936614061141819,0.00011842049326094006
2025-07-24,0.000663031799609678,0.0030420873937484494,0.0015728601089646244,0.0007120862827469931,0.00033107130538478913,0.0006319994959098174,0.00011870131733160427
2025-07-25,0.0019159328605772958,0.008943919468331618,0.004523776146256209,0.0015238850295353767,0.004224296491786017,0.0018127025976499844,0.00011870131733160427
2025-07-28,0.005790327414961002,0.026608218860555866,0.013459579802389765,0.0009311077586906524,-0.0002511098453120697,0.005478196499029111,0.0003561462236756352
2025-07-29,-0.004925687114109588,-0.02385487780482265,-0.011875762902356146,-0.000800591205813439,-0.002637704143556685,-0.004635748671534222,0.00011842049326094006
2025-07-30,-0.0006952706584446303,-0.0035376847398447264,-0.0017171663698670736,0.00013624199172812546,-0.0012591859465109767,-0.0006483701323976506,0.00011842049326094006
2025-07-31,-0.0006614588007457656,-0.0034438650306772844,-0.001670116103248076,-0.0010443796482192402,-0.003751215554337106,-0.0006166168788236053,0.00011870131733160427
2025-08-01,-0.017349681038358114,-0.08364991244438957,-0.041773280222139775,-0.008539099660708649,-0.016390499961926763,-0.01634613780366988,0.00011842049326094006
2025-08-04,0.014700496598431735,0.06966804178700015,0.03498696341643193,0.009568876590309916,0.01519979653071335,0.013876713757255776,0.0003510905253161223
2025-08-05,-0.002026875811007505,-0.009798799886337028,-0.0048488471088348195,-0.0014823849205447548,-0.00506997011593413,-0.0019033808767403015,0.00011617416181808338
2025-08-06,0.006899816138155813,0.032918931271954666,0.016510018470311083,0.0037455738556995133,0.007659766552083447,0.006510165710807608,0.00011617416181808338
2025-08-07,-0.0016955372760737936,-0.008311258793165521,-0.004105357317419456,0.0002556774968200948,-0.0008376633299287395,-0.0015912963115818973,0.00011561265147785882
2025-08-08,0.007361872078972716,0.03514094910462151,0.01762074663147417,0.002724372456011981,0.007797543710129862,0.006945636284725023,0.00011561265147785882
2025-08-11,-0.000936247350086301,-0.005603421859532665,-0.0026508746420751406,0.00021619598327227152,-0.001977363143624844,-0.0008623243487677008,0.00034687805483413214
2025-08-12,0.009062917630100286,0.043311140041335294,0.021705982475603403,0.0016937068306390746,0.01064585806164664,0.008548959336660238,0.00011589340302253781
2025-08-13,0.0010859253290997628,0.00510654628963958,0.002603545223983428,0.00029952076677308703,0.003423354741332929,0.0010304460630424436,0.00011561265147785882
2025-08-14,-0.0005163636543326312,-0.002718211902468348,-0.0013092549776370088,0.000170643519249003,9.286080740555924e-05,-0.00048007355613998646,0.00011477044034546857
2025-08-15,0.0007050713798982803,0.0031412066301439445,0.001620594653566565,0.00013842300783539763,-0.0023411604144276676,0.000671193398808214,0.00011505117013954624
2025-08-18,0.005590391383456577,0.025672192025685936,0.012986089884245322,0.00097848302943504,-0.00021767629592628346,0.005289080563972246,0.00034519322225690097
2025-08-19,-0.004351557171415712,-0.021085229298793196,-0.010492342570232904,-0.002389152027885144,-0.005425205036764469,-0.004094766914431201,0.00011561265147785882
2025-08-20,0.0010853978880675337,0.005096251036408761,0.00259811685669864,-0.001376327172630698,-0.0026570072365471598,0.0010297914456705226,0.00011505117013954624
2025-08-21,-0.003383293661252783,-0.016435490836624433,-0.008167754079817957,-0.0026112020244078993,-0.004011786002919404,-0.0031822865659371018,0.00011505117013954624
2025-08-22,0.01754730248698203,0.08420146687338925,0.042151005515858264,0.009087084560370107,0.015356808979611891,0.016545985688583356,0.00011561265147785882
2025-08-25,-0.00017763629727803745,-0.0016841121040457319,-0.0006929045524542987,-0.0009172017009921873,-0.004401115445204051,-0.00014719716715426494,0.0003435084785892162
2025-08-26,0.0014453724707853605,0.00677954388840285,0.0034394825565262632,0.002022264165478793,0.004187062906761296,0.0013689276318421494,0.00011448971780070316
2025-08-27,-0.00037530044635559356,-0.001954059024433019,-0.000927318899891616,0.0008296974007087066,0.002278453022356741,-0.00034711837802194203,0.00011448971780070316
2025-08-28,0.0026029047965689094,0.012343699617548332,0.006221279709427652,0.0021093332394430675,0.003541507690918211,0.002459929492701177,0.0001139282944579989
2025-08-29,-0.005024439361395745,-0.02428117056767365,-0.012091155383183172,-0.002446659000894469,-0.0059639567580244135,-0.004729167658022501,0.0001139282944579989
2025-09-02,-0.005910485102728161,-0.029910502037635678,-0.014759177209140995,-0.003057820014472523,-0.007410048752314546,-0.005544785487824246,0.00045242159195635345
2025-09-03,0.005392139452181651,0.02582791934820383,0.012962968534429242,0.00336910126252965,0.005419476296687709,0.005089064721025805,0.00011308621380523576
2025-09-04,0.0066441657774466804,0.031841661402728816,0.01596955888625895,0.003895546848992293,0.008357508586952056,0.006269092879686752,0.00011252486294011099
2025-09-05,-0.0008508876213427929,-0.0041550941934795915,-0.0020290995727847427,-4.78278198485782e-05,-0.002896333007960439,-0.0007953761382935956,0.00011196354106068895
2025-09-08,0.004366921847578747,0.019932113274231833,0.010107628789877365,0.0017314498899907438,0.002456656294075321,0.004134938326111436,0.0003283497849746464
2025-09-09,0.0010767811452532365,0.0050791578986344454,0.002587184577395485,0.0010026961385056765,0.0023119044917518927,0.0010213824122332978,0.00011027974930755136
2025-09-10,0.0009353445973086832,0.004348755710210872,0.0022219834831838092,0.000896752610758611,0.0028908489301462392,0.0008879780648915462,0.00011027974930755136
2025-09-11,0.004879090662308598,0.02330270327564965,0.011698816962600889,0.001950754567116686,0.008310057760350764,0.0046051399346220155,0.00010999914270293232
2025-09-12,0.0006095486438948914,0.0028499785098667907,0.001472454579709792,0.0002727007521468039,-0.0003344266088812775,0.0005809989703130765,0.00010999914270293232
2025-09-15,-0.0019291411228826894,-0.010334730073026654,-0.005024950911802328,0.0008178792201616325,0.005323914184996559,-0.001799336039134183,0.00033003372887407956
2025-09-16,-0.0036118312270218837,-0.017488698492617583,-0.00869730480971087,0.00010769445183522741,-0.001376840455839079,-0.0033979965529358854,0.00010915736634653506
2025-09-17,0.0076361001278436366,0.03652480411897585,0.01830930620726856,0.0005542499889150676,-0.0012425427283411228,0.00720378781056069,0.00010887678871207562
2025-09-18,0.001173352253586497,0.005536697416243186,0.002814972289130191,0.00034819272150588,0.004672558631052093,0.0011123950118846761,0.0001083156551680009
2025-09-19,-0.0004120450667871455,-0.0021880295563033725,-0.0010472509155673437,0.001914393390438196,0.00495283642365596,-0.0003820992954577851,0.00010859621831937893
2025-09-22,-0.0034441095702089915,-0.017674234913513165,-0.008696808178655147,0.001967583819702412,0.004730992209795115,-0.0032275165497056397,0.00032582403565495355
2025-09-23,-0.003061177561057722,-0.014884094159223427,-0.0073957040508934035,-0.0018597027627618168,-0.0054435731762725315,-0.0028790104708668177,0.0001077545505872024
2025-09-24,0.003133910035119123,0.014878220864509295,0.007485453460972957,-0.0005621082216222817,-0.003181658436320456,0.002960158082419213,0.0001077545505872024
2025-09-25,-0.002966626263270822,-0.014441502924330996,-0.0071742681591122626,-0.00170307153216398,-0.004613352686594796,-0.0027898995756176683,0.00010803509925727539
2025-09-26,0.008818698186447005,0.04219565227796429,0.021144590001566543,0.0037759378125514775,0.005729010168833648,0.008318409020072621,0.00010859621831937893
2025-09-29,-0.002631694549677032,-0.013633386603505215,-0.006677225884588189,0.0020180298353098536,0.0028105276492997877,-0.0024616310509413242,0.00032414031378080743
2025-09-30,0.0014012160114238775,0.006550219684362091,0.003321452870899133,0.0013940418086668682,0.003766799753069261,0.0013269987248937798,0.0001077545505872024
2025-10-01,0.0011065225693639735,0.005111179196113147,0.0026019326267747722,0.0015523656292422139,0.0034075139409872612,0.0010491857570884451,0.0001077545505872024
2025-10-02,-0.0031194535909420534,-0.015203191311884412,-0.0075553928979389395,0.00044239735440121386,0.0011518238595513708,-0.002934038589862662,0.0001074740091571158
2025-10-03,0.001268278231700596,0.005912936834617355,0.003002811446026765,0.0005927384831538873,-1.48421705706836e-05,0.0012017062226243433,0.0001077545505872024
2025-10-06,0.0017977182787388846,0.00753021664627318,0.0039045757403011194,0.002037311000225639,0.0035862350745239358,0.0017130997000508507,0.00032414031378080743
2025-10-07,-0.004880556313929625,-0.02366331630377061,-0.01178531512316705,-0.0008508029452795052,-0.0037074427188158454,-0.0045939385913546646,0.0001077545505872024
2025-10-08,0.0039122510753138206,0.018644439179972272,0.009368422347989291,0.002150732877098216,0.005963018112918661,0.0036938251149771276,0.0001074740091571158
2025-10-09,-0.0004931028716283053,-0.002542237135323644,-0.0012249158096586665,-0.000209301090552394,-0.002897019428214409,-0.0004584873128591376,0.0001074740091571158
2025-10-10,-0.026627462710625566,-0.12820037571247445,-0.06405370455318393,-0.014097973416321352,-0.027027784753554496,-0.02509152361487367,0.00010803509925727539
2025-10-13,0.016559327451127554,0.07884057382301046,0.03955933341485052,0.012268091552732896,0.01534405245669701,0.01562750110912037,0.0003232984861423205
2025-10-14,-0.00960219906170631,-0.046161897726262335,-0.023034605834412747,-0.00029429720887275135,-0.0012216093756775015,-0.009043970685774559,0.0001077545505872024
2025-10-15,-0.0024543830229683604,-0.011910193724650964,-0.005908894104322382,0.0027152212106691387,0.004439561180749063,-0.0023069278909631143,0.0001074740091571158
2025-10-16,-0.019895769250440478,-0.09584106505286627,-0.04787404922337968,-0.0012055793964607098,-0.006810164959101583,-0.018746509791090594,0.00010803509925727539
2025-10-17,-0.0004535971233981512,0.0829416465607804,0.04151716630910851,0.0035898333917046,0.005676199184976083,0.016270174314939212,0.0001077545505872024
2025-10-20,0.015263157536496225,0.07760029085070963,0.03893835013435676,0.006384370910450521,0.010400512350939195,0.015411018406265135,0.0003216148974558575
2025-10-21,0.001504954216235323,0.00783137440052939,0.003961328911604722,0.000668753425039359,-1.4979984718554995e-05,0.001540598235534483,0.00010635191583108217
2025-10-22,-0.0025069791963557003,-0.013599548972564657,-0.006754273027559599,-0.0016769542550394423,-0.005198867790280337,-0.0026305918067781103,0.00010607141059626457
2025-10-23,0.0036963697418043767,0.01954266327705101,0.009816833097248345,0.0028388752351524715,0.005929906487662118,0.0038658573610869914,0.00010607141059626457
2025-10-24,0.002827828715738048,0.01494866932129102,0.0075198361193682395,0.002537247472796489,0.008172552647061071,0.0029602549086455345,0.00010607141059626457
2025-10-27,0.005983292382829094,0.030839656735572873,0.015555087146128743,0.0028945745992601246,0.01179771954420028,0.006261455863203983,0.00031572303613680575
2025-10-28,-0.0054050351476581295,-0.028774270333089547,-0.014342615374824286,0.00023052877152762719,0.002655858964966784,-0.005624680882656258,0.00010410807659200216
2025-10-29,-0.0033906545745594125,-0.0182213323652044,-0.009066146390881658,-8.911724756766048e-05,0.0004804860352853879,-0.003552152316740107,0.00010410807659200216
2025-10-30,-0.0018046591553733708,-0.009831036187705644,-0.004870437371269465,-0.0012692656391659618,-0.010998124123417385,-0.0018981898840320238,0.00010522993831729721
2025-10-31,-0.0002362113294219768,-0.0014705336812557146,-0.0006903263561873763,0.0008462267518432043,0.0032802000099823037,-0.00025314900071182674,0.00010494946203176703
2025-11-03,0.0016281615235254586,0.007488787329193336,0.003877969298060391,0.0015495915411980477,0.001876696652084675,0.0016903028592463935,0.00031235674637941635
2025-11-04,-0.006943750977224844,-0.037333212223982004,-0.01862082414441424,-0.0025141902864458388,-0.011853550232820531,-0.007283240359457491,0.00010663242830433184
2025-11-05,0.007355013231701116,0.039619044128673675,0.019855023523059456,0.0018157645291936308,0.0034654021681033154,0.007790630773337852,0.00010607141059626457
2025-11-06,-0.008053006904483117,-0.04420683219567423,-0.022057914639114218,-0.0029583253973616275,-0.010729329446956037,-0.00865008796378867,0.00010607141059626457
2025-11-07,0.0016945677622597498,0.009277092427156575,0.0046836269361616445,0.0011153596110413666,0.0009845249103577203,0.0018367222899393872,0.00010522993831729721
2025-11-10,0.010128642086763078,0.0548841203024506,0.027577318929567385,0.004782701025787706,0.015604409628832139,0.010984078258495322,0.00031572303613680575
2025-11-11,0.0005263041826269009,0.002848692479973103,0.0014697074497107554,0.0009342216096179801,0.0022891577936339225,0.0005659749128693023,0.00010579091259921292
2025-11-12,-0.0004346418847888925,-0.006189289168146539,-0.0030492833743489545,0.0002815349776605913,0.0005564170786802602,-0.0011746344995346876,0.00010579091259921292
2025-11-13,-0.014901639780355616,-0.06936411609106341,-0.03463669683580761,-0.003172495655791807,-0.016593945359895557,-0.013565150172997522,0.00010579091259921292
2025-11-14,0.0041391341698270795,0.019908217534223338,0.009999610225834621,0.0009053662129605566,-0.000163772180045485,0.003907884274611632,0.00010607141059626457
2025-11-17,-0.011504831664510676,-0.056311943311816326,-0.02801945040242726,-0.0018796185570171264,-0.009316527530857655,-0.0108255022949824,0.00031824798641433283
2025-11-18,-0.006524054098882509,-0.031401970726099626,-0.01565548390432725,-0.002506781519859169,-0.008397554496893278,-0.006142831882488911,0.00010607141059626457
2025-11-19,0.005181133095667023,0.024794530753268207,0.012442486340978665,0.0032583823271254975,0.003863330354327177,0.004889725348567888,0.00010551042183970516
2025-11-20,-0.015647808128894044,-0.07533440982658568,-0.03762184370356858,-0.006339042052560306,-0.015242276237766972,-0.014742659202850708,0.00010579091259921292
2025-11-21,0.011466033503166755,0.055113078077658306,0.027601760003173492,0.004717418302470744,0.00996119766575232,0.010813836088861462,0.00010551042183970516
2025-11-24,0.015609564611952663,0.07412468644653125,0.037196760406984275,0.0074749170564016865,0.014718553120582678,0.014731149768252435,0.000314039846888825
2025-11-25,0.005884695385293553,0.02833396053185,0.014211780515840822,0.003534237544712049,0.00940585235814706,0.005553035739889132,0.00010466899298267052
2025-11-26,0.005626944302967569,0.02696697238108814,0.01352814620955356,0.001967701712235037,0.006903634543873105,0.005309845517872693,0.00010438853116956359
2025-11-28,-0.00032399966351202196,0.021884302985801796,0.01103203796897656,0.0016117429588686782,0.005458373086222323,0.004404517559417925,0.00020990993845315664
2025-12-01,0.00031235674637941635,-0.002071320549975053,-0.0009020846415240813,-3.0304132272451767e-06,-0.004565522877085559,-0.0002013338293059118,0.00031235674637941635
2025-12-02,0.003227444510918824,0.01802853388186576,0.009058506288929014,0.0009333701024585306,0.0018523420813758573,0.00357048677604684,0.00010354718914262762
2025-12-03,0.0009800668196474017,0.004620463529128704,0.0023540504741024204,0.0008356166457259562,0.003462748187155862,0.0009297729995209002,0.00010270591222694136
2025-12-04,0.0023266382648920807,0.011053862153653338,0.005570188985720925,0.000499136342873463,0.000731151162097321,0.0021988398771691274,0.0001015843109390957
2025-12-05,0.0025293538518229215,0.012051855673810064,0.006069045554678576,0.0005260993662619118,0.0018994238357272764,0.002389933630277122,0.0001013039286978934
2025-12-08,-0.0029645437167630773,-0.015192210500506342,-0.007467157350293352,0.0002870871233870975,-0.0030042012931831286,-0.0027767480036515056,0.0003031012793712762
2025-12-09,-9.748405568123065e-05,-0.0005667297205679267,-0.00024010695138987348,0.00025981480642278676,-0.0008630954932499213,-8.595086240306604e-05,0.0001015843109390957
2025-12-10,0.008279683228243082,0.039649844777549514,0.019868180297669236,0.0005950025823717731,0.006632175045054867,0.007809864587126138,0.0001015843109390957
2025-12-11,0.00317681795073641,0.015265383297095259,0.007675388814653683,0.00043768563908130886,0.0023270714906689083,0.003000325717000844,0.00010046282536246842
2025-12-12,-0.00033874962039260876,-0.0017077514032949326,-0.0008114588852436988,-4.525801594890133e-05,-0.01075209715577441,-0.0003134544657316441,9.990212595845094e-05
2025-12-15,0.0005259825375453535,0.001579934464763344,0.0009155503504683082,0.0005310514214678097,-0.001510940359255808,0.0005128029469564837,0.00029637171562479914
2025-12-16,0.0003279397872756998,0.0014504536733890294,0.0007673633178559847,0.00016888122221758728,-0.0027322728752857683,0.0003148158782395942,9.93414554735228e-05
2025-12-17,-0.003223147195672988,-0.015656923379627985,-0.0077863252086526336,-0.00012060907583300029,-0.01100356428531768,-0.0030322653111592938,9.93414554735228e-05
2025-12-18,0.006727786372595472,0.03221378551781218,0.016148889077868045,0.0004463074093061792,0.007551268712199022,0.006347076309714564,9.906113107471803e-05
2025-12-19,0.008233887326473179,0.03951970527171644,0.019801568641264033,0.0007776752934367526,0.009063486264369258,0.0077667221621118936,9.850050396242871e-05
2025-12-22,0.0070335876519887885,0.03296116791840542,0.016606167077289236,0.0036594621945931216,0.006229818660208997,0.006646796720837794,0.00029637171562479914
2025-12-23,-0.001029679751811118,-0.004986473834082128,-0.002451100435879594,0.0016174965714474965,0.0045704344876844605,-0.0009646073523467345,9.93414554735228e-05
2025-12-24,0.0006202246732992149,0.002844007257325032,0.0014641401098238749,0.0012164065074753427,0.003517736660175297,0.000590334802159501,9.93414554735228e-05
2025-12-26,0.0003325358998066415,0.0010295449640425058,0.0006001718606227779,0.0006792827731494366,-0.00010139418790333643,0.0003249942212492326,0.00020093574350421584
2025-12-29,0.0028626634831992992,0.012776409303278502,0.006514628898700803,-8.971211382768907e-06,-0.0035636809822511273,0.002715335620270176,0.0002980539735752963
2025-12-30,0.002678783020427192,0.012765050219336604,0.006424801756643728,-2.6913875598166825e-05,-0.0012212056239845337,0.002530697342744008,9.962178710143377e-05
2025-12-31,-0.0017874113041797324,-0.00869791688306698,-0.004306962122571312,-0.002323627131113004,-0.0074088956888227475,-0.0016789517019311533,9.906113107471803e-05
2026-01-02,0.004090919896286252,0.019119886478013104,0.009644501495207791,0.001552692632803332,0.0018330346379591411,0.003867408408160762,0.0001992534987032002
2026-01-05,-0.00218875979423552,-0.011430365820449429,-0.0055895997921382445,0.0028761088432116555,0.006660178462529753,-0.002045867901949875,0.00029637171562479914
2026-01-06,0.002353073734450652,0.011194868276745762,0.005639290298750099,0.0014682491129327513,0.0059471682236194034,0.0022236466602339232,9.878081390457538e-05
2026-01-07,-0.003268067974032625,-0.01582105056924299,-0.00786880927921585,-0.00030692671007337413,-0.0032234143669693793,-0.0030745899568005363,9.850050396242871e-05
2026-01-08,0.002244912963010536,0.01068850085207007,0.005385826280083883,0.0002831746561662296,-0.00010151182144413351,0.0021216958362959195,9.822020124850006e-05
2026-01-09,0.003685274349029339,0.017595834778361796,0.008839493243229857,0.001615128569598001,0.006613390447410161,0.0034792726252494697,9.822020124850006e-05
2026-01-12,-0.00020163109378309289,-0.0018811500837615514,-0.0008158330084485632,0.0006426295448933583,0.0015704331745678424,-0.00017300354376011557,0.0002946895463165067
2026-01-13,-0.005485749175873422,-0.02651701708788834,-0.0132163720627827,0.00014568807884995927,-0.001999516689819014,-0.005164878504338235,9.93414554735228e-05
2026-01-14,-0.005457435117295627,-0.026309028739300522,-0.013112237722674891,0.00020512271689510087,-0.004915222889580462,-0.005138014636612504,9.962178710143377e-05
2026-01-15,0.006420717038626958,0.03077530272377005,0.015429928008860339,0.0003447732669941139,0.0027232882038870088,0.006057754167108873,9.962178710143377e-05
2026-01-16,-0.0009356507499590921,-0.004562248678931846,-0.0022388476924904976,-0.0006061164278350351,-0.0008379420888714462,-0.0008759869374052117,9.962178710143377e-05
2026-01-20,-0.023585463093196354,-0.11475932539399658,-0.05721052633361823,-0.01204941061049758,-0.020356835813531315,-0.022207581678133873,0.00039854669936301157
2026-01-21,0.020189592112674896,0.09726498514260506,0.04867504956074997,0.008690628084450758,0.011541172420654888,0.019036331180024763,0.00010018247204546249
2026-01-22,0.004734198497646495,0.02293963755102446,0.01151237576495956,0.0037738663484487844,0.005223214802554832,0.004468526498248294,0.00010018247204546249
2026-01-23,-0.0040214053721287415,-0.01938328036637671,-0.009648943017082523,0.00042203498135018336,0.00036274314526618667,-0.0037844681808469455,0.00010046282536246842
2026-01-26,0.0009032773906489482,0.0034340729999668973,0.0018447225236200016,0.0030748023659639134,0.005078258243367717,0.0008687797368395127,0.00030057752672507654
2026-01-27,-0.0034846607251372143,-0.016871878116285433,-0.008393382068695443,0.0018244175783816985,0.003984113626622321,-0.0032786953853272452,0.00010018247204546249
2026-01-28,-5.507177261778465e-05,-0.00034916383669592044,-0.00013216510194413722,-0.00011825293119460678,-0.00010064922286501243,-4.6061110649564494e-05,9.990212595845094e-05
2026-01-29,-0.0018270850510728306,-0.008921168928341605,-0.004418027474723307,-0.0006090746205109632,-0.0019843514508082194,-0.0017163631491397986,0.00010018247204546249
2026-01-30,-0.0026392410780905467,-0.012801092836204564,-0.006357989428654842,-0.0011863484136657165,-0.002982445396060962,-0.0024818092770871733,0.00010018247204546249
2026-02-02,0.011028012709258355,0.05206662407667251,0.02616057745869882,0.0038861293026588584,0.0049712108373694,0.010411768367975525,0.00029973632017710194
2026-02-03,-0.008952322237845648,-0.04300208744889844,-0.021458346558343333,-0.004231049530424302,-0.008455418456572827,-0.008431957192575187,0.00010046282536246842
2026-02-04,-0.0033282768293248443,-0.016010546319633834,-0.007962575993711085,-0.0031852890020118707,-0.00484383887388995,-0.003131026579555522,0.00010046282536246842
2026-02-05,-0.012761857998269618,-0.061442591887453823,-0.030678598777620913,-0.008751122129281197,-0.012489280981794804,-0.012022839509355895,0.00010046282536246842
2026-02-06,0.013411358563495297,0.06448713204627765,0.032286123012586154,0.014574024649893547,0.0191847683064843,0.012647048240245175,0.00010018247204546249
2026-02-09,0.0072415219189034055,0.034020210841074316,0.017138212058531055,0.003526143114710445,0.00482176499257525,0.006843184858240359,0.00030141875543931995
2026-02-10,-0.004592791806433465,-0.02211093449126411,-0.011012770079526168,-0.0005831710959198766,-0.002637135289800363,-0.004322974447544165,0.00010046282536246842
2026-02-11,0.0008967861109061522,0.004231597154626954,0.0021584957434193086,0.0006512930081781221,-0.0002310739544192364,0.0008511769572295206,0.00010046282536246842
2026-02-12,-0.01402450486924558,-0.06754237400593577,-0.03372834965658833,-0.010101724066842288,-0.015448819557001725,-0.013213001553299799,0.00010074318590991282
2026-02-13,-0.002102202942869274,-0.010353167537337948,-0.005133746422289476,0.0014935319949065384,0.0007044426839897255,-0.002030663142006114,0.00010074318590991282
2026-02-17,0.0064247580401529,0.03034872621134177,0.015345182050460204,0.002750892703301755,0.00161351967622414,0.006248081900117386,0.00040191186218163644
2026-02-18,0.0006200449121021248,0.0029721283449086755,0.0015289015188337807,0.004962316023985114,0.005037695790158558,0.0006050833094059481,0.00010074318590991282
2026-02-19,-0.005837508397419169,-0.029088263807921177,-0.01450129455758109,-0.0016184234963254607,-0.002637350384703585,-0.0056664104003705225,0.00010074318590991282
2026-02-20,0.005223295875813494,0.024935896521180778,0.012510785606969943,-0.0030885522780287333,0.007231834053074815,0.00491438301577382,0.00010074318590991282
2026-02-23,-0.008248040677071052,-0.04058363461418524,-0.020163710669098944,-0.0050144539487713136,-0.01021138412746736,-0.0077567507137963725,0.00030141875543931995
2026-02-24,0.00762134125162982,0.036568002726056426,0.018326698529134156,0.005146890284016603,0.007268496179203332,0.007189522762445666,0.00010046282536246842
2026-02-25,0.00769790159868929,0.036935099808317995,0.01851024707026494,0.004859918260972762,0.00843831937730477,0.007261643343271916,0.00010046282536246842
2026-02-26,-0.002951900445517739,-0.014243357373665666,-0.007078981520726946,-0.0017978137406020611,-0.005554483250070685,-0.0027763408101623105,0.00010046282536246842
2026-02-27,-0.008103162938563635,-0.039074776059831784,-0.01949469086380995,-0.0025037571119398416,-0.004801907270092998,-0.007631791673998313,0.00010046282536246842
2026-03-02,-0.0020430569714561977,-0.010721949789396779,-0.005233288871061781,0.00022791651743570007,0.0005685000404405116,-0.0019081880467568086,0.00030057752672507654
2026-03-03,-0.009932203041150011,-0.047890381053526165,-0.023902353180383473,-0.005178740530302983,-0.008814271890095537,-0.009355762695466908,0.00010074318590991282
2026-03-04,-0.00041693081495570083,0.03710688277052765,0.018596138551369767,0.005559687063093177,0.007055426061514547,0.007294011132287858,0.00010046282536246842
2026-03-05,-0.014285094860656121,-0.06663613796766343,-0.033275371817725774,-0.0032363129698053106,-0.0055756895160732345,-0.013045313630049417,0.00010046282536246842
2026-03-06,-0.00033791772671762404,-0.13688822087978192,-0.06840155345044352,-0.010538811972280238,-0.013107174917892817,-0.02683254138353429,0.00010018247204546249
2026-03-09,0.00029973632017710194,0.0973862978279052,0.04882041433431494,0.009010360114459104,0.008760032915877458,0.019251965303616052,0.00029973632017710194
2026-03-10,0.00010074318590991282,-0.04772988461717198,-0.02382210496220638,-0.0010374615782496877,-0.0016070157300721588,-0.009361052831922715,0.00010074318590991282
2026-03-11,0.00010046282536246842,0.045732649161312144,0.022909021746762237,0.0007766724495534838,-0.0012551628541557225,0.008991718201792115,0.00010046282536246842
2026-03-12,0.00010074318590991282,-0.06853778506400099,-0.03422605518562094,-0.01313371591686241,-0.015184929448649576,-0.0134173311258646,0.00010074318590991282
2026-03-13,0.00010074318590991282,-0.01823285956537224,-0.009073592436306455,-0.004769609482574211,-0.005660153274538393,-0.0035601758403198203,0.00010074318590991282
2026-03-16,0.0003022600063209424,0.07769553844128296,0.038976296484075856,0.010408404226332824,0.010176873245252516,0.015453164413387888,0.0003022600063209424
2026-03-17,0.00010074318590991282,0.013552280099452307,0.006818977396105819,0.0032899073552501434,0.0026305491982852036,0.002663867063727604,0.00010074318590991282
2026-03-18,-0.015028101915118587,-0.08527659643315078,-0.04259546087019572,-0.014122910233360986,-0.01395372252866034,-0.01668757234499874,0.00010074318590991282
2026-03-19,-0.0002969654289838701,0.028637205964286094,0.014361580512411765,-0.0026929846084872144,-0.002464362806581799,0.0056200543341035514,0.00010102355368823979
2026-03-20,0.00010102355368823979,-0.07268982233646504,-0.036301933637963635,-0.006451456133743205,-0.014335681872974515,-0.014223428437207725,0.00010102355368823979
2026-03-23,0.00030394257459120944,0.05480090776763924,0.027529822431389128,0.007104774016826632,0.010499959707213291,0.010937027120588296,0.00030394257459120944
2026-03-24,0.0001013039286978934,-0.025557556226036726,-0.012735660395244763,-0.0013052928105686812,-0.0033568197458091475,-0.004992039997039636,0.0001013039286978934
2026-03-25,0.0001013039286978934,0.023204560595516677,0.011645398015531994,0.0036170432647006923,0.005572720875308912,0.004585130641374219,0.0001013039286978934
2026-03-26,0.0001013039286978934,-0.07276202793608388,-0.03633789625026829,-0.009291676257162651,-0.01785871391108962,-0.014234424304077441,0.0001013039286978934
2026-03-27,0.0001013039286978934,-0.07435074460425606,-0.03713225458435432,-0.010971508926387874,-0.017051920414101196,-0.014564242892258335,0.0001013039286978934
2026-03-30,0.0003031012793712762,0.006724927369386791,0.003491411584653159,0.0004419978301923866,-0.003343373094761515,0.001514505227914119,0.0003031012793712762
2026-03-31,0.00010102355368823979,0.09657330908145778,0.04832963207099761,0.019528908716795357,0.029067828330166412,0.018986800308222494,0.00010102355368823979
2026-04-01,0.00010074318590991282,0.021748034786942094,0.010916854739850601,0.004448552250791771,0.007534524709556623,0.004265381853625455,0.00010074318590991282
2026-04-02,0.00010074318590991282,-0.0013666723576205575,-0.0006404988324305583,0.0015144978474219695,0.0009004486514896382,-0.0002331354579046454,0.00010074318590991282
2026-04-06,0.00040303364286686794,0.026559255327499365,0.013451007498881618,0.003533505038181728,0.004726890756302504,0.005518090374094132,0.00040303364286686794
2026-04-07,0.0001015843109390957,-0.035160816309498855,-0.017537150245855004,-0.0011406684317010196,0.00043997599961653755,-0.0068634376977964005,0.0001015843109390957
2026-04-08,0.00010102355368823979,0.09949250824949996,0.049789231655018584,0.009213903196917839,0.0254696046172882,0.019538205755062227,0.00010102355368823979
2026-04-09,0.005998118788363175,0.0384450082886838,0.019265341490721566,0.0016050073848206114,0.005769005826991691,0.0075260715460233295,0.00010074318590991282
2026-04-10,-0.00026696869242158423,-0.014876978996893553,-0.007395792332341111,0.00033000062432542165,-0.0006617045143784139,-0.0028992140540065586,0.00010046282536246842
2026-04-13,0.006740426596612538,0.041104026741316524,0.020680120008651715,0.0008232434006789635,0.009772427509418202,0.008268339245868537,0.00030141875543931995
2026-04-14,0.002211538730850771,0.012659385273551704,0.006372670167044792,0.00028507710444802825,0.01218482451098879,0.0024978679116821976,0.00010102355368823979
2026-04-15,-0.0008871151842709161,-0.005346251084799025,-0.002630148012130684,0.00018109111851982718,0.00789104262604634,-0.0010070860431058628,0.00010102355368823979
2026-04-16,0.0008361020788843034,0.004384616467081326,0.0022352857638097134,0.00014840846759356374,0.0024573146961406334,0.0009056982181706889,0.00010102355368823979
2026-04-17,0.0018164116904236863,0.009666913125625287,0.004876434093081361,-0.0009229636928045348,0.012085709684531931,0.0019420259748990376,0.00010102355368823979
2026-04-20,-0.0027937946070088564,-0.014969491652021882,-0.007356218562576511,-0.0006445921098360285,-0.0019997769579219726,-0.002716546186996588,0.0003022600063209424
2026-04-21,-0.0031743263030547934,-0.016176746734471448,-0.008045395836966951,-0.003771958505484063,-0.006546877598048839,-0.003131800403685214,0.00010102355368823979
2026-04-22,0.00282750774108789,0.013431050906720365,0.0067582226194660144,0.006035905132160346,0.010126679110719516,0.0026741869289975758,0.00010046282536246842
2026-04-23,-2.1186502737357824e-05,-0.0002823900699779891,-9.849786888316281e-05,-0.001559979121192101,-0.0038807172806204493,-1.4124131907536491e-05,0.00010046282536246842
2026-04-24,-0.0019078052632088337,-0.009388068124165039,-0.004651336895976743,0.0034396925069357653,0.007749329558953688,-0.0017924305732597411,0.00010046282536246842
2026-04-27,0.006932075529860499,0.032283176360922594,0.01626969481845486,0.0021194970042863748,0.0017227696705925943,0.00655120660454097,0.00030141875543931995
2026-04-28,0.003356130585915094,0.016010272031913297,0.00804783318206237,-0.0010900003544717096,-0.0048659811570929135,0.003169274327520109,0.00010046282536246842
2026-04-29,-0.004848794848521934,-0.02347014624366517,-0.011692375955726808,3.548584558332735e-05,-0.00015454822141547364,-0.004564377094713778,0.00010046282536246842
2026-04-30,0.006708300380947041,0.03209364675046267,0.016089520541337166,0.005015154875434247,0.009949685183250345,0.006328829584273984,0.00010046282536246842
2026-05-01,-0.0018285590815837827,-0.00890429604694698,-0.004409591034026272,0.0013063780081266074,0.00276905737155686,-0.0017175781556328983,0.00010018247204546249
2026-05-04,-0.0023894385385113265,-0.012507786051858316,-0.006126207002292605,-0.0004113835711032632,-0.0036633809509297732,-0.00223484840712428,0.00030057752672507654
2026-05-05,0.0006932249708927031,0.0031497956451869147,0.0016177351689730113,0.0029279047549055637,0.008022242913074518,0.0006592611501384914,0.00010074318590991282
2026-05-06,0.004072534211393005,0.019364048429729497,0.009724861561244413,0.0019843421627276925,0.013899418730159985,0.003844377038074605,0.00010074318590991282
2026-05-07,0.0016304982970920328,0.007679090318884141,0.0038823825058216244,0.00030422878004254805,-0.0030660889376450395,0.0015427248429685206,0.00010074318590991282
2026-05-08,-0.0010498916703577926,-0.005237265063986252,-0.002575795185613572,0.000789584503088081,0.008256054754597786,-0.0009837455059323182,0.00010074318590991282
2026-05-11,-0.0027428442442215756,-0.014220815199519343,-0.006982300961766108,0.000450000292208097,0.0022775635209937306,-0.0025679244399143784,0.00030141875543931995
2026-05-12,0.004390994105102472,0.020926394175196705,0.010506034433977796,0.000251185830782541,-0.0015148976832113359,0.004144608823781997,0.00010074318590991282
2026-05-13,-0.003042287716519319,-0.014776603775126351,-0.007345464541183566,0.000207322272252064,0.005594852718878274,-0.002861609294113452,0.00010074318590991282
2026-05-14,0.0042801058841958565,0.020394747293697613,0.010240210993228471,0.00016348789751652326,0.007894249484761584,0.0040400934100921935,0.00010074318590991282
2026-05-15,-0.001698754742750396,-0.008320025183492397,-0.004117315425640422,-0.00023351596227538796,-0.012029288059682064,-0.001595279225698416,0.00010046282536246842
2026-05-18,0.004513037286929851,0.020658047020839287,0.010457130148413318,0.0011882899427460014,-0.0007035134425675826,0.0042711335261788625,0.00030141875543931995
2026-05-19,-0.0013626468930087545,-0.006662030107830397,-0.0032883178878092556,-0.002901585227869208,-0.006660801173054454,-0.0012784791073524203,0.00010046282536246842
2026-05-20,0.0042672422978090865,0.020354646079904004,0.01021988002939933,0.005106442716299897,0.0102489448693448,0.004027888867411141,0.00010018247204546249
2026-05-21,0.006364500439575082,0.030483525483189444,0.015284039388570259,0.001987388955005942,0.0019831294549137457,0.006004707967609637,9.962178710143377e-05
2026-05-22,-0.0017222303963038339,-0.008349905738213925,-0.004132395879659634,0.0015797880063888048,0.003931565762728351,-0.001617362872008488,0.00010018247204546249
2026-05-26,0.006922339802000475,0.03187447659456888,0.016107496366668084,0.0035576148033888977,0.006638589859918387,0.006547735663525418,0.00040079011137006404
2026-05-27,0.004523851995512025,0.021682189980335442,0.010883792156273664,0.0009592021287354591,-0.0001731819956434233,0.004269919506082706,0.00010046282536246842
2026-05-28,0.0040367913197427545,0.019315173142770092,0.009700143560832375,0.0023235474941765144,0.005516544483684438,0.0038107685472832794,0.00010018247204546249
2026-05-29,0.0038951454651493626,0.0186300101785164,0.009357702255364142,0.0007055273024667574,0.002491413132097442,0.0036772637015448496,0.00010046282536246842
2026-06-01,-0.005085302821270328,-0.025373273019210107,-0.012558529871611546,0.0010963934124310626,0.002723144858072235,-0.004775730779892673,0.00030141875543931995
2026-06-02,0.0030548591279501735,0.014601110804425055,0.007343673119986294,0.000730128433615862,0.0013579151752256546,0.0028853443094234523,0.0001013039286978934
2026-06-03,0.00013430882444551162,0.0005308252772626698,0.00030853035640499016,-0.000913430880857713,-0.00701716271996522,0.0001325001561192947,0.0001013039286978934
2026-06-04,0.006927696890675258,0.03313664003115635,0.016611437733351497,0.0015640273704788932,0.003778634283035931,0.006535531155803539,0.0001013039286978934
2026-06-05,-0.015170119336719147,-0.07296783165856591,-0.036440798111509354,-0.010761731981490552,-0.025809369612244448,-0.01429260832487224,0.0001013039286978934
2026-06-08,0.004059794704967545,0.01872070433484052,0.009489720714989991,0.0030962088127330922,0.002264222440912178,0.003844505064180479,0.00030394257459120944
2026-06-09,-0.003569981783264262,-0.017274479784092134,-0.00859384178841549,-0.0020047326733819704,-0.002935520049857532,-0.003358933273907415,0.00010186470041206874
2026-06-10,-0.011621505427092414,-0.055982639907871,-0.02794806204504141,-0.011142384249932635,-0.0157655110158077,-0.0109479292394784,0.0001015843109390957
2026-06-11,0.01045086928010096,0.05020900345990098,0.02514775963884497,0.012625130076653779,0.016996857394830034,0.009856664048484521,0.0001015843109390957
2026-06-12,0.00916527350045219,0.04402838329857728,0.022057309367062183,0.005143985271470308,0.005408207317551872,0.008644839265211977,0.0001013039286978934
2026-06-15,0.014723724643033839,0.06990040721766655,0.03507957215640256,0.006384835368013597,0.017634009390668393,0.013895589524110744,0.00030394257459120944
2026-06-16,-0.00041633710523197116,-0.0029695021192971405,-0.0014414931507542583,-0.00010874355408274639,-0.005961575485861181,-0.0005907712255500909,0.0001015843109390957
2026-06-17,0.0001015843109390957,-0.04539710459173274,-0.022655294386972114,-0.002092110083340981,-0.01248789492983049,-0.008861942878473094,0.0001015843109390957
2026-06-18,0.007536338873354578,0.03870451559672583,0.019396076507900872,0.003943477774559279,0.010396979807429707,0.007607246611642641,0.00010270591222694136
2026-06-22,0.0010221756254700418,0.003562871204474849,0.0019561810931463253,-0.00025710465873640675,-0.0031469282666526377,0.0009872237256523502,0.0004097649544207993
2026-06-23,-0.011117614239151969,-0.05361897313343511,-0.026765387435157884,-0.008355192849509363,-0.014522012225013592,-0.010472967521938992,0.00010326675627014836
2026-06-24,0.0009565807500857955,0.00455575218878268,0.0023219752259509008,-4.0341403535149034e-05,-0.0004635003677893046,0.0009079049095081823,0.00010326675627014836
2026-06-25,0.003432900719742956,0.016305214912611277,0.008196706587865199,0.0007578726543409076,0.0014456368287247834,0.0032416440587314946,0.00010326675627014836
2026-06-26,0.00047900489863998463,0.002149145610632175,0.0011185317240567372,0.008598075942952033,-0.007231332133985857,0.0004574995032951831,0.0001029863306316603
2026-06-29,0.006916943520415894,0.032195887480596985,0.0162289949891683,-0.0002226834497663921,0.01647481275894025,0.0065372403338643794,0.0003073079771915843
2026-06-30,-0.00044098516124975614,0.0220961976580758,0.011092758848047168,0.004331872242607782,0.007786815227913024,0.004358454268232494,0.00010438853116956359
2026-07-01,0.00010438853116956359,-0.008120326701850922,-0.004015503331916137,0.0008245382585752026,-0.0013525036475483532,-0.001561627158979431,0.00010438853116956359
2026-07-02,0.00010354718914262762,0.009294401859640145,0.004691440277815984,-0.00018749893466507572,-0.0013140507435593918,0.0018621401339829057,0.00010354718914262762
2026-07-06,0.0004108869442678298,0.028041618271023916,0.014196115621344374,0.005662961447535864,0.008727392224116226,0.005806250278736821,0.0004108869442678298
2026-07-07,0.00010438853116956359,-0.010727350025260818,-0.005319014993621085,-0.0017856688770911955,-0.004751890339538711,-0.0020779359604124175,0.00010438853116956359
2026-07-08,0.00010410807659200216,-0.013686126687409317,-0.00679854355198406,-0.0013105121186989255,-0.0030894091522385425,-0.0026465901553598997,0.00010410807659200216
2026-07-09,0.003084579441273692,0.017370663225378058,0.008729851404409628,0.004435513584291728,0.008465256756416295,0.003442672423197023,0.00010410807659200216
2026-07-10,-0.00046650346715579414,0.021714270620000198,0.010901094228740638,0.001884881165014729,0.004310118179872147,0.004290367356379735,0.0001029863306316603
2026-07-13,0.0003106737345994759,-0.030457758069797003,-0.015096144907324915,-0.0019179478802592298,-0.007656140611366324,-0.005762836148304417,0.0003106737345994759
2026-07-14,0.00010494946203176703,0.015150385345198192,0.007620133157039577,0.002491633416670025,0.0035506379166867497,0.0029970728912505143,0.00010494946203176703
2026-07-15,0.005471013169453367,0.028912487994069203,0.014500483345030402,0.001370792272897381,0.003963630921285599,0.00570391886594865,0.00010354718914262762
2026-07-16,-0.005826772722817866,-0.028096683036612946,-0.01400424238674669,4.216373019705344e-05,-0.005418616825605738,-0.00548592162463671,0.00010326675627014836
2026-07-17,-0.010040138660448597,-0.04835974916993391,-0.02413577545340706,-0.009160386878076077,-0.009897199757215702,-0.009457233011230214,0.00010326675627014836
2026-07-20,0.0038656690697766068,0.017667151064390874,0.008966309659768967,0.0006354393609295794,-0.0016143534967409945,0.003661758998567914,0.0003106737345994759
2026-07-21,0.006566887921199086,0.03141573602022274,0.01575238780183219,0.004672049351356344,0.008341327043244195,0.006195716900062652,0.00010410807659200216
2026-07-22,-0.0010400194066979352,-0.005060552183554834,-0.002485616072767871,-0.00010158472165788801,-0.001162766737217713,-0.0009740850234597517,0.00010438853116956359
2026-07-23,-0.011065998531342476,-0.05333796534539603,-0.026624182422781972,-0.006290426360526902,-0.012349253784127878,-0.010424225204400839,0.00010466899298267052
2026-07-24,0.0029718603333806905,0.01426533659753293,0.007178310010106603,0.0012325378636199869,0.0010159657563921787,0.0028075884960762423,0.00010635191583108217
2026-07-27,0.0013415595487900156,0.005425221349284026,0.002849552775359143,0.0010438146888551714,0.00021661654234961247,0.0012829044122998855,0.0003190896808862309
2026-07-28,0.00154847730190522,0.007275914937568295,0.003683739436361133,0.0016660952451115207,0.0023947666975516757,0.0014656765716374114,0.00010663242830433184
2026-07-29,-0.013003182746023037,-0.06265259750867547,-0.03128121803175432,-0.01004783470859294,-0.015387445003102407,-0.01225007802039492,0.00010522993831729721
2026-07-30,0.013746361176644621,0.06608586077570666,0.033087029519413,0.012964449918132726,0.01676574369337569,0.01296300053073761,0.00010326675627014836
2026-07-31,0.006365559317655188,0.03064001654183901,0.015363967189660155,0.0035684666031019496,0.007199869193782904,0.006006160712170166,0.0001029863306316603
2026-08-03,0.0016141695105941418,0.006839299997451365,0.003551542664769647,0.0057567060847372176,0.014242990614400597,0.001539373961876991,0.0003089908115398998
2026-08-04,-0.00044860567888572404,-0.004762314749072627,-0.002336357124620214,0.0024510420422183543,0.01802895214665101,-0.0008996792088628515,0.00010466899298267052
2026-08-05,0.00010438853116956359,0.03124577307279508,0.01566754655540703,0.0004293472806147225,-0.0019965624761277834,0.006163028104092497,0.00010438853116956359
2026-08-06,0.00010438853116956359,0.013458342747321383,0.006773831392670404,0.0003176921061871507,-0.0015978064697251826,0.002656195746695822,0.00010438853116956359
2026-08-07,0.00010438853116956359,-0.0017274361623721424,-0.0008190580621767474,0.0009527736299004275,0.0061153280785064545,-0.00031065176578288665,0.00010438853116956359
2026-08-10,0.00031154091903409916,0.0032384206601978605,0.0017523652050723815,0.0004814998302224982,-0.0002974431285415191,0.0008521313803947352,0.0003115152293988732
2026-08-11,0.0019825140145364106,0.00938056349076044,0.0047349417643896,0.00010293017161511209,-0.003195199981383512,0.0018746374695733407,0.00010438853116956359
2026-08-12,0.0062394286322990395,0.029863728330027373,0.014976524184022955,0.0005340691619564186,0.0025046088948632583,0.0058870387095484355,0.00010438853116956359
2026-08-13,-0.0013062430792247259,-0.006327006016170422,-0.0031191234400355095,0.00033361505271112257,0.006977515074108265,-0.0012250479359021084,0.00010382762924998623
2026-08-14,0.0027469768766135816,0.01307290027018504,0.006580689483088431,0.00021955666229400705,-0.0019797506799419384,0.0025951575538427484,0.00010354718914262762
2026-08-17,-0.0012255468599192158,-0.006859196514944599,-0.0032968641298986023,0.00033343058392043545,-0.004727362317670902,-0.0011372092058047464,0.0003106737345994759
2026-08-18,-0.0016230606514606872,-0.007933602599021206,-0.003922421731461068,5.277557879534989e-05,-0.00675574496080833,-0.001523806916565415,0.00010382762924998623
2026-08-19,0.0067173307626090814,0.03217105441739787,0.016129766556694847,0.0002027586283517291,0.0020977847370853286,0.006337429848067235,0.00010354718914262762
2026-08-20,-0.002182287358137126,-0.01051691125705656,-0.005214216280532424,0.00014162457269639717,-0.008399827926766523,-0.0020507686423139678,0.00010354718914262762
2026-08-21,0.003495128061757133,0.016695635400467923,0.008392057048229873,-0.0005358759211234743,0.004091229991858514,0.00330035641270191,0.00010354718914262762
2026-08-24,-0.000577582598264459,-0.0037216932331354258,-0.0017276917415942616,-0.0005000486158377448,-0.0029384361156037375,-0.0005263986121842536,0.0003115152293988732
2026-08-25,0.004066539279491987,0.019418810108051465,0.009753784622075434,0.001773281265200044,0.003195939766817757,0.0038389120831338634,0.00010382762924998623
2026-08-26,0.000676562543406759,0.0031835705139282577,0.0016360246049600402,0.0004799915654660758,0.00022200767959623668,0.0006437682291220912,0.00010354718914262762
2026-08-27,0.005219369591385803,0.024964334717075598,0.01252626649009736,0.0034664832665920464,0.006552844629756693,0.004925476151915931,0.00010326675627014836
2026-08-28,-0.0028132045044871093,-0.013564043889397692,-0.006738063025958474,-6.079934557801092e-05,-0.0022694869107554583,-0.0026455131958919523,0.0001029863306316603
2026-08-31,0.004073750155781455,0.01862077474078694,0.009444383773438592,-0.0003758733527902125,-0.002989548034258882,0.003857803961553983,0.0003131982855422155
2026-09-01,-0.006635815528189726,-0.03197147762870178,-0.015940517850006497,-0.0036495543120037555,-0.006870413937474118,-0.006248417644483145,0.00010551042183970516
2026-09-02,0.006669671013329214,0.03201929230593947,0.016054867117314187,0.0030524352883718464,0.004436916429827686,0.006292790264106343,0.00010551042183970516
2026-09-03,0.004023198098882197,0.01930700502661442,0.00969872347765155,0.0045979173813450736,0.010468417941536634,0.00379833729285986,0.00010551042183970516
2026-09-04,-0.000820415851601048,-0.004011276113871309,-0.001960837807019722,-0.0006884586787101465,-0.0038542322600894074,-0.0007671456725466012,0.00010466899298267052
2026-09-08,-0.003135446261148045,-0.016509172356855784,-0.008074230065744481,-0.001355820105820138,-0.005492178930014524,-0.0029311063617775534,0.0004209861979698193
2026-09-09,-0.0031638392843794296,-0.015301128480898485,-0.007605062781726346,-0.002202059670850076,-0.004647717444469568,-0.0029758765276126148,0.00010607141059626457
2026-09-10,-0.0070824412758818565,-0.03414750532172617,-0.017028110949522945,-0.0037943527199314486,-0.005994275703456675,-0.006669356075362925,0.00010635191583108217
2026-09-11,0.009785984593107349,0.04697974688211426,0.02353621646977544,0.006629318912436455,0.008524301461116268,0.009230212509476286,0.0001077545505872024
2026-09-14,-0.0015414610036681411,-0.008328877612472585,-0.004022866653475066,-0.0018229152303050888,-0.004461653484890693,-0.0014337631852377952,0.0003283497849746464
2026-09-15,-0.0005239990917320014,-0.0026658776080981106,-0.0012850525585007544,-0.0029921673182389252,-0.004586752409134642,-0.00048747359092397077,0.00011084098424740674
2026-09-16,-0.001932606755878827,-0.009523229528840549,-0.0047137285188719735,-0.0032477789293413606,-0.0044098804847823025,-0.0018151957566653549,0.00011084098424740674
2026-09-17,0.008319445750764664,0.039768947320839576,0.019932640537926538,0.011062303650365646,0.011338753705953053,0.007847966050458585,0.00011140224816408306
2026-09-18,-0.0007455770471816097,-0.0036890766490621507,-0.001796652078982719,0.0047515735462742015,0.0012869590529585029,-0.0006961340834868286,0.00011084098424740674
