,cm30,cm60,cm90,cm120,cm150,cm180,n_contracts
2008-01-02,24.156470588235294,24.427931034482757,24.330714285714286,24.28142857142857,24.137142857142855,23.939999999999998,9
2008-01-03,23.97,24.425862068965518,24.285,24.237142857142857,24.143214285714286,23.9425,9
2008-01-04,25.008235294117647,25.16,24.91357142857143,24.742571428571427,24.615714285714287,24.55,9
2008-01-07,24.546176470588236,24.651724137931033,24.482142857142858,24.404285714285713,24.321785714285717,24.188928571428573,9
2008-01-08,25.77294117647059,25.66413793103448,25.404642857142857,25.242,25.112857142857145,24.935,9
2008-01-09,25.492058823529412,25.45241379310345,24.90857142857143,24.697142857142858,24.556785714285713,24.422142857142855,9
2008-01-10,24.691176470588236,24.646551724137932,24.3975,24.300857142857144,24.192857142857143,23.957142857142856,9
2008-01-11,25.835,26.07758620689655,25.947857142857146,25.632,25.5,25.3125,9
2008-01-14,24.79294117647059,25.075172413793105,25.07,24.93114285714286,24.89785714285714,24.788571428571426,9
2008-01-15,25.063529411764705,25.05896551724138,25.095000000000002,24.948,24.573214285714286,24.6875,9
2008-01-16,,25.02586206896552,25.0975,24.967428571428574,24.562857142857144,24.42571428571429,8
2008-01-17,,26.644137931034482,26.73,26.412857142857142,26.261785714285715,26.201785714285712,8
2008-01-18,,26.728275862068966,26.607714285714287,26.23914285714286,26.022857142857145,25.88,8
2008-01-22,27.63689655172414,26.3875,26.352857142857143,25.77,25.700714285714284,25.68714285714286,9
2008-01-23,26.28620689655172,25.318571428571428,25.352857142857143,24.980714285714285,24.98392857142857,24.81857142857143,9
2008-01-24,26.279655172413793,25.354285714285716,25.376,25.184285714285714,24.982857142857142,24.950285714285716,9
2008-01-25,26.586206896551726,25.787142857142857,25.71485714285714,25.603214285714284,25.34785714285714,25.156,9
2008-01-28,25.94206896551724,25.325,25.19857142857143,25.10642857142857,25.0,24.89857142857143,9
2008-01-29,25.939655172413794,25.3,25.294,25.03,24.799642857142857,24.772857142857145,9
2008-01-30,25.94,25.55607142857143,25.446,25.215714285714284,25.083571428571428,24.956285714285713,9
2008-01-31,25.514827586206895,25.24142857142857,25.002,24.696428571428573,24.535714285714285,24.392857142857142,9
2008-02-01,24.83,24.678571428571427,24.502857142857142,24.122142857142855,23.34857142857143,23.148,9
2008-02-04,25.68068965517241,25.337142857142858,24.83057142857143,24.36607142857143,24.071428571428573,23.984285714285715,9
2008-02-05,27.130689655172414,26.743928571428572,26.24457142857143,25.625,25.169999999999998,25.060285714285715,9
2008-02-06,27.844137931034485,27.45214285714286,26.89,26.165714285714287,25.752857142857145,25.505428571428574,9
2008-02-07,27.39034482758621,26.876785714285713,26.286,25.861428571428572,25.56357142857143,25.282857142857143,9
2008-02-08,27.89206896551724,27.58,27.132571428571428,26.4975,26.053214285714287,25.744,9
2008-02-11,27.189655172413794,26.838571428571427,26.388571428571428,26.11285714285714,25.912857142857142,25.479142857142858,9
2008-02-12,26.790344827586207,26.53142857142857,26.05428571428571,25.5775,25.576785714285716,25.314285714285713,9
2008-02-13,25.842758620689654,25.783214285714287,25.43285714285714,25.212142857142858,25.077142857142857,24.904,9
2008-02-14,26.193793103448275,26.13357142857143,25.826,25.495357142857145,25.23464285714286,25.03257142857143,9
2008-02-15,25.94448275862069,25.910714285714285,25.570285714285713,25.38,25.18357142857143,24.778,9
2008-02-19,25.613214285714285,25.666571428571427,25.332285714285714,24.96,24.768,24.588,8
2008-02-20,25.447142857142858,25.383714285714287,25.18657142857143,24.878571428571426,24.828,24.708,9
2008-02-21,25.423214285714288,25.375714285714285,24.93,24.86642857142857,24.691142857142857,24.699714285714286,9
2008-02-22,24.864285714285714,24.80085714285714,24.658571428571427,24.63607142857143,24.759999999999998,24.7,9
2008-02-25,24.212500000000002,24.314285714285713,24.227142857142855,24.14785714285714,24.114857142857144,24.02736263736264,9
2008-02-26,23.844285714285714,24.17142857142857,24.135714285714286,24.052500000000002,23.956285714285713,23.827802197802196,9
2008-02-27,24.063214285714285,24.453142857142858,24.39357142857143,24.087142857142855,23.884285714285713,23.765054945054946,9
2008-02-28,24.765714285714285,25.034857142857145,24.87,24.730714285714285,24.608285714285714,24.41945054945055,9
2008-02-29,26.202142857142857,26.34142857142857,26.178571428571427,25.75,25.51857142857143,25.382307692307695,9
2008-03-03,26.205,26.186,25.945,25.666785714285716,25.537142857142857,25.37252747252747,9
2008-03-04,25.7575,25.751142857142856,25.62,25.575,25.58142857142857,25.396043956043957,9
2008-03-05,25.14428571428571,25.236,24.983928571428574,24.855357142857144,24.81142857142857,24.67956043956044,9
2008-03-06,26.899642857142858,26.724,26.365000000000002,26.012857142857143,25.69571428571429,25.478571428571428,9
2008-03-07,26.884285714285713,26.607142857142858,26.158214285714287,25.921785714285715,25.627714285714287,25.360769230769233,9
2008-03-10,27.637500000000003,27.199142857142856,26.713571428571427,26.46,26.09314285714286,25.815934065934066,9
2008-03-11,26.094285714285714,25.671714285714287,25.344285714285714,25.2275,25.12457142857143,25.00879120879121,9
2008-03-12,26.877142857142857,26.627142857142857,26.152857142857144,25.774285714285714,25.607142857142858,25.507802197802196,9
2008-03-13,26.98142857142857,26.589142857142857,26.2375,26.137142857142855,25.80857142857143,25.65142857142857,9
2008-03-14,28.574642857142855,27.69457142857143,27.285,27.0,26.603428571428573,26.42923076923077,9
2008-03-17,28.54,27.537142857142857,27.128928571428574,27.119285714285716,26.55657142857143,26.284395604395606,9
2008-03-18,26.175142857142855,25.42942857142857,25.144285714285715,25.33,25.158571428571427,25.072307692307692,9
2008-03-19,27.359714285714286,26.605428571428572,26.22142857142857,26.185142857142857,25.739428571428572,25.617142857142856,8
2008-03-20,26.921142857142858,26.132571428571428,25.86,25.784,25.544,25.445824175824175,8
2008-03-24,26.222,25.68857142857143,25.437142857142856,25.54857142857143,25.278928571428573,24.73095238095238,9
2008-03-25,26.217142857142857,25.843214285714286,25.609285714285715,25.488,25.194285714285712,25.10666666666667,9
2008-03-26,26.788,26.295714285714286,26.14785714285714,26.069142857142857,25.782857142857143,25.378095238095238,9
2008-03-27,26.58857142857143,26.417142857142856,26.1775,25.988285714285716,25.744285714285713,25.331904761904763,9
2008-03-28,26.596857142857143,26.497857142857143,26.18285714285714,26.102857142857143,25.718928571428574,25.51888888888889,9
2008-03-31,26.126,26.177857142857142,25.865000000000002,25.72057142857143,25.594285714285714,25.496666666666666,9
2008-04-01,24.364285714285714,24.75714285714286,24.585714285714285,24.548,24.51607142857143,24.50984126984127,9
2008-04-02,24.818285714285715,24.841428571428573,24.638214285714284,24.624285714285712,24.505714285714284,24.434761904761906,9
2008-04-03,24.59542857142857,24.815714285714286,24.595,24.553714285714285,24.52285714285714,24.3984126984127,9
2008-04-04,24.469142857142856,24.843214285714286,24.698571428571427,24.68,24.388571428571428,24.084444444444443,9
2008-04-07,23.76,24.18,24.17142857142857,24.062857142857144,24.056428571428572,24.072539682539684,9
2008-04-08,23.68,23.972857142857144,23.977857142857143,24.082,24.164285714285715,24.164285714285715,9
2008-04-09,24.306857142857144,24.544285714285714,24.55857142857143,24.520857142857142,24.619642857142857,24.61047619047619,9
2008-04-10,23.864857142857144,24.20785714285714,24.15,24.084285714285713,24.165714285714287,24.18873015873016,9
2008-04-11,24.674285714285716,25.065714285714286,25.13142857142857,24.852,24.950714285714284,24.95,9
2008-04-14,24.672,24.83892857142857,24.97285714285714,24.84342857142857,24.752857142857142,24.675238095238093,9
2008-04-15,24.146,24.521428571428572,24.58642857142857,24.55,24.564642857142857,24.45095238095238,9
2008-04-16,,23.201071428571428,23.490357142857142,23.466857142857144,23.68285714285714,23.608571428571427,8
2008-04-17,,23.512857142857143,23.61,23.464285714285715,23.716785714285713,23.677142857142858,8
2008-04-18,,22.81714285714286,23.141142857142857,23.175428571428572,23.347142857142856,23.297777777777778,8
2008-04-21,21.92,22.457142857142856,22.82257142857143,22.916857142857143,23.316285714285712,24.104857142857142,10
2008-04-22,22.11857142857143,22.676785714285714,23.158571428571427,23.21,23.557142857142857,23.514285714285716,10
2008-04-23,21.899285714285714,22.517142857142858,23.15142857142857,23.128571428571426,23.636857142857142,23.705428571428573,10
2008-04-24,21.317857142857143,22.192857142857143,22.854000000000003,22.897857142857145,23.268,23.328,10
2008-04-25,20.80857142857143,21.693571428571428,22.346,22.420357142857142,22.58142857142857,22.53,10
2008-04-28,20.737499999999997,21.56142857142857,22.05,22.167857142857144,22.611428571428572,22.628571428571426,10
2008-04-29,21.032857142857143,21.84357142857143,22.327428571428573,22.4525,22.716285714285714,22.84,10
2008-04-30,21.529285714285713,22.2775,22.475142857142856,22.547142857142855,22.77,22.74142857142857,10
2008-05-01,20.249285714285712,21.228571428571428,21.564,21.670714285714286,21.73657142857143,21.255714285714287,10
2008-05-02,20.041071428571428,20.996785714285714,21.44142857142857,21.512857142857143,21.624285714285715,21.605,10
2008-05-05,20.34,21.39,21.64371428571429,21.743928571428572,21.90142857142857,21.81142857142857,10
2008-05-06,19.591428571428573,20.806428571428572,21.257714285714286,21.505000000000003,21.615142857142857,21.55,10
2008-05-07,20.562857142857144,21.762857142857143,22.075714285714284,22.1925,22.28514285714286,22.262857142857143,10
2008-05-08,20.629285714285714,21.881071428571428,22.174,22.267142857142858,22.34,22.251785714285713,10
2008-05-09,20.875,22.035714285714285,22.282571428571426,22.423571428571428,22.575142857142858,22.655,10
2008-05-12,20.35,21.6825,21.87,21.927142857142858,21.987714285714286,21.97964285714286,10
2008-05-13,20.334285714285716,21.72285714285714,21.88,22.029999999999998,22.08,22.05428571428571,10
2008-05-14,19.959285714285716,21.400357142857143,21.645714285714284,22.002142857142857,22.103714285714286,21.98107142857143,10
2008-05-15,19.53,21.152142857142856,21.346,21.526071428571427,21.53857142857143,21.415714285714287,10
2008-05-16,19.819642857142856,21.451428571428572,21.65742857142857,21.912857142857142,22.002,21.907500000000002,10
2008-05-19,19.76,21.588571428571427,21.717142857142857,21.990357142857142,22.033142857142856,21.98857142857143,10
2008-05-20,20.874642857142856,22.378285714285717,22.661142857142856,22.57,22.578571428571426,22.678214285714287,10
2008-05-21,22.242857142857144,23.609714285714283,23.832571428571427,23.76571428571429,23.93714285714286,23.774285714285718,9
2008-05-22,21.917142857142856,23.58285714285714,23.72,23.694285714285712,23.60857142857143,23.50357142857143,10
2008-05-23,22.48857142857143,24.064,24.181428571428572,24.219142857142856,24.21057142857143,23.97,10
2008-05-27,22.12142857142857,23.737142857142857,23.82107142857143,23.76,23.669285714285714,23.474285714285717,10
2008-05-28,21.947142857142858,23.344285714285714,23.55857142857143,23.58085714285714,23.531785714285714,23.326428571428572,10
2008-05-29,20.72,22.272285714285715,22.7725,23.10742857142857,23.051428571428573,22.73,10
2008-05-30,20.31892857142857,22.08942857142857,22.732857142857142,22.98428571428571,22.9325,22.75,10
2008-06-02,21.72,23.005714285714287,23.340357142857144,23.532,23.542857142857144,23.210714285714285,10
2008-06-03,22.200357142857143,23.384,23.702857142857145,23.848,23.805357142857144,23.619285714285716,10
2008-06-04,22.322857142857142,23.27,23.709285714285716,24.002857142857142,23.93,23.762857142857143,10
2008-06-05,21.25785714285714,22.607714285714287,23.235,23.418857142857142,23.252142857142857,23.028214285714284,10
2008-06-06,23.59714285714286,24.077142857142857,24.437142857142856,24.57257142857143,24.394285714285715,24.105,10
2008-06-09,23.2475,23.824285714285715,24.39,24.56714285714286,24.367857142857144,24.106785714285714,10
2008-06-10,23.309285714285714,23.703142857142854,24.183214285714286,24.396,24.31714285714286,24.06,10
2008-06-11,23.996428571428574,24.207142857142856,24.605714285714285,24.708571428571428,24.489642857142858,24.217499999999998,10
2008-06-12,23.732857142857142,23.94685714285714,24.5775,24.609142857142857,24.39785714285714,24.165714285714287,10
2008-06-13,22.85214285714286,23.154285714285713,23.74214285714286,23.81457142857143,23.759642857142858,23.607499999999998,10
2008-06-16,22.74,22.86857142857143,23.38107142857143,23.409142857142857,23.352857142857143,23.357142857142858,10
2008-06-17,22.685142857142857,22.83942857142857,23.389285714285712,23.462,23.396071428571428,23.272857142857145,10
2008-06-18,23.351142857142857,23.368285714285715,23.67857142857143,23.82257142857143,23.592857142857145,23.447857142857146,9
2008-06-19,22.95057142857143,23.156285714285715,23.57,23.467142857142857,23.3875,23.177500000000002,9
2008-06-20,23.500857142857143,23.432285714285715,23.70057142857143,23.717714285714283,23.552857142857142,23.43,9
2008-06-23,23.506,23.497142857142855,23.592285714285715,23.60942857142857,23.461071428571426,23.22342857142857,10
2008-06-24,23.646,23.694642857142856,23.634285714285713,23.54,23.49357142857143,23.182,10
2008-06-25,22.646,22.79,23.02657142857143,23.005357142857143,22.836071428571426,22.517142857142858,10
2008-06-26,24.585714285714285,24.27857142857143,24.37,24.199285714285715,24.04285714285714,24.012,10
2008-06-27,24.433714285714284,24.21857142857143,24.31885714285714,24.131785714285716,23.688928571428573,23.594,10
2008-06-30,24.086000000000002,23.98785714285714,24.081714285714284,23.947142857142858,23.602857142857143,23.515714285714285,10
2008-07-01,24.022857142857145,23.892857142857142,23.988,23.78,23.489642857142858,23.458285714285715,10
2008-07-02,25.264857142857142,24.883214285714285,24.69457142857143,24.452857142857145,24.08857142857143,24.03457142857143,10
2008-07-03,25.05,24.65142857142857,24.492,24.204642857142858,23.74357142857143,23.622,10
2008-07-07,25.208000000000002,24.745714285714286,24.70457142857143,24.44392857142857,24.00464285714286,23.962285714285713,10
2008-07-08,23.696,23.527857142857144,23.47657142857143,23.29,23.054285714285715,23.211142857142857,10
2008-07-09,24.957428571428572,24.60642857142857,24.53142857142857,24.295714285714286,23.970357142857143,24.04285714285714,10
2008-07-10,25.095714285714287,24.75142857142857,24.592,24.28,23.900714285714287,24.075714285714284,10
2008-07-11,25.79285714285714,25.064285714285713,24.858,24.57357142857143,24.16857142857143,24.268,10
2008-07-14,26.318,25.56142857142857,25.09,24.60142857142857,24.28142857142857,24.566,10
2008-07-15,26.516000000000002,26.05142857142857,25.490285714285715,24.955,24.495,24.562857142857144,10
2008-07-16,,24.505714285714287,24.063428571428574,23.649285714285714,23.08142857142857,23.349142857142855,9
2008-07-17,,24.00857142857143,23.758,23.240000000000002,22.75607142857143,23.088,9
2008-07-18,,23.808928571428574,23.609428571428573,23.107142857142858,22.612142857142857,22.94,9
2008-07-21,23.4,23.430857142857143,23.293714285714287,22.788214285714286,22.437428571428573,22.660285714285717,10
2008-07-22,22.479642857142856,22.74,22.74,22.36,21.97057142857143,22.279142857142855,9
2008-07-23,22.455,22.78914285714286,22.857714285714284,22.68714285714286,22.109428571428573,22.503714285714288,9
2008-07-24,23.568214285714287,23.747142857142855,23.91,23.625,23.20657142857143,23.48085714285714,9
2008-07-25,23.475714285714286,23.654,23.763928571428572,23.530357142857145,22.994285714285713,23.26,9
2008-07-28,24.2475,24.25542857142857,24.272857142857145,23.98785714285714,23.574285714285715,23.685714285714287,9
2008-07-29,22.768571428571427,23.052857142857142,23.202857142857145,23.012500000000003,22.601714285714284,22.82,10
2008-07-30,21.740357142857142,22.21314285714286,22.472857142857144,22.36,22.068571428571428,22.38642857142857,10
2008-07-31,22.830714285714286,22.967428571428574,23.0175,22.884642857142858,22.69857142857143,22.876428571428573,10
2008-08-01,22.985357142857143,23.08457142857143,23.14,22.943571428571428,22.776,23.0025,10
2008-08-04,22.895000000000003,23.07857142857143,23.120714285714286,22.892857142857142,22.78142857142857,22.94,10
2008-08-05,21.804285714285715,22.29,22.44857142857143,22.21,22.16914285714286,22.44857142857143,10
2008-08-06,21.20285714285714,21.91942857142857,22.305,22.138928571428572,22.129142857142856,22.37,10
2008-08-07,22.123214285714287,22.748,22.91,22.62857142857143,22.512,22.705357142857142,10
2008-08-08,21.52714285714286,22.298571428571428,22.657500000000002,22.459285714285713,22.424,22.6,10
2008-08-11,21.3325,22.278,22.628571428571426,22.35,22.41857142857143,22.712142857142858,10
2008-08-12,22.20714285714286,22.76857142857143,22.984642857142855,22.705000000000002,22.889142857142858,23.207142857142856,10
2008-08-13,22.674642857142857,23.165714285714287,23.245714285714286,22.93357142857143,23.055714285714284,23.02785714285714,10
2008-08-14,21.957142857142856,22.536285714285714,22.677500000000002,22.491071428571427,22.728571428571428,22.91857142857143,10
2008-08-15,21.73357142857143,22.490857142857145,22.699285714285715,22.504285714285714,22.655714285714286,22.75,10
2008-08-18,22.21,22.87,23.006785714285716,22.662857142857142,22.931714285714285,23.067142857142855,10
2008-08-19,22.948,23.488,23.53214285714286,22.9,23.345714285714287,23.61642857142857,10
2008-08-20,22.490571428571428,23.09914285714286,23.169642857142858,22.743714285714287,23.15514285714286,23.312142857142856,9
2008-08-21,22.280857142857144,23.18942857142857,23.23,22.754,23.113999999999997,23.439285714285713,9
2008-08-22,21.742,22.882,23.06785714285714,22.777714285714286,23.154857142857143,23.44,9
2008-08-25,22.802,23.463571428571427,23.591428571428573,23.354857142857142,23.627857142857145,23.799285714285713,9
2008-08-26,22.592,23.258214285714285,23.36357142857143,23.226,23.545,23.687142857142856,9
2008-08-27,22.09314285714286,22.962857142857143,23.052857142857142,22.96457142857143,23.269285714285715,23.381785714285716,9
2008-08-28,21.565714285714286,22.721071428571427,22.835,22.72057142857143,23.067142857142855,23.195714285714285,10
2008-08-29,22.105428571428572,23.058571428571426,23.207142857142856,23.107142857142858,23.51607142857143,23.5575,10
2008-09-02,22.555714285714284,23.27214285714286,23.30857142857143,23.344,23.655357142857145,23.663214285714286,10
2008-09-03,22.307428571428574,23.225714285714286,23.317857142857143,23.397142857142857,23.720714285714287,23.748571428571427,10
2008-09-04,24.03742857142857,24.374285714285715,24.245,24.231142857142856,24.47392857142857,24.3825,10
2008-09-05,23.54285714285714,24.03571428571429,23.810714285714287,23.866,24.181428571428572,24.135,10
2008-09-08,22.83,23.527142857142856,23.340714285714284,23.437142857142856,23.656785714285714,23.55857142857143,10
2008-09-09,24.528,24.618928571428572,24.241071428571427,24.366,24.635714285714286,24.590714285714284,10
2008-09-10,24.063142857142857,24.264999999999997,23.91857142857143,24.06657142857143,24.26642857142857,24.283214285714287,10
2008-09-11,24.282571428571426,24.306785714285713,23.814999999999998,24.028285714285715,24.319285714285712,24.38714285714286,10
2008-09-12,24.60142857142857,24.462857142857143,24.06642857142857,24.244285714285713,24.403928571428573,24.3825,10
2008-09-15,26.352,25.237142857142857,24.77285714285714,25.100285714285715,25.147142857142857,25.104285714285716,10
2008-09-16,25.94314285714286,24.990000000000002,24.523571428571426,24.706,24.661428571428573,24.720357142857143,10
2008-09-17,,26.002857142857142,25.4575,25.555999999999997,25.357142857142858,25.580000000000002,9
2008-09-18,,25.031428571428574,24.65,24.76142857142857,24.503214285714286,24.691785714285714,9
2008-09-19,,24.392857142857142,24.204857142857144,24.350571428571428,24.193571428571428,24.41,9
2008-09-22,26.56,25.388571428571428,25.142,25.382,25.014285714285716,25.10642857142857,10
2008-09-23,28.9425,26.7525,25.962857142857143,26.1,25.75857142857143,25.952857142857145,10
2008-09-24,28.509285714285713,26.527142857142856,25.622,25.67892857142857,25.66392857142857,25.728214285714287,10
2008-09-25,27.5525,25.834642857142857,25.16,25.325714285714287,25.419999999999998,25.467142857142857,10
2008-09-26,28.298571428571428,26.01857142857143,25.229428571428574,25.433214285714286,25.470714285714287,25.4575,10
2008-09-29,31.9775,29.258214285714285,27.979714285714287,27.769285714285715,27.414285714285715,27.582142857142856,10
2008-09-30,29.962857142857143,27.669999999999998,26.710857142857144,26.7275,26.580714285714286,26.339642857142856,10
2008-10-01,30.899285714285714,28.138928571428572,27.025142857142857,26.982857142857142,26.872142857142858,26.527142857142856,10
2008-10-02,32.864285714285714,29.611428571428572,28.064,27.729285714285716,27.505357142857143,27.283214285714287,10
2008-10-03,33.91392857142857,29.974285714285713,28.341428571428573,27.975,27.72,27.58,10
2008-10-06,34.655,30.442857142857143,28.98057142857143,28.478928571428572,28.28607142857143,28.032857142857143,10
2008-10-07,37.806785714285716,31.958214285714284,30.05,29.29,28.341428571428573,27.805714285714284,10
2008-10-08,39.74857142857143,32.70285714285714,30.632857142857144,29.535714285714285,28.389285714285716,27.823214285714286,10
2008-10-09,43.42357142857143,34.76214285714286,32.312000000000005,31.234285714285715,29.68714285714286,29.037142857142857,10
2008-10-10,44.88142857142857,35.081428571428575,32.92885714285714,31.770357142857144,29.958928571428572,29.0075,10
2008-10-13,39.7125,32.54607142857143,30.88,30.027142857142856,28.525714285714287,27.664285714285715,10
2008-10-14,40.32071428571428,33.05428571428571,31.601142857142857,30.779999999999998,29.15892857142857,28.117857142857144,10
2008-10-15,45.464285714285715,36.316071428571426,34.732285714285716,33.98714285714286,31.518571428571427,29.672142857142855,10
2008-10-16,45.794285714285714,35.99214285714285,34.862,34.38964285714286,32.82892857142857,31.222857142857144,10
2008-10-17,48.776785714285715,37.62857142857143,36.285714285714285,34.94,33.21785714285714,31.65,10
2008-10-20,45.05,34.76685714285714,34.26971428571429,33.80535714285714,32.07678571428571,30.780571428571427,10
2008-10-21,43.55464285714285,36.760285714285715,35.06314285714286,33.82,32.47142857142857,31.787142857142857,10
2008-10-22,47.714285714285715,39.49742857142857,37.90314285714286,35.98857142857143,34.76607142857143,33.747142857142855,9
2008-10-23,48.96142857142858,39.85,38.11,36.38285714285714,35.044285714285714,34.44428571428572,10
2008-10-24,54.06857142857143,43.068000000000005,40.63785714285714,39.07142857142857,37.68571428571428,37.11,10
2008-10-27,55.6875,44.082857142857144,41.52285714285714,39.716428571428565,38.652857142857144,38.15285714285714,10
2008-10-28,50.57714285714286,41.75,38.83571428571429,36.817499999999995,35.68714285714286,35.31914285714286,10
2008-10-29,52.4725,43.25485714285714,40.67785714285714,37.97571428571428,36.104285714285716,35.17942857142857,10
2008-10-30,51.380714285714284,43.24,40.76,38.38035714285714,36.76571428571428,36.04114285714286,10
2008-10-31,50.78285714285714,43.83057142857143,41.21857142857143,38.77214285714286,36.97857142857143,35.754000000000005,10
2008-11-03,48.335,43.37057142857143,40.68785714285714,38.16428571428572,36.39107142857143,35.26257142857143,10
2008-11-04,43.981785714285714,40.883714285714284,38.98857142857143,36.72,34.90857142857143,34.41571428571429,10
2008-11-05,46.57142857142858,43.00657142857143,41.235,38.95285714285714,37.12428571428572,36.041714285714285,10
2008-11-06,51.64214285714286,46.63285714285714,44.08,40.96714285714286,39.128571428571426,37.15,10
2008-11-07,50.04071428571429,46.12,43.45,40.441428571428574,38.653214285714284,38.002,10
2008-11-10,50.1975,46.412571428571425,43.71214285714285,40.58,38.57285714285714,37.937714285714286,10
2008-11-11,51.30857142857143,47.48742857142857,44.53,41.2675,39.15464285714285,38.417142857142856,10
2008-11-12,54.846785714285716,49.26285714285714,45.892857142857146,42.537142857142854,40.15,39.31285714285714,10
2008-11-13,51.00714285714286,48.01685714285714,45.04,41.199642857142855,39.29785714285714,38.27057142857143,10
2008-11-14,54.51607142857143,50.54,46.855000000000004,42.88428571428572,40.28857142857143,39.45,10
2008-11-17,56.25,52.35857142857143,47.88857142857143,43.55357142857142,41.25742857142857,40.28028571428571,10
2008-11-18,57.15571428571428,53.12714285714286,48.87571428571429,44.27,42.092571428571425,40.781142857142854,10
2008-11-19,62.55542857142857,57.38685714285714,52.42464285714286,47.24714285714286,44.61828571428572,43.40114285714286,9
2008-11-20,65.67628571428571,60.13914285714286,54.67,50.325714285714284,46.74,44.64,9
2008-11-21,62.108000000000004,57.068,52.965357142857144,48.713928571428575,45.44285714285714,43.12,9
2008-11-24,57.742,53.87714285714286,49.82285714285714,46.145714285714284,43.21885714285714,41.184642857142855,10
2008-11-25,56.13542857142857,52.23392857142857,48.44464285714286,44.8075,42.36142857142857,40.53285714285714,10
2008-11-26,52.58085714285714,50.332857142857144,46.45428571428571,42.96142857142857,40.81428571428572,39.45357142857143,10
2008-11-28,52.389714285714284,49.865,46.12714285714286,42.612857142857145,40.571999999999996,39.6625,10
2008-12-01,58.786,54.88214285714285,50.425,46.895,44.69857142857143,43.70214285714286,10
2008-12-02,56.80285714285714,54.042857142857144,49.97571428571429,46.364999999999995,44.23657142857143,43.06142857142857,10
2008-12-03,56.577999999999996,53.63857142857143,49.31107142857143,45.9575,43.978571428571435,42.825714285714284,10
2008-12-04,59.096,56.04285714285714,51.644999999999996,47.824285714285715,45.44571428571429,43.8575,10
2008-12-05,57.51257142857143,55.278214285714284,50.965714285714284,47.07892857142858,44.96057142857143,43.96,10
2008-12-08,54.906,53.55571428571429,49.833571428571425,46.19428571428571,44.46857142857143,44.00892857142857,10
2008-12-09,55.758857142857146,54.135357142857146,50.269642857142856,47.2975,45.784571428571425,44.99,10
2008-12-10,54.72114285714286,53.36,49.70285714285714,46.80642857142857,45.040285714285716,44.535,10
2008-12-11,55.238285714285716,54.00357142857143,50.1625,47.43071428571429,45.59142857142857,45.0,10
2008-12-12,54.494285714285716,53.27428571428571,49.48428571428571,46.90857142857143,45.174,44.13,10
2008-12-15,55.012,53.02464285714286,49.05857142857143,46.518214285714286,44.824285714285715,43.589999999999996,10
2008-12-16,52.28257142857143,50.56142857142857,47.00214285714286,44.8,43.54,42.58892857142857,10
2008-12-17,,50.168214285714285,46.31428571428572,43.861999999999995,42.422,40.92071428571428,9
2008-12-18,,49.028571428571425,45.61,43.116,41.556,40.300714285714285,9
2008-12-19,,46.559285714285714,43.50535714285714,41.65371428571429,40.590857142857146,39.07,9
2008-12-22,45.51,45.41857142857143,42.49285714285715,41.23285714285714,40.26678571428572,39.870571428571424,10
2008-12-23,46.16392857142857,46.2025,43.166785714285716,41.902,40.86357142857143,39.828,10
2008-12-24,45.74642857142857,45.527142857142856,42.677142857142854,41.62428571428571,41.07142857142858,39.99285714285714,10
2008-12-26,45.22142857142857,45.04142857142857,42.46714285714286,41.44714285714286,40.92928571428571,40.34,10
2008-12-29,46.445,45.70892857142857,43.105000000000004,42.04942857142857,41.20142857142857,40.78714285714286,10
2008-12-30,44.43714285714286,44.01571428571428,41.61571428571428,40.682,40.10857142857143,39.66857142857143,10
2008-12-31,42.25821428571428,41.94,39.54642857142857,38.19,37.91357142857143,38.28342857142857,10
2009-01-02,39.175357142857145,38.879285714285714,36.902499999999996,36.13742857142857,35.98571428571428,36.083999999999996,10
2009-01-05,40.06,38.82857142857143,36.955714285714286,36.23571428571429,35.835,35.780857142857144,10
2009-01-06,39.54071428571429,38.30535714285714,36.98428571428572,36.332,36.05428571428571,35.88028571428571,10
2009-01-07,42.93714285714286,40.95071428571429,39.04714285714286,38.171142857142854,37.62678571428572,37.129714285714286,10
2009-01-08,42.818214285714284,40.684285714285714,38.73,37.54571428571428,37.177142857142854,37.20857142857143,10
2009-01-09,44.292857142857144,41.864285714285714,39.15071428571429,37.953714285714284,37.30428571428571,37.114000000000004,10
2009-01-12,47.815000000000005,44.183214285714286,41.11535714285714,39.443714285714286,38.660714285714285,38.114285714285714,10
2009-01-13,46.78,43.91285714285714,41.10857142857143,39.346000000000004,38.62964285714286,38.35285714285715,10
2009-01-14,50.77964285714286,46.25642857142857,42.98214285714286,41.30571428571428,39.85714285714286,39.454571428571434,10
2009-01-15,50.40571428571428,46.615,43.25,41.21,39.86107142857143,39.32342857142857,10
2009-01-16,48.65,46.4375,43.376,41.456,40.33642857142858,39.614000000000004,10
2009-01-20,54.53214285714285,50.700714285714284,47.09428571428571,44.42,42.32,41.42,10
2009-01-21,50.86071428571429,46.93714285714286,43.92342857142857,41.56142857142857,39.93628571428571,39.49914285714286,9
2009-01-22,50.20035714285714,46.99142857142857,44.65,42.119285714285716,40.343428571428575,39.76914285714286,10
2009-01-23,49.73714285714286,46.75642857142857,44.48542857142857,42.09357142857143,40.17142857142857,39.46,10
2009-01-26,47.07,45.21214285714286,43.46885714285714,41.21928571428572,39.66571428571429,38.96714285714285,10
2009-01-27,44.68857142857143,43.113571428571426,41.61142857142857,39.69,38.25685714285714,37.57857142857143,10
2009-01-28,41.80857142857143,40.56928571428571,39.573142857142855,38.151428571428575,37.504285714285714,37.09178571428571,10
2009-01-29,42.48714285714286,40.48571428571429,39.132,37.60392857142857,36.87428571428571,36.38785714285714,10
2009-01-30,43.88607142857143,41.67857142857143,40.19571428571429,38.69714285714286,38.070571428571434,37.6775,10
2009-02-02,43.825,41.785714285714285,40.44857142857143,39.13214285714285,38.52142857142857,38.11785714285715,10
2009-02-03,41.971428571428575,40.55535714285714,39.40428571428571,38.55,38.26714285714286,37.93214285714286,10
2009-02-04,42.23571428571429,40.457142857142856,39.07142857142857,38.1125,37.80428571428571,37.457142857142856,10
2009-02-05,41.580357142857146,39.855357142857144,38.65,37.76428571428571,37.44714285714286,37.23392857142857,10
2009-02-06,40.99285714285715,39.42142857142857,38.364285714285714,37.6875,37.17,36.650000000000006,10
2009-02-09,41.0,39.801785714285714,38.50714285714285,37.76428571428571,37.30428571428571,36.82678571428571,10
2009-02-10,43.47857142857143,41.65714285714286,39.74142857142857,38.625,38.08857142857143,37.51428571428571,10
2009-02-11,42.62857142857143,40.816071428571426,39.14571428571429,38.346428571428575,37.90714285714286,37.37678571428572,10
2009-02-12,41.73571428571429,40.76428571428572,39.06,37.99285714285715,37.56428571428572,37.02142857142857,10
2009-02-13,42.48392857142857,41.43392857142857,39.61857142857143,38.392857142857146,37.80428571428571,37.05,10
2009-02-17,43.9875,42.12428571428571,40.36714285714286,39.25,38.73571428571429,37.84642857142857,10
2009-02-18,44.69285714285714,42.41571428571429,40.65857142857143,39.47571428571428,38.747142857142855,37.81428571428572,9
2009-02-19,44.40535714285714,42.900000000000006,41.1,39.90428571428572,39.21857142857143,37.94464285714285,9
2009-02-20,46.42142857142857,44.27,41.91428571428572,40.89,40.29,38.7,9
2009-02-23,48.512499999999996,46.01285714285714,43.22857142857143,41.72857142857143,40.85178571428571,39.448214285714286,9
2009-02-24,44.32857142857143,43.128571428571426,41.0125,39.96,39.12857142857143,38.15714285714286,9
2009-02-25,43.385714285714286,42.527142857142856,40.767857142857146,39.962857142857146,39.371428571428574,38.2375,9
2009-02-26,43.910714285714285,42.927142857142854,41.175,40.495714285714286,39.90714285714285,38.98571428571428,9
2009-02-27,44.23392857142857,43.082857142857144,41.48571428571429,40.77857142857143,40.18035714285715,39.25,9
2009-03-02,46.95,44.72428571428571,42.75714285714285,41.85285714285714,40.93571428571428,39.775,9
2009-03-03,47.325,45.06285714285715,42.99285714285714,41.849999999999994,41.003571428571426,39.77142857142857,9
2009-03-04,43.69285714285714,41.69142857142857,40.20178571428571,39.56428571428571,38.82142857142857,37.878571428571426,9
2009-03-05,45.589285714285715,42.98428571428572,40.975,39.902857142857144,39.15714285714285,38.27142857142857,9
2009-03-06,45.042857142857144,42.57857142857143,40.70357142857143,39.85714285714286,39.19285714285714,38.45,9
2009-03-09,45.4375,42.86285714285714,40.86785714285714,40.00714285714286,39.13392857142857,38.29642857142857,9
2009-03-10,41.93214285714286,39.78285714285715,38.2375,37.51,36.73571428571429,36.47857142857143,9
2009-03-11,41.7875,39.778571428571425,38.19285714285714,37.472857142857144,36.582142857142856,35.912499999999994,9
2009-03-12,41.1,39.24285714285715,37.737500000000004,37.18714285714286,36.278571428571425,35.6,9
2009-03-13,41.65357142857143,39.71,38.40357142857143,37.582857142857144,36.5875,35.95,9
2009-03-16,43.1,40.52857142857143,38.85,38.005714285714284,36.975,36.23571428571429,9
2009-03-17,41.23714285714286,39.35142857142857,38.26428571428572,37.6,36.464285714285715,36.07142857142857,9
2009-03-18,40.84714285714286,39.30428571428571,38.475,37.994285714285716,36.91428571428571,36.19285714285714,8
2009-03-19,43.51571428571429,41.67285714285714,40.2,39.6,38.294642857142854,37.52321428571429,8
2009-03-20,46.75285714285714,44.52428571428572,42.472857142857144,41.65857142857143,39.971428571428575,39.05,8
2009-03-23,43.03,41.66428571428571,40.43571428571428,39.57857142857143,38.471428571428575,37.64857142857143,8
2009-03-24,43.6,42.11071428571429,40.82142857142858,40.05,38.92857142857143,37.92,8
2009-03-25,42.41571428571429,41.31428571428572,40.39714285714286,39.855357142857144,38.574999999999996,37.85,8
2009-03-26,41.16428571428572,40.33392857142857,39.69,39.16428571428571,37.97857142857143,37.455714285714286,8
2009-03-27,42.52571428571429,41.42857142857143,40.66285714285714,40.10357142857143,39.16607142857143,38.419999999999995,8
2009-03-30,45.43,43.61607142857143,42.417142857142856,41.52142857142857,40.3,39.6,8
2009-03-31,44.57857142857143,43.52142857142857,42.40714285714286,41.4,40.09285714285714,39.31428571428571,8
2009-04-01,43.46714285714285,42.75892857142857,41.70285714285714,40.84285714285715,39.64642857142857,38.808571428571426,8
2009-04-02,42.73142857142857,42.221428571428575,41.61,40.848214285714285,39.783928571428575,39.02285714285714,8
2009-04-03,41.75142857142857,41.544642857142854,41.07857142857143,40.42142857142857,39.43571428571428,38.83,8
2009-04-06,42.07,41.864285714285714,41.47,40.71964285714285,39.78214285714285,39.04,8
2009-04-07,42.152857142857144,42.176785714285714,41.755714285714284,40.974999999999994,40.028571428571425,39.33857142857143,8
2009-04-08,41.22428571428571,41.292857142857144,41.035714285714285,40.46785714285714,39.8375,39.23857142857143,8
2009-04-09,39.39714285714285,39.76428571428571,39.730000000000004,39.40714285714286,38.89285714285714,38.207142857142856,8
2009-04-13,39.17,39.535714285714285,39.607142857142854,39.292857142857144,38.83571428571429,38.167142857142856,8
2009-04-14,39.300000000000004,39.6,39.6,39.225,38.894642857142856,38.385714285714286,8
2009-04-15,,38.8,38.87714285714286,38.625,38.50714285714286,38.24,7
2009-04-16,,37.489285714285714,37.62,37.526785714285715,37.5,37.30714285714286,7
2009-04-17,,36.64821428571428,36.815714285714286,36.721428571428575,36.79285714285714,36.599999999999994,7
2009-04-20,39.5,38.93857142857143,38.76714285714286,38.17142857142857,38.03857142857142,37.69571428571428,7
2009-04-21,37.89107142857143,37.65428571428571,37.69714285714286,37.3,37.28857142857142,37.11714285714286,7
2009-04-22,38.42142857142857,38.05,38.05,37.79642857142857,37.674285714285716,37.417142857142856,7
2009-04-23,37.75714285714285,37.40714285714286,37.45,37.15,37.11571428571428,36.85857142857143,7
2009-04-24,37.778571428571425,37.65,37.64107142857143,37.40535714285714,37.400000000000006,37.1,7
2009-04-27,38.675,38.43714285714286,38.357142857142854,38.121428571428574,38.10857142857143,37.75178571428571,7
2009-04-28,38.18571428571429,38.12142857142857,37.97857142857143,37.6875,37.71,37.392857142857146,7
2009-04-29,36.53035714285715,36.7,36.667857142857144,36.635714285714286,36.80714285714286,36.6375,7
2009-04-30,36.96785714285714,37.0,36.9125,36.730357142857144,36.83714285714286,36.635714285714286,7
2009-05-01,36.42857142857143,36.51285714285714,36.364285714285714,36.18571428571428,36.18142857142857,36.0,7
2009-05-04,34.775,34.75,34.691071428571426,34.739285714285714,34.857142857142854,34.71071428571428,7
2009-05-05,34.707142857142856,34.87285714285714,34.864285714285714,34.9,35.05,34.93214285714286,7
2009-05-06,33.47857142857143,33.8,33.776785714285715,33.910714285714285,34.00142857142857,33.84285714285715,7
2009-05-07,33.973214285714285,34.09571428571429,34.025,34.2,34.27285714285715,34.06071428571428,7
2009-05-08,32.58571428571428,32.77142857142857,32.85714285714286,33.223214285714285,33.37285714285714,33.275000000000006,7
2009-05-11,32.8625,33.13142857142857,33.167857142857144,33.32857142857143,33.52571428571429,33.3875,7
2009-05-12,32.65714285714286,32.95285714285714,33.03392857142857,33.3125,33.53142857142857,33.40714285714286,7
2009-05-13,33.769642857142856,33.92142857142857,33.91428571428571,33.97857142857143,34.034285714285716,33.8125,7
2009-05-14,32.371428571428574,32.537142857142854,32.625,32.81428571428572,33.02857142857143,32.85,7
2009-05-15,33.19464285714286,33.2,33.2,33.371428571428574,33.325714285714284,33.075,7
2009-05-18,30.85,30.978571428571428,30.86607142857143,31.139285714285712,31.15,30.764285714285712,7
2009-05-19,30.414285714285715,30.84285714285714,30.9,31.2,31.242857142857144,30.848214285714285,7
2009-05-20,30.55142857142857,31.322857142857142,31.30357142857143,31.55,31.55,31.13214285714286,7
2009-05-21,32.25571428571429,32.81285714285715,32.35,32.29714285714285,32.254285714285714,31.864285714285714,7
2009-05-22,32.784285714285716,33.04142857142857,32.4,32.387142857142855,32.25857142857143,32.05,7
2009-05-26,31.344285714285714,31.935714285714287,31.426785714285714,31.51,31.317857142857143,30.79285714285714,7
2009-05-27,32.30571428571429,32.785714285714285,32.089285714285715,31.97,31.60892857142857,30.671428571428574,7
2009-05-28,31.792857142857144,32.239285714285714,31.6,31.9,31.785714285714285,30.875,7
2009-05-29,30.711428571428574,31.414285714285715,31.22857142857143,31.564285714285717,31.46607142857143,30.6125,7
2009-06-01,30.060000000000002,30.6375,30.537499999999998,30.76857142857143,30.685714285714287,30.07857142857143,7
2009-06-02,30.2,30.821428571428573,30.692857142857143,30.89,30.655357142857145,30.03571428571429,7
2009-06-03,31.835714285714285,32.375,32.019642857142856,31.992857142857144,31.564285714285717,30.642857142857142,7
2009-06-04,31.504285714285714,32.035714285714285,31.8,31.78142857142857,31.34642857142857,30.3125,7
2009-06-05,31.39857142857143,31.967857142857145,31.78035714285714,31.777142857142856,31.357142857142858,30.375,7
2009-06-08,31.3,31.82857142857143,31.732142857142858,31.692857142857143,31.22142857142857,30.303571428571427,7
2009-06-09,30.262857142857143,30.95,31.085714285714285,31.12,30.7,29.789285714285715,7
2009-06-10,30.48,31.264285714285716,31.40714285714286,31.48142857142857,31.044642857142858,30.207142857142856,7
2009-06-11,29.814285714285717,30.701785714285716,30.862499999999997,30.965714285714284,30.485714285714284,29.521428571428572,7
2009-06-12,29.492857142857144,30.057142857142857,30.375,30.484285714285715,30.09285714285714,29.2625,7
2009-06-15,31.12,31.14464285714286,31.23392857142857,31.28857142857143,30.82857142857143,29.92857142857143,7
2009-06-16,32.30571428571429,32.01428571428571,32.04285714285714,31.97,31.375,30.357142857142858,7
2009-06-17,,32.158928571428575,32.003571428571426,31.958571428571428,31.35,30.275,7
2009-06-18,,31.889285714285716,31.9,31.857142857142858,31.224999999999998,30.23392857142857,7
2009-06-19,,31.542857142857144,31.701428571428572,31.744285714285713,31.1,30.15,7
2009-06-22,32.75,32.55357142857142,32.59428571428572,32.551428571428566,31.66785714285714,30.782857142857143,7
2009-06-23,32.05357142857142,32.16607142857143,32.3,32.3,31.53214285714286,30.64428571428571,7
2009-06-24,30.65357142857143,31.385714285714286,31.582857142857144,31.476785714285715,30.758928571428573,30.007142857142856,7
2009-06-25,29.22321428571429,30.357142857142858,30.84,30.771428571428572,30.29285714285714,29.658571428571427,7
2009-06-26,28.735714285714288,29.989285714285714,30.51142857142857,30.523214285714285,30.18392857142857,29.64,7
2009-06-29,27.825,29.191071428571426,29.77857142857143,29.885714285714286,29.52142857142857,29.185714285714283,7
2009-06-30,28.392857142857142,29.517857142857142,30.017142857142858,29.9625,29.523214285714285,29.165714285714284,7
2009-07-01,28.148214285714285,29.435714285714287,29.837142857142858,29.77142857142857,29.235714285714288,28.815714285714286,7
2009-07-02,29.78214285714286,30.84285714285714,31.060000000000002,30.775,30.025000000000002,29.58142857142857,7
2009-07-06,29.7,30.771428571428572,30.998571428571427,30.67142857142857,30.001785714285713,29.65142857142857,7
2009-07-07,30.892857142857142,31.723214285714285,31.845714285714287,31.425,30.678571428571427,30.322857142857142,7
2009-07-08,31.371428571428574,32.12142857142857,32.128571428571426,31.651785714285715,30.955357142857142,30.61857142857143,7
2009-07-09,30.964285714285715,32.089285714285715,32.1,31.571428571428573,30.864285714285714,30.564285714285713,7
2009-07-10,31.182142857142857,32.34285714285714,32.40571428571429,31.773214285714285,30.992857142857144,30.62,7
2009-07-13,29.9875,31.539285714285715,31.735714285714284,31.28571428571429,30.55,30.365714285714287,7
2009-07-14,29.55357142857143,31.064285714285713,31.31142857142857,31.05,30.375,30.25,7
2009-07-15,28.75,30.5,30.65,30.29642857142857,29.728571428571428,29.538571428571426,7
2009-07-16,28.514285714285712,30.064285714285713,30.310000000000002,29.98035714285714,29.40892857142857,29.31142857142857,7
2009-07-17,28.635714285714286,30.205357142857142,30.374285714285712,30.185714285714283,29.59285714285714,29.43,7
2009-07-20,28.4,29.458571428571428,29.587142857142858,29.358928571428574,28.747142857142858,28.66142857142857,7
2009-07-21,27.90357142857143,29.35857142857143,29.444285714285712,29.15,28.5,28.5,7
2009-07-22,27.34285714285714,29.21142857142857,29.29714285714286,28.880357142857143,28.345714285714287,28.302857142857142,7
2009-07-23,26.485714285714284,28.514285714285712,28.9,28.70357142857143,28.094285714285714,28.051428571428573,7
2009-07-24,26.364285714285714,28.627142857142857,28.9875,28.585714285714285,28.057142857142857,28.1,7
2009-07-27,27.0,29.04,29.257142857142856,28.860714285714288,28.384285714285717,28.5,7
2009-07-28,28.02857142857143,29.892857142857142,29.946428571428573,29.525,29.012857142857143,29.05,7
2009-07-29,28.42142857142857,30.144285714285715,30.232142857142858,29.557142857142857,29.007142857142856,29.16785714285714,7
2009-07-30,27.853571428571428,29.505714285714287,29.775,29.126785714285713,28.612857142857145,28.760714285714286,7
2009-07-31,28.2125,29.81142857142857,29.914285714285715,29.414285714285715,29.002857142857142,29.2,7
2009-08-03,27.775,29.32857142857143,29.482142857142858,28.951785714285716,28.635714285714286,28.803571428571427,7
2009-08-04,27.666071428571428,29.165714285714287,29.349999999999998,28.799999999999997,28.564285714285713,28.758928571428573,7
2009-08-05,27.650000000000002,29.132857142857144,29.2375,28.701785714285712,28.594285714285714,28.84285714285714,7
2009-08-06,28.026785714285715,29.357142857142858,29.525,29.007142857142856,28.852857142857143,28.95,7
2009-08-07,27.192857142857143,28.621428571428574,28.889285714285716,28.385714285714286,28.25857142857143,28.325000000000003,7
2009-08-10,27.475,28.75714285714286,28.90714285714286,28.37142857142857,28.357142857142858,28.45,7
2009-08-11,28.085714285714285,29.217142857142857,29.29642857142857,28.75,28.764285714285716,28.817857142857143,7
2009-08-12,27.85,29.064285714285717,29.135714285714286,28.5,28.521428571428572,28.53214285714286,7
2009-08-13,27.40714285714286,28.84,28.9,28.348214285714285,28.535714285714285,28.614285714285714,7
2009-08-14,27.96785714285714,29.11,28.839285714285715,28.314285714285713,28.435714285714287,28.5,7
2009-08-17,29.9,30.8,30.45892857142857,29.724999999999998,29.94857142857143,29.957142857142856,7
2009-08-18,29.287142857142857,30.40142857142857,30.13214285714286,29.4,29.657142857142855,29.7,7
2009-08-19,28.475714285714286,30.361428571428572,30.067857142857143,29.35857142857143,29.615714285714283,29.510714285714286,7
2009-08-20,27.997142857142858,29.96857142857143,29.75,29.208571428571428,29.337142857142858,29.35,7
2009-08-21,27.652857142857144,29.924285714285716,29.628571428571426,29.05857142857143,29.14428571428571,28.95,7
2009-08-24,27.9,29.875,29.45714285714286,28.942857142857143,29.148214285714285,29.073214285714286,7
2009-08-25,28.275714285714287,30.023214285714285,29.675,29.150000000000002,29.35,29.3,7
2009-08-26,28.84,30.349999999999998,29.889285714285716,29.36857142857143,29.605357142857144,29.569642857142856,7
2009-08-27,28.5,30.196428571428573,29.7625,29.264285714285712,29.464285714285715,29.475,7
2009-08-28,28.854285714285716,30.414285714285715,29.871428571428574,29.357142857142858,29.517857142857142,29.512500000000003,7
2009-08-31,29.48,30.724999999999998,29.975,29.68,29.9,29.775,7
2009-09-01,30.992857142857144,31.875,30.814285714285713,30.400000000000002,30.56607142857143,30.423214285714288,7
2009-09-02,31.482857142857142,32.276785714285715,31.235714285714284,30.785714285714285,30.9,30.685714285714283,7
2009-09-03,30.06714285714286,30.928571428571427,30.125,29.864285714285714,30.0,29.8375,7
2009-09-04,29.065714285714286,30.194642857142856,29.498214285714283,29.344285714285714,29.571428571428573,29.450000000000003,7
2009-09-08,28.428571428571427,29.32857142857143,28.910714285714285,29.080000000000002,29.32857142857143,29.15714285714286,7
2009-09-09,27.691428571428574,28.728571428571428,28.47857142857143,28.75857142857143,29.060714285714287,28.964285714285715,7
2009-09-10,26.43857142857143,27.825,27.825,28.177142857142858,28.560714285714283,28.65,7
2009-09-11,26.857142857142858,28.164285714285715,28.035714285714285,28.464285714285715,28.869642857142857,28.875,7
2009-09-14,26.41,27.748214285714283,27.810714285714287,28.262857142857143,28.675,28.75,8
2009-09-15,26.524285714285714,27.79285714285714,27.807142857142857,28.279999999999998,28.646428571428572,28.521428571428572,8
2009-09-16,,27.46785714285714,27.360714285714288,27.93,28.392857142857142,28.17142857142857,7
2009-09-17,,27.632142857142856,27.5,28.185714285714287,28.43392857142857,28.208928571428572,7
2009-09-18,,28.292857142857144,27.967142857142857,28.481428571428573,28.642857142857142,28.45,7
2009-09-21,26.7,28.375,28.11857142857143,28.63285714285714,28.69642857142857,28.60857142857143,8
2009-09-22,26.169642857142858,28.023214285714285,27.90714285714286,28.55,28.739285714285714,28.634285714285717,8
2009-09-23,26.47857142857143,28.107142857142858,27.927142857142858,28.310714285714287,28.583928571428572,28.478571428571428,8
2009-09-24,27.07142857142857,28.473214285714285,28.44,28.825,29.142857142857142,29.142857142857146,8
2009-09-25,27.22142857142857,28.50714285714286,28.464285714285715,28.892857142857146,29.241071428571427,29.259999999999998,8
2009-09-28,26.375,27.901785714285715,28.004285714285714,28.503571428571426,28.685714285714283,28.735714285714284,8
2009-09-29,26.457142857142856,27.85,28.072857142857142,28.5875,28.801785714285714,28.77857142857143,8
2009-09-30,26.830357142857142,28.008928571428573,28.304285714285715,28.75,28.92857142857143,28.885714285714286,8
2009-10-01,28.139285714285716,28.792857142857144,29.05,29.462500000000002,29.62142857142857,29.574285714285715,8
2009-10-02,28.22321428571429,28.892857142857142,29.150000000000002,29.475,29.55,29.43,8
2009-10-05,27.375,28.17857142857143,28.58142857142857,28.9625,29.04285714285714,29.095714285714287,8
2009-10-06,26.776785714285715,27.632142857142856,28.021428571428572,28.4,28.492857142857144,28.604285714285712,8
2009-10-07,26.514285714285716,27.54285714285714,27.87857142857143,28.264285714285712,28.389285714285716,28.594285714285714,8
2009-10-08,26.264285714285716,27.21964285714286,27.6,28.02857142857143,28.135714285714286,28.242857142857144,8
2009-10-09,25.80357142857143,26.892857142857142,27.364285714285714,27.7625,27.86607142857143,28.03,8
2009-10-12,25.325,26.40714285714286,26.978571428571428,27.507142857142856,27.571428571428573,27.755714285714287,8
2009-10-13,25.16071428571429,26.285714285714285,26.92,27.4,27.541071428571428,27.764285714285716,8
2009-10-14,25.01607142857143,26.114285714285714,26.894285714285715,27.375,27.535714285714285,27.81,8
2009-10-15,24.535714285714285,25.689285714285713,26.39,27.001785714285717,27.055357142857144,27.435714285714287,8
2009-10-16,24.98392857142857,26.023214285714285,26.67142857142857,27.271428571428572,27.35,27.59,8
2009-10-19,24.65,25.59857142857143,26.327142857142857,27.026785714285715,27.06142857142857,27.404285714285713,8
2009-10-20,24.585714285714285,25.622857142857143,26.35142857142857,27.0,26.97,27.27,8
2009-10-21,24.62857142857143,25.73,26.330000000000002,27.04642857142857,26.97142857142857,27.185714285714283,7
2009-10-22,23.80535714285714,25.22142857142857,25.95,26.6,26.611428571428572,26.697142857142858,8
2009-10-23,24.25,25.57,26.176785714285714,26.9,26.928571428571427,27.1,8
2009-10-26,24.9,26.142857142857142,26.785714285714285,27.3,27.357142857142858,27.517857142857142,8
2009-10-27,24.992857142857144,26.064285714285717,26.70714285714286,27.2125,27.327142857142857,27.521428571428572,8
2009-10-28,26.73035714285714,27.12,27.675,27.935714285714283,27.914285714285715,27.914285714285715,8
2009-10-29,25.317857142857143,26.074285714285715,26.7375,27.15,27.212857142857143,27.296428571428574,8
2009-10-30,27.791071428571428,27.79285714285714,28.035714285714285,28.25,28.30142857142857,28.3375,8
2009-11-02,28.05,28.145714285714288,28.27857142857143,28.330357142857142,28.25,28.142857142857142,8
2009-11-03,28.20714285714286,28.372857142857143,28.535714285714285,28.6,28.504285714285714,28.3125,8
2009-11-04,27.857142857142858,28.05,28.142857142857142,28.169642857142858,28.124285714285715,28.0,8
2009-11-05,26.71964285714286,27.44,27.775,27.77857142857143,27.727142857142855,27.660714285714285,8
2009-11-06,25.935714285714287,26.742857142857144,27.348214285714285,27.55892857142857,27.58142857142857,27.549999999999997,8
2009-11-09,24.549999999999997,25.72142857142857,26.664285714285715,26.985714285714284,27.062857142857144,27.008928571428573,8
2009-11-10,24.75714285714286,26.060000000000002,26.974999999999998,27.162499999999998,27.314285714285713,27.239285714285714,8
2009-11-11,24.882142857142856,26.32857142857143,27.3,27.460714285714285,27.655714285714286,27.54642857142857,8
2009-11-12,26.042857142857144,27.327142857142857,27.925,27.958928571428572,28.128571428571426,27.985714285714284,8
2009-11-13,25.67857142857143,27.084285714285713,27.725,27.757142857142856,28.01,27.9125,8
2009-11-16,25.45,26.77857142857143,27.53571428571429,27.551785714285714,27.84,27.642857142857142,8
2009-11-17,25.39857142857143,26.855714285714285,27.65357142857143,27.7,27.914285714285715,27.771428571428572,8
2009-11-18,24.54,26.64,27.62142857142857,27.707142857142856,27.92142857142857,27.857142857142858,7
2009-11-19,24.91857142857143,27.104285714285716,28.0,28.06142857142857,28.232857142857142,28.008928571428573,7
2009-11-20,24.52,26.92,27.805357142857144,27.975714285714286,28.232857142857142,28.05,7
2009-11-23,23.560000000000002,26.457142857142856,27.242857142857144,27.55142857142857,27.79642857142857,27.694642857142856,8
2009-11-24,23.465714285714284,26.167857142857144,27.203571428571426,27.5,27.692857142857143,27.6,8
2009-11-25,23.237142857142857,25.97142857142857,27.075,27.41857142857143,27.63392857142857,27.491071428571427,8
2009-11-27,25.024285714285714,27.375,28.242857142857144,28.435714285714287,28.59642857142857,28.3,8
2009-11-30,25.32,27.47142857142857,28.228571428571428,28.48,28.642857142857142,28.410714285714285,8
2009-12-01,24.442857142857143,26.764285714285716,27.664285714285715,27.87,28.017857142857142,27.851785714285715,8
2009-12-02,24.27285714285714,26.789285714285715,27.76964285714286,28.0,28.128571428571426,27.914285714285715,8
2009-12-03,24.90142857142857,27.099999999999998,27.775,27.987142857142857,28.07142857142857,27.926785714285714,8
2009-12-04,24.425714285714285,26.869642857142857,27.75357142857143,27.94571428571429,28.014285714285716,27.9,8
2009-12-07,24.63,26.964285714285715,27.74642857142857,27.942857142857143,27.96964285714286,27.869642857142857,8
2009-12-08,25.417142857142856,27.521428571428572,28.285714285714285,28.470000000000002,28.521428571428572,28.46785714285714,8
2009-12-09,25.284285714285716,27.44642857142857,28.214285714285715,28.425714285714285,28.46964285714286,28.382142857142856,8
2009-12-10,24.96857142857143,27.32142857142857,28.1625,28.414285714285715,28.40357142857143,28.27857142857143,8
2009-12-11,24.885714285714286,27.142857142857142,27.95357142857143,28.29,28.298214285714284,28.2125,8
2009-12-14,24.66,27.151785714285715,27.946428571428573,28.192857142857143,28.17142857142857,28.15,8
2009-12-15,24.58142857142857,26.75,27.603571428571428,27.849999999999998,27.85892857142857,27.939285714285713,8
2009-12-16,,26.242857142857144,27.175,27.44857142857143,27.542857142857144,27.689285714285713,7
2009-12-17,,26.585714285714285,27.35,27.735714285714288,27.84464285714286,27.898214285714285,7
2009-12-18,,26.317857142857143,27.01142857142857,27.354285714285712,27.492857142857144,27.55,7
2009-12-21,23.25,25.689285714285713,26.245714285714286,26.58857142857143,26.65357142857143,26.767142857142858,8
2009-12-22,22.737499999999997,25.15357142857143,25.671428571428574,26.1,26.20357142857143,26.29,8
2009-12-23,22.625,24.978571428571428,25.544285714285714,26.0,26.010714285714286,26.12857142857143,8
2009-12-24,22.383928571428573,24.839285714285715,25.36,25.80357142857143,25.864285714285714,25.95,8
2009-12-28,22.55,24.810714285714283,25.307142857142857,25.67142857142857,25.764285714285716,25.814285714285717,8
2009-12-29,22.785714285714285,24.910714285714285,25.337142857142858,25.6,25.632142857142856,25.7,8
2009-12-30,23.251785714285713,25.26607142857143,25.711428571428574,25.9,25.9,25.917142857142856,8
2009-12-31,23.96785714285714,25.885714285714286,26.12,26.31607142857143,26.330357142857142,26.337142857142858,8
2010-01-04,23.475,25.07857142857143,25.507142857142856,25.75,25.75,25.798571428571428,8
2010-01-05,23.103571428571428,24.692857142857143,25.175714285714285,25.475,25.5,25.525714285714287,8
2010-01-06,22.371428571428574,23.96785714285714,24.628571428571426,25.00357142857143,25.05,25.077142857142857,8
2010-01-07,22.08928571428571,23.625,24.39,24.807142857142857,24.85,24.87857142857143,8
2010-01-08,21.603571428571428,23.157142857142855,24.02857142857143,24.551785714285714,24.61607142857143,24.69,8
2010-01-11,21.5625,23.071428571428573,23.892857142857142,24.257142857142856,24.378571428571426,24.46857142857143,8
2010-01-12,22.25357142857143,23.52857142857143,24.095714285714287,24.4,24.45,24.557142857142857,8
2010-01-13,21.94642857142857,23.348214285714285,23.99,24.34642857142857,24.4,24.51142857142857,8
2010-01-14,21.564285714285713,22.928571428571427,23.52,23.896428571428572,23.994642857142857,24.115714285714283,8
2010-01-15,22.239285714285714,23.514285714285716,23.964285714285715,24.264285714285716,24.34642857142857,24.43,8
2010-01-19,21.592857142857145,22.818571428571428,23.504285714285714,23.8,23.805714285714288,23.89142857142857,8
2010-01-20,21.503571428571426,22.935714285714287,23.57857142857143,23.80357142857143,23.895714285714284,23.852857142857143,7
2010-01-21,22.80535714285714,24.164285714285715,24.55,24.49642857142857,24.46142857142857,24.54714285714286,7
2010-01-22,24.807142857142857,25.184285714285714,25.351785714285715,25.394642857142856,25.371428571428574,25.5,7
2010-01-25,24.5,24.975714285714286,25.05,25.060714285714287,25.111428571428572,25.15,8
2010-01-26,24.764285714285716,25.34285714285714,25.441071428571426,25.375,25.287142857142857,25.25,8
2010-01-27,24.055357142857144,24.81,25.060714285714287,25.1,25.1,25.08214285714286,8
2010-01-28,24.32142857142857,24.985714285714284,25.15,25.15,25.15,25.128571428571426,8
2010-01-29,24.925,25.405714285714286,25.5,25.482142857142858,25.45,25.4125,8
2010-02-01,23.65,24.57,24.989285714285714,25.026785714285715,25.021428571428572,25.014285714285716,8
2010-02-02,22.823214285714286,23.91142857142857,24.507142857142856,24.7,24.818571428571428,24.880357142857143,8
2010-02-03,22.95,24.012857142857143,24.6125,24.826785714285716,24.89857142857143,24.928571428571427,8
2010-02-04,25.630357142857143,25.84,26.025,25.992857142857144,25.924285714285713,25.876785714285713,8
2010-02-05,25.939285714285717,26.021428571428572,26.176785714285714,26.169642857142858,26.177142857142854,26.1,8
2010-02-08,26.25,26.265714285714285,26.235714285714284,26.271428571428572,26.33142857142857,26.289285714285715,8
2010-02-09,25.628571428571426,25.924285714285713,26.05,26.125,26.15,26.085714285714285,8
2010-02-10,25.541071428571428,25.87142857142857,26.107142857142858,26.110714285714288,26.16857142857143,26.098214285714285,8
2010-02-11,24.878571428571426,25.47,25.7625,25.84107142857143,25.92142857142857,25.87857142857143,8
2010-02-12,24.851785714285715,25.632857142857144,25.96785714285714,25.957142857142856,26.024285714285714,25.975,8
2010-02-16,23.634285714285717,24.662857142857142,25.125,25.2,25.414285714285715,25.360714285714288,8
2010-02-17,22.861428571428572,24.532857142857143,24.84464285714286,24.957142857142856,25.17142857142857,25.060714285714287,7
2010-02-18,21.997142857142858,23.96857142857143,24.5,24.71142857142857,24.88285714285714,24.9,7
2010-02-19,21.61857142857143,23.63285714285714,24.108928571428574,24.362857142857145,24.49142857142857,24.55,7
2010-02-22,21.41,23.285714285714285,23.785714285714285,24.042857142857144,24.25,24.26607142857143,8
2010-02-23,22.16428571428571,23.9375,24.258928571428573,24.330000000000002,24.442857142857143,24.371428571428574,8
2010-02-24,21.755714285714287,23.685714285714283,23.932142857142857,24.095714285714287,24.25,24.267857142857142,8
2010-02-25,21.75,23.785714285714285,23.9875,24.15142857142857,24.285714285714285,24.253571428571426,8
2010-02-26,21.374285714285712,23.564285714285713,23.84285714285714,24.021428571428572,24.2,24.225,8
2010-03-01,21.22,23.242857142857144,23.728571428571428,23.924285714285716,24.064285714285717,24.15357142857143,8
2010-03-02,21.085714285714285,23.03214285714286,23.57857142857143,23.81,23.948214285714286,24.06964285714286,8
2010-03-03,20.97142857142857,22.855357142857144,23.34285714285714,23.557142857142857,23.735714285714284,23.84285714285714,8
2010-03-04,21.00857142857143,22.821428571428573,23.425,23.645714285714288,23.739285714285714,23.84642857142857,8
2010-03-05,20.11857142857143,22.064285714285717,22.84107142857143,23.147142857142857,23.357142857142858,23.575,8
2010-03-08,20.09,21.935714285714287,22.771428571428572,23.12142857142857,23.357142857142858,23.48035714285714,8
2010-03-09,20.228571428571428,21.978571428571428,22.823214285714286,23.12,23.314285714285713,23.432142857142857,8
2010-03-10,20.439999999999998,22.203571428571426,23.114285714285714,23.394285714285715,23.57142857142857,23.955357142857142,8
2010-03-11,20.65714285714286,22.414285714285715,23.25,23.564285714285713,23.77857142857143,23.95714285714286,8
2010-03-12,20.564285714285713,22.34285714285714,23.132142857142856,23.455714285714286,23.617857142857144,23.725,8
2010-03-15,20.82,22.60892857142857,23.296428571428574,23.58142857142857,23.767857142857142,23.928571428571427,8
2010-03-16,20.308571428571426,22.1,22.95,23.240000000000002,23.505357142857143,23.639285714285712,8
2010-03-17,,21.573214285714286,22.61785714285714,22.981428571428573,23.349999999999998,23.492857142857144,7
2010-03-18,,21.332142857142856,22.45,22.92142857142857,23.223214285714285,23.34642857142857,7
2010-03-19,,21.646428571428572,22.715714285714284,23.187142857142856,23.435714285714283,23.6,7
2010-03-22,19.9,21.71428571428571,22.61857142857143,23.13285714285714,23.355357142857144,23.512857142857143,8
2010-03-23,19.517857142857142,21.45714285714286,22.442857142857143,23.0,23.214285714285715,23.41142857142857,8
2010-03-24,20.025,21.785714285714285,22.711428571428574,23.255357142857143,23.426785714285714,23.67142857142857,8
2010-03-25,20.298214285714288,22.119642857142857,23.0,23.414285714285715,23.614285714285714,23.717142857142857,8
2010-03-26,20.157142857142855,21.914285714285715,22.84857142857143,23.36607142857143,23.535714285714285,23.71,8
2010-03-29,19.9375,21.603571428571428,22.585714285714285,23.15357142857143,23.40714285714286,23.59285714285714,8
2010-03-30,19.642857142857142,21.410714285714285,22.458571428571428,23.1125,23.380357142857143,23.597142857142856,8
2010-03-31,19.60892857142857,21.47142857142857,22.497142857142858,23.085714285714285,23.40714285714286,23.65142857142857,8
2010-04-01,19.603571428571428,21.564285714285713,22.57,23.146428571428572,23.46785714285714,23.705714285714286,8
2010-04-05,19.175,21.064285714285717,22.062857142857144,22.616071428571427,23.017857142857142,23.322857142857142,8
2010-04-06,18.735714285714288,20.669642857142858,21.742857142857144,22.4,22.82857142857143,23.12857142857143,8
2010-04-07,19.15714285714286,20.935714285714287,21.97142857142857,22.614285714285714,23.042857142857144,23.335714285714285,8
2010-04-08,18.90714285714286,20.76607142857143,21.86,22.557142857142857,23.039285714285715,23.34285714285714,8
2010-04-09,18.775,20.72142857142857,21.81,22.473214285714285,23.023214285714285,23.38,8
2010-04-12,19.0125,20.923214285714284,21.914285714285715,22.485714285714288,22.992857142857144,23.34,8
2010-04-13,19.192857142857143,21.035714285714285,21.992857142857144,22.549999999999997,23.142857142857142,23.428571428571427,8
2010-04-14,18.835714285714285,20.773214285714285,21.798571428571428,22.364285714285714,23.00714285714286,23.322857142857142,8
2010-04-15,18.92857142857143,20.832142857142856,21.79,22.410714285714285,23.080357142857142,23.34285714285714,8
2010-04-16,19.7625,21.396428571428572,22.361428571428572,22.935714285714287,23.557142857142857,23.8,8
2010-04-19,19.5,21.08,22.279999999999998,22.882142857142856,23.51,23.810000000000002,8
2010-04-20,18.66607142857143,20.574285714285715,21.817142857142855,22.65,23.414285714285715,23.628571428571426,8
2010-04-21,18.84642857142857,20.91,22.11,22.976785714285715,23.72142857142857,23.935714285714283,7
2010-04-22,18.875,20.964285714285715,22.25,23.15714285714286,23.934285714285714,24.19142857142857,7
2010-04-23,18.821428571428573,21.007142857142856,22.27857142857143,23.135714285714286,23.892857142857142,24.15,7
2010-04-26,19.3,21.335714285714285,22.564285714285713,23.389285714285712,23.957142857142856,24.160714285714285,8
2010-04-27,21.435714285714287,22.757142857142856,23.775,24.525000000000002,25.088571428571427,25.214285714285715,8
2010-04-28,21.25,22.608571428571427,23.65,24.4,24.97142857142857,25.15892857142857,8
2010-04-29,20.364285714285714,22.13,23.25,24.107142857142858,24.744285714285713,24.960714285714285,8
2010-04-30,22.150000000000002,23.408571428571427,24.3,25.03214285714286,25.535714285714285,25.725,8
2010-05-03,21.575000000000003,23.194285714285716,24.175,24.901785714285715,25.357142857142858,25.517857142857142,8
2010-05-04,23.776785714285715,25.00857142857143,25.814285714285717,26.325000000000003,26.595714285714287,26.708928571428572,8
2010-05-05,24.892857142857142,25.93857142857143,26.60892857142857,27.144642857142856,27.497142857142858,27.62142857142857,8
2010-05-06,29.139285714285716,29.208571428571428,29.3,29.67142857142857,29.795714285714286,29.673214285714284,8
2010-05-07,31.664285714285715,30.92142857142857,30.819642857142856,30.962500000000002,31.045714285714286,30.925,8
2010-05-10,27.15,27.575714285714287,27.882142857142856,28.257142857142856,28.494285714285713,28.458928571428572,8
2010-05-11,27.060714285714287,27.427142857142858,27.735714285714288,28.2875,28.548571428571428,28.6,8
2010-05-12,25.666071428571428,26.228571428571428,26.614285714285714,27.32857142857143,27.637142857142855,27.767857142857142,8
2010-05-13,26.32142857142857,26.66,26.7875,27.45714285714286,27.70714285714286,27.75,8
2010-05-14,28.894642857142856,28.75,28.474999999999998,29.04285714285714,29.187142857142856,29.125,8
2010-05-17,29.0,29.17142857142857,28.932142857142857,29.575000000000003,29.68285714285714,29.657142857142855,8
2010-05-18,30.948571428571427,30.905714285714286,30.482142857142858,30.9,30.6,30.371428571428574,8
2010-05-19,31.67285714285714,32.01571428571428,31.182142857142857,31.74142857142857,31.484285714285715,31.17142857142857,7
2010-05-20,35.92857142857143,35.714285714285715,34.0,34.271428571428565,33.84285714285714,33.31785714285714,7
2010-05-21,35.744285714285716,35.70142857142857,34.10892857142857,34.30285714285714,33.83142857142857,33.4,7
2010-05-24,35.1,34.996428571428574,33.707142857142856,33.989999999999995,33.6875,33.315714285714286,8
2010-05-25,33.83,33.95,32.81607142857143,33.34,33.278571428571425,32.97142857142857,8
2010-05-26,32.92857142857142,33.135714285714286,32.34285714285714,33.03857142857142,32.97857142857143,32.75,8
2010-05-27,30.02142857142857,30.84285714285714,30.6,31.362857142857145,31.392857142857142,31.341428571428573,8
2010-05-28,30.68285714285714,31.139285714285716,30.85,31.6,31.58214285714286,31.49,8
2010-06-01,32.59285714285714,32.34642857142857,32.1,32.36,32.10178571428571,31.96857142857143,8
2010-06-02,30.375714285714288,30.84285714285714,31.017857142857142,31.5,31.482142857142858,31.38142857142857,8
2010-06-03,30.134285714285713,30.55,30.825000000000003,31.254285714285714,31.18035714285714,31.00142857142857,8
2010-06-04,33.16428571428571,32.544642857142854,32.57142857142857,32.70428571428571,32.48571428571428,32.12,8
2010-06-07,34.64,33.55714285714286,33.34285714285714,33.22142857142857,32.88928571428571,32.36142857142857,8
2010-06-08,33.135714285714286,32.49464285714286,32.607142857142854,32.769999999999996,32.635714285714286,32.06142857142857,8
2010-06-09,33.36714285714286,32.9,32.9,33.03142857142857,32.8375,32.184285714285714,8
2010-06-10,31.267142857142858,31.380357142857143,31.825,32.065714285714286,32.1,31.52857142857143,8
2010-06-11,30.442857142857143,30.82857142857143,31.507142857142856,31.76857142857143,31.8,31.259999999999998,8
2010-06-14,29.95,30.505357142857143,31.30892857142857,31.554285714285715,31.482142857142858,30.73,8
2010-06-15,28.087142857142858,29.107142857142858,30.175,30.41,30.367857142857144,29.742857142857144,8
2010-06-16,,28.826785714285712,29.9625,30.165714285714284,30.2,29.642857142857142,7
2010-06-17,,28.50714285714286,29.7,29.914285714285715,29.90535714285714,29.39857142857143,7
2010-06-18,,27.958928571428572,29.307142857142857,29.521428571428572,29.50357142857143,28.98,7
2010-06-21,27.1,28.24642857142857,29.517142857142858,29.645714285714284,29.580000000000002,28.98,8
2010-06-22,28.42142857142857,29.139285714285716,30.314285714285713,30.4,30.257142857142856,29.614285714285714,8
2010-06-23,28.807142857142857,29.714285714285715,30.725714285714286,30.84464285714286,30.65285714285714,30.18142857142857,8
2010-06-24,30.666071428571428,30.9875,31.86,31.86785714285714,31.364285714285714,30.72142857142857,8
2010-06-25,29.835714285714285,30.650000000000002,31.795714285714286,31.901785714285715,31.392857142857142,30.75,8
2010-06-28,30.375,31.5,32.465714285714284,32.392857142857146,31.85142857142857,31.398214285714285,8
2010-06-29,33.48571428571429,33.91428571428572,34.75,34.625,34.05714285714286,33.6,8
2010-06-30,33.980357142857144,34.542857142857144,35.205714285714286,35.15714285714285,34.54285714285714,34.025,8
2010-07-01,33.635714285714286,34.64285714285714,35.32,35.221428571428575,34.682857142857145,34.27142857142857,8
2010-07-02,32.58035714285714,34.11964285714286,35.035714285714285,35.042857142857144,34.558571428571426,34.2125,8
2010-07-06,30.925,33.20535714285714,34.32142857142857,34.474999999999994,33.988571428571426,33.892857142857146,8
2010-07-07,29.0,31.52857142857143,32.77857142857143,32.96607142857143,32.46142857142857,32.43571428571428,8
2010-07-08,28.5375,31.060714285714287,32.28,32.457142857142856,31.93857142857143,32.0375,8
2010-07-09,28.15714285714286,30.585714285714285,31.797142857142855,32.15,31.68857142857143,31.825000000000003,8
2010-07-12,27.725,30.444642857142856,31.65,31.914285714285715,31.334285714285713,31.72857142857143,8
2010-07-13,27.646428571428572,30.12142857142857,31.192857142857143,31.45,30.85857142857143,31.353571428571428,8
2010-07-14,28.557142857142857,30.869642857142857,31.871428571428574,32.02142857142857,31.451428571428572,31.94642857142857,8
2010-07-15,28.9,31.29642857142857,32.21,32.44107142857143,31.914285714285715,32.48571428571428,8
2010-07-16,30.33214285714286,32.72142857142857,33.58714285714286,33.70714285714286,33.21714285714285,33.9125,8
2010-07-19,30.3,32.55714285714286,33.41428571428571,33.45178571428572,32.994285714285716,33.97142857142857,8
2010-07-20,28.59642857142857,31.302857142857142,32.33142857142857,32.45,32.06428571428572,33.205357142857146,8
2010-07-21,29.03571428571429,31.575714285714284,32.51857142857143,32.537142857142854,32.151428571428575,33.44642857142857,7
2010-07-22,27.610714285714288,30.37142857142857,31.4,31.44142857142857,31.312857142857144,32.650000000000006,7
2010-07-23,27.02857142857143,29.84,31.007142857142856,31.187142857142856,31.05857142857143,32.45,7
2010-07-26,26.35,29.122857142857143,30.214285714285715,30.240000000000002,30.003571428571426,31.444642857142856,8
2010-07-27,26.307142857142857,28.864285714285714,29.953571428571426,30.11,29.853571428571428,31.207142857142856,8
2010-07-28,26.730357142857144,29.114285714285714,29.821428571428573,29.808571428571426,29.65535714285714,30.958928571428572,8
2010-07-29,26.821428571428573,29.144285714285715,29.9375,29.908571428571427,29.707142857142856,30.97142857142857,8
2010-07-30,26.6875,29.02714285714286,29.764285714285716,29.67142857142857,29.608928571428574,30.825,8
2010-08-02,25.5,27.744285714285713,28.5875,28.65142857142857,28.828571428571426,29.95357142857143,8
2010-08-03,25.92142857142857,28.107142857142858,28.857142857142858,28.86,29.132142857142856,30.208928571428572,8
2010-08-04,25.807142857142857,28.07,28.84285714285714,28.77857142857143,29.103571428571428,30.12142857142857,8
2010-08-05,26.1375,28.437142857142856,29.15,28.994285714285713,29.339285714285715,30.319642857142856,8
2010-08-06,26.303571428571427,28.57857142857143,29.28035714285714,29.107142857142858,29.492857142857144,30.450000000000003,8
2010-08-09,26.325,28.451428571428572,29.064285714285717,28.84285714285714,29.48035714285714,30.351785714285715,8
2010-08-10,26.62857142857143,28.75,29.401785714285715,29.21,29.82142857142857,30.49642857142857,8
2010-08-11,28.90357142857143,30.492857142857144,30.85,30.59857142857143,31.239285714285714,31.78392857142857,8
2010-08-12,29.492857142857144,30.94142857142857,31.174999999999997,30.854285714285712,31.503571428571426,31.914285714285715,8
2010-08-13,30.276785714285715,31.625714285714285,31.821428571428573,31.422857142857143,32.06428571428572,32.3,8
2010-08-16,30.35,31.421428571428574,31.555357142857144,31.164285714285715,31.914285714285715,32.06428571428571,8
2010-08-17,29.492857142857144,30.77857142857143,31.089285714285715,30.86,31.826785714285712,31.916071428571428,8
2010-08-18,29.12,30.92,31.34107142857143,31.142857142857146,32.08571428571429,32.06428571428571,7
2010-08-19,30.09285714285714,32.02142857142857,32.2,31.771428571428572,32.81607142857143,32.660714285714285,7
2010-08-20,29.902857142857144,32.174285714285716,32.23571428571429,31.807142857142857,32.67857142857143,32.55,7
2010-08-23,29.63,32.15,32.12714285714286,31.955714285714286,33.04642857142857,32.971428571428575,8
2010-08-24,30.497142857142858,32.86071428571429,32.900000000000006,32.6,33.746428571428574,33.73571428571429,8
2010-08-25,29.959999999999997,32.30714285714286,32.29857142857143,32.08571428571428,33.05,33.09464285714285,8
2010-08-26,30.392857142857142,32.544642857142854,32.68,32.482142857142854,33.528571428571425,33.44285714285714,8
2010-08-27,28.602857142857143,30.985714285714284,31.242857142857144,31.2,32.44107142857143,32.4625,8
2010-08-30,29.77,31.878571428571426,32.02428571428571,32.06071428571428,33.18571428571429,33.18571428571428,8
2010-08-31,29.335714285714285,31.535714285714285,31.929999999999996,32.075,33.2,33.29821428571429,8
2010-09-01,27.605714285714285,30.142857142857142,30.712857142857143,31.178571428571427,32.51785714285714,32.699999999999996,8
2010-09-02,27.015714285714285,29.535714285714285,30.13,30.90892857142857,32.339285714285715,32.53928571428572,8
2010-09-03,25.78571428571429,28.40714285714286,29.2,30.22142857142857,31.764285714285716,32.0,8
2010-09-07,27.05857142857143,29.20714285714286,29.762857142857143,31.0,32.15714285714286,32.425,8
2010-09-08,26.47857142857143,28.65357142857143,29.3,30.65535714285714,31.760714285714286,32.13928571428571,8
2010-09-09,26.355714285714285,28.432142857142857,29.0,30.414285714285715,31.49642857142857,31.907142857142855,8
2010-09-10,25.87142857142857,28.107142857142858,28.77,30.29642857142857,31.335714285714285,31.887499999999996,8
2010-09-13,24.9,27.1375,28.021428571428572,29.96428571428571,30.807142857142857,31.364285714285714,8
2010-09-14,25.014285714285712,27.32857142857143,28.194285714285712,29.9375,30.65535714285714,31.280357142857145,8
2010-09-15,,27.208928571428572,28.105714285714285,29.79285714285714,30.5,31.246428571428574,7
2010-09-16,,27.421428571428574,28.28,29.96964285714286,30.523214285714285,31.369642857142857,7
2010-09-17,,27.701785714285716,28.545714285714286,30.2,30.682142857142857,31.55,7
2010-09-20,24.35,27.41,28.31,30.039285714285715,30.337500000000002,31.362857142857145,8
2010-09-21,24.555357142857144,27.485714285714284,28.34285714285714,30.05,30.37857142857143,31.41142857142857,8
2010-09-22,25.142857142857142,27.77,28.669999999999998,30.357142857142858,30.667857142857144,31.657142857142855,8
2010-09-23,26.0625,28.4,29.3,31.010714285714286,31.285714285714285,32.1,8
2010-09-24,24.628571428571426,27.397142857142857,28.417857142857144,30.2875,30.76964285714286,31.560000000000002,8
2010-09-27,25.075000000000003,27.52,28.564285714285713,30.257142857142856,30.907142857142855,31.57857142857143,8
2010-09-28,25.142857142857142,27.55,28.621428571428574,30.2375,30.907142857142855,31.512857142857143,8
2010-09-29,25.648214285714285,27.98,29.064285714285713,30.557142857142857,31.235714285714284,31.852857142857143,8
2010-09-30,26.432142857142857,28.577142857142857,29.6875,31.010714285714286,31.70357142857143,32.34285714285714,8
2010-10-01,25.96785714285714,28.27714285714286,29.428571428571427,30.696428571428573,31.45714285714286,32.1,8
2010-10-04,26.674999999999997,28.748571428571427,29.95,31.07857142857143,31.85535714285714,32.322857142857146,8
2010-10-05,25.47142857142857,27.754285714285714,29.164285714285715,30.375,31.24285714285714,31.727142857142855,8
2010-10-06,25.27857142857143,27.622857142857143,29.189285714285713,30.448214285714286,31.326785714285712,31.727142857142855,8
2010-10-07,25.226785714285715,27.595714285714287,29.200000000000003,30.45,31.32857142857143,31.678571428571427,8
2010-10-08,24.360714285714284,26.757142857142856,28.621428571428574,30.126785714285713,31.110714285714284,31.43,8
2010-10-11,24.150000000000002,26.38142857142857,28.367857142857144,29.707142857142856,30.65714285714286,30.884285714285713,8
2010-10-12,23.478571428571428,25.655714285714286,27.894642857142856,29.2875,30.239285714285714,30.435714285714283,8
2010-10-13,23.03214285714286,25.014285714285716,27.242857142857144,28.607142857142858,29.52857142857143,29.65,8
2010-10-14,23.82142857142857,25.611428571428572,27.7875,29.048214285714284,29.958928571428572,30.165714285714284,8
2010-10-15,23.71785714285714,25.400000000000002,27.646428571428572,28.835714285714285,29.739285714285714,29.88,8
2010-10-18,23.3,25.142857142857142,27.548214285714288,28.619642857142857,29.555714285714288,29.72714285714286,8
2010-10-19,23.90714285714286,25.621428571428574,28.07857142857143,29.05,29.958571428571428,30.087142857142858,8
2010-10-20,22.740000000000002,24.84,27.316071428571426,28.43392857142857,29.362857142857145,29.49142857142857,7
2010-10-21,22.22714285714286,24.498571428571427,27.0,28.017857142857142,28.922857142857143,29.094285714285714,7
2010-10-22,21.425714285714285,23.86857142857143,26.289285714285715,27.45714285714286,28.37857142857143,28.55,7
2010-10-25,21.5,23.857142857142858,26.057142857142857,27.214285714285715,28.045714285714286,28.21607142857143,8
2010-10-26,21.97142857142857,24.135714285714286,26.26964285714286,27.3125,28.15142857142857,28.307142857142857,8
2010-10-27,22.454285714285714,24.5,26.482142857142858,27.42142857142857,28.15714285714286,28.317857142857143,8
2010-10-28,22.478571428571428,24.683928571428574,26.6125,27.389285714285716,28.03142857142857,28.121428571428574,8
2010-10-29,22.535714285714285,24.710714285714285,26.54285714285714,27.257142857142856,27.934285714285714,28.0125,8
2010-11-01,22.61,24.97142857142857,26.71785714285714,27.34107142857143,27.914285714285715,28.017857142857142,8
2010-11-02,22.178571428571427,24.67857142857143,26.478571428571428,27.049999999999997,27.495714285714286,27.60892857142857,8
2010-11-03,20.965714285714288,23.52857142857143,25.535714285714285,26.125,26.57142857142857,26.785714285714285,8
2010-11-04,19.714285714285715,22.264285714285712,24.25,25.09285714285714,25.654285714285713,25.84642857142857,8
2010-11-05,19.784285714285716,22.25,24.232142857142858,25.166071428571428,25.662857142857142,25.9,8
2010-11-08,20.11,22.678571428571427,24.478571428571428,25.442857142857143,25.92,26.17142857142857,8
2010-11-09,20.282857142857143,22.921428571428574,24.710714285714285,25.7125,26.18,26.42857142857143,8
2010-11-10,20.128571428571426,22.892857142857142,24.678571428571427,25.69642857142857,26.174285714285713,26.50357142857143,8
2010-11-11,20.39,23.255357142857143,25.125,26.098214285714285,26.5,26.85,8
2010-11-12,21.70714285714286,24.392857142857142,26.075,26.985714285714288,27.322857142857142,27.625,8
2010-11-15,21.509999999999998,24.496428571428574,25.898214285714285,26.723214285714285,26.99857142857143,27.307142857142857,8
2010-11-16,22.705714285714286,25.414285714285715,26.639285714285712,27.45,27.707142857142856,28.017857142857142,8
2010-11-17,,25.067857142857143,26.267857142857142,27.10857142857143,27.365714285714283,27.678571428571427,7
2010-11-18,,23.95357142857143,25.5,26.36714285714286,26.624285714285712,26.842857142857145,7
2010-11-19,,23.77857142857143,25.380357142857143,26.225714285714286,26.482857142857142,26.7,7
2010-11-22,19.8,23.357142857142858,24.914285714285715,25.959999999999997,26.258928571428573,26.53214285714286,8
2010-11-23,20.869642857142857,24.255357142857143,25.71964285714286,26.57,26.864285714285714,27.1,8
2010-11-24,20.05,23.55,25.264285714285716,26.13,26.4375,26.803571428571427,8
2010-11-26,21.678571428571427,24.614285714285714,26.207142857142856,26.95,27.235714285714284,27.474999999999998,8
2010-11-29,22.2125,25.014285714285716,26.433928571428574,27.024285714285714,27.207142857142856,27.475,8
2010-11-30,23.942857142857143,26.246428571428574,27.371428571428574,27.900000000000002,28.05,28.167857142857144,8
2010-12-01,22.816071428571426,25.37857142857143,26.744642857142857,27.35,27.567857142857143,27.70714285714286,8
2010-12-02,20.975,23.771428571428572,25.375,26.155714285714286,26.498214285714283,26.835714285714285,8
2010-12-03,20.267857142857142,23.055357142857144,24.71607142857143,25.541428571428572,25.95714285714286,26.325000000000003,8
2010-12-06,20.1,22.8,24.535714285714285,25.342857142857145,25.7875,26.223214285714285,8
2010-12-07,20.126785714285713,22.725,24.46607142857143,25.259999999999998,25.757142857142856,26.303571428571427,8
2010-12-08,19.628571428571426,22.114285714285714,23.9,24.771428571428572,25.353571428571428,25.787499999999998,8
2010-12-09,19.335714285714285,21.59107142857143,23.487499999999997,24.425714285714285,25.021428571428572,25.557142857142857,8
2010-12-10,19.335714285714285,21.264285714285716,23.04642857142857,23.982857142857142,24.589285714285715,25.125,8
2010-12-13,19.8,21.614285714285714,23.32857142857143,24.07857142857143,24.682142857142857,25.185714285714287,8
2010-12-14,20.075,21.907142857142855,23.45,24.150000000000002,24.751785714285717,25.162499999999998,8
2010-12-15,20.4875,22.228571428571428,23.701785714285712,24.33,24.878571428571426,25.321428571428573,8
2010-12-16,20.2,22.032142857142855,23.5,24.142857142857142,24.74107142857143,25.1375,8
2010-12-17,19.96607142857143,22.130357142857143,23.47142857142857,24.114285714285714,24.664285714285715,25.0,8
2010-12-20,19.65,21.85,23.252857142857142,24.024285714285714,24.610714285714288,24.942857142857143,8
2010-12-21,19.326785714285712,21.566071428571426,23.085714285714285,23.9,24.478571428571428,24.90142857142857,8
2010-12-22,19.396428571428572,21.535714285714285,23.095714285714287,23.825,24.53214285714286,24.871428571428574,7
2010-12-23,20.03214285714286,21.853571428571428,23.42,24.146428571428572,24.792857142857144,25.127142857142857,7
2010-12-27,20.775,22.40892857142857,24.035714285714285,24.667857142857144,25.2,25.57857142857143,8
2010-12-28,20.935714285714287,22.614285714285714,24.19142857142857,24.85,25.24642857142857,25.56,8
2010-12-29,20.764285714285716,22.61607142857143,24.09714285714286,24.742857142857144,25.260714285714286,25.652857142857144,8
2010-12-30,20.67142857142857,22.642857142857142,24.22,24.860714285714284,25.357142857142858,25.74857142857143,8
2010-12-31,20.446428571428573,22.598214285714285,24.2,24.996428571428574,25.521428571428572,25.97,8
2011-01-03,20.325000000000003,22.55,23.88714285714286,24.601785714285715,25.244642857142857,25.71857142857143,8
2011-01-04,20.27857142857143,22.514285714285716,23.76142857142857,24.475,25.114285714285714,25.555714285714288,8
2011-01-05,19.985714285714284,22.17142857142857,23.364285714285714,24.151785714285715,24.803571428571427,25.244285714285713,8
2011-01-06,20.016071428571426,22.189285714285713,23.37,24.178571428571427,24.789285714285715,25.235714285714284,8
2011-01-07,20.178571428571427,22.321428571428573,23.447142857142858,24.28571428571429,24.939285714285717,25.400000000000002,8
2011-01-10,20.4125,22.478571428571428,23.442857142857143,24.307142857142857,24.982142857142858,25.545714285714286,8
2011-01-11,19.875,22.114285714285714,23.142857142857142,24.075,24.751785714285717,25.314285714285713,8
2011-01-12,19.0125,21.458928571428572,22.47142857142857,23.44642857142857,24.29285714285714,24.957142857142856,8
2011-01-13,18.964285714285715,21.482142857142854,22.45,23.389285714285716,24.130357142857143,24.74,8
2011-01-14,18.169642857142854,20.666071428571428,21.785714285714285,22.814285714285713,23.646428571428572,24.259999999999998,8
2011-01-18,17.932142857142857,20.27,21.47,22.5,23.245714285714286,23.931428571428572,8
2011-01-19,18.90357142857143,21.048571428571428,22.162857142857142,23.076785714285716,23.86857142857143,24.554285714285715,7
2011-01-20,18.885714285714286,21.02857142857143,22.1,23.007142857142856,23.824285714285715,24.38142857142857,7
2011-01-21,19.15714285714286,21.205714285714286,22.228571428571428,23.075,23.79285714285714,24.35,7
2011-01-24,18.9375,20.884285714285713,21.964285714285715,22.810714285714283,23.57142857142857,24.192857142857143,8
2011-01-25,18.814285714285713,20.70714285714286,21.751785714285717,22.65,23.43,24.014285714285712,8
2011-01-26,18.257142857142856,20.142857142857142,21.182142857142857,22.064285714285717,22.82857142857143,23.47142857142857,8
2011-01-27,18.017857142857142,19.845714285714283,20.9125,21.791071428571428,22.56714285714286,23.224999999999998,8
2011-01-28,19.891071428571426,21.058571428571426,21.992857142857144,22.814285714285717,23.439999999999998,24.0,8
2011-01-31,19.775,20.93,21.775,22.455357142857142,23.071428571428573,23.660714285714285,8
2011-02-01,18.833928571428572,20.085714285714285,20.921428571428574,21.65,22.315714285714286,22.8875,8
2011-02-02,18.90714285714286,20.064285714285717,20.898214285714285,21.648214285714285,22.314285714285713,22.85,8
2011-02-03,18.701785714285716,19.947142857142858,20.825,21.542857142857144,22.211428571428574,22.785714285714285,8
2011-02-04,18.27857142857143,19.53571428571429,20.451785714285716,21.194642857142856,21.911428571428573,22.525,8
2011-02-07,18.075,19.205714285714286,20.114285714285714,20.935714285714283,21.65285714285714,22.28392857142857,8
2011-02-08,17.910714285714285,18.98857142857143,19.825,20.650000000000002,21.375714285714285,21.97142857142857,8
2011-02-09,18.0,19.0,19.835714285714285,20.639285714285716,21.34857142857143,21.939285714285717,8
2011-02-10,18.1,19.042857142857144,19.7875,20.48392857142857,21.1,21.62142857142857,8
2011-02-11,17.89464285714286,18.89857142857143,19.7,20.364285714285714,20.97,21.45,8
2011-02-14,17.85,18.79285714285714,19.664285714285715,20.376785714285713,20.98,21.442857142857143,8
2011-02-15,18.077142857142857,18.89142857142857,19.835714285714285,20.55,21.15,21.5625,8
2011-02-16,18.36,19.26,20.12142857142857,20.72,21.32,21.632142857142856,7
2011-02-17,18.552857142857142,19.58142857142857,20.5,21.134285714285717,21.64857142857143,21.941071428571426,7
2011-02-18,18.73714285714286,19.765714285714285,20.823214285714286,21.492857142857144,21.92142857142857,22.2,7
2011-02-22,21.252857142857142,21.675,22.380357142857143,22.84,23.210714285714285,23.395714285714288,8
2011-02-23,22.327142857142857,22.62857142857143,23.164285714285715,23.49142857142857,23.81607142857143,24.007142857142856,8
2011-02-24,21.992857142857144,22.46607142857143,23.075,23.415714285714287,23.77857142857143,24.018571428571427,8
2011-02-25,20.46428571428571,21.34285714285714,22.192857142857143,22.70714285714286,23.14464285714286,23.43,8
2011-02-28,19.64,20.669642857142858,21.666071428571428,22.222857142857144,22.714285714285715,23.12857142857143,8
2011-03-01,21.414285714285715,21.985714285714284,22.67142857142857,23.119999999999997,23.5625,23.94142857142857,8
2011-03-02,21.32857142857143,21.914285714285715,22.60892857142857,23.107142857142858,23.557142857142857,23.904285714285713,8
2011-03-03,20.185714285714283,21.107142857142858,21.875,22.442857142857143,22.96785714285714,23.335714285714285,8
2011-03-04,20.615714285714287,21.567857142857143,22.291071428571428,22.815714285714286,23.27857142857143,23.669999999999998,8
2011-03-07,21.5,22.25714285714286,22.857142857142858,23.37142857142857,23.810714285714283,24.217142857142857,8
2011-03-08,21.047142857142855,22.007142857142856,22.705357142857142,23.27,23.692857142857143,24.134285714285713,8
2011-03-09,21.542857142857144,22.34642857142857,22.97142857142857,23.50857142857143,23.901785714285715,24.352857142857143,8
2011-03-10,22.55857142857143,23.14107142857143,23.6875,24.194285714285712,24.52857142857143,24.97142857142857,8
2011-03-11,21.835714285714285,22.657142857142855,23.214285714285715,23.814285714285717,24.151785714285715,24.59,8
2011-03-14,22.18,22.95714285714286,23.501785714285717,24.09,24.40714285714286,24.93,8
2011-03-15,23.647142857142857,23.707142857142856,24.12142857142857,24.63,24.873214285714283,25.400000000000002,8
2011-03-16,,25.123214285714283,25.198214285714286,25.697142857142858,25.885714285714286,26.345714285714287,7
2011-03-17,,24.382142857142856,24.6,24.942857142857143,25.044642857142858,25.474285714285717,7
2011-03-18,,23.639285714285712,23.908571428571427,24.165714285714284,24.24642857142857,24.65,7
2011-03-21,21.6,22.33214285714286,22.784285714285716,23.041428571428572,23.217142857142857,23.731428571428573,8
2011-03-22,21.526785714285715,22.30892857142857,22.842857142857145,23.1,23.334285714285716,23.84857142857143,8
2011-03-23,20.57857142857143,21.70714285714286,22.427142857142858,22.808928571428574,23.105714285714285,23.662857142857142,8
2011-03-24,20.067857142857143,21.201785714285716,22.009999999999998,22.474999999999998,22.874285714285715,23.431428571428572,8
2011-03-25,19.935714285714287,21.232142857142858,22.048571428571428,22.587500000000002,23.007142857142856,23.65,8
2011-03-28,20.6125,21.758928571428573,22.372857142857143,22.803571428571427,23.17142857142857,23.80892857142857,8
2011-03-29,19.985714285714288,21.235714285714284,21.92142857142857,22.35,22.84285714285714,23.485714285714284,8
2011-03-30,19.71607142857143,20.994642857142857,21.635714285714286,22.064285714285713,22.564285714285717,23.20714285714286,8
2011-03-31,19.835714285714285,21.1,21.7,22.128571428571426,22.65142857142857,23.32857142857143,8
2011-04-01,19.639285714285716,20.944642857142856,21.635714285714286,22.110714285714284,22.657142857142855,23.325,8
2011-04-04,19.475,20.764285714285712,21.43285714285714,21.90892857142857,22.514285714285712,23.25,8
2011-04-05,19.40714285714286,20.726785714285715,21.452857142857145,21.975,22.565714285714286,23.255357142857143,8
2011-04-06,19.37857142857143,20.760714285714286,21.47142857142857,22.017857142857142,22.638571428571428,23.32857142857143,8
2011-04-07,19.583928571428572,20.994642857142857,21.69,22.235714285714284,22.861428571428572,23.551785714285714,8
2011-04-08,19.935714285714283,21.32857142857143,22.040000000000003,22.603571428571428,23.234285714285715,23.925,8
2011-04-11,19.9375,21.353571428571428,22.085714285714285,22.728571428571428,23.40285714285714,24.09464285714286,8
2011-04-12,20.271428571428572,21.557142857142857,22.294285714285714,22.9125,23.51,24.135714285714286,8
2011-04-13,19.983928571428574,21.332142857142856,22.105714285714285,22.732142857142858,23.364285714285714,24.075,8
2011-04-14,19.82857142857143,21.310714285714283,22.08,22.742857142857144,23.385714285714286,24.1,8
2011-04-15,19.33928571428571,21.09642857142857,21.895714285714288,22.607142857142858,23.294285714285714,24.025,8
2011-04-18,20.2,21.742857142857144,22.385714285714286,23.076785714285716,23.68,24.4,8
2011-04-19,19.169642857142858,21.122857142857143,21.85142857142857,22.75,23.392857142857142,24.125,8
2011-04-20,18.307142857142857,20.48714285714286,21.515714285714285,22.27285714285714,22.958571428571428,23.746428571428574,7
2011-04-21,18.125,20.2,21.4,22.05142857142857,22.822857142857142,23.623214285714283,7
2011-04-25,17.9875,19.96,21.09285714285714,21.82142857142857,22.68035714285714,23.55892857142857,8
2011-04-26,17.84285714285714,19.614285714285714,20.775,21.580000000000002,22.553571428571427,23.285714285714285,8
2011-04-27,17.5625,19.22142857142857,20.4,21.25857142857143,22.375,23.035714285714285,8
2011-04-28,17.339285714285715,18.91428571428571,20.0875,20.997142857142855,22.107142857142858,22.814285714285713,8
2011-04-29,17.348214285714285,18.832857142857144,19.864285714285714,20.757142857142856,21.810714285714283,22.6375,8
2011-05-02,18.025,19.417142857142856,20.425,21.332857142857144,22.407142857142855,23.121428571428574,8
2011-05-03,18.583928571428572,19.95714285714286,20.87857142857143,21.73,22.691071428571426,23.298214285714284,8
2011-05-04,18.864285714285714,20.192857142857143,21.055357142857144,21.864285714285714,22.817857142857143,23.40714285714286,8
2011-05-05,19.210714285714285,20.424285714285713,21.225,22.048571428571428,23.014285714285712,23.569642857142856,8
2011-05-06,19.05,20.235714285714288,21.071428571428573,21.932857142857145,22.871428571428574,23.425,8
2011-05-09,18.5,19.802857142857142,20.71785714285714,21.635714285714286,22.525,23.001785714285717,8
2011-05-10,17.86785714285714,19.262857142857143,20.292857142857144,21.27,22.15,22.54642857142857,8
2011-05-11,18.39107142857143,19.757142857142856,20.7,21.622857142857143,22.444642857142856,22.835714285714285,8
2011-05-12,18.107142857142858,19.575714285714287,20.525,21.488571428571426,22.317857142857143,22.692857142857143,8
2011-05-13,18.510714285714286,19.884285714285713,20.8,21.77285714285714,22.59107142857143,22.912499999999998,8
2011-05-16,19.05,20.292857142857144,21.125,22.048571428571428,22.771428571428572,23.071428571428573,8
2011-05-17,18.742857142857144,20.02857142857143,20.849999999999998,21.86,22.675,23.023214285714285,8
2011-05-18,18.147142857142857,19.604285714285716,20.61785714285714,21.644285714285715,22.45,22.735714285714288,7
2011-05-19,17.817142857142855,19.48857142857143,20.6,21.671428571428574,22.564285714285713,22.842857142857145,7
2011-05-20,18.272857142857145,19.944285714285716,21.13857142857143,22.295714285714286,23.239285714285714,23.5,7
2011-05-23,18.900000000000002,20.371428571428574,21.44857142857143,22.562857142857144,23.557142857142857,23.75,8
2011-05-24,18.722857142857144,20.2625,21.37142857142857,22.4,23.464285714285715,23.655714285714286,8
2011-05-25,18.451428571428572,20.057142857142857,21.197142857142858,22.1875,23.232142857142858,23.514285714285716,8
2011-05-26,17.992857142857144,19.54642857142857,20.689999999999998,21.728571428571428,22.792857142857144,23.075714285714287,8
2011-05-27,17.712857142857143,19.275000000000002,20.351428571428574,21.317857142857143,22.371428571428574,22.73,8
2011-05-31,17.40714285714286,18.925,19.994285714285716,21.0375,22.02857142857143,22.347142857142856,8
2011-06-01,18.681428571428572,19.883928571428573,20.77142857142857,21.71428571428571,22.642857142857142,22.96857142857143,8
2011-06-02,18.552857142857142,19.75714285714286,20.7,21.65357142857143,22.557142857142857,22.892857142857142,8
2011-06-03,18.72142857142857,19.89107142857143,20.849999999999998,21.84285714285714,22.72142857142857,23.05,8
2011-06-06,19.07,20.192857142857143,21.14,22.1375,22.96785714285714,23.32142857142857,8
2011-06-07,18.885714285714286,19.926785714285714,20.924285714285713,21.975,22.814285714285713,23.17857142857143,8
2011-06-08,19.19,20.160714285714285,21.157142857142855,22.185714285714283,22.953571428571426,23.285714285714285,8
2011-06-09,18.607142857142858,19.644642857142856,20.73,21.79285714285714,22.521428571428572,22.87142857142857,8
2011-06-10,19.400000000000002,20.242857142857144,21.285714285714285,22.326785714285712,23.005357142857143,23.299999999999997,8
2011-06-13,19.91,20.53392857142857,21.435714285714287,22.464285714285715,23.142857142857142,23.42142857142857,8
2011-06-14,19.02857142857143,19.84285714285714,20.767142857142858,21.8,22.460714285714285,22.8,8
2011-06-15,,21.21785714285714,22.021428571428572,22.87857142857143,23.392857142857142,23.672857142857143,7
2011-06-16,,22.275000000000002,23.14,23.883928571428573,24.223214285714285,24.404285714285713,7
2011-06-17,,21.980357142857144,22.994285714285713,23.67142857142857,24.02857142857143,24.21,7
2011-06-20,20.45,21.23,22.43,23.176785714285714,23.55857142857143,23.815714285714286,8
2011-06-21,19.98035714285714,20.924285714285716,22.167142857142856,23.0,23.314285714285717,23.52857142857143,8
2011-06-22,20.357142857142858,21.271428571428572,22.557142857142857,23.360714285714288,23.662857142857142,23.791428571428572,8
2011-06-23,19.951785714285716,21.042857142857144,22.5,23.271428571428572,23.57857142857143,23.792857142857144,8
2011-06-24,21.121428571428574,21.815714285714286,23.123214285714287,23.776785714285715,24.02857142857143,24.2,8
2011-06-27,20.700000000000003,21.424285714285713,22.757142857142856,23.474999999999998,23.772857142857145,23.994642857142857,8
2011-06-28,19.7,20.742857142857144,22.27857142857143,23.175,23.451428571428572,23.807142857142857,8
2011-06-29,18.773214285714285,20.025714285714287,21.735714285714288,22.72857142857143,23.09285714285714,23.476785714285715,8
2011-06-30,18.075,19.435714285714287,21.0625,22.176785714285714,22.597142857142856,23.04285714285714,8
2011-07-01,17.34285714285714,18.674285714285713,20.21428571428571,21.196428571428573,21.61857142857143,22.1125,8
2011-07-05,17.56607142857143,19.022857142857145,20.428571428571427,21.3,21.714285714285715,22.439285714285717,8
2011-07-06,17.87857142857143,19.25,20.494642857142857,21.21785714285714,21.547142857142855,22.357142857142858,8
2011-07-07,17.417857142857144,18.745714285714286,19.95,20.685714285714283,21.002857142857142,21.86607142857143,8
2011-07-08,17.839285714285715,19.164285714285715,20.27857142857143,20.98392857142857,21.308571428571426,22.15,8
2011-07-11,19.4125,20.388571428571428,21.25,21.892857142857142,22.11285714285714,23.0,8
2011-07-12,19.914285714285715,20.925714285714285,21.858928571428574,22.4375,22.615714285714287,23.58214285714286,8
2011-07-13,20.023214285714285,21.05,21.914285714285715,22.45357142857143,22.61857142857143,23.6,8
2011-07-14,20.65,21.578571428571426,22.425,22.84642857142857,22.935714285714283,23.95,8
2011-07-15,20.194642857142856,21.28,22.110714285714288,22.507142857142856,22.624285714285712,23.6625,8
2011-07-18,21.0,21.985714285714284,22.685714285714287,22.991071428571427,23.041428571428572,24.164285714285715,8
2011-07-19,19.794285714285714,21.122857142857143,21.90357142857143,22.3,22.428571428571427,23.566071428571426,8
2011-07-20,19.444285714285716,20.85857142857143,21.771428571428572,22.055714285714288,22.22714285714286,23.45714285714286,7
2011-07-21,18.495714285714286,19.952857142857145,21.25,21.51142857142857,21.68285714285714,22.95357142857143,7
2011-07-22,18.43857142857143,19.852857142857143,21.0625,21.42142857142857,21.635714285714283,22.95,7
2011-07-25,19.540000000000003,20.385714285714286,21.542857142857144,21.825714285714287,21.99642857142857,23.30892857142857,8
2011-07-26,19.889999999999997,20.817857142857143,21.835714285714285,22.02,22.189285714285717,23.42857142857143,8
2011-07-27,21.415714285714287,21.864285714285714,22.560714285714287,22.622857142857143,22.839285714285715,24.080357142857142,8
2011-07-28,21.45,21.851785714285715,22.55,22.562857142857144,22.77857142857143,23.967857142857145,8
2011-07-29,21.1,21.271428571428572,21.914285714285715,21.978571428571428,22.255357142857143,23.35,8
2011-08-01,20.66,20.825000000000003,21.37857142857143,21.5,21.857142857142858,22.964285714285715,8
2011-08-02,22.17142857142857,22.089285714285715,22.292857142857144,22.35,22.751785714285717,23.796428571428574,8
2011-08-03,21.931428571428572,21.92857142857143,22.09642857142857,22.15,22.614285714285714,23.664285714285715,8
2011-08-04,26.697142857142858,25.557142857142857,24.825000000000003,24.321428571428573,24.560714285714287,25.5125,8
2011-08-05,27.63285714285714,25.991071428571427,25.428571428571427,24.712857142857143,24.849999999999998,25.775,8
2011-08-08,32.74,29.571428571428573,28.16785714285714,26.735714285714284,26.746428571428574,27.47142857142857,8
2011-08-09,27.294285714285714,25.339285714285715,24.960714285714285,24.35,24.82142857142857,25.625,8
2011-08-10,31.235714285714288,28.460714285714285,27.657142857142855,26.708571428571428,27.058928571428574,27.71964285714286,8
2011-08-11,30.007142857142856,27.276785714285715,26.725,25.91,26.353571428571428,27.085714285714285,8
2011-08-12,29.892857142857146,27.17142857142857,26.507142857142856,25.71428571428571,26.248214285714283,26.8,8
2011-08-15,27.78,26.083928571428572,25.503571428571426,24.717142857142857,25.442857142857143,25.785714285714285,8
2011-08-16,28.057142857142857,26.34285714285714,25.692857142857143,24.93,25.65357142857143,25.98392857142857,8
2011-08-17,,26.923214285714288,26.02857142857143,25.088571428571427,25.92857142857143,26.192857142857143,7
2011-08-18,,30.428571428571427,29.2,28.0,28.7375,28.85,7
2011-08-19,,31.733928571428574,30.302857142857142,28.888571428571428,29.628571428571426,29.65,7
2011-08-22,36.45,32.53214285714286,30.782857142857143,29.154285714285717,30.044642857142858,29.895714285714284,9
2011-08-23,34.20892857142857,31.626785714285713,30.357142857142858,28.9,29.89642857142857,29.844285714285714,9
2011-08-24,33.4,31.32857142857143,30.36857142857143,29.2875,30.294642857142858,30.264285714285716,9
2011-08-25,34.42857142857143,31.571428571428573,30.56,29.875,30.857142857142858,30.908571428571427,9
2011-08-26,33.57142857142857,30.82857142857143,30.017142857142858,29.5125,30.458928571428572,30.54,9
2011-08-29,31.162499999999998,29.57142857142857,29.017142857142858,28.646428571428572,29.59285714285714,29.771428571428572,9
2011-08-30,31.942857142857143,30.371428571428574,29.74142857142857,29.45,30.398214285714285,30.547142857142855,9
2011-08-31,31.18392857142857,29.98392857142857,29.185714285714283,28.77142857142857,29.75357142857143,29.91857142857143,9
2011-09-01,31.632142857142856,30.378571428571426,29.43,29.067857142857143,29.989285714285714,30.142857142857142,9
2011-09-02,33.5375,31.44642857142857,30.107142857142858,29.660714285714285,30.442857142857143,30.58,9
2011-09-06,34.19642857142857,32.0,30.58142857142857,30.425,31.0,31.102857142857143,9
2011-09-07,32.32142857142857,30.789285714285715,29.67857142857143,29.71607142857143,30.28035714285714,30.354285714285712,9
2011-09-08,33.1125,31.301785714285714,30.0,30.142857142857142,30.732142857142858,30.77857142857143,9
2011-09-09,35.97857142857143,33.33571428571429,31.56142857142857,31.4375,31.78214285714286,31.84,9
2011-09-12,35.8625,33.57142857142857,31.75,31.935714285714287,32.17142857142857,32.15,9
2011-09-13,35.72857142857143,33.60714285714286,31.79,31.962500000000002,32.11785714285715,32.135714285714286,9
2011-09-14,34.394642857142856,32.894642857142856,31.16857142857143,31.525,31.664285714285715,31.687142857142856,9
2011-09-15,32.64285714285714,31.760714285714286,30.259999999999998,30.803571428571427,31.044642857142858,31.127142857142857,9
2011-09-16,31.871428571428574,31.271428571428572,29.965714285714284,30.642857142857142,30.892857142857142,31.02,9
2011-09-19,33.1,32.05,30.549999999999997,31.412499999999998,31.502857142857142,31.58857142857143,9
2011-09-20,32.91071428571429,31.708571428571428,30.294285714285714,31.3,31.302857142857142,31.345714285714287,9
2011-09-21,35.607142857142854,33.49857142857143,31.612857142857145,32.29642857142857,32.182857142857145,32.011428571428574,8
2011-09-22,38.25,35.378571428571426,33.15,33.77142857142857,33.37714285714286,33.205714285714286,8
2011-09-23,38.642857142857146,35.44571428571428,33.275,33.9125,33.55714285714286,33.3,8
2011-09-26,36.8,34.09571428571429,32.48571428571429,33.225,32.892857142857146,32.71071428571429,9
2011-09-27,36.05,33.64285714285714,32.1875,32.949999999999996,32.598571428571425,32.464285714285715,9
2011-09-28,38.35714285714286,35.248571428571424,33.67142857142857,34.114285714285714,33.56428571428572,33.35892857142857,9
2011-09-29,37.42142857142857,34.494285714285716,33.1625,33.62321428571428,33.17142857142857,33.010714285714286,9
2011-09-30,40.42142857142857,36.65428571428571,35.0,35.214285714285715,34.54571428571429,34.275,9
2011-10-03,42.8,38.79,36.8375,36.37678571428572,35.40714285714286,35.20357142857143,9
2011-10-04,39.35357142857143,36.691428571428574,35.47857142857143,35.25,34.33,33.93035714285715,9
2011-10-05,37.22142857142857,35.168571428571425,34.56428571428572,34.698214285714286,34.13142857142857,33.92142857142857,9
2011-10-06,36.66607142857143,34.73285714285714,34.25,34.32142857142857,33.74285714285714,33.54642857142857,9
2011-10-07,36.66428571428572,34.75,34.4125,34.475,34.010000000000005,33.85,9
2011-10-10,33.9125,32.63142857142857,32.71071428571428,32.76428571428571,32.52428571428572,32.54107142857143,9
2011-10-11,33.714285714285715,32.505714285714284,32.69464285714285,32.662499999999994,32.418571428571425,32.510714285714286,9
2011-10-12,31.59285714285714,30.807142857142857,31.335714285714285,31.414285714285715,31.315714285714286,31.46964285714286,9
2011-10-13,31.32857142857143,30.53142857142857,31.2,31.335714285714285,31.264285714285716,31.5,9
2011-10-14,29.392857142857146,29.002857142857142,30.039285714285715,30.178571428571427,30.187142857142856,30.3875,9
2011-10-17,32.95,31.27857142857143,32.07142857142858,31.71785714285714,31.575714285714287,31.807142857142857,9
2011-10-18,30.97,30.07,31.110714285714284,30.8,30.885714285714286,31.16785714285714,9
2011-10-19,33.71857142857143,31.747142857142858,32.5625,31.897142857142857,31.81142857142857,32.03214285714285,8
2011-10-20,33.88142857142857,31.695714285714285,32.6,31.897142857142857,31.854285714285716,32.04285714285714,8
2011-10-21,31.41714285714286,30.045714285714286,31.180357142857144,30.645714285714284,30.602857142857143,30.85,8
2011-10-24,29.57,28.950000000000003,30.192857142857143,29.85,29.858928571428574,30.1,9
2011-10-25,31.908571428571427,30.373214285714287,31.301785714285714,30.84,30.814285714285717,30.97142857142857,9
2011-10-26,30.165714285714287,29.37142857142857,30.29285714285714,29.9,29.932142857142857,30.173214285714284,9
2011-10-27,26.085714285714285,26.103571428571428,27.4,27.15142857142857,27.357142857142858,27.689285714285713,9
2011-10-28,26.03,25.935714285714287,27.235714285714288,27.021428571428572,27.2625,27.5375,9
2011-10-31,29.25,28.714285714285715,29.485714285714288,28.962857142857143,28.985714285714284,29.164285714285715,9
2011-11-01,32.792857142857144,31.57142857142857,31.785714285714285,31.2,31.098214285714285,31.082142857142856,9
2011-11-02,31.64857142857143,30.851785714285715,31.17857142857143,30.664285714285715,30.639285714285716,30.735714285714284,9
2011-11-03,30.124285714285715,29.82857142857143,30.275,29.927142857142854,29.998214285714283,30.126785714285713,9
2011-11-04,30.602857142857143,30.360714285714288,30.575,30.177142857142858,30.185714285714287,30.25,9
2011-11-07,30.29,30.435714285714287,30.46785714285714,30.17142857142857,30.28392857142857,30.339285714285715,9
2011-11-08,28.554285714285715,29.351785714285715,29.660714285714285,29.59,29.79285714285714,29.867857142857144,9
2011-11-09,34.47857142857143,34.02857142857143,33.35,32.761428571428574,32.65,32.378571428571426,9
2011-11-10,32.112857142857145,32.449999999999996,32.262499999999996,31.91857142857143,31.978571428571428,31.728571428571428,9
2011-11-11,30.54285714285714,31.307142857142857,31.357142857142858,31.147142857142857,31.201785714285716,30.987499999999997,9
2011-11-14,31.02,31.85892857142857,31.65357142857143,31.445714285714285,31.517857142857142,31.25,9
2011-11-15,30.93142857142857,31.985714285714288,31.735714285714284,31.5,31.614285714285714,31.38214285714286,9
2011-11-16,,33.49821428571428,32.82857142857143,32.34428571428571,32.33571428571429,32.025,8
2011-11-17,,34.58571428571428,33.8,33.37142857142857,33.34464285714286,32.81964285714285,8
2011-11-18,,33.7,33.294285714285714,33.12285714285714,33.19285714285714,32.65,8
2011-11-21,32.95,34.31071428571428,33.76571428571428,33.50857142857143,33.48571428571429,33.112857142857145,9
2011-11-22,32.35535714285714,33.801785714285714,33.364285714285714,33.15,33.26785714285714,32.87285714285714,9
2011-11-23,33.70357142857143,34.964285714285715,34.37285714285714,34.003571428571426,34.051785714285714,33.65714285714286,9
2011-11-25,34.65714285714286,35.48214285714286,34.93571428571428,34.566071428571426,34.59285714285715,34.11,9
2011-11-28,32.425,33.57142857142857,33.19,32.99285714285715,33.06428571428572,32.892857142857146,9
2011-11-29,31.87857142857143,33.12857142857143,32.89714285714286,32.75,32.7875,32.597142857142856,9
2011-11-30,29.169642857142858,31.057142857142857,31.262857142857143,31.242857142857144,31.242857142857144,31.032857142857143,9
2011-12-01,28.703571428571426,30.34285714285714,30.64,30.8125,30.97142857142857,30.85,9
2011-12-02,28.625,30.15535714285714,30.514285714285716,30.725,30.82142857142857,30.71,9
2011-12-05,28.75,29.92857142857143,30.125714285714285,30.335714285714285,30.442857142857143,30.39857142857143,9
2011-12-06,29.09107142857143,30.101785714285715,30.2,30.35,30.414285714285715,30.40142857142857,9
2011-12-07,29.742857142857144,30.6,30.571428571428573,30.710714285714285,30.758928571428573,30.754285714285714,9
2011-12-08,31.333928571428572,31.8625,31.6,31.614285714285714,31.603571428571428,31.57857142857143,9
2011-12-09,28.710714285714285,30.05,30.344285714285714,30.642857142857142,30.8,30.92,9
2011-12-12,29.475,30.675,30.87142857142857,31.22142857142857,31.310714285714287,31.402857142857144,9
2011-12-13,29.299999999999997,30.62857142857143,31.01,31.475,31.558928571428574,31.65714285714286,9
2011-12-14,29.564285714285717,30.992857142857144,31.215714285714284,31.603571428571428,31.7,31.81142857142857,9
2011-12-15,28.535714285714285,30.107142857142858,30.48,30.960714285714285,31.139285714285712,31.304285714285715,9
2011-12-16,28.555357142857144,29.814285714285717,30.264285714285716,30.864285714285714,31.089285714285715,31.26,9
2011-12-19,28.35,29.342857142857145,29.985714285714288,30.676785714285714,30.857142857142858,31.071428571428573,9
2011-12-20,26.589285714285715,27.735714285714284,28.59285714285714,29.45,29.87,30.169999999999998,9
2011-12-21,24.59642857142857,25.98714285714286,27.015714285714285,27.919642857142854,28.475714285714286,28.732857142857142,8
2011-12-22,25.196428571428573,26.17142857142857,27.2,28.12857142857143,28.54,28.84,8
2011-12-23,25.8,26.58,27.474999999999998,28.192857142857143,28.607142857142858,28.95,8
2011-12-27,25.664285714285715,26.485714285714284,27.325,28.0,28.402857142857144,28.79285714285714,9
2011-12-28,26.82857142857143,27.32,27.92857142857143,28.54285714285714,29.0,29.357142857142858,9
2011-12-29,26.164285714285715,26.824285714285715,27.525000000000002,28.17857142857143,28.59142857142857,29.02857142857143,9
2011-12-30,26.876785714285713,27.372857142857143,27.935714285714287,28.507142857142856,28.837142857142858,29.262500000000003,9
2012-01-03,25.335714285714285,26.285714285714285,27.1,27.675,28.01,28.514285714285712,9
2012-01-04,24.82857142857143,25.84,26.675,27.34464285714286,27.794285714285714,28.27857142857143,9
2012-01-05,24.448214285714286,25.497142857142858,26.4,27.142857142857142,27.68285714285714,28.228571428571428,9
2012-01-06,23.91785714285714,25.057142857142857,26.03214285714286,26.78392857142857,27.298571428571428,27.85,9
2012-01-09,23.825,24.97142857142857,25.978571428571428,26.728571428571428,27.21428571428571,27.764285714285712,9
2012-01-10,23.37142857142857,24.644285714285715,25.744642857142857,26.462500000000002,26.96142857142857,27.567857142857143,9
2012-01-11,23.935714285714283,25.04285714285714,26.042857142857144,26.771428571428572,27.24285714285714,27.84107142857143,9
2012-01-12,23.52857142857143,24.864285714285714,25.9625,26.651785714285715,27.142857142857142,27.728571428571428,9
2012-01-13,23.933928571428574,25.295714285714286,26.396428571428572,27.07142857142857,27.558571428571426,28.150000000000002,9
2012-01-17,23.995714285714286,25.36714285714286,26.617857142857144,27.3,27.814285714285713,28.480357142857144,9
2012-01-18,23.3,24.8,26.107142857142854,26.86857142857143,27.425714285714285,28.103571428571428,8
2012-01-19,22.708571428571428,24.294285714285714,25.8,26.59,27.19,27.973214285714285,8
2012-01-20,22.084285714285716,23.84142857142857,25.330357142857142,26.205714285714283,26.762857142857143,27.6,8
2012-01-23,21.740000000000002,23.59642857142857,24.964285714285715,25.77,26.383928571428573,27.30857142857143,9
2012-01-24,21.66857142857143,23.4,24.78392857142857,25.56,26.267857142857142,27.167142857142856,9
2012-01-25,21.08857142857143,22.735714285714284,24.32142857142857,25.167142857142856,25.99642857142857,26.835714285714285,9
2012-01-26,21.121428571428574,22.8625,24.55,25.557142857142857,26.42142857142857,27.192857142857143,9
2012-01-27,20.794285714285714,22.553571428571427,24.135714285714286,25.164285714285715,26.101785714285715,26.85,9
2012-01-30,21.44,23.048214285714288,24.5125,25.558571428571426,26.521428571428572,27.257142857142856,9
2012-01-31,21.692857142857143,23.285714285714285,24.72142857142857,25.77,26.705357142857142,27.444285714285716,9
2012-02-01,20.855714285714285,22.71785714285714,24.2375,25.314285714285713,26.339285714285715,27.07,9
2012-02-02,20.21857142857143,22.12142857142857,23.825,25.025714285714287,26.003571428571426,26.69857142857143,9
2012-02-03,19.287142857142857,21.455357142857142,23.223214285714285,24.481428571428573,25.535714285714285,26.23,9
2012-02-06,19.36,21.314285714285713,22.985714285714284,24.107142857142858,25.10892857142857,25.841428571428573,9
2012-02-07,19.657142857142855,21.401785714285715,22.898214285714285,24.02,25.071428571428573,25.80857142857143,9
2012-02-08,20.38285714285714,21.932142857142857,23.307142857142857,24.341428571428573,25.357142857142858,26.075714285714287,9
2012-02-09,21.337142857142858,22.86607142857143,24.125,25.18857142857143,26.210714285714285,26.807142857142857,9
2012-02-10,23.035714285714285,24.05,24.917857142857144,25.78571428571429,26.744642857142857,27.35,9
2012-02-13,21.369999999999997,23.3375,24.54285714285714,25.498571428571427,26.457142857142856,27.06142857142857,9
2012-02-14,21.995714285714286,23.735714285714284,25.017857142857146,25.98,26.98035714285714,27.57857142857143,9
2012-02-15,,25.455357142857146,26.275000000000002,27.087142857142858,27.892857142857142,28.334285714285713,8
2012-02-16,,24.517857142857142,25.65,26.507142857142856,27.54285714285714,28.11285714285714,8
2012-02-17,,24.72142857142857,25.78142857142857,26.724285714285717,27.87142857142857,28.43,8
2012-02-21,22.642857142857142,25.2625,26.335714285714285,27.15,28.284285714285716,28.798571428571428,9
2012-02-22,21.996428571428574,24.70714285714286,25.81285714285714,26.637500000000003,27.697142857142858,28.16857142857143,9
2012-02-23,20.582142857142856,23.608928571428574,25.060000000000002,26.192857142857143,27.48,28.080000000000002,9
2012-02-24,21.642857142857142,24.621428571428574,26.017142857142858,26.883928571428573,28.085714285714285,28.6,9
2012-02-27,22.3,25.080357142857142,26.498571428571427,27.407142857142855,28.464285714285715,28.935714285714287,9
2012-02-28,21.764285714285716,24.65714285714286,26.075714285714284,26.9875,28.004285714285714,28.557142857142857,9
2012-02-29,21.964285714285715,24.62857142857143,25.934285714285714,26.84285714285714,27.885714285714286,28.475,9
2012-03-01,21.210714285714285,24.02857142857143,25.36,26.269642857142856,27.222857142857144,27.771428571428572,9
2012-03-02,21.69642857142857,24.5125,25.92142857142857,26.978571428571428,27.93857142857143,28.4875,9
2012-03-05,21.9,24.735714285714284,26.115714285714287,27.253571428571426,28.228571428571428,28.83214285714286,9
2012-03-06,24.0,26.089285714285715,27.034285714285716,27.849999999999998,28.551428571428573,29.164285714285715,9
2012-03-07,22.535714285714285,25.010714285714286,26.142857142857142,27.1125,27.915714285714287,28.571428571428573,9
2012-03-08,21.855357142857144,24.4375,25.6,26.714285714285715,27.61,28.275,9
2012-03-09,21.42857142857143,24.071428571428573,25.197142857142858,26.27857142857143,27.211428571428574,27.950000000000003,9
2012-03-12,20.75,23.557142857142857,24.7,25.92857142857143,26.802857142857142,27.525000000000002,9
2012-03-13,20.142857142857142,22.885714285714286,24.054285714285715,25.4,26.275714285714287,27.03214285714286,9
2012-03-14,21.33214285714286,23.79642857142857,24.810000000000002,25.95357142857143,26.714285714285715,27.492857142857144,9
2012-03-15,21.07857142857143,23.700000000000003,24.650000000000002,25.75357142857143,26.45,27.22142857142857,9
2012-03-16,21.01607142857143,23.72142857142857,24.587142857142858,25.735714285714284,26.42,27.2,9
2012-03-19,20.0,22.818571428571428,23.847142857142856,25.15535714285714,25.86285714285714,26.685714285714287,9
2012-03-20,19.20714285714286,22.22857142857143,23.514285714285716,25.05,25.864285714285714,26.714285714285715,9
2012-03-21,18.321428571428573,21.388571428571428,22.802857142857142,24.18,25.08,25.989285714285714,8
2012-03-22,18.698214285714286,21.842857142857145,23.3,24.712857142857143,25.655714285714286,26.666071428571428,8
2012-03-23,17.457142857142856,20.568571428571428,22.400000000000002,23.874285714285715,25.117142857142856,26.2,8
2012-03-26,16.275,18.891428571428573,20.82857142857143,22.474285714285713,23.837500000000002,24.930357142857144,9
2012-03-27,18.15714285714286,20.064285714285717,21.617857142857144,23.16,24.482142857142854,25.67142857142857,9
2012-03-28,18.30892857142857,20.234285714285715,21.678571428571427,23.02,24.217857142857145,25.40535714285714,9
2012-03-29,17.975,20.150000000000002,21.625,22.985714285714288,24.271428571428572,25.50357142857143,9
2012-03-30,17.664285714285715,19.61285714285714,21.05,22.435714285714287,23.632142857142856,24.9625,9
2012-04-02,17.925,19.672857142857143,21.2,22.607142857142858,23.892857142857142,25.125,9
2012-04-03,18.348214285714285,20.077142857142857,21.457142857142856,22.74,23.935714285714287,25.103571428571428,9
2012-04-04,19.064285714285713,20.594285714285714,21.807142857142857,23.007142857142856,24.142857142857142,25.25714285714286,9
2012-04-05,19.664285714285715,21.10142857142857,22.275,23.494285714285713,24.6125,25.62142857142857,9
2012-04-09,20.9875,22.205714285714286,23.275,24.364285714285714,25.51607142857143,26.566071428571426,9
2012-04-10,22.36785714285714,23.454285714285714,24.478571428571428,25.46,26.5,27.52857142857143,9
2012-04-11,22.055357142857144,23.314285714285713,24.414285714285715,25.485714285714284,26.648214285714285,27.676785714285714,9
2012-04-12,19.742857142857144,21.448571428571427,22.849999999999998,23.93857142857143,25.185714285714287,26.32857142857143,9
2012-04-13,21.5125,22.934285714285714,24.125,25.138571428571428,26.28035714285714,27.3625,9
2012-04-16,21.35,22.72142857142857,23.976785714285715,24.948571428571427,26.103571428571428,27.20714285714286,9
2012-04-17,20.00857142857143,21.765714285714285,23.160714285714285,24.41,25.64464285714286,26.698214285714286,9
2012-04-18,20.658571428571427,22.287142857142857,23.607142857142854,24.602857142857143,25.74285714285714,26.875,8
2012-04-19,20.575714285714284,22.332857142857144,23.75,24.607142857142858,25.6875,26.71607142857143,8
2012-04-20,19.951428571428572,21.837142857142855,23.327142857142857,24.14142857142857,25.271428571428572,26.25,8
2012-04-23,20.990000000000002,22.646428571428572,24.00857142857143,24.822857142857146,25.93392857142857,26.875714285714288,8
2012-04-24,20.21857142857143,21.97142857142857,23.557142857142857,24.5,25.767857142857142,26.689999999999998,8
2012-04-25,19.12857142857143,21.014285714285716,22.497142857142858,23.494642857142857,24.8125,25.807142857142857,8
2012-04-26,18.65714285714286,20.585714285714285,22.14,23.196428571428573,24.607142857142858,25.61857142857143,8
2012-04-27,18.71,20.47142857142857,21.935714285714283,23.039285714285715,24.40535714285714,25.46,8
2012-04-30,19.27,20.95,22.245714285714286,23.289285714285715,24.650000000000002,25.57142857142857,8
2012-05-01,18.87857142857143,20.62142857142857,22.044285714285714,23.1375,24.487499999999997,25.404285714285713,8
2012-05-02,18.91857142857143,20.598214285714285,21.97142857142857,22.95714285714286,24.225,25.14,8
2012-05-03,19.650000000000002,21.17142857142857,22.36,23.285714285714285,24.492857142857144,25.341428571428573,8
2012-05-04,20.745714285714286,22.03035714285714,23.04285714285714,23.892857142857142,24.964285714285715,25.69,8
2012-05-07,20.25,21.67857142857143,22.711428571428574,23.610714285714288,24.682142857142857,25.415714285714287,8
2012-05-08,20.46142857142857,21.910714285714285,22.961428571428574,23.925,25.014285714285712,25.708571428571428,8
2012-05-09,21.38714285714286,22.71785714285714,23.599999999999998,24.489285714285714,25.485714285714288,26.152857142857144,8
2012-05-10,20.37857142857143,21.935714285714287,22.93,23.964285714285715,25.04642857142857,25.72142857142857,8
2012-05-11,21.171428571428574,22.6,23.47142857142857,24.508928571428573,25.576785714285716,26.3,8
2012-05-14,22.79,23.90357142857143,24.635714285714286,25.635714285714286,26.69642857142857,27.41428571428571,8
2012-05-15,23.548571428571428,24.62857142857143,25.344285714285714,26.4125,27.398214285714285,28.05,8
2012-05-16,,25.3375,25.99,26.974999999999998,27.92857142857143,28.57,7
2012-05-17,,26.664285714285715,27.06,27.642857142857142,28.28571428571429,28.658571428571427,7
2012-05-18,,28.15178571428571,28.357142857142854,28.78571428571429,29.314285714285717,29.59,7
2012-05-21,24.25,25.89,26.490000000000002,27.46607142857143,28.364285714285717,28.792857142857144,7
2012-05-22,25.005357142857143,26.55142857142857,27.065714285714286,27.9,28.728571428571428,29.157142857142855,7
2012-05-23,24.910714285714285,26.412857142857145,26.884285714285713,27.573214285714286,28.242857142857144,28.67142857142857,7
2012-05-24,24.4375,26.07857142857143,26.55,27.460714285714285,28.30142857142857,28.687142857142856,7
2012-05-25,24.771428571428572,26.177142857142858,26.569642857142856,27.169642857142858,27.814285714285713,28.2,7
2012-05-29,23.514285714285716,25.02857142857143,25.742857142857144,26.612499999999997,27.37857142857143,27.728571428571428,7
2012-05-30,26.085714285714285,26.978571428571428,27.257142857142856,27.807142857142857,28.3,28.523214285714285,7
2012-05-31,26.482142857142858,27.41857142857143,27.675,28.242857142857144,28.744285714285713,28.896428571428572,7
2012-06-01,28.3,29.16857142857143,29.285714285714285,29.678571428571427,30.034285714285716,30.0375,7
2012-06-04,27.7,28.655714285714286,29.175,29.901785714285715,30.357142857142858,30.392857142857142,7
2012-06-05,26.5375,27.69,28.392857142857142,29.200000000000003,29.71,29.84107142857143,7
2012-06-06,24.599999999999998,26.065714285714286,27.0875,28.185714285714283,28.892857142857142,29.107142857142858,7
2012-06-07,24.416071428571428,25.87,26.950000000000003,28.064285714285713,28.707142857142856,28.973214285714285,7
2012-06-08,23.08214285714286,24.564285714285717,25.689285714285713,26.77678571428571,27.475714285714286,27.775,7
2012-06-11,25.9375,26.958571428571428,27.989285714285714,29.15,29.795714285714286,29.96964285714286,7
2012-06-12,25.1,26.372857142857143,27.564285714285713,28.8125,29.46142857142857,29.682142857142857,7
2012-06-13,26.428571428571427,27.57142857142857,28.685714285714287,29.74642857142857,30.361428571428572,30.583928571428572,7
2012-06-14,24.792857142857144,26.14,27.512500000000003,28.671428571428574,29.27857142857143,29.521428571428572,7
2012-06-15,23.419642857142854,24.884285714285713,26.15357142857143,27.3,27.858571428571427,28.299999999999997,7
2012-06-18,21.8,23.599999999999998,25.28392857142857,26.751785714285717,27.42142857142857,27.892857142857142,7
2012-06-19,21.954285714285714,23.582857142857144,25.239285714285714,26.65,27.37857142857143,27.901785714285715,7
2012-06-20,20.57857142857143,22.507142857142856,24.29107142857143,25.627142857142857,26.441428571428574,27.107142857142854,6
2012-06-21,23.470000000000002,24.67,26.05,26.937142857142856,27.494285714285716,28.03214285714286,6
2012-06-22,22.084285714285716,23.84142857142857,25.526785714285715,26.33142857142857,27.145714285714284,27.9,6
2012-06-25,22.81,24.353571428571428,25.82142857142857,26.704285714285714,27.473214285714285,,6
2012-06-26,22.195714285714285,23.860714285714284,25.351785714285715,26.240000000000002,27.04642857142857,,6
2012-06-27,22.201428571428572,23.857142857142858,25.271428571428572,26.08285714285714,26.75892857142857,,6
2012-06-28,21.90714285714286,23.558928571428574,24.95,25.755714285714287,26.442857142857143,,6
2012-06-29,20.304285714285715,22.314285714285713,23.92142857142857,24.842857142857145,25.548214285714284,,6
2012-07-02,19.15,21.276785714285715,23.09107142857143,24.240000000000002,25.099999999999998,,6
2012-07-03,18.771428571428572,20.84285714285714,22.514285714285712,23.64,24.541071428571428,,6
2012-07-05,19.82,21.67142857142857,23.2,24.134285714285713,24.885714285714286,,6
2012-07-06,19.458571428571428,21.389285714285716,22.889285714285712,23.837142857142858,24.557142857142857,,6
2012-07-09,19.66,21.47142857142857,22.875,23.79285714285714,24.575,,6
2012-07-10,20.475714285714286,22.110714285714284,23.344642857142855,24.099999999999998,24.742857142857144,,6
2012-07-11,19.712857142857143,21.607142857142858,22.964285714285715,23.784285714285716,24.464285714285715,,6
2012-07-12,19.94,21.855357142857144,23.2375,23.992857142857144,24.571428571428573,,6
2012-07-13,18.807142857142857,20.85,22.47142857142857,23.40142857142857,24.073214285714286,,6
2012-07-16,18.900000000000002,20.942857142857143,22.59464285714286,23.521428571428572,24.22142857142857,,6
2012-07-17,18.224285714285713,20.264285714285716,21.989285714285714,22.939999999999998,23.68392857142857,,6
2012-07-18,,20.39107142857143,22.19107142857143,23.07857142857143,23.849999999999998,,5
2012-07-19,,20.010714285714286,21.95,22.85,23.714285714285715,,5
2012-07-20,,20.885714285714286,22.675714285714285,23.447142857142858,24.107142857142854,,5
2012-07-23,20.8,22.414285714285715,23.98,24.580000000000002,,,5
2012-07-24,21.898214285714285,23.339285714285715,24.59285714285714,25.15,,,5
2012-07-25,21.196428571428573,22.664285714285715,24.07857142857143,24.71785714285714,,,5
2012-07-26,19.3375,21.20357142857143,22.790000000000003,23.585714285714285,,,5
2012-07-27,18.892857142857142,21.035714285714285,22.689999999999998,23.569642857142856,,,5
2012-07-30,19.9375,21.78035714285714,23.18285714285714,23.917857142857144,,,5
2012-07-31,20.4,22.16785714285714,23.40857142857143,24.15,,,5
2012-08-01,20.230357142857144,21.998214285714287,23.39,24.264285714285716,,,5
2012-08-02,19.414285714285715,21.514285714285716,23.080000000000002,24.057142857142857,,,5
2012-08-03,18.064285714285713,20.351785714285715,22.05,23.15357142857143,,,5
2012-08-06,17.925,20.17142857142857,21.89857142857143,23.14107142857143,,,5
2012-08-07,18.748214285714283,20.79285714285714,22.314285714285713,23.4,,,5
2012-08-08,18.0,20.089285714285715,21.75,23.035714285714285,,,5
2012-08-09,17.825,20.007142857142856,21.67,22.921428571428574,,,5
2012-08-10,17.764285714285716,19.942857142857143,21.537142857142857,22.787499999999998,,,5
2012-08-13,17.6375,19.933928571428574,21.514285714285716,22.75,,,5
2012-08-14,18.442857142857143,20.58571428571429,22.075714285714287,23.2125,,,5
2012-08-15,18.5,20.741071428571427,22.145714285714284,23.285714285714285,,,5
2012-08-16,18.34285714285714,20.560714285714283,21.94,23.15357142857143,,,5
2012-08-17,17.86785714285714,20.225,21.667142857142856,22.892857142857142,,,5
2012-08-20,18.25,20.597142857142856,22.054285714285715,23.357142857142854,,,5
2012-08-21,18.825,21.0,22.5,23.8,,,5
2012-08-22,19.160714285714285,21.427142857142858,22.755714285714287,,,,4
2012-08-23,19.54642857142857,21.82857142857143,23.2,,,,4
2012-08-24,18.92857142857143,21.5,22.9875,,,,4
2012-08-27,19.425,21.71142857142857,23.035714285714285,,,,4
2012-08-28,19.7,21.92142857142857,23.26964285714286,,,,4
2012-08-29,20.0375,22.187142857142856,23.442857142857143,,,,4
2012-08-30,20.521428571428572,22.53142857142857,23.75,,,,4
2012-08-31,19.833928571428572,21.812857142857144,23.121428571428574,,,,4
2012-09-04,19.775,21.624285714285715,23.021428571428572,,,,4
2012-09-05,19.40714285714286,21.275714285714287,22.614285714285714,,,,4
2012-09-06,17.587500000000002,19.662857142857145,21.275,,,,4
2012-09-07,16.675,18.77857142857143,20.423214285714288,,,,4
2012-09-10,18.0375,19.765714285714285,21.139285714285712,,,,4
2012-09-11,17.975,19.447142857142858,20.832142857142856,,,,4
2012-09-12,17.27857142857143,18.707142857142856,20.04285714285714,,,,4
2012-09-13,16.228571428571428,17.564285714285713,18.8875,,,,4
2012-09-14,17.17857142857143,18.16,19.146428571428572,,,,4
2012-09-17,16.85,18.05,19.053571428571427,,,,4
2012-09-18,16.292857142857144,17.57857142857143,18.95714285714286,,,,4
2012-09-19,16.144285714285715,17.55857142857143,18.95357142857143,,,,3
2012-09-20,16.541428571428572,17.955714285714286,19.2,,,,3
2012-09-21,16.26142857142857,17.847142857142856,,,,,3
2012-09-24,16.240000000000002,17.700000000000003,,,,,3
2012-09-25,17.424285714285713,18.47321428571429,,,,,3
2012-09-26,18.045714285714286,19.049999999999997,,,,,3
2012-09-27,16.571428571428573,17.964285714285715,,,,,3
2012-09-28,16.91857142857143,18.29642857142857,,,,,3
2012-10-01,17.49,18.589285714285715,,,,,3
2012-10-02,17.17857142857143,18.325,,,,,3
2012-10-03,17.048571428571428,18.132142857142856,,,,,3
2012-10-04,16.577142857142857,17.828571428571426,,,,,3
2012-10-05,16.521428571428572,17.714285714285715,,,,,3
2012-10-08,16.8,17.942857142857143,,,,,3
2012-10-09,17.548571428571428,18.475,,,,,3
2012-10-10,17.669999999999998,18.69642857142857,,,,,3
2012-10-11,17.125714285714285,18.194642857142856,,,,,3
2012-10-12,17.614285714285714,18.46428571428571,,,,,3
2012-10-15,16.86,17.889285714285716,,,,,3
2012-10-16,16.535714285714285,17.52142857142857,,,,,3
2012-10-17,,17.3875,,,,,2
2012-10-18,,17.53571428571429,,,,,2
2012-10-19,,18.419642857142858,,,,,2
2012-10-22,17.35,,,,,,2
2012-10-23,19.207142857142856,,,,,,2
2012-10-24,18.775,,,,,,2
2012-10-25,18.364285714285714,,,,,,2
2012-10-26,18.34285714285714,,,,,,2
2012-10-31,19.126785714285713,,,,,,2
2012-11-01,17.257142857142856,,,,,,2
2012-11-02,18.114285714285714,,,,,,2
2012-11-05,18.5,,,,,,2
2012-11-06,17.6125,,,,,,2
2012-11-07,19.22142857142857,,,,,,2
2012-11-08,18.985714285714288,,,,,,2
2012-11-09,19.242857142857144,,,,,,2
2012-11-12,18.0375,,,,,,2
2012-11-13,17.932142857142857,,,,,,2
2012-11-14,18.794642857142858,,,,,,2
2012-11-15,18.99285714285714,,,,,,2
2012-11-16,18.044642857142858,,,,,,2
2012-11-19,16.6,,,,,,2
2012-11-20,,,,,,,2
2013-05-20,15.1,16.29,16.89,17.576785714285716,18.064285714285717,18.492857142857144,9
2013-05-21,15.439285714285715,16.555714285714284,17.11285714285714,17.8,18.38142857142857,18.852857142857143,9
2013-05-22,15.37857142857143,16.485714285714284,17.128571428571426,17.767857142857142,18.292857142857144,18.72142857142857,8
2013-05-23,15.6125,16.67857142857143,17.45,18.02857142857143,18.451428571428572,18.837142857142858,8
2013-05-24,15.642857142857142,16.63714285714286,17.323214285714286,17.998214285714283,18.46428571428571,18.85,8
2013-05-28,15.528571428571428,16.592857142857145,17.31607142857143,17.950000000000003,18.365714285714287,18.728571428571428,9
2013-05-29,15.721428571428572,16.635714285714283,17.289285714285715,17.92857142857143,18.37857142857143,18.735714285714284,9
2013-05-30,15.810714285714287,16.79,17.4,18.010714285714286,18.475714285714286,18.792857142857144,9
2013-05-31,16.482142857142858,17.39142857142857,17.95714285714286,18.510714285714286,18.902857142857144,19.150000000000002,9
2013-06-03,16.5,17.34285714285714,17.985714285714288,18.58214285714286,19.0,19.271428571428572,9
2013-06-04,16.635714285714286,17.44,18.057142857142857,18.65,19.06,19.32857142857143,9
2013-06-05,17.42142857142857,17.982857142857142,18.482142857142858,18.964285714285715,19.32,19.564285714285713,9
2013-06-06,16.975,17.65714285714286,18.275,18.835714285714285,19.23,19.46964285714286,9
2013-06-07,16.507142857142856,17.357142857142858,18.048214285714288,18.65357142857143,19.06714285714286,19.35,9
2013-06-10,16.425,17.225714285714286,17.885714285714286,18.45714285714286,18.85142857142857,19.12142857142857,9
2013-06-11,17.45,17.977142857142855,18.557142857142857,19.0875,19.397142857142857,19.628571428571426,9
2013-06-12,18.496428571428574,18.728571428571428,19.192857142857143,19.664285714285715,19.955714285714286,20.185714285714287,9
2013-06-13,17.57142857142857,18.257142857142856,18.825,19.319642857142856,19.578571428571426,19.792857142857144,9
2013-06-14,18.21964285714286,18.762857142857143,19.29285714285714,19.78571428571429,20.072857142857142,20.3,9
2013-06-17,17.8,18.442857142857143,19.04107142857143,19.58214285714286,19.89,20.164285714285715,9
2013-06-18,17.669999999999998,18.27,18.95357142857143,19.55,19.849999999999998,20.16785714285714,9
2013-06-19,17.595714285714287,18.281428571428574,19.025000000000002,19.562857142857144,19.94857142857143,20.139285714285712,8
2013-06-20,19.63285714285714,19.46142857142857,20.05,20.414285714285715,20.628571428571426,20.842857142857145,8
2013-06-21,19.045714285714286,19.388571428571428,19.912499999999998,20.28,20.580000000000002,20.85,8
2013-06-24,20.18,20.339285714285715,20.871428571428574,21.034285714285716,21.205357142857142,21.405714285714286,9
2013-06-25,19.564285714285713,20.014285714285712,20.603571428571428,20.91,21.160714285714285,21.38,9
2013-06-26,19.042857142857144,19.714285714285715,20.485714285714284,20.86857142857143,21.13214285714286,21.49285714285714,9
2013-06-27,18.442857142857143,19.201785714285716,20.025,20.502857142857142,20.835714285714285,21.161428571428573,9
2013-06-28,18.31714285714286,19.103571428571428,19.992857142857144,20.45,20.753571428571426,21.14,9
2013-07-01,17.97,18.755357142857143,19.635714285714286,20.14857142857143,20.457142857142856,20.842857142857145,9
2013-07-02,17.964285714285715,18.825,19.757142857142856,20.26,20.6125,21.085714285714285,9
2013-07-03,17.752857142857145,18.742857142857144,19.62857142857143,20.164285714285715,20.557142857142857,21.041428571428572,9
2013-07-05,16.72142857142857,18.053571428571427,19.125,19.692857142857143,20.142857142857142,20.72,9
2013-07-08,16.19,17.407142857142855,18.414285714285715,19.014285714285712,19.491071428571427,20.11285714285714,9
2013-07-09,16.074285714285715,17.348214285714285,18.308928571428574,18.85,19.335714285714285,19.987142857142857,9
2013-07-10,15.835714285714287,17.057142857142857,17.985714285714284,18.60857142857143,19.001785714285717,19.615714285714287,9
2013-07-11,15.562857142857144,16.830357142857142,17.724999999999998,18.294285714285714,18.757142857142856,19.414285714285715,9
2013-07-12,15.757142857142856,16.985714285714288,17.889285714285716,18.46142857142857,18.8875,19.54,9
2013-07-15,15.41,16.735714285714284,17.664285714285715,18.174285714285716,18.614285714285714,19.248571428571427,9
2013-07-16,15.865714285714285,17.271428571428572,18.28571428571429,18.79,19.26964285714286,19.85,9
2013-07-17,,16.805357142857144,17.817857142857143,18.347142857142856,18.835714285714285,19.494285714285713,8
2013-07-18,,16.79642857142857,17.85,18.32142857142857,18.757142857142856,19.41714285714286,8
2013-07-19,,16.442857142857143,17.57,18.17,18.714285714285715,19.35,8
2013-07-22,14.7,16.27857142857143,17.38,17.98,18.572857142857142,19.25857142857143,9
2013-07-23,14.70357142857143,16.2625,17.3,17.9,18.492857142857144,19.135714285714286,9
2013-07-24,14.9,16.349999999999998,17.37,17.96785714285714,18.514285714285712,19.157142857142855,9
2013-07-25,14.65,16.0875,17.09,17.692857142857143,18.335714285714285,18.978571428571428,9
2013-07-26,14.649999999999999,16.075,17.06,17.65357142857143,18.214285714285715,18.9,9
2013-07-29,14.975,16.255357142857143,17.12,17.717857142857145,18.31,18.914285714285715,9
2013-07-30,14.700000000000001,16.057142857142857,16.957142857142856,17.575,18.142857142857142,18.77857142857143,9
2013-07-31,14.382142857142858,15.773214285714287,16.61,17.22142857142857,17.849999999999998,18.448214285714286,9
2013-08-01,14.117857142857144,15.47857142857143,16.35,16.976785714285715,17.585714285714285,18.228571428571428,9
2013-08-02,13.739285714285714,15.160714285714286,16.071428571428573,16.696428571428573,17.324285714285715,18.0,9
2013-08-05,13.75,15.049999999999999,15.911428571428571,16.555357142857144,17.192857142857143,17.882142857142856,9
2013-08-06,14.176785714285714,15.4875,16.307142857142857,16.924999999999997,17.565714285714286,18.235714285714288,9
2013-08-07,14.407142857142858,15.692857142857143,16.45,17.017857142857142,17.614285714285714,18.257142857142856,9
2013-08-08,14.221428571428572,15.5625,16.32,16.914285714285715,17.535714285714285,18.15535714285714,9
2013-08-09,14.610714285714286,15.842857142857143,16.571428571428573,17.15357142857143,17.75714285714286,18.375,9
2013-08-12,14.5875,15.8625,16.621428571428574,17.20714285714286,17.790000000000003,18.383928571428573,9
2013-08-13,14.514285714285714,15.97142857142857,16.78142857142857,17.375,17.992857142857144,18.603571428571428,9
2013-08-14,14.82857142857143,16.22142857142857,17.005714285714287,17.632142857142856,18.23,18.823214285714286,9
2013-08-15,15.535714285714285,16.771428571428572,17.450000000000003,18.051785714285714,18.685714285714283,19.257142857142856,9
2013-08-16,15.476785714285715,16.660714285714285,17.32142857142857,17.92142857142857,18.557142857142857,19.1625,9
2013-08-19,15.95,16.945714285714285,17.63142857142857,18.182142857142857,18.779999999999998,19.414285714285715,9
2013-08-20,15.6875,16.764285714285712,17.407142857142855,17.95,18.549999999999997,19.14107142857143,9
2013-08-21,16.16071428571429,17.029999999999998,17.63,18.018571428571427,18.575714285714284,19.160714285714285,8
2013-08-22,15.551785714285714,16.49285714285714,17.05,17.487142857142857,18.044285714285717,18.630357142857143,8
2013-08-23,15.35,16.37,16.964285714285715,17.405714285714286,17.962857142857143,18.55,8
2013-08-26,16.0625,16.854285714285712,17.357142857142858,17.82,18.41785714285714,18.95,9
2013-08-27,17.4,18.04285714285714,18.453571428571426,18.83,19.38214285714286,19.85185185185185,9
2013-08-28,17.542857142857144,18.09142857142857,18.46428571428571,18.84857142857143,19.398214285714285,19.883333333333333,9
2013-08-29,17.564285714285717,18.12142857142857,18.5375,18.967142857142857,19.521428571428572,20.038888888888888,9
2013-08-30,17.755357142857143,18.335714285714285,18.735714285714284,19.135714285714286,19.67142857142857,20.116666666666667,9
2013-09-03,17.27857142857143,17.917142857142856,18.32857142857143,18.759999999999998,19.294642857142858,19.762962962962963,9
2013-09-04,17.185714285714287,17.832857142857144,18.21607142857143,18.650000000000002,19.210714285714285,19.677777777777777,9
2013-09-05,17.007142857142856,17.725714285714286,18.175,18.67,19.226785714285715,19.692592592592593,9
2013-09-06,17.142857142857142,17.9,18.333928571428572,18.765714285714285,19.314285714285717,19.807407407407407,9
2013-09-09,16.55,17.292857142857144,17.775,18.3,18.84107142857143,19.333333333333332,9
2013-09-10,16.092857142857145,16.89857142857143,17.319642857142856,17.88,18.542857142857144,19.066666666666666,9
2013-09-11,15.535714285714286,16.428571428571427,16.95,17.552857142857142,18.214285714285715,18.80185185185185,9
2013-09-12,15.657142857142858,16.46857142857143,17.037499999999998,17.642857142857142,18.285714285714285,18.87037037037037,9
2013-09-13,15.692857142857143,16.455714285714286,17.00357142857143,17.64857142857143,18.307142857142857,18.88888888888889,9
2013-09-16,15.55,16.32142857142857,16.851785714285715,17.517142857142858,18.132142857142856,18.73888888888889,9
2013-09-17,15.474285714285713,16.202857142857145,16.764285714285716,17.400000000000002,18.04285714285714,18.61296296296296,9
2013-09-18,14.768571428571429,15.797142857142857,16.382142857142856,17.02142857142857,17.664285714285715,18.23148148148148,8
2013-09-19,14.848571428571429,15.834285714285715,16.55,17.15,17.74107142857143,18.25,8
2013-09-20,15.131428571428572,16.117142857142856,16.824285714285715,17.552857142857142,18.25357142857143,18.81206896551724,8
2013-09-23,15.559999999999999,16.44642857142857,17.135714285714286,17.77857142857143,18.46851851851852,18.998275862068965,9
2013-09-24,15.324285714285715,16.314285714285713,16.964285714285715,17.65,18.38703703703704,18.910344827586208,9
2013-09-25,15.345714285714285,16.29285714285714,16.995714285714286,17.723214285714285,18.41111111111111,18.96206896551724,9
2013-09-26,15.128571428571428,16.057142857142857,16.73,17.49642857142857,18.181481481481484,18.73448275862069,9
2013-09-27,15.767142857142858,16.467857142857145,17.08285714285714,17.769642857142856,18.433333333333334,18.882758620689657,9
2013-09-30,16.48,17.044642857142858,17.57,18.17857142857143,18.78333333333333,19.213793103448275,9
2013-10-01,15.792857142857143,16.482142857142858,17.157142857142855,17.825,18.5,18.96551724137931,9
2013-10-02,16.60142857142857,17.037499999999998,17.52857142857143,18.17142857142857,18.76666666666667,19.18448275862069,9
2013-10-03,17.347142857142856,17.57857142857143,17.990000000000002,18.510714285714286,19.012962962962963,19.394827586206898,9
2013-10-04,16.902857142857144,17.1625,17.671428571428574,18.314285714285717,18.877777777777776,19.255172413793105,9
2013-10-07,18.41,18.321428571428573,18.582857142857144,19.035714285714285,19.416666666666668,19.736206896551725,9
2013-10-08,19.211428571428574,19.008928571428573,19.275714285714287,19.75,20.127777777777776,20.413793103448278,9
2013-10-09,18.751428571428573,18.79642857142857,19.164285714285715,19.64107142857143,20.00740740740741,20.306896551724137,9
2013-10-10,16.708571428571428,17.257142857142856,17.9,18.542857142857144,19.03333333333333,19.40344827586207,9
2013-10-11,16.2,16.79285714285714,17.42142857142857,18.03392857142857,18.53148148148148,18.91551724137931,9
2013-10-14,16.5,17.101785714285715,17.7,18.22142857142857,18.594444444444445,18.951724137931034,9
2013-10-15,17.454285714285714,17.599999999999998,18.132857142857144,18.5625,18.86296296296296,19.124137931034483,9
2013-10-16,,16.442857142857143,17.244285714285713,17.92142857142857,18.45,18.872413793103448,8
2013-10-17,,15.525,16.64,17.392857142857142,17.87037037037037,18.286206896551725,8
2013-10-18,,15.217857142857143,16.327142857142857,17.192857142857143,17.733333333333334,18.15,8
2013-10-21,14.6,15.565714285714286,16.55142857142857,17.276785714285715,17.77758620689655,18.18857142857143,9
2013-10-22,14.633928571428571,15.652857142857144,16.681428571428572,17.45,17.896551724137932,18.345714285714287,9
2013-10-23,14.760714285714284,15.69857142857143,16.812857142857144,17.614814814814817,18.055172413793102,18.457142857142856,9
2013-10-24,14.557142857142857,15.628571428571428,16.7,17.483333333333334,17.97758620689655,18.41857142857143,9
2013-10-25,14.642857142857142,15.722857142857142,16.826785714285716,17.605555555555558,18.132758620689657,18.53,9
2013-10-28,14.787500000000001,15.847142857142858,16.964285714285715,17.76111111111111,18.27413793103448,18.664285714285715,9
2013-10-29,14.75,15.885714285714286,17.001785714285717,17.816666666666666,18.305172413793102,18.725714285714286,9
2013-10-30,14.871428571428572,15.974285714285715,17.07142857142857,17.848148148148148,18.370689655172413,18.787142857142857,9
2013-10-31,14.857142857142858,15.962857142857143,17.0625,17.883333333333333,18.41551724137931,18.798571428571428,9
2013-11-01,14.901785714285714,16.082857142857144,17.157142857142855,18.003703703703703,18.529310344827586,18.93,9
2013-11-04,14.524999999999999,15.74,16.873214285714287,17.738888888888887,18.325862068965517,18.744285714285713,9
2013-11-05,14.642857142857142,15.88,17.00714285714286,17.86111111111111,18.44310344827586,18.855714285714285,9
2013-11-06,14.414285714285713,15.695714285714285,16.84107142857143,17.683333333333334,18.229310344827585,18.67142857142857,9
2013-11-07,14.948214285714286,16.132857142857144,17.2,18.005555555555556,18.57758620689655,18.978571428571428,9
2013-11-08,14.403571428571428,15.707142857142857,16.85892857142857,17.677777777777777,18.279310344827586,18.69,9
2013-11-11,14.3875,15.867142857142856,17.060714285714283,17.881481481481483,18.406896551724138,18.774285714285714,9
2013-11-12,14.489285714285714,15.93142857142857,17.128571428571426,17.955555555555556,18.47241379310345,18.90714285714286,9
2013-11-13,14.4,15.935714285714285,17.2,18.11111111111111,18.637931034482758,19.07142857142857,9
2013-11-14,14.378571428571428,15.937142857142856,17.2625,18.146296296296295,18.743103448275864,19.147142857142857,9
2013-11-15,14.2,15.854285714285714,17.20357142857143,18.116666666666667,18.71206896551724,19.11,9
2013-11-18,14.3,15.885714285714284,17.266071428571426,18.1,18.615714285714287,19.087142857142855,9
2013-11-19,14.554285714285713,16.18285714285714,17.46785714285714,18.217241379310344,18.725714285714286,19.11142857142857,9
2013-11-20,14.255714285714285,15.84142857142857,17.10892857142857,17.93793103448276,18.492857142857144,18.92142857142857,8
2013-11-21,13.854285714285714,15.397142857142857,16.7,17.506896551724136,18.062857142857144,18.534285714285716,8
2013-11-22,13.782857142857143,15.154285714285713,16.479629629629628,17.325862068965517,17.87857142857143,18.35,8
2013-11-25,13.93,15.139285714285714,16.418518518518518,17.2448275862069,17.837142857142858,18.348214285714285,9
2013-11-26,14.035714285714286,15.139285714285714,16.44814814814815,17.251724137931035,17.80428571428571,18.321428571428573,9
2013-11-27,14.17142857142857,15.27142857142857,16.477777777777778,17.286206896551725,17.857142857142858,18.339285714285715,9
2013-11-29,14.327142857142857,15.407142857142858,16.58703703703704,17.358620689655172,17.888571428571428,18.3625,9
2013-12-02,14.66,15.553571428571429,16.625925925925927,17.34137931034483,17.857142857142858,18.360714285714284,9
2013-12-03,15.014285714285714,15.857142857142858,16.81111111111111,17.45862068965517,17.928571428571427,18.376785714285713,9
2013-12-04,14.775714285714287,15.8125,16.787037037037035,17.398275862068967,17.842857142857145,18.292857142857144,9
2013-12-05,15.011428571428572,15.907142857142857,16.812962962962963,17.413793103448278,17.83142857142857,18.258928571428573,9
2013-12-06,14.49,15.4875,16.43888888888889,17.060344827586206,17.548571428571428,18.025,9
2013-12-09,14.38,15.371428571428572,16.266666666666666,16.898275862068967,17.332857142857144,17.803571428571427,9
2013-12-10,14.547142857142857,15.507142857142858,16.392592592592592,16.97931034482759,17.42857142857143,17.889285714285716,9
2013-12-11,15.26142857142857,16.060714285714283,16.918518518518518,17.45689655172414,17.892857142857142,18.355357142857144,9
2013-12-12,15.468571428571428,16.144642857142856,16.955555555555556,17.51379310344828,17.92142857142857,18.40714285714286,9
2013-12-13,15.5,16.214285714285715,17.07037037037037,17.587931034482757,17.947142857142858,18.3875,9
2013-12-16,15.78,16.448214285714286,17.24814814814815,17.73448275862069,18.08142857142857,18.45,9
2013-12-17,15.67,16.27857142857143,17.025925925925925,17.55,17.935714285714287,18.3125,9
2013-12-18,,15.4375,16.35,16.912857142857142,17.298571428571428,17.814285714285717,8
2013-12-19,,15.517857142857142,16.520689655172415,17.125714285714288,17.51142857142857,17.98392857142857,8
2013-12-20,,15.414285714285713,16.391379310344828,16.992857142857144,17.42142857142857,17.9,8
2013-12-23,13.9,15.07037037037037,16.070689655172412,16.735714285714284,17.16785714285714,17.703571428571426,9
2013-12-24,13.442857142857143,14.716666666666667,15.78448275862069,16.39,16.78214285714286,17.27857142857143,9
2013-12-26,13.517857142857142,14.694444444444445,15.729310344827587,16.341428571428573,16.814285714285713,17.317857142857143,9
2013-12-27,13.835714285714285,14.872222222222222,15.851724137931035,16.45714285714286,16.92142857142857,17.3875,9
2013-12-30,14.1375,15.166666666666666,16.06896551724138,16.635714285714286,17.07857142857143,17.59642857142857,9
2013-12-31,14.178571428571429,15.064814814814815,15.891379310344828,16.47,16.944642857142856,17.426785714285714,9
2014-01-02,14.503571428571428,15.427777777777779,16.21034482758621,16.728571428571428,17.176785714285714,17.682142857142857,9
2014-01-03,14.383928571428571,15.333333333333334,16.13103448275862,16.667142857142856,17.12142857142857,17.625,9
2014-01-06,14.325,15.224074074074075,15.975862068965517,16.485714285714284,16.941071428571426,17.48392857142857,9
2014-01-07,14.07857142857143,14.985185185185186,15.713793103448277,16.2,16.685714285714283,17.22142857142857,9
2014-01-08,14.128571428571428,14.983333333333333,15.684482758620689,16.195714285714285,16.642857142857142,17.173214285714288,9
2014-01-09,14.196428571428571,15.112962962962962,15.805172413793104,16.31142857142857,16.789285714285715,17.307142857142857,9
2014-01-10,13.925,14.966666666666667,15.675862068965518,16.21142857142857,16.67142857142857,17.212500000000002,9
2014-01-13,14.3625,15.274074074074075,15.937931034482759,16.50142857142857,17.00357142857143,17.57142857142857,9
2014-01-14,13.885714285714286,15.033333333333333,15.801724137931034,16.37,16.869642857142857,17.485714285714288,9
2014-01-15,13.971428571428572,15.075925925925926,15.874137931034483,16.43857142857143,17.021428571428572,17.610714285714284,9
2014-01-16,14.178571428571429,15.166666666666666,15.95,16.50714285714286,17.046428571428574,17.630357142857143,9
2014-01-17,14.164285714285715,15.3,16.068571428571428,16.625714285714285,17.210714285714285,17.75,9
2014-01-21,14.137037037037036,15.217241379310344,16.04285714285714,16.6,17.139285714285716,17.689999999999998,9
2014-01-22,13.920370370370371,14.929310344827586,15.67,16.267857142857142,16.803571428571427,17.314285714285713,8
2014-01-23,14.283333333333333,15.094827586206897,15.790000000000001,16.389285714285716,16.97142857142857,17.485714285714284,8
2014-01-24,16.2,16.332758620689656,16.864285714285714,17.298214285714284,17.789285714285715,18.28,8
2014-01-27,16.13888888888889,16.387931034482758,16.791428571428572,17.20714285714286,17.742857142857144,18.2,9
2014-01-28,15.303703703703704,15.758620689655173,16.271428571428572,16.725,17.276785714285715,17.775714285714287,9
2014-01-29,16.416666666666664,16.594827586206897,16.93,17.25,17.642857142857142,18.02,9
2014-01-30,16.63148148148148,16.73448275862069,17.08,17.462500000000002,17.857142857142858,18.23,9
2014-01-31,17.49814814814815,17.374137931034483,17.507142857142856,17.72142857142857,18.0,18.32,9
2014-02-03,18.88888888888889,18.51206896551724,18.501428571428573,18.619642857142857,18.833928571428572,19.047142857142855,9
2014-02-04,18.483333333333334,18.412068965517243,18.53142857142857,18.700000000000003,18.97142857142857,19.202857142857145,9
2014-02-05,18.91296296296296,18.81551724137931,18.935714285714287,19.133928571428573,19.432142857142857,19.658571428571427,9
2014-02-06,17.0,17.24137931034483,17.62,18.0,18.40714285714286,18.72142857142857,9
2014-02-07,15.766666666666667,16.33448275862069,16.782857142857143,17.223214285714285,17.705357142857142,18.03,9
2014-02-10,15.805555555555555,16.34655172413793,16.807142857142857,17.235714285714288,17.70357142857143,18.04,9
2014-02-11,15.253703703703705,15.860344827586207,16.358571428571427,16.799999999999997,17.310714285714283,17.65,9
2014-02-12,14.933333333333334,15.672413793103448,16.25142857142857,16.79285714285714,17.328571428571426,17.66,9
2014-02-13,14.91111111111111,15.601724137931035,16.21,16.71964285714286,17.201785714285716,17.52,9
2014-02-14,14.662962962962963,15.424137931034481,16.07142857142857,16.628571428571426,17.164285714285715,17.48,9
2014-02-18,14.494827586206895,15.168571428571429,15.854285714285714,16.4,16.917142857142856,17.174285714285713,9
2014-02-19,15.441379310344828,15.874285714285715,16.431428571428572,16.914285714285715,17.325714285714287,17.582857142857144,8
2014-02-20,15.01206896551724,15.492857142857144,16.05,16.682142857142857,17.134285714285717,17.39142857142857,8
2014-02-21,15.201724137931034,15.561428571428571,16.117857142857144,16.65357142857143,17.150000000000002,17.45,8
2014-02-24,15.110344827586207,15.567142857142857,16.12857142857143,16.70714285714286,17.191428571428574,17.548214285714284,9
2014-02-25,15.024137931034483,15.485714285714286,16.048214285714284,16.6375,17.152857142857144,17.507142857142856,9
2014-02-26,15.420689655172414,15.854285714285714,16.417857142857144,16.992857142857144,17.45,17.771428571428572,9
2014-02-27,15.270689655172413,15.790000000000001,16.4,17.026785714285715,17.525714285714287,17.885714285714286,9
2014-02-28,15.436206896551724,15.959999999999999,16.57142857142857,17.178571428571427,17.637142857142855,18.0,9
2014-03-03,16.625862068965517,16.81,17.196428571428573,17.708928571428572,18.1,18.442857142857143,9
2014-03-04,15.375862068965517,15.964285714285715,16.607142857142858,17.225,17.66,18.00714285714286,9
2014-03-05,15.413793103448276,15.985714285714286,16.605357142857144,17.22142857142857,17.67,18.021428571428572,9
2014-03-06,15.360344827586207,15.93,16.55,17.164285714285715,17.58,17.9125,9
2014-03-07,15.729310344827587,16.192857142857143,16.744642857142857,17.333928571428572,17.712857142857143,18.05,9
2014-03-10,15.755172413793105,16.26142857142857,16.835714285714285,17.40714285714286,17.73857142857143,18.0625,9
2014-03-11,15.986206896551725,16.51142857142857,17.039285714285715,17.575,17.897142857142857,18.257142857142856,9
2014-03-12,15.837931034482757,16.414285714285715,16.992857142857144,17.582142857142856,17.905714285714286,18.271428571428572,9
2014-03-13,16.6,16.934285714285714,17.3875,17.869642857142857,18.128571428571426,18.45,9
2014-03-14,17.162068965517243,17.215714285714284,17.564285714285713,17.992857142857144,18.272857142857145,18.575,9
2014-03-17,16.15,16.53571428571429,16.957142857142856,17.43392857142857,17.740000000000002,18.099999999999998,9
2014-03-18,15.618571428571428,16.175714285714285,16.760714285714286,17.3,17.557142857142857,17.957142857142856,8
2014-03-19,16.02857142857143,16.457142857142856,16.93392857142857,17.408571428571427,17.665714285714284,17.978571428571428,8
2014-03-20,15.788571428571428,16.174285714285713,16.7,17.22,17.52,17.8875,8
2014-03-21,16.05142857142857,16.437142857142856,16.96607142857143,17.42142857142857,17.635714285714283,18.0,8
2014-03-24,16.05,16.485714285714284,17.014285714285712,17.442857142857143,17.662499999999998,18.025714285714287,9
2014-03-25,15.825714285714286,16.314285714285713,16.948214285714286,17.459999999999997,17.724999999999998,18.084285714285716,9
2014-03-26,16.204285714285714,16.72142857142857,17.257142857142856,17.707142857142856,17.932142857142857,18.235714285714284,9
2014-03-27,15.935714285714285,16.498214285714283,17.0875,17.577142857142857,17.842857142857145,18.15142857142857,9
2014-03-28,15.804285714285713,16.367857142857144,16.95714285714286,17.435714285714287,17.72142857142857,18.1,9
2014-03-31,15.43,16.026785714285715,16.616071428571427,17.09857142857143,17.464285714285715,17.835714285714285,9
2014-04-01,14.907142857142857,15.664285714285715,16.28571428571429,16.78,17.194642857142856,17.61,9
2014-04-02,15.034285714285714,15.785714285714285,16.428571428571427,16.92142857142857,17.29285714285714,17.67,9
2014-04-03,14.911428571428571,15.657142857142857,16.275,16.732857142857142,17.126785714285713,17.51142857142857,9
2014-04-04,15.312857142857142,15.982142857142858,16.544642857142858,16.94571428571429,17.271428571428572,17.62,9
2014-04-07,15.8,16.228571428571428,16.753571428571426,17.15,17.514285714285712,17.845714285714287,9
2014-04-08,15.527142857142858,16.053571428571427,16.589285714285715,16.96,17.32857142857143,17.68,9
2014-04-09,15.124285714285714,15.803571428571429,16.42857142857143,16.82,17.192857142857143,17.54,9
2014-04-10,16.124285714285715,16.419642857142858,16.875,17.197142857142858,17.525,17.849999999999998,9
2014-04-11,16.707142857142856,16.792857142857144,17.125,17.405714285714286,17.7375,18.06,9
2014-04-14,16.56,16.814285714285717,17.207142857142856,17.442857142857143,17.775000000000002,18.09,9
2014-04-15,16.304285714285715,16.62142857142857,17.114285714285714,17.349999999999998,17.6875,18.0,9
2014-04-16,,16.301785714285714,16.78392857142857,17.04857142857143,17.4,17.71,8
2014-04-17,,16.064285714285717,16.7,17.0,17.40714285714286,17.72,8
2014-04-21,15.4,16.09285714285714,16.695714285714285,17.03857142857143,17.46,17.76,9
2014-04-22,15.271428571428572,15.919642857142858,16.571428571428573,17.0,17.42285714285714,17.765714285714285,9
2014-04-23,15.428571428571429,15.892857142857144,16.544285714285714,17.017857142857142,17.534285714285716,17.877142857142857,9
2014-04-24,15.558928571428572,16.139285714285716,16.64,17.03214285714286,17.49,17.79,9
2014-04-25,15.685714285714285,16.29642857142857,16.752857142857142,17.142857142857146,17.55,17.85,9
2014-04-28,15.375,16.060714285714287,16.525714285714287,16.90714285714286,17.38,17.67142857142857,9
2014-04-29,15.2,15.878571428571428,16.37142857142857,16.8125,17.252857142857142,17.57857142857143,9
2014-04-30,15.241071428571429,15.946428571428571,16.417142857142856,16.82857142857143,17.264285714285712,17.59464285714286,9
2014-05-01,15.20357142857143,15.942857142857143,16.4,16.844642857142855,17.259999999999998,17.553571428571427,9
2014-05-02,15.273214285714285,16.05892857142857,16.514285714285716,16.978571428571428,17.42,17.7125,9
2014-05-05,15.1,15.885714285714286,16.357142857142858,16.83214285714286,17.271428571428572,17.589285714285715,9
2014-05-06,15.3125,16.103571428571428,16.544285714285714,16.975,17.405714285714286,17.748214285714283,9
2014-05-07,15.0,15.803571428571429,16.285714285714285,16.767857142857142,17.194285714285712,17.52857142857143,9
2014-05-08,15.057142857142857,15.823214285714286,16.3,16.785714285714285,17.205714285714286,17.539285714285715,9
2014-05-09,14.789285714285715,15.592857142857143,16.095714285714287,16.573214285714286,16.967142857142857,17.299999999999997,9
2014-05-12,14.475,15.33392857142857,15.878571428571428,16.442857142857143,16.85142857142857,17.151785714285715,9
2014-05-13,14.560714285714285,15.407142857142857,15.90857142857143,16.462500000000002,16.862857142857145,17.192857142857143,9
2014-05-14,14.482142857142858,15.375,15.951428571428572,16.532142857142855,16.958571428571428,17.26964285714286,9
2014-05-15,14.728571428571428,15.50357142857143,16.029999999999998,16.560714285714283,16.97142857142857,17.314285714285713,9
2014-05-16,14.5,15.373214285714287,15.897142857142857,16.47142857142857,16.847142857142856,17.2125,9
2014-05-19,14.35,15.137142857142857,15.694285714285714,16.280357142857145,16.672857142857143,17.05,9
2014-05-20,14.426785714285714,15.21,15.81,16.35,16.735714285714288,17.067857142857143,9
2014-05-21,14.167857142857143,15.11857142857143,15.632857142857143,16.214285714285715,16.642857142857142,16.978571428571428,8
2014-05-22,14.162500000000001,15.185714285714285,15.7,16.375714285714288,16.76142857142857,17.1375,8
2014-05-23,14.064285714285715,15.17,15.771428571428572,16.392857142857146,16.821428571428573,17.15,8
2014-05-27,13.792857142857143,14.864285714285714,15.525,16.200000000000003,16.62857142857143,17.021428571428572,9
2014-05-28,13.867857142857142,14.985714285714286,15.660714285714286,16.364285714285714,16.7875,17.135714285714286,9
2014-05-29,13.8,14.974285714285713,15.675,16.341428571428573,16.8,17.142857142857146,9
2014-05-30,13.889285714285714,15.097142857142858,15.8,16.47142857142857,16.9625,17.3,9
2014-06-02,13.975,15.138571428571428,15.875,16.52285714285714,17.014285714285712,17.371428571428574,9
2014-06-03,14.076785714285714,15.114285714285714,15.842857142857143,16.52,16.978571428571428,17.32857142857143,9
2014-06-04,13.971428571428572,14.935714285714287,15.648214285714287,16.307142857142857,16.810714285714287,17.185714285714287,9
2014-06-05,13.5,14.511428571428572,15.325,16.047142857142855,16.557142857142857,16.892857142857142,9
2014-06-06,12.835714285714285,13.842857142857143,14.732142857142858,15.465714285714286,15.992857142857144,16.375,9
2014-06-09,13.1375,14.074285714285715,14.97857142857143,15.67142857142857,16.191071428571426,16.551785714285714,9
2014-06-10,12.992857142857144,13.935714285714285,14.894642857142857,15.62,16.15714285714286,16.54285714285714,9
2014-06-11,13.321428571428571,14.142857142857142,15.042857142857143,15.771428571428572,16.323214285714286,16.70357142857143,9
2014-06-12,14.014285714285714,14.707142857142857,15.5375,16.177142857142858,16.689285714285713,17.064285714285713,9
2014-06-13,13.708928571428572,14.417142857142856,15.346428571428572,15.995714285714286,16.505357142857143,16.875,9
2014-06-16,13.8,14.4,15.303571428571429,15.940000000000001,16.45357142857143,16.849999999999998,9
2014-06-17,13.474285714285713,14.202857142857143,15.135714285714284,15.799999999999999,16.360714285714284,16.7625,9
2014-06-18,12.757142857142856,13.614285714285714,14.7125,15.371428571428572,15.971428571428572,16.32857142857143,8
2014-06-19,12.885714285714286,13.742857142857144,14.75,15.392857142857142,15.991071428571429,16.435714285714283,8
2014-06-20,13.014285714285714,13.871428571428572,14.822857142857144,15.508571428571429,16.110714285714284,16.55,8
2014-06-23,12.82,13.764285714285714,14.697142857142858,15.425714285714285,16.014285714285712,16.455714285714283,9
2014-06-24,13.294285714285714,14.041071428571428,14.914285714285715,15.6,16.174999999999997,16.574285714285715,9
2014-06-25,12.894285714285715,13.721428571428572,14.595714285714285,15.321428571428573,15.942857142857143,16.400000000000002,9
2014-06-26,12.992857142857142,13.751785714285713,14.6,15.239285714285714,15.807142857142857,16.27,9
2014-06-27,12.917142857142858,13.692857142857143,14.594285714285714,15.308928571428572,15.871428571428572,16.34,9
2014-06-30,12.809999999999999,13.623214285714285,14.45142857142857,15.128571428571428,15.714285714285714,16.2,9
2014-07-01,12.507142857142858,13.371428571428572,14.241428571428571,14.9375,15.494642857142857,16.02,9
2014-07-02,12.384285714285713,13.25357142857143,14.097142857142858,14.77142857142857,15.342857142857142,15.857142857142858,9
2014-07-03,12.285714285714286,13.185714285714285,14.02,14.676785714285714,15.207142857142857,15.728571428571428,9
2014-07-07,12.690000000000001,13.535714285714286,14.337142857142858,15.005357142857143,15.514285714285714,16.064285714285713,9
2014-07-08,12.84,13.616071428571427,14.384285714285713,15.025,15.528571428571428,16.085714285714285,9
2014-07-09,12.644285714285713,13.39642857142857,14.185714285714285,14.871428571428572,15.392857142857144,15.93,9
2014-07-10,13.24,13.825000000000001,14.47,15.064285714285715,15.525,16.05,9
2014-07-11,13.042857142857143,13.7,14.371428571428572,14.95357142857143,15.421428571428573,15.97,9
2014-07-14,12.61,13.325,14.02142857142857,14.678571428571429,15.125,15.714285714285714,9
2014-07-15,12.862857142857143,13.557142857142857,14.17,14.7625,15.1875,15.785714285714286,9
2014-07-16,,13.503571428571428,14.217142857142857,14.871428571428572,15.257142857142858,15.857142857142858,8
2014-07-17,,14.210714285714285,14.690000000000001,15.210714285714287,15.523214285714287,16.05142857142857,8
2014-07-18,,13.674999999999999,14.280000000000001,14.87142857142857,15.228571428571428,15.809999999999999,8
2014-07-21,13.4,13.981428571428571,14.452857142857143,15.030357142857143,15.371428571428572,16.014285714285716,9
2014-07-22,13.025,13.755714285714285,14.312857142857142,14.95,15.34,15.94,9
2014-07-23,13.107142857142858,13.924285714285714,14.481428571428571,15.112499999999999,15.51,16.11,9
2014-07-24,13.291071428571428,14.135714285714286,14.65,15.221428571428572,15.58,16.18,9
2014-07-25,13.614285714285714,14.394285714285715,14.867857142857142,15.382142857142856,15.742857142857144,16.3,9
2014-07-28,13.55,14.304285714285715,14.821428571428571,15.303571428571429,15.66,16.25892857142857,9
2014-07-29,13.664285714285713,14.342857142857142,14.789285714285713,15.2625,15.629999999999999,16.228571428571428,9
2014-07-30,13.79107142857143,14.457142857142857,14.896428571428572,15.321428571428571,15.7,16.298214285714284,9
2014-07-31,15.307142857142857,15.585714285714285,15.8375,16.132142857142856,16.404285714285713,16.95714285714286,9
2014-08-01,16.06964285714286,16.155714285714286,16.335714285714285,16.603571428571428,16.905714285714286,17.4375,9
2014-08-04,15.149999999999999,15.51,15.8375,16.142857142857142,16.55,17.128571428571426,9
2014-08-05,16.176785714285714,16.32142857142857,16.6,16.825000000000003,17.124285714285715,17.646428571428572,9
2014-08-06,16.257142857142856,16.42857142857143,16.7125,16.98035714285714,17.341428571428573,17.84285714285714,9
2014-08-07,16.65,16.81285714285714,17.125,17.357142857142858,17.708571428571428,18.208928571428572,9
2014-08-08,16.09642857142857,16.32142857142857,16.691071428571426,17.021428571428572,17.425714285714285,17.95,9
2014-08-11,15.175,15.62857142857143,16.121428571428574,16.442857142857143,16.94,17.503571428571426,9
2014-08-12,15.042857142857143,15.527142857142858,16.039285714285715,16.3875,16.91,17.47142857142857,9
2014-08-13,14.248214285714287,14.864285714285716,15.514285714285714,15.935714285714285,16.48,17.073214285714286,9
2014-08-14,13.764285714285714,14.42,15.0875,15.57857142857143,16.150000000000002,16.70714285714286,9
2014-08-15,13.830357142857142,14.401428571428571,15.060714285714285,15.542857142857143,16.15714285714286,16.725,9
2014-08-18,13.4,14.042857142857143,14.730357142857143,15.185714285714285,15.862857142857143,16.47142857142857,9
2014-08-19,13.517142857142858,14.03142857142857,14.657142857142857,15.1,15.785714285714286,16.39107142857143,9
2014-08-20,13.54,14.139999999999999,14.778571428571428,15.219999999999999,15.82,16.410714285714285,8
2014-08-21,13.464285714285715,14.107142857142858,14.8,15.245714285714286,15.93142857142857,16.482142857142858,8
2014-08-22,13.585714285714285,14.228571428571428,14.864285714285714,15.314285714285715,15.957142857142857,16.55,8
2014-08-25,13.51,14.196428571428571,14.857142857142858,15.328571428571427,15.969642857142857,16.542857142857144,9
2014-08-26,13.655714285714286,14.414285714285715,15.030357142857142,15.55,16.189285714285713,16.757142857142856,9
2014-08-27,13.781428571428572,14.535714285714285,15.146428571428572,15.682857142857143,16.35892857142857,16.92142857142857,9
2014-08-28,13.842857142857142,14.566071428571428,15.2,15.705714285714286,16.371428571428574,16.885714285714286,9
2014-08-29,14.035714285714286,14.689285714285715,15.299999999999999,15.764285714285714,16.389285714285716,16.9,9
2014-09-02,14.135714285714286,14.882142857142858,15.471428571428572,15.979999999999999,16.560714285714283,17.037499999999998,9
2014-09-03,13.957142857142857,14.755357142857143,15.35892857142857,15.9,16.496428571428574,17.0,9
2014-09-04,13.987142857142857,14.728571428571428,15.325,15.870000000000001,16.446428571428573,16.9125,9
2014-09-05,13.714285714285714,14.525,15.0875,15.614285714285714,16.214285714285715,16.7,9
2014-09-08,13.89,14.621428571428572,15.125,15.678571428571429,16.267857142857142,16.74285714285714,9
2014-09-09,14.290000000000001,14.85357142857143,15.2875,15.82,16.414285714285715,16.90714285714286,9
2014-09-10,14.225714285714286,14.821428571428571,15.285714285714286,15.840000000000002,16.43392857142857,16.92142857142857,9
2014-09-11,14.201428571428572,14.873214285714287,15.3125,15.892857142857142,16.47142857142857,16.935714285714287,9
2014-09-12,14.585714285714287,15.121428571428572,15.525,16.080000000000002,16.639285714285716,17.1,9
2014-09-15,15.04,15.528571428571428,15.9125,16.451428571428572,16.95357142857143,17.392857142857142,9
2014-09-16,14.168571428571429,14.87142857142857,15.367857142857144,16.04,16.610714285714284,17.057142857142857,9
2014-09-17,,14.875,15.383928571428571,16.02142857142857,16.578571428571426,17.067857142857143,8
2014-09-18,,14.746428571428572,15.3,15.985714285714288,16.59107142857143,16.9875,8
2014-09-19,,14.92142857142857,15.421428571428573,16.064285714285713,16.660714285714285,17.1,8
2014-09-22,14.9,15.471428571428572,15.83,16.43,16.9625,17.34285714285714,9
2014-09-23,15.417857142857143,15.932142857142857,16.29285714285714,16.85,17.371428571428574,17.7,9
2014-09-24,14.700000000000001,15.414285714285715,15.928571428571429,16.567857142857143,17.09285714285714,17.5125,9
2014-09-25,15.832142857142857,16.14464285714286,16.470000000000002,16.982142857142858,17.45,17.825,9
2014-09-26,15.42142857142857,15.914285714285715,16.31,16.90357142857143,17.4125,17.7875,9
2014-09-29,16.325,16.614285714285714,16.93857142857143,17.446428571428573,17.9,18.275,9
2014-09-30,16.4,16.70357142857143,17.02285714285714,17.5625,18.0125,18.3875,9
2014-10-01,16.948214285714286,17.10892857142857,17.422857142857143,17.942857142857143,18.425,18.8,9
2014-10-02,16.639285714285716,16.90714285714286,17.29,17.810714285714283,18.287499999999998,18.6625,9
2014-10-03,15.435714285714285,15.9625,16.45,17.02857142857143,17.5,17.9,9
2014-10-06,15.975,16.37142857142857,16.834285714285713,17.382142857142856,17.8375,18.24285714285714,9
2014-10-07,17.15357142857143,17.291071428571428,17.64857142857143,18.125,18.521428571428572,18.875,9
2014-10-08,15.507142857142856,15.925,16.478571428571428,17.067857142857143,17.5125,17.92142857142857,9
2014-10-09,17.07857142857143,17.067857142857143,17.400000000000002,17.885714285714286,18.29285714285714,18.65,9
2014-10-10,19.060714285714283,18.507142857142856,18.701428571428572,19.03214285714286,19.353571428571428,19.675,9
2014-10-13,21.325000000000003,20.151785714285715,20.071428571428573,20.20714285714286,20.36785714285714,20.614285714285714,9
2014-10-14,19.99642857142857,19.235714285714284,19.298571428571428,19.5375,19.682142857142857,19.923214285714284,9
2014-10-15,22.430357142857144,21.1625,20.934285714285714,20.9,20.9,21.132142857142856,9
2014-10-16,21.228571428571428,20.21428571428571,20.189999999999998,20.323214285714286,20.439285714285713,20.642857142857142,9
2014-10-17,20.0625,19.323214285714286,19.38285714285714,19.52857142857143,19.689285714285713,19.95,9
2014-10-20,18.3,18.372857142857143,18.715714285714284,19.087500000000002,19.3125,19.654285714285713,9
2014-10-21,16.958928571428572,17.259999999999998,17.86,18.35,18.575,18.917142857142856,9
2014-10-22,18.09642857142857,18.112857142857145,18.584285714285716,18.90535714285714,19.08214285714286,19.371428571428574,8
2014-10-23,17.3,17.392857142857142,17.95,18.410714285714285,18.6,18.925714285714285,8
2014-10-24,16.964285714285715,17.17,17.764285714285712,18.17142857142857,18.4125,18.74,8
2014-10-27,16.925,17.017142857142858,17.564285714285713,17.99285714285714,18.25,18.557142857142857,9
2014-10-28,15.757142857142856,16.114285714285714,16.748214285714283,17.275,17.6125,17.92857142857143,9
2014-10-29,16.3,16.52,17.09642857142857,17.521428571428572,17.84285714285714,18.185714285714287,9
2014-10-30,16.20357142857143,16.54,17.1375,17.630357142857143,17.957142857142856,18.29285714285714,9
2014-10-31,15.898214285714287,16.32857142857143,16.97142857142857,17.525,17.92142857142857,18.27,9
2014-11-03,16.1,16.59285714285714,17.235714285714288,17.739285714285714,18.0875,18.395714285714288,9
2014-11-04,16.064285714285713,16.638571428571428,17.307142857142857,17.799999999999997,18.15,18.454285714285714,9
2014-11-05,15.642857142857144,16.337142857142858,17.051785714285714,17.5875,17.962500000000002,18.262857142857143,9
2014-11-06,15.23392857142857,15.938571428571429,16.675,17.2,17.639285714285716,17.97142857142857,9
2014-11-07,15.25,16.014285714285712,16.72142857142857,17.24285714285714,17.67142857142857,18.009999999999998,9
2014-11-10,14.712499999999999,15.541428571428572,16.3,16.835714285714285,17.303571428571427,17.64,9
2014-11-11,14.689285714285713,15.432857142857141,16.174999999999997,16.7,17.210714285714285,17.55,9
2014-11-12,15.057142857142857,15.735714285714286,16.414285714285715,16.914285714285715,17.428571428571427,17.76,9
2014-11-13,15.428571428571429,16.07,16.775,17.27857142857143,17.796428571428574,18.12,9
2014-11-14,15.198214285714286,15.84,16.510714285714286,17.03571428571429,17.517857142857142,17.83,9
2014-11-17,15.35,15.907142857142857,16.580357142857142,17.083928571428572,17.56142857142857,17.904285714285713,9
2014-11-18,15.32,15.92,16.65,17.15,17.622857142857143,17.965714285714284,9
2014-11-19,15.542857142857143,16.185714285714287,16.876785714285713,17.36607142857143,17.834285714285716,18.177142857142858,8
2014-11-20,15.227142857142857,15.998571428571429,16.75,17.235714285714284,17.74,18.04,8
2014-11-21,15.075714285714286,16.01857142857143,16.814285714285717,17.253571428571426,17.75,18.05,8
2014-11-24,14.81,15.910714285714285,16.764285714285712,17.267857142857142,17.78,18.08214285714286,9
2014-11-25,14.758571428571429,15.896428571428572,16.789285714285715,17.3375,17.852857142857143,18.185714285714283,9
2014-11-26,14.572857142857142,15.778571428571428,16.667857142857144,17.257142857142856,17.764285714285712,18.103571428571428,9
2014-11-28,15.195714285714285,16.12142857142857,16.87857142857143,17.396428571428572,17.87,18.175,9
2014-12-01,16.02,16.875,17.50714285714286,17.982142857142858,18.37857142857143,18.639285714285716,9
2014-12-02,14.807142857142857,15.871428571428572,16.664285714285715,17.2,17.632857142857144,17.948214285714286,9
2014-12-03,14.89,15.98392857142857,16.708928571428572,17.244642857142857,17.694285714285712,18.02857142857143,9
2014-12-04,14.678571428571427,15.835714285714285,16.6,17.135714285714286,17.555714285714288,17.889285714285716,9
2014-12-05,14.5,15.79107142857143,16.59464285714286,17.18392857142857,17.59,17.9,9
2014-12-08,15.569999999999999,16.578571428571426,17.189285714285713,17.70714285714286,18.07,18.382142857142856,9
2014-12-09,15.685714285714285,16.575,17.121428571428574,17.6625,18.029999999999998,18.34285714285714,9
2014-12-10,17.63,17.975,18.27857142857143,18.664285714285715,18.92142857142857,19.169642857142858,9
2014-12-11,19.134285714285713,19.21785714285714,19.325000000000003,19.59642857142857,19.792857142857144,20.02857142857143,9
2014-12-12,19.27857142857143,19.364285714285714,19.52857142857143,19.807142857142857,19.961428571428574,20.15,9
2014-12-15,18.92,19.07857142857143,19.28392857142857,19.685714285714283,19.865714285714283,20.114285714285714,9
2014-12-16,20.614285714285714,20.1,20.05357142857143,20.25,20.378571428571426,20.57857142857143,9
2014-12-17,,18.09642857142857,18.294642857142858,18.708571428571428,18.965714285714284,19.232142857142858,8
2014-12-18,,17.571428571428573,17.8,18.164285714285715,18.378571428571426,18.641071428571426,8
2014-12-19,,17.128571428571426,17.5625,17.92142857142857,18.135714285714283,18.4,8
2014-12-22,16.425,17.049999999999997,17.432142857142857,17.817857142857143,18.034821428571426,18.327857142857145,9
2014-12-23,15.95357142857143,16.78392857142857,17.35535714285714,17.795,18.09642857142857,18.415,9
2014-12-24,16.275000000000002,16.989285714285714,17.47142857142857,17.916428571428572,18.25446428571429,18.553571428571427,9
2014-12-26,15.924999999999999,16.6375,17.2,17.689285714285713,18.02857142857143,18.355,9
2014-12-29,16.2375,16.853571428571428,17.321428571428573,17.77357142857143,18.110714285714284,18.425,9
2014-12-30,16.59642857142857,17.15,17.567857142857143,17.965,18.271428571428572,18.600714285714286,9
2014-12-31,18.089285714285715,18.28392857142857,18.491071428571427,18.732142857142858,18.964285714285715,19.245,9
2015-01-02,17.982142857142858,18.34107142857143,18.635714285714286,18.920714285714286,19.182142857142857,19.435,9
2015-01-05,19.1625,19.271428571428572,19.485714285714284,19.689285714285713,19.85535714285714,20.07071428571429,9
2015-01-06,19.767857142857142,19.64464285714286,19.760714285714286,19.9,20.05,20.26642857142857,9
2015-01-07,18.77857142857143,18.789285714285715,19.021428571428572,19.24142857142857,19.44642857142857,19.68785714285714,9
2015-01-08,17.735714285714284,17.910714285714285,18.2,18.439285714285713,18.685714285714283,18.960714285714285,9
2015-01-09,18.65714285714286,18.710714285714285,19.01964285714286,19.22,19.376785714285713,19.59,9
2015-01-12,19.425,19.29285714285714,19.45357142857143,19.590714285714284,19.723214285714285,19.92142857142857,9
2015-01-13,19.821428571428573,19.639285714285716,19.717857142857145,19.805,19.90714285714286,20.103571428571428,9
2015-01-14,20.0,19.651785714285715,19.72142857142857,19.80785714285714,19.910714285714285,20.110714285714288,9
2015-01-15,20.875,20.40357142857143,20.325,20.325,20.369642857142857,20.529285714285713,9
2015-01-16,20.178571428571427,20.02857142857143,20.07785714285714,20.16357142857143,20.22142857142857,20.425,9
2015-01-20,20.12142857142857,20.035714285714285,20.139285714285716,20.225,20.28642857142857,20.457857142857144,9
2015-01-21,18.885714285714286,19.067857142857143,19.350714285714286,19.47857142857143,19.59642857142857,19.810714285714283,8
2015-01-22,17.901785714285715,18.205357142857142,18.625,18.84285714285714,19.103571428571428,19.317857142857143,8
2015-01-23,18.396428571428572,18.599999999999998,18.932142857142857,19.151785714285715,19.410714285714285,19.625,8
2015-01-26,17.325000000000003,17.801785714285714,18.285,18.599999999999998,18.943571428571428,19.196428571428573,9
2015-01-27,17.932142857142857,18.235714285714284,18.627857142857142,18.9,19.202142857142857,19.446428571428573,9
2015-01-28,20.3625,20.18392857142857,20.330714285714286,20.482142857142858,20.682142857142857,20.84285714285714,9
2015-01-29,19.003571428571426,19.00357142857143,19.255,19.455357142857142,19.70357142857143,19.896428571428572,9
2015-01-30,20.720535714285713,20.273214285714285,20.310714285714287,20.37857142857143,20.535,20.66875,9
2015-02-02,19.8,19.710714285714285,19.826428571428572,19.944642857142856,20.110714285714284,20.260714285714286,9
2015-02-03,18.982142857142858,19.257142857142856,19.483571428571427,19.674999999999997,19.889285714285712,20.044642857142858,9
2015-02-04,19.803571428571427,19.95357142857143,20.082142857142856,20.205357142857142,20.372142857142858,20.517857142857142,9
2015-02-05,18.917857142857144,19.3125,19.56,19.75,19.95357142857143,20.098214285714285,9
2015-02-06,19.416071428571428,19.728571428571428,19.86285714285714,20.006249999999998,20.15642857142857,20.275,9
2015-02-09,19.85,20.130357142857143,20.24642857142857,20.382142857142856,20.519285714285715,20.60535714285714,9
2015-02-10,19.02678571428571,19.492857142857144,19.717142857142857,19.90625,20.065,20.189285714285717,9
2015-02-11,18.958928571428572,19.432142857142857,19.629285714285714,19.832142857142856,20.012142857142855,20.142857142857142,9
2015-02-12,18.03214285714286,18.689285714285717,19.025000000000002,19.325892857142858,19.607142857142858,19.789285714285715,9
2015-02-13,17.973214285714285,18.51160714285714,18.815,19.089285714285715,19.36642857142857,19.58125,9
2015-02-17,18.266964285714288,18.755000000000003,19.055,19.375,19.589285714285715,19.75892857142857,9
2015-02-18,17.926785714285714,18.642857142857146,18.964285714285715,19.235000000000003,19.535,19.714285714285715,8
2015-02-19,17.72142857142857,18.582142857142856,18.925,19.294999999999998,19.595,19.769642857142856,8
2015-02-20,17.057142857142857,17.94857142857143,18.439285714285717,18.859285714285715,19.20214285714286,19.375,8
2015-02-23,17.2625,18.11642857142857,18.575,18.943571428571428,19.28035714285714,19.454464285714288,9
2015-02-24,16.46785714285714,17.482142857142858,17.94642857142857,18.355,18.689285714285717,18.917857142857144,9
2015-02-25,16.826785714285716,17.81642857142857,18.2,18.566428571428574,18.89107142857143,19.078571428571426,9
2015-02-26,16.54285714285714,17.629285714285714,18.0125,18.365,18.65357142857143,18.889285714285712,9
2015-02-27,16.43392857142857,17.542142857142856,17.925,18.275,18.560714285714283,18.8,9
2015-03-02,16.15,17.180714285714288,17.5625,17.923571428571428,18.232142857142858,18.491071428571427,9
2015-03-03,16.605357142857144,17.519285714285715,17.83214285714286,18.135,18.423214285714284,18.642857142857142,9
2015-03-04,16.639285714285712,17.505,17.791071428571428,18.085714285714285,18.3625,18.58214285714286,9
2015-03-05,16.3875,17.292142857142856,17.6,17.896428571428572,18.18839285714286,18.441071428571426,9
2015-03-06,17.22142857142857,17.91785714285714,18.10535714285714,18.29642857142857,18.489285714285714,18.7125,9
2015-03-09,17.1375,17.772142857142857,18.003571428571426,18.24642857142857,18.482142857142858,18.757142857142856,9
2015-03-10,18.064285714285713,18.495,18.634821428571428,18.84,19.021428571428572,19.267857142857142,9
2015-03-11,18.29285714285714,18.703571428571426,18.882142857142856,19.08214285714286,19.26607142857143,19.494642857142857,9
2015-03-12,17.20357142857143,17.79642857142857,18.150000000000002,18.422142857142855,18.65357142857143,18.939285714285713,9
2015-03-13,17.71964285714286,18.183571428571426,18.432142857142857,18.680714285714284,18.910714285714285,19.2,9
2015-03-16,17.475,17.94642857142857,18.20357142857143,18.45642857142857,18.682142857142857,18.982142857142858,9
2015-03-17,17.390714285714285,17.862142857142857,18.20357142857143,18.465,18.648214285714285,18.987499999999997,9
2015-03-18,16.579285714285714,17.39357142857143,17.764285714285712,18.106428571428573,18.389285714285716,18.70357142857143,8
2015-03-19,16.623571428571427,17.609285714285715,18.025,18.367857142857144,18.603571428571428,18.914285714285715,8
2015-03-20,16.340714285714288,17.583571428571428,18.03642857142857,18.379285714285714,18.564285714285713,18.925,8
2015-03-23,16.384999999999998,17.65357142857143,18.070714285714285,18.41357142857143,18.585714285714285,18.896428571428572,9
2015-03-24,16.263571428571428,17.623214285714283,18.075,18.375,18.59642857142857,18.90357142857143,9
2015-03-25,16.960714285714285,18.132142857142856,18.52642857142857,18.78035714285714,18.951785714285716,19.210714285714285,9
2015-03-26,16.860714285714288,17.90535714285714,18.345,18.635714285714286,18.817857142857143,19.109285714285715,9
2015-03-27,16.696428571428573,17.821428571428573,18.255,18.551785714285714,18.8375,19.165,9
2015-03-30,16.415,17.551785714285714,18.08214285714286,18.478571428571428,18.760714285714286,19.060714285714287,9
2015-03-31,16.939285714285713,18.003571428571426,18.445,18.725,18.97142857142857,19.269285714285715,9
2015-04-01,16.779285714285713,17.910714285714285,18.423571428571428,18.746428571428574,19.05,19.34357142857143,9
2015-04-02,16.52357142857143,17.75357142857143,18.325,18.705357142857142,19.0125,19.336428571428574,9
2015-04-03,17.13642857142857,18.228571428571428,18.732142857142858,19.064285714285717,19.353571428571428,19.625,9
2015-04-06,16.385,17.525,18.05642857142857,18.391071428571426,18.739285714285714,19.07071428571429,9
2015-04-07,16.40642857142857,17.5,18.019285714285715,18.35,18.675,19.005,9
2015-04-08,16.07357142857143,17.271428571428572,17.889285714285712,18.3125,18.6875,19.015,9
2015-04-09,15.515,16.819642857142856,17.485,17.95357142857143,18.414285714285715,18.80357142857143,9
2015-04-10,14.85357142857143,16.175,16.915000000000003,17.433035714285715,17.92232142857143,18.315,9
2015-04-13,15.725,16.85535714285714,17.41785714285714,17.860714285714288,18.289285714285715,18.649285714285714,9
2015-04-14,15.27357142857143,16.610714285714284,17.295,17.8125,18.31517857142857,18.66785714285714,9
2015-04-15,,16.441071428571426,17.15357142857143,17.678571428571427,18.203571428571426,18.609285714285715,8
2015-04-16,,16.37857142857143,17.155,17.694642857142856,18.176785714285714,18.533571428571427,8
2015-04-17,,16.832142857142856,17.49642857142857,17.96785714285714,18.489285714285714,18.805,8
2015-04-20,15.175,16.620714285714286,17.306428571428572,17.760714285714286,18.28642857142857,18.629285714285714,9
2015-04-21,15.175,16.593571428571426,17.279285714285713,17.725,18.250714285714288,18.63642857142857,9
2015-04-22,15.025,16.422142857142855,17.150714285714287,17.618750000000002,18.16357142857143,18.549285714285713,9
2015-04-23,14.880357142857143,16.29642857142857,17.025,17.514285714285716,18.076428571428572,18.462142857142858,9
2015-04-24,14.846428571428572,16.320714285714285,17.041071428571428,17.53392857142857,18.08928571428571,18.475,9
2015-04-27,15.4625,16.667857142857144,17.289285714285715,17.792857142857144,18.316428571428574,18.651785714285715,9
2015-04-28,14.903571428571428,16.21785714285714,16.914285714285715,17.45,17.940714285714286,18.310714285714283,9
2015-04-29,15.525,16.72642857142857,17.360714285714284,17.83214285714286,18.339285714285715,18.678571428571427,9
2015-04-30,15.917857142857143,16.882142857142856,17.475,17.951785714285712,18.435,18.739285714285714,9
2015-05-01,15.064285714285713,16.290714285714284,16.95357142857143,17.489285714285714,18.029285714285713,18.4,9
2015-05-04,15.225,16.340714285714284,16.97142857142857,17.53035714285714,18.039285714285715,18.432142857142857,9
2015-05-05,15.92142857142857,16.865,17.396428571428572,17.875,18.30785714285714,18.623214285714283,9
2015-05-06,16.246428571428574,17.009285714285713,17.510714285714286,17.992857142857144,18.419285714285714,18.732142857142858,9
2015-05-07,16.0625,16.827857142857145,17.35,17.860714285714284,18.30642857142857,18.641071428571426,9
2015-05-08,15.3875,16.42142857142857,17.04285714285714,17.60892857142857,18.055714285714284,18.3875,9
2015-05-11,16.0125,16.867857142857144,17.414285714285715,17.96785714285714,18.37642857142857,18.707142857142856,9
2015-05-12,15.803571428571429,16.707857142857144,17.280357142857145,17.837500000000002,18.270714285714288,18.617857142857144,9
2015-05-13,15.639285714285714,16.532142857142855,17.132142857142856,17.707142857142856,18.099285714285713,18.445535714285715,9
2015-05-14,15.353571428571428,16.330714285714286,16.9875,17.617857142857144,18.04642857142857,18.425,9
2015-05-15,15.326785714285714,16.219285714285714,16.896428571428572,17.49642857142857,17.94642857142857,18.3,9
2015-05-18,14.975,15.874999999999998,16.560714285714287,17.20357142857143,17.597857142857144,17.974999999999998,9
2015-05-19,14.903571428571428,15.760714285714286,16.432142857142857,17.075,17.503571428571426,17.8875,9
2015-05-20,14.937857142857142,15.880714285714285,16.529464285714287,17.139285714285716,17.567857142857143,17.950000000000003,8
2015-05-21,14.427857142857142,15.456428571428571,16.175,16.830000000000002,17.28,17.6625,8
2015-05-22,14.573571428571428,15.687857142857142,16.396428571428572,17.022142857142857,17.49357142857143,17.875,8
2015-05-26,15.165000000000001,16.03392857142857,16.623214285714283,17.175,17.599999999999998,17.946428571428573,9
2015-05-27,14.820714285714287,15.767857142857144,16.45357142857143,17.039285714285715,17.46785714285714,17.851785714285715,9
2015-05-28,14.832142857142857,15.832142857142857,16.4875,17.10357142857143,17.525000000000002,17.86785714285714,9
2015-05-29,15.002142857142857,15.953571428571427,16.59642857142857,17.16785714285714,17.5875,17.925,9
2015-06-01,15.055,15.967857142857143,16.59107142857143,17.129285714285714,17.560714285714287,17.84642857142857,9
2015-06-02,15.367857142857142,16.239285714285714,16.882142857142856,17.425,17.821428571428573,18.103571428571428,9
2015-06-03,14.969285714285714,15.930357142857144,16.603571428571428,17.16071428571429,17.617857142857144,17.939285714285713,9
2015-06-04,15.509285714285713,16.34285714285714,16.987499999999997,17.503571428571426,17.892857142857142,18.16785714285714,9
2015-06-05,15.367857142857142,16.276785714285715,16.973214285714285,17.517857142857142,17.925,18.225,9
2015-06-08,15.854999999999999,16.617857142857144,17.228571428571428,17.710714285714285,18.1125,18.366071428571427,9
2015-06-09,15.595,16.429464285714285,17.116071428571427,17.655,18.075,18.321428571428573,9
2015-06-10,14.893571428571429,15.907142857142858,16.639285714285712,17.202142857142857,17.6375,17.910714285714285,9
2015-06-11,14.622142857142858,15.667857142857143,16.45,17.052142857142858,17.53214285714286,17.817857142857143,9
2015-06-12,15.039285714285715,15.875,16.625,17.220714285714287,17.662499999999998,17.925,9
2015-06-15,15.915,16.476785714285715,17.110714285714288,17.599285714285717,18.0,18.24642857142857,9
2015-06-16,15.525714285714287,16.228571428571428,16.92857142857143,17.415,17.853571428571428,18.103571428571428,9
2015-06-17,,16.294642857142858,17.001785714285713,17.439285714285713,17.867857142857144,18.064285714285713,8
2015-06-18,,15.857142857142858,16.625,17.139285714285716,17.582142857142856,17.817857142857143,8
2015-06-19,,16.29285714285714,16.940714285714286,17.412142857142857,17.8,17.975,8
2015-06-22,14.525,15.628571428571428,16.393571428571427,16.907857142857143,17.333928571428572,17.62642857142857,9
2015-06-23,14.117857142857142,15.360714285714286,16.16785714285714,16.725,17.192857142857143,17.499285714285715,9
2015-06-24,14.649999999999999,15.732142857142858,16.469285714285714,16.939285714285717,17.34642857142857,17.614285714285714,9
2015-06-25,14.732142857142858,15.75,16.445,16.95,17.307142857142857,17.615714285714287,9
2015-06-26,14.660714285714286,15.625,16.300714285714285,16.773214285714285,17.210714285714285,17.505,9
2015-06-29,17.3875,17.505357142857143,17.75357142857143,17.978571428571428,18.189285714285717,18.396428571428572,9
2015-06-30,17.339285714285715,17.464285714285715,17.727857142857143,17.975,18.14107142857143,18.33214285714286,9
2015-07-01,16.005357142857143,16.332142857142856,16.705,17.010714285714286,17.27857142857143,17.580714285714286,9
2015-07-02,16.960714285714285,17.142857142857142,17.400000000000002,17.62232142857143,17.794642857142858,18.029285714285713,9
2015-07-06,17.3,17.54642857142857,17.790714285714284,17.98125,18.101785714285715,18.392142857142858,9
2015-07-07,16.5125,16.917857142857144,17.265,17.55,17.70357142857143,18.033571428571427,9
2015-07-08,18.28214285714286,18.223214285714285,18.29285714285714,18.37857142857143,18.425,18.669285714285714,9
2015-07-09,18.73392857142857,18.64107142857143,18.655,18.70357142857143,18.757142857142856,19.03214285714286,9
2015-07-10,17.03214285714286,17.460714285714285,17.763571428571428,17.96607142857143,18.09285714285714,18.455000000000002,9
2015-07-13,15.299999999999999,16.10892857142857,16.58214285714286,16.939285714285713,17.142857142857142,17.620714285714286,9
2015-07-14,15.253571428571428,16.174999999999997,16.683571428571426,17.05,17.248214285714283,17.739285714285714,9
2015-07-15,15.104464285714286,15.997321428571428,16.499285714285715,16.880357142857143,17.142857142857142,17.620714285714286,9
2015-07-16,14.253571428571428,15.357142857142858,16.025000000000002,16.503571428571426,16.798214285714284,17.326428571428572,9
2015-07-17,14.264285714285714,15.389285714285714,15.984285714285715,16.507142857142856,16.807142857142857,17.345000000000002,9
2015-07-20,14.225,15.241428571428571,15.862857142857143,16.383035714285715,16.695,17.295,9
2015-07-21,14.260714285714286,15.289285714285715,15.932142857142857,16.475,16.812142857142856,17.369285714285716,9
2015-07-22,14.257142857142858,15.410714285714285,16.053571428571427,16.584821428571427,16.907857142857143,17.48642857142857,8
2015-07-23,14.398214285714285,15.532142857142858,16.175,16.642857142857142,16.949285714285715,17.50642857142857,8
2015-07-24,15.028571428571428,15.915714285714287,16.4875,16.851785714285715,17.160714285714285,17.675,8
2015-07-27,15.9125,16.440714285714286,16.817857142857143,17.1125,17.392857142857142,17.917857142857144,9
2015-07-28,14.689285714285715,15.675,16.246428571428574,16.6375,17.005,17.582142857142856,9
2015-07-29,14.492857142857142,15.626428571428571,16.271428571428572,16.696428571428573,17.060714285714287,17.59642857142857,9
2015-07-30,14.425,15.582142857142856,16.2,16.65535714285714,17.044999999999998,17.599999999999998,9
2015-07-31,14.505357142857143,15.603571428571428,16.210714285714285,16.648214285714285,17.047857142857143,17.575000000000003,9
2015-08-03,14.5,15.467857142857143,16.051785714285714,16.464285714285715,16.90357142857143,17.435714285714287,9
2015-08-04,14.714285714285714,15.589285714285714,16.167857142857144,16.575000000000003,17.022142857142857,17.551785714285714,9
2015-08-05,14.639285714285714,15.560714285714287,16.15714285714286,16.558928571428574,16.990714285714287,17.49642857142857,9
2015-08-06,15.051785714285714,15.777857142857142,16.299999999999997,16.69642857142857,17.13357142857143,17.633928571428573,9
2015-08-07,14.885714285714286,15.625,16.139285714285712,16.507142857142856,16.977857142857143,17.5,9
2015-08-10,14.549999999999999,15.417142857142856,16.005357142857143,16.40714285714286,16.924285714285716,17.448214285714286,9
2015-08-11,15.260714285714286,15.920714285714286,16.396428571428572,16.75,17.252142857142857,17.732142857142858,9
2015-08-12,15.105357142857143,15.810714285714285,16.34642857142857,16.671428571428574,17.170714285714286,17.646428571428572,9
2015-08-13,14.946428571428571,15.669285714285714,16.25,16.600892857142856,17.132142857142856,17.610714285714288,9
2015-08-14,15.033928571428572,15.665,16.21785714285714,16.539285714285715,17.039285714285715,17.51875,9
2015-08-17,15.025,15.625,16.171428571428574,16.538392857142856,17.109285714285715,17.610714285714288,9
2015-08-18,15.199285714285715,15.927857142857142,16.442857142857143,16.775,17.289285714285715,17.776785714285715,9
2015-08-19,15.759285714285713,16.27357142857143,16.710714285714285,16.99214285714286,17.50642857142857,17.946428571428573,8
2015-08-20,17.325,17.325,17.475,17.60642857142857,18.07785714285714,18.462500000000002,8
2015-08-21,19.754285714285714,18.661428571428573,18.323214285714286,18.309285714285714,18.65214285714286,19.025,8
2015-08-24,24.6,22.40892857142857,21.150000000000002,20.69142857142857,20.647321428571427,20.585714285714285,9
2015-08-25,24.690714285714286,22.432142857142857,21.333928571428572,20.8,20.8,20.807142857142857,9
2015-08-26,23.146428571428572,21.367857142857144,20.585714285714285,20.08642857142857,20.130357142857143,20.183928571428574,9
2015-08-27,23.425,21.40714285714286,20.6125,20.245,20.382142857142856,20.430357142857144,9
2015-08-28,23.623571428571427,21.767857142857142,21.267857142857142,21.057142857142857,21.204464285714284,21.2375,9
2015-08-31,25.225,23.175892857142856,22.443749999999998,22.162142857142857,22.246428571428574,22.291071428571428,9
2015-09-01,28.05357142857143,25.414285714285715,24.364285714285714,23.95,23.958035714285714,23.935714285714287,9
2015-09-02,25.015,23.619642857142857,23.01607142857143,22.839285714285715,22.960714285714285,23.00357142857143,9
2015-09-03,24.775,23.660714285714285,23.1625,23.01857142857143,23.139285714285716,23.18839285714286,9
2015-09-04,26.86785714285714,25.322321428571428,24.37142857142857,23.975714285714286,23.91785714285714,23.825,9
2015-09-08,23.965,23.3625,22.851785714285715,22.75,22.84285714285714,22.84285714285714,9
2015-09-09,24.77357142857143,23.839285714285715,23.19642857142857,23.072142857142858,23.115178571428572,23.09107142857143,9
2015-09-10,23.791428571428572,23.1375,22.6875,22.640714285714285,22.739285714285714,22.775,9
2015-09-11,23.175,22.78214285714286,22.430357142857144,22.47,22.626785714285713,22.675,9
2015-09-14,23.045,22.710714285714285,22.40714285714286,22.452142857142857,22.553571428571427,22.575,9
2015-09-15,20.79357142857143,20.61785714285714,20.626785714285713,20.865000000000002,21.130357142857143,21.264285714285712,9
2015-09-16,,19.220535714285713,19.27410714285714,19.565,19.882142857142856,20.017857142857142,8
2015-09-17,,20.099999999999998,19.975,20.189285714285717,20.425892857142856,20.522321428571427,8
2015-09-18,,20.994642857142857,20.806428571428572,20.999285714285712,21.1875,21.275,8
2015-09-21,19.675,19.82857142857143,19.909285714285716,20.166428571428572,20.42857142857143,20.54642857142857,9
2015-09-22,21.751785714285713,21.098214285714285,20.90357142857143,21.075,21.275,21.303571428571427,9
2015-09-23,21.09285714285714,20.65357142857143,20.559285714285714,20.732142857142858,20.927678571428572,20.989285714285714,9
2015-09-24,21.8,21.14375,21.045,21.235714285714288,21.382142857142856,21.467857142857145,9
2015-09-25,22.232142857142858,21.605357142857144,21.40142857142857,21.59107142857143,21.720535714285717,21.745,9
2015-09-28,23.7375,22.548214285714288,22.190714285714286,22.246428571428574,22.310714285714283,22.317857142857143,9
2015-09-29,23.53214285714286,22.514285714285716,22.259285714285713,22.3625,22.475,22.522142857142857,9
2015-09-30,22.735714285714284,21.9875,21.849285714285713,22.03214285714286,22.175,22.260714285714286,9
2015-10-01,21.939285714285717,21.35,21.36,21.597321428571426,21.779464285714287,21.908571428571427,9
2015-10-02,20.839285714285715,20.463392857142857,20.58928571428571,20.882142857142856,21.117857142857144,21.295,9
2015-10-05,19.675,19.50357142857143,19.730714285714285,20.064285714285717,20.305357142857144,20.545,9
2015-10-06,20.110714285714288,19.925,20.142142857142858,20.4625,20.671428571428574,20.879285714285714,9
2015-10-07,19.30357142857143,19.20714285714286,19.482142857142858,19.8625,20.085714285714285,20.315,9
2015-10-08,18.485714285714284,18.694642857142856,19.075,19.489285714285714,19.7625,20.025,9
2015-10-09,18.30357142857143,18.625,19.10214285714286,19.5375,19.810714285714287,20.085,9
2015-10-12,17.0625,17.585714285714285,18.139285714285712,18.664285714285715,18.976785714285715,19.31642857142857,9
2015-10-13,18.589285714285715,18.889285714285716,19.333571428571428,19.7,19.898214285714285,20.139285714285716,9
2015-10-14,18.65357142857143,19.082142857142856,19.587857142857143,19.980357142857144,20.178571428571427,20.478571428571428,9
2015-10-15,17.089285714285715,17.662499999999998,18.32,18.84464285714286,19.103571428571428,19.433571428571426,9
2015-10-16,16.970535714285713,17.701785714285716,18.387857142857143,18.91071428571429,19.1375,19.49,9
2015-10-19,15.95,16.82642857142857,17.597857142857144,18.15714285714286,18.43642857142857,18.779285714285713,9
2015-10-20,17.04642857142857,17.693571428571428,18.379285714285714,18.875,19.14785714285714,19.490714285714283,9
2015-10-21,18.25357142857143,18.693571428571428,19.207857142857144,19.580357142857142,19.761428571428574,20.125714285714285,8
2015-10-22,16.110714285714284,16.95,17.7,18.192857142857143,18.47357142857143,18.837857142857143,8
2015-10-23,16.689285714285717,17.362142857142857,18.041071428571428,18.501785714285717,18.78571428571429,19.15,8
2015-10-26,17.075,17.730714285714285,18.392857142857142,18.848214285714285,19.127857142857142,19.501785714285717,9
2015-10-27,16.675,17.410714285714285,18.08482142857143,18.5375,18.827857142857145,19.15357142857143,9
2015-10-28,16.248214285714287,17.107857142857142,17.821428571428573,18.246428571428574,18.539285714285715,18.860714285714284,9
2015-10-29,16.460714285714285,17.266428571428573,17.9625,18.455357142857142,18.750714285714285,19.057142857142857,9
2015-10-30,16.9,17.640714285714285,18.317857142857143,18.746428571428574,19.012142857142855,19.325,9
2015-11-02,16.25,17.03642857142857,17.72142857142857,18.164285714285715,18.49642857142857,18.814285714285717,9
2015-11-03,16.55357142857143,17.337857142857143,17.989285714285714,18.4,18.730714285714285,19.05357142857143,9
2015-11-04,17.125,17.810714285714287,18.383928571428573,18.758928571428573,19.045,19.310714285714287,9
2015-11-05,16.510714285714286,17.286428571428573,17.950000000000003,18.396428571428572,18.730714285714285,19.041071428571428,9
2015-11-06,16.189285714285717,17.00357142857143,17.708035714285714,18.17232142857143,18.530714285714286,18.85,9
2015-11-09,17.3625,17.869285714285713,18.364285714285714,18.703571428571426,19.02642857142857,19.26607142857143,9
2015-11-10,16.775000000000002,17.439285714285717,18.048214285714288,18.45,18.80428571428571,19.09464285714286,9
2015-11-11,17.267857142857142,17.80357142857143,18.33214285714286,18.710714285714285,19.049285714285713,19.34464285714286,9
2015-11-12,18.70357142857143,19.022142857142857,19.424999999999997,19.689285714285717,19.975,20.146428571428572,9
2015-11-13,19.923214285714284,20.067857142857143,20.321428571428573,20.503571428571426,20.673571428571428,20.8375,9
2015-11-16,17.875,18.389285714285716,18.832142857142856,19.067857142857143,19.406428571428574,19.625,9
2015-11-17,18.532142857142855,18.74642857142857,19.146428571428572,19.4,19.742857142857144,20.000892857142855,9
2015-11-18,17.80642857142857,18.277857142857144,18.75892857142857,18.98714285714286,19.35142857142857,19.585714285714285,8
2015-11-19,18.230714285714285,18.787857142857142,19.275,19.495,19.794999999999998,19.99375,8
2015-11-20,17.522142857142857,18.250714285714285,18.885714285714286,19.21357142857143,19.599285714285713,19.825,8
2015-11-23,17.185,17.87142857142857,18.517857142857142,18.860714285714284,19.282142857142855,19.501785714285717,9
2015-11-24,17.630714285714287,18.389285714285712,18.978571428571428,19.305,19.639285714285712,19.860714285714284,9
2015-11-25,17.032142857142855,17.882142857142856,18.599999999999998,18.995,19.426785714285714,19.69910714285714,9
2015-11-27,17.44214285714286,18.164285714285715,18.760714285714286,19.117857142857144,19.51964285714286,19.8,9
2015-11-30,17.295,18.0,18.59285714285714,18.94214285714286,19.296428571428574,19.564285714285717,9
2015-12-01,16.553571428571427,17.392857142857142,18.025000000000002,18.425,18.821428571428573,19.142857142857142,9
2015-12-02,17.140714285714285,17.830357142857142,18.364285714285714,18.739285714285714,19.114285714285714,19.40357142857143,9
2015-12-03,18.422142857142855,18.739285714285714,19.125,19.407857142857143,19.70357142857143,19.929464285714285,9
2015-12-04,16.790714285714287,17.65,18.199107142857144,18.605,18.982142857142858,19.2625,9
2015-12-07,17.125,17.867857142857144,18.317857142857143,18.710714285714285,19.058928571428574,19.341964285714287,9
2015-12-08,18.120714285714286,18.598214285714285,18.910714285714285,19.245,19.567857142857143,19.835714285714285,9
2015-12-09,19.00785714285714,19.185714285714283,19.382142857142856,19.645,19.881249999999998,20.102678571428573,9
2015-12-10,19.187857142857144,19.3625,19.5875,19.887857142857143,20.15357142857143,20.367857142857144,9
2015-12-11,22.417857142857144,21.675,21.45714285714286,21.510714285714286,21.566964285714285,21.6875,9
2015-12-14,20.825,20.445535714285715,20.427678571428572,20.59857142857143,20.787499999999998,20.95357142857143,9
2015-12-15,19.175,19.21785714285714,19.367857142857144,19.615000000000002,19.81875,20.050892857142856,9
2015-12-16,,18.61607142857143,18.916071428571428,19.25642857142857,19.49642857142857,19.757142857142856,8
2015-12-17,,19.553571428571427,19.725,20.025,20.208928571428572,20.441964285714285,8
2015-12-18,,20.569642857142856,20.582142857142856,20.79642857142857,20.917857142857144,21.125,8
2015-12-21,18.825,19.29285714285714,19.564999999999998,19.865,20.084821428571427,20.37357142857143,9
2015-12-22,17.848214285714285,18.512500000000003,18.889285714285712,19.275,19.519642857142856,19.814999999999998,9
2015-12-23,17.925,18.617857142857144,18.952142857142857,19.333928571428572,19.599107142857143,19.84642857142857,9
2015-12-24,18.289285714285715,18.869642857142857,19.155,19.489285714285714,19.710714285714285,19.980714285714285,9
2015-12-28,17.95,18.40535714285714,18.700714285714287,19.02857142857143,19.28214285714286,19.525,9
2015-12-29,17.646428571428572,18.164285714285715,18.462142857142858,18.7875,19.055357142857144,19.342857142857145,9
2015-12-30,18.486607142857142,18.833928571428572,19.055,19.332142857142856,19.564285714285717,19.845000000000002,9
2015-12-31,18.65,18.939285714285713,19.155,19.398214285714285,19.598214285714285,19.861428571428572,9
2016-01-04,19.674999999999997,19.525,19.65357142857143,19.84464285714286,20.01875,20.245714285714286,9
2016-01-05,19.34464285714286,19.244642857142857,19.360714285714288,19.5375,19.742857142857144,20.017142857142858,9
2016-01-06,20.039285714285715,19.728571428571428,19.789285714285715,19.92857142857143,20.06607142857143,20.287857142857142,9
2016-01-07,22.4625,21.367857142857144,21.145,21.09642857142857,21.107142857142858,21.239285714285714,9
2016-01-08,23.860714285714284,22.503571428571426,22.165,21.993750000000002,21.958928571428572,22.11,9
2016-01-11,22.35,21.646428571428572,21.610714285714284,21.625,21.74285714285714,21.94642857142857,9
2016-01-12,21.289285714285715,20.817857142857143,20.812142857142856,20.825,20.948214285714286,21.15357142857143,9
2016-01-13,23.410714285714285,22.58928571428571,22.409285714285716,22.29642857142857,22.275,22.404999999999998,9
2016-01-14,22.460714285714285,21.90357142857143,21.815,21.73839285714286,21.814285714285713,21.979285714285712,9
2016-01-15,24.577678571428574,23.674999999999997,23.40142857142857,23.114285714285714,23.02857142857143,23.105,9
2016-01-19,24.00267857142857,23.37642857142857,23.140714285714285,22.95,22.832142857142856,22.939285714285713,9
2016-01-20,24.667857142857144,23.885,23.585,23.22321428571429,23.177142857142858,23.198571428571427,8
2016-01-21,24.96785714285714,24.017857142857142,23.675,23.317857142857143,23.23357142857143,23.297857142857143,8
2016-01-22,22.646428571428572,22.157857142857143,22.067857142857143,21.880357142857143,21.946428571428573,22.075,8
2016-01-25,23.8125,23.104285714285716,22.860714285714284,22.614285714285714,22.597857142857144,22.669642857142858,9
2016-01-26,22.725,22.196428571428573,22.089285714285715,21.93125,21.98857142857143,22.09642857142857,9
2016-01-27,23.501785714285713,22.84642857142857,22.63214285714286,22.467857142857145,22.47142857142857,22.51607142857143,9
2016-01-28,22.989285714285714,22.423571428571428,22.275,22.125,22.172142857142855,22.253571428571426,9
2016-01-29,21.507142857142856,21.352857142857143,21.378571428571426,21.325,21.393571428571427,21.5,9
2016-02-01,21.375,21.225,21.185714285714287,21.148214285714285,21.239285714285714,21.325,9
2016-02-02,22.773214285714285,22.327857142857145,22.12857142857143,21.9875,22.020714285714288,22.035714285714285,9
2016-02-03,22.432142857142857,22.123571428571427,21.99375,21.88660714285714,21.923571428571428,21.932142857142857,9
2016-02-04,22.710714285714285,22.420714285714286,22.275,22.175,22.22642857142857,22.228571428571428,9
2016-02-05,23.433928571428574,22.92142857142857,22.71785714285714,22.60982142857143,22.654285714285713,22.65,9
2016-02-08,24.337500000000002,23.679285714285715,23.3,23.085714285714285,23.097142857142856,23.00357142857143,9
2016-02-09,24.82857142857143,24.097857142857144,23.6875,23.5,23.475,23.34642857142857,9
2016-02-10,24.919642857142858,24.25,23.79642857142857,23.517857142857146,23.509285714285713,23.389285714285712,9
2016-02-11,26.110714285714284,25.36642857142857,24.85,24.51964285714286,24.457142857142856,24.289285714285715,9
2016-02-12,25.3125,24.912857142857145,24.594642857142855,24.396428571428572,24.337857142857143,24.175,9
2016-02-16,23.826428571428572,23.869285714285713,23.735714285714288,23.675,23.717857142857145,23.59107142857143,9
2016-02-17,22.93357142857143,23.062142857142856,23.075,23.07785714285714,23.16357142857143,23.058928571428574,8
2016-02-18,22.809285714285714,23.15214285714286,23.225,23.18357142857143,23.312142857142856,23.180357142857144,8
2016-02-19,22.417857142857144,22.739285714285714,22.826785714285712,22.89,23.04,22.95,8
2016-02-22,21.145,21.644642857142856,21.91785714285714,22.072142857142858,22.298214285714288,22.275714285714287,9
2016-02-23,22.255,22.538392857142856,22.654464285714283,22.715,22.864285714285714,22.75357142857143,9
2016-02-24,21.865,22.15,22.326785714285716,22.470714285714287,22.614285714285714,22.560714285714283,9
2016-02-25,20.99642857142857,21.483035714285716,21.80625,22.052142857142858,22.260714285714286,22.22642857142857,9
2016-02-26,21.585,21.878571428571426,22.132142857142856,22.332142857142856,22.45714285714286,22.435,9
2016-02-29,21.935,22.239285714285714,22.45357142857143,22.649285714285714,22.732142857142858,22.696428571428573,9
2016-03-01,19.810714285714287,20.503571428571426,20.975,21.315,21.50892857142857,21.585,9
2016-03-02,19.732142857142854,20.451785714285712,20.8875,21.21428571428571,21.39107142857143,21.486428571428572,9
2016-03-03,18.907857142857143,19.760714285714286,20.275,20.635,20.84464285714286,21.005,9
2016-03-04,19.490714285714287,20.257142857142856,20.7125,21.020714285714288,21.175,21.315,9
2016-03-07,19.325,20.110714285714284,20.55,20.875,21.025,21.195,9
2016-03-08,20.285,20.8875,21.228571428571428,21.474999999999998,21.560714285714287,21.717142857142857,9
2016-03-09,19.765,20.430357142857144,20.867857142857144,21.179285714285715,21.31517857142857,21.515,9
2016-03-10,19.61857142857143,20.264285714285716,20.725,21.055,21.20714285714286,21.425,9
2016-03-11,18.67857142857143,19.564285714285713,20.162499999999998,20.56642857142857,20.750892857142855,21.015,9
2016-03-14,18.544999999999998,19.338392857142857,19.918750000000003,20.322142857142858,20.523214285714285,20.841428571428573,9
2016-03-15,18.702142857142857,19.674999999999997,20.285714285714285,20.645,20.848214285714285,21.160714285714285,9
2016-03-16,,19.07857142857143,19.801785714285714,20.26,20.478571428571428,20.815714285714286,8
2016-03-17,,18.75,19.525,19.99642857142857,20.253571428571426,20.564285714285713,8
2016-03-18,,18.833928571428572,19.590714285714284,20.062142857142856,20.241071428571427,20.61,8
2016-03-21,16.975,18.432142857142857,19.240714285714287,19.73357142857143,19.93857142857143,20.345714285714283,9
2016-03-22,16.880357142857143,18.460714285714285,19.260714285714286,19.775,19.950714285714287,20.33642857142857,9
2016-03-23,17.83214285714286,19.317857142857143,19.969285714285714,20.42857142857143,20.559285714285714,20.90214285714286,9
2016-03-24,17.557142857142857,19.208928571428572,19.925,20.332142857142856,20.465,20.764999999999997,9
2016-03-28,17.5375,19.032142857142855,19.732142857142858,20.107142857142858,20.327857142857145,20.69107142857143,9
2016-03-29,16.575,18.146428571428572,18.947857142857142,19.425,19.70357142857143,20.107142857142858,9
2016-03-30,16.37232142857143,17.82857142857143,18.634999999999998,19.132142857142856,19.41785714285714,19.819642857142856,9
2016-03-31,16.53214285714286,17.96785714285714,18.685,19.139285714285712,19.447857142857142,19.878571428571426,9
2016-04-01,16.1125,17.569642857142856,18.325,18.79642857142857,19.11357142857143,19.55,9
2016-04-04,16.775,18.08214285714286,18.733571428571427,19.117857142857144,19.460714285714285,19.864285714285714,9
2016-04-05,17.65892857142857,18.85,19.396428571428572,19.7,19.980714285714285,20.30357142857143,9
2016-04-06,16.65357142857143,18.00357142857143,18.696428571428573,19.108928571428574,19.467857142857145,19.83214285714286,9
2016-04-07,18.24642857142857,19.349999999999998,19.875,20.160714285714285,20.45642857142857,20.744642857142857,9
2016-04-08,17.864285714285714,19.09642857142857,19.670714285714286,19.99642857142857,20.305714285714284,20.5875,9
2016-04-11,18.537499999999998,19.641071428571426,20.16785714285714,20.396428571428572,20.67642857142857,20.94642857142857,9
2016-04-12,17.771428571428572,19.089285714285715,19.707857142857144,20.0625,20.420714285714286,20.70357142857143,9
2016-04-13,17.001785714285717,18.501785714285713,19.22285714285714,19.61607142857143,20.017857142857142,20.34464285714286,9
2016-04-14,16.90357142857143,18.435714285714283,19.165,19.55089285714286,19.975,20.303571428571427,9
2016-04-15,16.823214285714286,18.425,19.137857142857143,19.489285714285714,19.933571428571426,20.2625,9
2016-04-18,16.225,17.573571428571427,18.302142857142858,18.712500000000002,19.242857142857144,19.62857142857143,9
2016-04-19,16.276785714285715,17.747857142857143,18.47642857142857,18.925,19.439285714285713,19.8375,9
2016-04-20,16.53214285714286,18.022142857142857,18.750714285714285,19.142142857142858,19.656428571428574,20.003571428571426,8
2016-04-21,16.957142857142856,18.6,19.35,19.70642857142857,20.177857142857142,20.46607142857143,8
2016-04-22,16.439285714285713,18.18785714285714,18.989285714285714,19.42214285714286,19.89357142857143,20.225,8
2016-04-25,16.712500000000002,18.419285714285714,19.175,19.569285714285716,20.035714285714285,20.34107142857143,9
2016-04-26,16.525,18.29642857142857,19.04642857142857,19.485,19.946428571428573,20.25,9
2016-04-27,16.166071428571428,17.939285714285713,18.710714285714285,19.162142857142857,19.65714285714286,19.95625,9
2016-04-28,17.189285714285717,18.78357142857143,19.45,19.80357142857143,20.214285714285715,20.482142857142858,9
2016-04-29,17.7,19.272142857142857,19.860714285714284,20.20357142857143,20.569642857142856,20.80625,9
2016-05-02,16.975,18.632142857142856,19.332142857142856,19.779285714285713,20.196428571428573,20.428571428571427,9
2016-05-03,17.857142857142858,19.362142857142857,19.95357142857143,20.325,20.705357142857142,20.914285714285715,9
2016-05-04,18.132142857142856,19.537857142857142,20.1375,20.539285714285715,20.914285714285715,21.117857142857144,9
2016-05-05,18.151785714285715,19.56357142857143,20.15,20.576428571428572,20.973214285714285,21.194642857142856,9
2016-05-06,17.396428571428572,18.982142857142858,19.689285714285717,20.166428571428572,20.614285714285714,20.875,9
2016-05-09,17.3875,18.84642857142857,19.564285714285713,20.067857142857143,20.539285714285715,20.81607142857143,9
2016-05-10,16.567857142857143,18.050714285714285,18.865178571428572,19.485,20.00357142857143,20.30357142857143,9
2016-05-11,17.555357142857144,18.83214285714286,19.49642857142857,20.033571428571427,20.517857142857142,20.793750000000003,9
2016-05-12,17.15357142857143,18.440714285714286,19.1875,19.785,20.298214285714284,20.610714285714288,9
2016-05-13,17.839285714285715,18.962142857142858,19.57857142857143,20.155,20.646428571428572,20.925,9
2016-05-16,17.425,18.45357142857143,19.09375,19.709285714285713,20.228571428571428,20.49642857142857,9
2016-05-17,18.037857142857142,19.173571428571428,19.74285714285714,20.335,20.80357142857143,21.053571428571427,9
2016-05-18,18.152142857142856,19.309285714285714,19.85892857142857,20.455,20.960714285714285,21.164285714285715,8
2016-05-19,18.090714285714288,19.247857142857143,19.825,20.424999999999997,20.926785714285714,21.119642857142857,8
2016-05-20,17.510714285714286,18.90357142857143,19.59642857142857,20.239285714285714,20.789285714285715,20.975,8
2016-05-23,17.875,19.1125,19.671428571428574,20.20714285714286,20.67857142857143,20.77285714285714,9
2016-05-24,16.875,18.289285714285715,18.939285714285713,19.625,20.133928571428573,20.247142857142858,9
2016-05-25,16.650714285714287,18.11785714285714,18.820714285714285,19.541071428571428,19.99107142857143,20.117857142857144,9
2016-05-26,16.396428571428572,17.95,18.695,19.40714285714286,19.84642857142857,19.966428571428573,9
2016-05-27,16.082142857142856,17.785714285714285,18.569285714285716,19.273214285714285,19.701785714285716,19.814999999999998,9
2016-05-31,16.217857142857145,17.760714285714286,18.549285714285713,19.20625,19.640178571428574,19.725,9
2016-06-01,16.303571428571427,17.819642857142856,18.572142857142858,19.232142857142858,19.678571428571427,19.75785714285714,9
2016-06-02,15.96642857142857,17.560714285714287,18.415,19.101785714285715,19.55357142857143,19.675,9
2016-06-03,15.959285714285715,17.56607142857143,18.439285714285713,19.121428571428574,19.539285714285715,19.605,9
2016-06-06,15.915,17.50357142857143,18.46357142857143,19.180357142857144,19.58214285714286,19.650714285714287,9
2016-06-07,16.076428571428572,17.603571428571428,18.577142857142857,19.2875,19.660714285714285,19.725,9
2016-06-08,16.22357142857143,17.678571428571427,18.66785714285714,19.396428571428572,19.79642857142857,19.847857142857144,9
2016-06-09,16.640714285714285,18.023214285714285,19.025000000000002,19.79642857142857,20.17142857142857,20.196428571428573,9
2016-06-10,18.167857142857144,19.067857142857143,19.843571428571426,20.49910714285714,20.775892857142857,20.725,9
2016-06-13,21.245,21.225,21.54642857142857,21.925,22.025,21.887857142857143,9
2016-06-14,20.82357142857143,20.939285714285713,21.265714285714285,21.637500000000003,21.725,21.582142857142856,9
2016-06-15,,20.708928571428572,21.072142857142858,21.41071428571429,21.475,21.289285714285715,8
2016-06-16,,20.396428571428572,20.785,21.080357142857142,21.125,21.009285714285717,8
2016-06-17,,20.460714285714285,20.847857142857144,21.182142857142857,21.225,21.064999999999998,8
2016-06-20,18.475,19.312142857142856,19.869285714285716,20.310714285714283,20.42142857142857,20.314285714285717,9
2016-06-21,18.698214285714286,19.37642857142857,19.890714285714285,20.275,20.369285714285713,20.283571428571427,9
2016-06-22,19.442857142857143,19.715,20.014999999999997,20.25,20.235,20.085,9
2016-06-23,16.776785714285715,17.739285714285714,18.425,18.992857142857144,19.23071428571429,19.273571428571426,9
2016-06-24,22.575,22.107857142857142,22.02410714285714,21.989285714285714,21.857142857142858,21.6,9
2016-06-27,23.49375,23.005714285714284,22.942857142857143,22.88392857142857,22.733571428571427,22.510714285714286,9
2016-06-28,19.017857142857142,19.567857142857143,20.134821428571428,20.575,20.699285714285715,20.760714285714286,9
2016-06-29,17.820535714285715,18.809285714285714,19.492857142857144,19.989285714285714,20.128571428571426,20.253571428571426,9
2016-06-30,17.45714285714286,18.642142857142858,19.38125,19.863392857142856,20.042142857142856,20.239285714285714,9
2016-07-01,17.354464285714286,18.649285714285714,19.49642857142857,20.023214285714285,20.19142857142857,20.40625,9
2016-07-05,17.628571428571426,18.835,19.632142857142856,20.1,20.179285714285715,20.498214285714287,9
2016-07-06,17.117857142857144,18.442142857142855,19.35,19.885714285714286,20.049285714285713,20.482142857142858,9
2016-07-07,16.9875,18.353571428571428,19.275,19.839285714285715,20.012857142857143,20.46607142857143,9
2016-07-08,16.060714285714283,17.632142857142856,18.74375,19.37767857142857,19.552142857142854,20.049999999999997,9
2016-07-11,16.200000000000003,17.677857142857142,18.72142857142857,19.34642857142857,19.50642857142857,20.101785714285715,9
2016-07-12,15.807142857142859,17.287857142857142,18.419642857142858,19.025,19.190714285714286,19.867857142857144,9
2016-07-13,15.858928571428573,17.260714285714286,18.353571428571428,18.978571428571428,19.14357142857143,19.819642857142856,9
2016-07-14,15.825,17.202142857142857,18.287499999999998,18.89464285714286,19.04642857142857,19.789285714285715,9
2016-07-15,16.057142857142857,17.443571428571428,18.521428571428572,19.110714285714288,19.249285714285712,19.9875,9
2016-07-18,15.725,17.053571428571427,18.301785714285714,18.85892857142857,18.957857142857144,19.789285714285715,9
2016-07-19,15.722857142857144,17.15857142857143,18.441071428571426,18.95,19.014285714285712,19.895535714285714,9
2016-07-20,15.575,17.075000000000003,18.430357142857144,18.82785714285714,18.91357142857143,19.807142857142857,8
2016-07-21,15.992142857142856,17.663571428571426,19.0,19.27785714285714,19.320714285714285,20.216964285714287,8
2016-07-22,15.620714285714286,17.463571428571427,18.78392857142857,19.029285714285713,19.072142857142858,20.025,8
2016-07-25,15.774999999999999,17.664285714285715,18.867857142857144,19.13357142857143,19.208928571428572,20.146428571428572,9
2016-07-26,15.700714285714287,17.614285714285714,18.819642857142856,19.044999999999998,19.192857142857143,20.103571428571428,9
2016-07-27,15.417857142857143,17.474999999999998,18.71785714285714,18.909285714285716,19.12410714285714,19.990178571428572,9
2016-07-28,15.10357142857143,17.183928571428574,18.4375,18.650714285714287,18.864285714285714,19.748214285714287,9
2016-07-29,14.642142857142858,16.767857142857142,18.082142857142856,18.267857142857142,18.549107142857142,19.40625,9
2016-08-01,14.665000000000001,16.755357142857143,17.973214285714285,18.180714285714284,18.560714285714283,19.364285714285714,9
2016-08-02,15.253571428571428,17.214285714285715,18.40357142857143,18.615,18.980357142857144,19.723214285714285,9
2016-08-03,14.944999999999999,16.95267857142857,18.174107142857142,18.417857142857144,18.85,19.632142857142856,9
2016-08-04,14.615,16.667857142857144,17.975,18.29357142857143,18.7875,19.564285714285717,9
2016-08-05,14.135,16.23035714285714,17.65,18.072142857142858,18.603571428571428,19.325000000000003,9
2016-08-08,14.065,16.196428571428573,17.46607142857143,17.839285714285715,18.50089285714286,19.197321428571428,9
2016-08-09,13.946428571428571,15.967857142857143,17.217857142857145,17.595000000000002,18.275000000000002,18.96607142857143,9
2016-08-10,14.386428571428572,16.235714285714284,17.396428571428572,17.78214285714286,18.5125,19.12857142857143,9
2016-08-11,14.305,16.228571428571428,17.4125,17.822142857142858,18.6,19.225,9
2016-08-12,14.217857142857142,16.225,17.432142857142857,17.865000000000002,18.6875,19.2875,9
2016-08-15,14.305,16.22142857142857,17.41785714285714,17.833571428571428,18.789285714285715,19.325,9
2016-08-16,14.89642857142857,16.739285714285714,17.810714285714287,18.155,19.108035714285716,19.59017857142857,9
2016-08-17,,16.476785714285715,17.639285714285716,18.00642857142857,19.017857142857142,19.45357142857143,8
2016-08-18,,16.432142857142857,17.625,18.010714285714286,19.057142857142857,19.5125,8
2016-08-19,,16.603571428571428,17.737857142857145,18.12357142857143,19.21964285714286,19.625,8
2016-08-22,14.725,16.848214285714285,17.84857142857143,18.212857142857143,19.3375,19.696428571428573,9
2016-08-23,14.75357142857143,16.9875,17.982142857142858,18.325,19.446428571428573,19.75357142857143,9
2016-08-24,15.267857142857142,17.260714285714286,18.134999999999998,18.464285714285715,19.557142857142857,19.867857142857144,9
2016-08-25,15.183928571428572,17.09464285714286,17.955,18.353571428571428,19.417857142857144,19.72642857142857,9
2016-08-26,15.39642857142857,17.239285714285714,18.11642857142857,18.542857142857144,19.569642857142856,19.834999999999997,9
2016-08-29,15.2125,17.162499999999998,18.000714285714285,18.521428571428572,19.496428571428574,19.767857142857142,9
2016-08-30,15.167857142857143,17.15,17.962142857142858,18.512500000000003,19.47142857142857,19.769285714285715,9
2016-08-31,15.26607142857143,17.1375,17.923571428571428,18.50357142857143,19.432142857142857,19.745,9
2016-09-01,15.325,17.125,17.885,18.510714285714286,19.4625,19.805,9
2016-09-02,14.887500000000001,16.932142857142857,17.789285714285715,18.485714285714288,19.375,19.705,9
2016-09-06,14.714285714285715,16.664285714285715,17.47357142857143,18.325000000000003,19.125,19.480714285714285,9
2016-09-07,14.682142857142857,16.642857142857142,17.439285714285713,18.317857142857143,19.11785714285714,19.492142857142856,9
2016-09-08,14.923214285714286,16.84107142857143,17.605,18.510714285714286,19.28214285714286,19.65357142857143,9
2016-09-09,17.375,18.535714285714285,18.972857142857144,19.72767857142857,20.336607142857144,20.56,9
2016-09-12,16.525,17.7875,18.33214285714286,19.29642857142857,19.900000000000002,20.215,9
2016-09-13,18.207142857142856,18.753571428571426,18.93642857142857,19.8,20.321428571428573,20.553571428571427,9
2016-09-14,18.785714285714285,19.232142857142854,19.390714285714285,20.25,20.689285714285717,20.91071428571429,9
2016-09-15,18.060714285714287,18.78214285714286,19.025,19.9375,20.37053571428571,20.612142857142857,9
2016-09-16,17.364285714285714,18.248214285714283,18.647857142857145,19.66785714285714,20.103571428571428,20.365000000000002,9
2016-09-19,17.125,18.053571428571427,18.482142857142854,19.585714285714285,19.93357142857143,20.190714285714286,9
2016-09-20,17.45357142857143,18.267857142857146,18.696428571428573,19.775,20.089285714285715,20.303571428571427,9
2016-09-21,16.175,17.549285714285716,18.106428571428573,19.287499999999998,19.655,19.955000000000002,8
2016-09-22,15.491071428571427,16.982142857142858,17.625,18.90357142857143,19.309285714285714,19.56642857142857,8
2016-09-23,15.789285714285713,17.18642857142857,17.767857142857146,18.970535714285717,19.396428571428572,19.675,8
2016-09-26,16.549999999999997,17.516428571428573,18.08214285714286,19.12142857142857,19.54357142857143,19.831249999999997,9
2016-09-27,15.910714285714286,17.04642857142857,17.680357142857144,18.74375,19.196428571428573,19.546428571428574,9
2016-09-28,15.707142857142857,16.905714285714286,17.557142857142857,18.635714285714286,19.08214285714286,19.452678571428574,9
2016-09-29,16.317857142857143,17.179285714285715,17.78125,18.836607142857144,19.235,19.58214285714286,9
2016-09-30,16.236607142857142,17.135714285714286,17.75,18.696428571428573,19.17,19.54375,9
2016-10-03,16.125,16.980714285714285,17.676785714285714,18.607142857142858,19.04642857142857,19.4625,9
2016-10-04,16.021428571428572,16.819285714285712,17.517857142857142,18.4,18.80785714285714,19.241071428571427,9
2016-10-05,16.010714285714286,16.932142857142857,17.708928571428572,18.566071428571426,18.969285714285714,19.41071428571429,9
2016-10-06,15.916071428571428,16.823571428571427,17.674999999999997,18.53214285714286,18.930714285714288,19.357142857142858,9
2016-10-07,16.225,17.039285714285715,17.89107142857143,18.683035714285715,19.02642857142857,19.4375,9
2016-10-10,15.9125,16.719285714285714,17.696428571428573,18.44642857142857,18.795,19.24375,9
2016-10-11,16.728571428571428,17.28357142857143,18.17142857142857,18.825,19.122142857142858,19.546428571428574,9
2016-10-12,17.064285714285717,17.510714285714286,18.41071428571429,19.0,19.315,19.764285714285716,9
2016-10-13,17.453571428571426,17.747857142857143,18.65,19.233035714285716,19.49642857142857,19.932142857142857,9
2016-10-14,17.25,17.556428571428572,18.52857142857143,19.117857142857144,19.397857142857145,19.868750000000002,9
2016-10-17,17.125,17.382142857142856,18.451785714285712,19.00892857142857,19.27357142857143,19.753571428571426,9
2016-10-18,16.639285714285716,17.067857142857143,18.285714285714285,18.875,19.175,19.671428571428574,9
2016-10-19,16.117857142857144,16.760714285714286,18.07857142857143,18.611428571428572,18.954285714285714,19.487499999999997,8
2016-10-20,15.852142857142857,16.62357142857143,18.025,18.600714285714286,18.98642857142857,19.507142857142856,8
2016-10-21,15.683571428571428,16.497857142857143,17.894642857142856,18.46357142857143,18.849285714285713,19.425,8
2016-10-24,15.155000000000001,16.175,17.55357142857143,18.110714285714284,18.544642857142854,19.107142857142858,9
2016-10-25,15.45357142857143,16.369642857142857,17.664285714285715,18.165,18.5625,19.09642857142857,9
2016-10-26,15.84357142857143,16.667857142857144,17.92142857142857,18.36642857142857,18.73392857142857,19.27857142857143,9
2016-10-27,16.303571428571427,17.107142857142858,18.2875,18.715,19.046428571428574,19.517857142857146,9
2016-10-28,16.774285714285714,17.3625,18.439285714285713,18.810714285714287,19.10535714285714,19.5375,9
2016-10-31,17.305,17.7625,18.59285714285714,18.86785714285714,19.15357142857143,19.54642857142857,9
2016-11-01,17.84642857142857,18.232142857142858,18.982142857142858,19.205,19.45357142857143,19.80357142857143,9
2016-11-02,18.387857142857143,18.57857142857143,19.194642857142856,19.349999999999998,19.583928571428572,19.910714285714285,9
2016-11-03,19.410714285714285,19.34642857142857,19.85,19.970714285714287,20.142857142857142,20.39464285714286,9
2016-11-04,19.145,19.323214285714286,19.805357142857144,19.899285714285714,20.05357142857143,20.275,9
2016-11-07,16.355,17.20357142857143,17.964285714285715,18.282142857142855,18.64107142857143,18.95625,9
2016-11-08,16.352142857142855,17.273214285714285,18.030357142857145,18.384999999999998,18.78214285714286,19.135714285714286,9
2016-11-09,15.433571428571428,16.560714285714283,17.41785714285714,17.842142857142857,18.303571428571427,18.720535714285713,9
2016-11-10,15.97642857142857,17.021428571428572,17.7875,18.220714285714287,18.696428571428573,19.053571428571427,9
2016-11-11,15.782142857142857,16.982142857142858,17.79642857142857,18.199285714285715,18.664285714285715,19.05,9
2016-11-14,15.674999999999999,17.04285714285714,17.855357142857144,18.272142857142857,18.807142857142857,19.139285714285716,9
2016-11-15,14.919285714285714,16.689285714285717,17.667857142857144,18.205,18.817857142857143,19.237499999999997,9
2016-11-16,,16.914285714285715,17.798214285714284,18.280714285714286,18.84642857142857,19.25,8
2016-11-17,,16.557142857142857,17.475,17.989285714285714,18.610714285714288,19.0125,8
2016-11-18,,16.614285714285714,17.51642857142857,18.009285714285713,18.67857142857143,19.075,8
2016-11-21,14.475,16.33928571428571,17.249285714285715,17.806428571428572,18.513392857142858,18.905,9
2016-11-22,14.491071428571429,16.37142857142857,17.267857142857142,17.825,18.553571428571427,18.959285714285716,9
2016-11-23,14.564285714285715,16.510714285714286,17.43642857142857,17.998214285714287,18.6625,19.025000000000002,9
2016-11-25,14.589285714285714,16.389285714285716,17.335,17.944642857142856,18.59642857142857,19.0,9
2016-11-28,14.8875,16.59642857142857,17.495,18.114285714285714,18.739285714285714,19.110714285714284,9
2016-11-29,14.832142857142857,16.58214285714286,17.465,18.1,18.753571428571426,19.134999999999998,9
2016-11-30,15.0875,16.66785714285714,17.535,18.16071428571429,18.767857142857142,19.110714285714284,9
2016-12-01,15.614285714285714,17.060714285714287,17.815,18.383928571428573,18.9625,19.267857142857142,9
2016-12-02,15.742857142857142,17.192857142857143,17.95357142857143,18.539285714285715,19.075,19.375,9
2016-12-05,14.600000000000001,16.360714285714288,17.31214285714286,18.05,18.639285714285712,18.970714285714287,9
2016-12-06,14.330357142857142,16.133928571428573,17.11357142857143,17.9,18.50357142857143,18.81642857142857,9
2016-12-07,14.553571428571429,16.214285714285715,17.15357142857143,17.951785714285716,18.558035714285715,18.887857142857143,9
2016-12-08,14.700000000000001,16.339285714285715,17.265,18.053571428571427,18.632142857142856,18.974999999999998,9
2016-12-09,14.439285714285713,16.08214285714286,17.05357142857143,17.91071428571429,18.496428571428574,18.835,9
2016-12-12,15.0375,16.51964285714286,17.367857142857144,18.196428571428573,18.739285714285714,19.065,9
2016-12-13,15.003571428571428,16.54642857142857,17.430714285714288,18.275000000000002,18.7625,19.075,9
2016-12-14,14.985714285714286,16.39642857142857,17.257857142857144,18.103571428571428,18.617857142857144,18.897857142857145,9
2016-12-15,14.782142857142857,16.32857142857143,17.265,18.132142857142856,18.632142857142856,18.945,9
2016-12-16,14.73392857142857,16.325,17.245,18.15357142857143,18.646428571428572,18.955,9
2016-12-19,14.475,16.040714285714284,17.02642857142857,17.99285714285714,18.43642857142857,18.779285714285713,9
2016-12-20,14.280357142857142,15.877857142857144,16.906428571428574,17.925,18.396428571428572,18.71785714285714,9
2016-12-21,14.142857142857142,15.817857142857143,16.889285714285716,17.84285714285714,18.359285714285715,18.70214285714286,8
2016-12-22,14.457142857142857,16.15357142857143,17.225,18.15714285714286,18.615,18.915,8
2016-12-23,14.525,16.239285714285714,17.30535714285714,18.173214285714284,18.625,18.925,8
2016-12-27,14.496428571428572,16.164285714285715,17.235714285714284,18.087500000000002,18.515,18.84642857142857,9
2016-12-28,15.139285714285714,16.570714285714285,17.507142857142856,18.30357142857143,18.710714285714285,19.023214285714285,9
2016-12-29,15.378571428571428,16.735,17.6375,18.419642857142858,18.819285714285716,19.142857142857142,9
2016-12-30,15.694642857142856,16.955714285714286,17.835714285714285,18.567857142857143,18.910714285714285,19.21875,9
2017-01-03,14.739285714285714,16.182142857142857,17.232142857142858,18.025,18.435,18.84107142857143,9
2017-01-04,14.20357142857143,15.643571428571427,16.739285714285714,17.569642857142856,18.019285714285715,18.50357142857143,9
2017-01-05,14.117857142857142,15.557857142857143,16.675,17.489285714285714,17.95642857142857,18.45357142857143,9
2017-01-06,14.032142857142858,15.446428571428571,16.560714285714283,17.35892857142857,17.819285714285712,18.35,9
2017-01-09,14.125,15.412142857142857,16.55,17.317857142857143,17.757857142857144,18.319642857142856,9
2017-01-10,14.132142857142856,15.366428571428571,16.521428571428572,17.2875,17.75357142857143,18.34285714285714,9
2017-01-11,13.92142857142857,15.225,16.41071428571429,17.19642857142857,17.66785714285714,18.232142857142858,9
2017-01-12,14.060714285714285,15.365,16.5875,17.40892857142857,17.84642857142857,18.439285714285713,9
2017-01-13,14.005357142857143,15.382142857142856,16.70714285714286,17.553571428571427,18.002857142857142,18.612499999999997,9
2017-01-17,14.219285714285714,15.547857142857143,16.932142857142857,17.725,18.15357142857143,18.805357142857144,9
2017-01-18,14.257857142857144,15.500714285714286,16.782142857142855,17.542142857142856,18.056428571428572,18.775,8
2017-01-19,14.340714285714286,15.497857142857143,16.725,17.40642857142857,17.877857142857145,18.648214285714285,8
2017-01-20,13.985,15.184999999999999,16.401785714285715,17.17642857142857,17.690714285714286,18.525,8
2017-01-23,13.854999999999999,15.057142857142857,16.232142857142858,16.986428571428572,17.553571428571427,18.357142857142858,9
2017-01-24,13.333571428571428,14.498214285714285,15.667857142857143,16.465,17.082142857142856,17.875,9
2017-01-25,13.097857142857142,14.339285714285715,15.49642857142857,16.27357142857143,16.860714285714284,17.6375,9
2017-01-26,13.089285714285715,14.357142857142858,15.6125,16.342142857142857,16.939285714285713,17.689285714285713,9
2017-01-27,13.027857142857144,14.403571428571428,15.667857142857143,16.460714285714285,17.058928571428574,17.7625,9
2017-01-30,13.455,14.726785714285713,15.869642857142857,16.56642857142857,17.189285714285717,17.85,9
2017-01-31,13.525,14.753571428571428,15.846428571428572,16.515,17.116071428571427,17.7625,9
2017-02-01,13.269285714285715,14.466071428571428,15.59642857142857,16.303571428571427,16.942857142857143,17.575,9
2017-02-02,13.532142857142858,14.710714285714287,15.825000000000001,16.499285714285715,17.119642857142857,17.714285714285715,9
2017-02-03,13.220714285714285,14.528571428571428,15.653571428571428,16.340714285714284,16.975,17.525,9
2017-02-06,13.375,14.717857142857143,15.789285714285715,16.446428571428573,17.1,17.607142857142858,9
2017-02-07,13.455,14.794642857142856,15.867857142857142,16.515,17.175,17.66785714285714,9
2017-02-08,13.495,14.907142857142858,15.996428571428572,16.63357142857143,17.3,17.77857142857143,9
2017-02-09,13.156428571428572,14.760714285714286,15.875,16.502142857142857,17.142857142857142,17.607142857142858,9
2017-02-10,12.903571428571428,14.625,15.832142857142856,16.505,17.166071428571428,17.5625,9
2017-02-13,12.745,14.491964285714285,15.558928571428572,16.247857142857143,16.975,17.382142857142856,9
2017-02-14,12.107142857142858,13.778571428571428,14.907142857142857,15.615,16.39107142857143,16.8375,9
2017-02-15,,13.901785714285715,14.748214285714287,15.355,16.139285714285712,16.575000000000003,8
2017-02-16,,14.089285714285715,14.925,15.567857142857143,16.34464285714286,16.7625,8
2017-02-17,,14.30625,15.167857142857143,15.70357142857143,16.47142857142857,16.875,8
2017-02-21,13.223214285714286,14.605357142857143,15.375,15.975,16.7,17.099285714285713,9
2017-02-22,13.325,14.739285714285714,15.536428571428571,16.099999999999998,16.807142857142857,17.175,9
2017-02-23,13.707142857142857,15.35,16.045,16.567857142857143,17.167857142857144,17.519285714285715,9
2017-02-24,13.6,15.426785714285714,16.212142857142858,16.739285714285714,17.319642857142856,17.634999999999998,9
2017-02-27,13.7375,15.35,15.982142857142856,16.45357142857143,17.010714285714286,17.382142857142856,9
2017-02-28,14.039285714285715,15.539285714285715,16.09642857142857,16.575,17.089285714285715,17.397857142857145,9
2017-03-01,13.853571428571428,15.35,15.979285714285714,16.49642857142857,17.014285714285716,17.36357142857143,9
2017-03-02,13.9,15.389285714285714,16.095,16.617857142857144,17.123214285714283,17.479285714285712,9
2017-03-03,13.5125,14.969642857142857,15.70357142857143,16.307142857142857,16.83214285714286,17.215,9
2017-03-06,13.55,14.939285714285715,15.659285714285714,16.276785714285715,16.758928571428573,17.142142857142858,9
2017-03-07,13.616071428571429,15.02142857142857,15.727857142857141,16.325,16.79642857142857,17.233571428571427,9
2017-03-08,13.675,15.003571428571428,15.696428571428571,16.323214285714286,16.776785714285715,17.214285714285715,9
2017-03-09,13.776785714285715,15.001785714285715,15.665000000000001,16.29642857142857,16.767857142857142,17.217857142857145,9
2017-03-10,13.601785714285715,14.860714285714286,15.53357142857143,16.169642857142858,16.62857142857143,17.115000000000002,9
2017-03-13,13.4375,14.696428571428571,15.428571428571429,16.132142857142856,16.6,17.08642857142857,9
2017-03-14,13.764285714285714,14.889285714285714,15.582142857142857,16.3,16.7625,17.289285714285715,9
2017-03-15,13.466071428571428,14.617857142857142,15.342142857142857,16.114285714285714,16.575,17.07071428571429,9
2017-03-16,13.082142857142857,14.25,15.045,15.882142857142856,16.3375,16.895714285714288,9
2017-03-17,13.114285714285714,14.191071428571428,14.929285714285713,15.760714285714286,16.24642857142857,16.795,9
2017-03-20,13.175,14.173571428571428,14.902142857142858,15.746428571428572,16.245,16.845000000000002,9
2017-03-21,13.803571428571429,14.643571428571429,15.329285714285714,16.125,16.562142857142856,17.119285714285716,9
2017-03-22,13.971428571428572,14.655,15.255,16.041071428571428,16.539285714285715,17.182142857142857,8
2017-03-23,14.32857142857143,14.875,15.475,16.25714285714286,16.755,17.355,8
2017-03-24,13.992857142857144,14.524285714285714,15.153571428571428,15.970535714285715,16.45357142857143,17.075,8
2017-03-27,13.7,14.242142857142856,14.839285714285714,15.632142857142856,16.20785714285714,16.867857142857144,9
2017-03-28,13.10357142857143,13.785714285714286,14.526785714285714,15.35,15.930714285714284,16.582142857142856,9
2017-03-29,13.117857142857144,13.745000000000001,14.407142857142857,15.217857142857142,15.803571428571429,16.455357142857142,9
2017-03-30,13.02142857142857,13.649285714285714,14.387500000000001,15.169642857142858,15.72642857142857,16.37142857142857,9
2017-03-31,13.392857142857142,13.825714285714286,14.471428571428572,15.185714285714285,15.749285714285714,16.3875,9
2017-04-03,13.524999999999999,13.895,14.589285714285714,15.307142857142857,15.89642857142857,16.46785714285714,9
2017-04-04,13.305357142857142,13.739285714285714,14.467857142857143,15.15,15.717857142857143,16.2625,9
2017-04-05,13.875,14.209285714285715,14.873214285714287,15.489285714285716,16.039285714285715,16.55357142857143,9
2017-04-06,13.544642857142858,13.877857142857144,14.575,15.20357142857143,15.735,16.260714285714286,9
2017-04-07,13.928571428571429,14.246428571428572,14.9,15.45267857142857,15.98,16.4875,9
2017-04-10,14.5,14.620714285714286,15.192857142857143,15.675,16.215,16.6875,9
2017-04-11,14.835714285714285,14.765,15.316071428571428,15.7875,16.302142857142858,16.75,9
2017-04-12,15.16607142857143,14.996428571428572,15.417857142857143,15.810714285714285,16.355,16.77857142857143,9
2017-04-13,15.382142857142856,15.262142857142857,15.6875,16.05089285714286,16.564285714285713,16.982142857142858,9
2017-04-17,14.325,14.539285714285713,15.155357142857142,15.5625,16.154999999999998,16.532142857142855,9
2017-04-18,14.330714285714285,14.502142857142857,15.12857142857143,15.475,16.117857142857144,16.537499999999998,9
2017-04-19,14.572142857142856,14.529285714285715,15.103571428571428,15.446428571428573,16.089285714285715,16.54642857142857,8
2017-04-20,14.325,14.325,14.975,15.420714285714286,16.106428571428573,16.560714285714283,8
2017-04-21,14.313571428571429,14.227857142857143,14.837499999999999,15.239285714285716,15.882142857142858,16.35,8
2017-04-24,12.805,13.385714285714284,14.25357142857143,14.870714285714286,15.591071428571428,16.0625,9
2017-04-25,12.623571428571429,13.216071428571428,14.055357142857142,14.585,15.257142857142856,15.725,9
2017-04-26,12.580714285714286,13.303571428571429,14.17142857142857,14.707857142857144,15.367857142857142,15.7875,9
2017-04-27,12.589285714285714,13.294642857142858,14.2,14.780714285714286,15.435714285714285,15.869642857142857,9
2017-04-28,12.542142857142858,13.3125,14.135714285714286,14.70357142857143,15.350892857142858,15.79375,9
2017-05-01,12.145,12.930357142857142,13.791071428571428,14.422142857142857,15.039285714285715,15.467857142857142,9
2017-05-02,12.253571428571428,13.14642857142857,13.939285714285713,14.545,15.153571428571428,15.5625,9
2017-05-03,12.48642857142857,13.32857142857143,14.08392857142857,14.667857142857143,15.267857142857142,15.675,9
2017-05-04,12.186428571428571,13.060714285714285,13.85,14.490714285714287,15.101785714285715,15.560714285714285,9
2017-05-05,12.237857142857143,13.139285714285714,13.969642857142857,14.637857142857142,15.267857142857142,15.725000000000001,9
2017-05-08,12.055,13.160714285714286,14.092857142857143,14.810714285714285,15.41607142857143,15.867857142857142,9
2017-05-09,12.085,13.20357142857143,14.116071428571429,14.835,15.432142857142857,15.882142857142856,9
2017-05-10,12.149285714285714,13.246428571428572,14.210714285714287,14.959285714285715,15.548214285714286,15.996428571428572,9
2017-05-11,12.247857142857143,13.3375,14.2,14.966428571428573,15.564285714285715,16.010714285714286,9
2017-05-12,12.082142857142857,13.282142857142857,14.25357142857143,15.042142857142856,15.664285714285713,16.125,9
2017-05-15,11.905000000000001,13.119642857142857,14.083928571428572,14.946428571428573,15.607142857142858,16.067857142857143,9
2017-05-16,11.903571428571428,13.060714285714285,14.060714285714285,14.965,15.626785714285715,16.126785714285713,9
2017-05-17,,14.582142857142857,14.9625,15.637857142857143,16.225,16.69464285714286,8
2017-05-18,,14.553571428571427,15.025,15.753571428571428,16.321428571428573,16.712500000000002,8
2017-05-19,,13.448214285714286,14.205,15.105,15.735714285714286,16.225,8
2017-05-22,12.225,13.22857142857143,14.045,14.945,15.591071428571428,16.042142857142856,9
2017-05-23,12.360714285714286,13.410714285714285,14.275,15.175,15.803571428571429,16.197857142857142,9
2017-05-24,12.04642857142857,13.110714285714286,14.122142857142858,15.098214285714285,15.773214285714285,16.20357142857143,9
2017-05-25,12.132142857142858,13.185714285714287,14.155000000000001,15.12142857142857,15.789285714285715,16.217857142857145,9
2017-05-26,12.067857142857143,13.107142857142858,14.043571428571429,15.022321428571427,15.714285714285714,16.175,9
2017-05-30,12.082142857142857,13.028571428571428,13.969285714285714,14.8875,15.535714285714286,15.95357142857143,9
2017-05-31,12.098214285714285,13.008928571428571,13.952142857142858,14.875,15.571428571428571,15.993571428571428,9
2017-06-01,11.910714285714286,12.810714285714285,13.805,14.76607142857143,15.471428571428572,15.877142857142857,9
2017-06-02,11.97857142857143,12.942857142857143,13.917857142857143,14.851785714285715,15.553571428571429,15.924999999999999,9
2017-06-05,12.2,13.082142857142857,14.042142857142858,14.973214285714286,15.616071428571429,15.922142857142855,9
2017-06-06,12.430357142857142,13.310714285714285,14.249285714285715,15.125,15.732142857142858,16.05357142857143,9
2017-06-07,12.360714285714286,13.239285714285714,14.210714285714285,15.126785714285713,15.748214285714287,16.060714285714287,9
2017-06-08,12.17142857142857,13.067857142857143,14.045,14.95357142857143,15.596428571428572,15.917857142857143,9
2017-06-09,12.27142857142857,13.110714285714286,14.063571428571429,14.940178571428572,15.58125,15.915,9
2017-06-12,12.475000000000001,13.29107142857143,14.210714285714285,15.060714285714287,15.667857142857143,15.946428571428571,9
2017-06-13,12.092857142857143,13.003571428571428,14.016428571428571,14.925,15.494642857142857,15.789285714285715,9
2017-06-14,12.132142857142858,12.944642857142858,13.950714285714286,14.85357142857143,15.45357142857143,15.747857142857143,9
2017-06-15,12.296428571428573,13.075,14.125,14.991071428571429,15.526785714285714,15.80642857142857,9
2017-06-16,12.217857142857142,12.951785714285714,13.969285714285714,14.817857142857143,15.389285714285714,15.665,9
2017-06-19,12.125,12.795,13.844999999999999,14.745535714285715,15.333571428571428,15.590714285714286,9
2017-06-20,12.098214285714285,12.823571428571428,13.809285714285714,14.675,15.242142857142857,15.499285714285715,9
2017-06-21,12.221428571428572,12.939285714285713,13.79642857142857,14.596428571428572,15.205,15.505,8
2017-06-22,12.055357142857142,12.875,13.775,14.617857142857142,15.209285714285715,15.46642857142857,8
2017-06-23,11.982142857142858,12.805,13.704464285714286,14.564285714285715,15.14642857142857,15.425,8
2017-06-26,11.8125,12.645,13.539285714285715,14.353571428571428,14.905,15.292857142857143,9
2017-06-27,12.210714285714285,12.95357142857143,13.779464285714287,14.5,14.952142857142857,15.325000000000001,9
2017-06-28,11.932142857142857,12.805,13.685714285714287,14.432142857142857,14.910714285714285,15.3125,9
2017-06-29,12.239285714285714,12.967857142857143,13.8125,14.535714285714286,14.95357142857143,15.360714285714286,9
2017-06-30,12.4625,13.046428571428573,13.889285714285714,14.60357142857143,15.010714285714286,15.4375,9
2017-07-03,12.774999999999999,13.409285714285714,14.180357142857144,14.807142857142857,15.182142857142857,15.70892857142857,9
2017-07-05,12.667857142857143,13.413571428571428,14.2,14.842857142857142,15.172142857142857,15.725,9
2017-07-06,13.267857142857144,13.886428571428572,14.575,15.132142857142856,15.402142857142856,15.985714285714286,9
2017-07-07,12.89642857142857,13.64642857142857,14.45,15.07857142857143,15.383571428571429,16.0,9
2017-07-10,12.674999999999999,13.449285714285715,14.225,14.832142857142857,15.100714285714286,15.842857142857142,9
2017-07-11,12.557142857142857,13.292142857142856,14.08392857142857,14.7,14.956428571428571,15.732142857142858,9
2017-07-12,12.264285714285714,13.121428571428572,13.917857142857143,14.517857142857142,14.762142857142857,15.571428571428571,9
2017-07-13,12.189285714285713,13.080714285714285,13.85,14.476785714285715,14.717857142857143,15.560714285714285,9
2017-07-14,11.869642857142857,12.757857142857143,13.544642857142856,14.15,14.373571428571429,15.26875,9
2017-07-17,11.925,12.782142857142858,13.594642857142858,14.157142857142858,14.382142857142858,15.367857142857144,9
2017-07-18,11.807857142857143,12.793571428571429,13.667857142857143,14.225,14.439285714285713,15.501785714285715,9
2017-07-19,11.59357142857143,12.622142857142856,13.496428571428572,14.135,14.435,15.542857142857143,8
2017-07-20,11.582142857142857,12.653571428571428,13.475,14.094999999999999,14.395000000000001,15.533928571428572,8
2017-07-21,11.52357142857143,12.637857142857143,13.494642857142857,14.055,14.355,15.5,8
2017-07-24,11.565,12.580357142857142,13.382142857142858,13.930714285714286,14.24017857142857,15.367857142857142,9
2017-07-25,11.495000000000001,12.660714285714285,13.473214285714286,13.975000000000001,14.257142857142858,15.375,9
2017-07-26,11.622142857142858,12.739285714285714,13.532142857142858,13.970714285714287,14.242857142857142,15.2875,9
2017-07-27,11.767857142857144,12.75,13.45,13.876428571428571,14.178571428571429,15.169642857142858,9
2017-07-28,11.767857142857142,12.785714285714286,13.503571428571428,13.882142857142856,14.221428571428572,15.2,9
2017-07-31,11.755,12.7,13.371428571428572,13.749285714285715,14.20357142857143,15.15,9
2017-08-01,11.739285714285714,12.657142857142857,13.267857142857142,13.605,14.078571428571427,14.9625,9
2017-08-02,11.892142857142858,12.880357142857143,13.48392857142857,13.789285714285715,14.267857142857142,15.125,9
2017-08-03,12.004999999999999,13.04642857142857,13.675,13.94357142857143,14.457142857142857,15.264285714285714,9
2017-08-04,12.046428571428573,13.123214285714287,13.76607142857143,14.072142857142858,14.635714285714286,15.425,9
2017-08-07,11.995,13.032142857142857,13.696428571428571,13.989285714285714,14.664285714285715,15.387500000000001,9
2017-08-08,12.405000000000001,13.380357142857143,14.014285714285714,14.295,15.003571428571428,15.667857142857143,9
2017-08-09,12.612142857142857,13.525,14.167857142857143,14.450714285714286,15.1625,15.778571428571428,9
2017-08-10,15.285,15.208928571428572,15.375,15.457857142857144,16.133928571428573,16.625,9
2017-08-11,15.317857142857143,15.45357142857143,15.682142857142857,15.725,16.40357142857143,16.875,9
2017-08-14,13.030000000000001,13.70892857142857,14.27142857142857,14.479285714285714,15.35,15.789285714285713,9
2017-08-15,13.029285714285715,13.860714285714286,14.392857142857144,14.585,15.4875,15.898214285714287,9
2017-08-16,,13.700000000000001,14.20892857142857,14.390714285714287,15.367857142857144,15.803571428571427,8
2017-08-17,,15.017857142857142,15.225,15.182142857142857,16.023214285714285,16.366071428571427,8
2017-08-18,,15.119642857142857,15.373571428571429,15.330714285714285,16.207142857142856,16.525,8
2017-08-21,14.125,14.65,14.975,14.975,15.98392857142857,16.26357142857143,9
2017-08-22,13.0,13.733928571428573,14.246428571428572,14.375,15.442857142857143,15.732142857142858,9
2017-08-23,13.667857142857143,14.282142857142857,14.650714285714285,14.810714285714287,15.801785714285714,16.082142857142856,9
2017-08-24,13.5,14.196428571428571,14.555,14.75,15.760714285714286,16.052142857142858,9
2017-08-25,13.210714285714285,14.110714285714286,14.465,14.7125,15.70357142857143,16.04,9
2017-08-28,13.25,14.053571428571429,14.387857142857143,14.75,15.660714285714285,16.00357142857143,9
2017-08-29,13.417857142857143,14.167857142857143,14.476428571428572,14.85,15.771428571428572,16.11642857142857,9
2017-08-30,13.464285714285715,14.232142857142856,14.530714285714286,14.939285714285715,15.832142857142856,16.179285714285715,9
2017-08-31,13.017857142857142,13.917857142857143,14.275,14.778571428571428,15.642857142857142,16.010714285714286,9
2017-09-01,13.076785714285714,13.995535714285715,14.325000000000001,14.817857142857143,15.653571428571428,16.025,9
2017-09-05,13.630357142857143,14.298214285714286,14.529285714285713,15.1,15.796428571428573,16.130714285714287,9
2017-09-06,13.746428571428572,14.528571428571428,14.839285714285715,15.460714285714287,16.107142857142858,16.44214285714286,9
2017-09-07,13.58392857142857,14.482142857142858,14.825000000000001,15.525,16.103571428571428,16.432142857142857,9
2017-09-08,13.95,14.717857142857143,15.000714285714285,15.7125,16.260714285714286,16.565,9
2017-09-11,13.275,14.25,14.660714285714286,15.525,15.982142857142856,16.333571428571428,9
2017-09-12,13.053571428571429,14.017857142857142,14.422142857142857,15.3125,15.780357142857142,16.14642857142857,9
2017-09-13,12.675,13.639285714285714,14.110714285714286,15.089285714285714,15.582142857142857,15.959285714285715,9
2017-09-14,12.803571428571429,13.721428571428572,14.175,15.178571428571429,15.6875,16.072142857142858,9
2017-09-15,12.732142857142858,13.624107142857143,14.085,15.160714285714285,15.626785714285715,16.03,9
2017-09-18,12.425,13.256428571428572,13.727857142857143,14.932142857142857,15.339285714285714,15.767857142857142,9
2017-09-19,12.455357142857144,13.330714285714286,13.887857142857143,15.125,15.503571428571428,15.932142857142857,9
2017-09-20,12.339285714285715,13.24357142857143,13.757857142857143,14.987499999999999,15.367857142857142,15.79642857142857,8
2017-09-21,12.426785714285714,13.35357142857143,13.825,15.05,15.437857142857142,15.909285714285716,8
2017-09-22,12.567857142857143,13.519285714285715,14.017857142857142,15.217857142857143,15.64642857142857,16.075,8
2017-09-25,12.625,13.516428571428571,14.096428571428572,15.2,15.600714285714286,16.073214285714286,9
2017-09-26,12.560714285714287,13.417857142857143,13.989285714285714,15.075,15.516428571428571,15.996428571428572,9
2017-09-27,12.528571428571428,13.432142857142857,14.032142857142857,15.089285714285714,15.532142857142857,16.014285714285716,9
2017-09-28,12.35357142857143,13.313571428571429,13.975000000000001,15.019642857142857,15.497857142857143,15.982142857142858,9
2017-09-29,12.205357142857144,13.229285714285714,13.917857142857143,14.935714285714285,15.422142857142857,15.91875,9
2017-10-02,12.025,12.949285714285715,13.76607142857143,14.710714285714285,15.182142857142857,15.70357142857143,9
2017-10-03,12.125,13.017857142857142,13.789285714285715,14.675,15.149285714285714,15.67142857142857,9
2017-10-04,12.153571428571428,13.032142857142858,13.832142857142857,14.689285714285715,15.166428571428572,15.689285714285713,9
2017-10-05,11.826785714285714,12.77357142857143,13.625,14.482142857142858,14.983571428571429,15.507142857142858,9
2017-10-06,11.917857142857143,12.867857142857144,13.767857142857142,14.567857142857143,15.050714285714285,15.575,9
2017-10-09,12.25,13.019285714285713,13.996428571428572,14.746428571428572,15.252142857142857,15.763392857142856,9
2017-10-10,12.024999999999999,12.805,13.873214285714287,14.6125,15.119285714285713,15.64642857142857,9
2017-10-11,11.925,12.675,13.732142857142856,14.507142857142856,15.070714285714287,15.614285714285714,9
2017-10-12,11.860714285714284,12.595,13.75,14.526785714285714,15.089285714285715,15.632142857142858,9
2017-10-13,11.70357142857143,12.415,13.596428571428572,14.346428571428572,14.870714285714286,15.4375,9
2017-10-16,11.675,12.275,13.491071428571429,14.203571428571427,14.763571428571428,15.346428571428572,9
2017-10-17,11.743571428571428,12.300714285714285,13.535714285714286,14.225,14.739285714285714,15.360714285714286,9
2017-10-18,11.617857142857142,12.260714285714284,13.482142857142858,14.243571428571428,14.800714285714285,15.432142857142857,8
2017-10-19,11.539285714285715,12.182142857142857,13.375,14.112142857142857,14.669285714285714,15.303571428571427,8
2017-10-20,11.41642857142857,12.102142857142857,13.300892857142857,14.053571428571429,14.589285714285714,15.225,8
2017-10-23,11.925,12.60357142857143,13.717857142857143,14.377857142857144,14.894642857142857,15.473214285714286,9
2017-10-24,12.062142857142858,12.637500000000001,13.691071428571428,14.355,14.917857142857143,15.539285714285715,9
2017-10-25,12.166428571428572,12.732142857142856,13.803571428571429,14.42357142857143,14.983928571428573,15.555357142857142,9
2017-10-26,12.246428571428572,12.8625,13.875,14.492142857142856,15.053571428571429,15.616071428571429,9
2017-10-27,11.676428571428572,12.460714285714285,13.496428571428572,14.110714285714286,14.682142857142857,15.287500000000001,9
2017-10-30,11.875,12.6625,13.610714285714286,14.197857142857142,14.746428571428572,15.335714285714285,9
2017-10-31,11.660714285714286,12.55,13.482142857142856,14.084999999999999,14.667857142857143,15.251785714285713,9
2017-11-01,11.786428571428571,12.6875,13.603571428571428,14.20357142857143,14.77142857142857,15.339285714285714,9
2017-11-02,11.68357142857143,12.767857142857144,13.725000000000001,14.322142857142858,14.89107142857143,15.433928571428572,9
2017-11-03,11.669285714285714,12.85892857142857,13.823214285714286,14.416428571428572,14.960714285714285,15.5,9
2017-11-06,11.595,12.860714285714286,13.792857142857143,14.396428571428572,14.996428571428572,15.548214285714286,9
2017-11-07,11.755,13.003571428571428,13.933035714285715,14.555,15.139285714285714,15.696428571428571,9
2017-11-08,11.795,13.04642857142857,13.992857142857142,14.624285714285714,15.239285714285714,15.780357142857143,9
2017-11-09,11.947857142857142,13.139285714285714,14.0875,14.735,15.32857142857143,15.846428571428572,9
2017-11-10,12.29642857142857,13.467857142857142,14.414285714285713,15.020714285714286,15.564285714285713,16.0625,9
2017-11-13,12.545,13.719642857142858,14.639285714285714,15.22642857142857,15.807142857142857,16.310714285714287,9
2017-11-14,12.567857142857143,13.810714285714287,14.766071428571427,15.344999999999999,15.967857142857142,16.476785714285715,9
2017-11-15,,14.201785714285714,15.048214285714286,15.613571428571428,16.19642857142857,16.739285714285714,8
2017-11-16,,13.882142857142856,14.775,15.332142857142857,15.916071428571428,16.45714285714286,8
2017-11-17,,13.830357142857142,14.717857142857142,15.253571428571428,15.882142857142858,16.375,8
2017-11-20,12.075,13.482142857142858,14.310714285714285,14.953571428571427,15.592857142857142,16.109285714285715,9
2017-11-21,11.673214285714286,13.071428571428571,13.989285714285714,14.675,15.314285714285715,15.870714285714286,9
2017-11-22,11.575,13.010714285714286,13.953571428571427,14.596428571428572,15.22857142857143,15.739285714285716,9
2017-11-24,11.625,13.023214285714285,13.927142857142858,14.589285714285715,15.214285714285714,15.705,9
2017-11-27,11.712499999999999,13.164285714285715,14.026428571428571,14.714285714285714,15.367857142857142,15.839285714285714,9
2017-11-28,11.689285714285715,13.064285714285715,13.949285714285715,14.6375,15.285714285714286,15.750714285714285,9
2017-11-29,11.941071428571428,13.317857142857143,14.222142857142858,14.89642857142857,15.503571428571428,15.962142857142856,9
2017-11-30,12.157142857142858,13.410714285714286,14.225000000000001,14.867857142857144,15.491071428571429,15.955,9
2017-12-01,12.425,13.669642857142858,14.446428571428571,15.089285714285714,15.667857142857143,16.085,9
2017-12-04,12.575,13.710714285714285,14.460714285714285,15.103571428571428,15.66607142857143,16.045,9
2017-12-05,12.571428571428571,13.660714285714286,14.382142857142856,15.0,15.560714285714287,15.955,9
2017-12-06,12.49642857142857,13.621428571428572,14.35357142857143,14.969642857142857,15.528571428571428,15.915,9
2017-12-07,12.085714285714287,13.285714285714285,14.055,14.689285714285715,15.246428571428572,15.653571428571428,9
2017-12-08,11.807142857142857,13.039285714285713,13.922142857142857,14.60892857142857,15.18125,15.605,9
2017-12-11,11.5625,12.8375,13.775,14.539285714285715,15.117857142857142,15.53357142857143,9
2017-12-12,11.632142857142856,12.875,13.805,14.6,15.185714285714287,15.596428571428572,9
2017-12-13,11.716071428571428,12.823214285714286,13.696428571428573,14.475,15.096428571428572,15.509285714285715,9
2017-12-14,11.660714285714285,12.803571428571429,13.715,14.45892857142857,15.110714285714286,15.522142857142857,9
2017-12-15,11.308928571428572,12.439285714285713,13.38642857142857,14.217857142857142,14.882142857142858,15.285,9
2017-12-18,11.325,12.311428571428571,13.232857142857142,14.048214285714286,14.639285714285714,15.067857142857143,9
2017-12-19,11.357142857142856,12.315,13.215,13.975,14.653571428571428,15.082142857142857,9
2017-12-20,11.489285714285716,12.433571428571428,13.247857142857143,14.046428571428573,14.672142857142857,15.143571428571429,8
2017-12-21,11.332142857142857,12.353571428571428,13.125,13.87142857142857,14.537857142857142,15.009285714285715,8
2017-12-22,11.553571428571429,12.470714285714285,13.198214285714286,13.889285714285714,14.507142857142858,15.0,8
2017-12-26,11.610714285714286,12.54642857142857,13.220535714285713,13.9125,14.46642857142857,14.975,9
2017-12-27,11.64642857142857,12.560714285714285,13.214285714285714,13.882142857142856,14.417857142857143,14.89107142857143,9
2017-12-28,11.6,12.549285714285714,13.237499999999999,13.901785714285714,14.432142857142857,14.914285714285715,9
2017-12-29,11.867857142857142,12.753571428571428,13.410714285714285,14.053571428571429,14.529285714285715,14.975,9
2018-01-02,11.464285714285714,12.387857142857142,13.125,13.775,14.253571428571428,14.760714285714286,9
2018-01-03,11.332142857142857,12.23642857142857,12.95,13.592857142857142,14.067857142857141,14.582142857142857,9
2018-01-04,11.33392857142857,12.286428571428571,13.025,13.689285714285715,14.156428571428572,14.653571428571428,9
2018-01-05,11.278571428571428,12.210714285714285,12.95,13.60892857142857,14.055714285714286,14.5375,9
2018-01-08,11.375,12.200714285714286,12.957142857142857,13.617857142857144,14.057857142857143,14.589285714285714,9
2018-01-09,11.539285714285715,12.289285714285715,13.0,13.6,14.053571428571429,14.57857142857143,9
2018-01-10,11.39642857142857,12.14642857142857,12.875,13.467857142857142,13.917857142857143,14.482142857142858,9
2018-01-11,11.417857142857143,12.132142857142856,12.8125,13.385714285714286,13.832142857142857,14.367857142857144,9
2018-01-12,11.557142857142857,12.215,12.846428571428572,13.403571428571428,13.809285714285714,14.375,9
2018-01-16,12.093571428571428,12.650714285714285,13.282142857142857,13.825,14.253571428571428,14.860714285714286,9
2018-01-17,12.150714285714285,12.536428571428571,13.153571428571428,13.739285714285714,14.167857142857143,14.782142857142857,8
2018-01-18,12.135,12.735,13.325,13.850714285714284,14.236428571428572,14.853571428571428,8
2018-01-19,11.99357142857143,12.507857142857143,13.194642857142858,13.767857142857142,14.196428571428571,14.825,8
2018-01-22,11.955,12.52142857142857,13.196428571428571,13.702142857142857,14.096428571428572,14.705,9
2018-01-23,12.14642857142857,12.794642857142858,13.464285714285714,13.965,14.364285714285714,14.909285714285714,9
2018-01-24,12.405,13.017857142857144,13.692857142857143,14.21642857142857,14.583928571428572,15.103571428571428,9
2018-01-25,12.596428571428572,13.15,13.8625,14.377857142857144,14.746428571428572,15.200714285714286,9
2018-01-26,12.560714285714285,13.214285714285714,13.867857142857142,14.325,14.664285714285713,15.115,9
2018-01-29,13.645,13.969642857142857,14.432142857142857,14.767857142857144,15.067857142857143,15.467857142857143,9
2018-01-30,14.017857142857142,14.217857142857142,14.64642857142857,14.975,15.269642857142857,15.622142857142856,9
2018-01-31,13.566428571428572,13.871428571428572,14.360714285714286,14.703571428571427,15.035714285714285,15.376428571428571,9
2018-02-01,13.347857142857144,13.639285714285714,14.15,14.535,14.92142857142857,15.280714285714286,9
2018-02-02,15.290714285714285,15.02142857142857,15.182142857142857,15.347857142857144,15.596428571428572,15.865,9
2018-02-05,30.075000000000003,26.117857142857144,22.298214285714288,20.05,19.401785714285715,19.910714285714285,9
2018-02-06,22.083571428571428,20.40267857142857,19.474107142857143,19.0,18.792857142857144,18.44142857142857,9
2018-02-07,21.092142857142857,19.5375,18.90357142857143,18.300714285714285,18.034821428571426,18.10642857142857,9
2018-02-08,23.677142857142858,20.852678571428573,20.00625,19.357142857142858,19.067857142857143,18.87857142857143,9
2018-02-09,22.353571428571428,19.425,18.632142857142856,18.010714285714286,17.80892857142857,17.75,9
2018-02-12,21.025,19.06517857142857,18.520535714285714,18.127857142857142,18.064285714285713,17.972142857142856,9
2018-02-13,20.750714285714285,19.09642857142857,18.626785714285717,18.26,18.257142857142856,18.16785714285714,9
2018-02-14,,17.785714285714285,17.823214285714286,17.659285714285716,17.79642857142857,17.750714285714288,8
2018-02-15,,17.339285714285715,17.325,17.196428571428573,17.353571428571428,17.375,8
2018-02-16,,17.389285714285712,17.370714285714286,17.24214285714286,17.410714285714285,17.385,8
2018-02-20,18.355357142857144,17.814285714285713,17.689285714285717,17.475,17.619285714285713,17.533571428571427,9
2018-02-21,18.539285714285715,18.060714285714287,17.940714285714286,17.78035714285714,17.91,17.76,9
2018-02-22,18.026785714285715,17.616071428571427,17.54,17.410714285714285,17.535714285714285,17.42857142857143,9
2018-02-23,16.79285714285714,16.90535714285714,16.902142857142856,16.84107142857143,16.960714285714285,16.875,9
2018-02-26,16.175,16.23125,16.357857142857142,16.423214285714288,16.594285714285714,16.601785714285715,9
2018-02-27,17.425,17.15714285714286,17.07357142857143,17.025000000000002,17.149285714285714,17.110714285714284,9
2018-02-28,18.349999999999998,17.79642857142857,17.600714285714286,17.510714285714286,17.571428571428573,17.535714285714285,9
2018-03-01,19.510714285714286,18.54642857142857,18.275,18.173214285714284,18.227857142857143,18.146428571428572,9
2018-03-02,18.73035714285714,18.205357142857142,18.039285714285715,17.996428571428574,18.07357142857143,18.025000000000002,9
2018-03-05,18.049999999999997,17.78214285714286,17.672857142857143,17.669642857142858,17.685714285714287,17.67142857142857,9
2018-03-06,18.1375,17.975,17.89357142857143,17.9,17.90642857142857,17.90357142857143,9
2018-03-07,17.817857142857143,17.807142857142857,17.810714285714287,17.89375,17.926428571428573,17.97142857142857,9
2018-03-08,17.255357142857143,17.444642857142856,17.555,17.71785714285714,17.786428571428573,17.84285714285714,9
2018-03-09,16.064285714285717,16.54642857142857,16.769285714285715,17.007142857142856,17.125,17.25,9
2018-03-12,16.475,16.90357142857143,17.04642857142857,17.253571428571426,17.325,17.476785714285715,9
2018-03-13,16.892857142857142,17.182142857142857,17.262142857142855,17.4625,17.525,17.701785714285712,9
2018-03-14,17.29285714285714,17.498214285714283,17.525,17.72142857142857,17.775,17.944642857142856,9
2018-03-15,16.732142857142858,17.09642857142857,17.244999999999997,17.48035714285714,17.507142857142856,17.69642857142857,9
2018-03-16,16.45357142857143,16.8125,16.949285714285715,17.232142857142858,17.275,17.5375,9
2018-03-19,17.475,17.469285714285714,17.38357142857143,17.567857142857143,17.533571428571427,17.782142857142855,9
2018-03-20,17.37857142857143,17.475,17.475,17.725,17.682142857142857,17.942857142857143,9
2018-03-21,17.325,17.330714285714286,17.373571428571427,17.650714285714283,17.67214285714286,17.90714285714286,8
2018-03-22,19.273214285714285,18.367857142857144,18.025,18.17214285714286,18.129285714285714,18.317857142857143,8
2018-03-23,20.267857142857142,19.230714285714285,18.77857142857143,18.86,18.71,18.85,8
2018-03-26,19.15,18.535,18.29642857142857,18.407857142857143,18.330357142857142,18.499107142857145,9
2018-03-27,20.167857142857144,19.382142857142856,19.051785714285714,19.145,19.035714285714285,19.2,9
2018-03-28,20.65535714285714,19.71785714285714,19.40714285714286,19.49642857142857,19.413392857142856,19.569642857142856,9
2018-03-29,19.57857142857143,19.087857142857143,18.86875,18.96785714285714,18.896428571428572,19.083928571428572,9
2018-04-02,20.725,19.727857142857143,19.43392857142857,19.469285714285714,19.389285714285716,19.496428571428574,9
2018-04-03,20.04642857142857,19.432142857142857,19.239285714285714,19.245,19.173214285714284,19.34375,9
2018-04-04,19.546428571428574,19.045,18.944642857142856,18.982142857142858,18.978571428571428,19.182142857142857,9
2018-04-05,18.832142857142856,18.59357142857143,18.65,18.729285714285712,18.75357142857143,19.014285714285716,9
2018-04-06,19.91785714285714,19.353571428571428,19.33214285714286,19.352142857142855,19.339285714285715,19.55,9
2018-04-09,20.075,19.529285714285713,19.47142857142857,19.425,19.44375,19.676785714285714,9
2018-04-10,19.585714285714285,19.185,19.210714285714285,19.185,19.239285714285714,19.517857142857142,9
2018-04-11,19.58214285714286,19.332142857142856,19.417857142857144,19.412142857142857,19.49642857142857,19.744642857142857,9
2018-04-12,18.739285714285714,18.687857142857144,18.8625,18.859285714285715,18.95357142857143,19.239285714285714,9
2018-04-13,18.103571428571428,18.240714285714283,18.47142857142857,18.525,18.660714285714285,18.9875,9
2018-04-16,17.275,17.532142857142855,17.932142857142857,18.052142857142858,18.310714285714287,18.696428571428573,9
2018-04-17,16.389285714285716,16.817857142857143,17.339285714285715,17.575,17.9125,18.332142857142856,9
2018-04-18,16.439285714285717,16.65357142857143,17.10892857142857,17.290714285714284,17.646428571428572,18.09464285714286,8
2018-04-19,16.59642857142857,16.810714285714283,17.225,17.353571428571428,17.6875,18.15892857142857,8
2018-04-20,17.030714285714286,17.073571428571427,17.429285714285715,17.55785714285714,17.853571428571428,18.275,8
2018-04-23,16.865,17.04642857142857,17.342142857142857,17.470714285714287,17.791071428571428,18.225,9
2018-04-24,17.629285714285714,17.49107142857143,17.625,17.625,17.90357142857143,18.26642857142857,9
2018-04-25,17.712142857142858,17.696428571428573,17.833571428571428,17.883928571428573,18.170535714285716,18.539285714285715,9
2018-04-26,16.91785714285714,17.078571428571426,17.345,17.446428571428573,17.78214285714286,18.107857142857142,9
2018-04-27,16.550714285714285,16.910714285714285,17.259285714285717,17.40714285714286,17.746428571428574,18.064999999999998,9
2018-04-30,16.745,17.0375,17.322142857142858,17.489285714285714,17.839285714285715,18.110714285714284,9
2018-05-01,16.360714285714284,16.617857142857144,16.92642857142857,17.112499999999997,17.511607142857144,17.784285714285716,9
2018-05-02,16.693571428571428,16.912499999999998,17.180714285714284,17.367857142857144,17.751785714285713,18.00785714285714,9
2018-05-03,16.525,16.69642857142857,16.995,17.204464285714288,17.601785714285715,17.85642857142857,9
2018-05-04,16.132142857142856,16.560714285714283,16.839285714285715,17.05,17.44642857142857,17.665,9
2018-05-07,16.085,16.582142857142856,16.877857142857142,17.114285714285714,17.51607142857143,17.712857142857143,9
2018-05-08,16.057857142857145,16.498214285714287,16.783571428571427,17.05,17.482142857142858,17.675,9
2018-05-09,15.350714285714286,15.97857142857143,16.375,16.7125,17.148214285714285,17.352142857142855,9
2018-05-10,14.792142857142856,15.448214285714286,15.864999999999998,16.25357142857143,16.714285714285715,16.932142857142857,9
2018-05-11,14.407142857142857,15.092857142857143,15.517142857142858,15.948214285714286,16.498214285714287,16.735,9
2018-05-14,14.254999999999999,14.885714285714286,15.260714285714286,15.732142857142858,16.307142857142857,16.527857142857144,9
2018-05-15,15.247857142857143,15.710714285714285,15.997857142857143,16.375,16.885714285714286,17.04642857142857,9
2018-05-16,,15.255357142857143,15.672142857142857,16.089285714285715,16.603571428571428,16.749285714285712,8
2018-05-17,,15.024999999999999,15.475,15.944642857142856,16.47142857142857,16.640714285714285,8
2018-05-18,,15.29642857142857,15.65642857142857,16.110714285714288,16.662499999999998,16.8,8
2018-05-21,14.075,14.803571428571429,15.232142857142858,15.70892857142857,16.279285714285713,16.407857142857143,9
2018-05-22,14.251785714285713,15.013571428571428,15.399285714285716,15.925,16.48357142857143,16.612142857142857,9
2018-05-23,13.935714285714285,14.776428571428571,15.162142857142857,15.744642857142857,16.287857142857142,16.416428571428572,9
2018-05-24,13.908035714285713,14.674999999999999,15.125,15.717857142857143,16.292142857142856,16.420714285714286,9
2018-05-25,14.225,14.902142857142856,15.294642857142858,15.883928571428571,16.396428571428572,16.525,9
2018-05-29,15.982142857142858,16.125,16.169642857142858,16.4625,16.744285714285716,16.80357142857143,9
2018-05-30,15.335714285714287,15.785,16.110714285714284,16.55357142857143,16.889285714285716,16.929464285714285,9
2018-05-31,15.585714285714285,15.995000000000001,16.3125,16.719642857142855,17.040714285714284,17.075,9
2018-06-01,14.719642857142858,15.323571428571428,15.703571428571427,16.22142857142857,16.609285714285715,16.675,9
2018-06-04,14.3,14.880714285714285,15.321428571428571,15.880357142857143,16.239285714285714,16.351785714285715,9
2018-06-05,14.107142857142858,14.743571428571428,15.189285714285713,15.7375,16.057142857142857,16.14464285714286,9
2018-06-06,13.64642857142857,14.357857142857142,14.880357142857143,15.469642857142857,15.797857142857143,15.896428571428572,9
2018-06-07,13.782142857142858,14.487142857142857,15.0125,15.589285714285714,15.889285714285714,15.984821428571427,9
2018-06-08,13.903571428571428,14.539285714285715,15.069642857142856,15.628571428571428,15.90642857142857,16.0,9
2018-06-11,13.7,14.435,15.028571428571428,15.635714285714286,15.87857142857143,15.955357142857142,9
2018-06-12,13.678571428571429,14.405000000000001,15.066071428571428,15.6875,15.890714285714285,15.957142857142857,9
2018-06-13,14.005357142857143,14.639285714285714,15.253571428571428,15.857142857142858,16.04357142857143,16.142857142857142,9
2018-06-14,13.532142857142858,14.232142857142858,14.93125,15.57232142857143,15.817857142857143,15.946428571428571,9
2018-06-15,13.601785714285715,14.207142857142857,14.841071428571428,15.532142857142857,15.792142857142856,15.94375,9
2018-06-18,13.675,14.14642857142857,14.760714285714284,15.451785714285714,15.682142857142857,15.853571428571428,9
2018-06-19,14.240714285714285,14.712142857142858,15.239285714285714,15.825,15.99642857142857,16.15892857142857,9
2018-06-20,13.965,14.565,15.203571428571427,15.780714285714286,15.952142857142857,16.114285714285714,8
2018-06-21,14.909285714285714,15.252142857142857,15.7,16.18357142857143,16.312142857142856,16.42142857142857,8
2018-06-22,14.499285714285715,15.05642857142857,15.542857142857143,16.04,16.189999999999998,16.325,8
2018-06-25,16.314999999999998,16.289285714285715,16.525000000000002,16.825,16.825,16.88660714285714,9
2018-06-26,15.932142857142857,16.15982142857143,16.516964285714284,16.825,16.825,16.910714285714285,9
2018-06-27,16.912142857142857,16.90357142857143,17.139285714285712,17.36357142857143,17.319642857142856,17.373214285714283,9
2018-06-28,16.539285714285715,16.619642857142857,16.9125,17.155714285714286,17.089285714285715,17.142857142857142,9
2018-06-29,16.134999999999998,16.45,16.825,17.075,17.066071428571426,17.15,9
2018-07-02,16.145,16.4375,16.832142857142856,17.09357142857143,17.110714285714284,17.253571428571426,9
2018-07-03,16.525000000000002,16.814285714285717,17.125,17.325,17.316964285714285,17.496428571428574,9
2018-07-05,15.766428571428571,16.24642857142857,16.725,16.997857142857143,17.025,17.257142857142856,9
2018-07-06,15.063571428571429,15.780357142857143,16.34285714285714,16.623571428571427,16.675,16.925,9
2018-07-09,14.285,14.967857142857143,15.610714285714286,15.910714285714285,15.975,16.30892857142857,9
2018-07-10,14.053571428571429,14.758928571428571,15.416071428571428,15.715,15.803571428571429,16.194642857142856,9
2018-07-11,14.635,15.196428571428571,15.767857142857144,16.019285714285715,16.090178571428574,16.490178571428572,9
2018-07-12,14.113571428571428,14.814285714285713,15.4625,15.723571428571429,15.79107142857143,16.192857142857143,9
2018-07-13,13.867857142857142,14.689285714285715,15.346428571428572,15.612142857142857,15.708928571428572,16.1375,9
2018-07-16,14.015,14.767857142857142,15.455357142857142,15.679285714285713,15.764285714285714,16.267857142857146,9
2018-07-17,13.657857142857143,14.660714285714286,15.471428571428572,15.725,15.816071428571428,16.360714285714288,9
2018-07-18,,14.773214285714285,15.549999999999999,15.823571428571428,15.917857142857143,16.435714285714287,8
2018-07-19,,14.964285714285715,15.725,15.896428571428572,15.969642857142857,16.505357142857143,8
2018-07-20,,15.142857142857144,15.831428571428571,16.024285714285714,16.119642857142857,16.675,8
2018-07-23,14.075,15.071428571428571,15.709285714285715,15.96642857142857,15.996428571428572,16.59642857142857,9
2018-07-24,14.107142857142856,15.049999999999999,15.710714285714287,15.925,15.989285714285714,16.53214285714286,9
2018-07-25,13.899999999999999,14.982142857142858,15.667857142857143,15.875892857142857,15.95625,16.460714285714285,9
2018-07-26,13.965178571428572,15.054464285714287,15.705,15.925,16.00357142857143,16.5125,9
2018-07-27,14.446428571428571,15.325000000000001,15.920714285714286,16.075,16.173214285714284,16.65625,9
2018-07-30,15.0625,15.801785714285714,16.222142857142856,16.325,16.46785714285714,16.87857142857143,9
2018-07-31,14.346428571428572,15.275,15.793571428571429,15.93125,16.11875,16.55357142857143,9
2018-08-01,14.548214285714286,15.4,15.880714285714285,15.989285714285714,16.203571428571426,16.610714285714284,9
2018-08-02,14.3,15.275,15.755,15.89107142857143,16.14107142857143,16.567857142857143,9
2018-08-03,14.025892857142857,15.159821428571428,15.682142857142857,15.83392857142857,16.053571428571427,16.424999999999997,9
2018-08-06,13.7,14.860714285714286,15.379285714285714,15.571428571428571,15.892857142857142,16.24642857142857,9
2018-08-07,13.42142857142857,14.541071428571428,15.065,15.3,15.660714285714286,16.003571428571426,9
2018-08-08,13.375,14.553571428571429,15.075,15.305357142857142,15.678571428571429,16.010714285714286,9
2018-08-09,13.555357142857144,14.701785714285714,15.155,15.375,15.7875,16.117857142857144,9
2018-08-10,14.417857142857143,15.275,15.600714285714286,15.735714285714286,16.09732142857143,16.38125,9
2018-08-13,15.325,15.885714285714286,16.04642857142857,16.146428571428572,16.52857142857143,16.753571428571426,9
2018-08-14,14.510714285714286,15.282142857142857,15.560714285714285,15.7375,16.185714285714283,16.40892857142857,9
2018-08-15,15.1625,15.626785714285715,15.829285714285714,15.95357142857143,16.40357142857143,16.567857142857143,9
2018-08-16,14.625,15.332142857142857,15.575,15.748214285714287,16.22142857142857,16.419642857142858,9
2018-08-17,14.191071428571428,15.0,15.315,15.54642857142857,16.039285714285715,16.225,9
2018-08-20,14.175,14.895,15.195,15.417857142857143,15.932142857142857,16.158088235294116,9
2018-08-21,14.644642857142857,15.200714285714286,15.457857142857142,15.65,16.139285714285712,16.36911764705882,9
2018-08-22,14.239285714285716,15.115,15.415000000000001,15.592857142857142,16.09107142857143,16.276470588235295,8
2018-08-23,14.326785714285714,15.225000000000001,15.525,15.708928571428572,16.16785714285714,16.345588235294116,8
2018-08-24,14.275,15.226428571428572,15.480357142857143,15.678571428571429,16.151785714285715,16.347058823529412,8
2018-08-27,14.4,15.302142857142856,15.546428571428573,15.771428571428572,16.16785714285714,16.377941176470586,9
2018-08-28,14.417857142857143,15.375,15.651785714285714,15.887500000000001,16.273214285714285,16.472058823529412,9
2018-08-29,14.342857142857143,15.350714285714286,15.657142857142857,15.903571428571428,16.27857142857143,16.48970588235294,9
2018-08-30,14.935714285714287,15.777857142857144,16.0,16.219642857142855,16.583928571428572,16.770588235294117,9
2018-08-31,14.476785714285715,15.323571428571428,15.632142857142856,15.935714285714287,16.310714285714287,16.527941176470588,9
2018-09-04,14.760714285714286,15.419285714285714,15.689285714285715,16.025,16.360714285714284,16.55735294117647,9
2018-09-05,15.117857142857142,15.705,15.944642857142856,16.26607142857143,16.56607142857143,16.764705882352942,9
2018-09-06,15.691071428571428,16.160714285714285,16.325,16.603571428571428,16.87142857142857,17.04264705882353,9
2018-09-07,15.921428571428573,16.339285714285715,16.451785714285716,16.71785714285714,16.976785714285715,17.163970588235294,9
2018-09-10,15.450000000000001,15.872142857142856,16.039285714285715,16.432142857142857,16.732142857142854,16.951470588235292,9
2018-09-11,14.932142857142857,15.399285714285714,15.626785714285715,16.087500000000002,16.389285714285716,16.608823529411765,9
2018-09-12,14.846428571428572,15.275,15.482142857142858,15.957142857142857,16.289285714285715,16.554411764705883,9
2018-09-13,14.446428571428571,14.959285714285715,15.1875,15.676785714285714,15.998214285714285,16.302941176470586,9
2018-09-14,14.214285714285714,14.760714285714286,15.032142857142857,15.525,15.855357142857143,16.20441176470588,9
2018-09-17,14.975,15.232142857142858,15.364285714285714,15.857142857142858,16.13529411764706,16.444117647058825,9
2018-09-18,14.689285714285715,15.117857142857144,15.360714285714286,15.875,16.145588235294117,16.454411764705885,9
2018-09-19,14.323571428571428,15.052142857142858,15.269642857142857,15.832142857142856,16.055882352941175,16.36470588235294,8
2018-09-20,14.102142857142857,14.873571428571429,15.175,15.692857142857143,15.966176470588236,16.275,8
2018-09-21,14.233571428571429,15.047857142857142,15.342857142857142,15.851785714285713,16.126470588235293,16.430172413793105,8
2018-09-24,14.205,14.942857142857143,15.239285714285716,15.678571428571429,15.969117647058823,16.295689655172414,9
2018-09-25,14.280714285714286,15.001785714285713,15.314285714285713,15.7875,16.054411764705883,16.30948275862069,9
2018-09-26,14.643571428571429,15.303571428571429,15.571428571428571,15.996428571428572,16.26323529411765,16.506034482758622,9
2018-09-27,14.382142857142858,15.074107142857143,15.418750000000001,15.855357142857143,16.138235294117646,16.411206896551725,9
2018-09-28,14.289285714285715,15.028571428571428,15.367857142857142,15.79642857142857,16.048529411764704,16.31637931034483,9
2018-10-01,14.305,14.955357142857142,15.341071428571428,15.79107142857143,16.07941176470588,16.33189655172414,9
2018-10-02,14.382142857142858,15.032142857142858,15.460714285714285,15.899999999999999,16.18970588235294,16.43706896551724,9
2018-10-03,14.209285714285715,14.862499999999999,15.341964285714285,15.810714285714285,16.112499999999997,16.342241379310344,9
2018-10-04,15.045,15.310714285714285,15.675,16.067857142857143,16.333823529411767,16.54741379310345,9
2018-10-05,15.353571428571428,15.52142857142857,15.842857142857142,16.226785714285715,16.49264705882353,16.70258620689655,9
2018-10-08,15.705,15.782142857142857,16.114285714285714,16.453571428571426,16.68676470588235,16.86810344827586,9
2018-10-09,15.94357142857143,15.925,16.230357142857144,16.487499999999997,16.727941176470587,16.923275862068966,9
2018-10-10,19.073571428571427,18.04285714285714,17.882142857142856,18.003571428571426,18.166176470588237,18.29396551724138,9
2018-10-11,19.357857142857142,18.117857142857144,18.075,18.166071428571428,18.28529411764706,18.361206896551725,9
2018-10-12,18.639285714285716,17.732142857142858,17.732142857142854,17.817857142857143,17.977941176470587,18.06293103448276,9
2018-10-15,18.845,18.114285714285714,18.248214285714283,18.323214285714286,18.495588235294115,18.56810344827586,9
2018-10-16,17.343571428571426,17.189285714285713,17.59285714285714,17.725,17.901470588235295,17.992241379310347,9
2018-10-17,,17.169642857142858,17.560714285714283,17.680882352941175,17.857352941176472,17.968103448275862,8
2018-10-18,,18.099999999999998,18.275,18.230882352941176,18.319117647058825,18.276724137931033,8
2018-10-19,,18.183928571428574,18.42142857142857,18.333823529411763,18.42205882352941,18.325,8
2018-10-22,18.625,18.242857142857144,18.467857142857145,18.433823529411764,18.468103448275862,18.379285714285714,9
2018-10-23,18.810714285714283,18.44107142857143,18.557142857142857,18.485294117647058,18.514655172413793,18.430714285714288,9
2018-10-24,20.553571428571427,19.617857142857144,19.53214285714286,19.363235294117647,19.29741379310345,19.125,9
2018-10-25,20.807142857142857,19.816071428571426,19.724999999999998,19.561764705882354,19.499137931034483,19.36642857142857,9
2018-10-26,20.932142857142857,20.064285714285713,19.953571428571426,19.745588235294118,19.633620689655174,19.475,9
2018-10-29,21.287499999999998,20.542857142857144,20.376785714285717,20.16764705882353,19.997413793103448,19.810714285714283,9
2018-10-30,20.725,20.260714285714286,20.21785714285714,20.013235294117646,19.84741379310345,19.67642857142857,9
2018-10-31,20.114285714285714,19.833928571428572,19.85535714285714,19.730882352941176,19.599137931034484,19.457857142857144,9
2018-11-01,19.185714285714283,19.132142857142856,19.25,19.201470588235296,19.13362068965517,19.05642857142857,9
2018-11-02,19.378571428571426,19.16785714285714,19.248214285714287,19.225,19.168965517241382,19.080000000000002,9
2018-11-05,19.125,18.939285714285713,18.992857142857144,18.975,18.919827586206896,18.875,9
2018-11-06,18.410714285714285,18.34642857142857,18.458928571428572,18.505882352941175,18.466379310344827,18.425,9
2018-11-07,16.99642857142857,17.478571428571428,17.74642857142857,17.83970588235294,17.82844827586207,17.840714285714284,9
2018-11-08,17.09642857142857,17.480357142857144,17.737499999999997,17.84264705882353,17.858620689655172,17.892857142857142,9
2018-11-09,17.603571428571428,17.960714285714285,18.15357142857143,18.21029411764706,18.15603448275862,18.155,9
2018-11-12,18.9375,18.889285714285716,18.880357142857143,18.875,18.756034482758622,18.690714285714286,9
2018-11-13,19.03214285714286,19.139285714285716,19.12857142857143,19.04264705882353,18.900862068965516,18.839285714285715,9
2018-11-14,19.558928571428574,19.648214285714285,19.57857142857143,19.489705882352943,19.259482758620692,19.169285714285714,9
2018-11-15,19.160714285714285,19.450000000000003,19.475,19.386764705882353,19.150862068965516,19.08642857142857,9
2018-11-16,18.319642857142856,18.710714285714285,18.825,18.825,18.685344827586206,18.635,9
2018-11-19,19.375,19.62142857142857,19.563235294117646,19.475,19.273571428571426,19.23071428571429,9
2018-11-20,20.42857142857143,20.514285714285712,20.402941176470588,20.264655172413793,19.970714285714287,19.90642857142857,9
2018-11-21,20.142857142857142,20.367857142857144,20.298529411764704,20.157758620689656,19.920714285714286,19.877857142857142,8
2018-11-23,20.482142857142858,20.503571428571426,20.389705882352942,20.240517241379308,20.017857142857142,19.975,8
2018-11-26,19.0375,19.415178571428573,19.491911764705883,19.426724137931036,19.275,19.28035714285714,9
2018-11-27,18.875,19.160714285714285,19.24264705882353,19.233620689655172,19.125,19.132142857142856,9
2018-11-28,18.337500000000002,18.633928571428573,18.76323529411765,18.79396551724138,18.739285714285714,18.78392857142857,9
2018-11-29,18.535714285714285,18.867857142857144,18.945588235294117,18.94051724137931,18.875,18.885714285714286,9
2018-11-30,17.871428571428574,18.267857142857142,18.463235294117645,18.537068965517243,18.49214285714286,18.537499999999998,9
2018-12-03,17.075,17.54642857142857,17.80735294117647,17.900862068965516,17.917857142857144,18.010714285714286,9
2018-12-04,19.34464285714286,19.18392857142857,19.152941176470588,19.071551724137933,18.975,18.975,9
2018-12-05,19.039285714285715,19.001785714285717,19.004411764705882,18.956034482758618,18.9,18.910714285714285,9
2018-12-06,19.651785714285715,19.305357142857144,19.255882352941175,19.157758620689656,19.049285714285713,19.025,9
2018-12-07,20.942857142857143,20.317857142857143,20.110294117647058,19.888793103448275,19.693571428571428,19.625,9
2018-12-10,20.724999999999998,20.2375,20.02794117647059,19.757758620689657,19.612142857142857,19.575,9
2018-12-11,20.646428571428572,20.303571428571427,20.16029411764706,19.85948275862069,19.709285714285713,19.642857142857142,9
2018-12-12,20.541071428571428,20.291071428571428,20.155882352941177,19.847413793103446,19.740714285714287,19.69107142857143,9
2018-12-13,20.296428571428574,20.17857142857143,20.09264705882353,19.86810344827586,19.75357142857143,19.725,9
2018-12-14,20.96607142857143,20.585714285714285,20.447058823529414,20.123275862068965,20.000714285714288,19.9375,9
2018-12-17,21.675,21.21029411764706,20.989705882352943,20.588793103448275,20.450714285714287,20.339285714285715,9
2018-12-18,21.962500000000002,21.598529411764705,21.333823529411763,20.875,20.70357142857143,20.585714285714285,9
2018-12-19,22.29642857142857,21.883823529411764,21.575,21.069285714285712,20.89785714285714,20.782142857142855,8
2018-12-20,22.655357142857145,22.008823529411764,21.607758620689655,21.110714285714284,20.896428571428572,20.77857142857143,8
2018-12-21,24.103571428571428,22.783823529411766,22.076724137931034,21.399285714285714,21.142142857142858,21.025,8
2018-12-24,25.256249999999998,23.020588235294117,22.045689655172414,21.37357142857143,21.12410714285714,21.126785714285717,9
2018-12-26,24.01607142857143,22.301470588235293,21.45603448275862,20.867857142857144,20.669642857142858,20.65625,9
2018-12-27,24.275,22.58970588235294,21.768103448275863,21.147857142857145,20.910714285714285,20.857142857142858,9
2018-12-28,24.401785714285715,22.611764705882354,21.807758620689654,21.225,20.948214285714286,20.85625,9
2018-12-31,23.225,21.945588235294117,21.326724137931034,20.891428571428573,20.692857142857143,20.59464285714286,9
2019-01-02,22.410714285714285,21.610294117647058,21.13362068965517,20.767857142857142,20.571428571428573,20.539285714285715,9
2019-01-03,23.40357142857143,22.41176470588235,21.814655172413794,21.387857142857143,21.126785714285717,21.021428571428572,9
2019-01-04,21.475,21.019117647058824,20.654310344827586,20.377857142857142,20.232142857142858,20.225,9
2019-01-07,21.05,20.75588235294118,20.445689655172412,20.239285714285714,20.09464285714286,20.116071428571427,9
2019-01-08,20.625,20.519117647058824,20.233620689655172,20.035,19.889285714285716,19.857142857142858,9
2019-01-09,20.248214285714283,20.238235294117647,20.06206896551724,19.92142857142857,19.814285714285713,19.84285714285714,9
2019-01-10,20.003571428571426,20.101470588235294,19.973275862068967,19.842857142857145,19.751785714285717,19.79642857142857,9
2019-01-11,19.426785714285714,19.673529411764708,19.645689655172415,19.590714285714284,19.524107142857144,19.575000000000003,9
2019-01-14,19.475,19.607352941176472,19.535344827586204,19.486428571428572,19.396428571428572,19.525000000000002,9
2019-01-15,18.830882352941174,19.00735294117647,19.07155172413793,19.075,19.03392857142857,19.15892857142857,9
2019-01-16,19.027941176470588,19.07205882352941,19.075,19.075,19.032142857142855,19.164285714285715,8
2019-01-17,18.54705882352941,18.767647058823528,18.775,18.860714285714284,18.875,19.067857142857143,8
2019-01-18,18.360294117647058,18.625,18.57785714285714,18.66357142857143,18.675,18.875,8
2019-01-22,20.069117647058825,19.669827586206896,19.317857142857143,19.275,19.185714285714287,19.33642857142857,9
2019-01-23,19.68529411764706,19.523275862068964,19.275,19.27142857142857,19.19107142857143,19.335714285714285,9
2019-01-24,19.189705882352943,19.173275862068966,18.965,18.925,18.946428571428573,19.092142857142857,9
2019-01-25,18.355882352941176,18.500862068965517,18.459285714285716,18.575,18.601785714285715,18.745,9
2019-01-28,19.125,19.05603448275862,18.925,18.925,18.96785714285714,19.09642857142857,9
2019-01-29,18.902941176470588,18.799137931034483,18.675,18.675,18.723214285714285,18.85642857142857,9
2019-01-30,18.163235294117648,18.395689655172415,18.462142857142858,18.525,18.57857142857143,18.709285714285713,9
2019-01-31,17.45,17.842241379310344,18.005,18.125,18.20357142857143,18.362142857142857,9
2019-02-01,17.28970588235294,17.59741379310345,17.78214285714286,17.960714285714285,18.110714285714284,18.265,9
2019-02-04,16.86470588235294,17.192241379310342,17.40357142857143,17.57142857142857,17.785714285714285,17.997857142857143,9
2019-02-05,16.816176470588236,17.037068965517243,17.23785714285714,17.425,17.617857142857144,17.802142857142858,9
2019-02-06,16.679411764705883,16.923275862068966,17.146428571428572,17.301785714285714,17.476785714285715,17.65642857142857,9
2019-02-07,17.316176470588236,17.34051724137931,17.474999999999998,17.603571428571428,17.785714285714285,17.960714285714285,9
2019-02-08,16.955882352941178,17.14741379310345,17.36357142857143,17.535714285714285,17.710714285714285,17.865,9
2019-02-11,16.84264705882353,17.057758620689654,17.325,17.49642857142857,17.701785714285712,17.87,9
2019-02-12,16.56323529411765,16.854310344827585,17.172142857142855,17.3875,17.630357142857143,17.78214285714286,9
2019-02-13,,16.80948275862069,17.017857142857142,17.192857142857143,17.439285714285717,17.586428571428574,8
2019-02-14,,17.111206896551725,17.325,17.45714285714286,17.65357142857143,17.790714285714284,8
2019-02-15,,16.614655172413794,16.915000000000003,17.103571428571428,17.357142857142858,17.494999999999997,8
2019-02-19,16.345689655172414,16.650714285714287,16.907857142857143,17.075,17.33642857142857,17.50785714285714,9
2019-02-20,15.642241379310345,16.27642857142857,16.662142857142857,16.884821428571428,17.165,17.314999999999998,9
2019-02-21,15.957758620689656,16.517857142857142,16.775,16.939285714285717,17.142142857142858,17.270714285714284,9
2019-02-22,15.304310344827586,16.002142857142857,16.383928571428573,16.646428571428572,16.84642857142857,16.975,9
2019-02-25,15.726724137931035,16.202142857142857,16.439285714285713,16.578571428571426,16.809285714285714,16.954464285714288,9
2019-02-26,15.926724137931034,16.460714285714285,16.692857142857143,16.825,17.013571428571428,17.15714285714286,9
2019-02-27,15.899137931034483,16.435,16.685714285714287,16.767857142857142,16.90357142857143,17.001785714285717,9
2019-02-28,15.821551724137931,16.370714285714286,16.674999999999997,16.774107142857144,16.840714285714284,16.917857142857144,9
2019-03-01,15.15603448275862,15.810714285714285,16.20357142857143,16.48035714285714,16.642142857142858,16.7125,9
2019-03-04,15.585344827586207,16.080714285714286,16.40357142857143,16.617857142857144,16.74642857142857,16.82857142857143,9
2019-03-05,15.806034482758621,16.245,16.510714285714286,16.725,16.847857142857144,16.89464285714286,9
2019-03-06,16.30948275862069,16.655,16.87142857142857,17.03214285714286,17.125,17.167857142857144,9
2019-03-07,16.818103448275863,17.010714285714286,17.2,17.360714285714284,17.425,17.47142857142857,9
2019-03-08,16.871551724137934,17.117857142857144,17.291964285714286,17.44107142857143,17.5,17.5375,9
2019-03-11,15.707758620689656,16.220714285714287,16.567857142857143,16.853571428571428,16.95642857142857,17.06607142857143,9
2019-03-12,15.426724137931036,16.017857142857142,16.37857142857143,16.7,16.840714285714284,16.9875,9
2019-03-13,15.233620689655172,15.832142857142857,16.189285714285713,16.510714285714286,16.677857142857142,16.860714285714288,9
2019-03-14,15.131896551724138,15.733571428571429,16.174999999999997,16.521428571428572,16.71785714285714,16.917857142857144,9
2019-03-15,14.730172413793102,15.415,15.928571428571427,16.325,16.52357142857143,16.7625,9
2019-03-18,15.025,15.625,16.082142857142856,16.53482142857143,16.777857142857144,16.99642857142857,9
2019-03-19,15.147857142857143,15.83357142857143,16.25,16.575,16.74642857142857,16.975892857142856,8
2019-03-20,15.370714285714286,16.056428571428572,16.414285714285715,16.729285714285716,16.857857142857142,17.060714285714283,8
2019-03-21,15.147857142857143,15.876428571428573,16.225,16.533571428571427,16.662142857142857,16.819642857142856,8
2019-03-22,16.770714285714288,17.11357142857143,17.17857142857143,17.275,17.275,17.375,8
2019-03-25,16.905,17.235714285714288,17.389285714285716,17.475,17.476785714285715,17.53035714285714,9
2019-03-26,16.09642857142857,16.701785714285716,16.96964285714286,17.195,17.282142857142855,17.382142857142856,9
2019-03-27,16.417857142857144,17.017857142857142,17.317857142857143,17.486428571428572,17.541071428571428,17.675,9
2019-03-28,15.910714285714286,16.6875,17.05,17.300714285714285,17.389285714285716,17.485714285714288,9
2019-03-29,15.570714285714285,16.4,16.746428571428574,16.95357142857143,17.051785714285714,17.19375,9
2019-04-01,15.315,16.0875,16.4625,16.730714285714285,16.867857142857144,17.010714285714286,9
2019-04-02,15.389285714285714,16.21785714285714,16.603571428571428,16.835,16.989285714285714,17.14464285714286,9
2019-04-03,15.400714285714285,16.142857142857142,16.441071428571426,16.639285714285716,16.79642857142857,16.95714285714286,9
2019-04-04,15.33357142857143,16.09642857142857,16.475,16.693571428571428,16.833928571428572,16.97142857142857,9
2019-04-05,15.019285714285715,15.860714285714286,16.2625,16.497857142857143,16.682142857142857,16.9,9
2019-04-08,15.195,15.875,16.21785714285714,16.410714285714285,16.595535714285713,16.775892857142857,9
2019-04-09,15.797857142857143,16.40714285714286,16.728571428571428,16.855,16.989285714285714,17.107142857142858,9
2019-04-10,15.312142857142858,16.03214285714286,16.49642857142857,16.719285714285714,16.881249999999998,17.000892857142855,9
2019-04-11,14.990714285714287,15.864285714285714,16.325,16.556428571428572,16.753571428571426,16.878571428571426,9
2019-04-12,14.20357142857143,15.346428571428572,16.04642857142857,16.449285714285715,16.77857142857143,16.987499999999997,9
2019-04-15,14.255,15.332142857142857,16.055357142857144,16.433571428571426,16.760714285714286,16.975,9
2019-04-16,14.27357142857143,15.439285714285713,16.17857142857143,16.545,16.871428571428574,17.05892857142857,9
2019-04-17,,15.517857142857142,16.20357142857143,16.515,16.832142857142856,17.0375,8
2019-04-18,,15.492857142857142,16.2,16.521428571428572,16.820535714285715,17.018749999999997,8
2019-04-22,14.175,15.42142857142857,16.064999999999998,16.365,16.682142857142857,16.88357142857143,9
2019-04-23,14.167857142857143,15.399999999999999,16.075,16.375,16.689285714285717,16.892142857142858,9
2019-04-24,14.649999999999999,15.696428571428571,16.17642857142857,16.433928571428574,16.69107142857143,16.832142857142856,9
2019-04-25,14.948214285714284,16.064285714285713,16.515,16.689285714285717,16.896428571428572,17.033571428571427,9
2019-04-26,14.49642857142857,15.653571428571428,16.193571428571428,16.45714285714286,16.751785714285717,16.9,9
2019-04-29,14.825,15.885714285714286,16.319285714285716,16.58928571428571,16.867857142857144,17.00357142857143,9
2019-04-30,14.810714285714287,15.971428571428572,16.410714285714285,16.6375,16.889285714285712,17.040714285714284,9
2019-05-01,15.578571428571427,16.501785714285713,16.849285714285713,17.046428571428574,17.27857142857143,17.392142857142858,9
2019-05-02,15.55,16.439285714285717,16.825000000000003,17.055357142857144,17.264285714285716,17.34357142857143,9
2019-05-03,14.785714285714285,15.876785714285715,16.375,16.682142857142857,16.95,17.080000000000002,9
2019-05-06,15.925,16.55357142857143,16.802142857142858,16.991071428571427,17.191964285714285,17.286428571428573,9
2019-05-07,17.794642857142858,17.755357142857143,17.747857142857143,17.825000000000003,17.896428571428572,17.862142857142857,9
2019-05-08,18.03214285714286,17.82857142857143,17.689285714285713,17.67857142857143,17.755357142857143,17.734285714285715,9
2019-05-09,17.914285714285715,17.807142857142857,17.715,17.70357142857143,17.757142857142856,17.74642857142857,9
2019-05-10,16.575,16.96785714285714,17.072142857142858,17.20625,17.30892857142857,17.34,9
2019-05-13,19.1125,18.728571428571428,18.496428571428574,18.425,18.385714285714286,18.272142857142857,9
2019-05-14,18.085714285714285,17.946428571428573,17.77642857142857,17.725,17.725,17.689285714285717,9
2019-05-15,17.294642857142858,17.464285714285715,17.43642857142857,17.503571428571426,17.525,17.487857142857145,9
2019-05-16,16.625,17.1,17.205000000000002,17.348214285714285,17.397321428571427,17.380714285714287,9
2019-05-17,16.90178571428571,17.217857142857145,17.26642857142857,17.360714285714284,17.42142857142857,17.425,9
2019-05-20,17.175,17.427857142857142,17.470714285714287,17.57142857142857,17.625,17.625,9
2019-05-21,16.291071428571428,16.746428571428574,16.960714285714285,17.225,17.301428571428573,17.322857142857142,9
2019-05-22,16.271428571428572,16.89785714285714,17.069285714285712,17.22857142857143,17.329285714285714,17.372142857142858,8
2019-05-23,17.357142857142858,17.632142857142856,17.675,17.72857142857143,17.775,17.775,8
2019-05-24,16.810714285714287,17.342142857142857,17.432142857142857,17.630357142857143,17.682142857142857,17.725,8
2019-05-28,17.475,17.725,17.751785714285717,17.875,17.875,17.839285714285715,9
2019-05-29,17.85535714285714,18.025,18.035714285714285,18.075,18.060714285714283,17.98035714285714,9
2019-05-30,17.567857142857143,17.80785714285714,17.799999999999997,17.89107142857143,17.909285714285716,17.81607142857143,9
2019-05-31,18.25357142857143,18.35642857142857,18.325,18.307142857142857,18.25785714285714,18.137500000000003,9
2019-06-03,18.299999999999997,18.279285714285713,18.244642857142857,18.275,18.232142857142858,18.076785714285712,9
2019-06-04,17.46607142857143,17.675,17.696428571428573,17.725,17.702142857142857,17.557142857142857,9
2019-06-05,17.025,17.376428571428573,17.494642857142857,17.601785714285715,17.600714285714286,17.435714285714287,9
2019-06-06,16.869642857142857,17.179285714285715,17.325000000000003,17.425,17.425,17.285714285714285,9
2019-06-07,17.046428571428574,17.28214285714286,17.432142857142857,17.55535714285714,17.56142857142857,17.4125,9
2019-06-10,16.862499999999997,17.090714285714284,17.253571428571426,17.396428571428572,17.39357142857143,17.223214285714285,9
2019-06-11,16.985714285714288,17.227857142857143,17.410714285714285,17.475,17.475,17.314285714285717,9
2019-06-12,16.9,17.167857142857144,17.40357142857143,17.553571428571427,17.55785714285714,17.363392857142856,9
2019-06-13,16.89642857142857,17.173571428571428,17.4125,17.51607142857143,17.507142857142856,17.30357142857143,9
2019-06-14,16.66785714285714,16.96785714285714,17.260714285714286,17.410714285714285,17.425,17.2375,9
2019-06-17,16.625,16.839285714285715,17.098214285714285,17.269642857142856,17.275,17.060714285714283,9
2019-06-18,16.632142857142856,16.84642857142857,17.200000000000003,17.325,17.325,17.101785714285715,9
2019-06-19,15.915,16.515,16.960714285714285,17.176428571428573,17.219285714285714,17.039285714285715,8
2019-06-20,16.17642857142857,16.690714285714286,16.975,17.075,17.075,16.882142857142856,8
2019-06-21,16.593571428571426,17.107857142857142,17.37857142857143,17.470714285714287,17.427857142857142,17.175,8
2019-06-24,16.415,16.992857142857144,17.239285714285714,17.325,17.316071428571426,17.117857142857144,9
2019-06-25,16.82357142857143,17.351785714285715,17.59285714285714,17.665,17.605357142857144,17.404285714285717,9
2019-06-26,16.71785714285714,17.310714285714283,17.535714285714285,17.575,17.54285714285714,17.34642857142857,9
2019-06-27,16.332142857142856,17.02857142857143,17.299999999999997,17.375,17.339285714285715,17.210714285714285,9
2019-06-28,15.855,16.65,16.96785714285714,17.075,17.03035714285714,16.925,9
2019-07-01,15.405000000000001,16.269642857142856,16.65357142857143,16.802857142857142,16.78571428571429,16.78214285714286,9
2019-07-02,14.803571428571429,15.77142857142857,16.275000000000002,16.535,16.560714285714287,16.597857142857144,9
2019-07-03,14.710714285714285,15.741071428571429,16.214285714285715,16.45,16.4875,16.56357142857143,9
2019-07-05,15.019285714285715,15.883928571428571,16.285714285714285,16.485714285714288,16.475,16.595,9
2019-07-08,15.565,16.25357142857143,16.585714285714285,16.732142857142858,16.66785714285714,16.817857142857143,9
2019-07-09,15.610714285714286,16.348214285714285,16.694642857142856,16.835,16.760714285714286,16.932142857142857,9
2019-07-10,15.043571428571429,15.928571428571429,16.410714285714285,16.619285714285713,16.583928571428572,16.823571428571427,9
2019-07-11,14.859285714285715,15.866071428571429,16.3375,16.52357142857143,16.478571428571428,16.710714285714285,9
2019-07-12,14.625,15.79642857142857,16.3,16.477857142857143,16.423214285714284,16.705000000000002,9
2019-07-15,14.754999999999999,15.882142857142856,16.382142857142856,16.579285714285714,16.4875,16.810000000000002,9
2019-07-16,14.887857142857143,16.05357142857143,16.59285714285714,16.744999999999997,16.692857142857143,17.067857142857143,9
2019-07-17,,16.48392857142857,16.864285714285714,16.999285714285712,16.896428571428572,17.283571428571427,8
2019-07-18,,16.3,16.725,16.853571428571428,16.74107142857143,17.149285714285714,8
2019-07-19,,16.69464285714286,16.975,16.975,16.835714285714285,17.265,8
2019-07-22,15.175,16.40357142857143,16.792142857142856,16.920714285714286,16.790714285714284,17.262142857142855,9
2019-07-23,14.823214285714286,16.167857142857144,16.539285714285715,16.625,16.507857142857144,17.000714285714288,9
2019-07-24,14.478571428571428,15.882142857142856,16.250714285714288,16.369642857142857,16.272142857142857,16.74357142857143,9
2019-07-25,14.830357142857144,16.19642857142857,16.544999999999998,16.614285714285714,16.54357142857143,17.05785714285714,9
2019-07-26,14.582142857142857,15.92142857142857,16.320714285714285,16.464285714285715,16.45357142857143,16.925,9
2019-07-29,14.8375,16.0375,16.322142857142858,16.392857142857142,16.412142857142857,16.896428571428572,9
2019-07-30,15.460714285714285,16.53214285714286,16.74214285714286,16.737499999999997,16.766428571428573,17.196428571428573,9
2019-07-31,16.428571428571427,17.25357142857143,17.35642857142857,17.253571428571426,17.21785714285714,17.601785714285715,9
2019-08-01,17.58214285714286,17.75357142857143,17.645,17.444642857142856,17.432142857142857,17.8125,9
2019-08-02,17.55357142857143,17.675,17.589285714285715,17.385714285714286,17.396428571428572,17.762500000000003,9
2019-08-05,20.925,19.853571428571428,19.240714285714287,18.669642857142858,18.514285714285712,18.71785714285714,9
2019-08-06,19.541071428571428,19.121428571428574,18.707857142857144,18.2875,18.244285714285716,18.48482142857143,9
2019-08-07,19.232142857142858,18.9,18.54642857142857,18.133928571428573,18.119285714285713,18.335714285714285,9
2019-08-08,17.9375,17.973214285714285,17.775000000000002,17.475,17.530714285714286,17.771428571428572,9
2019-08-09,18.539285714285715,18.396428571428572,18.13642857142857,17.766964285714288,17.81714285714286,18.0125,9
2019-08-12,20.175,19.564285714285717,19.08214285714286,18.53214285714286,18.595000000000002,18.725,9
2019-08-13,18.400000000000002,18.367857142857144,18.18285714285714,17.7875,17.937857142857144,18.075,9
2019-08-14,20.603571428571428,19.889285714285712,19.439285714285713,18.892857142857142,18.980714285714285,19.075,9
2019-08-15,20.575000000000003,19.917857142857144,19.435,18.873214285714283,18.989285714285714,19.039285714285715,9
2019-08-16,19.26607142857143,19.180357142857144,18.92642857142857,18.40357142857143,18.585,18.6375,9
2019-08-19,18.075,18.26642857142857,18.137857142857143,17.787499999999998,18.106428571428573,18.175,9
2019-08-20,18.482142857142858,18.666428571428572,18.580714285714286,18.225,18.525,18.619642857142857,9
2019-08-21,17.42142857142857,18.03642857142857,18.122142857142858,17.88642857142857,18.229285714285712,18.32142857142857,8
2019-08-22,17.923214285714284,18.317857142857143,18.275,18.000714285714288,18.38642857142857,18.52142857142857,8
2019-08-23,19.646428571428572,19.440714285714286,19.260714285714286,18.91357142857143,19.299285714285713,19.35,8
2019-08-26,19.425,19.335,19.025,18.802142857142858,19.176785714285714,19.214285714285715,9
2019-08-27,20.110714285714284,19.960714285714285,19.59464285714286,19.295,19.57857142857143,19.59642857142857,9
2019-08-28,19.455357142857142,19.530714285714286,19.239285714285714,19.016428571428573,19.330357142857142,19.339285714285715,9
2019-08-29,18.67142857142857,18.990714285714287,18.825,18.627857142857142,18.939285714285713,18.99285714285714,9
2019-08-30,18.9625,19.15642857142857,18.99642857142857,18.79642857142857,19.117857142857144,19.14375,9
2019-09-03,19.525,19.47642857142857,19.25357142857143,19.205,19.49107142857143,19.45625,9
2019-09-04,18.417857142857144,18.675,18.54732142857143,18.603571428571428,18.910714285714285,18.910714285714285,9
2019-09-05,17.851785714285715,18.306428571428572,18.275,18.40357142857143,18.69464285714286,18.666964285714286,9
2019-09-06,17.29642857142857,17.925,17.96785714285714,18.142142857142858,18.46785714285714,18.475,9
2019-09-09,17.3625,17.872142857142858,17.84642857142857,18.117857142857144,18.455357142857142,18.464285714285715,9
2019-09-10,17.364285714285714,17.915,17.923214285714284,18.235,18.560714285714287,18.59285714285714,9
2019-09-11,17.039285714285715,17.682142857142857,17.75357142857143,18.10214285714286,18.44642857142857,18.457142857142856,9
2019-09-12,16.732142857142854,17.470714285714287,17.5875,17.969285714285714,18.30357142857143,18.375,9
2019-09-13,16.617857142857144,17.415,17.614285714285714,18.002142857142857,18.310714285714287,18.375,9
2019-09-16,17.275,17.83214285714286,17.925,18.349285714285717,18.63214285714286,18.632142857142856,9
2019-09-17,17.099285714285713,17.827857142857145,18.017857142857142,18.465,18.739285714285714,18.775,9
2019-09-18,16.443571428571428,17.472142857142856,17.71964285714286,18.222142857142856,18.49642857142857,18.57142857142857,8
2019-09-19,16.340714285714288,17.497857142857143,17.725,18.239285714285714,18.503571428571426,18.573214285714286,8
2019-09-20,17.356428571428573,18.342142857142857,18.389285714285716,18.817857142857143,19.060714285714283,19.075,8
2019-09-23,16.985,18.02857142857143,18.143571428571427,18.657857142857143,18.876785714285713,18.946428571428573,9
2019-09-24,18.05785714285714,18.664285714285715,18.65357142857143,19.125,19.273214285714285,19.275,9
2019-09-25,17.520714285714288,18.367857142857144,18.419285714285714,18.883928571428573,19.119642857142857,19.110714285714284,9
2019-09-26,17.75357142857143,18.566071428571426,18.619999999999997,19.014285714285712,19.19642857142857,19.196428571428573,9
2019-09-27,18.33928571428571,18.976785714285715,18.897142857142857,19.246428571428574,19.425,19.44375,9
2019-09-30,17.585,18.291071428571428,18.482142857142858,18.878571428571426,19.075,19.12857142857143,9
2019-10-01,18.896428571428572,19.21785714285714,19.179285714285715,19.512500000000003,19.625,19.664285714285715,9
2019-10-02,20.120714285714286,20.0375,19.955,20.20357142857143,20.22142857142857,20.125,9
2019-10-03,19.169285714285714,19.310714285714287,19.405,19.739285714285714,19.835714285714285,19.80982142857143,9
2019-10-04,18.165,18.651785714285715,18.860714285714288,19.246428571428574,19.375,19.425,9
2019-10-07,18.455,18.71785714285714,18.957857142857144,19.34107142857143,19.448214285714286,19.50089285714286,9
2019-10-08,20.01214285714286,19.823214285714286,19.94214285714286,20.2,20.189285714285713,20.15714285714286,9
2019-10-09,19.035,19.210714285714285,19.517857142857142,19.882142857142856,19.914285714285715,19.90892857142857,9
2019-10-10,18.447857142857142,18.825,19.185,19.539285714285715,19.560714285714283,19.59642857142857,9
2019-10-11,17.432142857142857,18.325,18.802142857142858,19.207142857142856,19.257142857142856,19.31875,9
2019-10-14,16.765,17.776785714285715,18.446428571428573,18.889285714285716,18.975,19.103571428571428,9
2019-10-15,16.317857142857143,17.432142857142857,18.15642857142857,18.674999999999997,18.795535714285716,18.95625,9
2019-10-16,,17.39464285714286,18.169285714285714,18.650000000000002,18.767857142857142,18.867857142857144,8
2019-10-17,,17.364285714285714,18.105,18.521428571428572,18.575,18.71964285714286,8
2019-10-18,,17.494642857142857,18.270714285714288,18.724999999999998,18.82142857142857,18.975,8
2019-10-21,16.075,17.27642857142857,18.047857142857143,18.462500000000002,18.53035714285714,18.679285714285715,9
2019-10-22,16.514285714285716,17.643571428571427,18.329285714285714,18.725,18.739285714285714,18.925,9
2019-10-23,16.257142857142856,17.416428571428572,18.10214285714286,18.525,18.54642857142857,18.732142857142858,9
2019-10-24,16.15892857142857,17.39642857142857,18.125,18.52857142857143,18.603571428571428,18.783571428571427,9
2019-10-25,15.639285714285714,17.079285714285714,17.839285714285715,18.235714285714288,18.369642857142857,18.59,9
2019-10-28,15.975,17.282142857142855,18.075,18.385714285714286,18.482142857142858,18.639285714285716,9
2019-10-29,15.917857142857143,17.310714285714283,18.09642857142857,18.4375,18.539285714285715,18.690714285714286,9
2019-10-30,15.457142857142857,16.836428571428574,17.732142857142858,18.15357142857143,18.314285714285717,18.475,9
2019-10-31,15.792857142857144,17.119285714285716,17.9875,18.34107142857143,18.45357142857143,18.584285714285713,9
2019-11-01,15.20357142857143,16.60214285714286,17.525,18.060714285714283,18.210714285714285,18.345,9
2019-11-04,15.475000000000001,16.727857142857143,17.580357142857142,18.021428571428572,18.182142857142857,18.299285714285713,9
2019-11-05,15.855357142857143,17.085,17.882142857142856,18.275,18.439285714285713,18.525,9
2019-11-06,15.660714285714285,16.96785714285714,17.876785714285713,18.305357142857144,18.49642857142857,18.602142857142855,9
2019-11-07,15.56607142857143,16.853571428571428,17.775,18.210714285714285,18.435714285714283,18.553571428571427,9
2019-11-08,15.399999999999999,16.767857142857142,17.726785714285715,18.166071428571428,18.411607142857143,18.544999999999998,9
2019-11-11,15.3875,16.679285714285715,17.607142857142858,18.017857142857142,18.310714285714287,18.44357142857143,9
2019-11-12,15.407142857142857,16.750714285714285,17.683928571428574,18.1125,18.380357142857143,18.49642857142857,9
2019-11-13,15.494642857142857,16.789285714285715,17.710714285714285,18.082142857142856,18.382142857142856,18.499285714285712,9
2019-11-14,15.353571428571428,16.627857142857145,17.575,17.939285714285717,18.287499999999998,18.402142857142856,9
2019-11-15,14.894642857142857,16.24357142857143,17.32142857142857,17.782142857142855,18.103571428571428,18.225,9
2019-11-18,15.025,16.267857142857146,17.323214285714286,17.714285714285715,18.079285714285714,18.207857142857144,9
2019-11-19,15.263571428571428,16.420714285714286,17.457142857142856,17.875,18.23357142857143,18.362142857142857,9
2019-11-20,15.269285714285715,16.68357142857143,17.741071428571427,18.0875,18.437857142857144,18.56642857142857,8
2019-11-21,15.470714285714285,16.927857142857142,17.975,18.299999999999997,18.642142857142858,18.770714285714284,8
2019-11-22,14.997857142857143,16.669285714285717,17.785714285714285,18.1125,18.45357142857143,18.625,8
2019-11-25,14.504999999999999,16.310714285714287,17.467857142857145,17.8,18.132142857142856,18.335714285714285,9
2019-11-26,14.377857142857142,16.20357142857143,17.328571428571426,17.675,18.02642857142857,18.196428571428573,9
2019-11-27,14.416428571428572,16.29642857142857,17.378571428571426,17.70357142857143,18.082142857142856,18.242857142857144,9
2019-11-29,14.832142857142857,16.65357142857143,17.732142857142858,18.0,18.27642857142857,18.40625,9
2019-12-02,15.965,17.444642857142856,18.244642857142857,18.48392857142857,18.767857142857142,18.860714285714284,9
2019-12-03,16.80357142857143,17.932142857142857,18.553571428571427,18.7,18.943571428571428,19.064285714285713,9
2019-12-04,16.079285714285714,17.426785714285714,18.17142857142857,18.439285714285717,18.71,18.83214285714286,9
2019-12-05,15.875,17.267857142857142,18.0,18.332142857142856,18.602142857142855,18.72142857142857,9
2019-12-06,15.427857142857142,16.90892857142857,17.60535714285714,18.008928571428573,18.333571428571428,18.475,9
2019-12-09,16.525,17.66785714285714,18.075,18.432142857142857,18.637857142857143,18.735714285714284,12
2019-12-10,16.280714285714286,17.5125,17.992857142857144,18.4,18.55785714285714,18.639285714285716,12
2019-12-11,15.957857142857142,17.25,17.767857142857142,18.21785714285714,18.359285714285715,18.476785714285715,12
2019-12-12,15.202142857142858,16.739285714285714,17.3125,17.826785714285716,17.99642857142857,18.15,12
2019-12-13,14.432142857142857,16.210714285714285,16.900000000000002,17.489285714285714,17.612142857142857,17.775,12
2019-12-16,14.305,16.139285714285716,16.737499999999997,17.305357142857144,17.407857142857143,17.59642857142857,12
2019-12-17,14.463571428571429,16.20357142857143,16.84285714285714,17.475,17.603571428571428,17.892857142857142,12
2019-12-18,,16.25357142857143,16.810714285714283,17.429285714285715,17.55785714285714,17.853571428571428,11
2019-12-19,,16.157142857142855,16.625,17.23357142857143,17.362142857142857,17.712500000000002,11
2019-12-20,,16.36607142857143,16.744642857142857,17.287857142857142,17.416428571428572,17.7,11
2019-12-23,14.775,16.589285714285715,16.84642857142857,17.300714285714285,17.435714285714287,17.750714285714288,11
2019-12-24,14.594642857142858,16.501785714285717,16.814285714285717,17.255000000000003,17.4,17.759285714285717,11
2019-12-26,14.744642857142857,16.610714285714284,16.8875,17.263571428571428,17.417857142857144,17.72642857142857,11
2019-12-27,15.39642857142857,17.057142857142857,17.30357142857143,17.66785714285714,17.819642857142856,18.064999999999998,11
2019-12-30,15.9875,17.423214285714284,17.672321428571426,17.94642857142857,18.110714285714284,18.367857142857144,11
2019-12-31,15.196428571428571,16.732142857142858,17.139285714285716,17.485,17.67142857142857,17.95357142857143,11
2020-01-02,14.807142857142857,16.29642857142857,16.775,17.09357142857143,17.292857142857144,17.567857142857143,11
2020-01-03,15.692857142857143,16.794642857142858,17.116071428571427,17.397857142857145,17.603571428571428,17.875,11
2020-01-06,15.775,16.789285714285715,17.132142857142856,17.360714285714284,17.585714285714285,17.84642857142857,11
2020-01-07,15.666071428571428,16.707142857142856,17.09642857142857,17.315,17.517857142857142,17.727857142857143,11
2020-01-08,15.289285714285715,16.317857142857143,16.78214285714286,17.019285714285715,17.257142857142856,17.510714285714286,11
2020-01-09,14.930357142857144,16.0125,16.5375,16.806428571428572,17.067857142857143,17.317857142857143,11
2020-01-10,14.957142857142857,15.975,16.46785714285714,16.74642857142857,17.02857142857143,17.275,11
2020-01-13,14.825,15.70357142857143,16.310714285714287,16.567857142857143,16.900000000000002,17.146428571428572,11
2020-01-14,14.764285714285714,15.610714285714286,16.255357142857143,16.52,16.90357142857143,17.17142857142857,11
2020-01-15,14.773214285714287,15.532142857142857,16.15357142857143,16.382142857142856,16.767857142857142,17.047857142857143,11
2020-01-16,14.589285714285715,15.342857142857143,15.975,16.189285714285717,16.582142857142856,16.895,11
2020-01-17,14.667857142857144,15.35892857142857,16.033571428571427,16.290714285714284,16.696428571428573,16.965,11
2020-01-21,15.091071428571428,15.57857142857143,16.057142857142857,16.25,16.693571428571428,16.972142857142856,11
2020-01-22,15.214285714285715,15.803571428571429,16.317857142857143,16.537499999999998,16.896428571428572,17.110714285714284,10
2020-01-23,15.094642857142858,15.782142857142858,16.314999999999998,16.5,16.853571428571428,17.067857142857143,10
2020-01-24,16.053571428571427,16.321428571428573,16.68642857142857,16.767857142857146,17.15357142857143,17.325,10
2020-01-27,17.662499999999998,17.389285714285712,17.49357142857143,17.5,17.820714285714285,17.985714285714288,10
2020-01-28,16.71785714285714,16.914285714285715,17.040714285714287,17.05,17.33928571428571,17.539285714285715,10
2020-01-29,16.707142857142856,16.892857142857142,17.05642857142857,17.125,17.432142857142857,17.59285714285714,10
2020-01-30,16.2,16.55357142857143,16.725,16.837500000000002,17.15357142857143,17.335714285714285,10
2020-01-31,18.02857142857143,17.771428571428572,17.71785714285714,17.673214285714288,17.892857142857146,17.975,10
2020-02-03,17.700000000000003,17.45357142857143,17.372142857142858,17.391071428571426,17.610714285714284,17.725,10
2020-02-04,16.525,16.676785714285714,16.720714285714287,16.8,17.016428571428573,17.14464285714286,10
2020-02-05,15.95357142857143,16.382142857142856,16.525,16.7125,16.99642857142857,17.146428571428572,10
2020-02-06,15.817857142857143,16.24642857142857,16.39,16.614285714285714,16.90357142857143,17.05982142857143,10
2020-02-07,16.15357142857143,16.58214285714286,16.69357142857143,16.8875,17.13357142857143,17.2375,10
2020-02-10,15.8875,16.385714285714286,16.510714285714286,16.775,17.000714285714285,17.10535714285714,10
2020-02-11,15.860714285714286,16.396428571428572,16.549285714285713,16.8375,17.056428571428572,17.15714285714286,10
2020-02-12,15.173214285714286,16.039285714285715,16.240714285714283,16.589285714285715,16.84642857142857,16.958928571428572,10
2020-02-13,15.467857142857142,16.271428571428572,16.445,16.7625,16.96785714285714,17.060714285714283,10
2020-02-14,15.317857142857143,16.1,16.290714285714284,16.667857142857144,16.91071428571429,16.975,10
2020-02-18,15.85,16.537857142857142,16.666428571428572,17.025,17.196428571428573,17.269642857142856,10
2020-02-19,15.442857142857143,16.34785714285714,16.51928571428571,16.930714285714288,17.10214285714286,17.217857142857145,9
2020-02-20,16.15535714285714,16.825,16.825,17.18357142857143,17.312142857142856,17.373214285714287,9
2020-02-21,16.982142857142858,17.299285714285713,17.182142857142857,17.387857142857143,17.51642857142857,17.575,9
2020-02-24,19.9,19.130714285714287,18.417857142857144,18.375,18.373214285714287,18.338392857142857,9
2020-02-25,21.839285714285715,20.50357142857143,19.521428571428572,19.235,19.067857142857143,18.989285714285714,9
2020-02-26,21.89107142857143,20.58214285714286,19.66071428571429,19.367857142857144,19.164285714285715,19.101785714285715,9
2020-02-27,25.29285714285714,22.924999999999997,21.5625,20.757857142857144,20.21428571428571,19.839285714285715,9
2020-02-28,25.02857142857143,22.375,21.017857142857142,20.21785714285714,19.789285714285715,19.625,9
2020-03-02,24.799999999999997,22.387857142857143,20.90178571428571,20.139285714285712,19.767857142857142,19.69642857142857,9
2020-03-03,27.21964285714286,24.213571428571427,22.289285714285715,21.224999999999998,20.62767857142857,20.48482142857143,9
2020-03-04,25.825,23.46785714285714,21.910714285714285,21.053571428571427,20.535714285714285,20.332142857142856,9
2020-03-05,29.23392857142857,25.977857142857143,23.950000000000003,22.790714285714287,22.1375,21.785714285714285,9
2020-03-06,32.27142857142857,28.010714285714286,25.41785714285714,24.26214285714286,23.632142857142856,23.2375,9
2020-03-09,38.2625,32.183571428571426,28.59642857142857,27.08928571428571,26.226785714285715,25.666964285714286,9
2020-03-10,36.285714285714285,31.174999999999997,27.964285714285715,26.475,25.575,24.953571428571426,9
2020-03-11,39.96339285714286,34.03928571428572,30.117857142857144,28.379285714285714,27.227678571428573,26.197321428571428,9
2020-03-12,47.60714285714286,38.95357142857143,33.9125,31.645,29.992857142857144,28.79642857142857,9
2020-03-13,44.92053571428571,36.667857142857144,31.48035714285714,29.158571428571427,27.525,26.662499999999998,9
2020-03-16,59.15,46.91428571428571,39.58482142857143,35.88357142857143,32.775,31.060714285714287,9
2020-03-17,61.06142857142857,50.15428571428572,42.54821428571429,37.775000000000006,33.5375,31.399107142857144,9
2020-03-18,69.87214285714285,60.82928571428571,51.800892857142856,45.534285714285716,38.45,34.80535714285715,8
2020-03-19,65.67214285714286,59.39357142857143,50.4,44.035714285714285,37.64017857142857,33.84196428571429,8
2020-03-20,60.964999999999996,56.765,49.50642857142857,42.949285714285715,36.82857142857143,32.975,8
2020-03-23,48.625,44.96964285714286,39.67857142857143,34.642857142857146,30.62410714285714,28.660714285714285,9
2020-03-24,46.39857142857143,39.67321428571429,35.01428571428572,30.9,27.682142857142857,26.822857142857142,9
2020-03-25,49.53928571428571,43.77142857142857,38.48714285714286,34.68839285714285,31.570535714285715,30.692857142857143,9
2020-03-26,44.09642857142857,38.91339285714285,34.885,32.14642857142857,29.657142857142855,28.68857142857143,9
2020-03-27,50.722142857142856,43.67321428571429,38.51285714285714,35.017857142857146,32.0,30.810000000000002,9
2020-03-30,46.964999999999996,41.27946428571428,36.957142857142856,33.68392857142857,30.996428571428574,29.882142857142856,9
2020-03-31,44.26785714285714,39.60357142857143,36.09357142857143,33.3625,31.16875,30.045,9
2020-04-01,48.26214285714286,42.955357142857146,39.03785714285714,36.089285714285715,33.714285714285715,32.32785714285714,9
2020-04-02,44.67357142857143,40.45,37.18,34.78214285714285,32.7375,31.507857142857144,9
2020-04-03,42.855,39.51875,36.68214285714286,34.32857142857143,32.4,31.41,9
2020-04-06,39.464999999999996,36.753571428571426,34.64071428571429,32.6625,30.975,30.300714285714285,9
2020-04-07,41.29071428571428,37.85357142857143,35.277142857142856,33.3125,32.025,31.50857142857143,9
2020-04-08,39.69714285714286,36.86964285714286,34.63214285714286,32.70625,31.44375,31.005000000000003,9
2020-04-09,38.292142857142856,35.38125,33.375,31.739285714285714,30.651785714285715,30.34642857142857,9
2020-04-13,37.015,34.23571428571429,32.59285714285714,31.17142857142857,30.210714285714285,30.10142857142857,9
2020-04-14,33.815,32.18214285714286,31.288571428571426,30.2,29.452678571428574,29.725,9
2020-04-15,,34.78928571428572,33.417857142857144,31.896428571428572,30.95357142857143,31.20285714285714,8
2020-04-16,,34.574999999999996,33.345,32.06875,31.20267857142857,31.587857142857143,8
2020-04-17,,33.12857142857143,32.12214285714286,31.025,30.43392857142857,31.08,8
2020-04-20,39.075,36.12214285714286,34.57928571428571,32.93035714285714,32.27214285714286,32.93642857142857,9
2020-04-21,41.66428571428571,38.482142857142854,36.55357142857142,34.425,33.597857142857144,33.940714285714286,9
2020-04-22,39.464285714285715,37.152142857142856,35.480714285714285,33.80357142857143,33.26357142857143,33.64928571428571,9
2020-04-23,39.510714285714286,37.43214285714286,35.675,33.917857142857144,33.23785714285714,33.70928571428571,9
2020-04-24,36.60357142857143,35.335,34.128571428571426,32.78392857142857,32.089285714285715,32.475,9
2020-04-27,33.775,33.24357142857143,32.417857142857144,31.325,30.912142857142857,31.15,9
2020-04-28,34.074999999999996,33.525,32.59642857142857,31.599999999999998,31.229285714285712,31.357142857142858,9
2020-04-29,31.876785714285713,31.570714285714285,31.007142857142856,30.41785714285714,30.239285714285714,30.37767857142857,9
2020-04-30,33.707142857142856,32.830714285714286,31.887500000000003,31.148214285714285,31.002857142857142,31.03392857142857,9
2020-05-01,36.80982142857143,35.325,33.98214285714286,33.25,33.230714285714285,33.0375,9
2020-05-04,35.325,34.40357142857143,33.46964285714286,32.90089285714286,32.97857142857143,32.5375,9
2020-05-05,33.89107142857143,33.31357142857143,32.525,32.05,32.28357142857143,31.766071428571426,9
2020-05-06,34.660714285714285,34.06071428571429,33.15714285714286,32.54107142857143,32.765,32.13928571428571,9
2020-05-07,32.42857142857143,32.32642857142857,31.725,31.20357142857143,31.51214285714286,30.926785714285714,9
2020-05-08,30.225,30.639285714285716,30.347321428571426,30.104464285714286,30.617857142857144,30.0125,9
2020-05-11,28.724999999999998,29.287857142857142,29.32857142857143,29.34642857142857,30.11357142857143,29.259821428571428,9
2020-05-12,32.957142857142856,32.51357142857143,31.900892857142857,31.662499999999998,32.35642857142857,31.27857142857143,9
2020-05-13,34.95178571428571,34.13928571428571,33.003571428571426,32.61607142857143,33.40571428571428,32.18035714285714,9
2020-05-14,32.84642857142857,32.70214285714285,32.193749999999994,32.11160714285714,32.857142857142854,31.489285714285714,9
2020-05-15,32.660714285714285,32.60928571428572,32.18214285714286,32.332142857142856,33.080714285714286,31.806250000000002,9
2020-05-18,30.1,30.357142857142858,30.243750000000002,30.514285714285712,31.395,29.90357142857143,9
2020-05-19,32.066428571428574,31.809285714285714,31.310714285714283,31.575,32.475,30.950892857142858,9
2020-05-20,29.820714285714285,30.50642857142857,30.333928571428572,30.609285714285715,31.637857142857143,30.057142857142857,8
2020-05-21,31.07642857142857,31.590714285714284,31.225,31.540714285714287,32.526428571428575,30.696428571428573,8
2020-05-22,30.455,31.055,30.810714285714287,31.20714285714286,32.27857142857143,30.375,8
2020-05-26,29.819285714285716,30.442857142857143,30.21964285714286,30.735,31.833928571428572,29.825,9
2020-05-27,29.332142857142856,30.039285714285715,29.889285714285712,30.479285714285716,31.46607142857143,29.492857142857144,9
2020-05-28,30.553571428571427,31.044642857142858,30.7,31.173571428571428,32.025000000000006,29.935714285714287,9
2020-05-29,29.249285714285715,30.142857142857142,30.082142857142856,30.710714285714285,31.55,29.45625,9
2020-06-01,30.025,30.678571428571427,30.494642857142857,31.13785714285714,31.575,29.539285714285715,9
2020-06-02,28.99642857142857,29.97142857142857,29.939285714285713,30.765,31.21607142857143,29.235714285714284,9
2020-06-03,27.948571428571427,29.05535714285714,29.164285714285715,30.09642857142857,30.401785714285715,28.446428571428573,9
2020-06-04,27.696428571428573,28.70357142857143,28.875,29.943571428571428,30.179464285714285,28.23035714285714,9
2020-06-05,26.27642857142857,27.198214285714286,27.46607142857143,28.646428571428572,28.817857142857143,27.0,9
2020-06-08,27.165,27.925,28.182142857142857,29.49642857142857,29.223214285714285,27.34464285714286,9
2020-06-09,28.850714285714286,29.286607142857143,29.21875,30.355,29.932142857142857,28.175,9
2020-06-10,28.49357142857143,28.880357142857143,28.889285714285716,30.056428571428572,29.480357142857144,27.724999999999998,9
2020-06-11,39.973571428571425,37.707142857142856,35.5,35.56785714285714,34.20178571428571,32.13928571428571,9
2020-06-12,34.89642857142857,34.003571428571426,33.04642857142857,33.66357142857143,32.44732142857143,30.65,9
2020-06-15,34.04,33.29464285714286,32.63392857142858,33.346428571428575,31.72857142857143,29.939285714285717,9
2020-06-16,33.535000000000004,33.28214285714286,32.87678571428572,33.35,31.585714285714285,29.76875,9
2020-06-17,,33.3125,32.69642857142857,33.46214285714286,31.825,29.992857142857144,8
2020-06-18,,33.38928571428571,32.925,33.675,31.858035714285712,30.082142857142856,8
2020-06-19,,34.74464285714286,34.25071428571429,35.02214285714286,32.849999999999994,31.075,8
2020-06-22,31.625,31.67857142857143,31.890714285714285,33.13357142857143,30.871428571428574,29.446428571428573,9
2020-06-23,31.925,31.90357142857143,31.917857142857144,33.075,30.621428571428574,29.297857142857143,9
2020-06-24,33.56785714285714,33.43928571428572,33.43928571428572,34.39107142857143,31.96964285714286,30.739285714285714,9
2020-06-25,32.191071428571426,32.325,32.575,33.400000000000006,30.910714285714285,29.719285714285714,9
2020-06-26,34.51785714285714,34.42142857142857,34.47642857142857,35.051785714285714,32.489285714285714,31.255,9
2020-06-29,32.45,32.808928571428574,33.167857142857144,33.48392857142857,31.07857142857143,30.175,9
2020-06-30,31.146428571428572,31.807142857142857,32.254999999999995,32.525,30.09285714285714,29.185,9
2020-07-01,30.146428571428572,30.864285714285714,31.612142857142857,32.06071428571428,29.72142857142857,28.79357142857143,9
2020-07-02,29.432142857142857,30.139285714285716,31.105,31.629464285714285,29.39017857142857,28.599285714285713,9
2020-07-06,29.725,30.24285714285714,31.40642857142857,31.3375,29.248214285714283,28.647857142857145,9
2020-07-07,30.869642857142857,31.064285714285713,32.192142857142855,31.974999999999998,29.889285714285716,29.289285714285715,9
2020-07-08,30.039285714285715,30.489285714285714,31.696428571428573,31.31607142857143,29.28392857142857,28.75642857142857,9
2020-07-09,30.83214285714286,31.34375,32.480000000000004,31.814285714285713,29.74642857142857,29.260714285714286,9
2020-07-10,29.771428571428572,30.71785714285714,32.06928571428571,31.40892857142857,29.354464285714286,28.905,9
2020-07-13,32.6875,33.18035714285715,34.40357142857143,33.125,31.010714285714286,30.642142857142858,9
2020-07-14,30.92142857142857,31.617857142857144,33.049285714285716,31.875,29.84642857142857,29.525,9
2020-07-15,30.008928571428573,31.089285714285715,32.67928571428571,31.474999999999998,29.525,29.312142857142856,9
2020-07-16,29.96785714285714,31.017857142857142,32.715,31.35892857142857,29.43482142857143,29.34642857142857,9
2020-07-17,28.701785714285716,30.132142857142856,32.03928571428571,30.75357142857143,29.05892857142857,28.99,9
2020-07-20,27.525,29.106428571428573,31.07785714285714,29.34642857142857,27.830714285714286,28.002142857142857,9
2020-07-21,27.878571428571426,29.509285714285713,31.35214285714286,29.425,28.039285714285715,28.253571428571426,9
2020-07-22,27.383928571428573,29.367857142857144,31.189285714285713,29.15267857142857,27.900714285714287,28.157857142857143,8
2020-07-23,28.935714285714283,30.54642857142857,32.175,29.86607142857143,28.48142857142857,28.717142857142857,8
2020-07-24,28.982142857142858,30.86785714285714,32.448214285714286,30.192857142857143,28.732142857142858,29.075,8
2020-07-27,28.125,30.490714285714287,31.817857142857143,29.642857142857146,28.516428571428573,28.787499999999998,9
2020-07-28,28.19642857142857,30.54642857142857,31.84107142857143,29.6875,28.640714285714285,28.917857142857144,9
2020-07-29,27.642857142857142,30.245,31.475,29.410714285714285,28.50357142857143,28.744642857142857,9
2020-07-30,28.12142857142857,30.630714285714284,31.637499999999996,29.55892857142857,28.732142857142858,28.98392857142857,9
2020-07-31,27.925,30.553571428571427,31.525,29.507142857142856,28.712142857142858,28.85,9
2020-08-03,28.075,30.50642857142857,31.074107142857144,29.259821428571428,28.732142857142858,28.796428571428574,9
2020-08-04,27.24107142857143,29.66357142857143,30.182142857142857,28.575,28.230714285714285,28.317857142857143,9
2020-08-05,26.925,29.48785714285714,29.9625,28.4625,28.169285714285714,28.20357142857143,9
2020-08-06,26.696428571428573,29.259285714285713,29.637500000000003,28.292857142857144,28.080714285714286,28.089285714285715,9
2020-08-07,26.682142857142857,29.36785714285714,29.694642857142856,28.367857142857144,28.219285714285714,28.225,9
2020-08-10,26.2875,29.030714285714286,29.09285714285714,27.896428571428572,27.907857142857143,27.8625,9
2020-08-11,27.478571428571428,30.095000000000002,29.82142857142857,28.4875,28.487857142857145,28.367857142857144,9
2020-08-12,26.232142857142858,29.125,28.953571428571426,27.857142857142858,27.949285714285715,27.837500000000002,9
2020-08-13,26.310714285714287,29.202142857142857,28.9375,27.958928571428572,28.14642857142857,28.025,9
2020-08-14,26.57857142857143,29.34714285714286,29.048214285714284,28.367857142857144,28.57857142857143,28.4125,9
2020-08-17,25.825,28.65357142857143,28.232142857142858,27.401785714285715,27.789285714285715,27.789285714285715,9
2020-08-18,25.57071428571429,28.442142857142855,28.267857142857146,27.475,27.732142857142858,27.685714285714287,9
2020-08-19,26.405,29.105,28.7,27.90642857142857,28.099285714285713,28.125,8
2020-08-20,26.162142857142857,29.03357142857143,28.575,27.833571428571428,27.962142857142858,27.975,8
2020-08-21,26.342142857142857,29.470714285714287,28.85,28.205000000000002,28.505,28.7,8
2020-08-24,26.575,29.526785714285715,28.799999999999997,28.255714285714284,28.529464285714283,28.604464285714286,9
2020-08-25,26.389285714285716,29.405357142857145,28.691071428571426,28.134999999999998,28.382142857142856,28.417857142857144,9
2020-08-26,27.180714285714284,30.267857142857142,29.389285714285712,28.553571428571427,28.647321428571427,28.526785714285715,9
2020-08-27,28.253571428571426,31.12857142857143,29.875,28.786428571428573,28.660714285714285,28.43035714285714,9
2020-08-28,28.435,31.4125,30.014285714285712,28.867857142857144,28.71607142857143,28.475,9
2020-08-31,30.015,32.71071428571429,30.85892857142857,29.554285714285715,29.28571428571429,28.80357142857143,9
2020-09-01,30.553571428571427,32.93571428571428,31.017857142857142,29.775,29.52857142857143,28.912499999999998,9
2020-09-02,31.82357142857143,34.65714285714286,32.301785714285714,30.625,30.264285714285716,29.353571428571428,9
2020-09-03,36.37642857142857,37.364285714285714,33.3625,31.255,30.59017857142857,29.476785714285715,9
2020-09-04,33.005714285714284,35.07232142857143,32.25982142857143,30.439285714285717,29.517857142857142,28.450000000000003,9
2020-09-08,32.99071428571428,32.925,30.179464285714285,28.965,28.432142857142857,27.944642857142856,9
2020-09-09,31.56214285714286,32.003571428571426,29.896428571428572,28.853571428571428,28.286607142857143,27.794642857142858,9
2020-09-10,31.44928571428571,31.45357142857143,29.525,28.59857142857143,28.14107142857143,27.70357142857143,9
2020-09-11,30.289285714285715,30.94642857142857,29.67142857142857,28.75642857142857,28.263392857142858,27.85625,9
2020-09-14,30.245,30.36875,29.145535714285714,28.407857142857143,28.067857142857143,27.789285714285715,9
2020-09-15,29.559285714285714,30.339285714285715,29.489285714285714,28.745,28.205357142857142,27.83482142857143,9
2020-09-16,,30.748214285714283,30.00357142857143,29.415714285714287,28.65714285714286,28.178571428571427,8
2020-09-17,,30.521428571428572,30.15,29.742857142857144,29.094642857142855,28.6875,8
2020-09-18,,30.65357142857143,30.017857142857142,29.803571428571427,29.333928571428572,28.975,8
2020-09-21,31.225,31.623214285714287,30.872857142857143,30.294285714285714,29.5125,29.13,9
2020-09-22,31.40357142857143,32.073214285714286,31.13214285714286,30.575,29.853571428571428,29.512142857142855,9
2020-09-23,32.535714285714285,33.11785714285715,31.73785714285714,31.05,30.332142857142856,29.892857142857142,9
2020-09-24,32.38035714285714,33.38035714285714,31.825,30.969642857142855,30.178571428571427,29.65142857142857,9
2020-09-25,31.467857142857145,32.582142857142856,31.09642857142857,30.25267857142857,29.57410714285714,29.12,9
2020-09-28,31.3625,32.324107142857144,30.627857142857142,29.807142857142857,29.275,28.853571428571428,9
2020-09-29,30.432142857142857,31.50357142857143,30.18357142857143,29.49375,28.947321428571428,28.452142857142857,9
2020-09-30,31.178571428571427,32.10892857142857,30.535,29.739285714285714,29.23035714285714,28.736428571428572,9
2020-10-01,31.317857142857143,31.875,30.705,29.99732142857143,29.458928571428572,28.920714285714286,9
2020-10-02,32.50714285714286,32.47857142857143,31.20357142857143,30.396428571428572,29.83928571428571,29.285,9
2020-10-05,31.525,31.396428571428572,30.299285714285713,29.629464285714285,29.133928571428573,28.657857142857143,9
2020-10-06,31.760714285714286,31.375,30.36357142857143,29.7125,29.207142857142856,28.716428571428573,9
2020-10-07,30.99642857142857,30.760714285714286,29.939285714285717,29.45714285714286,28.982142857142858,28.54,9
2020-10-08,29.521428571428572,29.644642857142856,29.065,28.810714285714287,28.46785714285714,28.067857142857143,9
2020-10-09,28.257142857142856,28.310714285714283,27.977857142857143,27.93482142857143,27.72142857142857,27.415,9
2020-10-12,28.0125,27.835714285714285,27.639285714285716,27.589285714285715,27.378571428571426,27.10214285714286,9
2020-10-13,28.189285714285713,27.84642857142857,27.576428571428572,27.5625,27.410714285714285,27.160714285714285,9
2020-10-14,27.99910714285714,27.575,27.422857142857143,27.458928571428572,27.260714285714286,27.05785714285714,9
2020-10-15,28.689285714285713,28.01607142857143,27.75,27.597321428571426,27.351785714285715,27.170714285714286,9
2020-10-16,28.90178571428571,28.349999999999998,28.035,27.932142857142857,27.646428571428572,27.465,9
2020-10-19,30.225,29.140714285714285,28.62642857142857,28.40625,27.970714285714287,27.842142857142857,9
2020-10-20,29.952678571428574,29.294285714285717,28.737142857142857,28.375,27.910714285714285,27.696428571428573,9
2020-10-21,29.196428571428573,28.75642857142857,28.24214285714286,27.8625,27.51642857142857,27.430714285714288,8
2020-10-22,28.79285714285714,28.439285714285713,27.925,27.603571428571428,27.31357142857143,27.227857142857143,8
2020-10-23,28.753571428571426,28.505,27.914285714285715,27.603571428571428,27.414285714285715,27.35,8
2020-10-26,31.0875,30.092142857142857,29.210714285714285,28.760714285714286,28.46785714285714,28.24017857142857,9
2020-10-27,31.210714285714285,30.55357142857143,29.495535714285715,28.79375,28.423571428571428,28.224999999999998,9
2020-10-28,35.590178571428574,33.986428571428576,32.03214285714286,30.58928571428571,29.99642857142857,29.56339285714286,9
2020-10-29,32.92857142857143,31.957857142857144,30.4625,29.348214285714285,28.880714285714287,28.573214285714286,9
2020-10-30,34.090178571428574,33.239285714285714,31.353571428571428,29.87142857142857,29.265,29.04375,9
2020-11-02,33.275,32.10071428571428,30.176785714285714,28.873214285714287,28.50357142857143,28.367857142857144,9
2020-11-03,31.505357142857143,30.627857142857142,29.067857142857143,28.075,27.847857142857144,27.74732142857143,9
2020-11-04,28.83214285714286,28.789285714285715,27.98392857142857,27.314285714285717,27.29642857142857,27.264285714285716,9
2020-11-05,28.382142857142856,28.639285714285712,28.1,27.44642857142857,27.352142857142855,27.21607142857143,9
2020-11-06,26.567857142857143,27.475,27.485714285714288,27.011607142857144,26.852142857142855,26.65,9
2020-11-09,26.099999999999998,26.275,25.889285714285712,25.514285714285712,25.434285714285714,25.288392857142856,9
2020-11-10,25.264285714285716,25.73357142857143,25.705357142857142,25.549999999999997,25.49214285714286,25.426785714285714,9
2020-11-11,24.76964285714286,25.29642857142857,25.460714285714285,25.435714285714287,25.459285714285716,25.475,9
2020-11-12,26.474999999999998,26.649285714285714,26.375,26.110714285714284,26.110714285714284,26.089285714285715,9
2020-11-13,24.8875,25.576428571428572,25.685714285714287,25.54642857142857,25.525,25.45,9
2020-11-16,24.525,25.382142857142856,25.569642857142856,25.52678571428571,25.628571428571426,25.67142857142857,9
2020-11-17,24.059285714285714,25.087857142857143,25.364285714285714,25.375,25.417857142857144,25.425,9
2020-11-18,24.949285714285715,26.06357142857143,26.22321428571429,26.125,26.125,26.17142857142857,8
2020-11-19,24.599285714285717,25.842142857142857,26.075,25.927857142857142,25.970714285714287,25.975,8
2020-11-20,24.540714285714287,25.783571428571427,25.97321428571429,25.93357142857143,26.01928571428571,26.075,8
2020-11-23,24.425,25.735714285714288,25.853571428571428,25.74214285714286,25.826785714285712,25.87232142857143,9
2020-11-24,24.062857142857144,25.646428571428572,25.802678571428572,25.705,25.735714285714288,25.875,9
2020-11-25,23.190714285714286,24.896428571428572,25.314285714285713,25.275,25.291071428571428,25.425,9
2020-11-27,23.51642857142857,25.099999999999998,25.360714285714284,25.34642857142857,25.41785714285714,25.49375,9
2020-11-30,23.255,24.719642857142855,25.044642857142858,25.149285714285714,25.303571428571427,25.348214285714285,9
2020-12-01,23.510714285714286,24.621428571428574,25.039285714285715,25.255,25.458035714285714,25.416071428571428,9
2020-12-02,23.429285714285715,24.521428571428572,24.89464285714286,25.135714285714286,25.35892857142857,25.310714285714287,9
2020-12-03,23.70357142857143,24.710714285714285,25.1,25.31214285714286,25.475,25.42857142857143,9
2020-12-04,23.375,24.526785714285715,24.92857142857143,25.145,25.34642857142857,25.35,9
2020-12-07,23.585,24.753571428571426,25.107142857142858,25.325,25.51517857142857,25.489285714285714,9
2020-12-08,22.789285714285715,24.201785714285712,24.676785714285714,24.98,25.25,25.29285714285714,9
2020-12-09,23.740714285714287,24.95357142857143,25.34642857142857,25.579285714285714,25.74553571428571,25.775,9
2020-12-10,23.999285714285715,25.183928571428574,25.537499999999998,25.739285714285714,25.889285714285716,25.889285714285716,9
2020-12-11,25.017857142857142,25.932142857142857,26.075,26.41785714285714,26.507142857142856,26.4,9
2020-12-14,25.755,26.535714285714285,26.535714285714285,26.640714285714285,26.635714285714286,26.625,9
2020-12-15,24.615000000000002,25.789285714285715,26.15714285714286,26.335,26.375,26.375,9
2020-12-16,,25.416964285714286,25.864285714285714,26.040714285714284,25.989285714285714,25.92857142857143,8
2020-12-17,,25.310714285714287,25.725,25.896428571428572,25.880357142857143,25.875,8
2020-12-18,,25.669642857142858,26.029285714285713,26.157857142857143,26.175,26.225,8
2020-12-21,26.325,27.103571428571428,26.80785714285714,26.679285714285715,26.57142857142857,26.481428571428573,9
2020-12-22,25.816071428571426,26.914285714285715,26.825,26.825,26.67857142857143,26.73071428571429,9
2020-12-23,24.735714285714288,26.167857142857144,26.125,26.123214285714287,26.075,26.089285714285715,9
2020-12-24,24.017857142857142,25.642857142857142,25.740000000000002,25.801785714285714,25.835714285714285,25.925714285714285,9
2020-12-28,24.15,25.607142857142858,25.70642857142857,25.775,25.775,25.789285714285715,9
2020-12-29,25.139285714285716,26.425,26.44214285714286,26.450000000000003,26.39107142857143,26.425,9
2020-12-30,24.301785714285714,25.723214285714285,25.89357142857143,25.910714285714285,25.86607142857143,25.86714285714286,9
2020-12-31,24.353571428571428,25.660714285714285,25.845,25.941964285714285,25.925,25.952857142857145,9
2021-01-04,26.7,26.982142857142858,26.849285714285713,26.755357142857143,26.59464285714286,26.573571428571427,9
2021-01-05,25.914285714285715,26.425,26.425,26.325000000000003,26.110714285714284,26.08928571428571,9
2021-01-06,25.782142857142855,26.275,26.24642857142857,26.09107142857143,25.853571428571428,25.84285714285714,9
2021-01-07,24.2875,25.348214285714285,25.645,25.667857142857144,25.59285714285714,25.603571428571428,9
2021-01-08,24.09285714285714,25.14642857142857,25.463571428571427,25.575,25.541071428571428,25.585,9
2021-01-11,25.75,26.421428571428574,26.54642857142857,26.521428571428572,26.44107142857143,26.47642857142857,9
2021-01-12,24.975,25.810714285714287,26.135,26.1875,26.175,26.24642857142857,9
2021-01-13,24.646428571428572,25.655357142857145,25.937142857142856,26.0,25.97857142857143,26.086428571428574,9
2021-01-14,25.017857142857142,25.974999999999998,26.385,26.51607142857143,26.480357142857144,26.571428571428573,9
2021-01-15,25.739285714285714,26.601785714285715,26.87357142857143,26.882142857142856,26.875,27.015,9
2021-01-19,25.26607142857143,26.417857142857144,26.84642857142857,26.875,26.736428571428572,26.907857142857143,9
2021-01-20,24.882142857142856,26.320714285714285,26.66357142857143,26.775,26.783571428571427,26.869285714285713,8
2021-01-21,24.707142857142856,26.310714285714287,26.825,26.97857142857143,27.042142857142856,27.170714285714286,8
2021-01-22,25.110714285714284,26.602142857142855,26.97857142857143,27.075,27.103571428571428,27.275,8
2021-01-25,26.315224999999998,27.479702857142858,27.702885714285713,27.656985714285714,27.64776,27.72255,9
2021-01-26,25.928700000000003,27.371042857142857,27.742060714285714,27.768075,27.729377142857143,27.7735,9
2021-01-27,31.436839285714285,31.03311142857143,30.47030714285714,29.873,29.539285714285715,29.432142857142857,9
2021-01-28,30.51077857142857,30.50948857142857,29.942050000000002,29.330735714285716,29.050445714285715,28.91967142857143,9
2021-01-29,32.39949285714285,32.05397428571428,31.16887142857143,30.387549999999997,30.113619999999997,29.910425,9
2021-02-01,30.67825,30.89574,30.494928571428574,29.905289285714286,29.5861,29.362157142857143,9
2021-02-02,28.199260714285714,29.029125714285716,29.182828571428573,28.84225,28.73271142857143,28.63924642857143,9
2021-02-03,26.849114285714286,28.09882857142857,28.413360714285712,28.22302142857143,28.210882857142856,28.1476,9
2021-02-04,25.755092857142856,27.36794,27.97185,28.01674285714286,28.046417142857145,27.990610714285715,9
2021-02-05,25.739035714285713,27.332285714285714,27.952,28.07735357142857,28.153325714285714,28.075,9
2021-02-08,25.870775000000002,27.398151428571428,28.00767857142857,28.208357142857142,28.28206,28.148214285714285,9
2021-02-09,26.04682857142857,27.686688571428572,28.385957142857144,28.572375,28.594265714285715,28.404678571428573,9
2021-02-10,26.652607142857143,28.403000000000002,29.100285714285715,29.232142857142858,29.12457142857143,28.8547,9
2021-02-11,26.123142857142856,28.17749142857143,28.954500000000003,29.090975,29.064742857142857,28.82857142857143,9
2021-02-12,25.394310714285712,27.630105714285715,28.621235714285714,29.04537142857143,29.087022857142856,28.8711,9
2021-02-16,26.19226,28.20706,29.053271428571428,29.4008,29.401914285714287,29.22067142857143,9
2021-02-17,25.768588571428573,28.297417142857142,29.164357142857142,29.4541,29.5141,29.324592857142857,8
2021-02-18,26.045840000000002,28.48724,29.3,29.591585714285713,29.727871428571426,29.508625,8
2021-02-19,25.152102857142857,27.801874285714284,28.834635714285714,29.325714285714287,29.582857142857144,29.4059,8
2021-02-22,26.45264,28.704335714285715,29.46454285714286,29.90142857142857,30.141071428571426,29.889285714285712,9
2021-02-23,25.451817142857145,27.931171428571428,28.887314285714286,29.37,29.632142857142856,29.385714285714286,9
2021-02-24,24.528357142857143,26.913857142857143,28.0047,28.498885714285713,28.849735714285714,28.671182142857145,9
2021-02-25,28.62562857142857,29.692128571428572,29.87835,29.865325714285714,29.745871428571427,29.371278571428572,9
2021-02-26,27.212214285714285,28.36607857142857,28.940257142857142,29.196357142857146,29.237857142857145,28.9529,9
2021-03-01,25.5308,27.166485714285717,27.871975,28.21369142857143,28.320771428571426,28.142664285714286,9
2021-03-02,25.736957142857143,27.40322142857143,28.274914285714285,28.68904,28.821475,28.682925,9
2021-03-03,26.93815142857143,28.195128571428572,28.789517857142858,29.057428571428574,29.1085,28.94645714285714,9
2021-03-04,28.208334285714287,29.156342857142857,29.502699999999997,29.62164,29.577217857142855,29.41625,9
2021-03-05,26.161814285714286,27.578264285714287,28.186514285714285,28.467737142857143,28.4913,28.37585,9
2021-03-08,26.746100000000002,28.142442857142857,28.694785714285715,28.944142857142857,28.895232142857143,28.78471785714286,9
2021-03-09,25.69878285714286,27.434560714285716,28.217375,28.65248,28.72822857142857,28.69430714285714,9
2021-03-10,25.44784,27.321614285714286,28.09397142857143,28.433685714285716,28.46559285714286,28.471157142857145,9
2021-03-11,24.885754285714288,26.745803571428574,27.57825,28.029388571428573,28.109214285714284,28.16,9
2021-03-12,24.430014285714286,26.61854285714286,27.61781428571429,28.129845714285715,28.198214285714286,28.2625,9
2021-03-15,23.2026,25.690367857142856,26.88992142857143,27.559362857142858,27.74762857142857,27.930414285714285,9
2021-03-16,23.339582857142858,25.720657142857142,26.744128571428572,27.400280000000002,27.59107142857143,27.823214285714286,9
2021-03-17,,24.803392857142857,25.94849285714286,26.65777142857143,26.898285714285713,27.17965,8
2021-03-18,,25.694164285714287,26.4461,26.920871428571427,27.046160714285715,27.25902142857143,8
2021-03-19,,25.197189285714284,26.23837142857143,26.954514285714286,27.189285714285713,27.4875,8
2021-03-22,21.731,24.01322857142857,25.0099,25.8229,26.095407142857145,26.493142857142857,9
2021-03-23,22.901346428571426,24.834482142857144,25.65657142857143,26.2,26.27152142857143,26.548294285714288,9
2021-03-24,23.104907142857144,24.867814285714285,25.617934285714288,26.15552142857143,26.29425,26.595642857142856,9
2021-03-25,22.508699999999997,24.35277142857143,25.1809,25.715735714285714,25.910114285714286,26.20877714285714,9
2021-03-26,21.66127142857143,23.537278571428573,24.54148,25.182710714285715,25.422407142857143,25.72148,9
2021-03-29,22.41495,23.917403571428572,24.675885714285716,25.128500000000003,25.345,25.646428571428572,9
2021-03-30,21.539385714285714,23.131028571428573,23.942194285714287,24.423325,24.67857142857143,24.97555142857143,9
2021-03-31,21.358150000000002,23.057225,23.889354285714287,24.34317142857143,24.59424285714286,24.905522857142856,9
2021-04-01,20.779257142857144,22.503914285714284,23.42016,23.91050357142857,24.206117857142857,24.513622857142856,9
2021-04-05,20.516849999999998,22.124885714285714,22.985714285714288,23.445085714285714,23.820085714285714,24.122857142857143,9
2021-04-06,20.592464285714286,22.12742142857143,22.92741142857143,23.3609,23.744285714285713,24.027142857142856,9
2021-04-07,20.174285714285716,21.856792857142857,22.7556,23.20714285714286,23.603571428571428,23.883002857142856,9
2021-04-08,19.895025,21.724532142857143,22.69404,23.22142857142857,23.639285714285716,23.885714285714286,9
2021-04-09,19.870592857142857,21.82962857142857,22.817834285714287,23.32045357142857,23.746132142857142,23.99,9
2021-04-12,19.924950000000003,21.784875,22.733857142857143,23.21682857142857,23.678685714285713,23.897137142857144,9
2021-04-13,19.874407142857144,21.880399999999998,22.91154,23.45445,23.93819642857143,24.14842857142857,9
2021-04-14,20.42715714285714,22.212139285714287,23.168425714285714,23.67635,24.178571428571427,24.361428571428572,9
2021-04-15,19.845357142857143,21.87695,22.9243,23.479589285714287,23.996428571428574,24.205828571428572,9
2021-04-16,19.638596428571425,21.542310714285712,22.63590285714286,23.27377142857143,23.906742857142856,24.19,9
2021-04-19,20.7006,22.330871428571427,23.35044285714286,23.835607142857143,24.391119999999997,24.53272,9
2021-04-20,21.111785714285716,22.807205714285715,23.835262857142858,24.2719,24.805714285714288,24.89142857142857,9
2021-04-21,20.125821428571427,21.97728,23.15688,23.721657142857143,24.31065142857143,24.488165714285714,8
2021-04-22,21.341407142857143,22.975085714285715,23.9968,24.475407142857144,24.96622857142857,25.087942857142856,8
2021-04-23,20.683114285714286,22.413017142857143,23.506239285714287,24.114285714285714,24.676042857142857,24.8323,8
2021-04-26,20.67885,22.4331,23.474471428571427,24.07912142857143,24.607142857142858,24.77857142857143,9
2021-04-27,20.27672857142857,22.08132857142857,23.136846428571427,23.71315,24.246897142857144,24.377871428571428,9
2021-04-28,20.318464285714285,22.138374285714285,23.211757142857145,23.82564285714286,24.301785714285714,24.39375,9
2021-04-29,20.293257142857144,22.07854857142857,23.1372,23.75089285714286,24.24521142857143,24.36237857142857,9
2021-04-30,21.145575,22.707434285714285,23.636,24.181,24.60142857142857,24.6497,9
2021-05-03,20.6423,22.180497142857142,23.145892857142858,23.758542857142857,24.184371428571428,24.27792857142857,9
2021-05-04,21.452728571428572,22.800148571428572,23.613028571428572,24.174999999999997,24.538182857142857,24.567117857142858,9
2021-05-05,20.94834285714286,22.356817142857142,23.232142857142858,23.821214285714284,24.19693714285714,24.235714285714284,9
2021-05-06,20.863110714285714,22.349694285714286,23.23095,23.827257142857142,24.16388285714286,24.191964285714285,9
2021-05-07,19.738578571428572,21.494171428571427,22.578982142857143,23.32519642857143,23.73631142857143,23.78805,9
2021-05-10,20.882,22.30168857142857,23.180307142857142,23.826771428571426,24.155291428571427,24.157632142857143,9
2021-05-11,22.50372142857143,23.620608571428573,24.22927142857143,24.7625,24.964662857142855,24.870857142857144,9
2021-05-12,26.351096428571427,26.514400000000002,26.525657142857142,26.66962857142857,26.603405714285714,26.28325,9
2021-05-13,23.88265714285714,24.559374285714288,24.849575,25.15412142857143,25.215657142857143,25.090685714285716,9
2021-05-14,21.12727142857143,22.4765,23.220785714285714,23.745271428571428,23.983617142857142,23.897275,9
2021-05-17,22.1144,23.24814285714286,23.843617857142856,24.396142857142856,24.5946,24.525257142857143,9
2021-05-18,22.422205714285713,23.706377142857143,24.459535714285714,24.9853,25.152185714285714,25.04607142857143,9
2021-05-19,23.442899999999998,24.2949,24.80409642857143,25.253085714285714,25.345657142857142,25.181014285714287,8
2021-05-20,22.23437142857143,23.547085714285714,24.158,24.657774285714286,24.78788857142857,24.71102857142857,8
2021-05-21,22.009265714285714,23.239008571428574,23.847099999999998,24.382479999999997,24.63328,24.6,8
2021-05-24,21.10068,22.520985714285715,23.192914285714284,23.75142857142857,24.000167857142856,23.98501142857143,9
2021-05-25,21.146617142857142,22.71955357142857,23.40667857142857,23.95792,24.2,24.18285714285714,9
2021-05-26,20.150214285714284,21.796971428571428,22.698792857142855,23.358014285714287,23.65535714285714,23.671885714285715,9
2021-05-27,19.161728571428572,20.842567857142857,21.945425,22.70990857142857,23.1053,23.207454285714284,9
2021-05-28,19.673802857142856,21.05965714285714,22.064385714285713,22.835028571428573,23.290010714285714,23.381059999999998,9
2021-06-01,20.333299999999998,21.6569,22.4648,23.04992,23.376307142857144,23.449214285714287,9
2021-06-02,19.894354285714286,21.456314285714285,22.474214285714286,23.145142857142858,23.502285714285712,23.590022857142856,9
2021-06-03,20.306694285714286,21.821985714285717,22.776049999999998,23.387439999999998,23.72172857142857,23.801634285714286,9
2021-06-04,19.263382857142858,20.893164285714285,21.997325,22.705659999999998,23.113557142857143,23.21602,9
2021-06-07,19.055619999999998,20.746785714285714,21.912992857142857,22.593114285714286,22.976107142857142,23.09895142857143,9
2021-06-08,19.36621142857143,20.94110357142857,21.976785714285715,22.60946,22.937271428571428,23.029371428571427,9
2021-06-09,19.77179142857143,21.302057142857144,22.341414285714283,22.924402857142855,23.173303571428573,23.239720000000002,9
2021-06-10,18.644745714285715,20.309739285714286,21.385925,21.966797142857143,22.285114285714286,22.41052857142857,9
2021-06-11,18.19307142857143,19.913457142857144,21.167571428571428,21.805097142857143,22.11122857142857,22.2134,9
2021-06-14,18.551000000000002,20.245696428571428,21.38241071428571,21.961031428571427,22.218407142857142,22.318697142857143,9
2021-06-15,19.142254285714287,20.679557142857142,21.7351,22.2076,22.390978571428573,22.4193,9
2021-06-16,,20.89692857142857,21.956132142857143,22.393877142857143,22.569042857142858,22.55882,8
2021-06-17,,20.8068,21.8074,22.246428571428574,22.37835,22.396662857142857,8
2021-06-18,,22.22720357142857,22.923405714285714,23.151577142857143,23.220907142857143,23.180619999999998,8
2021-06-21,19.9159,21.253471428571427,22.13834,22.55714,22.66274285714286,22.67002857142857,9
2021-06-22,18.887335714285715,20.644553571428574,21.692485714285716,22.2474,22.40361142857143,22.445782857142856,9
2021-06-23,18.566335714285714,20.345685714285715,21.385742857142855,21.958928571428572,22.204285714285714,22.247142857142858,9
2021-06-24,18.34764285714286,20.048892857142857,21.099999999999998,21.71785714285714,21.96485714285714,22.076285714285714,9
2021-06-25,17.97648571428571,19.887614285714285,21.05044,21.756785714285712,22.009542857142858,22.0668,9
2021-06-28,18.169975,19.912642857142856,21.016828571428572,21.67412857142857,21.965325714285715,22.131607142857142,9
2021-06-29,18.649285714285714,20.363,21.37148,21.967425,22.223374285714286,22.436128571428572,9
2021-06-30,18.496464285714286,20.24578214285714,21.326148571428572,21.97,22.293142857142858,22.557232142857142,9
2021-07-01,18.213214285714287,20.095542857142856,21.177999999999997,21.843517857142857,22.19398857142857,22.5124,9
2021-07-02,18.267825000000002,20.101475,21.161771428571427,21.809464285714284,22.152282857142858,22.5094,9
2021-07-06,18.991164285714284,20.581085714285713,21.472222857142857,22.028750000000002,22.313277142857142,22.80500357142857,9
2021-07-07,19.1325,20.734671428571428,21.617842857142858,22.139971428571428,22.37552857142857,22.891571428571428,9
2021-07-08,20.427664285714286,21.67750714285714,22.33194,22.6883,22.8197,23.319014285714285,9
2021-07-09,19.1129,20.726971428571428,21.626982857142856,22.19827857142857,22.476817142857143,23.05845,9
2021-07-12,19.222450000000002,20.997467857142855,21.928342857142855,22.4655,22.649705714285712,23.275135714285714,9
2021-07-13,19.52680714285714,21.203014285714286,22.107282857142856,22.655775000000002,22.854554285714286,23.478828571428572,9
2021-07-14,19.14648928571429,20.984864285714288,21.99873142857143,22.600507142857143,22.83413428571429,23.56267142857143,9
2021-07-15,19.485628571428574,21.115642857142856,22.004659999999998,22.579592857142856,22.7777,23.499742857142856,9
2021-07-16,20.418425,21.706764285714286,22.436534285714284,22.955157142857143,23.09565142857143,23.8369,9
2021-07-19,23.6675,23.966977142857143,23.996634285714286,24.066425,23.950331428571427,24.605,9
2021-07-20,21.525017857142856,22.668294285714286,23.350237142857143,23.6879,23.635871428571427,24.45068214285714,9
2021-07-21,20.2181,21.749954285714285,22.523611428571428,22.948839999999997,22.99804,23.882471428571428,8
2021-07-22,20.70401785714286,21.948314285714286,22.5382,22.891168571428572,22.907197142857143,23.8646,8
2021-07-23,20.5508,21.780937142857145,22.421235714285714,22.709,22.796,23.8,8
2021-07-26,20.53595,21.90548,22.56095714285714,22.856311428571427,22.969225,23.97156785714286,9
2021-07-27,21.139214285714285,22.4011,22.950725,23.18596,23.313514285714284,24.2953,9
2021-07-28,20.652435714285712,22.06012857142857,22.6924,22.948442857142854,23.119999999999997,24.063767857142857,9
2021-07-29,20.36602142857143,21.85447142857143,22.530974999999998,22.825817142857144,23.034585714285715,23.918214285714285,9
2021-07-30,20.98149642857143,22.39993714285714,23.0356,23.256057142857145,23.437592857142857,24.2738,9
2021-08-02,21.934649999999998,23.054237142857144,23.549125,23.699665714285715,23.956500000000002,24.70714285714286,9
2021-08-03,20.91873214285714,22.321374285714285,22.978614285714286,23.20398,23.53317857142857,24.287499999999998,9
2021-08-04,20.938828571428573,22.289985714285713,22.98187857142857,23.240457142857142,23.602264285714288,24.303,9
2021-08-05,20.512796428571427,21.855997142857145,22.61665,22.945485714285713,23.333625,24.010735714285715,9
2021-08-06,20.019357142857142,21.3718,22.198739285714286,22.63294,23.14205714285714,23.8125,9
2021-08-09,20.1208,21.437091428571428,22.29319285714286,22.741014285714286,23.347442857142855,23.967421428571427,9
2021-08-10,19.838171428571428,21.253074285714288,22.16591785714286,22.64052,23.285714285714285,23.888628571428573,9
2021-08-11,19.323317857142857,20.79165714285714,21.726171428571426,22.199365714285715,22.948260714285713,23.581071428571427,9
2021-08-12,19.055742857142857,20.404174285714287,21.350099999999998,21.879185714285715,22.69332142857143,23.389285714285712,9
2021-08-13,19.180107142857143,20.511537142857144,21.39942142857143,21.90718,22.744114285714286,23.4162,9
2021-08-16,19.6237,20.803385714285714,21.63616071428571,22.088957142857144,22.986842857142857,23.628757142857143,9
2021-08-17,20.212968571428572,21.511025714285715,22.267521428571428,22.56144,23.34475,23.901946428571428,9
2021-08-18,21.77558857142857,22.82241714285714,23.321685714285717,23.415014285714285,24.2131,24.664407142857144,8
2021-08-19,22.417254285714286,23.129797142857143,23.4269,23.391842857142855,24.21269642857143,24.657982142857144,8
2021-08-20,20.713334285714286,22.10859142857143,22.75276571428571,22.91073714285714,23.820721428571428,24.35,8
2021-08-23,20.209880000000002,21.720235714285714,22.503225714285712,22.71716857142857,23.7662,24.27137777777778,9
2021-08-24,20.171194285714286,21.74749285714286,22.528514285714284,22.75,23.834628571428574,24.339322222222222,9
2021-08-25,19.761768571428572,21.419671428571426,22.250105714285713,22.539767857142856,23.64774285714286,24.13900740740741,9
2021-08-26,20.644957142857145,22.067189285714285,22.65648,22.933542857142857,23.963571428571427,24.44611111111111,9
2021-08-27,19.637414285714286,21.306014285714287,22.01536857142857,22.358125,23.40714285714286,23.916666666666668,9
2021-08-30,19.62724,21.256932142857146,22.030345714285716,22.543757142857142,23.545728571428572,23.977855555555557,9
2021-08-31,19.601,21.261007142857142,22.035500000000003,22.579425,23.556653571428573,24.035737037037038,9
2021-09-01,19.16187142857143,20.86254642857143,21.677008571428573,22.3185,23.35,23.833333333333336,9
2021-09-02,19.16777142857143,20.91754285714286,21.73,22.385714285714286,23.367317857142858,23.86620740740741,9
2021-09-03,19.489165714285715,21.104824999999998,21.910485714285713,22.580164285714286,23.546914285714283,24.092296296296297,9
2021-09-07,20.131977142857142,21.59391785714286,22.262674285714287,23.049,23.93005714285714,24.4557,9
2021-09-08,20.188974285714284,21.743685714285714,22.4329,23.214667857142857,23.987946428571426,24.50185185185185,9
2021-09-09,20.730274285714287,22.0826,22.70804,23.518885714285716,24.284100000000002,24.820137037037036,9
2021-09-10,21.71732857142857,22.649228571428573,23.06921142857143,23.84360714285714,24.572960714285713,25.109177777777777,9
2021-09-13,20.92528,22.203060714285712,22.817328571428572,23.759657142857144,24.43576428571429,24.992877777777778,9
2021-09-14,21.244128571428572,22.5121,23.142711428571427,24.051,24.636332142857142,25.163674074074073,9
2021-09-15,,22.142185714285716,22.873105714285714,23.795385714285715,24.358271428571427,24.882144444444442,8
2021-09-16,,21.89877857142857,22.63674,23.661678571428574,24.24651785714286,24.8,8
2021-09-17,,22.91278571428571,23.356225714285713,24.219642857142855,24.674964285714285,25.211624999999998,8
2021-09-20,24.4629,24.70407142857143,24.802642857142857,25.45500357142857,25.636855555555552,25.978022222222222,9
2021-09-21,23.4539,24.13831142857143,24.367425714285716,24.9932,25.22585185185185,25.556083333333333,9
2021-09-22,22.17335,23.18087142857143,23.527157142857142,24.352714285714285,24.742477777777776,25.119966666666667,9
2021-09-23,20.7712,22.278971428571428,22.7456,23.688971428571428,24.21901111111111,24.702741666666668,9
2021-09-24,20.07947142857143,21.77767714285714,22.445985714285715,23.50867142857143,24.100007407407407,24.593066666666665,9
2021-09-27,20.500675,21.87459142857143,22.58577142857143,23.57217142857143,24.225607407407406,24.692708333333332,9
2021-09-28,22.78192857142857,23.54704285714286,23.945239285714287,24.687425,25.1404,25.483933333333333,9
2021-09-29,23.245482142857142,23.854742857142856,24.17195,24.869500000000002,25.29464814814815,25.593241666666668,9
2021-09-30,23.15997857142857,23.793042857142858,24.198975,24.937564285714284,25.401114814814814,25.722455555555555,9
2021-10-01,22.473992857142857,23.384057142857145,23.90122857142857,24.639835714285713,25.12851111111111,25.481483333333333,9
2021-10-04,23.1901,23.906742857142856,24.4975,25.208210714285713,25.649855555555558,25.909950000000002,9
2021-10-05,22.436064285714288,23.273648571428573,23.915828571428573,24.66605,25.208544444444446,25.543666666666667,9
2021-10-06,22.04087142857143,22.971488571428573,23.724360714285712,24.543253571428572,25.113462962962963,25.41133333333333,9
2021-10-07,21.30575,22.478128571428574,23.353450000000002,24.239171428571428,24.83213333333333,25.146083333333333,9
2021-10-08,20.933699999999998,22.174728571428574,23.276232142857143,24.24773928571429,24.91591851851852,25.26517777777778,9
2021-10-11,21.43,22.476514285714288,23.507142857142856,24.32792857142857,25.02946296296296,25.32361111111111,9
2021-10-12,21.079092857142857,22.10017714285714,23.213610714285714,24.040100000000002,24.748425925925925,25.041677777777778,9
2021-10-13,20.757642857142855,21.835428571428572,23.0403,23.871785714285714,24.636677777777777,24.9291,9
2021-10-14,19.661285714285714,20.966897142857142,22.4247,23.333364285714286,24.143844444444444,24.47208888888889,9
2021-10-15,19.784842857142856,21.253437142857145,22.701592857142856,23.60217142857143,24.422296296296295,24.772222222222222,9
2021-10-18,19.6962,21.075514285714284,22.873346428571427,23.856167857142857,24.638183333333334,24.957433333333334,9
2021-10-19,19.579737142857145,21.11085142857143,22.880014285714285,23.683,24.53440833333333,24.89249166666667,9
2021-10-20,19.414677142857144,20.902334285714286,22.641110714285713,23.486574074074074,24.414066666666667,24.745316666666664,8
2021-10-21,18.865074285714286,20.538817142857145,22.3502,23.267948148148147,24.18307777777778,24.577744444444445,8
2021-10-22,19.330000000000002,21.043000000000003,22.752378571428572,23.5842,24.44016666666667,24.8,8
2021-10-25,18.94006,20.61985,22.32142857142857,23.23946666666667,24.02695,24.42142857142857,9
2021-10-26,19.354108571428572,20.974292857142856,22.54845357142857,23.47088148148148,24.219316666666668,24.554342857142856,9
2021-10-27,19.850154285714286,21.51102857142857,22.973185714285716,23.85542962962963,24.566563888888886,24.877621428571427,9
2021-10-28,19.278585714285715,21.113782142857143,22.547800000000002,23.483333333333334,24.2,24.551235714285713,9
2021-10-29,19.493985714285714,21.376892857142856,22.82397142857143,23.79551111111111,24.48493888888889,24.7926,9
2021-11-01,19.36018,21.330667857142856,22.803035714285713,23.782577777777778,24.427444444444443,24.723321428571428,9
2021-11-02,18.9221,20.941542857142856,22.449642857142855,23.489914814814814,24.13875,24.490867857142856,9
2021-11-03,18.315434285714286,20.43857142857143,21.99202142857143,23.09158888888889,23.7843,24.15617142857143,9
2021-11-04,18.705765714285715,20.840857142857143,22.375,23.40376296296296,24.04454722222222,24.420357142857142,9
2021-11-05,19.50240857142857,21.35367142857143,22.808832142857145,23.775192592592592,24.391266666666667,24.70355,9
2021-11-08,19.697979999999998,21.477214285714286,22.878535714285714,23.91896296296296,24.533749999999998,24.878585714285713,9
2021-11-09,20.111294285714287,21.877964285714285,23.265071428571428,24.2356,24.7822,25.132035714285717,9
2021-11-10,20.49786,22.1025,23.36192857142857,24.255055555555558,24.774833333333333,25.096135714285715,9
2021-11-11,20.15553142857143,21.965014285714286,23.169600000000003,24.070707407407408,24.558249999999997,24.878571428571426,9
2021-11-12,19.339485714285715,21.49292857142857,22.933421428571428,23.865244444444443,24.362875,24.7349,9
2021-11-15,19.313019999999998,21.585114285714283,23.00572142857143,24.0502,24.594033333333332,25.0004,9
2021-11-16,19.452682857142857,21.752757142857142,23.11867857142857,24.07202777777778,24.738861111111113,25.205535714285716,9
2021-11-17,,22.196375,23.560035714285714,24.53892777777778,25.122844444444446,25.556807142857142,8
2021-11-18,,22.492214285714283,23.8,24.654208333333333,25.196291666666667,25.58751785714286,8
2021-11-19,,22.68004642857143,23.741044444444444,24.64142222222222,25.16508888888889,25.4984,8
2021-11-22,21.1529,23.167664285714284,24.168433333333333,24.970244444444447,25.47667142857143,25.72142857142857,9
2021-11-23,20.638092857142855,22.784560714285714,23.923177777777777,24.710933333333333,25.220292857142855,25.5105,9
2021-11-24,20.498414285714286,22.613928571428573,23.76358888888889,24.591725,25.12217857142857,25.409660714285714,9
2021-11-26,26.608114285714286,27.030492857142857,27.113025925925925,27.11221944444444,27.084489285714284,27.03615,9
2021-11-29,22.589925,24.013285714285715,24.837133333333334,25.400572222222223,25.726385714285716,25.8066,9
2021-11-30,25.912557142857143,26.546842857142856,26.775744444444445,26.951675,26.991414285714285,26.925760714285715,9
2021-12-01,27.87334285714286,27.872385714285713,27.743077777777778,27.698877777777778,27.56935,27.44397142857143,9
2021-12-02,26.28412857142857,26.931700000000003,27.019774074074075,27.055891666666668,26.984403571428572,26.880053571428572,9
2021-12-03,28.685785714285714,28.449739285714287,28.1789,28.02775,27.833771428571428,27.643749999999997,9
2021-12-06,26.251350000000002,26.736085714285714,26.93926666666667,27.021108333333334,26.968453571428572,26.847442857142855,9
2021-12-07,23.431110714285715,24.684760714285716,25.389066666666665,25.736811111111113,25.85934285714286,25.847792857142856,9
2021-12-08,22.079557142857144,23.697607142857144,24.679314814814813,25.281169444444444,25.60115,25.722839285714286,9
2021-12-09,22.776689285714287,24.097610714285715,24.937177777777777,25.497066666666665,25.812364285714285,25.937471428571428,9
2021-12-10,21.38452142857143,23.1532,24.275718518518516,24.983116666666668,25.393825,25.546,9
2021-12-13,22.518575,24.133425,25.189670370370372,25.805555555555554,26.15517142857143,26.243971428571427,9
2021-12-14,23.011992857142857,24.467057142857144,25.507396296296296,26.071558333333332,26.32314285714286,26.35,9
2021-12-15,21.454082142857143,23.21627857142857,24.4199,25.1119,25.46732857142857,25.565342857142856,9
2021-12-16,22.476357142857143,24.0512,25.16553888888889,25.772705555555554,26.05309642857143,26.171414285714285,9
2021-12-17,23.30552857142857,24.69035,25.732605555555555,26.33568888888889,26.61360714285714,26.6895,9
2021-12-20,24.3107,25.308503703703703,26.076855555555557,26.53918888888889,26.663482142857145,26.669154285714285,9
2021-12-21,23.210135714285713,24.578355555555554,25.585183333333333,26.1491,26.353057142857143,26.44522285714286,9
2021-12-22,21.925528571428572,23.72078888888889,24.887755555555554,25.624089285714284,25.930560714285715,26.127585714285715,8
2021-12-23,21.839042857142857,23.621548148148147,24.81051111111111,25.5794,25.970157142857143,26.14420857142857,8
2021-12-27,21.511525,23.4536,24.618966666666665,25.3506,25.74047142857143,25.949214285714287,9
2021-12-28,21.130442857142857,23.102855555555553,24.300930555555556,25.114525,25.525225,25.78878,9
2021-12-29,20.681171428571428,22.692703703703703,23.98132777777778,24.814842857142857,25.2892,25.60389142857143,9
2021-12-30,20.695007142857143,22.7074,24.032441666666667,24.922439285714287,25.432975,25.767142857142858,9
2021-12-31,20.5765,22.69175925925926,24.011966666666666,24.889692857142855,25.3848,25.80128,9
2022-01-03,20.133650000000003,22.40884814814815,23.757469444444443,24.624814285714283,25.11665357142857,25.547271428571428,9
2022-01-04,20.181432142857144,22.38837777777778,23.73198888888889,24.64935,25.1796,25.630277142857143,9
2022-01-05,21.827414285714287,23.505566666666667,24.598058333333334,25.361635714285715,25.821424999999998,26.275897142857144,9
2022-01-06,22.063582142857143,23.694177777777778,24.691666666666666,25.414057142857143,25.842714285714287,26.292857142857144,9
2022-01-07,21.440971428571427,23.038325925925925,24.10830277777778,24.896810714285714,25.346992857142858,25.82188,9
2022-01-10,21.254525,22.889144444444444,23.929194444444445,24.643071428571428,25.07294285714286,25.578888571428575,9
2022-01-11,20.556307142857143,22.377033333333333,23.530625,24.317475,24.750496428571427,25.257871428571427,9
2022-01-12,20.544532142857143,22.4263,23.5591,24.358957142857143,24.783671428571427,25.302494285714285,9
2022-01-13,21.85472857142857,23.365607407407406,24.329047222222222,24.977271428571427,25.285825,25.769002857142855,9
2022-01-14,21.523428571428575,23.012,23.970916666666668,24.667471428571428,25.027292857142857,25.5261,9
2022-01-18,23.42262222222222,24.297733333333333,24.928733333333334,25.3073,25.579568571428574,26.048597142857144,9
2022-01-19,24.10553703703704,24.645777777777777,25.124444444444443,25.455992857142856,25.735657142857143,26.15822857142857,8
2022-01-20,24.98138888888889,25.148200000000003,25.3587,25.571485714285714,25.816985714285714,26.275128571428574,8
2022-01-21,27.23916296296296,26.80336388888889,26.65124642857143,26.636685714285715,26.734714285714286,27.0336,8
2022-01-24,27.907948148148147,27.298994444444446,26.870585714285713,26.61685,26.546474285714286,26.746075,9
2022-01-25,28.036144444444446,27.57222777777778,27.155967857142855,26.8661,26.79572,26.91222857142857,9
2022-01-26,28.45863333333333,27.891,27.374021428571428,27.012957142857143,26.894099999999998,27.018725,9
2022-01-27,28.700262962962963,28.223075,27.647875,27.22680357142857,27.061948571428573,27.08467142857143,9
2022-01-28,26.94506296296296,26.905955555555554,26.591214285714287,26.28064285714286,26.218140000000002,26.369625,9
2022-01-31,25.211374074074072,25.591974999999998,25.61767142857143,25.539964285714287,25.639585714285715,25.79995,9
2022-02-01,23.39041111111111,24.1798,24.512171428571428,24.64465,24.8845,25.101482142857144,9
2022-02-02,22.977544444444444,24.045683333333333,24.55519285714286,24.76749642857143,25.028005714285715,25.238314285714285,9
2022-02-03,25.94247037037037,26.113155555555554,26.15305,26.126214285714283,26.25474285714286,26.340889285714287,9
2022-02-04,24.8527,25.472325,25.83591428571429,25.980796428571427,26.217542857142856,26.348950000000002,9
2022-02-07,24.33981111111111,24.952166666666667,25.374042857142857,25.590542857142857,25.891022857142858,26.00014642857143,9
2022-02-08,23.20642962962963,23.99834166666667,24.56041785714286,24.9635,25.384025714285713,25.561385714285713,9
2022-02-09,22.44461111111111,23.409916666666668,24.089857142857145,24.524135714285713,24.97431142857143,25.116378571428573,9
2022-02-10,24.539755555555555,24.942675,25.283949999999997,25.520782142857144,25.834585714285716,25.911757142857144,9
2022-02-11,27.699185185185186,27.17402222222222,26.79960714285714,26.58375714285714,26.686317142857142,26.612949999999998,9
2022-02-14,27.727408333333333,27.121658333333336,26.7082,26.48970357142857,26.622531428571428,26.48262857142857,9
2022-02-15,25.5521,25.607599999999998,25.680185714285713,25.6538,25.87974285714286,25.741685714285715,9
2022-02-16,24.500766666666667,24.785433333333334,24.981203571428573,25.11207142857143,25.474214285714286,25.391107142857145,8
2022-02-17,27.486133333333335,26.869883333333334,26.4871,26.203848571428573,26.34407714285714,26.126671428571427,8
2022-02-18,28.027158333333333,27.300908333333336,26.84,26.539605714285713,26.694662857142855,26.4444,8
2022-02-22,27.74135,27.038214285714286,26.60307142857143,26.438480000000002,26.579914285714285,26.361428571428572,9
2022-02-23,29.34816111111111,28.41547142857143,27.726157142857144,27.35656285714286,27.34538571428571,27.030771428571427,9
2022-02-24,28.29603611111111,27.615567857142857,27.0345,26.7825,26.805485714285712,26.5204,9
2022-02-25,27.15416666666667,26.862792857142857,26.4644,26.29602857142857,26.372242857142858,26.21848,9
2022-02-28,28.4224,27.97395714285714,27.446410714285715,27.231614285714286,27.15344285714286,26.847371428571428,9
2022-03-01,31.48058888888889,30.287628571428574,29.239557142857144,28.681259999999998,28.32731785714286,27.820685714285716,9
2022-03-02,29.366866666666667,28.789210714285716,28.053614285714286,27.740671428571428,27.561914285714284,27.21896285714286,9
2022-03-03,29.68755,29.156200000000002,28.44425,28.100162857142855,27.84695,27.50348,9
2022-03-04,30.88023888888889,29.841464285714288,28.949392857142858,28.566785714285714,28.2388,27.83204,9
2022-03-07,33.61852777777778,32.064685714285716,30.824571428571428,30.202257142857142,29.560289285714283,28.952911428571426,9
2022-03-08,33.08031388888889,31.846964285714286,30.706582142857144,30.15164,29.5082,28.94857142857143,9
2022-03-09,31.70156666666667,30.915928571428573,30.103857142857144,29.69405142857143,29.155485714285714,28.74008285714286,9
2022-03-10,30.214666666666666,29.870953571428572,29.437325,29.288020000000003,28.941464285714286,28.693371428571428,9
2022-03-11,30.84177777777778,30.379357142857145,29.894285714285715,29.660534285714288,29.17240357142857,28.847,9
2022-03-14,31.739075,31.127635714285717,30.317832142857142,30.096802857142855,29.656828571428573,29.457997142857142,9
2022-03-15,,30.300185714285714,29.82025714285714,29.63104,29.098825,28.8537,8
2022-03-16,,27.926278571428572,28.10605357142857,28.222277142857145,27.976928571428573,27.98628,8
2022-03-17,,27.43465714285714,27.6605,27.822757142857142,27.601942857142856,27.63221714285714,8
2022-03-18,,26.197860714285714,26.53991142857143,26.882254285714286,26.823157142857145,26.98094,8
2022-03-21,25.482,26.206678571428572,26.688205714285715,27.025748571428572,26.896271428571428,27.069414285714288,9
2022-03-22,25.02460357142857,25.76661071428571,26.2338,26.6364,26.516685714285714,26.72197142857143,9
2022-03-23,24.953857142857142,25.8089,26.234077142857146,26.62196785714286,26.570434285714285,26.738777142857142,9
2022-03-24,24.392514285714284,25.548246428571428,26.083380000000002,26.448664285714287,26.468754285714287,26.68141142857143,9
2022-03-25,23.65537142857143,24.993992857142857,25.624602857142857,26.054689285714286,26.136085714285713,26.4,9
2022-03-28,23.398825,24.820364285714284,25.450625714285714,25.890507142857146,26.071657142857145,26.37443214285714,9
2022-03-29,22.31357142857143,24.03139285714286,24.875297142857143,25.4495,25.706934285714286,26.0678,9
2022-03-30,22.713982142857144,24.387235714285715,25.15338285714286,25.68702857142857,25.944585714285715,26.27681785714286,9
2022-03-31,24.01139285714286,25.19752857142857,25.72858,26.153521428571427,26.3638,26.657135714285715,9
2022-04-01,23.071639285714284,24.597785714285713,25.387428571428572,25.936357142857144,26.231754285714285,26.575,9
2022-04-04,22.0547,23.8447,24.89829142857143,25.537950000000002,25.888628571428573,26.241414285714285,9
2022-04-05,24.105167857142856,25.33183214285714,26.060025714285715,26.4838,26.72960857142857,27.026742857142857,9
2022-04-06,24.63597142857143,25.785464285714287,26.417742857142855,26.782585714285716,26.98527142857143,27.201999999999998,9
2022-04-07,24.030839285714286,25.348757142857142,26.11962,26.557157142857143,26.81934,27.0815,9
2022-04-08,24.06982857142857,25.394042857142857,26.183054285714285,26.641785714285714,26.933417142857145,27.240000000000002,9
2022-04-11,25.617475,26.49353214285714,27.092871428571428,27.3654,27.58797714285714,27.791071428571428,9
2022-04-12,25.960285714285714,26.75592857142857,27.329468571428574,27.57405,27.766585714285714,27.97982142857143,9
2022-04-13,24.117632142857143,25.608364285714284,26.469565714285714,26.853457142857142,27.174285714285713,27.480228571428572,9
2022-04-14,24.8587,26.076364285714284,26.910320000000002,27.29500714285714,27.59697142857143,27.894299999999998,9
2022-04-18,24.7867,26.029705714285715,26.91179142857143,27.289285714285715,27.713622857142855,28.0452,9
2022-04-19,23.593075,25.087102857142856,26.129131428571426,26.5996,27.07257142857143,27.507292857142858,9
2022-04-20,23.09947142857143,24.640220000000003,25.707620000000002,26.188654285714286,26.751282857142858,27.184914285714285,8
2022-04-21,24.829428571428572,26.127985714285714,26.9829,27.204222857142856,27.564565714285713,27.876675000000002,8
2022-04-22,28.020642857142857,28.27927714285714,28.57385,28.432511428571427,28.625625714285714,28.7588,8
2022-04-25,27.369475,27.80685142857143,28.093642857142857,28.08406,28.250657142857143,28.336875,9
2022-04-26,30.2026,29.908257142857142,29.724614285714285,29.399,29.337478571428573,29.177899999999998,9
2022-04-27,30.686460714285715,30.288474285714287,29.959142857142858,29.5526,29.379746428571426,29.08494285714286,9
2022-04-28,29.25527142857143,29.260757142857145,29.14285,28.89171142857143,28.82782857142857,28.586499999999997,9
2022-04-29,31.475764285714288,30.994668571428573,30.4532,29.941885714285714,29.73640357142857,29.327475,9
2022-05-02,30.92445,30.719348571428572,30.273225,29.804808571428573,29.538385714285713,29.09702857142857,9
2022-05-03,29.128167857142856,29.34624857142857,29.246314285714284,29.0646,28.961592857142858,28.59052857142857,9
2022-05-04,26.461085714285712,27.308062857142858,27.62751785714286,27.698714285714285,27.77482142857143,27.53467142857143,9
2022-05-05,31.354482142857144,31.231437142857143,30.82295,30.369205714285716,30.023135714285715,29.472257142857142,9
2022-05-06,30.79714285714286,30.6922,30.415171428571426,30.122254285714284,29.89127142857143,29.39835,9
2022-05-09,33.256925,32.642762857142856,32.04542857142857,31.586699999999997,31.140814285714285,30.387910714285717,9
2022-05-10,32.0241,31.71186857142857,31.225982142857145,30.82758,30.4633,29.81832142857143,9
2022-05-11,31.814578571428573,31.531757142857142,31.171971428571428,30.922285714285714,30.597464285714285,29.96451785714286,9
2022-05-12,31.260057142857143,31.145857142857142,30.857675,30.64458857142857,30.319007142857142,29.6574,9
2022-05-13,29.3341,29.74281142857143,29.783842857142858,29.80594857142857,29.64954285714286,29.0621,9
2022-05-16,28.0855,28.8523,29.115992857142857,29.291445714285715,29.2341,28.723885714285714,9
2022-05-17,27.52088,28.45928,28.854985714285714,29.09724,29.164099999999998,28.639457142857143,9
2022-05-18,31.511642857142856,31.393785714285716,31.00284285714286,30.834354285714284,30.560685714285714,29.913485714285716,8
2022-05-19,29.32624285714286,29.72867142857143,29.6837,29.7833,29.742042857142856,29.216025,8
2022-05-20,29.483965714285713,29.94570857142857,29.90958857142857,29.984245714285713,29.9435,29.4192,8
2022-05-23,29.22936,29.825957142857142,29.81028,29.89188,29.79655357142857,29.196474285714284,9
2022-05-24,29.337797142857145,29.8524,29.8661,29.9183,29.8444,29.249757142857142,9
2022-05-25,28.65299142857143,29.137757142857144,29.17578,29.302214285714285,29.315307142857144,28.793085714285716,9
2022-05-26,28.3484,29.084953571428574,29.23832,29.4027,29.374514285714284,28.85426285714286,9
2022-05-27,27.27832,28.229285714285712,28.516479999999998,28.815989285714288,28.866417857142856,28.3966,9
2022-05-31,27.003085714285714,27.950657142857143,28.370365714285715,28.680575,28.75664642857143,28.32284,9
2022-06-01,26.823505714285716,27.759264285714288,28.22172,28.567028571428573,28.61085,28.20492,9
2022-06-02,26.32026857142857,27.249985714285714,27.683339999999998,28.07080714285714,28.13502857142857,27.740000000000002,9
2022-06-03,26.65246,27.507303571428572,27.947114285714285,28.33824285714286,28.463514285714286,28.09196,9
2022-06-06,26.4167,27.29152857142857,27.815577142857144,28.274732142857143,28.436249999999998,28.096774285714286,9
2022-06-07,25.7013,26.663625,27.283871428571427,27.854149999999997,28.10562857142857,27.84792857142857,9
2022-06-08,25.722274285714285,26.688385714285715,27.318714285714286,27.875139285714287,28.10149285714286,27.882857142857144,9
2022-06-09,27.161574285714288,27.750335714285715,28.17892,28.606657142857145,28.74180714285714,28.4875,9
2022-06-10,28.8582,29.26872857142857,29.58848857142857,29.76801785714286,29.672575000000002,29.31316,9
2022-06-13,33.00846,32.24816785714286,31.9109,31.66352857142857,31.310807142857144,30.741685714285715,9
2022-06-14,31.9435,31.32892857142857,31.188625714285713,31.10925,30.897157142857143,30.42422857142857,9
2022-06-15,,29.988457142857143,29.99636,30.062978571428573,29.833414285714287,29.42362,8
2022-06-16,,31.517785714285715,31.41824,31.307210714285713,30.954567857142855,30.435257142857143,8
2022-06-17,,30.690725,30.62962285714286,30.558942857142856,30.209235714285715,29.69526,8
2022-06-21,30.3181,30.18760857142857,30.151694285714285,30.0804,29.715242857142858,29.201385714285713,9
2022-06-22,29.018292857142857,29.148765714285712,29.367508571428573,29.50867857142857,29.23689142857143,28.738805714285714,9
2022-06-23,29.02622142857143,29.219857142857144,29.4356,29.52882857142857,29.213359999999998,28.716559999999998,9
2022-06-24,28.522185714285715,28.841574285714287,29.090832142857145,29.18435714285714,28.899685714285717,28.3638,9
2022-06-27,27.569825,28.17404,28.595528571428574,28.832978571428573,28.575828571428573,28.233035714285712,9
2022-06-28,28.44824285714286,28.835157142857142,29.130514285714284,29.3,28.99748857142857,28.665799999999997,9
2022-06-29,28.488332142857143,28.91558285714286,29.204328571428572,29.403285714285715,29.077757142857145,28.760257142857142,9
2022-06-30,28.78197857142857,29.298154285714283,29.591949999999997,29.69504285714286,29.294688571428573,28.977228571428572,9
2022-07-01,28.03129642857143,28.723505714285714,29.099785714285716,29.29139285714286,28.948642857142858,28.707925,9
2022-07-05,28.170421428571427,28.771739999999998,29.1504,29.23045,28.785597142857142,28.714410714285716,9
2022-07-06,27.745042857142856,28.443777142857144,28.90041785714286,29.044578571428573,28.683637142857144,28.722114285714287,9
2022-07-07,27.485982142857143,28.22962,28.72965,28.913028571428573,28.585677142857143,28.700732142857145,9
2022-07-08,26.91672857142857,27.802514285714285,28.370157142857142,28.60340357142857,28.339962857142858,28.543300000000002,9
2022-07-11,27.885825,28.50582857142857,28.95722142857143,29.04447142857143,28.7181,29.042907142857143,9
2022-07-12,28.06157142857143,28.612225714285714,29.094239285714284,29.1736,28.8216,29.19642857142857,9
2022-07-13,27.697185714285713,28.45082857142857,29.063514285714284,29.164357142857142,28.815645714285715,29.33255714285714,9
2022-07-14,27.791242857142855,28.624074285714286,29.30225,29.365064285714283,29.021171428571428,29.508714285714287,9
2022-07-15,26.414010714285716,27.518248571428572,28.48175,28.735057142857144,28.430685714285715,29.04635,9
2022-07-18,27.3971,28.249614285714287,29.024110714285715,29.147442857142856,28.81338,29.586557142857142,9
2022-07-19,27.062862857142857,27.89274857142857,28.67615,28.6989,28.238957142857142,29.030424999999997,9
2022-07-20,26.340685714285716,27.42497142857143,28.306082142857143,28.354454285714286,27.954082857142858,28.74272857142857,8
2022-07-21,25.87426,27.179859999999998,28.1851,28.27885142857143,27.92562285714286,28.765292857142857,8
2022-07-22,25.69249142857143,27.103177142857145,28.057142857142857,28.227251428571428,27.999765714285715,28.9464,8
2022-07-25,25.57896,27.109635714285712,28.066885714285714,28.206308571428572,28.010046428571428,28.920267857142857,9
2022-07-26,26.291505714285712,27.531875,28.323357142857144,28.36684,28.18032142857143,29.062714285714286,9
2022-07-27,25.43472285714286,26.8122,27.596207142857143,27.740574285714285,27.680332142857143,28.540189285714284,9
2022-07-28,24.205457142857146,25.750225,26.76695,27.05264857142857,27.139857142857142,28.076114285714286,9
2022-07-29,24.033654285714285,25.613385714285712,26.559328571428573,26.75977142857143,26.844235714285716,27.7369,9
2022-08-01,24.94932,26.353489285714286,27.07494642857143,27.166188571428574,27.39797142857143,28.145435714285714,9
2022-08-02,25.335185714285714,26.63935,27.37857142857143,27.52984,27.825914285714287,28.48934285714286,9
2022-08-03,24.071011428571428,25.61472857142857,26.55324642857143,26.845542857142856,27.274485714285714,27.9653,9
2022-08-04,24.195862857142856,25.789685714285714,26.7947,27.14801142857143,27.629210714285716,28.226142857142857,9
2022-08-05,23.65581142857143,25.471460714285715,26.612157142857143,27.020185714285716,27.589457142857146,28.1956,9
2022-08-08,23.98778,25.70632857142857,26.761,27.114,27.78514285714286,28.297132142857144,9
2022-08-09,24.273737142857144,25.90469642857143,26.949364285714285,27.282,27.97942857142857,28.461057142857143,9
2022-08-10,22.828745714285716,24.72535,26.018171428571428,26.44473142857143,27.247110714285714,27.75259642857143,9
2022-08-11,23.11092857142857,25.003410714285714,26.226950000000002,26.58232,27.389285714285712,27.817857142857143,9
2022-08-12,22.9272,24.76654285714286,25.960171428571428,26.3266,27.172135714285716,27.60705,9
2022-08-15,22.645439999999997,24.564282142857145,25.757942857142858,26.050819999999998,27.0968,27.509557142857144,9
2022-08-16,22.849725714285714,24.877485714285715,25.934157142857142,26.19012,27.19717142857143,27.55336785714286,9
2022-08-17,,24.920585714285714,26.087564285714286,26.315065714285716,27.421585714285715,27.693835714285715,8
2022-08-18,,24.764557142857143,25.9496,26.20837142857143,27.34498214285714,27.637428571428572,8
2022-08-19,,25.83562142857143,26.654314285714285,26.783742857142855,27.867557142857144,28.1,8
2022-08-22,25.8208,27.047964285714286,27.475431428571426,27.525917142857143,28.528200000000002,28.621268571428573,9
2022-08-23,25.377307142857145,26.708257142857143,27.21652857142857,27.3133,28.407728571428574,28.504317142857143,9
2022-08-24,24.465614285714288,26.072242857142857,26.73586,26.940371428571428,28.042785714285714,28.17514285714286,9
2022-08-25,23.78747142857143,25.517310714285713,26.25,26.535642857142857,27.66342857142857,27.78857142857143,9
2022-08-26,26.321985714285713,27.25355,27.560765714285715,27.70542142857143,28.616635714285714,28.6933,9
2022-08-29,26.272025,27.132242857142856,27.406779999999998,27.63937857142857,28.46302857142857,28.539714285714286,9
2022-08-30,26.740057142857143,27.538664285714283,27.712814285714284,27.9375,28.63785,28.669368571428574,9
2022-08-31,26.171321428571428,27.14924642857143,27.46660285714286,27.793100000000003,28.462992857142858,28.53305142857143,9
2022-09-01,26.027235714285716,26.968914285714284,27.27028,27.605992857142855,28.26994642857143,28.374285714285715,9
2022-09-02,26.314071428571427,27.09512857142857,27.356985714285713,27.74177142857143,28.360114285714285,28.45008,9
2022-09-06,27.117417857142858,27.551278571428572,27.597557142857145,28.0673,28.599271428571427,28.70830857142857,9
2022-09-07,25.555857142857143,26.435307142857145,26.7636,27.412221428571428,27.965389285714284,28.139234285714284,9
2022-09-08,25.173689285714286,26.180460714285715,26.56526,27.289614285714283,27.807221428571427,27.988742857142856,9
2022-09-09,25.006778571428573,26.093814285714288,26.45480285714286,27.248092857142858,27.75082857142857,27.94,9
2022-09-12,25.022624999999998,25.89032142857143,26.18,27.09032857142857,27.52065,27.75156,9
2022-09-13,27.355107142857143,27.667385714285714,27.706557142857143,28.4986,28.752274999999997,28.875114285714286,9
2022-09-14,27.285253571428573,27.6567,27.73290857142857,28.52065,28.663385714285717,28.788934285714287,9
2022-09-15,27.206614285714288,27.581935714285716,27.62096,28.47095714285714,28.60585,28.754285714285714,9
2022-09-16,27.13917142857143,27.555175000000002,27.638834285714285,28.53562857142857,28.607942857142856,28.73188,9
2022-09-19,26.5139,26.856474285714288,26.953588571428572,28.010900000000003,28.104285714285716,28.232857142857142,9
2022-09-20,27.37579285714286,27.39475714285714,27.34332857142857,28.2533,28.212857142857143,28.405714285714286,9
2022-09-21,28.189799999999998,28.064228571428572,27.804942857142855,28.63935,28.514297142857142,28.600268571428572,8
2022-09-22,28.07291785714286,27.848914285714287,27.639,28.565342857142856,28.50762,28.59702,8
2022-09-23,29.7635,29.090968571428572,28.646089285714286,29.448717857142857,29.301685714285714,29.3136,8
2022-09-26,30.718225,29.926951428571428,29.54782857142857,30.1981,29.990365714285716,29.969775000000002,9
2022-09-27,31.148942857142856,30.318314285714287,29.837117857142857,30.37655,30.148408571428572,30.111742857142858,9
2022-09-28,29.814339285714286,29.461934285714285,29.22595,29.81317142857143,29.659814285714283,29.64827857142857,9
2022-09-29,30.740164285714286,30.113511428571428,29.809625,30.303435714285715,30.06857142857143,30.01982142857143,9
2022-09-30,31.34145357142857,30.691282857142856,30.234528571428573,30.562064285714285,30.265428571428572,30.197175,9
2022-10-03,29.91875,29.57492,29.56452857142857,29.910714285714285,29.694285714285716,29.64857142857143,9
2022-10-04,28.81570357142857,28.753434285714285,29.084385714285713,29.55775,29.48717142857143,29.526071428571427,9
2022-10-05,29.01047142857143,28.918791428571428,29.194374999999997,29.572642857142856,29.528477142857145,29.603314285714287,9
2022-10-06,29.87394642857143,29.57355142857143,29.7435,30.060728571428573,29.9766,29.998839285714286,9
2022-10-07,31.082235714285716,30.557585714285715,30.55755357142857,30.700807142857144,30.534802857142857,30.4944,9
2022-10-10,31.830599999999997,31.11996,31.182921428571426,31.15352857142857,30.92655142857143,30.839860714285717,9
2022-10-11,32.2997,31.49557142857143,31.610078571428573,31.53615,31.283725714285712,31.17165,9
2022-10-12,31.848953571428574,31.152757142857144,31.394071428571426,31.279242857142854,31.09535142857143,31.04450357142857,9
2022-10-13,31.0071,30.479897142857144,30.767925,30.60797857142857,30.408728571428572,30.387571428571427,9
2022-10-14,31.623360714285717,30.996997142857143,31.315885714285717,31.097185714285715,30.938162857142856,30.938375,9
2022-10-17,30.879,30.404742857142857,30.921682142857144,30.628217857142857,30.480305714285716,30.457985714285716,9
2022-10-18,30.139717142857144,29.81023142857143,30.400885714285714,30.153,30.063085714285716,30.094439285714287,9
2022-10-19,30.36942857142857,29.94385714285714,30.517285714285713,30.19084857142857,30.150305714285714,30.196064285714286,8
2022-10-20,29.943708571428573,29.751794285714286,30.425,30.186431428571428,30.164402857142857,30.21475357142857,8
2022-10-21,29.949342857142856,29.678914285714285,30.366085714285713,30.07944,30.051840000000002,30.122,8
2022-10-24,29.34844,29.387785714285712,30.063100000000002,29.83460285714286,29.80354285714286,29.875500000000002,9
2022-10-25,28.23397142857143,28.49864642857143,29.312592857142857,29.2023,29.24070714285714,29.341428571428573,9
2022-10-26,27.59295142857143,28.033628571428572,28.840285714285717,28.822685714285715,28.918835714285716,29.02906785714286,9
2022-10-27,27.066342857142857,27.62643214285714,28.517575,28.615274285714285,28.78467142857143,28.923464285714285,9
2022-10-28,26.46329142857143,27.140785714285716,28.0306,28.16165714285714,28.328174999999998,28.451999999999998,9
2022-10-31,26.08502,26.80672142857143,27.750310714285714,27.998785714285713,28.260528571428573,28.408742857142855,9
2022-11-01,25.792614285714286,26.465135714285715,27.383200000000002,27.635920000000002,27.917382142857143,28.08755,9
2022-11-02,26.561465714285713,27.129925,27.8565,28.053557142857144,28.304835714285716,28.445771428571426,9
2022-11-03,25.877548571428573,26.612814285714286,27.42085,27.65641714285714,27.893375,28.049196428571427,9
2022-11-04,25.686434285714284,26.369521428571428,27.05845,27.273868571428572,27.530514285714283,27.6873,9
2022-11-07,25.362479999999998,26.190428571428573,26.89485,27.170257142857142,27.433464285714287,27.610714285714284,9
2022-11-08,26.15732857142857,26.894607142857144,27.415678571428572,27.56864,27.788514285714285,27.92942857142857,9
2022-11-09,26.952614285714287,27.7099,28.136542857142857,28.245291428571427,28.437235714285713,28.554110714285716,9
2022-11-10,25.351825714285713,26.67555,27.3396,27.523997142857144,27.726707142857144,27.81367142857143,9
2022-11-11,25.021571428571427,26.699985714285713,27.48880714285714,27.708445714285713,27.911157142857142,27.99415,9
2022-11-14,25.15468,26.832525,27.492935714285714,27.779945714285713,28.047007142857144,28.135914285714286,9
2022-11-15,25.550114285714287,27.068371428571428,27.659342857142857,27.90206,28.156357142857143,28.244642857142857,9
2022-11-16,,26.65839642857143,27.344325,27.64216,27.934171428571428,28.03755,8
2022-11-17,,26.534507142857144,27.2261,27.55035714285714,27.82904285714286,27.91684642857143,8
2022-11-18,,26.440292857142857,27.01231142857143,27.381654285714287,27.727207142857143,27.8,8
2022-11-21,23.8139,25.99194285714286,26.560062857142857,26.946034285714287,27.35357142857143,27.46247142857143,9
2022-11-22,23.03347142857143,25.339035714285714,25.957285714285714,26.4,26.829657142857144,26.97285714285714,9
2022-11-23,22.577364285714285,24.949585714285714,25.645362857142857,26.11607142857143,26.566114285714285,26.728914285714286,9
2022-11-25,22.86025714285714,25.257257142857142,25.94488,26.371385714285715,26.79565357142857,26.98,9
2022-11-28,24.01565,26.062303571428572,26.647234285714283,27.0327,27.333457142857142,27.4374,9
2022-11-29,23.7327,25.71355714285714,26.345811428571427,26.7994,27.126989285714284,27.226911428571427,9
2022-11-30,22.940067857142857,24.995528571428572,25.706234285714284,26.178314285714286,26.535885714285712,26.652808571428572,9
2022-12-01,22.56295,24.730814285714285,25.4697,25.944642857142856,26.306375,26.45162857142857,9
2022-12-02,22.254560714285716,24.324225,25.106914285714286,25.643714285714285,26.024757142857144,26.175900000000002,9
2022-12-05,22.99225,24.823914285714284,25.51640857142857,26.005275,26.298792857142857,26.37264,9
2022-12-06,23.70837857142857,25.197389285714287,25.707022857142857,26.1341,26.403885714285714,26.473237142857144,9
2022-12-07,24.16884285714286,25.49765,25.919514285714286,26.293367857142858,26.51852142857143,26.604514285714284,9
2022-12-08,23.764842857142856,25.05695,25.52,25.957142857142856,26.214285714285715,26.335714285714285,9
2022-12-09,24.384935714285714,25.47197142857143,25.89088,26.317932142857142,26.560378571428572,26.65124,9
2022-12-12,24.478175,25.26027857142857,25.59445714285714,26.0195,26.22799285714286,26.335714285714285,9
2022-12-13,23.46335,24.550571428571427,25.069848571428572,25.616425,25.92945357142857,26.097328571428573,9
2022-12-14,22.741378571428573,24.153967857142856,24.795494285714284,25.373707142857143,25.65302857142857,25.817977142857142,9
2022-12-15,24.28964285714286,25.376228571428573,25.81032,26.263839285714283,26.400125,26.51587142857143,9
2022-12-16,24.442039285714287,25.60256785714286,26.145277142857143,26.587442857142857,26.69597142857143,26.75712,9
2022-12-19,24.0198,25.240145714285713,25.840831428571427,26.355175,26.55416,26.67896,9
2022-12-20,23.97274642857143,25.03828,25.74508,26.2524,26.48230285714286,26.543845714285716,9
2022-12-21,23.107835714285716,24.43204,25.126839999999998,25.750917857142856,26.063794285714287,26.190737142857145,8
2022-12-22,24.367517857142857,25.399885714285713,25.9932,26.479792857142858,26.66062857142857,26.740342857142856,8
2022-12-23,23.810299999999998,25.009631428571428,25.601857142857142,26.124221428571428,26.366985714285715,26.4875,8
2022-12-27,23.837457142857144,25.014357142857143,25.638482142857143,26.121475,26.37526857142857,26.514285714285712,9
2022-12-28,23.937253571428574,25.00413142857143,25.640114285714287,26.108999999999998,26.399914285714285,26.58764642857143,9
2022-12-29,23.670099999999998,24.754677142857144,25.38215,25.91669642857143,26.222388571428574,26.446428571428573,9
2022-12-30,23.666642857142858,24.844374285714288,25.50047142857143,25.99132857142857,26.24937142857143,26.454775,9
2023-01-03,23.603775,24.455285714285715,25.06432857142857,25.53015,25.797377142857144,26.077175,9
2023-01-04,22.957971428571426,23.821585714285714,24.48640357142857,24.998010714285716,25.30174,25.641485714285714,9
2023-01-05,23.188860714285713,23.957594285714286,24.580750000000002,25.072957142857142,25.33820857142857,25.671589285714283,9
2023-01-06,22.679835714285712,23.377942857142855,23.994496428571427,24.480007142857144,24.77606857142857,25.154,9
2023-01-09,22.8735,23.49522,24.043242857142857,24.493100000000002,24.73875142857143,25.1421,9
2023-01-10,21.95887142857143,22.757471428571428,23.448292857142857,23.931024999999998,24.160351428571428,24.597035714285713,9
2023-01-11,22.143482142857145,22.88157142857143,23.49222857142857,23.945607142857142,24.17956857142857,24.629660714285713,9
2023-01-12,21.047428571428572,22.03029142857143,22.862425,23.419642857142858,23.748214285714287,24.242142857142856,9
2023-01-13,20.59960357142857,21.594388571428574,22.439992857142858,22.950614285714288,23.261768571428572,23.785275,9
2023-01-17,20.97020285714286,21.720288571428572,22.498342857142855,23.0235,23.380928571428573,23.996839285714287,9
2023-01-18,21.7384,22.5034,23.277367857142856,23.69034,23.96454,24.55675714285714,8
2023-01-19,21.818574285714288,22.553317142857143,23.2524,23.623985714285713,23.96427142857143,24.53029642857143,8
2023-01-20,21.194114285714285,22.00497142857143,22.719925,23.084242857142858,23.426671428571428,24.0456,8
2023-01-23,20.97322,21.892664285714286,22.532114285714286,22.859645714285715,23.172975,23.761253571428572,9
2023-01-24,20.19068,21.080557142857145,21.80389642857143,22.21616,22.60135,23.22377142857143,9
2023-01-25,20.23982,21.153714285714287,21.830985714285713,22.18061714285714,22.514682142857144,23.07475357142857,9
2023-01-26,20.001957142857144,20.951260714285713,21.592525000000002,21.958591428571427,22.33477142857143,22.861378571428574,9
2023-01-27,19.67721142857143,20.61950714285714,21.299071428571427,21.66812857142857,22.063539285714285,22.567275,9
2023-01-30,20.37846,21.058017857142858,21.546089285714285,21.83,22.194971428571428,22.601757142857142,9
2023-01-31,19.934942857142858,20.701778571428573,21.24994285714286,21.58556,21.984682142857142,22.421689285714287,9
2023-02-01,19.301594285714284,20.248657142857144,20.88769642857143,21.278628571428573,21.7338,22.20377142857143,9
2023-02-02,19.808414285714285,20.669842857142857,21.2683,21.61071142857143,22.0441,22.440060714285714,9
2023-02-03,19.95974,20.922325,21.565932142857143,21.900882857142857,22.294714285714285,22.627699999999997,9
2023-02-06,20.57496,21.324285714285715,21.788535714285715,22.0553,22.458060714285715,22.744139285714287,9
2023-02-07,19.92872,20.776975,21.357139285714286,21.72258,22.201471428571427,22.502457142857143,9
2023-02-08,20.774271428571428,21.605657142857144,22.10194285714286,22.34082857142857,22.743514285714284,22.981214285714284,9
2023-02-09,21.479145714285714,22.199764285714284,22.53855,22.730408571428573,23.12269285714286,23.332942857142857,9
2023-02-10,21.729542857142857,22.549985714285715,22.977921428571427,23.136342857142857,23.492439285714287,23.646124999999998,9
2023-02-13,20.9816,21.82257857142857,22.20847142857143,22.529934285714287,22.98314285714286,23.142357142857144,9
2023-02-14,20.121934285714286,21.18801428571429,21.719942857142858,22.07734,22.604032142857143,22.71660357142857,9
2023-02-15,,20.991139285714286,21.581217857142857,21.92577142857143,22.44794285714286,22.546357142857143,8
2023-02-16,,21.848107142857142,22.2007,22.456042857142858,22.99136785714286,23.046932142857145,8
2023-02-17,,21.923585714285714,22.25827142857143,22.515414285714286,23.038407142857142,23.0556,8
2023-02-21,22.913414285714286,23.254160714285714,23.336314285714288,23.4162,23.831835714285713,23.799565714285713,9
2023-02-22,22.246985714285714,22.742171428571428,22.926662857142855,23.07872142857143,23.515392857142857,23.508142857142857,9
2023-02-23,21.455989285714285,22.19557857142857,22.46156,22.735264285714283,23.14282857142857,23.162319999999998,9
2023-02-24,22.288457142857144,22.9389,23.135017142857144,23.306160714285717,23.697589285714287,23.740000000000002,9
2023-02-27,21.561275000000002,22.340257142857144,22.61697714285714,22.90657142857143,23.269485714285715,23.34572857142857,9
2023-02-28,21.054585714285714,21.89419285714286,22.27643142857143,22.64245,23.01177142857143,23.120485714285714,9
2023-03-01,21.35925357142857,22.205585714285714,22.559228571428573,22.90714285714286,23.28214285714286,23.387142857142855,9
2023-03-02,20.575542857142857,21.459257142857144,21.901159999999997,22.320092857142857,22.696289285714286,22.871794285714284,9
2023-03-03,19.976467857142858,20.98370357142857,21.50832857142857,21.996042857142857,22.376742857142858,22.560959999999998,9
2023-03-06,19.79155,20.683185714285713,21.16789142857143,21.67574642857143,22.03065714285714,22.280017142857144,9
2023-03-07,20.313724999999998,21.13100357142857,21.542525714285713,22.0046,22.308171428571427,22.538374285714287,9
2023-03-08,19.959657142857143,20.804585714285714,21.28627142857143,21.797642857142858,22.10805714285714,22.375862857142856,9
2023-03-09,22.1789,22.533546428571427,22.67262,22.9719,23.148342857142858,23.35562857142857,9
2023-03-10,24.569085714285716,24.5838,24.376994285714286,24.453539285714285,24.439910714285716,24.53152,9
2023-03-13,25.493075,25.22600357142857,25.01777142857143,25.106771428571427,24.94460714285714,24.965482857142856,9
2023-03-14,23.864028571428573,23.991614285714288,24.07168857142857,24.2665,24.130764285714285,24.203942857142856,9
2023-03-15,25.861939285714286,25.556617857142857,25.50898,25.701192857142857,25.499828571428573,25.552188571428573,9
2023-03-16,23.47415714285714,23.805307142857142,24.04434,24.37832142857143,24.229178571428573,24.38328,9
2023-03-17,26.091432142857144,25.957107142857144,25.901297142857143,26.019428571428573,25.724342857142858,25.7696,9
2023-03-20,24.942,25.075911428571427,25.274082857142858,25.587910714285716,25.454591428571426,25.541334285714285,9
2023-03-21,22.788885714285716,23.34373142857143,23.766045714285713,24.2758,24.23366,24.446060000000003,9
2023-03-22,23.51505,23.745237142857142,24.00426571428571,24.399571428571427,24.33268,24.53548,8
2023-03-23,24.252882142857143,24.527271428571428,24.7095,25.04,24.914162857142856,25.033134285714283,8
2023-03-24,23.329085714285714,24.043171428571426,24.464285714285715,24.835653571428573,24.73522857142857,24.85,8
2023-03-27,22.475375,23.241474285714286,23.723357142857143,24.14327142857143,24.17196857142857,24.35847857142857,9
2023-03-28,21.98892857142857,22.909499999999998,23.49925,23.957825,24.051002857142855,24.22677142857143,9
2023-03-29,21.322528571428574,22.411194285714288,23.103928571428572,23.56342857142857,23.674114285714285,23.861542857142858,9
2023-03-30,21.303057142857142,22.447145714285714,23.162175,23.67987857142857,23.82772857142857,24.01597857142857,9
2023-03-31,21.300175,22.436674285714286,23.139885714285715,23.631564285714287,23.79908,24.005675,9
2023-04-03,20.8804,21.98467142857143,22.754932142857143,23.244296428571428,23.521957142857143,23.762742857142857,9
2023-04-04,21.3497,22.501297142857144,23.318514285714286,23.796599999999998,24.074274285714285,24.31314642857143,9
2023-04-05,21.233428571428572,22.437002857142858,23.328364285714287,23.84522142857143,24.161654285714285,24.41722857142857,9
2023-04-06,20.9012,22.17348857142857,23.14595,23.697542857142857,24.053925714285715,24.33892857142857,9
2023-04-10,20.870424999999997,22.0263,22.89897857142857,23.3668,23.734965714285714,24.01487142857143,9
2023-04-11,20.712914285714287,21.843091428571427,22.791560714285716,23.31205,23.727668571428573,24.026164285714284,9
2023-04-12,20.855289285714285,21.90762857142857,22.80442857142857,23.24132857142857,23.654857142857143,23.95830357142857,9
2023-04-13,20.192800000000002,21.44908285714286,22.474800000000002,22.946392857142857,23.350428571428573,23.622314285714285,9
2023-04-14,19.903817857142858,21.331845714285713,22.484885714285717,23.042714285714286,23.544302857142856,23.86595,9
2023-04-17,19.5767,20.92292857142857,22.089264285714286,22.681935714285714,23.23852,23.607142857142858,9
2023-04-18,19.49446857142857,21.002525714285717,22.268114285714287,22.8344,23.40337142857143,23.707842857142857,9
2023-04-19,19.51272857142857,21.193157142857142,22.449782142857146,22.92489142857143,23.479634285714287,23.787785714285715,8
2023-04-20,20.005814285714283,21.687957142857144,22.8657,23.290642857142856,23.799785714285715,24.121375,8
2023-04-21,19.66312285714286,21.574294285714288,22.816896428571425,23.264014285714286,23.848157142857143,24.1,8
2023-04-24,19.77286,21.65085,22.89005714285714,23.307057142857143,23.834239285714286,24.102857142857143,9
2023-04-25,21.466097142857144,23.08097142857143,24.014632142857145,24.29328,24.689764285714286,24.86425714285714,9
2023-04-26,20.958217142857144,22.650599999999997,23.62204285714286,23.978594285714287,24.41962857142857,24.577932142857144,9
2023-04-27,20.122700000000002,22.045932142857144,23.233874999999998,23.748994285714286,24.204285714285714,24.360714285714288,9
2023-04-28,19.336654285714285,21.641485714285714,23.051385714285715,23.653342857142857,24.16668214285714,24.325,9
2023-05-01,19.22334,21.318010714285716,22.657932142857142,23.330085714285715,23.868714285714287,24.081214285714285,9
2023-05-02,20.2516,22.006192857142857,23.199914285714286,23.7598,24.217,24.389285714285716,9
2023-05-03,20.88914,22.54969642857143,23.616821428571427,24.138285714285715,24.57175,24.741442857142857,9
2023-05-04,22.03073714285714,23.439700000000002,24.31315,24.725422857142856,25.059125,25.173482142857143,9
2023-05-05,20.34633142857143,22.025182142857144,23.152164285714285,23.810808571428574,24.286557142857145,24.4578,9
2023-05-08,20.16808,21.861285714285714,22.997364285714287,23.703642857142857,24.181896428571427,24.360517857142856,9
2023-05-09,20.620834285714288,22.234032142857142,23.181225,23.79942,24.197442857142857,24.331778571428572,9
2023-05-10,20.10173142857143,21.74807142857143,22.803714285714285,23.473108571428572,23.90162857142857,24.0855,9
2023-05-11,19.92025142857143,21.556753571428573,22.573999999999998,23.275714285714287,23.740285714285715,23.920285714285715,9
2023-05-12,19.977242857142855,21.693328571428573,22.738485714285716,23.44808857142857,23.89699285714286,24.0726,9
2023-05-15,19.61212,21.3713,22.408067857142857,23.192917142857144,23.678414285714286,23.9221,9
2023-05-16,20.238837142857143,22.02455714285714,22.97842857142857,23.66314,24.102889285714287,24.29805,9
2023-05-17,,21.553375000000003,22.507160714285714,23.23937142857143,23.700685714285715,23.93595,8
2023-05-18,,20.82652857142857,21.9492,22.80497142857143,23.434832142857143,23.694835714285716,8
2023-05-19,,21.43339285714286,22.419705714285715,23.208877142857144,23.811164285714284,24.1,8
2023-05-22,19.671,21.511185714285713,22.452299999999997,23.2233,23.66022142857143,23.87896,9
2023-05-23,20.10299642857143,21.724089285714285,22.486171428571428,23.2192,23.707035714285716,23.892165714285714,9
2023-05-24,21.083085714285716,22.281828571428573,22.83422285714286,23.39655,23.772032142857142,23.950542857142857,9
2023-05-25,20.574482142857143,21.916428571428572,22.560579999999998,23.225264285714285,23.6134,23.767685714285715,9
2023-05-26,19.79187142857143,21.199814285714286,21.938871428571428,22.625775,23.07229285714286,23.31592,9
2023-05-30,19.447885714285714,20.95445714285714,21.81015142857143,22.521975,22.98225,23.219565714285714,9
2023-05-31,19.37324642857143,20.781657142857142,21.63476,22.337085714285717,22.791942857142857,23.01484285714286,9
2023-06-01,18.307664285714285,19.80314285714286,20.76388,21.565246428571427,22.062450000000002,22.30056,9
2023-06-02,17.658392857142857,19.23915714285714,20.24822857142857,21.051085714285716,21.550671428571427,21.78742,9
2023-06-05,17.42035,19.02895714285714,20.11386857142857,20.907864285714286,21.41609642857143,21.647902857142856,9
2023-06-06,16.464832142857144,18.12625357142857,19.274577142857144,20.14995,20.686385714285713,20.914514285714287,9
2023-06-07,16.619128571428572,18.333907142857143,19.468028571428572,20.332307142857143,20.830964285714284,21.058571428571426,9
2023-06-08,16.248842857142858,17.929689285714286,19.06814,19.916328571428572,20.453607142857145,20.713857142857144,9
2023-06-09,16.453507142857145,18.00647142857143,19.075642857142856,19.894642857142856,20.395778571428572,20.62488,9
2023-06-12,16.718775,18.1023,19.128442857142858,19.949957142857144,20.42787142857143,20.672654285714287,9
2023-06-13,16.729692857142858,18.109971428571427,19.116071428571427,19.926275,20.396675000000002,20.649657142857144,9
2023-06-14,16.2753,17.809103571428572,18.914914285714286,19.711178571428572,20.200071428571427,20.469717142857142,9
2023-06-15,16.804257142857143,18.166985714285715,19.14304,19.889139285714286,20.40137142857143,20.642674285714286,9
2023-06-16,16.248792857142856,17.791135714285716,18.833174285714286,19.561128571428572,20.0213,20.25,9
2023-06-20,16.573689285714284,18.006457142857144,19.08002857142857,19.9213,20.38792857142857,20.60135714285714,9
2023-06-21,16.273485714285712,17.66108,18.85568,19.692814285714284,20.213794285714286,20.451737142857144,8
2023-06-22,15.947210714285713,17.54182857142857,18.694,19.552300000000002,20.077191428571428,20.347877142857143,8
2023-06-23,16.185314285714288,17.796845714285713,18.924942857142856,19.707364285714284,20.2301,20.4833,8
2023-06-26,16.325675,17.65531142857143,18.7438,19.501021428571427,19.98834,20.325535714285714,9
2023-06-27,15.940428571428571,17.244842857142856,18.276664285714286,19.05075,19.54332857142857,19.930885714285715,9
2023-06-28,15.434632142857142,16.76722857142857,17.80259285714286,18.578614285714288,19.063314285714284,19.468171428571427,9
2023-06-29,15.815207142857142,17.14008,18.17455,18.875585714285712,19.337857142857143,19.779521428571428,9
2023-06-30,15.55679642857143,16.847054285714286,17.816185714285716,18.527864285714287,18.952857142857145,19.412499999999998,9
2023-07-03,15.623050000000001,16.906837142857142,17.854578571428572,18.566692857142858,18.99292857142857,19.56142142857143,9
2023-07-05,15.95512857142857,17.04537142857143,17.925735714285715,18.596610714285713,19.007494285714287,19.65887142857143,9
2023-07-06,16.81095714285714,17.76736857142857,18.513350000000003,19.077514285714287,19.41414,20.040935714285713,9
2023-07-07,16.482835714285713,17.465514285714285,18.27819285714286,18.830710714285715,19.138422857142857,19.8022,9
2023-07-10,16.467775,17.327882857142857,18.0458,18.582228571428573,18.8576,19.606910714285714,9
2023-07-11,16.3566,17.308517142857145,18.055242857142858,18.548325,18.767334285714284,19.531121428571428,9
2023-07-12,15.503692857142857,16.719585714285714,17.600057142857143,18.114164285714285,18.36406,19.17107142857143,9
2023-07-13,15.687242857142857,16.800788571428573,17.610675,18.127460714285714,18.379371428571428,19.271428571428572,9
2023-07-14,15.543907142857142,16.74728,17.520264285714287,18.034614285714287,18.276885714285715,19.17215,9
2023-07-17,15.7475,16.8911,17.58839642857143,18.08872142857143,18.34942857142857,19.33565714285714,9
2023-07-18,15.579525714285715,16.870297142857144,17.642535714285714,18.0952,18.3832,19.340842857142857,9
2023-07-19,15.987388571428571,17.223217142857145,17.94224642857143,18.358094285714287,18.585922857142855,19.61897142857143,8
2023-07-20,15.96846,17.19306,17.9525,18.421691428571428,18.717062857142857,19.714164285714286,8
2023-07-21,15.772508571428572,16.983822857142858,17.816089285714288,18.276171428571427,18.532885714285715,19.5482,8
2023-07-24,15.6362,16.719492857142857,17.577342857142856,18.08948571428571,18.378192857142857,19.387500000000003,9
2023-07-25,15.667434285714286,16.837325,17.639110714285714,18.09222,18.36762857142857,19.338485714285714,9
2023-07-26,15.27582857142857,16.51665714285714,17.347357142857142,17.827485714285714,18.17045,19.102860714285715,9
2023-07-27,16.052300000000002,17.105710714285713,17.8582,18.214660000000002,18.54012857142857,19.447864285714285,9
2023-07-28,15.474642857142857,16.717607142857144,17.525514285714287,17.95187142857143,18.321835714285715,19.181449999999998,9
2023-07-31,15.45376,16.64067142857143,17.4782,17.886020000000002,18.330728571428573,19.14805,9
2023-08-01,15.712171428571429,16.898735714285714,17.695771428571426,18.06864,18.56072142857143,19.367371428571428,9
2023-08-02,17.18421142857143,18.00182142857143,18.527328571428573,18.7831,19.238164285714287,19.964528571428573,9
2023-08-03,17.186365714285714,17.928857142857144,18.4501,18.669605714285716,19.124732142857145,19.839285714285715,9
2023-08-04,17.830468571428572,18.408864285714287,18.853775,19.029625714285714,19.469957142857144,20.10425,9
2023-08-07,16.95772,17.8,18.29285714285714,18.485714285714284,19.03214285714286,19.601785714285715,9
2023-08-08,17.26726,18.13415357142857,18.638382142857143,18.8236,19.409971428571428,19.96557142857143,9
2023-08-09,17.162151428571427,18.05235,18.578885714285715,18.79161142857143,19.445317857142857,19.97864285714286,9
2023-08-10,17.167771428571427,18.14151785714286,18.612475,18.798074285714286,19.492642857142858,19.992857142857144,9
2023-08-11,16.565528571428572,17.59672857142857,18.170285714285715,18.445865714285713,19.184114285714287,19.662175,9
2023-08-14,16.39096,17.452267857142857,17.96542857142857,18.268214285714286,19.13965,19.607714285714284,9
2023-08-15,17.434845714285714,18.2162,18.64545,18.85452,19.75547142857143,20.133275,9
2023-08-16,,18.48885357142857,18.887360714285713,19.07391714285714,19.958728571428573,20.31627857142857,8
2023-08-17,,19.176735714285712,19.3781,19.466214285714283,20.33072142857143,20.60540357142857,8
2023-08-18,,18.907989285714287,19.234557142857142,19.31127142857143,20.20587142857143,20.5091,8
2023-08-21,17.8493,18.53382142857143,18.966125714285713,19.09606857142857,20.05597857142857,20.27463142857143,9
2023-08-22,17.929189285714287,18.728839285714287,19.071428571428573,19.2,20.1999,20.37695142857143,9
2023-08-23,17.357985714285714,18.274785714285713,18.767437142857144,18.982260714285715,19.93300357142857,20.185457142857143,9
2023-08-24,18.0924,18.839703571428572,19.15116,19.32015714285714,20.250799999999998,20.46842857142857,9
2023-08-25,17.307857142857145,18.194335714285714,18.607282857142856,18.805192857142856,19.704425,19.9842,9
2023-08-28,16.699575,17.709139285714286,18.225594285714287,18.606178571428572,19.4767,19.78954285714286,9
2023-08-29,16.272414285714284,17.429949999999998,17.934074285714285,18.336775000000003,19.179775,19.5508,9
2023-08-30,15.752160714285715,17.014846428571428,17.629348571428572,18.134485714285713,18.9872,19.391274285714285,9
2023-08-31,15.518728571428571,16.738742857142856,17.35808,17.877939285714284,18.73704642857143,19.17782857142857,9
2023-09-01,15.351932142857143,16.62335714285714,17.272214285714284,17.87532142857143,18.726614285714287,19.16214,9
2023-09-05,15.638128571428572,16.683760714285714,17.203057142857144,17.9062,18.673457142857142,19.089994285714287,9
2023-09-06,16.004471428571428,16.9811,17.47857142857143,18.212639285714285,18.933567857142858,19.33729142857143,9
2023-09-07,15.9924,16.9216,17.37604,18.09037142857143,18.732414285714285,19.13677142857143,9
2023-09-08,15.717007142857142,16.739542857142855,17.211085714285716,17.956778571428572,18.54788214285714,18.91736,9
2023-09-11,15.503525,16.465892857142858,16.888928571428572,17.725528571428573,18.279535714285714,18.659074285714286,9
2023-09-12,15.597857142857144,16.580871428571427,17.002254285714287,17.850125,18.361596428571428,18.762542857142858,9
2023-09-13,15.367410714285715,16.514642857142857,16.930802857142858,17.76027142857143,18.294442857142858,18.71489142857143,9
2023-09-14,14.970814285714285,16.071564285714285,16.53418,17.46525,17.99930357142857,18.433817142857144,9
2023-09-15,15.609317857142857,16.500425,16.960328571428573,17.907128571428572,18.33869285714286,18.79146,9
2023-09-18,15.6816,16.551034285714287,16.95654857142857,17.96244642857143,18.375854285714286,18.788482857142856,9
2023-09-19,15.602335714285715,16.4397,16.838700000000003,17.8491,18.193440000000002,18.56304,9
2023-09-20,16.219292857142857,16.899197142857144,17.153425714285714,18.18912142857143,18.50344,18.83284,8
2023-09-21,17.519285714285715,17.798785714285714,17.8065,18.718092857142857,18.98946857142857,19.289982857142856,8
2023-09-22,17.548414285714284,17.8983,17.971417857142857,18.795592857142857,19.043385714285716,19.3055,8
2023-09-25,17.61985,17.99692,18.142442857142857,18.890514285714286,19.109448571428572,19.355242857142855,9
2023-09-26,19.19742857142857,19.196814285714286,19.1796,19.804025000000003,19.950525714285714,20.164114285714287,9
2023-09-27,18.446135714285713,18.771685714285713,18.972,19.56957142857143,19.7178,19.91990714285714,9
2023-09-28,17.590035714285715,18.08125142857143,18.3878,19.01512142857143,19.22774857142857,19.474999999999998,9
2023-09-29,17.95784642857143,18.282477142857143,18.5597,19.171735714285713,19.403125714285714,19.673099999999998,9
2023-10-02,18.04435,18.26693714285714,18.615546428571427,19.192525,19.405942857142858,19.675,9
2023-10-03,19.732364285714286,19.719125714285717,19.944614285714287,20.3701,20.475414285714287,20.671857142857142,9
2023-10-04,18.73992857142857,18.994388571428573,19.45402142857143,19.975110714285716,20.148794285714285,20.401942857142856,9
2023-10-05,18.531482142857143,18.861674285714283,19.3768,19.883399999999998,20.04252,20.25530357142857,9
2023-10-06,18.28035,18.5531,19.127225,19.6435,19.850740000000002,20.11425,9
2023-10-09,18.0814,18.438097142857142,19.163235714285715,19.636557142857143,19.82368857142857,20.097385714285714,9
2023-10-10,17.482014285714286,17.906102857142855,18.690399999999997,19.1923,19.492154285714285,19.848035714285714,9
2023-10-11,17.20162857142857,17.640414285714286,18.465171428571427,18.98357857142857,19.289214285714284,19.668239285714286,9
2023-10-12,17.633357142857143,17.97224,18.799925,19.296410714285717,19.62307142857143,19.994942857142856,9
2023-10-13,19.85018214285714,19.782002857142857,20.33572142857143,20.605657142857144,20.79178285714286,21.0705,9
2023-10-16,17.978,18.374085714285716,19.333939285714283,19.73415,20.06516,20.37122857142857,9
2023-10-17,18.44513142857143,18.713074285714285,19.672914285714285,20.0392,20.347514285714286,20.712382142857145,9
2023-10-18,19.597705714285713,19.612791428571427,20.405978571428573,20.638977142857144,20.920291428571428,21.22912857142857,8
2023-10-19,20.5543,20.548299999999998,21.3466,21.414514285714283,21.63222857142857,21.89565,8
2023-10-20,20.72199428571429,20.69945142857143,21.453117857142857,21.5769,21.8379,22.1,8
2023-10-23,20.00966,20.101985714285714,20.841671428571427,21.052922857142857,21.325135714285715,21.60580285714286,9
2023-10-24,19.128597142857142,19.367617857142857,20.246457142857142,20.51488,20.821685714285714,21.12033142857143,9
2023-10-25,20.31604857142857,20.47507142857143,21.183735714285714,21.32146285714286,21.58886785714286,21.892842857142856,9
2023-10-26,20.526757142857143,20.633846428571427,21.287525,21.466365714285715,21.70462857142857,21.995525714285716,9
2023-10-27,21.194388571428572,21.34747857142857,21.830385714285715,21.86047142857143,22.07532857142857,22.28626,9
2023-10-30,19.63686,19.993039285714286,20.65732142857143,20.88044,21.185714285714287,21.414285714285715,9
2023-10-31,18.329857142857144,18.99299285714286,19.8286,20.18048,20.56300357142857,20.83806,9
2023-11-01,17.551654285714285,18.30742142857143,19.186982142857143,19.581557142857143,19.96255,20.208245714285713,9
2023-11-02,16.938562857142855,17.878128571428572,18.7937,19.20111142857143,19.59019642857143,19.858394285714287,9
2023-11-03,16.575002857142856,17.552821428571427,18.47060714285714,18.90000857142857,19.29274285714286,19.57008,9
2023-11-06,16.0889,17.106957142857144,17.990907142857143,18.47142857142857,18.895542857142857,19.14768857142857,9
2023-11-07,16.018777142857143,17.09860714285714,17.905264285714285,18.361439999999998,18.77585714285714,19.04362857142857,9
2023-11-08,15.724845714285713,16.854264285714287,17.629514285714286,18.0768,18.49835714285714,18.787125714285715,9
2023-11-09,16.413342857142858,17.417182142857143,18.138875,18.549194285714286,18.96487857142857,19.225242857142856,9
2023-11-10,15.683314285714285,16.87957142857143,17.637478571428574,18.080951428571428,18.475714285714286,18.69642,9
2023-11-13,15.63806,16.903385714285715,17.682742857142856,18.13534,18.5183,18.768757142857144,9
2023-11-14,15.49042,16.899700000000003,17.699785714285717,18.1481,18.567460714285716,18.790657142857143,9
2023-11-15,,16.672128571428573,17.379667857142856,17.896562857142857,18.325785714285715,18.580622857142856,8
2023-11-16,,16.498364285714285,17.2467,17.7195,18.13410357142857,18.37119142857143,8
2023-11-17,,16.346964285714286,17.074662857142858,17.58354857142857,18.009828571428574,18.266840000000002,8
2023-11-20,14.776,16.378228571428572,17.07199142857143,17.582677142857143,17.987854285714285,18.223482857142855,9
2023-11-21,14.508335714285714,16.092389285714287,16.7751,17.3169,17.768274285714288,18.024388571428574,9
2023-11-22,14.683214285714286,16.333185714285715,16.95374,17.51612857142857,17.970422857142857,18.18565142857143,9
2023-11-24,14.106071428571429,15.795992857142858,16.51,17.098214285714285,17.542728571428572,17.7991,9
2023-11-27,14.4061,16.00370714285714,16.71308,17.264085714285713,17.70668,17.938888888888886,9
2023-11-28,14.289942857142858,15.838478571428572,16.572857142857142,17.12475,17.564571428571426,17.80525925925926,9
2023-11-29,14.59447142857143,16.165760714285714,16.893134285714286,17.427500000000002,17.83462857142857,18.10245925925926,9
2023-11-30,14.404335714285715,15.94232857142857,16.692059999999998,17.239264285714288,17.69679142857143,17.990877777777776,9
2023-12-01,14.409546428571428,15.88237142857143,16.583000000000002,17.12663571428571,17.572242857142857,17.88437037037037,9
2023-12-04,14.6748,16.035342857142854,16.757117142857144,17.352164285714284,17.792671428571428,18.119114814814814,9
2023-12-05,14.602642857142857,15.972232142857141,16.72110857142857,17.3258,17.738445714285714,18.062962962962963,9
2023-12-06,14.782542857142857,16.071214285714287,16.75327142857143,17.365689285714286,17.804280000000002,18.13888888888889,9
2023-12-07,14.840932142857143,16.090725,16.76724,17.362914285714286,17.771720000000002,18.110170370370373,9
2023-12-08,14.448764285714287,15.661657142857143,16.411011428571427,17.065675,17.459500000000002,17.7863,9
2023-12-11,14.330475,15.510842857142856,16.23577142857143,16.87312857142857,17.232522857142857,17.60111111111111,9
2023-12-12,13.969192857142858,15.193428571428571,16.005642857142856,16.634475,16.97072857142857,17.319233333333333,9
2023-12-13,13.852046428571429,15.005492857142858,15.760742857142858,16.395378571428573,16.719785714285717,17.1206962962963,9
2023-12-14,13.887685714285714,14.938557142857142,15.59998,16.27665357142857,16.61517142857143,17.02302222222222,9
2023-12-15,14.393739285714286,15.516874999999999,16.088968571428573,16.6799,16.977159999999998,17.32431111111111,9
2023-12-18,14.6414,15.783928571428572,16.345357142857143,16.889525,17.175062857142855,17.558933333333336,9
2023-12-19,14.929157142857143,16.074445714285716,16.79290285714286,17.3092,17.56822857142857,17.972325925925926,9
2023-12-20,15.883578571428572,16.963714285714286,17.510571428571428,17.997331428571428,18.220274285714286,18.541777777777778,8
2023-12-21,15.556814285714285,16.621985714285714,17.2423,17.766294285714284,18.024208571428574,18.3397,8
2023-12-22,15.217028571428571,16.429971428571427,17.096360714285716,17.63512,17.93032,18.26165172413793,8
2023-12-26,14.981585714285714,16.17525714285714,16.925042857142856,17.50468,17.802037037037035,18.160344827586208,9
2023-12-27,14.43405,15.659120000000001,16.44354285714286,17.048834285714285,17.38888888888889,17.776841379310344,9
2023-12-28,14.455307142857142,15.626725714285715,16.41675,17.029757142857143,17.364337037037036,17.761193103448274,9
2023-12-29,14.539992857142858,15.656242857142857,16.462385714285713,17.067414285714285,17.4282,17.836558620689654,9
2024-01-02,14.687778571428572,15.661988571428571,16.485599999999998,17.0792,17.423066666666667,17.819655172413793,9
2024-01-03,15.226271428571428,16.096297142857143,16.86651785714286,17.37794285714286,17.69045925925926,18.058772413793104,9
2024-01-04,15.23397142857143,16.03816,16.726950000000002,17.21788857142857,17.561366666666665,17.977106896551724,9
2024-01-05,14.778435714285713,15.642471428571428,16.426596428571425,16.899662857142857,17.229844444444446,17.67891724137931,9
2024-01-08,14.540524999999999,15.35492,16.102978571428572,16.576814285714285,16.941644444444446,17.410344827586208,9
2024-01-09,14.208942857142857,15.09474,15.918257142857142,16.376759999999997,16.755896296296296,17.238427586206896,9
2024-01-10,14.127628571428572,14.978342857142858,15.771600000000001,16.21257142857143,16.586111111111112,17.12155172413793,9
2024-01-11,14.080628571428571,15.077291428571428,15.910924999999999,16.323994285714285,16.678066666666666,17.163006896551725,9
2024-01-12,14.327171428571429,15.225097142857143,16.023735714285714,16.42784857142857,16.758562962962962,17.267241379310345,9
2024-01-16,15.015722857142858,15.85940857142857,16.600635714285715,16.92932,17.2593,17.76703103448276,9
2024-01-17,15.56631142857143,16.280482857142857,16.88505357142857,17.14608,17.426044444444443,17.869296551724137,8
2024-01-18,15.088805714285714,15.939862857142858,16.5506,16.807742857142856,17.15532222222222,17.595355172413793,8
2024-01-19,14.730285714285714,15.66842857142857,16.265045714285712,16.55741714285714,16.88654074074074,17.3006,8
2024-01-22,14.29886,15.224385714285715,15.936665714285715,16.239408571428573,16.625658620689656,17.058171428571427,9
2024-01-23,13.94525142857143,14.855710714285713,15.610714285714286,15.9702,16.36311724137931,16.800485714285717,9
2024-01-24,14.316357142857143,15.217585714285715,15.867402857142856,16.20402222222222,16.560275862068966,16.976599999999998,9
2024-01-25,14.5355,15.423321428571429,16.00936,16.27605925925926,16.685610344827587,17.12364285714286,9
2024-01-26,14.450254285714285,15.323207142857143,15.939028571428572,16.245444444444445,16.659931034482756,17.03722,9
2024-01-29,14.650599999999999,15.459196428571428,16.009917142857145,16.312144444444446,16.66210344827586,17.015457142857144,9
2024-01-30,14.443028571428572,15.31377142857143,15.92296,16.26552222222222,16.731231034482757,17.113142857142858,9
2024-01-31,15.239808571428572,15.970307142857143,16.527657142857144,16.801822222222224,17.213210344827587,17.55346,9
2024-02-01,15.113277142857143,15.859814285714286,16.38714,16.676533333333335,17.06541379310345,17.39914,9
2024-02-02,15.062202857142857,15.896157142857144,16.44747142857143,16.759662962962963,17.141055172413793,17.46572,9
2024-02-05,14.58252,15.514342857142857,16.131537142857145,16.510107407407407,16.913272413793102,17.22699714285714,9
2024-02-06,14.240197142857143,15.196021428571429,15.840525714285715,16.27408888888889,16.74323448275862,17.0956,9
2024-02-07,14.212305714285714,15.226528571428572,15.835871428571428,16.271366666666665,16.760072413793104,17.140274285714288,9
2024-02-08,14.159554285714286,15.099542857142858,15.68732,16.186659259259258,16.72573103448276,17.072142857142858,9
2024-02-09,14.316928571428571,15.30257142857143,15.863268571428573,16.33204074074074,16.87495517241379,17.22796,9
2024-02-12,14.7234,15.72989642857143,16.287985714285714,16.736366666666665,17.205293103448273,17.540282857142856,9
2024-02-13,15.969834285714287,16.567314285714286,16.970137142857144,17.28941111111111,17.639637931034482,17.876785714285717,9
2024-02-14,,15.949064285714284,16.503965714285716,16.9454,17.42291724137931,17.690702857142856,8
2024-02-15,,15.90095,16.45568,16.935348148148147,17.430275862068964,17.688331428571427,8
2024-02-16,,15.861882142857143,16.35404857142857,16.809433333333335,17.356793103448275,17.63344,8
2024-02-20,15.554532142857143,16.32514,16.67854,17.09249655172414,17.613531428571427,17.82850285714286,9
2024-02-21,15.402857142857142,16.144611428571427,16.495697142857143,16.883144827586207,17.331277142857143,17.58104857142857,9
2024-02-22,15.129985714285715,16.005857142857142,16.5018,16.903386206896553,17.351805714285714,17.60234857142857,9
2024-02-23,14.569128571428571,15.514162857142857,16.066655555555556,16.578472413793104,17.11068571428571,17.35,9
2024-02-26,14.50225,15.429905714285715,16.010225925925926,16.53162068965517,17.007142857142856,17.248214285714283,9
2024-02-27,14.2909,15.214185714285714,15.786066666666667,16.358862068965518,16.85074857142857,17.120371428571428,9
2024-02-28,14.547617857142857,15.426571428571428,15.9612,16.54281379310345,17.066485714285715,17.394789285714285,9
2024-02-29,14.380907142857144,15.273557142857143,15.82924074074074,16.404603448275864,16.92521142857143,17.304685714285714,9
2024-03-01,14.459932142857143,15.339165714285715,15.897674074074073,16.485013793103448,16.98458857142857,17.334525,9
2024-03-04,14.54035,15.370542857142857,15.974277777777777,16.639493103448277,17.192,17.607114285714285,9
2024-03-05,15.186910714285714,15.918031428571428,16.47116666666667,17.076844827586207,17.549762857142856,17.906596428571426,9
2024-03-06,15.258271428571428,15.938637142857143,16.486333333333334,17.074675862068965,17.49558,17.86697142857143,9
2024-03-07,15.224542857142858,16.002231428571427,16.571922222222224,17.147562068965517,17.599642857142857,17.981264285714285,9
2024-03-08,15.635299999999999,16.262271428571427,16.76488888888889,17.38086896551724,17.797388571428574,18.17145,9
2024-03-11,15.5883,16.24194,16.814833333333333,17.431782758620688,17.81882,18.228192857142858,9
2024-03-12,14.856157142857143,15.6836,16.387125925925925,17.123986206896554,17.60176,18.074714285714286,9
2024-03-13,14.815050000000001,15.650371428571429,16.370296296296296,17.120103448275863,17.59585142857143,18.10951071428571,9
2024-03-14,15.252457142857143,15.994697142857143,16.685055555555554,17.443844827586208,17.878,18.37442857142857,9
2024-03-15,15.562149999999999,16.312454285714285,16.94824074074074,17.65344827586207,18.084285714285713,18.542525,9
2024-03-18,15.3308,16.07882857142857,16.760166666666667,17.47621724137931,17.88672857142857,18.390385714285713,9
2024-03-19,14.947691428571428,15.736434285714285,16.52116296296296,17.2962,17.680371428571426,18.15609642857143,9
2024-03-20,14.62058,15.46178,16.2474,16.987537142857143,17.42065142857143,17.920121428571427,8
2024-03-21,14.549305714285714,15.475362857142859,16.295762068965516,17.07923142857143,17.507202857142858,18.014110714285717,8
2024-03-22,14.606897142857143,15.548125714285714,16.39120344827586,17.14284,17.57124,18.0776,8
2024-03-25,14.619779999999999,15.552714814814815,16.388106896551722,17.143539999999998,17.61724285714286,18.357857142857142,9
2024-03-26,14.586094285714285,15.473966666666668,16.260610344827587,16.98328,17.48245,18.27957142857143,9
2024-03-27,14.357365714285715,15.316874074074073,16.178089655172414,16.887914285714288,17.39907142857143,18.278410714285712,9
2024-03-28,14.668642857142858,15.553685185185184,16.36080344827586,17.067731428571427,17.57282857142857,18.564842857142857,9
2024-04-01,14.87356,15.669466666666667,16.460068965517245,17.12493142857143,17.641828571428572,18.926257142857143,9
2024-04-02,15.333071428571428,16.02418148148148,16.760534482758622,17.37038,17.844167857142857,19.17142857142857,9
2024-04-03,15.264325714285714,15.910648148148148,16.660424137931034,17.28464285714286,17.771900000000002,19.213785714285713,9
2024-04-04,16.015857142857143,16.467488888888887,17.124341379310344,17.672608571428572,18.12609642857143,19.60907142857143,9
2024-04-05,16.302039999999998,16.725425925925926,17.311906896551726,17.84466,18.26987142857143,19.84825,9
2024-04-08,15.711559999999999,16.2538,16.92427931034483,17.472442857142855,17.946260714285714,19.816614285714287,9
2024-04-09,15.592237142857144,16.276925925925926,16.954275862068965,17.48162,17.94712857142857,19.94457142857143,9
2024-04-10,15.86620857142857,16.4947,17.189903448275864,17.678994285714285,18.15357142857143,20.197207142857142,9
2024-04-11,15.624105714285715,16.323814814814817,17.069744827586206,17.598485714285715,18.082214285714286,20.28571428571429,9
2024-04-12,17.108414285714286,17.419685185185184,17.980724137931034,18.338234285714286,18.652832142857143,20.745975,9
2024-04-15,18.09226,18.20437037037037,18.592634482758623,18.799380000000003,19.074785714285717,21.44144285714286,9
2024-04-16,17.591437142857142,17.639433333333336,18.11153103448276,18.35104,18.616746428571428,21.01749642857143,9
2024-04-17,,17.50004074074074,18.008375862068966,18.252977142857144,18.583971428571427,20.92050714285714,8
2024-04-18,,17.63615925925926,18.0348,18.262114285714286,18.609285714285715,21.100217857142855,8
2024-04-19,,17.9513,18.298391428571428,18.448134285714286,18.683435714285714,21.2511,8
2024-04-22,16.4697,16.8586724137931,17.353597142857144,17.589825714285713,18.022978571428574,20.27387428571429,9
2024-04-23,15.809774074074074,16.300044827586206,16.906885714285714,17.25,17.82857142857143,19.957977142857143,9
2024-04-24,15.654977777777777,16.134613793103448,16.727325714285715,17.117564285714288,17.85628214285714,19.842399999999998,9
2024-04-25,16.028433333333332,16.33650689655172,16.78004,17.13,17.903285714285712,19.71082857142857,9
2024-04-26,15.472651851851852,16.065341379310343,16.66296857142857,17.093014285714286,17.948603571428574,19.68128,9
2024-04-29,15.293981481481481,15.861637931034483,16.39728857142857,16.813242857142857,17.929499999999997,19.263571428571428,9
2024-04-30,15.748911111111111,16.159862068965516,16.637142857142855,17.0121,18.158271428571428,19.343771428571426,9
2024-05-01,15.832533333333332,16.334641379310344,16.86295714285714,17.278557142857142,18.492985714285716,19.534285714285716,9
2024-05-02,15.341718518518519,15.934337931034483,16.45412,16.859364285714285,18.158182142857143,19.052885714285715,9
2024-05-03,14.826125925925925,15.514262068965518,16.125,16.621014285714285,17.994114285714286,18.74976,9
2024-05-06,14.507492592592593,15.200724137931035,15.758582857142857,16.28635357142857,17.886907142857144,18.296948571428572,9
2024-05-07,14.438133333333335,15.164834482758621,15.740925714285714,16.29365,17.969242857142856,18.254285714285714,9
2024-05-08,14.326962962962963,15.09258275862069,15.663328571428572,16.204625,17.972796428571428,18.18872,9
2024-05-09,14.28952962962963,15.039589655172414,15.5805,16.1145,17.923714285714286,18.056285714285714,9
2024-05-10,14.1027,14.920444827586206,15.474437142857143,15.995635714285713,17.861142857142855,17.9592,9
2024-05-13,14.36898888888889,15.085713793103448,15.592228571428572,16.07877142857143,18.127592857142858,17.86152285714286,9
2024-05-14,14.121525925925926,14.854875862068965,15.369245714285714,15.911275000000002,17.946192857142858,17.602800000000002,9
2024-05-15,13.643025925925926,14.465258620689655,15.02648,15.622242857142856,17.720399999999998,17.195585714285713,9
2024-05-16,13.638877777777777,14.536365517241379,15.04268,15.637746428571429,17.762442857142858,17.19642,9
2024-05-17,13.543170370370369,14.326475862068966,14.866194285714286,15.478314285714285,17.639814285714287,17.039920000000002,9
2024-05-20,13.631241379310344,14.481205714285714,14.991291428571428,15.52965,17.793779999999998,16.950180000000003,9
2024-05-21,13.4515,14.355237142857144,14.914608571428571,15.4492,17.68596857142857,16.816997142857144,9
2024-05-22,13.752737931034481,14.587851428571428,15.141737142857142,15.682507142857142,17.815374285714284,16.86711714285714,8
2024-05-23,13.968389655172414,14.759071428571428,15.2923,15.865678571428571,17.890994285714285,17.073451428571428,8
2024-05-24,13.58021724137931,14.41532857142857,14.919557142857142,15.6546,17.619357142857144,16.7629,8
2024-05-28,13.985637931034482,14.738357142857142,15.260196428571428,16.214975,17.668014285714285,16.974457142857144,9
2024-05-29,14.550606896551724,15.108445714285715,15.545121428571427,16.52487142857143,17.82164285714286,17.131089285714285,9
2024-05-30,14.524255172413794,15.071068571428572,15.494900000000001,16.523214285714285,17.72,17.00267857142857,9
2024-05-31,14.1172,14.774591428571428,15.244071428571427,16.398642857142857,17.494680000000002,16.86525,9
2024-06-03,14.097758620689655,14.787005714285714,15.324024999999999,16.694178571428573,17.47085714285714,16.91785714285714,9
2024-06-04,14.197989655172414,14.86256,15.387371428571429,16.8506,17.54162285714286,17.018003571428572,9
2024-06-05,13.963386206896551,14.711502857142857,15.269917857142858,16.81770357142857,17.462857142857143,17.0,9
2024-06-06,13.91431724137931,14.727062857142858,15.3616,16.99302857142857,17.58852,17.164103571428573,9
2024-06-07,13.804786206896551,14.638514285714285,15.27480357142857,17.009496428571428,17.540214285714285,17.14765,9
2024-06-10,13.944396551724138,14.708971428571429,15.369228571428572,17.223871428571428,17.376134285714286,17.06257142857143,9
2024-06-11,13.980686206896552,14.69803142857143,15.348328571428572,17.314474999999998,17.350694285714287,17.055035714285715,9
2024-06-12,13.724234482758622,14.545414285714287,15.267071428571429,17.408492857142857,17.402428571428572,17.118160714285715,9
2024-06-13,13.750844827586207,14.62154,15.3869,17.564260714285716,17.463742857142858,17.178514285714286,9
2024-06-14,14.262520689655172,15.06116857142857,15.774342857142857,17.919814285714285,17.59604857142857,17.362025,9
2024-06-17,14.3193,15.07847142857143,15.837857142857143,18.20388214285714,17.513985714285713,17.307671428571428,9
2024-06-18,14.324679999999999,15.182080000000001,15.955592857142857,18.3503,17.61272857142857,17.409621428571427,8
2024-06-20,14.844111428571429,15.604225714285715,16.4494,18.792894285714286,18.06680857142857,17.865467857142857,8
2024-06-21,14.548371428571429,15.317657142857142,16.234725,18.46546285714286,17.65409142857143,17.5886,8
2024-06-24,14.572379999999999,15.3333,16.426685714285714,18.27660571428571,17.451485714285713,17.512308571428573,9
2024-06-25,14.284885714285714,15.078889285714286,16.277192857142857,18.07824,17.392914285714284,17.375942857142856,9
2024-06-26,14.160762857142858,15.018285714285714,16.29480714285714,17.981745714285715,17.395625,17.48642857142857,9
2024-06-27,14.061357142857142,14.968089285714285,16.26095,17.85672285714286,17.24317142857143,17.344194285714284,9
2024-06-28,14.311125714285716,15.126092857142858,16.484785714285714,17.93392857142857,17.320642857142857,17.43048,9
2024-07-01,13.82282,14.728796428571428,16.284964285714288,17.45042,16.9765,17.1195,9
2024-07-02,13.673142857142857,14.633178571428571,16.275314285714284,17.3732,16.910835714285714,17.032028571428572,9
2024-07-03,13.762837142857142,14.722121428571429,16.41614285714286,17.466571428571427,17.09642857142857,17.24,9
2024-07-05,13.853842857142856,14.805957142857142,16.588225,17.459445714285714,17.1356,17.306639999999998,9
2024-07-08,13.74188,14.712714285714286,16.647392857142858,17.271857142857144,17.01964285714286,17.24142857142857,9
2024-07-09,13.764882857142856,14.829275,16.833539285714288,17.3284,17.00765714285714,17.34328857142857,9
2024-07-10,13.735871428571429,14.800635714285715,16.833671428571428,17.152745714285714,16.80947857142857,17.17121142857143,9
2024-07-11,13.857668571428572,14.911714285714286,17.048625,17.342165714285716,17.03307142857143,17.3896,9
2024-07-12,13.682599999999999,14.756414285714285,16.93565,17.188057142857144,16.907789285714287,17.26894,9
2024-07-15,14.00258,15.107539285714287,17.39614642857143,17.417482857142858,17.120028571428573,17.532357142857144,9
2024-07-16,14.13394857142857,15.243142857142857,17.381542857142858,17.34648,17.092746428571427,17.51637142857143,9
2024-07-17,,15.679696428571429,17.67979642857143,17.52554,17.324642857142855,17.81228857142857,8
2024-07-18,,15.994192857142858,17.9992,17.659257142857143,17.465189285714285,17.989702857142856,8
2024-07-19,,16.486310714285715,18.284177142857143,17.86349142857143,17.545264285714286,18.07102,8
2024-07-22,15.0439,15.937735714285715,17.72921142857143,17.453297142857142,17.22039142857143,17.823134285714286,9
2024-07-23,14.959585714285714,15.912417857142858,17.677614285714284,17.4629,17.337142857142858,17.894285714285715,9
2024-07-24,17.099471428571427,17.691357142857143,18.98823142857143,18.433210714285714,18.071494285714284,18.58243714285714,9
2024-07-25,17.189582142857144,17.867939285714286,19.10226,18.460814285714285,18.2013,18.6813,9
2024-07-26,16.254371428571428,17.13187142857143,18.509788571428572,18.00767857142857,17.835714285714285,18.35,9
2024-07-29,16.078925,17.009364285714287,18.095771428571428,17.599228571428572,17.534045714285714,18.04348214285714,9
2024-07-30,16.58375714285714,17.461935714285715,18.366225714285715,17.8379,17.754285714285714,18.235714285714284,9
2024-07-31,16.158185714285715,17.22207142857143,18.108145714285712,17.61547142857143,17.556714285714285,18.000589285714284,9
2024-08-01,17.602614285714285,18.507842857142858,19.00414,18.303625,18.220648571428573,18.66665,9
2024-08-02,21.904439285714286,22.102375,21.442342857142858,20.13172857142857,19.80549142857143,20.089575,9
2024-08-05,31.24485,28.6275,25.053,22.642992857142858,22.609714285714286,23.100235714285716,9
2024-08-06,25.28564642857143,25.112564285714285,23.62250285714286,21.61905,21.120877142857143,21.404664285714286,9
2024-08-07,24.219857142857144,23.895385714285712,22.701985714285712,21.236882142857144,21.01337142857143,21.201814285714285,9
2024-08-08,22.105278571428574,22.479214285714285,21.57462,20.202242857142856,20.004182857142858,20.257142857142856,9
2024-08-09,19.08322857142857,20.034299999999998,19.632042857142856,18.84477857142857,18.91262,19.227400000000003,9
2024-08-12,18.9889,20.077310714285716,19.444542857142856,18.705142857142857,18.913165714285714,19.286717857142857,9
2024-08-13,17.434728571428572,18.900742857142856,18.36438,17.78745,17.988677142857142,18.317185714285714,9
2024-08-14,16.25975714285714,18.037364285714286,17.670262857142855,17.307628571428573,17.653794285714287,17.9484,9
2024-08-15,15.688528571428572,17.790564285714286,17.507179999999998,17.214067857142854,17.559585714285713,17.951842857142857,9
2024-08-16,15.645703571428571,17.941689285714283,17.613797142857145,17.322814285714283,17.692317142857142,18.085,9
2024-08-19,15.3728,17.887897142857145,17.493354285714286,17.352264285714288,17.79104,18.187485714285714,9
2024-08-20,16.120128571428573,18.229137142857144,17.87350857142857,17.6921,18.1703,18.53607142857143,9
2024-08-21,16.38879285714286,18.412414285714284,17.91227142857143,17.714791428571427,18.158534285714286,18.433407142857142,8
2024-08-22,17.227460714285712,18.930400000000002,18.25,17.98142857142857,18.45285714285714,18.728825,8
2024-08-23,16.232957142857142,17.988317142857145,17.640978571428573,17.551514285714287,18.066657142857142,18.375,8
2024-08-26,16.449825,17.853308571428574,17.525785714285714,17.47746,17.95505357142857,18.213822222222223,9
2024-08-27,16.173057142857143,17.56937142857143,17.33065714285714,17.35438,17.826392857142856,18.159748148148147,9
2024-08-28,17.156875,18.192422857142855,17.696428571428573,17.625714285714285,18.076785714285716,18.31851851851852,9
2024-08-29,16.621814285714287,17.737385714285715,17.475925,17.555782857142855,18.08622857142857,18.3526,9
2024-08-30,16.19321785714286,17.317414285714285,17.17467142857143,17.368728571428573,17.914657142857145,18.263018518518518,9
2024-09-03,19.689782142857144,19.68378,18.948,18.855320000000003,19.198978571428572,19.37565925925926,9
2024-09-04,20.123528571428572,20.065217142857144,19.423107142857145,19.38837142857143,19.666807142857145,19.800833333333333,9
2024-09-05,19.32107142857143,19.314745714285714,18.8034,18.809677142857144,19.12857142857143,19.322222222222223,9
2024-09-06,20.756735714285714,20.390114285714287,19.729514285714288,19.708397142857145,20.000314285714285,20.151044444444445,9
2024-09-09,19.47035,19.47476857142857,19.1234,19.277585714285713,19.570921428571427,19.70866296296296,9
2024-09-10,19.11022142857143,19.115608571428574,18.772714285714287,18.92274,19.169357142857145,19.310633333333335,9
2024-09-11,18.362839285714287,18.478571428571428,18.264885714285715,18.465205714285712,18.7136,18.81458888888889,9
2024-09-12,18.2841,18.35161714285714,18.142049999999998,18.38903428571429,18.66071428571429,18.836111111111112,9
2024-09-13,18.2955,18.341957142857144,18.14557142857143,18.440385714285714,18.70008214285714,18.895055555555555,9
2024-09-16,18.6622,18.436085714285714,18.223042857142858,18.54868,18.806971428571426,19.027711111111113,9
2024-09-17,19.022511428571427,18.737854285714285,18.421421428571428,18.68,18.85670357142857,18.968696296296297,9
2024-09-18,18.72022,18.43402,18.182939285714287,18.521208571428573,18.680842857142856,18.78158888888889,8
2024-09-19,18.00274285714286,17.80817142857143,17.6007,17.978357142857142,18.190139285714285,18.35,8
2024-09-20,17.926017142857145,17.714645714285712,17.663542857142854,18.11482857142857,18.430357142857144,18.64033448275862,8
2024-09-23,17.947039999999998,17.707778571428573,17.757505714285717,18.230048571428572,18.53221111111111,18.741120689655173,9
2024-09-24,17.96345428571429,17.65351785714286,17.671714285714284,18.15,18.473148148148148,18.62646551724138,9
2024-09-25,18.209434285714284,17.884185714285714,17.850311428571427,18.334789285714287,18.621422222222222,18.823917241379313,9
2024-09-26,18.168071428571427,17.822750000000003,17.8425,18.332935714285714,18.621029629629632,18.77042068965517,9
2024-09-27,19.024262857142855,18.473321428571428,18.414962857142857,18.83264642857143,19.122903703703702,19.238875862068966,9
2024-09-30,18.5445,18.064039285714287,18.16855142857143,18.614942857142857,18.88738888888889,19.018051724137933,9
2024-10-01,19.962,19.13309285714286,18.988694285714285,19.306575,19.499866666666666,19.591668965517243,9
2024-10-02,19.64646,18.985728571428574,18.949348571428573,19.271542857142858,19.47304814814815,19.56796551724138,9
2024-10-03,20.50977142857143,19.697928571428573,19.511580000000002,19.702167857142857,19.803096296296296,19.88995172413793,9
2024-10-04,19.66814,18.99450357142857,18.951014285714287,19.218600000000002,19.36901111111111,19.454365517241378,9
2024-10-07,21.41534,20.244271428571427,20.06314,20.221717857142856,20.259644444444444,20.233862068965518,9
2024-10-08,20.474097142857143,19.540521428571427,19.46825142857143,19.65,19.69277037037037,19.67941379310345,9
2024-10-09,19.87993142857143,19.092157142857143,19.138485714285714,19.31846428571429,19.36772962962963,19.358410344827586,9
2024-10-10,20.13342857142857,19.211535714285713,19.214840000000002,19.365657142857145,19.3919,19.38007931034483,9
2024-10-11,19.850885714285713,19.02562857142857,19.055874285714285,19.186410714285714,19.238011111111113,19.24581034482759,9
2024-10-14,18.95884,18.36215,18.585185714285714,18.7303,18.756796296296297,18.752586206896552,9
2024-10-15,19.59,18.686142857142855,18.802217142857142,18.8775,18.879174074074076,18.88066551724138,9
2024-10-16,,18.55408214285714,18.686594285714285,18.745564285714284,18.79401111111111,18.801303448275863,8
2024-10-17,,18.347357142857142,18.55346,18.659164285714287,18.7729037037037,18.823489655172413,8
2024-10-18,,17.954696428571427,18.200082857142856,18.293357142857143,18.441555555555556,18.525,8
2024-10-21,18.3564,17.95235142857143,18.181122857142856,18.200142857142858,18.33362068965517,18.459042857142855,9
2024-10-22,18.267707142857144,17.87412857142857,18.175414285714286,18.1201,18.26575172413793,18.368914285714286,9
2024-10-23,19.227800000000002,18.649314285714283,18.81517142857143,18.702529629629627,18.767155172413794,18.839285714285715,9
2024-10-24,18.84459642857143,18.39934285714286,18.603,18.596922222222222,18.68975172413793,18.764262857142857,9
2024-10-25,19.77492857142857,19.06151142857143,19.143739285714286,19.04618888888889,19.098210344827585,19.112280000000002,9
2024-10-28,18.65965,18.31030857142857,18.49947142857143,18.5157,18.561420689655172,18.628171428571427,9
2024-10-29,18.59687142857143,18.265471428571427,18.44815,18.49925925925926,18.564103448275862,18.62927428571429,9
2024-10-30,19.072435714285714,18.62887142857143,18.783564285714284,18.76777037037037,18.838713793103448,18.928539999999998,9
2024-10-31,20.519614285714283,19.734574285714285,19.714750000000002,19.63543333333333,19.62188620689655,19.611028571428573,9
2024-11-01,20.090742857142857,19.553574285714287,19.65555714285714,19.591033333333332,19.59274827586207,19.582340000000002,9
2024-11-04,19.1144,18.897374285714285,19.162367857142858,19.249170370370372,19.22241379310345,19.23404857142857,9
2024-11-05,18.103932142857143,18.116845714285713,18.440742857142858,18.593896296296297,18.654310344827586,18.701845714285714,9
2024-11-06,16.26457142857143,16.726648571428573,17.381532142857143,17.81568888888889,18.024800000000003,18.165891428571427,9
2024-11-07,15.755971428571428,16.337002857142856,17.0377,17.51092962962963,17.755675862068966,17.905314285714287,9
2024-11-08,15.666421428571429,16.259114285714286,16.901553571428572,17.348814814814816,17.630172413793105,17.82,9
2024-11-11,15.662725,16.262034285714286,16.869157142857144,17.29357777777778,17.534427586206895,17.692394285714286,9
2024-11-12,15.633557142857143,16.298348571428573,16.92765357142857,17.400266666666667,17.683620689655175,17.90357142857143,9
2024-11-13,15.296264285714285,16.1833,16.85505714285714,17.34777777777778,17.701465517241378,17.924654285714286,9
2024-11-14,15.326742857142857,16.22276,16.9127,17.429444444444446,17.703986206896552,17.958294285714285,9
2024-11-15,16.372239285714286,16.935525714285717,17.446435714285712,17.79387777777778,18.017206896551727,18.185080000000003,9
2024-11-18,15.8517,16.562014285714284,17.070132142857144,17.4465,17.694348571428574,17.875805714285715,9
2024-11-19,16.4227,16.932699999999997,17.354485714285712,17.62656896551724,17.802197142857143,17.929654285714285,9
2024-11-20,16.978302857142857,17.369845714285713,17.613235714285715,17.765493103448275,17.987802857142857,18.159831428571426,8
2024-11-21,16.81528857142857,17.252174285714286,17.5076,17.67349655172414,17.815977142857143,17.935805714285717,8
2024-11-22,16.154302857142856,16.821074285714285,17.20887037037037,17.460975862068963,17.63362857142857,17.8642,8
2024-11-25,15.644739999999999,16.459699999999998,16.922737037037038,17.184427586206898,17.403131428571427,17.618889285714285,9
2024-11-26,15.502717142857142,16.39090357142857,16.84637777777778,17.11811034482759,17.372242857142858,17.61574285714286,9
2024-11-27,15.448925714285714,16.335085714285714,16.866666666666667,17.17631379310345,17.432528571428573,17.680510714285713,9
2024-11-29,15.22922,16.170328571428573,16.704603703703704,17.065148275862068,17.351014285714285,17.589475,9
2024-12-02,15.24072,16.216489285714285,16.745785185185188,17.12233103448276,17.474800000000002,17.775214285714284,9
2024-12-03,15.133514285714286,16.151642857142857,16.709822222222222,17.120479310344827,17.454705714285716,17.728942857142858,9
2024-12-04,15.311325714285715,16.31898214285714,16.892418518518518,17.332210344827587,17.67986,17.95802857142857,9
2024-12-05,15.379274285714285,16.52992857142857,17.19555925925926,17.63713103448276,17.97938285714286,18.246392857142858,9
2024-12-06,15.142608571428571,16.32250714285714,17.000066666666665,17.448351724137932,17.789565714285715,18.075400000000002,9
2024-12-09,15.67318,16.72847142857143,17.316033333333333,17.699920689655173,18.01796285714286,18.286332142857145,9
2024-12-10,15.66675142857143,16.71342142857143,17.340437037037038,17.719744827586208,18.019088571428572,18.30567857142857,9
2024-12-11,15.532508571428572,16.730742857142857,17.363933333333332,17.750758620689655,18.0544,18.391067857142858,9
2024-12-12,15.70418857142857,16.880092857142856,17.446266666666666,17.836517241379312,18.147285714285715,18.46907142857143,9
2024-12-13,15.775571428571427,16.883057142857144,17.47374074074074,17.892999999999997,18.208811428571426,18.506075,9
2024-12-16,16.227220000000003,17.30739642857143,17.824385185185186,18.18448275862069,18.445037142857142,18.706157142857144,9
2024-12-17,16.746562857142855,17.564671428571426,17.99256296296296,18.2998,18.471057142857145,18.695046428571427,9
2024-12-18,,19.68467857142857,19.5909,19.548685714285714,19.57225714285714,19.67095,8
2024-12-19,,21.067335714285715,20.74308620689655,20.493705714285714,20.37079142857143,20.351074999999998,8
2024-12-20,,18.57457142857143,18.75679655172414,18.826388571428573,18.942274285714284,19.05,8
2024-12-23,17.0257,17.579577777777775,17.860368965517242,18.067082857142857,18.231967857142855,18.333807142857143,9
2024-12-24,16.0186,16.894622222222225,17.30126896551724,17.55256,17.780835714285715,17.9472,9
2024-12-26,16.134182142857146,17.059662962962964,17.49059655172414,17.76110285714286,18.00412857142857,18.134349999999998,9
2024-12-27,17.029657142857143,17.64751111111111,18.019620689655174,18.22554285714286,18.42097142857143,18.5712,9
2024-12-30,17.488175000000002,17.907600000000002,18.23076551724138,18.431765714285714,18.585057142857142,18.772092857142855,9
2024-12-31,17.618585714285715,17.977651851851853,18.222372413793106,18.38324,18.545675,18.741521428571428,9
2025-01-02,18.037907142857144,18.34592222222222,18.48526896551724,18.601434285714284,18.73455,18.932135714285714,9
2025-01-03,16.980364285714288,17.618177777777777,17.941972413793106,18.16838,18.35132857142857,18.57365,9
2025-01-06,16.97365,17.598848148148146,17.881103448275862,18.03857142857143,18.155625,18.358328571428572,9
2025-01-07,18.085785714285716,18.398314814814814,18.521293103448276,18.60352,18.674742857142856,18.871499999999997,9
2025-01-08,17.966442857142855,18.349233333333334,18.553968965517242,18.67394,18.771028571428573,18.925475,9
2025-01-09,18.184239285714284,18.512748148148148,18.69284827586207,18.790714285714287,18.857142857142858,19.017857142857142,9
2025-01-10,19.1937,19.409070370370372,19.47535172413793,19.49330857142857,19.486389285714285,19.588775,9
2025-01-13,18.8302,19.210451851851854,19.3845724137931,19.438251428571427,19.45,19.652714285714286,9
2025-01-14,18.480192857142857,18.90417777777778,19.136062068965515,19.19016,19.1795,19.384375000000002,9
2025-01-15,16.891214285714284,17.746055555555554,18.187293103448276,18.448925714285714,18.585742857142858,18.87597142857143,9
2025-01-16,16.9696,17.730344444444444,18.1258,18.35354285714286,18.450875,18.739667857142855,9
2025-01-17,17.124735714285713,17.8351,18.202037142857144,18.37715142857143,18.537835714285716,18.825,9
2025-01-21,16.568366666666666,17.46003103448276,17.931757142857144,18.1997,18.330785714285717,18.686345714285714,9
2025-01-22,16.80577037037037,17.658468965517244,18.040537142857143,18.255357142857143,18.432314285714284,18.704957142857143,8
2025-01-23,16.570055555555555,17.4419,17.866600000000002,18.079842857142857,18.30402857142857,18.566005714285712,8
2025-01-24,16.51791111111111,17.420475862068965,17.869342857142858,18.121385714285715,18.344314285714287,18.565,8
2025-01-27,17.722707407407405,18.148575862068967,18.421,18.568364285714285,18.734557142857142,18.951685714285716,9
2025-01-28,17.099385185185184,17.619544827586207,17.934417142857143,18.14465,18.347160714285714,18.50877142857143,9
2025-01-29,17.061666666666667,17.645324137931034,17.96354857142857,18.179142857142857,18.357142857142858,18.57808,9
2025-01-30,17.01053333333333,17.696955172413794,18.02678,18.26383571428571,18.519285714285715,18.72634,9
2025-01-31,17.614207407407406,18.146855172413794,18.428185714285714,18.625107142857143,18.860285714285716,19.06736,9
2025-02-03,18.026274074074074,18.309420689655173,18.501537142857142,18.644025,18.891257142857143,19.025062857142856,9
2025-02-04,17.515655555555554,17.975541379310343,18.242205714285713,18.4052,18.598514285714284,18.75178,9
2025-02-05,17.197381481481482,17.744944827586206,18.03562857142857,18.263650000000002,18.533510714285715,18.670674285714284,9
2025-02-06,17.1172037037037,17.78446551724138,18.11292,18.357685714285715,18.653357142857143,18.76985714285714,9
2025-02-07,17.7494,18.236727586206896,18.50415142857143,18.71805357142857,19.002017857142857,19.11488,9
2025-02-10,17.34166666666667,17.92048275862069,18.246,18.4887,18.788349999999998,18.924554285714287,9
2025-02-11,17.414733333333334,17.987520689655174,18.28643142857143,18.541575,18.888403571428572,19.004885714285713,9
2025-02-12,17.37935185185185,17.967893103448276,18.27576285714286,18.544135714285716,18.87814285714286,18.99646285714286,9
2025-02-13,17.11961111111111,17.802531034482758,18.16272,18.454,18.8125,18.965714285714284,9
2025-02-14,17.095125925925924,17.822806896551725,18.18301142857143,18.541657142857144,18.990014285714288,19.14416,9
2025-02-18,17.178510344827586,17.932065714285716,18.324722857142856,18.6468,19.03200857142857,19.162637142857143,9
2025-02-19,17.003251724137932,17.893517142857146,18.288145714285715,18.64017857142857,19.061974285714285,19.181717142857142,8
2025-02-20,17.146434482758618,17.9349,18.3969,18.70369285714286,19.09524857142857,19.23436285714286,8
2025-02-21,18.3693724137931,18.75886285714286,19.0562,19.310503571428573,19.63642857142857,19.6768,8
2025-02-24,18.523496551724136,18.836105714285715,19.05732857142857,19.288307142857143,19.5954,19.702028571428574,9
2025-02-25,18.578906896551725,18.861957142857143,19.0686,19.282600000000002,19.54701142857143,19.6263,9
2025-02-26,18.295665517241382,18.681688571428573,18.89812142857143,19.175,19.4724,19.574489285714286,9
2025-02-27,19.352310344827586,19.4528,19.525825,19.6909,19.89728857142857,19.970921428571426,9
2025-02-28,18.918893103448276,19.085211428571426,19.184285714285714,19.391571428571428,19.648688571428572,19.762025,9
2025-03-03,20.546906896551725,20.365648571428572,20.265617857142857,20.363889285714286,20.485142857142858,20.5216,9
2025-03-04,20.997258620689653,20.64698,20.42887142857143,20.4563,20.511774285714285,20.482560714285714,9
2025-03-05,19.994886206896552,19.877477142857146,19.88394285714286,20.07872857142857,20.218734285714287,20.2631,9
2025-03-06,22.185189655172415,21.5149,21.163600000000002,21.120185714285714,21.142831428571426,21.107792857142858,9
2025-03-07,21.075644827586206,20.625957142857143,20.405092857142858,20.405510714285715,20.470885714285714,20.56615,9
2025-03-10,23.313531034482757,22.25933714285714,21.720935714285716,21.5584,21.49742285714286,21.481360714285714,9
2025-03-11,23.147906896551724,22.06482,21.47522857142857,21.354725,21.30354,21.365892857142857,9
2025-03-12,21.94855517241379,21.316828571428573,20.93942857142857,20.889714285714284,20.829782857142856,20.88316785714286,9
2025-03-13,22.878203448275862,22.043122857142855,21.503574999999998,21.35754642857143,21.243457142857142,21.2868,9
2025-03-14,20.76736896551724,20.55118571428571,20.401878571428572,20.46194285714286,20.43034857142857,20.4538,9
2025-03-17,19.9169,19.934471428571428,20.03784642857143,20.222025000000002,20.220445714285717,20.272457142857146,9
2025-03-18,20.47552857142857,20.323385714285713,20.250264285714287,20.3993,20.368957142857145,20.434435714285716,8
2025-03-19,19.751042857142856,19.747185714285713,19.775439285714285,20.008714285714287,20.045142857142856,20.174335714285714,8
2025-03-20,19.40650857142857,19.466594285714287,19.5507,19.852885714285716,19.896171428571428,20.04543214285714,8
2025-03-21,19.4243,19.4723,19.483928571428574,19.731428571428573,19.795714285714286,19.975,8
2025-03-24,18.15058,18.510607142857143,18.71112857142857,19.018174285714288,19.106110714285713,19.260634285714286,9
2025-03-25,18.309645714285715,18.676389285714286,18.914782142857142,19.22044,19.28997857142857,19.49502,9
2025-03-26,18.923082857142855,19.171642857142857,19.365892857142857,19.62874857142857,19.72939642857143,19.88724285714286,9
2025-03-27,19.028442857142856,19.183835714285713,19.374225,19.61898,19.69922857142857,19.862857142857145,9
2025-03-28,20.845771428571428,20.527535714285712,20.481614285714286,20.559171428571428,20.557975000000003,20.62428,9
2025-03-31,20.70098,20.455957142857145,20.473167857142858,20.5822,20.575885714285715,20.639885714285715,9
2025-04-01,20.722714285714286,20.473157142857143,20.487,20.602,20.631357142857144,20.713314285714286,9
2025-04-02,20.09517142857143,20.005100000000002,20.086635714285716,20.229114285714285,20.305192857142856,20.443711428571426,9
2025-04-03,25.315131428571426,23.8749,23.3125,22.958888571428574,22.624442857142856,22.41585142857143,9
2025-04-04,30.451617142857142,27.530417857142858,25.764542857142857,24.738305714285715,24.02487142857143,23.58062,9
2025-04-07,30.15298,26.955442857142856,25.243921428571426,24.096757142857143,23.37082142857143,23.04624,9
2025-04-08,34.30797142857143,29.292210714285716,26.72859642857143,25.27254,24.260528571428573,23.717425714285714,9
2025-04-09,26.378800000000002,24.31522857142857,23.263942857142855,22.379931428571428,21.765775,21.4569,9
2025-04-10,31.75394857142857,28.3092,26.593425,25.306174285714288,24.197442857142857,23.411385714285714,9
2025-04-11,30.533385714285714,27.638342857142856,26.28882142857143,25.170665714285715,24.39112142857143,23.87576,9
2025-04-14,26.53052,25.174639285714285,24.659817857142855,23.95714285714286,23.480657142857144,23.132194285714284,9
2025-04-15,26.22770285714286,24.818114285714287,24.284521428571427,23.746280000000002,23.503010714285715,23.290814285714287,9
2025-04-16,,26.45812142857143,25.6538,24.878845714285717,24.389400000000002,24.00402,8
2025-04-17,,25.83112142857143,25.2956,24.58177142857143,24.10458571428571,23.806874285714287,8
2025-04-21,28.4469,26.964992857142857,26.1988,25.4938,25.024494285714287,24.625322857142855,9
2025-04-22,26.509785714285716,25.65925357142857,25.20422857142857,24.6164,24.212702857142858,23.860245714285714,9
2025-04-23,25.397392857142854,24.8407,24.564134285714285,24.09172142857143,23.82590857142857,23.48399428571429,9
2025-04-24,24.5125,24.034285714285712,23.860020000000002,23.480821428571428,23.22692,23.00732,9
2025-04-25,23.463014285714287,23.25192142857143,23.176954285714285,22.916753571428572,22.756257142857145,22.5106,9
2025-04-28,23.589799999999997,23.309214285714283,23.21320857142857,23.002514285714284,22.871797142857144,22.641671428571428,9
2025-04-29,23.306242857142855,23.106564285714285,23.036497142857144,22.90165,22.82230857142857,22.663114285714286,9
2025-04-30,23.867639285714287,23.48592142857143,23.276151428571428,23.1131,23.039,22.90535714285714,9
2025-05-01,23.459578571428573,23.192,23.01,22.866964285714285,22.834285714285716,22.7613,9
2025-05-02,22.44970357142857,22.366485714285712,22.265042857142856,22.205964285714284,22.23738285714286,22.199775000000002,9
2025-05-05,22.9961,22.720514285714284,22.54768,22.448232142857144,22.438557142857142,22.388192857142858,9
2025-05-06,23.79436785714286,23.34294285714286,23.06576,22.8902,22.792857142857144,22.695535714285715,9
2025-05-07,23.111971428571426,22.8544,22.676142857142857,22.578075,22.53813142857143,22.47554285714286,9
2025-05-08,22.253867857142858,22.280842857142858,22.2439,22.219814285714286,22.192334285714285,22.114610714285714,9
2025-05-09,22.061214285714286,22.132714285714286,22.086897142857143,22.050260714285713,22.002582857142855,21.890549999999998,9
2025-05-12,19.1971,19.89142857142857,20.175071428571428,20.356585714285714,20.434831428571428,20.392160714285716,9
2025-05-13,19.110942857142856,19.713814285714285,20.019334285714287,20.301450000000003,20.47318,20.50135,9
2025-05-14,19.57194642857143,20.08417857142857,20.26,20.496428571428574,20.603622857142856,20.625825,9
2025-05-15,19.28717142857143,19.94259285714286,20.1559,20.366421428571428,20.507885714285713,20.53185714285714,9
2025-05-16,19.252992857142857,20.02287857142857,20.24535142857143,20.519242857142856,20.663485714285713,20.68125,9
2025-05-19,19.6515,20.264262857142857,20.50820571428571,20.777625,20.84677142857143,20.86802857142857,9
2025-05-20,19.521725,20.22956857142857,20.524254285714285,20.775,20.887885714285716,20.898307142857146,9
2025-05-21,20.831750000000003,21.389231428571428,21.538717142857145,21.651234285714285,21.694262857142856,21.607885714285715,8
2025-05-22,20.703710714285716,21.2692,21.4516,21.596825714285714,21.64371142857143,21.54560714285714,8
2025-05-23,22.076985714285716,22.269791428571427,22.201460714285712,22.189377142857143,22.106148571428573,21.938,8
2025-05-27,19.93542857142857,20.608571428571427,20.878571428571426,21.145,21.22142857142857,21.162971428571428,9
2025-05-28,20.19999642857143,20.88818285714286,21.15892857142857,21.401902857142858,21.48544642857143,21.401714285714284,9
2025-05-29,20.27932857142857,20.973828571428573,21.275750000000002,21.525345714285717,21.593114285714286,21.519207142857145,9
2025-05-30,20.421042857142858,21.161957142857144,21.44567142857143,21.651385714285713,21.698725,21.64445,9
2025-06-02,20.301099999999998,21.082722857142855,21.401410714285714,21.589871428571428,21.63415714285714,21.536014285714284,9
2025-06-03,19.93792857142857,20.81510857142857,21.21032857142857,21.45574,21.521821428571428,21.422789285714288,9
2025-06-04,19.91917142857143,20.80544,21.24957142857143,21.519742857142855,21.61065,21.4974,9
2025-06-05,20.376592857142857,21.16880857142857,21.5744,21.806688571428573,21.859528571428573,21.753721428571428,9
2025-06-06,19.57482142857143,20.551928571428572,21.090589285714287,21.398525714285714,21.502171428571426,21.45,9
2025-06-09,19.576275,20.52588,21.08922857142857,21.39277142857143,21.5,21.40892857142857,9
2025-06-10,19.578814285714287,20.525057142857143,21.114214285714286,21.3942,21.483800000000002,21.384071428571428,9
2025-06-11,19.782467857142855,20.66934285714286,21.251271428571428,21.525608571428574,21.60176785714286,21.49889285714286,9
2025-06-12,20.07767142857143,20.89443142857143,21.400975000000003,21.634862857142856,21.6938,21.572442857142857,9
2025-06-13,21.761332142857142,22.0685,22.264357142857143,22.324237142857143,22.309732142857143,22.093325,9
2025-06-16,20.2816,20.880314285714284,21.377867857142856,21.598168571428573,21.701314285714286,21.6117,9
2025-06-17,21.414982857142856,21.708468571428572,21.9972,22.10296,22.100039285714285,21.916932142857146,9
2025-06-18,20.84283142857143,21.405802857142856,21.741164285714287,21.874045714285714,21.878914285714284,21.735750000000003,8
2025-06-20,21.185537142857143,21.636565714285712,21.957205714285713,22.038377142857144,22.037592857142858,21.9009,8
2025-06-23,20.90628,21.5205,21.81201142857143,21.902097142857144,21.943749999999998,21.82071142857143,9
2025-06-24,19.522137142857144,20.49994642857143,20.992428571428572,21.25,21.346964285714286,21.35228,9
2025-06-25,19.331648571428573,20.319057142857144,20.855714285714285,21.130357142857143,21.264285714285712,21.27357142857143,9
2025-06-26,19.257085714285715,20.222139285714285,20.74714,21.014264285714287,21.17282857142857,21.200634285714287,9
2025-06-27,19.274322857142856,20.3124,20.812785714285713,21.06875,21.2195,21.335279999999997,9
2025-06-30,19.26654,20.291614285714285,20.828737142857143,21.148357142857144,21.289571428571428,21.466785714285717,9
2025-07-01,19.312142857142856,20.408585714285714,20.935942857142855,21.242849999999997,21.359925,21.570445714285714,9
2025-07-02,19.301317142857144,20.42257857142857,20.925491428571426,21.199428571428573,21.321892857142856,21.576425714285712,9
2025-07-03,19.173511428571427,20.36615714285714,20.910619999999998,21.197257142857143,21.290421428571427,21.572142857142858,9
2025-07-07,19.63578,20.644585714285714,21.116794285714285,21.33420357142857,21.387025,21.763571428571428,9
2025-07-08,19.14935714285714,20.338439285714287,20.903922857142856,21.18585,21.24642857142857,21.63642857142857,9
2025-07-09,18.51272857142857,20.00867857142857,20.72197142857143,21.027414285714286,21.098189285714284,21.544317142857142,9
2025-07-10,18.407817142857144,19.951696428571427,20.65072,20.96497142857143,21.05,21.492857142857144,9
2025-07-11,18.602028571428573,20.056171428571428,20.74616,21.09195,21.161475,21.61512,9
2025-07-14,19.053539999999998,20.483721428571428,21.051971428571427,21.30462857142857,21.310942857142855,21.804194285714285,9
2025-07-15,18.97871142857143,20.509328571428572,21.088894285714286,21.355425,21.33819642857143,21.860714285714284,9
2025-07-16,,20.8005,21.332502857142856,21.525335714285713,21.506071428571428,22.054337142857143,8
2025-07-17,,20.84195,21.409879999999998,21.648214285714285,21.650357142857143,22.152454285714285,8
2025-07-18,,20.759264285714284,21.341862857142857,21.557142857142857,21.558192857142856,22.07394,8
2025-07-21,19.0016,20.73272857142857,21.339157142857143,21.496421428571427,21.558097142857143,22.083011428571428,9
2025-07-22,18.962053571428573,20.76885714285714,21.40742857142857,21.575,21.637188571428574,22.174017142857142,9
2025-07-23,18.23537142857143,20.143462857142858,20.826434285714285,21.053282142857142,21.209999999999997,21.810000000000002,9
2025-07-24,18.271089285714286,19.997785714285712,20.7135,20.933557142857143,21.11968,21.68128,9
2025-07-25,18.156442857142856,19.934602857142856,20.648200000000003,20.888392857142858,21.09642857142857,21.675,9
2025-07-28,17.872474999999998,19.566114285714285,20.366471428571426,20.683164285714284,20.96,21.519767857142856,9
2025-07-29,18.3768,20.000214285714286,20.782535714285714,21.074225,21.346562857142857,21.927657142857143,9
2025-07-30,18.50940357142857,20.10561142857143,20.8735,21.170457142857146,21.434357142857145,21.985714285714284,9
2025-07-31,18.64024285714286,20.211737142857142,20.958475,21.274203571428572,21.562142857142856,22.05750714285714,9
2025-08-01,20.346210714285714,21.34953714285714,21.787742857142856,21.832207142857143,21.94676,22.312875,9
2025-08-04,19.0449,20.460591428571426,21.15267857142857,21.388257142857142,21.697085714285716,22.09464285714286,9
2025-08-05,19.302064285714287,20.617374285714288,21.239685714285713,21.4625,21.785714285714285,22.18392857142857,9
2025-08-06,18.727085714285714,20.13770285714286,20.883928571428573,21.186125,21.567005714285717,21.983114285714286,9
2025-08-07,18.957260714285713,20.273482857142856,20.9952,21.283157142857142,21.693145714285716,22.142857142857142,9
2025-08-08,18.341685714285713,19.891199999999998,20.753067857142856,21.138414285714287,21.587891428571428,22.0148,9
2025-08-11,18.698549999999997,20.118502857142857,20.870285714285714,21.193285714285715,21.693554285714285,22.11904642857143,9
2025-08-12,17.981421428571426,19.578822857142857,20.491614285714288,20.924675,21.468105714285716,21.881385714285717,9
2025-08-13,17.989939285714286,19.61331428571429,20.58694285714286,20.96579285714286,21.58180857142857,22.028789285714286,9
2025-08-14,18.141714285714286,19.738617142857144,20.67625,21.018571428571427,21.605,22.036142857142856,9
2025-08-15,18.185092857142855,19.774797142857143,20.797392857142857,21.192085714285714,21.782774285714286,22.237375,9
2025-08-18,18.009,19.565571428571428,20.606339285714284,20.98495,21.668962857142855,22.01547142857143,9
2025-08-19,18.44129142857143,19.887034285714286,20.794985714285716,21.098,21.78577142857143,22.100935714285715,9
2025-08-20,18.40629142857143,19.988662857142856,20.865292857142858,21.14857142857143,21.855714285714285,22.1762,8
2025-08-21,18.760222857142857,20.274451428571428,21.0989,21.264634285714287,21.94314857142857,22.28765357142857,8
2025-08-22,17.232219999999998,18.992620000000002,20.007867857142855,20.323045714285715,21.053502857142856,21.4,8
2025-08-25,17.445059999999998,19.22745,20.18677142857143,20.560794285714284,21.3065,21.594328571428573,9
2025-08-26,17.390265714285714,19.194928571428573,20.121053571428572,20.540899999999997,21.322564285714286,21.65714285714286,9
2025-08-27,17.48829142857143,19.317685714285716,20.239285714285714,20.677308571428572,21.404521428571428,21.810467857142857,9
2025-08-28,17.333585714285714,19.212925000000002,20.104975,20.589605714285714,21.35,21.689664285714287,9
2025-08-29,17.83892,19.5305,20.296085714285713,20.77364285714286,21.51932142857143,21.878,9
2025-09-02,18.635357142857142,20.135235714285713,20.73474285714286,21.20616,21.87305357142857,22.199310714285716,9
2025-09-03,18.211848571428572,19.799185714285713,20.514285714285716,21.071428571428573,21.72857142857143,22.030714285714286,9
2025-09-04,17.69163142857143,19.279985714285715,20.07555,20.747297142857143,21.42959642857143,21.723667857142857,9
2025-09-05,17.836114285714284,19.401642857142857,20.176339285714285,20.83344,21.511628571428574,21.800800000000002,9
2025-09-08,17.6674,19.1934,19.94899285714286,20.668914285714287,21.340989285714286,21.656564285714285,9
2025-09-09,17.641771428571428,19.17114642857143,19.917692857142857,20.62376,21.24637142857143,21.55357142857143,9
2025-09-10,17.61766,19.196864285714284,19.951685714285713,20.687479999999997,21.3078,21.576785714285716,9
2025-09-11,17.25715142857143,18.881621428571428,19.65665,20.443314285714287,21.070357142857144,21.33214285714286,9
2025-09-12,17.274442857142855,18.910314285714286,19.693564285714285,20.52066,21.122921428571427,21.363049999999998,9
2025-09-15,17.660600000000002,19.15122857142857,19.834567857142858,20.697245714285714,21.24172857142857,21.44002857142857,9
2025-09-16,18.04872,19.477028571428573,20.156485714285715,20.99888,21.509132142857144,21.637739285714286,9
2025-09-17,,19.09127857142857,19.791982142857144,20.666605714285712,21.198857142857143,21.365814285714283,8
2025-09-18,,19.137642857142858,19.875,20.732142857142858,21.232142857142854,21.37142857142857,8
2025-09-19,,19.226621428571427,19.92665714285714,20.74137142857143,21.22467857142857,21.35,8
2025-09-22,18.0476,19.571992857142856,20.17551142857143,20.997597142857142,21.447760714285714,21.535714285714285,9
2025-09-23,18.38885714285714,19.763392857142854,20.35357142857143,21.125,21.584885714285715,21.639285714285716,9
2025-09-24,18.147257142857143,19.600342857142856,20.21433142857143,21.0047,21.458482142857143,21.567857142857143,9
2025-09-25,18.48107142857143,19.799017857142857,20.3754,21.11837142857143,21.517599999999998,21.644242857142856,9
2025-09-26,17.716485714285714,19.185114285714285,19.871554285714286,20.65125,21.098035714285714,21.248125,9
2025-09-29,18.134125,19.474192857142857,20.118777142857144,20.81305,21.221214285714286,21.34125,9
2025-09-30,18.062628571428572,19.445914285714284,20.104628571428574,20.796025,21.155082142857143,21.31770357142857,9
2025-10-01,18.031017857142857,19.38375357142857,20.072737142857143,20.75357142857143,21.11917857142857,21.27425714285714,9
2025-10-02,18.379964285714284,19.582085714285714,20.23552,20.892903571428572,21.248257142857142,21.39464285714286,9
2025-10-03,18.324167857142857,19.522525,20.21242857142857,20.880014285714285,21.23847142857143,21.40155,9
2025-10-06,18.35185,19.471814285714288,20.23154285714286,20.900610714285715,21.230664285714287,21.38885,9
2025-10-07,18.845782142857143,19.829360714285716,20.510705714285713,21.12475,21.406885714285714,21.5292,9
2025-10-08,18.538957142857143,19.651335714285715,20.441657142857142,21.113710714285713,21.436860714285714,21.59260357142857,9
2025-10-09,18.64335357142857,19.692264285714284,20.459419999999998,21.126985714285713,21.431764285714287,21.6188,9
2025-10-10,21.15407857142857,21.18282857142857,21.514137142857145,21.880625000000002,22.06585,22.15855,9
2025-10-13,19.52685,20.076264285714288,20.767157142857144,21.288657142857144,21.470714285714283,21.65611428571429,9
2025-10-14,20.441742857142856,20.697985714285714,21.261177142857143,21.697899999999997,21.837799999999998,21.92712142857143,9
2025-10-15,20.688628571428573,20.875217857142857,21.401702857142855,21.748092857142858,21.842100000000002,21.949085714285715,9
2025-10-16,22.64444285714286,22.03627142857143,22.358079999999998,22.488678571428572,22.41389285714286,22.437357142857145,9
2025-10-17,20.731467857142857,20.844792857142856,21.43203714285714,21.72735714285714,21.799307142857145,21.9,9
2025-10-20,19.1805,19.850985714285713,20.68027142857143,21.143803571428574,21.389714285714287,21.628635294117647,9
2025-10-21,19.070339285714287,19.890657142857144,20.874228571428574,21.4017,21.632857142857144,21.808823529411764,9
2025-10-22,19.34380714285714,19.98684,20.91864,21.45204642857143,21.669375000000002,21.854176470588236,8
2025-10-23,18.995460714285716,19.783314285714287,20.7524,21.271292857142857,21.54782857142857,21.775258823529413,8
2025-10-24,18.73812857142857,19.53955714285714,20.508925,21.074403571428572,21.37054642857143,21.600797058823527,8
2025-10-27,18.259225,19.252591428571428,20.256742857142857,20.870607142857143,21.22492857142857,21.469117647058823,9
2025-10-28,18.810657142857142,19.711214285714284,20.58067857142857,21.13505,21.480317857142857,21.70735294117647,9
2025-10-29,19.178092857142857,20.00864857142857,20.814135714285715,21.28722857142857,21.61055,21.844117647058823,9
2025-10-30,19.398107142857143,20.270322857142858,21.055899999999998,21.489517857142857,21.783392857142857,21.99470882352941,9
2025-10-31,19.457814285714285,20.36761142857143,21.194285714285716,21.64242857142857,21.928285714285714,22.136641176470587,9
2025-11-03,19.4179,20.452131428571427,21.321442857142856,21.78795357142857,22.083882142857142,22.299999999999997,9
2025-11-04,20.158,21.01182,21.763885714285713,22.17495,22.45812857142857,22.627147058823528,9
2025-11-05,19.395857142857142,20.35896,21.21070357142857,21.67945357142857,21.95255,22.148235294117647,9
2025-11-06,20.254632142857144,20.919434285714285,21.583199999999998,21.954542857142858,22.267935714285716,22.467870588235293,9
2025-11-07,20.080764285714285,20.7814,21.48154642857143,21.84455357142857,22.09589642857143,22.267647058823528,9
2025-11-10,19.059575,20.13639142857143,21.07102857142857,21.594671428571427,21.950814285714287,22.104429411764706,9
2025-11-11,19.048164285714286,20.213608571428573,21.162457142857143,21.693875,22.090135714285715,22.27958529411765,9
2025-11-12,19.210182142857143,20.398985714285715,21.28705714285714,21.773507142857145,22.17184285714286,22.397058823529413,9
2025-11-13,20.525,21.36747714285714,22.114175,22.419857142857143,22.71817857142857,22.908426470588235,9
2025-11-14,20.119335714285715,21.03138285714286,21.75877857142857,22.11455714285714,22.51105714285714,22.610411764705884,9
2025-11-17,21.1688,21.91657142857143,22.402539285714287,22.505782142857143,22.753329411764707,22.841211764705882,9
2025-11-18,21.790100000000002,22.3751,22.767699999999998,22.7687,22.912911764705882,22.956588235294117,9
2025-11-19,21.28512857142857,22.07755714285714,22.559582142857142,22.664592857142857,22.893961764705885,22.921579411764704,8
2025-11-20,22.89730857142857,23.200394285714285,23.3359,23.25992857142857,23.384664705882354,23.3229,8
2025-11-21,21.651197142857143,22.385425714285716,22.861253571428573,23.008960714285713,23.136285294117645,23.199141379310344,8
2025-11-24,20.1361,21.151742857142857,21.856228571428574,22.213421428571426,22.47373529411765,22.544279310344827,9
2025-11-25,19.60167142857143,20.648575,21.46227142857143,21.87745,22.176576470588238,22.265693103448278,9
2025-11-26,19.107651428571426,20.29102857142857,21.164264285714285,21.643014285714287,22.047829411764706,22.20040344827586,9
2025-11-28,18.771022857142857,20.075135714285715,20.968242857142858,21.456207142857142,21.83810588235294,22.03448275862069,9
2025-12-01,18.94808,20.157617857142856,20.974525,21.44560357142857,21.75265294117647,21.906024137931034,9
2025-12-02,18.6513,19.933885714285715,20.776542857142857,21.299999999999997,21.60829411764706,21.752896551724138,9
2025-12-03,18.610599999999998,19.960632142857143,20.76098214285714,21.256785714285716,21.575000000000003,21.719827586206897,9
2025-12-04,18.452137142857143,19.82004285714286,20.6236,21.15807142857143,21.480029411764704,21.65648620689655,9
2025-12-05,18.27614,19.659903571428572,20.44135,21.027957142857144,21.375694117647058,21.580089655172415,9
2025-12-08,18.73254,19.977128571428572,20.633185714285716,21.161614285714286,21.497400000000003,21.708620689655174,9
2025-12-09,18.797565714285714,20.026353571428572,20.651389285714288,21.140775,21.47276470588235,21.694503448275864,9
2025-12-10,18.07857142857143,19.513064285714286,20.25145714285714,20.794128571428573,21.140482352941177,21.367306896551725,9
2025-12-11,17.843965714285716,19.404342857142858,20.2008,20.759560714285715,21.089473529411766,21.319827586206898,9
2025-12-12,17.985285714285713,19.428371428571428,20.208321428571427,20.8119,21.157894117647057,21.38566206896552,9
2025-12-15,18.12488,19.607421428571428,20.335260714285717,20.921289285714284,21.22585294117647,21.44741379310345,9
2025-12-16,18.13988857142857,19.61372857142857,20.317857142857143,20.875,21.14623529411765,21.36368275862069,9
2025-12-17,,19.922942857142857,20.534814285714283,21.05953235294118,21.30950294117647,21.517541379310344,8
2025-12-18,,19.559685714285713,20.2515,20.761023529411762,21.055376470588236,21.26810344827586,8
2025-12-19,,19.06713214285714,19.724778571428573,20.30425,20.59675,20.825,8
2025-12-22,16.8537,18.68264285714286,19.50687142857143,20.08525882352941,20.412537931034482,20.66357142857143,9
2025-12-23,17.00047857142857,18.810357142857143,19.58214285714286,20.152741176470588,20.478162068965517,20.74259142857143,9
2025-12-24,16.99234285714286,18.911557142857145,19.696035714285713,20.229376470588235,20.535258620689653,20.775185714285715,9
2025-12-26,17.10617142857143,19.00774285714286,19.810714285714287,20.385176470588235,20.685889655172414,20.91312,9
2025-12-29,17.108925,18.903107142857145,19.898692857142855,20.48361176470588,20.803758620689653,21.039285714285715,9
2025-12-30,16.9512,18.80112857142857,19.860300000000002,20.46168823529412,20.765513793103448,21.033091428571428,9
2025-12-31,17.175839285714286,19.006999999999998,20.07010357142857,20.628182352941174,20.916193103448276,21.162142857142857,9
2026-01-02,16.977439285714283,18.851064285714287,19.946492857142857,20.537750000000003,20.82261379310345,21.11188,9
2026-01-05,17.40925,19.076171428571428,20.116357142857144,20.641470588235293,20.896551724137932,21.173268571428572,9
2026-01-06,17.286064285714286,18.924375,19.976967857142856,20.528664705882353,20.832227586206898,21.130714285714287,9
2026-01-07,17.63757142857143,19.120428571428572,20.158428571428573,20.723194117647058,21.025679310344827,21.346165714285714,9
2026-01-08,17.508882142857143,18.890267857142856,19.8905,20.440873529411764,20.780379310344827,21.1322,9
2026-01-09,17.254807142857143,18.641414285714283,19.69475,20.285635294117647,20.591262068965516,20.9374,9
2026-01-12,17.47615,18.732317857142856,19.739532142857144,20.245591176470587,20.551158620689655,20.941594285714284,9
2026-01-13,18.00602142857143,19.083299999999998,19.983264285714288,20.38585882352941,20.641434482758623,21.0334,9
2026-01-14,18.54551071428571,19.46570714285714,20.2885,20.638682352941174,20.860506896551723,21.22042,9
2026-01-15,18.02707142857143,19.088571428571427,20.0113,20.389035294117647,20.650627586206898,21.092111428571428,9
2026-01-16,18.175239285714287,19.131317857142857,20.020311764705884,20.407664705882354,20.61901379310345,21.06812,9
2026-01-20,20.39364642857143,20.489539285714283,20.852817647058824,20.997144827586208,21.06047428571429,21.361588571428573,9
2026-01-21,18.47309285714286,19.397385714285715,20.05618823529412,20.412358620689655,20.64380285714286,21.046831428571426,8
2026-01-22,18.089907142857143,19.13905,19.854891176470588,20.237762068965516,20.555997142857144,20.969225714285717,8
2026-01-23,18.473214285714285,19.389264285714287,20.036811764705885,20.359286206896552,20.664571428571428,21.0568,8
2026-01-26,18.5149,19.488046428571426,20.155673529411764,20.491224137931034,20.79862,21.196428571428573,9
2026-01-27,18.85997142857143,19.762614285714285,20.317594117647058,20.63115172413793,20.96008857142857,21.32417142857143,9
2026-01-28,18.901260714285716,19.816464285714286,20.366294117647058,20.644272413793104,20.984442857142856,21.367960714285715,9
2026-01-29,19.103107142857144,19.9937,20.55221176470588,20.85973103448276,21.192757142857143,21.540264285714287,9
2026-01-30,19.380025,20.200396428571427,20.68155294117647,20.944331034482758,21.271428571428572,21.632525,9
2026-02-02,18.488500000000002,19.59937142857143,20.256235294117648,20.63616551724138,21.015028571428573,21.36487142857143,9
2026-02-03,19.298178571428572,20.084214285714285,20.588776470588236,20.911565517241378,21.281177142857143,21.607042857142858,9
2026-02-04,19.627885714285714,20.343535714285714,20.80820588235294,21.116320689655172,21.492297142857144,21.8356,9
2026-02-05,20.839425,21.112278571428572,21.31138529411765,21.458793103448276,21.772594285714288,22.069210714285713,9
2026-02-06,19.502992857142857,20.234457142857142,20.67174705882353,20.913713793103447,21.26218857142857,21.572,9
2026-02-09,18.920575,19.85644285714286,20.371711764705882,20.716210344827587,21.154648571428574,21.46218214285714,9
2026-02-10,19.36362857142857,20.188457142857143,20.644870588235296,20.977248275862067,21.394759999999998,21.70357142857143,9
2026-02-11,19.310607142857144,20.21407142857143,20.65900294117647,20.958789655172414,21.40224285714286,21.712514285714285,9
2026-02-12,20.632985714285716,20.97479285714286,21.13085882352941,21.31642068965517,21.708014285714288,21.98657142857143,9
2026-02-13,20.847214285714283,21.136382142857144,21.236179411764706,21.38148620689655,21.745202857142857,22.01135,9
2026-02-17,20.234764285714288,20.723020588235293,20.944226470588234,21.1533,21.592928571428573,21.75227142857143,9
2026-02-18,20.201978571428572,20.79555294117647,21.0277,21.28967142857143,21.765814285714285,21.973135714285714,8
2026-02-19,20.805482142857144,21.257882352941177,21.354924137931036,21.521777142857143,21.956434285714288,22.143192857142857,8
2026-02-20,20.31095714285714,20.87178823529412,21.04398620689655,21.293854285714286,21.769397142857144,21.9712,8
2026-02-23,21.17435,21.42521176470588,21.495955172413794,21.64128285714286,22.055439285714286,22.234464285714285,9
2026-02-24,20.444142857142857,20.990529411764705,21.195324137931035,21.480220000000003,21.9539,22.113028571428572,9
2026-02-25,19.72955,20.494067647058824,20.95042068965517,21.37806857142857,21.826982142857144,22.030107142857144,9
2026-02-26,20.03795714285714,20.691100000000002,21.0648,21.512117142857143,22.02285714285714,22.25,9
2026-02-27,20.83842142857143,21.24489117647059,21.467344827586206,21.787114285714285,22.21607857142857,22.4125,9
2026-03-02,21.1039,21.35989411764706,21.53626551724138,21.87506857142857,22.309114285714287,22.56665,9
2026-03-03,22.096439285714286,22.01795,21.96748275862069,22.16532,22.457142857142856,22.642857142857142,9
2026-03-04,21.289471428571428,21.416182352941178,21.55347931034483,21.861685714285716,22.20819285714286,22.45027142857143,9
2026-03-05,22.678142857142856,22.299917647058823,22.161248275862068,22.385828571428572,22.66515,22.838914285714285,9
2026-03-06,25.70377142857143,24.312111764705882,23.60718275862069,23.47067142857143,23.466685714285713,23.4832,9
2026-03-09,23.13515,22.858917647058824,22.744924137931033,22.91442857142857,23.097546428571427,23.247882142857144,9
2026-03-10,24.170121428571427,23.649141176470586,23.413406896551724,23.50608,23.559285714285714,23.620592857142857,9
2026-03-11,23.06110357142857,22.907652941176472,22.857065517241377,23.046957142857142,23.201482142857145,23.362503571428572,9
2026-03-12,24.5751,23.970517647058823,23.658951724137932,23.70289142857143,23.688735714285716,23.793057142857144,9
2026-03-13,24.96792142857143,24.238317647058825,23.915858620689658,23.950477142857142,23.932603571428572,24.001025,9
2026-03-16,22.99,22.896823529411765,22.878931034482758,23.16095142857143,23.260099999999998,23.4419,9
2026-03-17,22.714608823529414,22.669873529411767,22.786993103448275,23.0992,23.19578214285714,23.400925,9
2026-03-18,24.625476470588232,24.187123529411767,23.935734482758622,24.02623428571429,23.9482,24.035149999999998,8
2026-03-19,23.909979411764706,23.541773529411763,23.5487,23.764357142857143,23.800567857142855,23.942832142857142,8
2026-03-20,25.629570588235296,24.7511,24.369500000000002,24.444499999999998,24.312150000000003,24.4272,8
2026-03-23,24.158591176470587,23.5829,23.417574285714284,23.54263142857143,23.55311071428571,23.66126285714286,9
2026-03-24,24.75470588235294,24.108593103448275,23.848928571428573,23.8887,23.75361428571429,23.86714285714286,9
2026-03-25,24.159641176470586,23.758475862068966,23.575994285714284,23.69483214285714,23.661339285714284,23.85342857142857,9
2026-03-26,25.917564705882352,24.984951724137932,24.51848,24.376257142857142,24.1328,24.17336,9
2026-03-27,27.843329411764703,26.296431034482758,25.59646,25.259114285714286,24.89400714285714,24.8053,9
2026-03-30,27.484111764705883,26.19118275862069,25.590597142857142,25.26674285714286,24.907785714285716,24.815,9
2026-03-31,24.75310588235294,24.35536896551724,24.312962857142857,24.38205,24.316275,24.397142857142857,9
2026-04-01,24.19566470588235,23.843862068965517,23.805862857142856,23.883142857142857,23.866178571428573,23.9874,9
2026-04-02,24.2137,23.835179310344827,23.74868,23.774921428571428,23.691121428571428,23.79,9
2026-04-06,23.51577058823529,23.29080689655172,23.407171428571427,23.53599285714286,23.60740357142857,23.769291428571428,9
2026-04-07,24.343864705882353,23.750603448275864,23.656042857142857,23.655949999999997,23.6814,23.840014285714286,9
2026-04-08,21.829817647058825,22.019027586206896,22.329942857142857,22.563375,22.77929285714286,23.003785714285716,9
2026-04-09,20.939847058823528,21.48571724137931,21.92698,22.245842857142858,22.55032142857143,22.846642857142857,9
2026-04-10,21.25895,21.77409655172414,22.179954285714288,22.41967142857143,22.68125714285714,22.96132,9
2026-04-13,20.465752941176472,21.07883793103448,21.64262857142857,21.98537142857143,22.347685714285713,22.692685714285712,9
2026-04-14,20.202823529411766,20.840189655172413,21.45586,21.837925,22.242285714285714,22.608285714285717,9
2026-04-15,,21.028444827586206,21.565925714285715,21.93177142857143,22.335314285714283,22.69476857142857,8
2026-04-16,,20.98506206896552,21.5242,21.87589285714286,22.303660714285716,22.64849142857143,8
2026-04-17,,20.92246896551724,21.497242857142858,21.816357142857143,22.228614285714286,22.58362,8
2026-04-20,20.61896896551724,21.32994,21.88554,22.101267857142854,22.516988571428573,22.852645714285714,9
2026-04-21,20.992262068965516,21.573565714285714,22.11322285714286,22.3009,22.69244,22.97204,9
2026-04-22,20.71968620689655,21.389797142857145,21.938025714285715,22.20780357142857,22.53844,22.84684,9
2026-04-23,20.750520689655175,21.41014285714286,21.9546,22.233871428571426,22.591217142857143,22.865845714285715,9
2026-04-24,20.970693103448276,21.620700000000003,22.13969642857143,22.322589285714287,22.609914285714286,22.8794,9
2026-04-27,20.33971724137931,21.317345714285715,21.98232857142857,22.27892142857143,22.66782285714286,22.996742857142856,9
2026-04-28,20.049189655172412,21.050357142857145,21.774857142857144,22.119475,22.570651428571427,22.875,9
2026-04-29,20.57005172413793,21.416954285714286,21.99775,22.291214285714286,22.645714285714284,22.926857142857145,9
2026-04-30,19.92039655172414,20.957402857142856,21.629199999999997,21.970535714285717,22.36642857142857,22.677442857142857,9
2026-05-01,20.146689655172413,21.104151428571427,21.706699999999998,22.00495,22.37349142857143,22.662325000000003,9
2026-05-04,20.517875862068966,21.416565714285717,21.96277142857143,22.262800000000002,22.5946,22.825,9
2026-05-05,20.485913793103446,21.51442857142857,22.088628571428572,22.378349999999998,22.705602857142857,22.909821428571426,9
2026-05-06,20.12966896551724,21.17586857142857,21.762739285714286,22.11770357142857,22.50112857142857,22.727285714285713,9
2026-05-07,20.015462068965515,21.123454285714285,21.71165,22.051971428571427,22.418425714285714,22.625,9
2026-05-08,20.17815172413793,21.260885714285713,21.84052857142857,22.190635714285712,22.55528,22.75105,9
2026-05-11,20.62332068965517,21.61941142857143,22.126,22.43007142857143,22.771637142857145,22.955357142857142,9
2026-05-12,20.244458620689656,21.309722857142855,21.85967857142857,22.253225,22.66258857142857,22.869742857142857,9
2026-05-13,20.59786896551724,21.685299999999998,22.176142857142857,22.506614285714285,22.916371428571427,23.110846428571428,9
2026-05-14,20.2377,21.46760857142857,22.09115,22.44437142857143,22.879014285714284,23.0454,9
2026-05-15,20.495924137931038,21.558562857142856,22.143564285714287,22.525742857142856,22.94316,23.0364,9
2026-05-18,20.281,21.38782857142857,22.03640714285714,22.485817857142855,22.914354285714285,23.000685714285716,9
2026-05-19,20.45475142857143,21.575294285714286,22.162892857142857,22.5276,22.930885714285715,22.96095714285714,8
2026-05-20,20.077845714285715,21.36253142857143,21.93196785714286,22.33994857142857,22.788405714285712,22.826657142857144,8
2026-05-21,19.503948571428573,21.027434285714286,21.675,22.12901142857143,22.564182857142857,22.600275,8
2026-05-22,19.723602857142854,21.155374285714284,21.813953571428573,22.241725714285714,22.697982857142858,22.7002,8
2026-05-26,19.291082857142857,20.78830357142857,21.532767857142858,22.03254,22.46532857142857,22.47814285714286,9
2026-05-27,18.927234285714285,20.558685714285712,21.308364285714283,21.845494285714285,22.316399999999998,22.284989285714286,9
2026-05-28,18.617014285714287,20.36969285714286,21.183125,21.756251428571428,22.25702857142857,22.218864285714286,9
2026-05-29,18.328945714285716,20.13724285714286,21.001785714285713,21.606942857142858,22.124425000000002,22.0875,9
2026-06-01,19.00466,20.668432142857142,21.415824999999998,21.942388571428573,22.332142857142856,22.275464285714285,9
2026-06-02,18.78898571428571,20.55002857142857,21.342757142857142,21.91762,22.29303571428571,22.199221428571427,9
2026-06-03,18.845637142857143,20.684207142857144,21.49089642857143,22.039885714285717,22.400514285714287,22.325,9
2026-06-04,18.294245714285715,20.152857142857144,21.137300000000003,21.793125714285715,22.200835714285713,22.14398214285714,9
2026-06-05,19.845262857142856,20.806389285714285,21.498425,22.0674,22.384671428571426,22.247999999999998,9
2026-06-08,19.58228,20.604542857142857,21.305942857142856,21.848885714285714,22.145039285714287,22.054575,9
2026-06-09,19.956368571428573,20.905192857142858,21.521335714285716,22.02894,22.293499999999998,22.21635714285714,9
2026-06-10,21.197674285714285,21.712092857142856,22.083342857142856,22.442474285714287,22.59957857142857,22.464125,9
2026-06-11,20.096825714285714,20.97227142857143,21.5766,22.02918857142857,22.203214285714285,22.07642857142857,9
2026-06-12,19.179914285714286,20.40477142857143,21.234114285714284,21.753525714285715,22.026785714285715,22.0,9
2026-06-15,17.910339999999998,19.506960714285714,20.552639285714285,21.228005714285715,21.595835714285712,21.62847142857143,9
2026-06-16,18.024271428571428,19.62567142857143,20.670421428571427,21.3781,21.74727857142857,21.796617857142856,9
2026-06-17,,20.19848214285714,21.026717857142856,21.66642571428571,21.974757142857143,21.97575,8
2026-06-18,,19.818914285714285,20.675,21.30277142857143,21.654364285714287,21.68515714285714,8
2026-06-22,18.4508,19.718264285714287,20.585274285714288,21.24133142857143,21.56355,21.679422857142857,9
2026-06-23,19.533589285714285,20.341789285714285,20.91414285714286,21.4538,21.65955,21.705045714285713,9
2026-06-24,19.479964285714285,20.2203,20.798682857142857,21.307075,21.488392857142856,21.58214285714286,9
2026-06-25,19.18510357142857,19.94374642857143,20.540699999999998,21.022292857142855,21.217857142857145,21.31214285714286,9
2026-06-26,19.168085714285713,19.94930714285714,20.564277142857144,21.03435357142857,21.20974642857143,21.33274,9
2026-06-29,18.6271,19.509067857142856,20.24154,20.763557142857145,20.970842857142856,21.230785714285712,9
2026-06-30,18.235928571428573,19.219392857142857,19.95618,20.49585,20.685642857142856,20.96992285714286,9
2026-07-01,18.422189285714285,19.358614285714285,20.020868571428572,20.536057142857143,20.736700000000003,21.03357142857143,9
2026-07-02,18.28112857142857,19.297314285714283,20.00564,20.497807142857145,20.72006785714286,21.09357142857143,9
2026-07-06,17.927799999999998,19.144642857142856,19.926502857142857,20.428382142857142,20.583792857142857,21.0106,9
2026-07-07,18.16707142857143,19.244975,20.020034285714285,20.5152,20.68017142857143,21.163445714285714,9
2026-07-08,18.457,19.361071428571428,20.06135714285714,20.523732142857142,20.635685714285714,21.117914285714285,9
2026-07-09,18.169675,19.30607857142857,20.08184,20.56782857142857,20.676192857142855,21.184485714285714,9
2026-07-10,17.818307142857144,19.11927142857143,19.992922857142858,20.539925,20.67854642857143,21.24512,9
2026-07-13,18.4901,19.483957142857143,20.219885714285713,20.6483,20.77367142857143,21.344202857142857,9
2026-07-14,18.257257142857142,19.401414285714285,20.146602857142856,20.594625,20.696192857142858,21.319657142857142,9
2026-07-15,17.78539642857143,19.105539285714286,19.951674285714287,20.43355714285714,20.562514285714286,21.26132,9
2026-07-16,18.331799999999998,19.38197142857143,20.14984,20.633035714285715,20.72232142857143,21.419285714285714,9
2026-07-17,19.247171428571427,19.92757142857143,20.53742857142857,20.948685714285713,21.034142857142857,21.7474,9
2026-07-20,18.9656,19.79356,20.39296,20.743342857142856,20.82260857142857,21.638865714285714,9
2026-07-21,18.445914285714284,19.522185714285715,20.29104285714286,20.7049,20.85354,21.67614,9
2026-07-22,18.58112142857143,19.68866285714286,20.407634285714284,20.77155357142857,20.96632,21.81952,8
2026-07-23,19.589510714285716,20.321214285714284,20.9009,21.147364285714286,21.301817142857143,22.122445714285714,8
2026-07-24,19.33872857142857,20.12279142857143,20.79938214285714,21.10439642857143,21.295314285714284,22.151,8
2026-07-27,19.312125,20.02787142857143,20.645657142857143,20.92157142857143,21.201537142857145,22.009910714285716,9
2026-07-28,19.19892857142857,19.928985714285716,20.562771428571427,20.8692,21.175842857142857,21.961142857142857,9
2026-07-29,20.395607142857145,20.72980857142857,21.101435714285717,21.24757142857143,21.52067142857143,22.259332142857144,9
2026-07-30,19.095564285714286,19.994471428571426,20.682775,20.96973571428571,21.32656857142857,22.015814285714285,9
2026-07-31,18.554539285714288,19.64175714285714,20.429785714285714,20.801392857142858,21.214025714285714,21.910375000000002,9
2026-08-03,18.562649999999998,19.656505714285714,20.391925,20.7205,21.206714285714284,21.909714285714287,9
2026-08-04,18.693853571428573,19.740011428571428,20.434614285714286,20.71275,21.185022857142858,21.867510714285714,9
2026-08-05,18.160542857142858,19.31747142857143,20.105442857142858,20.43110357142857,20.96203142857143,21.643314285714286,9
2026-08-06,17.97294642857143,19.21740857142857,20.04395,20.414114285714284,20.991117142857142,21.696857142857144,9
2026-08-07,18.066542857142856,19.42675714285714,20.242007142857144,20.548385714285715,21.149954285714283,21.8389,9
2026-08-10,18.18755,19.48240857142857,20.272021428571428,20.52962857142857,21.240291428571428,21.927089285714285,9
2026-08-11,18.077614285714287,19.369482857142856,20.190307142857144,20.487499999999997,21.225448571428572,21.891114285714288,9
2026-08-12,17.6211,19.061742857142857,19.943285714285715,20.279478571428573,21.060597142857144,21.769639285714288,9
2026-08-13,17.812571428571427,19.216825714285715,20.04825,20.328396428571427,21.16784285714286,21.853585714285714,9
2026-08-14,17.667167857142857,19.196737142857142,20.068507142857143,20.350442857142856,21.237457142857142,21.9182,9
2026-08-17,18.0529,19.50764285714286,20.31617142857143,20.568182142857143,21.480545714285714,22.131957142857143,9
2026-08-18,18.23443142857143,19.549374285714286,20.321864285714284,20.5206,21.455571428571428,22.026489285714284,9
2026-08-19,17.708428571428573,19.235857142857142,20.069096428571427,20.332405714285713,21.340577142857143,21.919042857142855,8
2026-08-20,17.942294285714283,19.356237142857143,20.1489,20.408705714285716,21.353791428571427,21.919835714285714,8
2026-08-21,17.69050857142857,19.102822857142854,19.88668214285714,20.194745714285713,21.147202857142858,21.7235,8
2026-08-24,17.896839999999997,19.1797,19.874942857142855,20.21421714285714,21.125982142857143,21.655975,9
2026-08-25,17.597434285714286,19.00721785714286,19.72325357142857,20.074260000000002,21.00895714285714,21.53335714285714,9
2026-08-26,17.591682857142857,18.960014285714287,19.631307142857143,20.000645714285717,20.905,21.42469642857143,9
2026-08-27,17.194685714285715,18.667864285714284,19.35815,19.77999714285714,20.671657142857143,21.189285714285713,9
2026-08-28,17.48998285714286,18.841564285714284,19.40052857142857,19.829385714285714,20.737635714285716,21.220100000000002,9
2026-08-31,17.31318,18.63792857142857,19.128875,19.676325714285714,20.548428571428573,21.014285714285716,9
2026-09-01,17.938814285714287,19.030428571428573,19.371828571428573,19.82128,20.609607142857143,21.046635714285713,9
2026-09-02,17.390377142857144,18.647703571428572,19.142982142857143,19.675942857142857,20.428057142857142,20.867857142857144,9
2026-09-03,17.091654285714284,18.424699999999998,18.977849999999997,19.57934285714286,20.345542857142856,20.749189285714287,9
2026-09-04,17.229385714285716,18.431085714285715,18.879264285714285,19.47271142857143,20.1971,20.594900000000003,9
2026-09-08,17.74319714285714,18.84727857142857,19.213978571428573,19.8185,20.46515714285714,20.849135714285715,9
2026-09-09,18.085554285714284,19.029735714285714,19.382628571428572,19.978268571428572,20.54905,20.902303571428572,9
2026-09-10,18.81571142857143,19.417535714285716,19.620625,20.14486,20.669050000000002,20.94515714285714,9
2026-09-11,17.858042857142856,18.867428571428572,19.238742857142856,19.878017142857143,20.420546428571427,20.737175,9
2026-09-14,18.173460000000002,18.994492857142856,19.308421428571428,19.935862857142858,20.418078571428573,20.68244285714286,9
2026-09-15,18.287534285714287,18.934642857142855,19.274057142857146,19.93856,20.36932142857143,20.625053571428573,9
2026-09-16,,19.123424999999997,19.347953571428572,20.01288285714286,20.449785714285714,20.578271428571426,8
2026-09-17,,18.604164285714283,19.025,19.70077142857143,20.202417857142855,20.39461071428571,8
2026-09-18,,18.681192857142857,19.14686,19.80266,20.27072142857143,20.475,8
