date,har_forecast,realised_next_h,trailing_rv,rv_proxy
2008-01-25,0.0001946073013646526,0.00020597557520786805,0.0003240517404195146,0.0002721018693689687
2008-01-28,0.0001941368782157741,0.00019945412797177457,0.00033474101269075995,0.0002527520327651002
2008-01-29,0.00015814983573536745,0.0001987430056188549,0.00033847538955742796,0.00011886630338374561
2008-01-30,0.00017118056276643686,0.00018269447110297186,0.0003635781983456691,0.0005960273517045733
2008-01-31,0.00018587815959787734,0.00016404348415912463,0.00038507704117337385,0.0004935871474508307
2008-02-01,0.00015394548669803973,0.00017338532540264956,0.00037952241566983045,6.507330360035314e-05
2008-02-04,0.00012654755799544352,0.00018020020242531296,0.00037855229017692854,2.8771965533864103e-05
2008-02-05,0.00015314438507922612,0.00017352208360797166,0.00038388805433886976,0.00028221960494980716
2008-02-06,0.0001381975281745616,0.00018501629275553515,0.0003859282275525956,0.00017104302195482325
2008-02-07,0.00013557661566362147,0.00017672922525768176,0.0003835982426424106,0.00024148518866104907
2008-02-08,0.0001400876769472824,0.0002086078973406424,0.00038055563396317273,0.00016696091787255047
2008-02-11,0.00015122613688351645,0.00020987747322084597,0.00037311280500147654,0.00013322329051247347
2008-02-12,0.00015299930214243563,0.0002246103366838264,0.00037362394011631006,0.00022698383343537398
2008-02-13,0.0001483884298766504,0.000247002352257723,0.00037591247133318467,0.00015362075725713412
2008-02-14,0.00013087306708281548,0.00028137469878011703,0.00035884686572213586,6.767866040780525e-05
2008-02-15,0.00012144071547509948,0.00030040188523564087,0.00034911693475784937,6.804712953199435e-05
2008-02-19,0.0001350960701442413,0.0002981596190686925,0.00035215937957094954,0.0002524023869090224
2008-02-20,0.0001358361820348822,0.00029949858756376927,0.00034752492867530185,0.0002439573185625663
2008-02-21,0.00013349322970164,0.00030272236672479854,0.0002475046030697686,0.00017374346039254483
2008-02-22,0.00014935593709380286,0.0002911030635879052,0.00021434916650400548,0.0003367631169584855
2008-02-25,0.00014618387477212958,0.00028821626852500794,0.00021366665213977499,0.00014169103372220872
2008-02-26,0.00016254907593646068,0.0002887539629913822,0.0002059755752078679,0.00011058925379891919
2008-02-27,0.00015385005813541158,0.00028759274367934313,0.00019945412797177457,0.00011580164080714179
2008-02-28,0.00014620638890129646,0.00028624558453915826,0.00019874300561885502,0.00010393273397243461
2008-02-29,0.00015397424963215365,0.00028390729774894433,0.00018269447110297186,0.00025900812687102635
2008-03-03,0.00013883846539246687,0.0002830373757376123,0.00016404348415912474,0.00010191642163004135
2008-03-04,0.00015355966892183288,0.0002743571892600409,0.0001733853254026496,0.00026125196971437477
2008-03-05,0.0001554946666017945,0.00027041902005931075,0.0001802002024253129,0.00017188438300979412
2008-03-06,0.00016034323566442566,0.00026952974409579823,0.00017352208360797155,0.00014197910978563843
2008-03-07,0.00017711766106029908,0.00025212605071549965,0.00018501629275553531,0.0004124214140536626
2008-03-10,0.00015240769467708245,0.00025368716373919565,0.00017672922525768185,6.745677120612641e-05
2008-03-11,0.00019452233630644773,0.0002178937988935952,0.0002086078973406423,0.0008364130316147196
2008-03-12,0.00017479806833558642,0.0002207218871766012,0.00020987747322084594,0.00015988438399675066
2008-03-13,0.00020838688716125862,0.00019650579228784628,0.00022461033668382633,0.0005363739661579609
2008-03-14,0.00021892613445579002,0.0001711319355556933,0.0002470023522577232,0.0006238530843089693
2008-03-17,0.00026420595508891106,0.0001385119893784207,0.00028137469878011703,0.0007894979373780752
2008-03-18,0.0002540855959923778,0.00011991839124451675,0.0003004018852356409,0.000467618045097996
2008-03-19,0.0002492501375565122,0.00012109294153312657,0.00029815961906869246,0.0002053147974031045
2008-03-20,0.00024363853650931244,0.00010975483496519272,0.00029949858756376943,0.0002720756569591835
2008-03-24,0.00022827231542552499,0.00010207063535081382,0.0003027223667247983,0.00024144282277415208
2008-03-25,0.00018723427099187788,0.00010099530141316636,0.0002911030635879051,9.275775108372693e-05
2008-03-26,0.00016347673666439872,0.00010661883429013919,0.0002882162685250078,8.106833740136518e-05
2008-03-27,0.00017383308144324137,0.00011027493437416369,0.00028875396299138205,0.00012188083759277859
2008-03-28,0.00015979911222803098,0.00010697585930624814,0.00028759274367934313,9.141603525432499e-05
2008-03-31,0.0001466088601203662,0.00010496022962264765,0.00028624558453915826,7.564239202855204e-05
2008-04-01,0.00016567912141952297,0.00010246604171503346,0.0002839072977489442,0.00020990410427653181
2008-04-02,0.0001538330509517063,9.92912440360145e-05,0.0002830373757376123,8.364805939207041e-05
2008-04-03,0.00014883649523455357,0.00010315655895939784,0.00027435718926004083,7.896805368537371e-05
2008-04-04,0.0001470433198999743,0.00010110351910942603,0.00027041902005931054,8.918282979445879e-05
2008-04-07,0.0001534578929484412,9.947512903132128e-05,0.0002695297440957983,0.00012330431455188147
2008-04-08,0.00013009242787366226,0.00010081918264385905,0.0002521260507154995,4.694385306738675e-05
2008-04-09,0.00013451120731879977,9.813750747966087e-05,0.00025368716373919554,0.00010024014470374393
2008-04-10,0.0001341873566923832,9.599635506488363e-05,0.00021789379889359522,8.475236985711328e-05
2008-04-11,0.00014655720382910812,8.838157917019566e-05,0.0002207218871766011,0.0002192742379398738
2008-04-14,0.00011489777419331744,8.936766492541878e-05,0.00019650579228784636,2.783597349411193e-05
2008-04-15,0.00012465368101448118,9.016548169492887e-05,0.00017113193555569318,9.100209293375164e-05
2008-04-16,0.00012226669027301298,8.659089968406382e-05,0.00013851198937842073,0.00010447906765535417
2008-04-17,0.00011473585857688638,8.626811876478737e-05,0.00011991839124451685,7.715248428601443e-05
2008-04-18,0.00012161594148443872,8.056495638651733e-05,0.00012109294153312653,0.0002299803534639077
2008-04-21,0.00010603458946428849,8.313148562965974e-05,0.00010975483496519274,3.3975419032573674e-05
2008-04-22,0.00010870268149255253,8.462963540764006e-05,0.00010207063535081386,8.007463087219599e-05
2008-04-23,0.00010318029907163677,8.302507385189213e-05,0.00010099530141316635,7.017573839312916e-05
2008-04-24,0.00011777981026293539,7.755696205390128e-05,0.0001066188342901392,0.000199162527817795
2008-04-25,0.00011971155335661981,6.993669045451015e-05,0.00011027493437416372,0.0001986589393572934
2008-04-28,9.844490569906335e-05,7.47132231455809e-05,0.00010697585930624819,2.2135458828099105e-05
2008-04-29,9.46213804456677e-05,7.736343100506696e-05,0.0001049602296226477,3.3314168672941675e-05
2008-04-30,0.00011079937867510886,7.117745107726434e-05,0.00010246604171503341,0.00015752615821663135
2008-05-01,8.015310248255074e-05,7.517339143004317e-05,9.929124403601456e-05,1.6977308132674578e-05
2008-05-02,9.263518154414614e-05,7.359932794733019e-05,0.0001031565589593979,0.00016013966707642427
2008-05-05,8.813352475988604e-05,7.625545776970598e-05,0.0001011035191094261,4.606899294505074e-05
2008-05-06,9.70799321877102e-05,7.498422937649367e-05,9.947512903132136e-05,8.910812291168185e-05
2008-05-07,9.138990262769815e-05,7.782983360186015e-05,0.00010081918264385913,7.51689789306799e-05
2008-05-08,9.289298626844165e-05,8.250617188844004e-05,9.813750747966085e-05,4.39249662555799e-05
2008-05-09,8.411674835951443e-05,8.766169454937033e-05,9.599635506488356e-05,3.978816914679052e-05
2008-05-12,8.698182781058851e-05,8.663318465617003e-05,8.83815791701956e-05,5.93639441514265e-05
2008-05-13,8.085349221995302e-05,9.283319988573994e-05,8.936766492541871e-05,4.8543774353797256e-05
2008-05-14,8.893687002340132e-05,9.373284102857785e-05,9.016548169492885e-05,0.00010775624509346466
2008-05-15,7.841119420587726e-05,9.591245453962715e-05,8.659089968406375e-05,2.941284542718715e-05
2008-05-16,8.500391471855795e-05,9.543554977141588e-05,8.626811876478733e-05,7.037408498120945e-05
2008-05-19,9.110379775342618e-05,9.636277668066058e-05,8.056495638651734e-05,0.0001102139435202378
2008-05-20,9.118833910253222e-05,9.613690442351075e-05,8.313148562965971e-05,8.787253313856368e-05
2008-05-21,9.47530270388347e-05,0.00010010538888552978,8.462963540764012e-05,0.00011153577620978465
2008-05-22,8.79651892309392e-05,9.965473627922951e-05,8.302507385189214e-05,3.647994572242137e-05
2008-05-23,9.409519624666155e-05,0.00010324465417990999,7.755696205390128e-05,8.433218005998715e-05
2008-05-27,8.104569704699854e-05,0.00011016883644504538,6.993669045451014e-05,3.863323577007922e-05
2008-05-28,8.812044126417448e-05,0.00011725830179678375,7.471322314558093e-05,0.00012244264534058577
2008-05-29,8.721015862073189e-05,0.00011703827217856025,7.736343100506693e-05,8.896853372214774e-05
2008-05-30,7.949824584734201e-05,0.00012001342846900232,7.117745107726435e-05,2.762057973277707e-05
2008-06-02,8.64990942780462e-05,0.00012627700533960118,7.517339143004314e-05,0.00010089205554102926
2008-06-03,9.717337775119264e-05,0.00012583561691375907,7.359932794733019e-05,0.00012708433393945255
2008-06-04,9.411686221983412e-05,0.00013196755401016368,7.625545776970594e-05,0.00010184771921494112
2008-06-05,8.985867994190124e-05,0.0001431059126511798,7.498422937649363e-05,6.241232665422357e-05
2008-06-06,0.00010409101282924361,0.00014505194564878168,7.782983360186014e-05,0.00013492666766337633
2008-06-09,0.00010763989904242679,0.0001443500719978069,8.250617188843999e-05,0.00014212807027375707
2008-06-10,0.0001110601189568501,0.0001442293443803431,8.766169454937029e-05,0.00014805414502632667
2008-06-11,9.616112481337344e-05,0.00016625864260795206,8.663318465617e-05,3.776523639422031e-05
2008-06-12,0.00011472613967043513,0.0001688504361861274,9.283319988573986e-05,0.00017874409417476466
2008-06-13,0.00011362932297429967,0.0001845794595281276,9.373284102857788e-05,0.00012664870909306268
2008-06-16,0.00010536724850523665,0.00019082210875158963,9.591245453962721e-05,7.518472915922336e-05
2008-06-17,9.982936524594662e-05,0.00019937250100158607,9.543554977141583e-05,6.0359084848770624e-05
2008-06-18,0.00011362507665340718,0.00019891703673925574,9.636277668066052e-05,0.00012968570861437626
2008-06-19,0.00010521937063295302,0.00019986397851112677,9.613690442351076e-05,8.312921573841845e-05
2008-06-20,0.00011529527822828813,0.00019791332512763635,0.00010010538888552971,0.0001948739499121828
2008-06-23,9.378732152222123e-05,0.00020128852217532277,9.965473627922954e-05,2.7016240990117256e-05
2008-06-24,0.00011364215165451639,0.00019769601831058617,0.00010324465417990995,0.00015972045597427602
2008-06-25,0.00011843466400984195,0.00019185809186678256,0.0001101688364450453,0.00018404106333792155
2008-06-26,0.00013414204354486042,0.00018440086058275307,0.00011725830179678364,0.0002713214177270912
2008-06-27,0.00011817604891353039,0.00018422896429219415,0.00011703827217856018,8.4347911739455e-05
2008-06-30,0.00012726507338361705,0.00018779391892239405,0.00012001342846900238,9.009886183206329e-05
2008-07-01,0.00014280280172178028,0.00018682654278681738,0.00012627700533960126,0.00023242716982360608
2008-07-02,0.00013378731046640704,0.0001854767650763001,0.00012583561691375907,0.00011781517699676595
2008-07-03,0.00013949710906702197,0.00017577918554541284,0.00013196755401016376,0.0002306183982394393
2008-07-07,0.00015507176753595627,0.00017701933600682506,0.0001431059126511799,0.00029631785811556324
2008-07-08,0.00015876869678343417,0.0001726174170060343,0.00014505194564878166,0.00017579336061301305
2008-07-09,0.000150172148200547,0.0001732332861161333,0.00014435007199780676,0.00012738872360328404
2008-07-10,0.00015333398902707824,0.00017398491224759758,0.000144229344380343,0.00014551886505958833
2008-07-11,0.0001765673322675475,0.00015573429937344133,0.00016625864260795209,0.0005003804991740105
2008-07-14,0.00017116489975667237,0.00014947774089298853,0.00016885043618612746,0.0002331717593164479
2008-07-15,0.0001915065647174852,0.00013418703658384925,0.00018457945952812764,0.00045695819927506594
2008-07-16,0.0001890148186141696,0.0001315031669922827,0.00019082210875158963,0.0002062803628519255
2008-07-17,0.00020017489962608208,0.00012258874475684796,0.00019937250100158623,0.00023991732209869917
2008-07-18,0.00017859489909440965,0.0001231815739876793,0.00019891703673925588,0.00012012095910543885
2008-07-21,0.0001680913801859086,0.00012278020177091775,0.00019986397851112672,0.00010301499294770689
2008-07-22,0.00016341747388578728,0.00012037638218870636,0.00019791332512763648,0.00015391022885888732
2008-07-23,0.00015048812470363086,0.00012142599191966614,0.00020128852217532277,9.789537899152928e-05
2008-07-24,0.00014297861731894817,0.0001242476643148093,0.00019769601831058623,8.427787481480864e-05
2008-07-25,0.0001367528897280537,0.00013142682000990397,0.0001918580918667826,6.14446080180446e-05
2008-07-28,0.00014185884824289262,0.00012821245304234764,0.00018440086058275296,0.00011471956076246944
2008-07-29,0.0001308908673979749,0.0001261525629587228,0.00018422896429219418,8.073808963772018e-05
2008-07-30,0.00014267041109613377,0.00012047671306365741,0.00018779391892239392,0.00016496290906625773
2008-07-31,0.00015534090973723396,0.00011351885618470795,0.00018682654278681725,0.0002121122709764966
2008-08-01,0.00014833699519072358,0.00012226853832217365,0.00018547676507630026,8.946984507590931e-05
2008-08-04,0.000123308307909015,0.00012478105562299481,0.000175779185545413,2.6969228090806922e-05
2008-08-05,0.00015678063647071942,0.00011498546587456711,0.00017701933600682514,0.00032236101780521744
2008-08-06,0.0001356475669639626,0.00012526669758370496,0.0001726174170060344,8.33530615964077e-05
2008-08-07,0.00013608559651972447,0.00018640305216241599,0.00017323328611613316,0.0001403219749153579
2008-08-08,0.00014275330619126456,0.0001875692810955256,0.00017398491224759769,0.00016130301382034345
2008-08-11,0.00015233386833732408,0.00019198320375094662,0.00015573429937344138,0.00011711762881672831
2008-08-12,0.00013722795603981314,0.00020418251557570438,0.0001494777408929885,0.00010178403122693716
2008-08-13,0.00014252809081010713,0.00020614454934985614,0.00013418703658384914,0.00013585340878313973
2008-08-14,0.00014129587117921985,0.0003319849257834155,0.00013150316699228268,0.00014991910142903
2008-08-15,0.0001211551602216706,0.0003648667926650316,0.00012258874475684788,5.2714455154567895e-05
2008-08-18,0.0001278520888319344,0.00042430848692738234,0.0001231815739876793,0.00013257037295289907
2008-08-19,0.00012419579645747212,0.0005417438439709882,0.00012278020177091775,9.45861763957143e-05
2008-08-20,0.00012285657187612582,0.000697538284663954,0.00012037638218870636,0.00010343001763244791
2008-08-21,0.00012181310288559258,0.000707879257227595,0.00012142599191966608,0.0001199371833416833
2008-08-22,0.00013162803353179188,0.0007173020903192333,0.0001242476643148092,0.0001435329951128144
2008-08-25,0.00014132867345997043,0.0007177019263412577,0.000131426820009904,0.00021220687761503527
2008-08-26,0.0001228096220900418,0.0007328901928829865,0.00012821245304234767,4.721785444378648e-05
2008-08-27,0.00011177126395033225,0.0007520365983591983,0.00012615256295872275,3.748039788159695e-05
2008-08-28,0.0001058115048846968,0.0007775164981326889,0.00012047671306365736,4.5770061269884285e-05
2008-08-29,0.00010176232397808338,0.0008620140980303866,0.00011351885618470791,6.599727651855835e-05
2008-09-02,0.0001134351148471973,0.0008640692849861909,0.00012226853832217362,0.000273213169962689
2008-09-03,0.00010814076326221164,0.000878193218160302,0.0001247810556229948,7.973209140805149e-05
2008-09-04,0.00012151335929005,0.00093356460235244,0.00011498546587456717,0.00011665363308823751
2008-09-05,0.00014411655886500905,0.0010846058602758174,0.00012526669758370493,0.0002992589274883008
2008-09-08,0.00020043968839251653,0.0010638907388526731,0.00018640305216241585,0.0014241854210682863
2008-09-09,0.00017316057242680203,0.0011922871387191653,0.00018756928109552574,0.0001857938214156514
2008-09-10,0.00018573722084144377,0.0012758192775731182,0.0001919832037509467,0.00020981000458056956
2008-09-11,0.00020932779349206902,0.0016802665521261563,0.0002041825155757044,0.0003579695795468487
2008-09-12,0.0001958771389684137,0.00207946725004154,0.0002061445493498562,0.00017705611804032728
2008-09-15,0.00025512028477649997,0.002117359512240489,0.0003319849257834156,0.002792567006533778
2008-09-16,0.00026209163427376827,0.0021372751390749288,0.00036486679266503174,0.0007432336596685056
2008-09-17,0.000322281395394694,0.0023039307124034705,0.00042430848692738224,0.0013808459524622609
2008-09-18,0.0003962066882493532,0.002387609768023102,0.0005417438439709884,0.0025607286743114435
2008-09-19,0.0005108783464515439,0.002287815365032651,0.0006975382846639541,0.0033751132721847278
2008-09-22,0.000397187144665899,0.0023176428193532744,0.000707879257227595,0.0003370976071781424
2008-09-23,0.000386082279199532,0.002518482736420885,0.0007173020903192336,0.0003414124900372247
2008-09-24,0.0003601141663194624,0.0026786004125895105,0.0007177019263412576,0.00022060343407753928
2008-09-25,0.00033446500288574936,0.0031262905496281766,0.0007328901928829866,0.0003661714518200953
2008-09-26,0.00031195252701269384,0.0032396708543017514,0.0007520365983591982,0.00043955491288204197
2008-09-29,0.0003445067459229505,0.0034665057917494767,0.0007775164981326888,0.0005808479565131849
2008-09-30,0.0004377887125733324,0.0034608579243913056,0.0008620140980303868,0.0018404468743702157
2008-10-01,0.0004115443118400523,0.0035379220485664744,0.000864069284986191,0.00031637209603457725
2008-10-02,0.00041917277919798293,0.0035657207788323507,0.0008781932181603022,0.00037633468806438594
2008-10-03,0.0005073402600246215,0.003512389860870601,0.0009335646023524397,0.0012794527011231289
2008-10-06,0.0006388731136563748,0.003412679409569306,0.0010846058602758178,0.003471125343879239
2008-10-07,0.0005810186329358029,0.003431254197945652,0.001063890738852673,0.0009891678711822396
2008-10-08,0.0007181104362883067,0.003353954252018444,0.0011922871387191657,0.0028821182186120047
2008-10-09,0.0008067822338759522,0.003287716719717755,0.0012758192775731182,0.001963984920513574
2008-10-10,0.0010649503949046464,0.0029217685244427873,0.0016802665521261563,0.008851362345160648
2008-10-13,0.0011871642476819475,0.002566731018148792,0.0020794672500415398,0.008560270774263377
2008-10-14,0.0012805568316213132,0.0024379763545075723,0.0021173595122404884,0.0035883045127117017
2008-10-15,0.0011118824432329898,0.0026416576577136942,0.002137275139074928,0.0011614618231917304
2008-10-16,0.0013296268977624846,0.002513866251094013,0.0023039307124034713,0.0048806129923616715
2008-10-17,0.001290343983990191,0.0023532267313921703,0.002387609768023101,0.0043179888423236735
2008-10-20,0.0010537301143114476,0.002357103280717483,0.002287815365032652,0.0012794308093853
2008-10-21,0.0009357608117231407,0.0023740539958637744,0.0023176428193532744,0.0009634741479112059
2008-10-22,0.0011736876902347434,0.002311892352536092,0.0025184827364208846,0.004559050748457043
2008-10-23,0.0018409298394675361,0.0023416587675210414,0.002678600412589511,0.0035830746336186995
2008-10-24,0.002260742897813309,0.0020355172315361355,0.0031262905496281753,0.009767664329632044
2008-10-27,0.002267123755864022,0.001978766890223482,0.003239670854301752,0.0028205413110271443
2008-10-28,0.0028412719858429917,0.0017449530210418673,0.0034665057917494767,0.005344381642915407
2008-10-29,0.0024615378486824314,0.0016654678835498371,0.0034608579243913047,0.0017218416598485961
2008-10-30,0.0023684823776223833,0.0016246284450175186,0.0035379220485664753,0.0019347187037131554
2008-10-31,0.0019090310600309711,0.0016264695092371572,0.0035657207788323503,0.0009601080236477718
2008-11-03,0.0013107945725424949,0.0016639344027146441,0.003512389860870601,0.000159503423926398
2008-11-04,0.0013901109290916389,0.0016669739333720107,0.0034126794095693056,0.001377205866552029
2008-11-05,0.0013447444706813528,0.001688295201841531,0.0034312541979456524,0.0013792384270855228
2008-11-06,0.0012966441925536286,0.0017185171282687883,0.003353954252018445,0.0012588193541406422
2008-11-07,0.0011408313103741074,0.0017244320031923022,0.0032877167197177563,0.0005729967421991108
2008-11-10,0.001394449084160261,0.0016890481114711002,0.0029217685244427864,0.0011664502443862871
2008-11-11,0.0013167624143071593,0.0016723123497489538,0.0025667310181487915,0.001104483142089483
2008-11-12,0.001202458698334975,0.0016765700828260796,0.002437976354507573,0.0008844565762461184
2008-11-13,0.0015589109371802684,0.0014435718490574346,0.0026416576577136942,0.0054387691905202745
2008-11-14,0.0016345934733695256,0.001520239068941365,0.002513866251094013,0.002196993453348366
2008-11-17,0.001465895461548854,0.0014986240093024365,0.002353226731392171,0.0009445589285849912
2008-11-18,0.001501711017069234,0.0014590659059082807,0.0023571032807174833,0.0013608383452168534
2008-11-19,0.0015466734032741352,0.0014189622962889556,0.0023740539958637752,0.001319439165983338
2008-11-20,0.0016248096670265966,0.0012966088475838983,0.002311892352536092,0.0032536562385757036
2008-11-21,0.0024975026703399727,0.0011059954825166198,0.002341658767521041,0.004208169348302622
2008-11-24,0.0027148070067157114,0.0009500063269834214,0.0020355172315361363,0.0033386920739490516
2008-11-25,0.002505201304755039,0.0008776998849711442,0.001978766890223482,0.0016287841434613989
2008-11-26,0.001974542444581097,0.0008710214330356905,0.001744953021041867,0.00043429039010148865
2008-11-28,0.0010769660172981704,0.0008796935500789876,0.0016654678835498376,5.265377251598274e-05
2008-12-01,0.0012231419697182858,0.0008382506799824135,0.0016246284450175189,0.0010770904945344598
2008-12-02,0.0010860902599742358,0.0008095322385814288,0.0016264695092371572,0.0009987703722601742
2008-12-03,0.0010336930846970582,0.0007736176222983666,0.0016639344027146446,0.0009462661869536368
2008-12-04,0.0012345910715800355,0.0007168578390874766,0.0016669739333720105,0.0014410360103567176
2008-12-05,0.0016954109201778391,0.0006490507468523637,0.0016882952018415314,0.001826985064945456
2008-12-08,0.001792611361063423,0.0005646032464797769,0.001718517128268789,0.001893479809113047
2008-12-09,0.0015838271946233648,0.000667435800560145,0.001724432003192303,0.0006972091155929067
2008-12-10,0.0014140256018152452,0.0006567139018441897,0.0016890481114711,0.0004233885182410292
2008-12-11,0.001393348288668498,0.0006297463195725326,0.0016723123497489536,0.0007530321459244092
2008-12-12,0.0013479695760932199,0.0006204280029619527,0.0016765700828260792,0.0009738689708657538
2008-12-15,0.0011488638901935293,0.0006457017382525778,0.001443571849057434,0.0005458062813787264
2008-12-16,0.0015395577774852231,0.0005170985973126284,0.0015202390689413648,0.0038070050709109143
2008-12-17,0.001277099459953726,0.0005393293022964675,0.0014986240093024365,0.0004906426761674943
2008-12-18,0.001234272009406827,0.0005681221092384184,0.0014590659059082803,0.0005301181739395748
2008-12-19,0.0011298395493567412,0.000592025864363084,0.0014189622962889551,0.0004772633639775115
2008-12-22,0.0011702290938461473,0.0006086287920726877,0.0012966088475838988,0.0006842338157695172
2008-12-23,0.000754860829026571,0.0006249319630608949,0.0011059954825166196,0.00020528868188976154
2008-12-24,0.0005335104641979669,0.0006344196252289197,0.0009500063269834216,6.291980775189337e-05
2008-12-26,0.00046008918391034014,0.0006601461810095337,0.0008776998849711443,0.00011034886120357263
2008-12-29,0.0004637704967762458,0.0006832569446638617,0.0008710214330356902,0.0002940428994569548
2008-12-30,0.00041234249229943836,0.0006923329883006256,0.0008796935500789879,0.0002347682304252319
2008-12-31,0.00041941478094875153,0.0007027691148288384,0.0008382506799824135,0.0002067902225063995
2009-01-02,0.0005037370748737913,0.0007003759911548173,0.000809532238581429,0.0003956831028395006
2009-01-05,0.00048054979736756264,0.0007103723083261606,0.0007736176222983664,0.00019205924500932022
2009-01-06,0.00047186263111974384,0.0009626142662250526,0.0007168578390874767,0.000249080562928036
2009-01-07,0.0005003278805073522,0.0009523553098755482,0.0006490507468523639,0.00040303612800808716
2009-01-08,0.0004105939935937594,0.0009529169237819035,0.0005646032464797768,0.00012008230128871807
2009-01-09,0.0006314043589673463,0.0008576941304556883,0.0006674358005601453,0.002856692751280643
2009-01-12,0.0004954295816614086,0.0008595974416009547,0.0006567139018441896,0.00019822864520596323
2009-01-13,0.00047389537461717463,0.0008874033938690866,0.0006297463195725325,0.00018671291821960903
2009-01-14,0.0005628111699876021,0.0008574834777689223,0.0006204280029619529,0.0007781843220435812
2009-01-15,0.0006921458251224327,0.0009305312545178175,0.0006457017382525777,0.0010765547224818484
2009-01-16,0.0006512708004867626,0.0008899954381935646,0.0005170985973126285,0.0011063391111719818
2009-01-20,0.0007117430650506735,0.0008561942909351881,0.0005393293022964678,0.0009574874808281177
2009-01-21,0.0008495835358301617,0.0008434442230063215,0.0005681221092384187,0.001134767119720545
2009-01-22,0.0008654895805208138,0.0008043353239128563,0.0005920258643630839,0.0009792422215954802
2009-01-23,0.0008796454468482189,0.0007823080551140377,0.0006086287920726874,0.0010328952976711918
2009-01-26,0.0007372362383082319,0.000788104219713088,0.0006249319630608948,0.0005476552726421158
2009-01-27,0.0006265905755301481,0.0008428681792871938,0.0006344196252289197,0.00026216071328041644
2009-01-28,0.0006726502582403069,0.0008592975527965336,0.0006601461810095338,0.0006506065325964668
2009-01-29,0.0006940958293348875,0.0008863602416326519,0.0006832569446638617,0.0007793689361978412
2009-01-30,0.000618080079840945,0.0008852651633594613,0.0006923329883006258,0.00042536514679727874
2009-02-02,0.0006120509062651728,0.0009132185998359238,0.0007027691148288386,0.000425948879598869
2009-02-03,0.0006212061740566919,0.0009798102028002616,0.0007003759911548173,0.00034542750568505577
2009-02-04,0.00060468459067494,0.001022909865337952,0.0007103723083261605,0.0004019819056075248
2009-02-05,0.0009365663677807314,0.0008079788937770308,0.0009626142662250524,0.005546161678804767
2009-02-06,0.0006600119029223661,0.0008278718223073516,0.0009523553098755483,0.00018759804466849896
2009-02-09,0.0005705397790663446,0.0008438277556665147,0.0009529169237819035,0.00013187619332217563
2009-02-10,0.0007427224018386154,0.0008301648522550121,0.0008576941304556886,0.0008570140914301307
2009-02-11,0.00061238210141114,0.0008425879123738035,0.000859597441600955,0.00023819817925656135
2009-02-12,0.0005873050035601543,0.0008295519840089929,0.0008874033938690869,0.0007706379158503741
2009-02-13,0.0005021701950605905,0.0008398790648957931,0.000857483477768922,0.00014986608394012183
2009-02-17,0.0008295135254155503,0.0007555885236304764,0.0009305312545178177,0.002610558034208655
2009-02-18,0.0006045244843567564,0.0007561030850113402,0.0008899954381935645,0.0002550869683626667
2009-02-19,0.0005888255475994085,0.0007503328901109967,0.0008561942909351881,0.00024766338840221346
2009-02-20,0.0006576497282405636,0.0007560249157265394,0.0008434442230063218,0.0008670156932143554
2009-02-23,0.0005543647609004234,0.000769914368572769,0.0008043353239128562,0.00015795534063269988
2009-02-24,0.0005380234043427138,0.0007970518424809729,0.0007823080551140375,0.0005703226528960008
2009-02-25,0.0006197821308648519,0.0007828954421462129,0.0007881042197130883,0.0006693747292221799
2009-02-26,0.000769952084714643,0.0007281962911506381,0.0008428681792871941,0.0014122038643366377
2009-02-27,0.0007760906957908164,0.0007170718371484847,0.0008592975527965336,0.0009956233762925964
2009-03-02,0.0009540413920960209,0.000676723645895949,0.0008863602416326516,0.0013476854017563213
2009-03-03,0.0008275859417940011,0.0006768230446628077,0.0008852651633594616,0.000402368503060287
2009-03-04,0.0009399689508512648,0.0007012592471630666,0.0009132185998359235,0.0010129710456045703
2009-03-05,0.001028843965343464,0.0006273035618579164,0.0009798102028002614,0.0017438511679361485
2009-03-06,0.0010532218524644187,0.0005846639934427685,0.0010229098653379517,0.0013070748188990238
2009-03-09,0.0010306400245128993,0.0005516638529362724,0.0008079788937770309,0.0010326112760254311
2009-03-10,0.0009729392007880156,0.0005302027185966652,0.0008278718223073515,0.00060534954380523
2009-03-11,0.0009128541326845913,0.0005425816365440323,0.0008438277556665144,0.0004669507938645976
2009-03-12,0.0008764787540850467,0.0005308263501377857,0.0008301648522550121,0.0005700931197885818
2009-03-13,0.0007956667352308158,0.0005197001858753107,0.0008425879123738036,0.0004990824417511823
2009-03-16,0.0007626098135906752,0.0005021025889827089,0.0008295519840089931,0.0004968834201893558
2009-03-17,0.0007044425657054794,0.0005057459427396634,0.0008398790648957928,0.00036673478256291325
2009-03-18,0.0008184387354682106,0.0004734583166071898,0.0007555885236304763,0.0008404566676370089
2009-03-19,0.0006688260280806676,0.0005126895921162693,0.0007561030850113405,0.0002658927573608134
2009-03-20,0.000556883675278095,0.0005114168831484305,0.0007503328901109963,0.00012648929549498683
2009-03-23,0.0007179358603436127,0.000493177689483401,0.0007560249157265391,0.0009865482311407524
2009-03-24,0.000673723346255446,0.0004847738018840791,0.0007699143685727692,0.00044963385040353303
2009-03-25,0.0007762356906444544,0.0004406802212935744,0.000797051842480973,0.0011402096049682837
2009-03-26,0.0007459198713805106,0.0004393238202627691,0.0007828954421462132,0.0003720903221922233
2009-03-27,0.0007536107218929711,0.000443494046802551,0.0007281962911506382,0.00026352169342956216
2009-03-30,0.0007939277022619625,0.00042559581432195716,0.0007170718371484844,0.0007620098422473672
2009-03-31,0.0007631252208455354,0.0004196954018903461,0.0006767236458959492,0.0005003733854530801
2009-04-01,0.0006750511921633269,0.000407231958879652,0.0006768230446628077,0.0004044558771643174
2009-04-02,0.0008613929434992622,0.00034061404081849647,0.0007012592471630665,0.0015261312981100024
2009-04-03,0.0006870698339621548,0.00033595322550725285,0.0006273035618579162,0.00019078177652799352
2009-04-06,0.0006759877330685559,0.00033295301906981174,0.0005846639934427687,0.00041164388218092835
2009-04-07,0.0006281141344532877,0.0003318544622263694,0.0005516638529362726,0.0003396083253890103
2009-04-08,0.0005261809190180176,0.0003389770736904843,0.0005302027185966653,0.0001546657226734765
2009-04-09,0.0005642735757064121,0.0003162836472604638,0.0005425816365440322,0.0007269080707593028
2009-04-13,0.0005468199697516385,0.00031430731759148474,0.0005308263501377857,0.00032323210525740653
2009-04-14,0.0005120237688293592,0.00031396826194687947,0.0005197001858753106,0.0002654329922392057
2009-04-15,0.00043482216627049446,0.0003148105360797107,0.000502102588982709,0.00012733388544472195
2009-04-16,0.0005202928754461717,0.0003027070081503313,0.0005057459427396633,0.0004432452114589527
2009-04-17,0.0004201000752964692,0.0003158435623790852,0.0004734583166071899,0.00016241651885506766
2009-04-20,0.0005406970001565903,0.00026843926970280705,0.0005126895921162694,0.0010897495430514828
2009-04-21,0.00040545757703278626,0.000279441518002264,0.0005114168831484303,9.976240717036341e-05
2009-04-22,0.0005459728797039912,0.00026526162203250426,0.0004931776894834011,0.000603525164175142
2009-04-23,0.0004805155243033628,0.0002573606519162165,0.0004847738018840789,0.0002731522108177659
2009-04-24,0.0004742095202051462,0.0002553283961136647,0.00044068022129357444,0.00021424441256769105
2009-04-27,0.0004313081529343493,0.0002443443190538336,0.0004393238202627692,0.00034360590054531467
2009-04-28,0.00047564800389120876,0.00024800013249067556,0.0004434940468025509,0.00035109645076497517
2009-04-29,0.00046663380105685484,0.00025360030413191495,0.00042559581432195716,0.0003861469601549004
2009-04-30,0.0004705457032458237,0.0002477394779648091,0.00041969540189034624,0.00037646472438925026
2009-05-01,0.0004113671774181423,0.0002448962571527135,0.00040723195887965214,0.00014272357393974234
2009-05-04,0.0003685923476064107,0.0002488084243593634,0.0003406140408184965,0.00012715501882573388
2009-05-05,0.0003062874697322626,0.0002502092657118177,0.00033595322550725295,9.290465499187776e-05
2009-05-06,0.00034184594236025674,0.00024629701781184844,0.000332953019069812,0.0003486395469946683
2009-05-07,0.0003329096748410171,0.0002451168523056411,0.00033185446222636913,0.00031653863167671007
2009-05-08,0.000351077566424971,0.0002355415541637229,0.0003389770736904843,0.00030424056341989516
2009-05-11,0.0003678704847595038,0.00024230929324004345,0.000316283647260464,0.00025034611572887725
2009-05-12,0.00039684261462981927,0.00023942016426381046,0.0003143073175914849,0.0002817291822088459
2009-05-13,0.00038330778350420384,0.00023060251014479202,0.0003139682619468795,0.0002583128237024915
2009-05-14,0.00034038472309319545,0.00023504969472666913,0.00031481053607971046,0.0001450216422341722
2009-05-15,0.0003378208850914936,0.00022774863065667158,0.00030270700815033125,0.000189071124941989
2009-05-18,0.00037713549083731113,0.00021326777976970888,0.0003158435623790854,0.0004382841576589051
2009-05-19,0.00030317111043350346,0.00021377689579909202,0.00026843926970280716,9.425939684963934e-05
2009-05-20,0.00033330917824296493,0.0002022945330305102,0.0002794415180022642,0.00033080962145896073
2009-05-21,0.0003590356986470083,0.00019322145355638623,0.0002652616220325043,0.0003057473488101845
2009-05-22,0.00030510904746844245,0.00019147623035346812,0.0002573606519162163,0.00010723183837571799
2009-05-26,0.00029179576448864385,0.00019402427519356393,0.00025532839611366447,0.00017156704071410252
2009-05-27,0.00027630925323015297,0.00019258711894194273,0.00024434431905383345,0.00011294028228886275
2009-05-28,0.0003144629961259213,0.00017543087058054563,0.0002480001324906758,0.00042786853293866437
2009-05-29,0.000333672773685724,0.00015548227679102123,0.0002536003041319148,0.0005037505646209203
2009-06-01,0.0003354767667112725,0.00015108127293593632,0.00024773947796480914,0.00025338737488003087
2009-06-02,0.00028168608901379824,0.00015249931649933537,0.0002448962571527136,8.301593688573551e-05
2009-06-03,0.00032043433452869693,0.00016895787297963562,0.0002488084243593634,0.0002093105301653793
2009-06-04,0.0002781127141131865,0.00017032606802116587,0.00025020926571181766,0.0001223223233934179
2009-06-05,0.00028711422684022937,0.0001594637088431317,0.00024629701781184854,0.00026648234109531704
2009-06-08,0.0002913719990561646,0.00015816192522954175,0.00024511685230564097,0.00029175515604635063
2009-06-09,0.00026715841628427266,0.00015792016315321967,0.00023554155416372305,0.00010315930243961897
2009-06-10,0.0003133971523695173,0.0001444820555252079,0.00024230929324004367,0.0003924686363316104
2009-06-11,0.00031308958361096626,0.00014649142811697222,0.00023942016426381024,0.00022105747370794416
2009-06-12,0.0002524117216786505,0.0001469651641873778,0.00023060251014479213,7.31420872031112e-05
2009-06-15,0.00027219076198086275,0.0001627384052105304,0.00023504969472666907,0.00023841251845358862
2009-06-16,0.00020980401735485194,0.00017314120712598382,0.00022774863065667177,3.5748779472045026e-05
2009-06-17,0.00021248963823458132,0.00017358332773252056,0.00021326777976970882,0.00013418628903268264
2009-06-18,0.00019108097010720515,0.0001731695145866814,0.0002137768957990919,0.0001049508334666841
2009-06-19,0.00019159939576847258,0.00018059529918153304,0.00020229453303051016,8.968000331874523e-05
2009-06-22,0.00018073332552260134,0.0001808337353210725,0.00019322145355638606,0.00011521267985357762
2009-06-23,0.0001782463456052897,0.00018358269101120865,0.0001914762303534681,7.058215111444102e-05
2009-06-24,0.00020638320422198763,0.00017782457557297956,0.00019402427519356406,0.00022507598235611728
2009-06-25,0.0001823674412167318,0.00017689199635567706,0.00019258711894194262,8.276000100481337e-05
2009-06-26,0.0001737809416930232,0.00018022009615015948,0.00017543087058054577,6.758731734933026e-05
2009-06-29,0.00016732546871417258,0.0001801662349544631,0.00015548227679102115,8.4830095040903e-05
2009-06-30,0.0001837182453641411,0.0001850534810887639,0.00015108127293593645,0.00016096629392325159
2009-07-01,0.00016651411627033436,0.0001828776564183116,0.00015249931649933532,0.00011279485171711261
2009-07-02,0.00022758314681222555,0.00016488336824903248,0.00016895787297963564,0.0005549402162516859
2009-07-06,0.00021774234156100812,0.00016012934364434015,0.00017032606802116582,0.0001510544192655516
2009-07-07,0.00017960237477447437,0.00016321058343330775,0.00015946370884313178,3.837279835660198e-05
2009-07-08,0.000217223318588898,0.00015566188691948517,0.00015816192522954178,0.00026441770016096087
2009-07-09,0.0001946471216373304,0.00016246658205438868,0.00015792016315321956,9.808229883685298e-05
2009-07-10,0.00017300711559949447,0.00016031230388699542,0.000144482055525208,0.00011026837614336698
2009-07-13,0.0001920490046832731,0.00015041149280496937,0.00014649142811697232,0.00026325429813499487
2009-07-14,0.00018309149097394582,0.0001540155485034508,0.00014696516418737785,8.309054468162713e-05
2009-07-15,0.00023537324437793912,0.00013407623821458928,0.00016273840521053039,0.0005696505799397926
2009-07-16,0.00023863560737128164,0.0001316497357027509,0.00017314120712598395,0.0002542076196965694
2009-07-17,0.00023936808991946185,0.00014384666931281816,0.00017358332773252056,0.00014347082176995122
2009-07-20,0.0002128294953129156,0.0001416970659264123,0.0001731695145866814,9.626075740406209e-05
2009-07-21,0.00025372406434574904,0.00013707112085368473,0.000180595299181533,0.00024562147981062896
2009-07-22,0.0002132648256598347,0.00013381147949269586,0.00018083373532107246,0.00012021983878390585
2009-07-23,0.0002034513010203849,0.00013307248457260042,0.00018358269101120882,0.00012831022060730453
2009-07-24,0.0001966100280527209,0.00013269489027753527,0.00017782457557297967,0.0001041555581533052
2009-07-27,0.0001769532855518713,0.00013519242876346152,0.0001768919963556769,6.317583744145511e-05
2009-07-28,0.00018119593307234008,0.00013185626817046516,0.00018022009615015935,0.00013747741303346233
2009-07-29,0.00017011672054336602,0.00013648247105047917,0.00018016623495446305,8.369900993128015e-05
2009-07-30,0.00020118486700427225,0.00013243452082467873,0.00018505348108876403,0.0002635984627435726
2009-07-31,0.00017185507820178256,0.0001357183795871884,0.0001828776564183116,6.710253363761138e-05
2009-08-03,0.0002028227485171173,0.00014830779645849023,0.00016488336824903245,0.00017706016469682377
2009-08-04,0.00016274501922545207,0.00014890443418956237,0.0001601293436443401,5.1219902567012284e-05
2009-08-05,0.0001733870464758147,0.00014988701164430645,0.00016321058343330783,0.00010307883392492397
2009-08-06,0.00016476227872700086,0.00014731761065296797,0.00015566188691948528,0.00010589507337068797
2009-08-07,0.00019403609393907456,0.00014138494790149781,0.00016246658205438868,0.00024098089666982375
2009-08-10,0.0001606389394786899,0.0001412529511924767,0.0001603123038869955,6.50285346281105e-05
2009-08-11,0.0001575302392178303,0.00014299053015550233,0.00015041149280496928,5.533726541244402e-05
2009-08-12,0.00017518226874291433,0.00013782609669064206,0.00015401554850345074,0.00015877571434973783
2009-08-13,0.00018155023694294657,0.0001421966020704146,0.00013407623821458923,0.00015092506387370051
2009-08-14,0.00017969501451406606,0.00013658763472892675,0.0001316497357027509,0.00020325106694796494
2009-08-17,0.00022067111346896936,0.00012075782876035702,0.0001438466693128182,0.0003996064275813649
2009-08-18,0.00018337628912480503,0.0001231865211402068,0.0001416970659264123,5.111908628953765e-05
2009-08-19,0.00019973299099273938,0.00011732563780963501,0.00013707112085368484,0.00014847663328335252
2009-08-20,0.00016410660599092038,0.00012109380164016958,0.00013381147949269597,5.176737020313939e-05
2009-08-21,0.00016611442703281986,0.00011868244537357657,0.0001330724845726004,0.00011279132728529728
2009-08-24,0.0001457073182585081,0.00012084654460685468,0.00013269489027753538,9.62260779569405e-05
2009-08-25,0.0001574580238912214,0.00012083372997420104,0.0001351924287634615,0.00011562414564590323
2009-08-26,0.00014216206399942302,0.00012121879828693036,0.00013185626817046505,6.741804058053681e-05
2009-08-27,0.00017007618754341172,0.00011508588717590044,0.00013648247105047906,0.00018084927041157428
2009-08-28,0.00017878392963555702,0.00010959211957575615,0.00013243452082467862,0.0001785915080017639
2009-08-31,0.00017767713655843722,0.00011127647643679802,0.00013571837958718843,0.00013606356765031698
2009-09-01,0.00022404811442817814,0.0001525796720466703,0.00014830779645849023,0.0004414379189941612
2009-09-02,0.0001886733509765273,0.0001566792230857183,0.00014890443418956226,6.374929491952534e-05
2009-09-03,0.00019592028588847924,0.0001553377948826544,0.00014988701164430653,0.0001237129604745537
2009-09-04,0.00016415381824924646,0.00015896171073655422,0.00014731761065296797,5.193765255257827e-05
2009-09-08,0.00017276031686486182,0.00015459296759776285,0.0001413849479014979,0.00011639497888895199
2009-09-09,0.0001374825474121305,0.00015769748699553504,0.0001412529511924767,6.225660373866534e-05
2009-09-10,0.00014673256823526402,0.00015438349403859241,0.00014299053015550222,9.182642363598011e-05
2009-09-11,0.0001303105577966257,0.00015436165141907322,0.00013782609669064208,5.0322611587675127e-05
2009-09-14,0.00016730544837568337,0.0001453108474028223,0.0001421966020704146,0.00024270567684892328
2009-09-15,0.0001491276774686727,0.0001580104401198619,0.00013658763472892672,8.546275277671935e-05
2009-09-16,0.00014417792899192158,0.00015613270645782026,0.00012075782876035709,6.718050224140255e-05
2009-09-17,0.00014620884926795738,0.00015680907738339965,0.00012318652114020682,0.00010212162626638183
2009-09-18,0.000122901407568291,0.0001585959420311479,0.00011732563780963492,2.539808334134278e-05
2009-09-21,0.0001323436004521948,0.00015527830909026818,0.00012109380164016961,0.00013089881064436788
2009-09-22,0.00012235953645428494,0.00016321954802468448,0.00011868244537357649,6.215284568684177e-05
2009-09-23,0.00013881004356377,0.00016370442456431242,0.00012084654460685462,0.00014167216185578132
2009-09-24,0.00013783021339463925,0.00016296129212577551,0.00012083372997420108,0.00011535503836017915
2009-09-25,0.00014429407694774735,0.000172195420269161,0.00012121879828693039,7.550447514785211e-05
2009-09-28,0.00012979929763954416,0.00017217792726243033,0.0001150858871759004,5.20581370799449e-05
2009-09-29,0.0001292469608361365,0.00017284456963735306,0.00010959211957575624,6.322238839873612e-05
2009-09-30,0.00014135568326337897,0.00017062578557098184,0.00011127647643679802,0.00017143506173219398
2009-10-01,0.00020854584005158586,0.00011449007670433522,0.00015257967204667037,0.0013088050268014809
2009-10-02,0.0001830706142027166,0.00012060769389803475,0.0001566792230857182,0.00014983986673952962
2009-10-05,0.00018710458425138255,0.00011921151717925242,0.00015533779488265446,9.554296821021567e-05
2009-10-06,0.00020238115788854231,0.00012222951695885982,0.00015896171073655435,0.00012803988548447555
2009-10-07,0.00015115253843892685,0.0001248798112154794,0.00015459296759776293,2.4651372974332427e-05
2009-10-08,0.0001426082601683694,0.00012250422042844755,0.0001576974869955351,0.00012745151109188038
2009-10-09,0.00010540183139381661,0.00012516874750943184,0.0001543834940385925,2.2232571540185255e-05
2009-10-12,0.00010517325916416915,0.00012473898145214573,0.00015436165141907325,4.9863916577771e-05
2009-10-13,9.85308751017927e-05,0.00012704755660822994,0.00014531084740282223,5.263879250765246e-05
2009-10-14,0.00014131429466867265,0.00011521810940221353,0.000158010440119862,0.00035215419983455464
2009-10-15,0.00010120318772026093,0.0001176074637675627,0.00015613270645782013,2.774809533852312e-05
2009-10-16,0.00012987426926851266,0.00011696900923314363,0.0001568090773833998,0.00011632541570355477
2009-10-19,0.0001251129907569631,0.00011575585566187811,0.00015859594203114798,6.292224094405429e-05
2009-10-20,0.00012851814273803346,0.00011483880121784629,0.00015527830909026815,6.122851888589174e-05
2009-10-21,0.00013870749266894008,0.0001145751010420012,0.00016321954802468462,0.00022891886330958798
2009-10-22,0.00015646809617102041,0.00010970395132029938,0.00016370442456431256,0.00015185456918796758
2009-10-23,0.00014864858095727407,0.0001152070512613695,0.00016296129212577546,9.974925715090017e-05
2009-10-26,0.00018234333567290336,0.00010644849459567909,0.0001721954202691611,0.00026942116615895036
2009-10-27,0.00015805421036844616,0.00010502092307228005,0.0001721779272624302,5.1690783938595925e-05
2009-10-28,0.00015065928421935292,0.00014263768263561954,0.00017284456963735295,7.722187827211443e-05
2009-10-29,0.0001557834302938243,0.00014739881225046887,0.00017062578557098195,0.00012484059633840328
2009-10-30,0.0001586683999062336,0.00014640239505400417,0.00011449007670433528,0.00012995514060190022
2009-11-02,0.00016330485275353474,0.0001357293123642015,0.00012060769389803485,0.00027830982780722063
2009-11-03,0.00014735395218202235,0.00013770042254962326,0.00011921151717925245,6.622325711578506e-05
2009-11-04,0.0001735144086190211,0.00014640181423602506,0.00012222951695885987,0.0001914178808562317
2009-11-05,0.0001557425894132466,0.00014483510402314408,0.00012487981121547933,8.030755236334078e-05
2009-11-06,0.0001525405790975417,0.00014799369715111173,0.00012250422042844747,7.756410456421137e-05
2009-11-09,0.00013684079401486687,0.00014687965884451403,0.00012516874750943192,7.81876402408588e-05
2009-11-10,0.0001270526417898689,0.00014770856894724219,0.00012473898145214563,4.083882937475881e-05
2009-11-11,0.00013102817978720758,0.00014495826456243475,0.00012704755660823,0.00010111887078542413
2009-11-12,0.0001357229593379293,0.00014439299955200393,0.00011521810940221356,0.00010373580850820937
2009-11-13,0.00012907788140965567,0.00014294564741318673,0.00011760746376756266,7.792453701085424e-05
2009-11-16,0.0001381202466126061,0.00014009283549399335,0.00011696900923314368,0.0001029178704807564
2009-11-17,0.0001245067662334986,0.00014164065062005363,0.00011575585566187816,3.7446015947478635e-05
2009-11-18,0.0001162656429079077,0.00014306192318682407,0.0001148388012178463,4.197037556122293e-05
2009-11-19,0.0001433281919609836,0.00013494000148840695,0.00011457510104200127,0.00022338115961684148
2009-11-20,0.00012009557522745942,0.00013332722729076055,0.00010970395132029944,4.9560425032229755e-05
2009-11-23,0.00014267257576746362,0.00012427647925079296,0.00011520705126136954,0.00021531435591337194
2009-11-24,0.00014188198655814942,0.00012095424945976706,0.00010644849459567904,8.549147617944986e-05
2009-11-25,0.00011618614243540391,0.00012154449498906945,0.00010502092307227998,2.1711781947216137e-05
2009-11-27,0.000178069842903334,8.06172412326681e-05,0.0001426376826356196,0.0008671738291022458
2009-11-30,0.00018555876727282674,7.060654194892597e-05,0.0001473988122504689,0.00022482431825023903
2009-12-01,0.00016661170081490052,6.60659870130811e-05,0.00014640239505400422,0.00010903037947614192
2009-12-02,0.00015028116950919172,7.292576517941458e-05,0.00013572931236420147,5.4175091321362624e-05
2009-12-03,0.00017547926927586458,6.908641880502393e-05,0.0001377004225496232,0.00010761657100964139
2009-12-04,0.0001861098924038177,5.189154420694695e-05,0.00014640181423602498,0.00037414710627066904
2009-12-07,0.0001382269859119656,5.141637262401718e-05,0.00014483510402314397,4.7406637892839665e-05
2009-12-08,0.0001547856083841737,4.579418846434712e-05,0.00014799369715111176,0.00014389456025153515
2009-12-09,0.00014351265309979751,4.568955134917756e-05,0.00014687965884451398,5.479283580230501e-05
2009-12-10,0.00013663858879150534,4.672245816521373e-05,0.0001477085689472423,5.8245941532053666e-05
2009-12-11,0.00011328427831245062,4.877977753398915e-05,0.0001449582645624348,4.3362478704466836e-05
2009-12-14,0.0001256516255133211,4.508823076807645e-05,0.00014439299955200382,9.186524328915895e-05
2009-12-15,0.00010826129505240034,4.592879457009821e-05,0.00014294564741318663,4.753014209569329e-05
2009-12-16,0.00010424946595140348,4.442631491020257e-05,0.00014009283549399335,4.3008820177697126e-05
2009-12-17,0.00010868426689488176,4.801631774673856e-05,0.00014164065062005366,6.995013359474485e-05
2009-12-18,0.00011470888214552285,4.917280531092331e-05,0.00014306192318682418,7.181709946340386e-05
2009-12-21,0.00010796573924286939,5.39020675552762e-05,0.000134940001488407,5.2820803950081345e-05
2009-12-22,8.611930405445688e-05,5.875269684891519e-05,0.0001333272272907605,1.5692166881652863e-05
2009-12-23,8.45382362909769e-05,6.377588644688072e-05,0.000124276479250793,2.524864707405475e-05
2009-12-24,6.91319859218693e-05,6.906212096782688e-05,0.00012095424945976705,1.5724650567904405e-05
2009-12-28,6.771839781982417e-05,7.441695690422239e-05,0.00012154449498906948,3.410693806256746e-05
2009-12-29,5.1412880409896965e-05,8.35490947595402e-05,8.061724123266808e-05,7.701500217816522e-06
2009-12-30,4.933154505513422e-05,8.939487053868956e-05,7.060654194892602e-05,1.4599633291655855e-05
2009-12-31,4.429244487978964e-05,9.226850041094648e-05,6.606598701308113e-05,1.3678725823399081e-05
2010-01-04,6.596123598771299e-05,8.580934918896487e-05,7.292576517941462e-05,0.0001982304328143658
2010-01-05,5.542417194701427e-05,8.813633596720654e-05,6.908641880502395e-05,2.6990297147437502e-05
2010-01-06,5.256400729271747e-05,0.00010545864328409235,5.189154420694696e-05,1.305473971105211e-05
2010-01-07,5.820627319684111e-05,0.00010756361658794769,5.1416372624017156e-05,3.742803465131367e-05
2010-01-08,5.882604083930851e-05,0.00012010097449305307,4.579418846434711e-05,2.5828692898464395e-05
2010-01-11,5.474561378432776e-05,0.00012260529354887973,4.568955134917755e-05,5.2595456383744226e-05
2010-01-12,6.180274554964268e-05,0.0001244175949094199,4.6722458165213773e-05,7.993698466881436e-05
2010-01-13,7.250787521951351e-05,0.00012897142601486368,4.8779777533989154e-05,8.656618544874989e-05
2010-01-14,5.7941954499264193e-05,0.00013951123784912902,4.508823076807648e-05,1.4342761204992764e-05
2010-01-15,6.885663102318094e-05,0.0001386794213912207,4.5928794570098226e-05,6.518198193814988e-05
2010-01-19,5.256401332139902e-05,0.00013934262533427707,4.44263149102026e-05,1.1456747319889065e-05
2010-01-20,6.759384988803369e-05,0.00013510970931892958,4.801631774673852e-05,0.00014534019316199927
2010-01-21,6.658238630157318e-05,0.0001321441005178032,4.9172805310923337e-05,9.61033383112848e-05
2010-01-22,8.381409012897821e-05,0.00012861294810914716,5.390206755527621e-05,0.00015213531108149175
2010-01-25,8.75075093978119e-05,0.00012509953804297645,5.87526968489152e-05,0.00011755538204807165
2010-01-26,0.00011042603811269298,0.0001312291151031476,6.377588644688076e-05,0.00013073562863133155
2010-01-27,0.00011255043401146023,0.0001273711181403791,6.906212096782687e-05,0.00012673557550777246
2010-01-28,0.00012279207506362276,0.00012162876202753009,7.441695690422234e-05,0.00014655849272687227
2010-01-29,0.00013271548137690092,0.00011403428286085365,8.354909475954018e-05,0.00019947639517949123
2010-02-01,0.00013848680062862088,0.00010951444286354565,8.939487053868963e-05,0.00013736092465379458
2010-02-02,0.00013097312686239152,0.00010725194938368248,9.226850041094645e-05,7.402495314079212e-05
2010-02-03,0.00012627644568500955,0.00010772689023169444,8.580934918896488e-05,6.258825715275306e-05
2010-02-04,0.00011935149459761345,0.0001044903767364391,8.81363359672065e-05,7.585701949051146e-05
2010-02-05,0.00014796066391985406,8.913615721634242e-05,0.00010545864328409242,0.0003768231933656565
2010-02-08,0.0001322278505016502,8.632044207004469e-05,0.00010756361658794772,8.163247403227502e-05
2010-02-09,0.00016734223030758706,7.429349799158237e-05,0.0001201009744930531,0.0002891132089056772
2010-02-10,0.00016673796306148876,7.113663270597677e-05,0.0001226052935488798,0.00010518615655610557
2010-02-11,0.0001767543591011545,6.786503183178108e-05,0.00012441759490941986,0.00011799531324015452
2010-02-12,0.00017512147076609102,6.0873911601394074e-05,0.00012897142601486357,0.00018219663866306804
2010-02-16,0.0001974840262946909,5.183748702640476e-05,0.00013951123784912908,0.00023567880972456853
2010-02-17,0.00015706888071784534,5.057894798209791e-05,0.0001386794213912206,4.771383632207169e-05
2010-02-18,0.00013205185627581718,6.0206463579816223e-05,0.00013934262533427704,2.5384030124074967e-05
2010-02-19,0.00013620328254715898,6.050661496824308e-05,0.00013510970931892956,5.644895683970162e-05
2010-02-22,0.00011201008781569405,6.062437223312313e-05,0.0001321441005178032,3.382555348763133e-05
2010-02-23,0.00010862358602292298,6.469593953976626e-05,0.00012861294810914714,7.798111049971468e-05
2010-02-24,0.00010105992475981902,6.814452172494343e-05,0.00012509953804297648,4.3773770658487806e-05
2010-02-25,0.00014150681885882757,5.877569827278955e-05,0.00013122911510314757,0.00025945674689492414
2010-02-26,0.0001202226801853027,5.912592810885106e-05,0.00012737111814037908,4.571763928963409e-05
2010-03-01,0.00010958722093815839,5.9439346025939535e-05,0.00012162876202753001,2.596901435704212e-05
2010-03-02,0.00010477307170202201,5.972690504267837e-05,0.00011403428286085362,3.999233267928716e-05
2010-03-03,0.0001017969890427114,6.230072564225165e-05,0.00010951444286354558,4.244428471032549e-05
2010-03-04,8.01368225335885e-05,6.283465302926981e-05,0.0001072519493836825,2.6512590063667608e-05
2010-03-05,8.924584871093594e-05,6.068753945246149e-05,0.00010772689023169449,7.256201496100454e-05
2010-03-08,6.661594800726335e-05,6.42458728474208e-05,0.00010449037673643901,7.890236090146435e-06
2010-03-09,7.793045121388208e-05,6.432035985370996e-05,8.913615721634242e-05,5.438458344362823e-05
2010-03-10,6.586780139330188e-05,6.411057670878298e-05,8.632044207004476e-05,2.250245596002428e-05
2010-03-11,6.879551903999881e-05,6.288842415182372e-05,7.429349799158242e-05,3.654738325796793e-05
2010-03-12,6.334576142428522e-05,6.309649951204798e-05,7.113663270597675e-05,3.889198555838655e-05
2010-03-15,7.290308884417937e-05,6.208166655373651e-05,6.786503183178114e-05,4.929169488204663e-05
2010-03-16,6.726174431914735e-05,6.109598093178129e-05,6.0873911601394114e-05,3.538311382494074e-05
2010-03-17,7.038292245549275e-05,6.652014354371715e-05,5.183748702640474e-05,4.5913893649791414e-05
2010-03-18,6.090864963472522e-05,6.872008193331169e-05,5.057894798209787e-05,2.1284516391627573e-05
2010-03-19,8.529394097460638e-05,6.216842989683301e-05,6.020646357981622e-05,0.00022756185767616017
2010-03-22,8.053970579089346e-05,6.1828141548461e-05,6.050661496824313e-05,6.275213599666682e-05
2010-03-23,7.686952848917773e-05,6.749763529969299e-05,6.062437223312318e-05,3.629845605011214e-05
2010-03-24,9.739395334243036e-05,6.107133763196634e-05,6.46959395397663e-05,0.00016348402393922043
2010-03-25,0.00010886411956103752,5.645043372281086e-05,6.81445217249434e-05,0.00011619399654720706
2010-03-26,9.460709858241259e-05,6.339433763996713e-05,5.877569827278953e-05,6.271145439969263e-05
2010-03-29,8.941202581973993e-05,6.5518863463981e-05,5.9125928108851065e-05,5.307246584692633e-05
2010-03-30,8.495060268434959e-05,6.65926340861365e-05,5.943934602593958e-05,3.2550790615901094e-05
2010-03-31,8.017159868163591e-05,6.55518688614619e-05,5.972690504267841e-05,4.603107203080256e-05
2010-04-01,8.500107273608122e-05,6.414985078857297e-05,6.230072564225163e-05,9.649451730136302e-05
2010-04-05,7.613888102847738e-05,7.274380489662872e-05,6.283465302926982e-05,3.772506519104975e-05
2010-04-06,7.083761227822564e-05,8.061370955619232e-05,6.068753945246154e-05,2.7472629848030577e-05
2010-04-07,8.263656857683832e-05,0.000442062211988775,6.42458728474208e-05,8.261523738429082e-05
2010-04-08,8.469803358665721e-05,0.0004735696563934616,6.432035985370993e-05,5.5948810575700054e-05
2010-04-09,6.722537692770127e-05,0.000554675659621679,6.411057670878292e-05,1.8097009916557074e-05
2010-04-12,5.813148435674923e-05,0.0005712321072540854,6.288842415182373e-05,1.0882179561824823e-05
2010-04-13,6.685183132530737e-05,0.0005716580548982152,6.309649951204801e-05,4.3261568123096634e-05
2010-04-14,5.9291344991441114e-05,0.0005743441126997902,6.208166655373647e-05,2.7980202757503942e-05
2010-04-15,4.991432537531909e-05,0.0005858903944486369,6.109598093178125e-05,1.4683715763881385e-05
2010-04-16,7.228651062093438e-05,0.0005990805106791935,6.652014354371715e-05,0.0001598213085004454
2010-04-19,7.834202403952242e-05,0.0006064447406237105,6.872008193331165e-05,6.748322257311211e-05
2010-04-20,8.700443382953977e-05,0.0006151013177389344,6.216842989683298e-05,8.997716491010808e-05
2010-04-21,8.594607599860467e-05,0.0006398526830579213,6.182814154846104e-05,5.5606080680855784e-05
2010-04-22,0.0001127027895137905,0.0006560280573939785,6.749763529969304e-05,0.00015535782482598443
2010-04-23,8.693064056541698e-05,0.0006623267934461933,6.107133763196637e-05,2.8531772916960325e-05
2010-04-26,7.359345168092096e-05,0.0007011798478423278,5.645043372281087e-05,1.915501445494152e-05
2010-04-27,9.419396782582949e-05,0.0007043650670778055,6.339433763996713e-05,0.0002085334366599738
2010-04-28,9.385180383472354e-05,0.0007198005497383996,6.551886346398103e-05,9.768750815121825e-05
2010-04-29,8.331936187196415e-05,0.0007213566670261031,6.659263408613646e-05,5.5099973681165394e-05
2010-04-30,7.705851925941409e-05,0.0007405660696423479,6.555186886146191e-05,2.417500231263702e-05
2010-05-03,9.18874745021132e-05,0.0007452214811104281,6.414985078857299e-05,6.705213777069556e-05
2010-05-04,0.00010207078411956296,0.0007405336247804747,7.27438048966287e-05,0.00021819810146021953
2010-05-05,0.00010997875807521993,0.0007593414981929471,8.06137095561923e-05,0.00019274062769886608
2010-05-06,0.00023313025526386775,0.00039878463012654405,0.000442062211988775,0.0076730337884685276
2010-05-07,0.00026472242394281163,0.00037352517491455635,0.00047356965639346147,0.0007176051430741162
2010-05-10,0.00038568090171415447,0.0003058426247771077,0.000554675659621679,0.001721323077709127
2010-05-11,0.00037915645527343284,0.00032657249852882555,0.0005712321072540854,0.00035856757984235605
2010-05-12,0.00030818663749666283,0.00032867920699535257,0.0005716580548982153,5.220646864982463e-05
2010-05-13,0.00023002421108333585,0.00033168288712817715,0.0005743441126997902,8.438741659057591e-05
2010-05-14,0.00024114079167159914,0.0003238832211999997,0.0005858903944486371,0.00025715563248966737
2010-05-17,0.00024163203619419725,0.0003067518463328949,0.0005990805106791936,0.0004368137493421316
2010-05-18,0.0002233549370054992,0.00030172128353799004,0.0006064447406237103,0.00022213205140796327
2010-05-19,0.0002638914451735492,0.00029023431941420965,0.0006151013177389345,0.000271765284329816
2010-05-20,0.00033415387518792816,0.00027618180933249584,0.0006398526830579214,0.0005753847523795818
2010-05-21,0.0003626546728726716,0.0002582662477775474,0.0006560280573939787,0.0004950406858831881
2010-05-24,0.0003101859873009899,0.00025535185278679877,0.0006623267934461936,0.00016080523001347257
2010-05-25,0.00041299265194877604,0.00021934076388454286,0.0007011798478423277,0.0008350691567737593
2010-05-26,0.00041239248519152506,0.00021258465336504038,0.0007043650670778057,0.00027542304060501063
2010-05-27,0.0004215403389833006,0.00019496779504749967,0.0007198005497383996,0.00042183264402368835
2010-05-28,0.00033208722562772555,0.000228162428302874,0.000721356667026103,8.777843672293788e-05
2010-06-01,0.0004156442450678591,0.00021673791300293332,0.000740566069642348,0.000427572457253782
2010-06-02,0.0003591830885621865,0.00022507926957147662,0.0007452214811104281,0.00016481577860037857
2010-06-03,0.0003345100000882777,0.00022556848183680485,0.0007405336247804747,0.00011975311853119714
2010-06-04,0.00039121889299005287,0.00021963051369636134,0.0007593414981929474,0.0005877059693607939
2010-06-07,0.00034460390203673775,0.0002183422953176366,0.0003987846301265441,0.00010133955907405841
2010-06-08,0.00031431096751455967,0.00021861241226771357,0.00037352517491455624,0.0001871565836223705
2010-06-09,0.00033342539807617726,0.00020521839430712968,0.0003058426247771077,0.0002999895248227087
2010-06-10,0.00040326578017022853,0.0001701258548029121,0.0003265724985288254,0.0007938949286284272
2010-06-11,0.0002967591203636352,0.00017283865022319056,0.00032867920699535273,9.644734644689826e-05
2010-06-14,0.0003209305607274279,0.00016903186426456927,0.00033168288712817715,0.0001474646993798881
2010-06-15,0.0002960586907049965,0.00017399722748990073,0.0003238832211999997,9.336264799794139e-05
2010-06-16,0.00025825781888661327,0.000175249437943707,0.0003067518463328947,7.705487713292646e-05
2010-06-17,0.00022524149698922315,0.0001748657296983233,0.0003017212835379903,0.00011649023271497045
2010-06-18,0.0001810660247330631,0.00018330385803860236,0.00029023431941420944,3.0539037730418155e-05
2010-06-21,0.0002220068729920137,0.0001758446365153087,0.0002761818093324957,0.00028028204066359356
2010-06-22,0.0002059168921947683,0.0001799081005160661,0.00025826624777754755,0.00011881389322927763
2010-06-23,0.00020054303056938206,0.00017801854717160387,0.0002553518527867986,9.96029352077445e-05
2010-06-24,0.0001889935096112886,0.00017638733064382522,0.00021934076388454272,7.883628982638552e-05
2010-06-25,0.00021334269776929587,0.00017356763814584797,0.00021258465336504047,0.00013354471969546317
2010-06-28,0.00016884372425637952,0.000173618582311538,0.00019496779504749956,5.187861935533003e-05
2010-06-29,0.0002443912656318458,0.00014712753551660991,0.00022816242830287417,0.0007848657350858037
2010-06-30,0.00023205701617516681,0.0001480321784466681,0.00021673791300293342,0.0001876576359550268
2010-07-01,0.0002702785304227867,0.00014597730750832955,0.00022507926957147654,0.00033998426653978486
2010-07-02,0.00024872752645655805,0.000141562699463315,0.00022556848183680499,0.0001300265761030939
2010-07-06,0.00033283215810328413,0.00012130874738893114,0.00021963051369636126,0.0004630086384114758
2010-07-07,0.0002316755622129417,0.00012036049105427947,0.0002183422953176366,7.428697312084031e-05
2010-07-08,0.00025359004571016714,0.00012101264093876731,0.00021861241226771338,0.00019282903957398221
2010-07-09,0.00016210563765801193,0.00012286826208353523,0.00020521839430712963,1.8715147650450368e-05
2010-07-12,0.00016124616434048621,0.0001283045112475109,0.00017012585480291197,5.695159903985646e-05
2010-07-13,0.0001556064864267065,0.00013377029252414235,0.0001728386502231905,0.0001534160502727471
2010-07-14,0.0001437332727562626,0.0001439419314045776,0.00016903186426456938,6.752219424884502e-05
2010-07-15,0.00015774095128052374,0.000136814194402365,0.0001739972274899006,0.00019763527572989658
2010-07-16,0.00017061539801283826,0.00013734377379447313,0.0001752494379437069,0.00010335129666285857
2010-07-19,0.0001809270253191749,0.00014033011759319002,0.00017486572969832316,0.00010843235956191199
2010-07-20,0.00019710434466988397,0.0001346076360536387,0.00018330385803860239,0.00020773973287628228
2010-07-21,0.00020330807133816953,0.00013504118756719295,0.00017584463651530865,0.00012363838867442492
2010-07-22,0.00021081247643450592,0.00012899985791394597,0.00017990810051606612,0.00020414663724518435
2010-07-23,0.00018114843912113757,0.00013054621336205482,0.00017801854717160393,5.992231497403886e-05
2010-07-26,0.00016298183807972387,0.00013812305061080643,0.00017638733064382516,4.458074274303088e-05
2010-07-27,0.00015581059452824403,0.0001431066175821296,0.00017356763814584784,7.433117723793965e-05
2010-07-28,0.0001398296476804036,0.00014478129349094451,0.000173618582311538,5.2948446834823274e-05
2010-07-29,0.00016295190808133405,0.0001535467990532906,0.00014712753551660991,0.00022855375239231408
2010-07-30,0.00017292119682834389,0.00014630832862940602,0.000148032178446668,0.00020665513748624632
2010-08-02,0.00020696608842538965,0.00013739351249676104,0.00014597730750832947,0.0002968319768346759
2010-08-03,0.00015979147493213968,0.00014583113388454998,0.00014156269946331515,3.731980715779301e-05
2010-08-04,0.0001522422557036269,0.0001452783121519521,0.00012130874738893119,3.767564484941317e-05
2010-08-05,0.00013511109586274075,0.00014953834749143144,0.00012036049105427943,5.437359009315276e-05
2010-08-06,0.00015318686039051245,0.00014152462656074464,0.00012101264093876731,0.00020652418714822788
2010-08-09,0.00011962634054073707,0.0001407863169147165,0.00012286826208353523,5.768319169057713e-05
2010-08-10,0.00015251187624919953,0.00013986021599557568,0.00012830451124751086,0.0001711128314833442
2010-08-11,0.0001886183330339328,0.00012807612873789957,0.00013377029252414238,0.000268197457082009
2010-08-12,0.00021663944762167375,0.00012059949993667692,0.00014394193140457748,0.00028112661073798203
2010-08-13,0.00016760062157907012,0.00012128907936281459,0.00013681419440236502,4.795279868343498e-05
2010-08-16,0.0001871192215755961,0.00011809085657609719,0.00013734377379447303,0.00011447246389712691
2010-08-17,0.00019506982578544867,0.00011149918345811347,0.00014033011759319013,0.0001711455793349708
2010-08-18,0.00016936565677983819,0.00010860419346540078,0.00013460763605363876,8.756762054570377e-05
2010-08-19,0.00016407363118992998,0.00010656845687482419,0.00013504118756719298,0.00013274297045906335
2010-08-20,0.00016143882406518035,0.00010596982485333599,0.000128999857913946,7.727871452699821e-05
2010-08-23,0.00015871981404796365,0.00010491004195848784,0.00013054621336205493,9.239577938432583e-05
2010-08-24,0.00017528110273066269,0.0001039538902753537,0.00013812305061080643,0.0002036943249668126
2010-08-25,0.00018690314079178324,0.00010200755844434474,0.00014310661758212953,0.00017898608363572512
2010-08-26,0.00017200325169768193,9.843596701727726e-05,0.0001447812934909444,8.81166409199351e-05
2010-08-27,0.00022886993007954976,8.648424951361765e-05,0.00015354679905329053,0.00041262936920158296
2010-08-30,0.00018260098313993,8.562319693105709e-05,0.0001463083286294061,5.464725858467321e-05
2010-08-31,0.00018198928837916058,8.891243861064613e-05,0.00013739351249676094,0.00010962083804912743
2010-09-01,0.00019327406537903707,8.424447420001014e-05,0.00014583113388454992,0.00021450985630136178
2010-09-02,0.0001484861476960965,8.763384553378232e-05,0.00014527831215195198,2.6066388464856386e-05
2010-09-03,0.00016116520784054044,8.695532270532363e-05,0.00014953834749143144,0.00014383433222222168
2010-09-07,0.0001404259387538944,8.623194431322865e-05,0.00014152462656074453,3.823604760380263e-05
2010-09-08,0.00012786030788211286,8.833158789782155e-05,0.00014078631691471656,4.217868912398965e-05
2010-09-09,0.0001404098852222546,8.355762866913583e-05,0.0001398602159955756,0.00015166471218138388
2010-09-10,0.00011331937669599519,8.36229293976536e-05,0.0001280761287378996,2.073162467081289e-05
2010-09-13,0.00012717342029779994,8.247359711637487e-05,0.00012059949993667697,0.0001241174059123071
2010-09-14,0.00012139080823444103,8.339473884801088e-05,0.00012128907936281451,6.24339666323236e-05
2010-09-15,0.00011975254597389315,8.435809334062304e-05,0.0001180908565760972,4.730978537606345e-05
2010-09-16,0.00010132130919831806,9.019841831962107e-05,0.00011149918345811343,3.272044385731124e-05
2010-09-17,9.80961178594453e-05,9.159703861781311e-05,0.00010860419346540078,2.6772830698738848e-05
2010-09-20,0.00010543873358720394,9.686207674161569e-05,0.00010656845687482413,8.999250205695309e-05
2010-09-21,0.0001015972956925633,9.710548100286406e-05,0.00010596982485333607,6.470744207574877e-05
2010-09-22,0.00010508835621097991,0.0001007243962742281,0.00010491004195848791,7.01403385925148e-05
2010-09-23,0.0001305957805823903,9.259568302302382e-05,0.00010395389027535371,0.0001836151396209945
2010-09-24,0.00014266199029927572,9.048502242799823e-05,0.00010200755844434466,0.00013811311518453456
2010-09-27,9.789582984540779e-05,9.205093964823319e-05,9.843596701727722e-05,1.3113220951519072e-05
2010-09-28,0.00012893474034840295,8.939720699251281e-05,8.648424951361758e-05,0.00016164330162473034
2010-09-29,0.00010442389841530996,9.172420640803699e-05,8.562319693105702e-05,3.6565154350901716e-05
2010-09-30,0.00012066946932648557,8.390725259674904e-05,8.891243861064606e-05,0.00017869491332049743
2010-10-01,0.00011538020484891466,8.50944012805762e-05,8.424447420001014e-05,0.0001164826036780073
2010-10-04,0.0001299534086902202,8.383244535677809e-05,8.76338455337823e-05,9.724318647407184e-05
2010-10-05,0.00013484309280364367,8.407792106425005e-05,8.695532270532367e-05,0.0001295853528245903
2010-10-06,0.0001099410753019503,9.874861414345573e-05,8.623194431322861e-05,2.3045101369806738e-05
2010-10-07,0.00011729845208570928,9.530239872891964e-05,8.833158789782148e-05,8.627120440043966e-05
2010-10-08,0.00010644472102915686,9.42359848419469e-05,8.355762866913589e-05,5.141156837898623e-05
2010-10-11,8.605894300150626e-05,9.675989065630298e-05,8.362292939765364e-05,2.210293996968598e-05
2010-10-12,9.789539759052345e-05,9.64042570117736e-05,8.247359711637483e-05,9.998142800545205e-05
2010-10-13,0.00010499456999496058,9.766359107628204e-05,8.339473884801091e-05,8.17779429966811e-05
2010-10-14,0.00010173646985072959,0.00010073588351527576,8.435809334062297e-05,6.75402297209169e-05
2010-10-15,0.00012055745353855082,9.547843278685535e-05,9.019841831962104e-05,0.00015536726841627042
2010-10-18,0.00012055400752290408,9.882414014932312e-05,9.159703861781318e-05,5.614385696077419e-05
2010-10-19,0.00014572705653637192,9.054425360578923e-05,9.68620767416157e-05,0.0002005583026568056
2010-10-20,0.00013200247237247554,9.308958390278305e-05,9.710548100286403e-05,6.98189315619638e-05
2010-10-21,0.00015039392271338795,8.846278123732355e-05,0.00010072439627422804,0.0001461375592911592
2010-10-22,0.00010021000251241527,9.349643134029414e-05,9.259568302302386e-05,1.2912161345706704e-05
2010-10-25,0.00011937427692675988,9.745818047280168e-05,9.048502242799819e-05,9.378924268899568e-05
2010-10-26,9.915647394829146e-05,9.733527449618138e-05,9.205093964823315e-05,4.599748257645299e-05
2010-10-27,0.00011357300806857702,9.808058793521727e-05,8.939720699251275e-05,0.00010591491585460217
2010-10-28,0.00010603142249631707,9.904174539463671e-05,9.172420640803696e-05,8.543214207691002e-05
2010-10-29,9.158461636051266e-05,0.00010619570471787716,8.390725259674904e-05,1.4538883283450947e-05
2010-11-01,0.00011216086870195816,0.00011004406247152488,8.509440128057613e-05,0.00014141272603837622
2010-11-02,0.00010868565680760613,0.00010753120225860182,8.383244535677805e-05,7.074211207431217e-05
2010-11-03,0.00011705089488894908,0.0001021442500043838,8.407792106425003e-05,0.000134740342681502
2010-11-04,0.0001412962048858368,8.705898482590528e-05,9.874861414345565e-05,0.00033112965603312436
2010-11-05,0.0001090190271713826,9.127165451531493e-05,9.530239872891966e-05,1.390068069518433e-05
2010-11-08,0.00010052660155297462,9.165292262864657e-05,9.423598484194687e-05,2.9016876752557607e-05
2010-11-09,0.00010950921142957808,9.1161729708281e-05,9.675989065630305e-05,7.510496207116551e-05
2010-11-10,0.00011125204485567966,8.832560594704011e-05,9.640425701177367e-05,9.251312147033519e-05
2010-11-11,0.0001038166919883336,8.452350223516663e-05,9.766359107628208e-05,0.0001082239583513578
2010-11-12,0.00012572831271229454,7.970225661116815e-05,0.00010073588351527574,0.0001320583709397837
2010-11-15,0.00011851825204599061,7.932831520750796e-05,9.547843278685534e-05,4.496080311944236e-05
2010-11-16,0.0001329529188950502,7.495211710483066e-05,9.882414014932314e-05,0.0001264037115725974
2010-11-17,0.00010592504755565752,7.593905278570923e-05,9.054425360578917e-05,2.6680685242592224e-05
2010-11-18,0.00011933563217403558,7.192410932391938e-05,9.308958390278305e-05,0.0001232708677988353
2010-11-19,0.00010250539251763924,7.036353535935635e-05,8.846278123732362e-05,4.897470331651136e-05
2010-11-22,0.00011751095469767862,6.485878829395315e-05,9.349643134029413e-05,0.0001186188135080872
2010-11-23,0.00013014479426992577,5.6894160437922246e-05,9.745818047280172e-05,0.00017698597447165525
2010-11-24,0.00011947921425889203,5.5894645110885e-05,9.73352744961814e-05,4.341645706742669e-05
2010-11-26,0.00013150267605291965,5.070985389423504e-05,9.808058793521735e-05,0.00012156649807435683
2010-11-29,0.00013771550145726905,4.59374333452186e-05,9.904174539463676e-05,0.00010561644872471774
2010-11-30,0.00014781362299195233,3.869534484659694e-05,0.00010619570471787723,0.0001647720290715004
2010-12-01,0.00016207583597458523,2.8598856594769508e-05,0.00011004406247152478,0.00022222823886497482
2010-12-02,0.00012054642644816098,3.6008084186767005e-05,0.00010753120225860179,1.7972047602929465e-05
2010-12-03,0.00010514432557908613,3.79281880588447e-05,0.00010214425000438387,2.1614345342925995e-05
2010-12-06,8.41974673686087e-05,3.840640865137895e-05,8.705898482590528e-05,1.4339087285073591e-05
2010-12-07,9.22561061828379e-05,3.4478629382752896e-05,9.127165451531501e-05,0.00010236674417278884
2010-12-08,7.621267523550656e-05,3.732502539757291e-05,9.16529226286466e-05,3.702350713252125e-05
2010-12-09,8.880478517151895e-05,3.6358257653911715e-05,9.116172970828105e-05,6.478991074348885e-05
2010-12-10,8.566615304640003e-05,3.637601619394332e-05,8.832560594704015e-05,3.295452248427595e-05
2010-12-13,8.708490711890398e-05,3.9447847370745576e-05,8.452350223516665e-05,2.8379780402014648e-05
2010-12-14,7.825946952195694e-05,3.8580199116700104e-05,7.970225661116815e-05,3.081221283581498e-05
2010-12-15,7.746748208212531e-05,3.731652869696544e-05,7.932831520750789e-05,3.7108033642576915e-05
2010-12-16,7.315508584582169e-05,3.6081011261648714e-05,7.495211710483062e-05,3.450355141637475e-05
2010-12-17,7.554527103307025e-05,3.5810176901110525e-05,7.59390527857093e-05,4.74063345410445e-05
2010-12-20,7.675145699702116e-05,3.6914038560372214e-05,7.192410932391944e-05,3.895705510124832e-05
2010-12-21,6.584255220130448e-05,3.891641316818586e-05,7.03635353593563e-05,1.62026500606853e-05
2010-12-22,4.561498012723265e-05,3.927607703745772e-05,6.485878829395318e-05,3.0191251346216433e-06
2010-12-23,4.322341246966746e-05,4.129316671869194e-05,5.689416043792222e-05,9.728789495005025e-06
2010-12-27,4.182155810563367e-05,4.14434267203664e-05,5.5894645110884956e-05,2.2426635199644346e-05
2010-12-28,3.601845226037755e-05,4.149668139816441e-05,5.0709853894235016e-05,1.2685882524708014e-05
2010-12-29,2.9329690263303127e-05,4.4467890043574425e-05,4.593743334521857e-05,5.3956171953723416e-06
2010-12-30,3.3374378919388694e-05,4.528897556458108e-05,3.8695344846596965e-05,1.2688170600446784e-05
2010-12-31,3.122634490651762e-05,4.78207016620798e-05,2.85988565947695e-05,1.020198557659808e-05
2011-01-03,4.4683003462622644e-05,4.0339599888607594e-05,3.6008084186766985e-05,0.0001735658270348766
2011-01-04,4.765294371383652e-05,4.029038853379028e-05,3.792818805884469e-05,6.193652665655769e-05
2011-01-05,4.9815049861740845e-05,4.0728471223350115e-05,3.8406408651378956e-05,2.4381719728293317e-05
2011-01-06,5.1042623736746596e-05,4.11560898933709e-05,3.4478629382752896e-05,1.9883379531641625e-05
2011-01-07,6.778489264635547e-05,3.7516529659402334e-05,3.732502539757291e-05,9.679782344374138e-05
2011-01-10,5.803555570569569e-05,3.724418829429166e-05,3.635825765391175e-05,4.448778812660449e-05
2011-01-11,5.355788961783049e-05,3.808168746827524e-05,3.6376016193943314e-05,3.3327451824938826e-05
2011-01-12,6.512760059461387e-05,3.518511158576099e-05,3.9447847370745597e-05,9.288823511486246e-05
2011-01-13,5.338896384001885e-05,3.497476829176643e-05,3.8580199116700125e-05,1.2591599500860145e-05
2011-01-14,4.3812782512370635e-05,3.63419768762131e-05,3.731652869696542e-05,1.057095482814813e-05
2011-01-18,3.710561843633091e-05,3.718834297205068e-05,3.608101126164869e-05,8.557685274723542e-06
2011-01-19,4.2621149769670154e-05,3.636058769198101e-05,3.5810176901110545e-05,4.1718812969743346e-05
2011-01-20,4.284399292174568e-05,3.395920408149637e-05,3.69140385603722e-05,6.213814994574326e-05
2011-01-21,4.8130548405888736e-05,4.8597195074494124e-05,3.891641316818585e-05,5.8252516824771724e-05
2011-01-24,4.202411642074286e-05,5.25055132132673e-05,3.927607703745771e-05,1.057206638933084e-05
2011-01-25,5.693646986408332e-05,5.4940709302549346e-05,4.129316671869197e-05,5.208767280092443e-05
2011-01-26,5.297634638643289e-05,5.496656464564286e-05,4.144342672036642e-05,2.558209523480792e-05
2011-01-27,4.474599187545956e-05,5.610447609039251e-05,4.149668139816441e-05,1.3804230758465782e-05
2011-01-28,5.2701677714619825e-05,5.453555421979034e-05,4.446789004357441e-05,6.779099874898227e-05
2011-01-31,5.534384150861324e-05,5.59599821126664e-05,4.528897556458105e-05,2.9930966541586018e-05
2011-02-01,6.129042172178394e-05,5.73437985043261e-05,4.782070166207984e-05,6.336823362407292e-05
2011-02-02,5.403866425994632e-05,6.158721103135086e-05,4.03395998886076e-05,1.646268979195961e-05
2011-02-03,6.537527762952461e-05,6.453492437809076e-05,4.029038853379025e-05,6.090308820539326e-05
2011-02-04,5.8599682073547456e-05,6.697215904787036e-05,4.0728471223350095e-05,3.3581456209050045e-05
2011-02-07,5.796063350174928e-05,6.786940538153334e-05,4.1156089893370915e-05,2.8863371602078855e-05
2011-02-08,5.186444965375748e-05,7.326043446433968e-05,3.7516529659402354e-05,2.036705853040165e-05
2011-02-09,5.7065836809002696e-05,7.437146231755461e-05,3.7244188294291676e-05,3.876861945928021e-05
2011-02-10,5.762389547069539e-05,7.717392210044381e-05,3.808168746827526e-05,5.091493447859407e-05
2011-02-11,5.540873658666476e-05,0.00011690925057983127,3.5185111585761e-05,3.2060141582063064e-05
2011-02-14,4.339751058845607e-05,0.00012765037437580487,3.497476829176643e-05,8.174390326974147e-06
2011-02-15,5.246230314629294e-05,0.00013813324244680246,3.634197687621311e-05,3.928233510152843e-05
2011-02-16,5.030827426820197e-05,0.00014080956820466793,3.718834297205068e-05,2.6331373287312406e-05
2011-02-17,4.826364335755174e-05,0.0001476696685672444,3.6360587691981e-05,2.433595208828004e-05
2011-02-18,4.132797833497649e-05,0.0001475898443672359,3.395920408149634e-05,1.1709094125565514e-05
2011-02-22,7.376561289196564e-05,0.00013392480918892125,4.859719507449409e-05,0.00036565032767772433
2011-02-23,7.154427809805247e-05,0.00013394359345168686,5.250551321326727e-05,9.264674730356756e-05
2011-02-24,8.299502948758455e-05,0.00013073400191625483,5.4940709302549366e-05,0.00010322679067584846
2011-02-25,7.425566168515564e-05,0.0001306557175349857,5.496656464564286e-05,2.6125057439771362e-05
2011-02-28,8.378551823245569e-05,0.00013070412141778573,5.6104476090392516e-05,3.770037109820869e-05
2011-03-01,7.138189770308644e-05,0.0001311946101898817,5.453555421979032e-05,3.484363946633613e-05
2011-03-02,7.181948556886926e-05,0.00012883979949058656,5.59599821126664e-05,5.984395229198358e-05
2011-03-03,7.523156239782013e-05,0.00012734397247881102,5.734379850432615e-05,9.242837784892747e-05
2011-03-04,8.501423357939017e-05,0.00012335130402860202,6.158721103135083e-05,0.00010557435285947835
2011-03-07,9.749090810987858e-05,0.00011904240884144986,6.45349243780908e-05,0.00012280506848693224
2011-03-08,0.00010185325008125478,0.00011730534558847959,6.697215904787034e-05,8.476338427442065e-05
2011-03-09,9.660462525238644e-05,0.00011752241040960958,6.786940538153335e-05,4.7705544609002154e-05
2011-03-10,0.00011045581899858122,0.00011470534541912354,7.326043446433974e-05,0.00013357866926933548
2011-03-11,0.00010250749760858281,0.0001137458690274904,7.437146231755461e-05,6.210020437679274e-05
2011-03-14,0.00010827294611341268,0.00011134496229917113,7.717392210044381e-05,0.00010976658991926724
2011-03-15,0.0001583919333290255,7.284549592629588e-05,0.00011690925057983126,0.0008665020396491994
2011-03-16,0.00016764918807964698,6.54465046551095e-05,0.0001276503743758049,0.00023373799004242023
2011-03-17,0.00018971561361133573,5.443907818777163e-05,0.00013813324244680252,0.00025942256459247947
2011-03-18,0.00018035087512069772,6.53552321990083e-05,0.00014080956820466798,8.253421420248644e-05
2011-03-21,0.00020353026262263455,5.82887568619309e-05,0.00014766966856724444,0.00016839805970238583
2011-03-22,0.0001167770791110126,6.501025211402909e-05,0.00014758984436723585,1.0032785925384918e-05
2011-03-23,0.00013057719678872352,6.379913712188579e-05,0.00013392480918892116,7.86845889331161e-05
2011-03-24,0.00011943648109909971,6.006552853107685e-05,0.00013394359345168696,9.304121682164906e-05
2011-03-25,0.0001034786929745539,5.984760403763665e-05,0.00013073400191625483,3.5825368431774194e-05
2011-03-28,8.498696756999106e-05,6.096643959863103e-05,0.00013065571753498572,2.448108543311988e-05
2011-03-29,9.78010467627144e-05,5.9706662049077846e-05,0.00013070412141778562,3.871685263700625e-05
2011-03-30,9.534258130051399e-05,5.7918364146105376e-05,0.00013119461018988175,4.514390368035475e-05
2011-03-31,7.109546755291999e-05,5.950992125227028e-05,0.00012883979949058656,1.0392927606784663e-05
2011-04-01,8.446048645740069e-05,5.869836962883872e-05,0.00012734397247881094,6.101601060163933e-05
2011-04-04,7.53429789450468e-05,6.007933967218535e-05,0.00012335130402860191,2.1728315405088873e-05
2011-04-05,7.488292690299105e-05,6.476816895699123e-05,0.00011904240884144997,3.23182695567419e-05
2011-04-06,7.617429555782961e-05,7.144959459030271e-05,0.00011730534558847959,4.828505596204264e-05
2011-04-07,8.539928723224298e-05,7.031242065835982e-05,0.00011752241040960954,5.2263905852730585e-05
2011-04-08,8.974319204830673e-05,6.826549547325158e-05,0.00011470534541912364,7.442030446913172e-05
2011-04-11,8.818711404674334e-05,6.945821550681165e-05,0.00011374586902749035,4.195120015249372e-05
2011-04-12,9.45334008939548e-05,7.100462165597091e-05,0.00011134496229917114,5.9347548624563666e-05
2011-04-13,9.44741196029154e-05,7.092223285502965e-05,7.284549592629581e-05,5.8013245818817845e-05
2011-04-14,9.502314905879644e-05,7.21068172176094e-05,6.544650465510949e-05,7.835917334750726e-05
2011-04-15,7.874433794023349e-05,7.337633602567125e-05,5.443907818777161e-05,2.8266608778384298e-05
2011-04-18,0.00010955123054066389,6.010453459607372e-05,6.535523219900827e-05,0.0003117734484384562
2011-04-19,8.010390515043205e-05,6.155094270404416e-05,5.828875686193092e-05,2.000207762376138e-05
2011-04-20,9.97952184069392e-05,5.630879442306523e-05,6.501025211402909e-05,0.0001511841862194466
2011-04-21,9.263675570489413e-05,6.277754545971562e-05,6.379913712188578e-05,5.325117409810649e-05
2011-04-25,7.757097722410938e-05,6.359365712527588e-05,6.006552853107681e-05,1.4635436414660918e-05
2011-04-26,6.814968615179738e-05,6.525821989732672e-05,5.984760403763661e-05,3.124895406952997e-05
2011-04-27,7.539941812028332e-05,6.494162261732301e-05,6.096643959863103e-05,4.7976632214002656e-05
2011-04-28,5.599870937474936e-05,6.58102701657086e-05,5.9706662049077866e-05,1.2261524096389727e-05
2011-04-29,4.547260122782999e-05,7.22595952348185e-05,5.791836414610539e-05,7.5896477179327725e-06
2011-05-02,5.61391561230128e-05,7.470699514786327e-05,5.950992125227028e-05,4.3815626836247384e-05
2011-05-03,5.918186368183768e-05,7.514875976032009e-05,5.869836962883874e-05,4.3973426509576796e-05
2011-05-04,5.9850351912971546e-05,8.326567630456595e-05,6.0079339672185295e-05,5.0728686315366774e-05
2011-05-05,7.894252640497689e-05,7.89398634083628e-05,6.476816895699122e-05,0.00013078368453766628
2011-05-06,0.00010587086524173191,7.262835235289012e-05,7.144959459030276e-05,0.00018859499426158505
2011-05-09,8.804531924427109e-05,7.274276216902665e-05,7.031242065835982e-05,2.8383253281928575e-05
2011-05-10,8.575631256134367e-05,7.418093410546607e-05,6.826549547325162e-05,3.1434875581859564e-05
2011-05-11,9.244419006465253e-05,7.373844837013963e-05,6.94582155068117e-05,6.699832085725552e-05
2011-05-12,9.368853494249197e-05,7.176188248627334e-05,7.10046216559709e-05,9.182207775690683e-05
2011-05-13,8.266503508182828e-05,7.426551499649464e-05,7.092223285502959e-05,5.6283080999050664e-05
2011-05-16,9.604664925721515e-05,8.123464671948524e-05,7.21068172176094e-05,0.00010323544496168276
2011-05-17,9.469567308787043e-05,8.255725854526505e-05,7.337633602567119e-05,5.4926503747681964e-05
2011-05-18,8.687583383441618e-05,8.38308829787553e-05,6.0104534596073694e-05,3.3065618416908824e-05
2011-05-19,8.290512560446615e-05,8.317852061419228e-05,6.155094270404419e-05,5.037664789114191e-05
2011-05-20,8.092916721912331e-05,8.6439712030977e-05,5.630879442306523e-05,4.1099072318888393e-05
2011-05-23,9.526240313506569e-05,8.046344086145598e-05,6.277754545971563e-05,0.00018909494586776492
2011-05-24,7.925713611782607e-05,9.309125492600609e-05,6.35936571252759e-05,3.177378139142636e-05
2011-05-25,9.038750987456529e-05,9.131934541222672e-05,6.525821989732668e-05,6.620477228259651e-05
2011-05-26,8.648547063118029e-05,9.252524750530396e-05,6.4941622617323e-05,4.132808933392527e-05
2011-05-27,8.201991280617536e-05,9.258751964134176e-05,6.581027016570862e-05,3.0503122612487962e-05
2011-05-31,9.456408919635448e-05,8.893580851502105e-05,7.225959523481845e-05,0.00014302547416923913
2011-06-01,0.00010430157078108672,8.699036343535915e-05,7.47069951478633e-05,9.521102501018904e-05
2011-06-02,9.868158893267567e-05,8.726232208318049e-05,7.514875976032008e-05,5.3250483371169486e-05
2011-06-03,0.00012786299123644562,7.743391333759768e-05,8.3265676304566e-05,0.00022118393374453112
2011-06-06,0.00011423411359621515,7.697246617708432e-05,7.893986340836287e-05,3.9941613717400375e-05
2011-06-07,0.00010768735555789334,7.885444557077113e-05,7.262835235289007e-05,5.605326209665606e-05
2011-06-08,9.162350389632128e-05,8.857755396315985e-05,7.27427621690267e-05,3.0785859420798264e-05
2011-06-09,9.899000757804657e-05,9.523747802463055e-05,7.418093410546607e-05,6.163648624708615e-05
2011-06-10,9.040530218093437e-05,9.684162692533283e-05,7.373844837013966e-05,5.770612041540083e-05
2011-06-13,9.04968483854435e-05,0.00010047622321135739,7.17618824862733e-05,5.031419419571328e-05
2011-06-14,0.00010091985467980706,9.96984136255626e-05,7.42655149964946e-05,0.00010885936371369787
2011-06-15,0.00012860852581206096,9.16534433220247e-05,8.123464671948523e-05,0.00024958721114448634
2011-06-16,0.00012047516863216504,9.310262630796513e-05,8.255725854526512e-05,8.270135208905917e-05
2011-06-17,0.00011809812569335275,9.252379513129857e-05,8.383088297875534e-05,5.9811731520203706e-05
2011-06-20,0.00011150765179185503,9.16012542379303e-05,8.317852061419225e-05,3.667703823531691e-05
2011-06-21,0.00012287748903860233,9.269255494221582e-05,8.643971203097704e-05,0.00010958409207136893
2011-06-22,0.00010774695793689651,9.13891748615657e-05,8.046344086145592e-05,6.359325130782149e-05
2011-06-23,0.0001337798543800094,8.393047702757338e-05,9.309125492600601e-05,0.00029695787674697844
2011-06-24,0.00010655440760785286,8.351127105655229e-05,9.131934541222675e-05,2.8994672493231692e-05
2011-06-27,0.00011833771558902813,8.305286885260834e-05,9.252524750530393e-05,6.665203328854634e-05
2011-06-28,0.000101968105383083,8.691143641784016e-05,9.25875196413418e-05,3.1810837469283105e-05
2011-06-29,0.00010966039895135976,9.795676428099633e-05,8.893580851502108e-05,6.633954051650409e-05
2011-06-30,9.386445762988437e-05,0.00011441893666831286,8.699036343535912e-05,5.435667833728789e-05
2011-07-01,9.84526147169167e-05,0.00012041049108052884,8.726232208318047e-05,5.89616149754176e-05
2011-07-05,7.777257997618852e-05,0.00013728089778002482,7.743391333759772e-05,1.4787350087293518e-05
2011-07-06,7.863070532795419e-05,0.000150681351804591,7.69724661770843e-05,3.0251223346618796e-05
2011-07-07,8.942496971330529e-05,0.00020860350354201244,7.885444557077114e-05,9.557482936407968e-05
2011-07-08,0.00010920183770338203,0.00032314172109674974,8.857755396315984e-05,0.00023497113566096092
2011-07-11,0.0001223022289536884,0.000429910022745892,9.523747802463056e-05,0.0002014948915379713
2011-07-12,0.00013245098005041395,0.00046174616012662633,9.684162692533287e-05,9.139324733014937e-05
2011-07-13,0.00015271025170321068,0.0005078142727638487,0.00010047622321135742,0.00012664071620222867
2011-07-14,0.0001506125701504566,0.0005135451107137317,9.969841362556252e-05,9.252536241200497e-05
2011-07-15,0.00013725811946790114,0.0005152164127077154,9.165344332202477e-05,8.064283477019373e-05
2011-07-18,0.0001329815502280738,0.000523628761804893,9.31026263079651e-05,0.00011313419479380595
2011-07-19,0.00011774258033636405,0.0005324222718010525,9.252379513129858e-05,4.765627681020681e-05
2011-07-20,9.240578486690493e-05,0.0006360648716279434,9.160125423793026e-05,1.7303679474582326e-05
2011-07-21,0.00011308894293099792,0.0006733053015235793,9.269255494221576e-05,0.0001325014068613643
2011-07-22,9.490116402980206e-05,0.0006989027469634412,9.138917486156574e-05,3.6222269614170975e-05
2011-07-25,0.00010823440042813182,0.0007025687329846056,8.393047702757343e-05,0.00014032522223313989
2011-07-26,8.35819199286714e-05,0.0007050002956210602,8.351127105655222e-05,2.0191347101786665e-05
2011-07-27,9.957337207739518e-05,0.0007149161708884743,8.305286885260829e-05,5.7025587005723316e-05
2011-07-28,0.000104562610808375,0.000743152053478738,8.691143641784018e-05,0.00011284075633915279
2011-07-29,0.00013646643571018336,0.0007544832897655664,9.795676428099627e-05,0.0002982914256427824
2011-08-01,0.00015567654685531292,0.0007527051342334529,0.0001144189366683128,0.00040006229847093516
2011-08-02,0.000176558180461552,0.0007535432239625886,0.00012041049108052876,0.00018478425763195249
2011-08-03,0.00022012289895916135,0.0007454318550398624,0.00013728089778002476,0.00036906589077670925
2011-08-04,0.0002481244398908297,0.0007778062451664974,0.00015068135180459105,0.0003116607578625113
2011-08-05,0.00033003640729025444,0.0007593660238921113,0.00020860350354201228,0.001311940015849925
2011-08-08,0.00042435405783285444,0.0006472363038889434,0.0003231417210967496,0.0026402737043104444
2011-08-09,0.0005314976388478642,0.0005419057762256306,0.0004299100227458919,0.0024436292261699613
2011-08-10,0.0005271400760476108,0.0005322750857270007,0.00046174616012662633,0.0007599521323255706
2011-08-11,0.0006218150243056993,0.000492424383030984,0.0005078142727638487,0.001094071081583899
2011-08-12,0.0004887669056313635,0.0004889008748291738,0.0005135451107137319,0.00021287295935955183
2011-08-15,0.0003750375540790206,0.0005110225174125391,0.0005152164127077155,0.00011574017664385121
2011-08-16,0.000352971476778878,0.000511107050211751,0.0005236287618048931,0.0002897935258345339
2011-08-17,0.0003234620794364016,0.0005048861244563139,0.0005324222718010525,0.00023231998672955506
2011-08-18,0.0004320551553565709,0.00042055971893579044,0.0006360648716279433,0.0021937982758392866
2011-08-19,0.000485887470923198,0.00038518681178896443,0.0006733053015235795,0.0009145504346697246
2011-08-22,0.0005418970428157237,0.0003652607510606734,0.0006989027469634411,0.0005737686238512662
2011-08-23,0.0005117699634042111,0.00041238850694351226,0.0007025687329846057,0.0002173109286775991
2011-08-24,0.0004358030360540162,0.0004163269581760231,0.00070500029562106,7.12541624673232e-05
2011-08-25,0.00043418016379718984,0.0004283036007494505,0.0007149161708884746,0.0002652589676214321
2011-08-26,0.0004814129638597179,0.0004239236256043695,0.0007431520534787382,0.0007057942907346872
2011-08-29,0.0004837504090393771,0.00040849312797512654,0.0007544832897655663,0.0005362473876661721
2011-08-30,0.000489303665044687,0.000431012857972956,0.000752705134233453,0.0003627210322965584
2011-08-31,0.0004983102286040203,0.0004392984976116563,0.0007535432239625885,0.00020238414194379516
2011-09-01,0.0004880967735149091,0.0004547739117464463,0.0007454318550398624,0.00019872714339946304
2011-09-02,0.0005748889520307484,0.0004395777951761615,0.0007778062451664975,0.0009915229505218467
2011-09-06,0.000607421128614255,0.00040924731896285397,0.0007593660238921116,0.0009246953690878225
2011-09-07,0.0005309568456561882,0.0004062519434563042,0.0006472363038889433,0.0002855495842439106
2011-09-08,0.0005035074811885288,0.00040213687574271504,0.0005419057762256305,0.00023168814524038983
2011-09-09,0.000562696587924065,0.000389543231830946,0.0005322750857270008,0.0005577076318543504
2011-09-12,0.0004719728645773743,0.00038069023749667195,0.000492424383030984,0.00025720632496754273
2011-09-13,0.00037788085909629604,0.00038403642880612145,0.0004889008748291736,0.00013887928712153597
2011-09-14,0.0004511564068175719,0.0003632884744806095,0.0005110225174125392,0.0005802946708945279
2011-09-15,0.00044356522375871353,0.0003587508816452802,0.0005111070502117511,0.0002915687146179827
2011-09-16,0.0003554908738028122,0.00036117487027071744,0.0005048861244563138,0.00010168054586537298
2011-09-19,0.0004146128768059295,0.00036134155820167054,0.00042055971893579055,0.0004229437599082963
2011-09-20,0.0003746028280826026,0.0003599015268440191,0.00038518681178896443,0.00017171938458637753
2011-09-21,0.0003267652753270726,0.0003634287203750182,0.0003652607510606734,0.00015532134855715608
2011-09-22,0.00042792247514817337,0.00031438783911669915,0.0004123885069435121,0.0012069938022172108
2011-09-23,0.00038069317167930373,0.00030919604855040293,0.0004163269581760231,0.0001539616383500546
2011-09-26,0.0004422365129360407,0.0002878146501607346,0.00042830360074945067,0.0005167684616634106
2011-09-27,0.0005007299468833937,0.0002784680435916427,0.00042392362560436956,0.0006138148126879845
2011-09-28,0.0004598398208663227,0.0003117543583485113,0.0004084931279751267,0.00021220693745207115
2011-09-29,0.0005040764294260363,0.0002741869053403639,0.00043101285797295596,0.0008356353622509716
2011-09-30,0.0005053755166056041,0.0002766479181811036,0.0004392984976116563,0.0003763825743565019
2011-10-03,0.000528887736772152,0.00029699407619100335,0.0004547739117464462,0.0005237108402300528
2011-10-04,0.0005558707715557333,0.0002801584617616605,0.00043957779517616165,0.0006724045025458699
2011-10-05,0.0005187331822020801,0.0002859565710731548,0.00040924731896285386,0.0002877553686083611
2011-10-06,0.00044844619816227145,0.00028429395110803334,0.00040625194345630407,0.00022264669860636412
2011-10-07,0.00039857812726957744,0.0002852597454613809,0.00040213687574271515,0.0001452717232550239
2011-10-10,0.00040587412738147285,0.00028084689353553567,0.0003895432318309461,0.0002932411097071995
2011-10-11,0.0002948639585645738,0.0003133420515546508,0.00038069023749667195,7.129344394778641e-05
2011-10-12,0.00031294013638436934,0.00031904986574457874,0.00038403642880612134,0.00020914930461997201
2011-10-13,0.00029436825288521547,0.0003203468286082358,0.0003632884744806096,0.00014458763005878114
2011-10-14,0.00030237355670176307,0.0003211814684107656,0.00035875088164528,0.00019627926507606125
2011-10-17,0.0002788478155895811,0.0003191964173467371,0.00036117487027071744,0.00015258430699955803
2011-10-18,0.0003554774637281546,0.00031474882782901606,0.0003613415582016706,0.00042644420645831274
2011-10-19,0.0003094239984910628,0.0003175217253163039,0.000359901526844019,0.00014147872607569575
2011-10-20,0.00033479012381532806,0.0003093780166872465,0.0003634287203750181,0.00022939241270813644
2011-10-21,0.00032617109197230926,0.00031681348170061005,0.00031438783911669904,0.00017713529579251036
2011-10-24,0.00025074033262633186,0.00031900198667172795,0.00030919604855040314,4.493403645784053e-05
2011-10-25,0.0002224910942077828,0.000330051353584357,0.00028781465016073466,6.775909548037309e-05
2011-10-26,0.0002776052455157379,0.0003166129542430062,0.0002784680435916427,0.00041753607473705333
2011-10-27,0.0003297592779197662,0.0003114247595180172,0.0003117543583485112,0.0009112195473463089
2011-10-28,0.00022914603512595708,0.0003131836662771153,0.0002741869053403639,4.67188490798791e-05
2011-10-31,0.0003192344973907331,0.00038764492166712736,0.00027664791818110345,0.0004280638440120325
2011-11-01,0.00042131266899000436,0.0003447208627265072,0.0002969940761910034,0.0009509801584379508
2011-11-02,0.00037503722456446245,0.0003357282766017267,0.0002801584617616607,0.00031885659952967364
2011-11-03,0.00035715010394535984,0.00033225707755549797,0.000285956571073155,0.00040951566414974117
2011-11-04,0.0003692808569609301,0.0003262629573142556,0.0002842939511080333,0.00018773167933880782
2011-11-07,0.0003387685470652989,0.0003257582450013536,0.0002852597454613808,0.00016555340467532196
2011-11-08,0.00030822389579676185,0.0003222304270163465,0.0002808468935355356,0.00020057121926445097
2011-11-09,0.0003716301076904105,0.0002896528436209496,0.0003133420515546506,0.0007536917623492016
2011-11-10,0.000352213421399259,0.0002835235071945571,0.00031904986574457874,0.0003290134026084618
2011-11-11,0.0003310431344457255,0.0002866491757423317,0.00032034682860823557,0.00017182385019557484
2011-11-14,0.00034585015694214177,0.00028009171764062916,0.00032118146841076533,0.00021380670092918625
2011-11-15,0.00031074268190469685,0.00028127731945195146,0.0003191964173467373,0.00011089823465496966
2011-11-16,0.00032387393750361876,0.00026940532981219965,0.0003147488278290159,0.00033304482658616367
2011-11-17,0.0002953891804315036,0.0002640278766713565,0.0003175217253163041,0.00019970957330874828
2011-11-18,0.00024309908198091512,0.00029481960782610817,0.00030937801668724655,5.837453149792647e-05
2011-11-21,0.00029067082318453934,0.0002844412869351545,0.0003168134817006099,0.0003332800610731412
2011-11-22,0.00025423665111928135,0.0002823445559286708,0.00031900198667172817,9.089264085132461e-05
2011-11-23,0.0002873937616713905,0.00026941104687177274,0.0003300513535843567,0.0002997958006455724
2011-11-25,0.0002656391941154757,0.0002638902975643467,0.00031661295424300636,0.00013532968856869542
2011-11-28,0.00037561603568167593,0.00022633083158549947,0.0003114247595180173,0.0008022674581215391
2011-11-29,0.00027112163496380173,0.00022470619381403646,0.0003131836662771151,8.3655891020933e-05
2011-11-30,0.0004696166043657984,0.00013066213313403817,0.00038764492166712725,0.0019917502072022888
2011-12-01,0.00029470072198237705,0.00014512340605978043,0.0003447208627265073,4.957492068493024e-05
2011-12-02,0.000305519565524766,0.00014082316391554882,0.00033572827660172664,0.00013001229090928065
2011-12-05,0.0003093557223288855,0.00012962439090242344,0.00033225707755549775,0.00033662048417893467
2011-12-06,0.0002552798697194657,0.00012790020610661115,0.0003262629573142555,6.185515427271979e-05
2011-12-07,0.00022666329577847457,0.00012190076316671752,0.00032575824500135367,0.000154954446104384
2011-12-08,0.0002377689747172988,0.00012188355437749547,0.00032223042701634655,0.0001264870415793009
2011-12-09,0.00021227882784543537,0.0001197501935911435,0.0002896528436209495,6.956251104586453e-05
2011-12-12,0.00021671451117635668,0.00011352894019699841,0.00028352350719455696,0.0002002973376542178
2011-12-13,0.0002410557757054293,0.00010761542912289137,0.0002866491757423315,0.0002374628896988409
2011-12-14,0.00020584004857861609,0.00011050177290727531,0.0002800917176406292,7.61000807934378e-05
2011-12-15,0.000214799713664088,0.00010544027482679846,0.0002812773194519517,0.00013579587269274112
2011-12-16,0.00020845820386993018,0.00010288939220815556,0.0002694053298121995,8.373304415136715e-05
2011-12-19,0.00019164861249323874,9.980148395879043e-05,0.0002640278766713563,8.678305735104209e-05
2011-12-20,0.00025104802206252626,6.898021994531612e-05,0.0002948196078261083,0.0007050008857477187
2011-12-21,0.00022713455622590633,6.585851455294635e-05,0.0002844412869351544,0.0001153353223631087
2011-12-22,0.00018908339469584886,6.764206165123447e-05,0.0002823445559286709,4.686128971517207e-05
2011-12-23,0.00016407168874640822,7.080865386345493e-05,0.00026941104687177285,2.8192110450712257e-05
2011-12-27,0.00013550463390359522,7.168930229677007e-05,0.0002638902975643469,1.9393953112750418e-05
2011-12-28,9.432029181681667e-05,7.762413371692044e-05,0.0002263308315854993,1.3518672565739773e-05
2011-12-29,9.305495011718649e-05,7.917513784550357e-05,0.0002247061938140364,4.953849782021231e-05
2011-12-30,7.694683471785562e-05,8.263970684628725e-05,0.0001306621331340382,1.682493292232624e-05
2012-01-03,0.00011372012065870335,6.693009149623835e-05,0.00014512340605978057,0.00035326165212552026
2012-01-04,0.00010061993091171643,7.030626098628699e-05,0.00014082316391554888,3.97072058804152e-05
2012-01-05,0.00012494915149375446,6.663434276501556e-05,0.00012962439090242355,0.00010144625090330234
2012-01-06,0.00010181809226240683,6.774767822934702e-05,0.0001279002061066111,2.564727356065848e-05
2012-01-09,0.00010544222251094076,6.768023232658346e-05,0.00012190076316671759,2.8966144366620106e-05
2012-01-10,0.00010924382983374233,6.36850271535376e-05,0.00012188355437749542,0.0001261256570056358
2012-01-11,9.008061885693975e-05,6.681274180327253e-05,0.00011975019359114353,2.4761934532474645e-05
2012-01-12,9.500495931679659e-05,6.693189564069579e-05,0.00011352894019699835,6.965101637716922e-05
2012-01-13,0.00010887071101662196,6.378270307260904e-05,0.00010761542912289133,0.00011327915714259326
2012-01-17,0.0001225221821515146,5.938416018572093e-05,0.00011050177290727527,0.00013671330026550075
2012-01-18,9.59479434591253e-05,5.9557160608971576e-05,0.00010544027482679844,2.9504413002727623e-05
2012-01-19,9.476755832317148e-05,5.9395670324245204e-05,0.00010288939220815549,3.01645091598648e-05
2012-01-20,8.278551840429592e-05,5.981636823180833e-05,9.980148395879048e-05,2.1936984114377464e-05
2012-01-23,8.432599626336844e-05,5.7855939124198154e-05,6.898021994531614e-05,5.77543414647573e-05
2012-01-24,7.359065296364601e-05,5.703514680616755e-05,6.585851455294633e-05,4.9779509123342584e-05
2012-01-25,8.19362308659479e-05,5.366300918830518e-05,6.764206165123447e-05,8.431577877922292e-05
2012-01-26,9.120685459282109e-05,5.345543418491096e-05,7.080865386345492e-05,9.469054690734185e-05
2012-01-27,8.915150964053748e-05,5.229532047201167e-05,7.168930229677001e-05,3.788757021236728e-05
2012-01-30,0.00010880298419000934,4.856565362600478e-05,7.762413371692042e-05,0.00013815013238889842
2012-01-31,0.00011231150388633483,4.608097352670547e-05,7.91751378455036e-05,8.21095845204588e-05
2012-02-01,0.00011482466683463048,4.256791708051532e-05,8.263970684628726e-05,8.958088193878327e-05
2012-02-02,9.404676444091896e-05,4.2664664711128476e-05,6.693009149623833e-05,2.3359729774492797e-05
2012-02-03,0.00011208822664434737,4.359501047344345e-05,7.030626098628693e-05,0.00011060676517143598
2012-02-06,8.705108053675122e-05,4.342917180760424e-05,6.663434276501552e-05,2.433596825660269e-05
2012-02-07,8.711966928701308e-05,4.400575732280144e-05,6.774767822934699e-05,4.902731831161913e-05
2012-02-08,7.649394736043993e-05,4.3623650010766673e-05,6.76802323265835e-05,2.754978040858688e-05
2012-02-09,8.314575398520759e-05,4.227800928502047e-05,6.36850271535376e-05,4.222634837167187e-05
2012-02-10,8.621219983785082e-05,4.077341132823906e-05,6.681274180327253e-05,9.044394217690842e-05
2012-02-13,9.376413456280557e-05,3.844923507512532e-05,6.693189564069575e-05,7.215324696305675e-05
2012-02-14,8.988250623520498e-05,3.724526441780407e-05,6.378270307260909e-05,4.714611321277333e-05
2012-02-15,9.10944385874196e-05,3.576005355351965e-05,5.938416018572094e-05,4.43438996408495e-05
2012-02-16,8.523637428951229e-05,3.5484167692691114e-05,5.955716060897152e-05,3.313742189099003e-05
2012-02-17,7.645801377783744e-05,3.6781674493075276e-05,5.93956703242452e-05,2.6773213180611797e-05
2012-02-21,7.253326974561832e-05,3.589165382354752e-05,5.981636823180835e-05,3.077164017320374e-05
2012-02-22,6.37078287810153e-05,3.8507300287817895e-05,5.78559391241982e-05,1.658533020494426e-05
2012-02-23,6.48030457340196e-05,3.927146816269803e-05,5.70351468061675e-05,3.2542870444697814e-05
2012-02-24,5.49969492467135e-05,4.1174095284736734e-05,5.366300918830516e-05,1.3500888804113576e-05
2012-02-27,6.978340139812735e-05,3.719540875348266e-05,5.345543418491093e-05,9.033147183606292e-05
2012-02-28,5.47196713539489e-05,3.9945903256668264e-05,5.229532047201169e-05,1.3525182241483294e-05
2012-02-29,6.808730362892284e-05,4.083874483961149e-05,4.856565362600482e-05,5.982712862275444e-05
2012-03-01,6.237339097567293e-05,4.2231454448167014e-05,4.608097352670549e-05,2.99313024351729e-05
2012-03-02,5.829559419553485e-05,4.392088754326325e-05,4.2567917080515316e-05,1.5806696568789547e-05
2012-03-05,5.3704339347764976e-05,4.556725569255893e-05,4.26646647111285e-05,2.5391430017369692e-05
2012-03-06,7.445301547057515e-05,4.322642006829067e-05,4.3595010473443434e-05,0.00013014402618004945
2012-03-07,5.797175229024591e-05,4.377009820889606e-05,4.342917180760424e-05,2.0853356273979785e-05
2012-03-08,6.7556441507753e-05,5.591269468417815e-05,4.4005757322801444e-05,6.113561413076041e-05
2012-03-09,6.182123087778147e-05,5.8342671054983314e-05,4.362365001076664e-05,1.9525526855855902e-05
2012-03-12,5.6896444858049864e-05,6.329224866249549e-05,4.2278009285020504e-05,1.3967893131002927e-05
2012-03-13,6.023147659025861e-05,6.146002340987161e-05,4.077341132823906e-05,5.8847385084498164e-05
2012-03-14,5.5186332093094604e-05,6.254446721784405e-05,3.8449235075125304e-05,2.334554564766788e-05
2012-03-15,4.9728345122909915e-05,6.473687231020393e-05,3.7245264417804045e-05,2.186272940902687e-05
2012-03-16,4.5350918139718006e-05,6.721648311993982e-05,3.576005355351966e-05,1.3154471490877519e-05
2012-03-19,4.999475935725348e-05,6.76308191722747e-05,3.548416769269114e-05,2.7343818813591138e-05
2012-03-20,5.2812828287090474e-05,6.945041419301521e-05,3.678167449307528e-05,5.402085598867858e-05
2012-03-21,4.416126203572236e-05,7.098975539081962e-05,3.589165382354752e-05,1.208120611312096e-05
2012-03-22,5.618065668327661e-05,7.403067264372637e-05,3.850730028781786e-05,7.151390595462128e-05
2012-03-23,6.135615403478482e-05,7.255816839329996e-05,3.927146816269804e-05,4.859039581718148e-05
2012-03-26,6.51424973550579e-05,7.478842531494509e-05,4.117409528473673e-05,5.3456058366926185e-05
2012-03-27,4.693627621413792e-05,7.550937570841217e-05,3.719540875348268e-05,6.77905467972774e-06
2012-03-28,6.401825860587346e-05,7.385916056678875e-05,3.994590325666825e-05,7.128556680838033e-05
2012-03-29,6.711315491482516e-05,7.096421235971181e-05,4.08387448396115e-05,7.85768018645628e-05
2012-03-30,6.662062175233723e-05,7.271657638662304e-05,4.223145444816699e-05,5.917820421483808e-05
2012-04-02,6.634243110465495e-05,7.304735397630575e-05,4.392088754326323e-05,5.1284791565810605e-05
2012-04-03,8.103026277148464e-05,7.137318484417592e-05,4.556725569255895e-05,5.9965161152579805e-05
2012-04-04,8.555144846890609e-05,7.360715105174648e-05,4.322642006829067e-05,8.098647807041557e-05
2012-04-05,7.263928657998852e-05,7.398557722174851e-05,4.377009820889605e-05,3.22705972266927e-05
2012-04-09,0.00010331416647882117,6.665607306792933e-05,5.591269468417817e-05,0.00031613014011168503
2012-04-10,9.447762139828489e-05,7.409847314559572e-05,5.834267105498328e-05,7.055503064276332e-05
2012-04-11,0.00010691412444013131,7.188551829492217e-05,6.329224866249546e-05,0.00011790902288875858
2012-04-12,8.477229787351846e-05,7.836912528949118e-05,6.146002340987161e-05,2.0370654779397233e-05
2012-04-13,9.232812222876631e-05,8.590530878725476e-05,6.254446721784407e-05,4.611886561508963e-05
2012-04-16,8.648134920025498e-05,8.626188971845292e-05,6.473687231020389e-05,6.790323634858316e-05
2012-04-17,8.746281873508004e-05,8.699157259451056e-05,6.721648311993986e-05,6.522629849533269e-05
2012-04-18,7.789355627350397e-05,8.66160244981073e-05,6.763081917227467e-05,3.6044875912622174e-05
2012-04-19,9.592574918672468e-05,8.51038334239139e-05,6.94504141930152e-05,9.223235142422965e-05
2012-04-20,9.007138673460391e-05,8.492864307216488e-05,7.098975539081958e-05,4.440737126701313e-05
2012-04-23,0.00010811938579966869,8.36452980713393e-05,7.403067264372637e-05,0.00013537316826566374
2012-04-24,8.162296928724293e-05,9.389511417836324e-05,7.25581683933e-05,1.7667806558227808e-05
2012-04-25,0.00010212734087815466,9.331783414442754e-05,7.478842531494508e-05,0.00010029145372147294
2012-04-26,8.031820322114529e-05,9.3644636141582e-05,7.550937570841215e-05,2.191901294253627e-05
2012-04-27,8.493388698564903e-05,0.00010911188036635301,7.385916056678876e-05,3.663104883428913e-05
2012-04-30,6.727447955893632e-05,0.00011842628925279722,7.096421235971181e-05,1.7782889515946866e-05
2012-05-01,8.718021858240805e-05,0.00012014223780481955,7.271657638662308e-05,9.597784877997466e-05
2012-05-02,8.054321607122789e-05,0.00014887414316710055,7.304735397630573e-05,5.823112094914614e-05
2012-05-03,7.516116331087728e-05,0.00015199659905810214,7.137318484417597e-05,2.48076093778549e-05
2012-05-04,9.486658292851563e-05,0.0001471180663656411,7.360715105174642e-05,0.00012789976842939493
2012-05-07,9.115999636291303e-05,0.00014807097621968914,7.398557722174853e-05,4.0217546796737024e-05
2012-05-08,0.00010865027816879037,0.0001479099450136153,6.665607306792939e-05,0.00016221055288148317
2012-05-09,0.0001226852196401546,0.00013962189207836225,7.409847314559574e-05,0.00022684543227375663
2012-05-10,0.0001216545074042584,0.00014090624358898142,7.188551829492215e-05,7.143697102461309e-05
2012-05-11,0.00013180970740981346,0.0001371880903265453,7.836912528949122e-05,0.00015652640166534802
2012-05-14,0.0001585924871432162,0.0001318765376856653,8.590530878725477e-05,0.00020437871906812401
2012-05-15,0.00014003850645708115,0.00013229372231695133,8.626188971845298e-05,7.539143590374565e-05
2012-05-16,0.0001306346536365802,0.000129538552399695,8.699157259451056e-05,8.054963889254196e-05
2012-05-17,0.00011070882528097038,0.00013092808202929177,8.661602449810726e-05,2.815836588815287e-05
2012-05-18,0.00011031565922303809,0.00013339403449061382,8.510383342391394e-05,6.0476338866169915e-05
2012-05-21,9.341355787692216e-05,0.00013663600724678947,8.492864307216487e-05,4.07283738802825e-05
2012-05-22,0.00010515396659453444,0.00013374037772192552,8.364529807133933e-05,0.00010842292324832753
2012-05-23,0.00012192699533386987,0.00012547652574748422,9.38951141783632e-05,0.00023291394480572922
2012-05-24,0.00012707206298663448,0.00012831533754800175,9.331783414442756e-05,8.816857300882408e-05
2012-05-25,0.00010799780927320368,0.000130314860314045,9.364463614158202e-05,2.8781854882780337e-05
2012-05-29,0.00016197587474638567,0.00011580378483261515,0.00010911188036635308,0.00036144317755448086
2012-05-30,0.00016928837885035554,0.00011228779965338278,0.00011842628925279718,0.00021338547613127353
2012-05-31,0.00016236945491980437,0.00012301396931117491,0.00012014223780481955,0.00013201276837244391
2012-06-01,0.00022092987175114135,9.438664690595552e-05,0.00014887414316710042,0.0006616011335570447
2012-06-04,0.0002092395924614224,9.072766569812564e-05,0.0001519965990581022,9.037918308889261e-05
2012-06-05,0.00015589989263220478,9.324838223507687e-05,0.0001471180663656411,2.5450581887711357e-05
2012-06-06,0.0001490563944065654,9.61094184715143e-05,0.00014807097621968922,6.022865373174774e-05
2012-06-07,0.00016667456495031462,8.980202264645878e-05,0.00014790994501361537,0.00015882889755393216
2012-06-08,0.00012426825771156996,9.253617931882426e-05,0.00013962189207836228,5.2796320633442506e-05
2012-06-11,0.0001290228684396934,9.0037953485961e-05,0.00014090624358898153,9.840835274761672e-05
2012-06-12,0.000138329985654765,9.145857813294598e-05,0.0001371880903265454,7.844518315418904e-05
2012-06-13,0.0001433399062948188,8.820384911698267e-05,0.0001318765376856654,9.283611360964451e-05
2012-06-14,0.00013343730936318153,8.559526286528677e-05,0.00013229372231695125,8.415231316074829e-05
2012-06-15,0.00011104061343776759,9.24292117881801e-05,0.00012953855239969495,2.269107063015966e-05
2012-06-18,0.00011354173843611524,9.134394799873307e-05,0.00013092808202929185,5.733848810968822e-05
2012-06-19,0.00012582488814664116,8.736919515702269e-05,0.00013339403449061377,0.0001122613405539292
2012-06-20,0.00012842640307120543,8.433316635808262e-05,0.0001366360072467895,0.00010880980175997324
2012-06-21,0.00011599504703775163,0.00010090703277660494,0.00013374037772192563,4.76147032261861e-05
2012-06-22,0.00012539327111333638,0.00010348444989049966,0.00012547652574748417,5.9373053342458586e-05
2012-06-25,0.00014345647007653147,9.902571788542639e-05,0.00012831533754800186,0.00014778362081969542
2012-06-26,0.0001305876748387655,0.00010730710817356884,0.00013031486031404502,7.07718329696872e-05
2012-06-27,0.000123851323291537,0.00011287990539353466,0.00011580378483261523,5.671059244445498e-05
2012-06-28,0.00014114391638896876,0.00010788724377937938,0.00011228779965338271,0.000139549787367391
2012-06-29,0.0001749472587573056,9.205871754558974e-05,0.0001230139693111749,0.0003572623311860792
2012-07-02,0.0001410961021148406,9.232929672025683e-05,9.438664690595555e-05,6.0427363047439275e-05
2012-07-03,0.00010366754737089635,9.947347557329205e-05,9.072766569812564e-05,1.354057772446418e-05
2012-07-05,0.00012088061247837852,0.00011836650610383114,9.324838223507694e-05,7.83856291636886e-05
2012-07-06,0.0001270510174365241,0.0001135977076023056,9.610941847151438e-05,0.00012031041469693408
2012-07-09,9.182655216684644e-05,0.00011428003954708361,8.980202264645872e-05,2.6373585227763233e-05
2012-07-10,0.00010623840577305944,0.00010994306142662784,9.253617931882426e-05,0.00011021361075311868
2012-07-11,0.00010873741704590096,0.0001084119132506917,9.003795348596105e-05,4.5945610257489115e-05
2012-07-12,0.00011902718658563465,0.00010471834657205917,9.1458578132946e-05,0.00010827830074087324
2012-07-13,9.245964985612292e-05,0.00010471929447395895,8.820384911698274e-05,2.4486804274416037e-05
2012-07-16,9.250400502039791e-05,0.00010502420643382517,8.55952628652867e-05,2.9372001875131573e-05
2012-07-17,0.00011004521893910467,9.756667120456158e-05,9.242921178818006e-05,0.0001662039980109201
2012-07-18,9.646850131788107e-05,9.741850130385067e-05,9.134394799873299e-05,3.4547948531299715e-05
2012-07-19,8.50716810201368e-05,9.648252638486265e-05,8.736919515702267e-05,2.87915308780126e-05
2012-07-20,9.05572731757868e-05,9.500234146232735e-05,8.433316635808263e-05,4.5053196982232274e-05
2012-07-23,0.00013269855020819711,7.896168009901357e-05,0.00010090703277660497,0.0003956658980151555
2012-07-24,0.00011930438810583014,7.480870213798838e-05,0.00010348444989049958,0.00011349881273424539
2012-07-25,0.00011615119941579352,7.308509943527403e-05,9.902571788542635e-05,5.4150248713157655e-05
2012-07-26,0.00015392310394138023,6.316798102049338e-05,0.0001073071081735688,0.0002446810290206782
2012-07-27,0.0001687477681902149,5.5741313748297756e-05,0.00011287990539353471,0.00017373933406373914
2012-07-30,0.0001236555706894606,5.530350031275149e-05,0.00010788724377937942,3.470389347013034e-05
2012-07-31,0.0001042994092811612,5.4859225774952896e-05,9.205871754558979e-05,2.4863280276496956e-05
2012-08-01,0.00011036232969285345,5.315729908774977e-05,9.232929672025681e-05,6.610952571544635e-05
2012-08-02,0.0001167037401242294,4.952260594226518e-05,9.947347557329201e-05,0.00016356833363820366
2012-08-03,0.00014550012903390562,2.933577183074476e-05,0.00011836650610383118,0.00047513927030501044
2012-08-06,0.00010766742184033066,2.9201434315121702e-05,0.00011359770760230556,2.0165646164896506e-05
2012-08-07,0.00011536591551134708,2.9079874602633555e-05,0.00011428003954708354,4.070255606810095e-05
2012-08-08,9.882343991170838e-05,2.8487490578050317e-05,0.00010994306142662785,1.913707022354958e-05
2012-08-09,7.714380782218166e-05,2.849265955319016e-05,0.00010841191325069175,1.3791498562830523e-05
2012-08-10,6.623920186611619e-05,2.7893820126416308e-05,0.00010471834657205919,3.071340048958949e-05
2012-08-13,6.429499360395121e-05,2.786351590579426e-05,0.00010471929447395904,2.4506710214313174e-05
2012-08-14,6.596048086610321e-05,3.1081438695281236e-05,0.0001050242064338251,3.577515303231875e-05
2012-08-15,5.5629387437002896e-05,3.3277095021377634e-05,9.756667120456154e-05,9.595758196385125e-06
2012-08-16,6.266548835192468e-05,3.269335788490912e-05,9.741850130385069e-05,3.1436380616371925e-05
2012-08-17,5.093345375565966e-05,3.2728611430871715e-05,9.648252638486266e-05,9.136057579264062e-06
2012-08-20,4.9738033335896276e-05,3.276539038391631e-05,9.500234146232728e-05,1.3969313608988861e-05
2012-08-21,5.773969303974127e-05,3.206243669496888e-05,7.896168009901352e-05,5.8812009385566724e-05
2012-08-22,5.575508091236564e-05,3.0986030418984156e-05,7.480870213798844e-05,2.6286275552718845e-05
2012-08-23,5.026673995112034e-05,3.20629646753268e-05,7.308509943527407e-05,1.7954591956155935e-05
2012-08-24,5.823442817217774e-05,3.206247747644796e-05,6.316798102049337e-05,3.6421542310283366e-05
2012-08-27,5.360646978245762e-05,3.217619929800989e-05,5.574131374829779e-05,1.7779321347631952e-05
2012-08-28,4.988639594442107e-05,3.359206213700366e-05,5.530350031275154e-05,2.5509811323659252e-05
2012-08-29,4.558347047670191e-05,3.491819710168588e-05,5.4859225774952876e-05,1.5533514982724896e-05
2012-08-30,4.9954211999397634e-05,3.810921910279529e-05,5.3157299087749765e-05,3.036906528418098e-05
2012-08-31,5.785718816184774e-05,3.670424305082975e-05,4.952260594226519e-05,8.72397775830277e-05
2012-09-04,5.8952635347880244e-05,3.668847175019916e-05,2.933577183074478e-05,5.1215753963081716e-05
2012-09-05,4.978899735419322e-05,3.718182488096431e-05,2.920143431512172e-05,1.734455833681225e-05
2012-09-06,5.70476844058351e-05,3.846537796053818e-05,2.9079874602633545e-05,3.81498021058493e-05
2012-09-07,4.343623798950935e-05,3.957298941528874e-05,2.8487490578050334e-05,6.697005707302217e-06
2012-09-10,3.969163719673216e-05,3.9488304975370253e-05,2.8492659553190178e-05,1.3900047040767131e-05
2012-09-11,3.7638663062838794e-05,3.943932699163987e-05,2.7893820126416295e-05,1.813777252733803e-05
2012-09-12,3.9137772865317285e-05,4.1215772830487666e-05,2.7863515905794275e-05,2.3870321581250764e-05
2012-09-13,4.8159938822462964e-05,3.81538159525281e-05,3.1081438695281236e-05,0.00010335153161154493
2012-09-14,5.438723994693301e-05,3.75139949420151e-05,3.327709502137764e-05,5.570454104440961e-05
2012-09-17,5.2235507214356e-05,3.805424376236653e-05,3.269335788490909e-05,1.9177900750532386e-05
2012-09-18,4.655873002393012e-05,3.817350712780619e-05,3.272861143087171e-05,9.876382044478967e-06
2012-09-19,4.665014696534318e-05,3.942565688761906e-05,3.276539038391632e-05,1.474167162292566e-05
2012-09-20,4.8411757171859345e-05,3.949927281262138e-05,3.206243669496887e-05,4.4049981917670306e-05
2012-09-21,3.135594621617945e-05,4.20667323890541e-05,3.0986030418984156e-05,3.681743757039963e-06
2012-09-24,3.9513009719956223e-05,4.751190137685563e-05,3.206296467532678e-05,4.057021133935116e-05
2012-09-25,4.381312694819264e-05,4.74243048804241e-05,3.206247747644796e-05,3.64113111338279e-05
2012-09-26,4.247259296189361e-05,5.234405158344415e-05,3.217619929800988e-05,2.01674796004324e-05
2012-09-27,4.753646280745912e-05,5.247897175358521e-05,3.3592062137003685e-05,5.524293094252905e-05
2012-09-28,5.6780481517576986e-05,5.317063481042911e-05,3.49181971016859e-05,4.338234924105147e-05
2012-10-01,6.661389547376695e-05,4.972337260082565e-05,3.810921910279531e-05,9.738052730747875e-05
2012-10-02,6.713678983625783e-05,4.965524164290801e-05,3.670424305082976e-05,5.773528049175092e-05
2012-10-03,7.060896893853941e-05,4.887986087738956e-05,3.668847175019918e-05,5.088455664983969e-05
2012-10-04,6.335679606719911e-05,4.990474460567038e-05,3.7181824880964283e-05,2.7704974082879415e-05
2012-10-05,7.131206138360817e-05,5.504867991001765e-05,3.8465377960538164e-05,6.510441677690077e-05
2012-10-08,6.132974416195104e-05,5.8216686980889824e-05,3.9572989415288774e-05,2.995684625706507e-05
2012-10-09,5.1549774461885495e-05,6.395834338380811e-05,3.9488304975370253e-05,1.2121673802478181e-05
2012-10-10,4.8901567032532315e-05,6.43847968974283e-05,3.943932699163989e-05,1.7109234869000264e-05
2012-10-11,5.834237025816362e-05,6.920264565199597e-05,4.1215772830487645e-05,6.117568419705373e-05
2012-10-12,5.479611598876846e-05,7.122120263201883e-05,3.815381595252812e-05,3.90504371743948e-05
2012-10-15,5.5642600213601585e-05,7.132847479450398e-05,3.751399494201509e-05,4.2268299823635994e-05
2012-10-16,5.7587409742806256e-05,7.569375126918388e-05,3.805424376236651e-05,3.052312597791237e-05
2012-10-17,5.2143004685617066e-05,9.130721781113317e-05,3.8173507127806215e-05,1.2380912718712788e-05
2012-10-18,5.6768281236601135e-05,9.204542151203966e-05,3.9425656887619036e-05,4.103681657899474e-05
2012-10-19,5.910214652103547e-05,9.027491566282164e-05,3.949927281262137e-05,4.559591634271932e-05
2012-10-22,6.185804802936281e-05,8.909576901241995e-05,4.2066732389054067e-05,5.7598394862126564e-05
2012-10-23,8.029528724034989e-05,8.437279768215515e-05,4.7511901376855656e-05,0.00015491876008318458
2012-10-24,7.753156257964427e-05,8.413766871705509e-05,4.74243048804241e-05,3.457178470876533e-05
2012-10-25,9.457368901831172e-05,8.394220812926446e-05,5.234405158344413e-05,0.0001234821603638529
2012-10-26,9.295012915722593e-05,8.342225865593394e-05,5.247897175358525e-05,5.8076254515492636e-05
2012-10-31,9.30487641148753e-05,8.139973659821675e-05,5.317063481042908e-05,5.790727343477181e-05
2012-11-01,7.547805794815594e-05,8.199522901593008e-05,4.972337260082561e-05,2.498802090580595e-05
2012-11-02,8.225977516339239e-05,8.04654040579802e-05,4.965524164290805e-05,5.630453037548193e-05
2012-11-05,7.143914797519178e-05,8.279728971291497e-05,4.8879860877389554e-05,3.460156057395155e-05
2012-11-06,7.234993020270812e-05,8.09984810813994e-05,4.990474460567037e-05,4.922753237677649e-05
2012-11-07,8.911055295918305e-05,7.507256240329795e-05,5.5048679910017676e-05,0.00017312705816819403
2012-11-08,9.523929755503277e-05,7.109515989996506e-05,5.8216686980889865e-05,9.64849947453812e-05
2012-11-09,0.00010689611516595354,6.728554005814395e-05,6.395834338380812e-05,0.00013269645826376154
2012-11-12,9.42282231994571e-05,6.839711816916872e-05,6.438479689742827e-05,2.6064758655023196e-05
2012-11-13,0.0001228494918507396,6.279263045572806e-05,6.920264565199601e-05,0.00016235050804297657
2012-11-14,0.00011093314731382903,5.966150771514699e-05,7.122120263201886e-05,8.144013375487445e-05
2012-11-15,0.00010036967570383016,5.824405924693878e-05,7.132847479450393e-05,4.45210152358226e-05
2012-11-16,0.00010950821186643804,5.374757323975242e-05,7.569375126918388e-05,0.00012219393194619116
2012-11-19,0.00014979038201112465,3.789467811846356e-05,9.130721781113313e-05,0.0003402637100996471
2012-11-20,0.00012478085015247704,3.629724026096837e-05,9.204542151203969e-05,5.653909429803246e-05
2012-11-21,8.883995096685682e-05,6.223131076553494e-05,9.02749156628217e-05,8.41529350914162e-06
2012-11-23,9.532199017541247e-05,6.104112095029546e-05,8.909576901241988e-05,3.283631520368839e-05
2012-11-26,9.354626404718114e-05,5.9964422390006825e-05,8.43727976821552e-05,5.573636214762661e-05
2012-11-27,7.211994079246936e-05,6.628074901333639e-05,8.413766871705504e-05,2.9634076441661372e-05
2012-11-28,8.646216772777693e-05,6.552085648165693e-05,8.394220812926444e-05,0.00011937748802025056
2012-11-29,9.0290490413392e-05,6.547227959515727e-05,8.342225865593391e-05,4.7157315575551594e-05
2012-11-30,7.669443527278766e-05,8.288696080064104e-05,8.139973659821675e-05,1.5434310222711362e-05
2012-12-03,7.883162727425065e-05,8.222436519943519e-05,8.199522901593007e-05,3.7493361677785725e-05
2012-12-04,7.51270692202217e-05,8.201293686923875e-05,8.046540405798027e-05,2.4178206258536094e-05
2012-12-05,8.071135607572046e-05,7.922677468499756e-05,8.2797289712915e-05,8.357115932758094e-05
2012-12-06,6.144569826760837e-05,7.993259949406515e-05,8.099848108139946e-05,1.145255111495012e-05
2012-12-07,7.448217342345597e-05,7.838989465245451e-05,7.507256240329794e-05,4.868276592806188e-05
2012-12-10,5.948607702599297e-05,8.111322193011389e-05,7.109515989996512e-05,1.2959542175391972e-05
2012-12-11,6.914398981332118e-05,7.906372946823415e-05,6.72855400581439e-05,5.269444158551625e-05
2012-12-12,6.496170027971527e-05,7.737186692939854e-05,6.839711816916867e-05,4.940789898654314e-05
2012-12-13,7.212656483774836e-05,7.672744481305569e-05,6.279263045572811e-05,4.465626606072475e-05
2012-12-14,5.875808379829575e-05,7.659281599105045e-05,5.966150771514698e-05,1.56865562026709e-05
2012-12-17,5.7235485448925616e-05,7.849599485203878e-05,5.824405924693875e-05,1.4754597403449785e-05
2012-12-18,5.664917548792994e-05,7.8415376759138e-05,5.3747573239752384e-05,2.776772579527735e-05
2012-12-19,4.2283590648452926e-05,7.893611423792604e-05,3.789467811846359e-05,7.35291255258255e-06
2012-12-20,4.162620212162687e-05,7.823900691809971e-05,3.62972402609684e-05,2.2992899290633378e-05
2012-12-21,7.166265728835798e-05,5.366300866100457e-05,6.223131076553492e-05,0.0005530307741050387
2012-12-24,4.991591915123669e-05,5.4712758337485195e-05,6.104112095029546e-05,7.842329083659405e-06
2012-12-26,5.613306397421317e-05,5.4087038542410405e-05,5.996442239000679e-05,3.312569238156476e-05
2012-12-27,8.094342098749313e-05,4.7191176391375453e-05,6.628074901333643e-05,0.0001622769355315839
2012-12-28,8.965052813843935e-05,4.302490949487322e-05,6.552085648165696e-05,0.0001034197448549817
2012-12-31,6.903253515483729e-05,4.166249381309656e-05,6.54722795951573e-05,4.613720095905865e-05
2013-01-02,0.00011177259442251541,2.6170788362063628e-05,8.28869608006411e-05,0.000381142615537871
2013-01-03,8.96436272303636e-05,3.04796275528546e-05,8.222436519943514e-05,2.357885405246052e-05
2013-01-04,7.475776324576142e-05,3.203880575582261e-05,8.201293686923882e-05,1.973821132441334e-05
2013-01-07,6.850798074970199e-05,3.1761297842743066e-05,7.92267746849976e-05,2.5061753458515742e-05
2013-01-08,6.45220914285254e-05,3.3752241180620314e-05,7.993259949406511e-05,2.627487210536783e-05
2013-01-09,4.9608609090147036e-05,3.324249483406701e-05,7.838989465245451e-05,1.628596425423894e-05
2013-01-10,6.026099685262649e-05,3.0228129420255213e-05,8.111322193011385e-05,7.014941500623829e-05
2013-01-11,4.9166175335829036e-05,3.0212389612095517e-05,7.906372946823416e-05,9.655099886042739e-06
2013-01-14,4.713129296269262e-05,3.055385135694546e-05,7.737186692939852e-05,1.3878785670994868e-05
2013-01-15,5.019477095190255e-05,3.0067526407647427e-05,7.672744481305572e-05,3.112340161752578e-05
2013-01-16,4.517902990003333e-05,3.066967230521202e-05,7.659281599105047e-05,1.2859350940560598e-05
2013-01-17,5.045930676995608e-05,2.8727043012728397e-05,7.849599485203879e-05,5.472135348420463e-05
2013-01-18,5.201361149750464e-05,2.8009846902398033e-05,7.841537675913798e-05,2.6074745844360344e-05
2013-01-22,5.1333854562412544e-05,2.9431764089813085e-05,7.89361142379261e-05,1.828839960713301e-05
2013-01-23,4.406613827500853e-05,3.207967043294965e-05,7.823900691809974e-05,8.353645574279882e-06
2013-01-24,5.3598722766224025e-05,3.327955572789497e-05,5.366300866100454e-05,3.6934810706039446e-05
2013-01-25,4.778911787461502e-05,3.587402063387437e-05,5.471275833748518e-05,2.9887072289752892e-05
2013-01-28,4.6545375696770564e-05,3.767009227715167e-05,5.408703854241039e-05,1.9985576684994004e-05
2013-01-29,4.5396813966502995e-05,3.955051455471615e-05,4.719117639137548e-05,1.7463830359851074e-05
2013-01-30,4.5276939051501684e-05,4.236104996970737e-05,4.302490949487323e-05,1.592814002843433e-05
2013-01-31,4.173375912904131e-05,4.247229812791257e-05,4.166249381309658e-05,1.7526471641749067e-05
2013-02-01,4.760412877119289e-05,4.1802706593552126e-05,2.617078836206365e-05,5.581680106617934e-05
2013-02-04,5.5650563187829174e-05,3.750252404990919e-05,3.0479627552854575e-05,0.00011406447705906994
2013-02-05,5.7984113372156904e-05,3.528751527397545e-05,3.203880575582264e-05,5.248095358674267e-05
2013-02-06,5.473372527979517e-05,3.660117401669727e-05,3.176129784274305e-05,1.9234087283844505e-05
2013-02-07,6.74043235055024e-05,3.3738735191877945e-05,3.375224118062032e-05,6.80846822007904e-05
2013-02-08,4.6288573970590635e-05,3.430177851007092e-05,3.324249483406703e-05,5.581290976619878e-06
2013-02-11,3.75617725346207e-05,3.4842328420434006e-05,3.0228129420255196e-05,6.847741316189823e-06
2013-02-12,3.254739185645505e-05,3.543338071398714e-05,3.0212389612095534e-05,9.324563914689791e-06
2013-02-13,3.522149416741996e-05,3.657126875556188e-05,3.0553851356945456e-05,2.10494823128431e-05
2013-02-14,3.252398811241856e-05,4.190954501645395e-05,3.0067526407647438e-05,2.0910577682267512e-05
2013-02-15,3.6751184937873454e-05,4.477387144266705e-05,3.0669672305212045e-05,2.550441478941728e-05
2013-02-19,3.71543159693115e-05,4.6190470197482895e-05,2.8727043012728376e-05,1.3926138342047651e-05
2013-02-20,3.589429792303075e-05,4.994818658155507e-05,2.800984690239804e-05,1.1013627527423272e-05
2013-02-21,4.284134907157607e-05,4.8340741333505116e-05,2.9431764089813092e-05,4.814866054284908e-05
2013-02-22,4.859248568105616e-05,4.8273722171437204e-05,3.2079670432949644e-05,6.395967878014745e-05
2013-02-25,5.3769280191220526e-05,4.643138682431091e-05,3.327955572789499e-05,6.213240189989159e-05
2013-02-26,6.372251455976043e-05,4.4818421188920956e-05,3.587402063387437e-05,8.437083531532003e-05
2013-02-27,7.02306221993643e-05,4.296733984568906e-05,3.7670092277151676e-05,5.770308119381743e-05
2013-02-28,7.246400928825594e-05,4.148614413914418e-05,3.955051455471612e-05,5.6952698188704354e-05
2013-03-01,7.68565939192762e-05,3.919032291251746e-05,4.236104996970734e-05,7.494938374324977e-05
2013-03-04,6.464613196299274e-05,4.036854243696912e-05,4.2472298127912544e-05,1.9862682964058534e-05
2013-03-05,6.582474079799537e-05,3.942499382835365e-05,4.180270659355216e-05,4.1755378844611277e-05
2013-03-06,5.832808158258234e-05,4.656224649760922e-05,3.750252404990918e-05,2.3760643642567415e-05
2013-03-07,4.2410939040901206e-05,4.782073358964781e-05,3.528751527397544e-05,5.965769292134123e-06
2013-03-08,4.732804521781482e-05,4.743873509312e-05,3.660117401669726e-05,4.682092088100271e-05
2013-03-11,3.8407850296646115e-05,4.816351671672265e-05,3.3738735191877965e-05,7.973466879585165e-06
2013-03-12,3.710893665910396e-05,4.85181578776662e-05,3.430177851007091e-05,1.7405200658671692e-05
2013-03-13,3.734456834442832e-05,4.957526180587816e-05,3.484232842043403e-05,1.819928943381551e-05
2013-03-14,4.247852703826202e-05,5.062123105874585e-05,3.543338071398712e-05,2.1736662079304646e-05
2013-03-15,4.595188743747849e-05,5.24647081849227e-05,3.657126875556189e-05,4.494513118591335e-05
2013-03-18,6.309854625980105e-05,5.1936970603399335e-05,4.190954501645396e-05,0.0001330143791610008
2013-03-19,7.055921554803173e-05,5.024413914723666e-05,4.4773871442667024e-05,8.565526973989168e-05
2013-03-20,7.243533243270316e-05,4.959898839333935e-05,4.619047019748291e-05,4.367471219318116e-05
2013-03-21,8.761470615002179e-05,4.892764999605833e-05,4.9948186581555074e-05,8.992567159293875e-05
2013-03-22,7.117781950572218e-05,5.213921716844269e-05,4.834074133350514e-05,1.4392310333800565e-05
2013-03-25,7.514826616982814e-05,4.973030616023495e-05,4.8273722171437244e-05,6.255227637672144e-05
2013-03-26,6.25727221733062e-05,5.052493791253145e-05,4.643138682431092e-05,2.3443359610238918e-05
2013-03-27,6.651100062012002e-05,4.895677819904295e-05,4.4818421188920984e-05,5.049855697213135e-05
2013-03-28,5.3808134831815604e-05,4.947018908071677e-05,4.296733984568906e-05,1.883037298594702e-05
2013-04-01,5.652245788039702e-05,4.9604184484992354e-05,4.1486144139144206e-05,2.584758835126254e-05
2013-04-02,5.2527430735421276e-05,4.915020758031167e-05,3.9190322912517454e-05,2.673713798408792e-05
2013-04-03,5.648954032763512e-05,4.799160905528566e-05,4.036854243696911e-05,4.460529297754336e-05
2013-04-04,5.06781918318083e-05,5.520582683107567e-05,3.9424993828353645e-05,2.194085806368641e-05
2013-04-05,7.081021960187699e-05,4.722690933445875e-05,4.656224649760923e-05,0.00017364294969693465
2013-04-08,6.424549134525767e-05,4.672969738518644e-05,4.782073358964778e-05,3.2393998224943677e-05
2013-04-09,6.929586517160906e-05,4.519104535842022e-05,4.743873509312e-05,3.879895245391944e-05
2013-04-10,6.287767503162691e-05,4.531379169666057e-05,4.816351671672265e-05,2.3193880975240837e-05
2013-04-11,6.516729430728588e-05,4.506757705544012e-05,4.851815787766618e-05,2.485266503848563e-05
2013-04-12,6.173337109218666e-05,4.400543269519476e-05,4.957526180587815e-05,4.039847192626707e-05
2013-04-15,6.451035080142082e-05,4.230753459297725e-05,5.062123105874589e-05,4.370201638952717e-05
2013-04-16,7.327858488352766e-05,3.940646077184604e-05,5.246470818492269e-05,8.365815083562607e-05
2013-04-17,8.646162348387488e-05,3.512343684478595e-05,5.193697060339929e-05,0.00012193188994900938
2013-04-18,8.376880959836002e-05,3.402943727201224e-05,5.024413914723667e-05,5.010580916047672e-05
2013-04-19,7.752720852911252e-05,3.361739018091794e-05,4.9598988393339364e-05,3.012654636133769e-05
2013-04-22,8.705981365788902e-05,3.148021889848825e-05,4.892764999605832e-05,7.582756525003682e-05
2013-04-23,8.723643634318079e-05,3.9667558358769016e-05,5.213921716844273e-05,8.183522095387323e-05
2013-04-24,6.41478120449784e-05,4.656205002645301e-05,4.973030616023499e-05,1.1965145204358913e-05
2013-04-25,6.822439811661558e-05,4.759070795658953e-05,5.0524937912531494e-05,4.013062640846546e-05
2013-04-26,6.153725522577971e-05,5.4818854440206125e-05,4.895677819904294e-05,1.756720298887182e-05
2013-04-29,5.909007358327504e-05,5.67979614942997e-05,4.947018908071675e-05,2.961200150109703e-05
2013-04-30,5.5191278875962254e-05,5.722738615569855e-05,4.9604184484992395e-05,2.8661491841051026e-05
2013-05-01,5.41659886882598e-05,6.273024651488494e-05,4.91502075803117e-05,1.7203622985793237e-05
2013-05-02,5.194244561865101e-05,6.567153150042546e-05,4.799160905528568e-05,2.0274723951996952e-05
2013-05-03,7.309582986370278e-05,6.17468102730056e-05,5.5205826831075684e-05,0.0001734394313552767
2013-05-06,5.018179796104032e-05,6.362616383673672e-05,4.7226909334458736e-05,6.08568226797852e-06
2013-05-07,5.183400140060168e-05,6.694012707331989e-05,4.672969738518642e-05,2.1952547290225155e-05
2013-05-08,4.2976330722297594e-05,7.125495576324728e-05,4.5191045358420255e-05,6.4872598918298975e-06
2013-05-09,4.785307911440866e-05,7.128602281179815e-05,4.531379169666061e-05,2.577155407828838e-05
2013-05-10,4.0121413538539625e-05,7.785784290992385e-05,4.506757705544008e-05,1.9682157572854537e-05
2013-05-13,4.2806533553123886e-05,8.073455340612144e-05,4.400543269519477e-05,1.8093440361115405e-05
2013-05-14,3.646564224561643e-05,8.372756160362503e-05,4.2307534592977254e-05,8.046156242959418e-06
2013-05-15,4.2368822458205577e-05,8.492798562559817e-05,3.9406460771846014e-05,2.2735600591869977e-05
2013-05-16,4.326271568675719e-05,8.918229631502524e-05,3.512343684478591e-05,3.1988387480747384e-05
2013-05-17,4.2472517390709556e-05,8.85600297549366e-05,3.402943727201224e-05,2.7131818132229618e-05
2013-05-20,4.158348014281049e-05,8.908131351466731e-05,3.3617390180917923e-05,2.1473557448356863e-05
2013-05-21,4.697030156256292e-05,0.00010629687411342472,3.148021889848824e-05,3.094696831901353e-05
2013-05-22,6.627871025757785e-05,0.00010106388492854387,3.966755835876904e-05,0.0002537693496197701
2013-05-23,7.256277084735558e-05,0.00010585664299582558,4.656205002645301e-05,0.00015674947022572232
2013-05-24,7.429442801996617e-05,0.00011375113437965033,4.759070795658957e-05,6.1732442941333e-05
2013-05-28,9.502805431667612e-05,0.00011031266330851525,5.4818854440206105e-05,0.0001693582791448191
2013-05-29,9.657634566898067e-05,0.00010963369077223252,5.679796149429965e-05,7.11732496370616e-05
2013-05-30,8.115034080197158e-05,0.00011039915987680022,5.722738615569859e-05,3.76794097304287e-05
2013-05-31,9.03909294869952e-05,0.0001079507889129626,6.273024651488493e-05,0.00013276369052870633
2013-06-03,9.191056380778404e-05,0.00010730144971015641,6.56715315004255e-05,8.204170864834913e-05
2013-06-04,9.131157600829734e-05,0.0001056137622707742,6.174681027300557e-05,9.102028557945804e-05
2013-06-05,8.20689307713481e-05,0.00010973424175108035,6.362616383673672e-05,4.55521071063327e-05
2013-06-06,9.681050205851435e-05,0.00010825380373830576,6.69401270733199e-05,9.154577525847193e-05
2013-06-07,9.793845565999357e-05,0.00010669229242671495,7.125495576324732e-05,9.709866238030584e-05
2013-06-10,8.4810649729644e-05,0.00010657254162873331,7.128602281179817e-05,2.642396209785605e-05
2013-06-11,0.00010367482469177832,0.00011308407707080336,7.785784290992381e-05,0.00015769037963349312
2013-06-12,0.00010535268107022427,0.00010990218902194228,8.073455340612146e-05,7.850436078126588e-05
2013-06-13,0.0001055443124912017,0.00010728410054039401,8.37275616036251e-05,7.089932839053627e-05
2013-06-14,0.00010120672387082527,0.00010607201042579157,8.492798562559824e-05,4.794450505330563e-05
2013-06-17,0.0001243205060206104,0.00010143187747843084,8.918229631502529e-05,0.00012132891195871539
2013-06-18,8.8634154444873e-05,0.00010174502381029915,8.856002975493654e-05,1.4064220370365767e-05
2013-06-19,8.869416276059958e-05,0.00010077978236774862,8.908131351466725e-05,3.242051640270187e-05
2013-06-20,0.0001263667268915613,8.264329069113131e-05,0.00010629687411342476,0.0003924737408929212
2013-06-21,0.00013103592297690673,7.608737412973565e-05,0.00010106388492854391,0.00014387657673727247
2013-06-24,0.00014398273513317836,6.560269051710618e-05,0.00010585664299582564,0.0002573973896386386
2013-06-25,0.00017477003429661078,5.560152624248115e-05,0.0001137511343796504,0.00022751676200165243
2013-06-26,0.0001793036413098988,5.377424041184957e-05,0.00011031266330851517,9.71503866509798e-05
2013-06-27,0.00014764927838442328,5.213056662394097e-05,0.00010963369077223261,5.691482637512726e-05
2013-06-28,0.0001366692748520082,5.082259098952078e-05,0.00011039915987680018,5.3754260926347905e-05
2013-07-01,0.0001320970539851188,4.904219081603296e-05,0.00010795078891296258,8.134790028811704e-05
2013-07-02,0.00011855892084000115,4.881907121877522e-05,0.00010730144971015633,6.84055853894176e-05
2013-07-03,0.0001115419127039137,4.677135867561758e-05,0.00010561376227077422,5.5578849352433765e-05
2013-07-05,0.00012671158838073872,4.1009203642759766e-05,0.00010973424175108035,0.0001320821761927615
2013-07-08,0.0001214265559005449,3.956245377173115e-05,0.00010825380373830575,6.0456576990205565e-05
2013-07-09,0.00011917857641523308,3.775670965801073e-05,0.00010669229242671488,6.43069248368978e-05
2013-07-10,0.00010042896459591976,3.9318851492751923e-05,0.00010657254162873327,2.3909195340241877e-05
2013-07-11,0.00014152282294130903,2.6902153294989127e-05,0.00011308407707080342,0.0002944326239169664
2013-07-12,9.020255216741211e-05,2.7933089650133005e-05,0.00010990218902194234,1.1684711755183007e-05
2013-07-15,8.154161745948336e-05,2.9561249412719773e-05,0.00010728410054039401,1.5919470278021357e-05
2013-07-16,7.603007334038185e-05,2.9030840847826613e-05,0.00010607201042579157,2.2490612646654697e-05
2013-07-17,7.530941904197029e-05,3.156863780772713e-05,0.0001014318774784309,2.388612006414114e-05
2013-07-18,5.9950602339047455e-05,3.186798205470439e-05,0.00010174502381029907,2.0640293339597e-05
2013-07-19,5.769396272248314e-05,3.279084053382071e-05,0.0001007797823677487,1.2150446109144172e-05
2013-07-22,5.513779104055445e-05,3.3838708059508124e-05,8.264329069113132e-05,1.1607415683956314e-05
2013-07-23,4.444032116588433e-05,3.684482653044586e-05,7.60873741297357e-05,6.202328947964604e-06
2013-07-24,5.074796179418281e-05,3.5877181847517014e-05,6.56026905171062e-05,3.7219033773418846e-05
2013-07-25,4.505612179597809e-05,3.670163315263541e-05,5.560152624248111e-05,1.749231223452555e-05
2013-07-26,5.333746187727824e-05,3.5257158097993476e-05,5.37742404118496e-05,5.8777384207718114e-05
2013-07-29,5.0561650144823603e-05,4.6796887859602195e-05,5.213056662394099e-05,2.239767682904643e-05
2013-07-30,5.5669164577090974e-05,4.7138817963530406e-05,5.082259098952074e-05,2.6286772603522563e-05
2013-07-31,5.814987282189139e-05,4.776368936523953e-05,4.904219081603296e-05,4.395949664487373e-05
2013-08-01,6.496971342938567e-05,4.6108269871551084e-05,4.881907121877521e-05,6.372007384700489e-05
2013-08-02,5.040064263996204e-05,5.249580071655996e-05,4.677135867561758e-05,1.2576885946123737e-05
2013-08-05,4.608701564191276e-05,5.360352150968522e-05,4.100920364275976e-05,1.1076920502747221e-05
2013-08-06,4.845843690775686e-05,5.265392589225208e-05,3.956245377173119e-05,3.0074829698605556e-05
2013-08-07,4.559598768273277e-05,5.81902851581978e-05,3.775670965801074e-05,2.6386298448768385e-05
2013-08-08,4.760040798553309e-05,5.5996781706323116e-05,3.93188514927519e-05,5.671417386980632e-05
2013-08-09,4.947454514046174e-05,5.6512976215177695e-05,2.6902153294989117e-05,3.368196176394788e-05
2013-08-12,5.1128527987736433e-05,5.5523644747692874e-05,2.7933089650133002e-05,3.333437521320454e-05
2013-08-13,5.608942707245586e-05,5.360414772715545e-05,2.9561249412719787e-05,5.011082529234382e-05
2013-08-14,4.736120025113957e-05,5.3572517461019605e-05,2.90308408478266e-05,1.1352032783897759e-05
2013-08-15,5.6692278477100156e-05,5.601677873117803e-05,3.156863780772714e-05,7.717985622205249e-05
2013-08-16,5.19733471339526e-05,5.4813838793554896e-05,3.1867982054704415e-05,2.6926522526119893e-05
2013-08-19,5.2786464393415594e-05,5.6923683290575376e-05,3.279084053382068e-05,3.1530474170585634e-05
2013-08-20,5.261661953810309e-05,5.603180469077058e-05,3.383870805950812e-05,3.361263372339236e-05
2013-08-21,6.500343805339364e-05,5.342481159174253e-05,3.6844826530445846e-05,6.933081683765702e-05
2013-08-22,5.404992401870049e-05,5.38765624676031e-05,3.5877181847516993e-05,1.6898495431912963e-05
2013-08-23,5.780021259711606e-05,5.362332114341258e-05,3.670163315263543e-05,3.4805789642012805e-05
2013-08-26,5.712655668295428e-05,5.300493582234573e-05,3.525715809799345e-05,2.844340806023647e-05
2013-08-27,7.956504243995293e-05,4.148981038674785e-05,4.6796887859602174e-05,0.0002647320018228296
2013-08-28,6.561073341734005e-05,4.148450548050304e-05,4.713881796353038e-05,3.346730478601502e-05
2013-08-29,7.542513910210496e-05,4.3636774872110385e-05,4.776368936523956e-05,5.7081796080766315e-05
2013-08-30,7.032742520057387e-05,4.303997851727607e-05,4.610826987155107e-05,2.89562644795466e-05
2013-09-03,9.020643421402175e-05,3.913478985775527e-05,5.2495800716559956e-05,0.00014671503369131038
2013-09-04,7.170022877532702e-05,4.066594429720774e-05,5.360352150968518e-05,3.4339057158376974e-05
2013-09-05,6.02436903658573e-05,4.1089957764389986e-05,5.265392589225212e-05,1.0133321732511366e-05
2013-09-06,8.013982598809952e-05,3.9762200761858875e-05,5.819028515819784e-05,0.0001426498430336282
2013-09-09,6.085836941812093e-05,4.048369366475022e-05,5.599678170632313e-05,1.0650601380437529e-05
2013-09-10,6.173312279126488e-05,4.13298846972608e-05,5.651297621517772e-05,4.452204644989443e-05
2013-09-11,5.1496564044669494e-05,4.6134608787447316e-05,5.552364474769292e-05,1.2558414396023681e-05
2013-09-12,4.928934790538617e-05,4.6267096188885974e-05,5.360414772715542e-05,9.801387861056433e-06
2013-09-13,4.0092601618005036e-05,4.840929696961279e-05,5.35725174610196e-05,1.0687797195045616e-05
2013-09-16,5.992794581721725e-05,4.450487489054685e-05,5.6016778731178046e-05,0.00012850934289537975
2013-09-17,3.22571610829264e-05,4.653109359500166e-05,5.481383879355489e-05,1.6647838360335092e-06
2013-09-18,4.920838572171284e-05,4.4113066425931564e-05,5.6923683290575397e-05,7.583720860801641e-05
2013-09-19,4.441934307937187e-05,4.465968631387238e-05,5.603180469077061e-05,1.4883183127491717e-05
2013-09-20,4.461520832248356e-05,4.440411454374172e-05,5.342481159174252e-05,1.4583961758067211e-05
2013-09-23,4.087075767530174e-05,4.5106480640016616e-05,5.387656246760314e-05,2.6385263824985772e-05
2013-09-24,5.101576383885987e-05,4.5113750638978126e-05,5.362332114341255e-05,2.9487721834010693e-05
2013-09-25,4.2845535655106175e-05,4.513136540023459e-05,5.300493582234569e-05,1.5457316317832273e-05
2013-09-26,4.531352691093092e-05,4.468893309453013e-05,4.1489810386747835e-05,2.291436767527462e-05
2013-09-27,4.743607709285333e-05,4.347446715115349e-05,4.148450548050303e-05,3.3355901754874116e-05
2013-09-30,5.780382136686976e-05,3.9215071820270756e-05,4.363677487211039e-05,0.00010227945330452105
2013-10-01,4.749541343209827e-05,4.040152888572294e-05,4.3039978517276103e-05,1.6423541028026482e-05
2013-10-02,5.889239677597631e-05,3.884413533753036e-05,3.913478985775531e-05,6.470607184137352e-05
2013-10-03,6.267289321353395e-05,3.7342671573830844e-05,4.066594429720776e-05,6.64933003868786e-05
2013-10-04,5.4448977136186395e-05,3.773476668250737e-05,4.1089957764389966e-05,1.9037604543337673e-05
2013-10-07,6.54129223688235e-05,3.405940275700268e-05,3.97622007618589e-05,0.00011476694598047583
2013-10-08,5.872999246678413e-05,3.4417274942115535e-05,4.0483693664750245e-05,2.580195234115567e-05
2013-10-09,6.45406918006491e-05,3.29133296572507e-05,4.132988469726083e-05,6.229205813261673e-05
2013-10-10,7.123926026069594e-05,2.766607627190691e-05,4.6134608787447336e-05,0.00011345762028994039
2013-10-11,5.9095181788002595e-05,2.7371762012109587e-05,4.626709618888596e-05,1.2583623291267551e-05
2013-10-14,6.457443090165624e-05,2.5707840518338408e-05,4.840929696961276e-05,5.567401359030836e-05
2013-10-15,6.836558254607708e-05,2.482560124805851e-05,4.450487489054686e-05,4.651647923499595e-05
2013-10-16,6.513780596130053e-05,2.339588526350386e-05,4.653109359500163e-05,4.421537662958369e-05
2013-10-17,5.919596791139594e-05,2.2629209092154557e-05,4.411306642593159e-05,2.5058638057545387e-05
2013-10-18,6.135004451879593e-05,2.2530094863543574e-05,4.4659686313872345e-05,2.636220077424754e-05
2013-10-21,4.963687786865434e-05,2.305456318123844e-05,4.440411454374169e-05,9.216954585323633e-06
2013-10-22,5.587528085442668e-05,2.348712043571302e-05,4.510648064001661e-05,4.113495184675887e-05
2013-10-23,5.317260599918518e-05,2.2842610198635573e-05,4.511375063897809e-05,2.9640391812202035e-05
2013-10-24,4.862348204197566e-05,2.244163870601319e-05,4.513136540023457e-05,1.582722630421827e-05
2013-10-25,4.58630566715743e-05,2.2261616354812185e-05,4.468893309453011e-05,1.3623289255480979e-05
2013-10-28,4.27432637860705e-05,2.2414408898065055e-05,4.3474467151153505e-05,7.852116943965435e-06
2013-10-29,4.00080505044092e-05,2.2071010302332896e-05,3.9215071820270776e-05,1.2832151355983643e-05
2013-10-30,4.3659618970784455e-05,2.0778094520425124e-05,4.0401528885722965e-05,4.1339139402522456e-05
2013-10-31,4.5648719278233526e-05,2.0053847616121997e-05,3.884413533753034e-05,3.200080732932856e-05
2013-11-01,4.849266449142448e-05,1.998195426819331e-05,3.734267157383086e-05,3.4962561349189214e-05
2013-11-04,5.1124681989776996e-05,2.237052053912529e-05,3.7734766682507345e-05,2.7271601825543916e-05
2013-11-05,5.712926472704523e-05,2.1284112410306647e-05,3.405940275700267e-05,3.7584303544877864e-05
2013-11-06,5.447611005448809e-05,2.4815263520988693e-05,3.441727494211552e-05,3.3317268228525565e-05
2013-11-07,5.419367013913561e-05,2.3946088196391306e-05,3.2913329657250724e-05,3.0709207150455914e-05
2013-11-08,3.7060931719274115e-05,2.4437486030297416e-05,2.7666076271906934e-05,3.265299197720778e-06
2013-11-11,3.3179494480556594e-05,2.4990744574574827e-05,2.7371762012109583e-05,6.403023835523202e-06
2013-11-12,3.487347958264061e-05,2.4741737010615998e-05,2.5707840518338418e-05,2.0731662221113932e-05
2013-11-13,3.471135467259976e-05,2.411834083678422e-05,2.4825601248058495e-05,2.7989454559117535e-05
2013-11-14,3.0644633427600804e-05,2.5270860625067265e-05,2.3395885263503855e-05,1.419134095393619e-05
2013-11-15,3.0886275760097485e-05,2.5590514395777005e-05,2.262920909215457e-05,8.958438459210402e-06
2013-11-18,3.633727774626757e-05,3.5102847834332536e-05,2.2530094863543578e-05,2.4280801973416723e-05
2013-11-19,3.563288795231744e-05,3.522114622544176e-05,2.3054563181238433e-05,2.023078925691555e-05
2013-11-20,4.08786327601792e-05,3.473965002056987e-05,2.348712043571303e-05,5.0218654190725475e-05
2013-11-21,3.7413386156604776e-05,3.539174648299453e-05,2.2842610198635583e-05,1.6105676833575672e-05
2013-11-22,3.40425917797935e-05,3.509843130889214e-05,2.24416387060132e-05,7.406824959148212e-06
2013-11-25,3.202235631006552e-05,3.497109568380232e-05,2.2261616354812165e-05,9.842819880259211e-06
2013-11-26,3.0832738831268e-05,3.4680343303601306e-05,2.2414408898065058e-05,1.1060760352276196e-05
2013-11-27,2.509146453442552e-05,3.4553678592297845e-05,2.207101030233289e-05,5.620780845608092e-06
2013-11-29,2.6590894572735503e-05,3.411544334853147e-05,2.0778094520425127e-05,1.4187907982459464e-05
2013-12-02,2.797809450209053e-05,3.5107130246262046e-05,2.0053847616122014e-05,1.6791622338963196e-05
2013-12-03,3.1992904578416175e-05,3.424507528312716e-05,1.998195426819331e-05,3.345280104268645e-05
2013-12-04,3.945221655103846e-05,3.175226605889059e-05,2.2370520539125297e-05,7.743149351511561e-05
2013-12-05,3.711431812035431e-05,3.2221090687675226e-05,2.128411241030665e-05,1.4769732839686322e-05
2013-12-06,5.011543121313038e-05,2.7771616796823206e-05,2.4815263520988676e-05,0.00010747144155284807
2013-12-09,4.139787919968836e-05,2.9241762616599238e-05,2.3946088196391323e-05,1.2456525333911506e-05
2013-12-10,3.8499598222118596e-05,3.0262402367942868e-05,2.443748603029742e-05,1.3584653709748832e-05
2013-12-11,3.670576909861788e-05,3.268481038507487e-05,2.4990744574574813e-05,1.8021453265348424e-05
2013-12-12,3.7084229097854205e-05,3.351020571861573e-05,2.4741737010615984e-05,1.5502503377978465e-05
2013-12-13,3.203103251110862e-05,3.3910480236992065e-05,2.4118340836784237e-05,1.4898134908650827e-05
2013-12-16,3.7240795040145266e-05,3.2784893836429226e-05,2.5270860625067285e-05,3.8394256507880276e-05
2013-12-17,3.5392833830411946e-05,3.2932914989407865e-05,2.5590514395777022e-05,1.5671167644114966e-05
2013-12-18,5.412625452055572e-05,2.652924592327635e-05,3.510284783433253e-05,0.0002240398041830824
2013-12-19,4.7285041473025276e-05,2.5930114894993843e-05,3.522114622544178e-05,2.2715055470209828e-05
2013-12-20,5.3424690641459396e-05,2.7415659618548426e-05,3.4739650020569875e-05,4.0107233888415404e-05
2013-12-23,5.0885377679540594e-05,2.851525505793995e-05,3.539174648299455e-05,2.9799702544493877e-05
2013-12-24,3.249502524065021e-05,3.213089404122293e-05,3.5098431308892113e-05,1.2472063029970235e-06
2013-12-26,2.8689408093965832e-05,3.224007279216791e-05,3.49710956838023e-05,7.168771753373075e-06
2013-12-27,2.4784950058974165e-05,3.757707973005919e-05,3.4680343303601326e-05,4.954960368055767e-06
2013-12-30,1.939851994818617e-05,4.239061459237979e-05,3.455367859229783e-05,2.9608219082347056e-06
2013-12-31,1.7695651665400413e-05,5.3507254569585736e-05,3.411544334853147e-05,4.984967863365903e-06
2014-01-02,2.6383867471736067e-05,5.651962944001453e-05,3.510713024626206e-05,3.7617047191305594e-05
2014-01-03,2.610588388180148e-05,5.903737314438932e-05,3.4245075283127146e-05,1.5349646816853196e-05
2014-01-06,3.0107171193881413e-05,6.133997320349452e-05,3.17522660588906e-05,2.50824998061482e-05
2014-01-07,3.412140270100489e-05,6.168063842777722e-05,3.222109068767521e-05,2.4615050044163225e-05
2014-01-08,3.5255012808215494e-05,6.418037053394523e-05,2.7771616796823223e-05,1.4032489844956151e-05
2014-01-09,3.783296252444037e-05,6.272941349308698e-05,2.9241762616599234e-05,4.332958754920787e-05
2014-01-10,4.0313031840040985e-05,6.294688721495527e-05,3.0262402367942858e-05,3.501808848796484e-05
2014-01-13,4.683955686132789e-05,6.068091295210504e-05,3.268481038507487e-05,6.889202162512063e-05
2014-01-14,4.593410112309245e-05,6.197760277675751e-05,3.351020571861573e-05,3.283580538233663e-05
2014-01-15,4.68536674184587e-05,6.196289397900144e-05,3.391048023699207e-05,2.3303899794553974e-05
2014-01-16,4.206748591509906e-05,6.184490219533889e-05,3.278489383642921e-05,1.4756942096060247e-05
2014-01-17,4.0373650473710426e-05,6.468870787797751e-05,3.293291498940786e-05,1.8779611856666476e-05
2014-01-21,4.744596661609086e-05,6.267697037215301e-05,2.652924592327633e-05,8.956275379432029e-05
2014-01-22,3.53191960578186e-05,6.306382167622885e-05,2.5930114894993826e-05,1.0133303876277193e-05
2014-01-23,4.476162870292377e-05,6.317501433674019e-05,2.7415659618548443e-05,7.130367308306245e-05
2014-01-24,4.822076110300725e-05,6.194672412798042e-05,2.8515255057939935e-05,5.2891206771715214e-05
2014-01-27,5.571176498887038e-05,5.944933264696764e-05,3.213089404122291e-05,7.717562495193938e-05
2014-01-28,4.272051783519405e-05,5.961440765732121e-05,3.2240072792167886e-05,9.461525523217731e-06
2014-01-29,6.360425035226624e-05,5.691152636179247e-05,3.757707973005916e-05,0.00011703210606377247
2014-01-30,6.88093085881429e-05,5.7754928639194537e-05,4.2390614592379795e-05,0.00010404505401696806
2014-01-31,8.823860060851211e-05,5.1605266204044754e-05,5.350725456958575e-05,0.00023843440738469096
2014-02-03,8.996715037759296e-05,4.709636384372157e-05,5.65196294400145e-05,0.00010087691947030938
2014-02-04,0.0001016942971903396,4.459535850053849e-05,5.903737314438935e-05,6.82222646087249e-05
2014-02-05,0.00010206835797357533,4.362374423990072e-05,6.13399732034945e-05,7.34371010473564e-05
2014-02-06,8.915369856893937e-05,4.354952138793153e-05,6.168063842777726e-05,3.176901975410108e-05
2014-02-07,8.752036018624211e-05,4.198075412438271e-05,6.418037053394525e-05,6.652686407448397e-05
2014-02-10,6.763931632804508e-05,4.339169081581377e-05,6.272941349308704e-05,1.2859489691185474e-05
2014-02-11,7.021250690681928e-05,4.478997826952915e-05,6.29468872149553e-05,3.958503664719838e-05
2014-02-12,6.113642732618192e-05,4.555523846988007e-05,6.068091295210503e-05,2.13065621052649e-05
2014-02-13,6.842347623408584e-05,4.4699095523006145e-05,6.197760277675756e-05,6.006629170004012e-05
2014-02-14,5.908248366194219e-05,4.452163179700704e-05,6.196289397900142e-05,2.299501504167476e-05
2014-02-18,5.570284321754057e-05,4.799549405902977e-05,6.184490219533893e-05,1.2279114639148015e-05
2014-02-19,6.857509616911319e-05,4.562599946733794e-05,6.468870787797751e-05,7.84995311920764e-05
2014-02-20,7.131617802429545e-05,4.874404540816395e-05,6.267697037215305e-05,4.7316266172006676e-05
2014-02-21,5.958729405343357e-05,5.144296845581386e-05,6.30638216762288e-05,1.825718126186805e-05
2014-02-24,7.394636772656399e-05,5.122273311814591e-05,6.317501433674019e-05,7.363871895380148e-05
2014-02-25,7.157551300562666e-05,5.1778987078742607e-05,6.194672412798039e-05,2.7097112387759785e-05
2014-02-26,6.465145545851312e-05,5.2103145911637535e-05,5.944933264696764e-05,2.4730403850671416e-05
2014-02-27,5.509020285743171e-05,5.363331036141781e-05,5.9614407657321225e-05,1.2928100740643084e-05
2014-02-28,6.91010966669996e-05,5.5280685944923156e-05,5.691152636179248e-05,6.027159885766891e-05
2014-03-03,7.52066647475296e-05,5.114736066530773e-05,5.7754928639194584e-05,0.0001217565018424123
2014-03-04,8.214826444847622e-05,4.658124379303402e-05,5.160526620404479e-05,0.00010929149624654514
2014-03-05,5.6789391020703095e-05,4.730866818997718e-05,4.709636384372157e-05,6.1899699035216205e-06
2014-03-06,5.923759768715787e-05,4.960264476016849e-05,4.4595358500538516e-05,1.570115240188103e-05
2014-03-07,6.367695372451374e-05,4.923456922230757e-05,4.36237442399007e-05,5.303320157396197e-05
2014-03-10,5.46880898519871e-05,4.970147843863854e-05,4.354952138793153e-05,3.0210339862748774e-05
2014-03-11,5.0901063761423265e-05,5.0089534978023125e-05,4.198075412438271e-05,3.35827515399587e-05
2014-03-12,5.8485355620335046e-05,4.990468818195512e-05,4.339169081581379e-05,4.248916021123796e-05
2014-03-13,6.91910398242095e-05,5.1837024415743785e-05,4.4789978269529126e-05,6.894907317522061e-05
2014-03-14,6.463013170403641e-05,5.642398706005006e-05,4.555523846988011e-05,3.737702631263532e-05
2014-03-17,6.756455650783112e-05,6.176065149286532e-05,4.469909552300616e-05,4.208728981568729e-05
2014-03-18,6.0197315641700026e-05,6.478497506117417e-05,4.452163179700705e-05,1.926827679569353e-05
2014-03-19,7.194479900439317e-05,6.191170650426607e-05,4.7995494059029755e-05,8.52302221416247e-05
2014-03-20,6.383898802176004e-05,6.0861953287508996e-05,4.562599946733793e-05,2.874014476654817e-05
2014-03-21,7.634559240343097e-05,5.644704372414724e-05,4.874404540816396e-05,0.00011279523092935327
2014-03-24,7.784713439353116e-05,5.305449342159993e-05,5.144296845581382e-05,7.493456526251523e-05
2014-03-25,8.666619802083683e-05,5.267980757144259e-05,5.122273311814589e-05,6.901377686277497e-05
2014-03-26,7.787281128867791e-05,5.227063344436394e-05,5.177898707874264e-05,3.877844556029156e-05
2014-03-27,7.74632886521511e-05,5.778732057128796e-05,5.2103145911637535e-05,3.1537739341464034e-05
2014-03-28,7.524516527613725e-05,5.6713594601411474e-05,5.3633310361417786e-05,4.5061554186028517e-05
2014-03-31,8.38433800785654e-05,5.2994839550341466e-05,5.528068594492318e-05,9.486648611128229e-05
2014-04-01,7.383265825609157e-05,5.216071732996846e-05,5.114736066530776e-05,3.4956670970488496e-05
2014-04-02,6.147052460024154e-05,5.292225490299095e-05,4.6581243793033985e-05,1.3403041928795788e-05
2014-04-03,5.99442870950695e-05,5.456373730993144e-05,4.73086681899772e-05,2.1465882239329157e-05
2014-04-04,6.9439333187597e-05,5.2064860166975314e-05,4.9602644760168525e-05,6.387466037589864e-05
2014-04-07,6.586264723498559e-05,5.408726471069276e-05,4.923456922230756e-05,4.5303615278881585e-05
2014-04-08,6.551593069760981e-05,5.519703924329004e-05,4.97014784386385e-05,4.001543340569864e-05
2014-04-09,7.139300578087708e-05,5.459594860246547e-05,5.008953497802314e-05,4.1731938867036074e-05
2014-04-10,7.407084939732252e-05,5.5749248884520785e-05,4.99046881819551e-05,3.86073774938094e-05
2014-04-11,8.425402740697672e-05,5.091395600351746e-05,5.1837024415743805e-05,0.00010952813408478353
2014-04-14,9.313189779204058e-05,4.504256241813753e-05,5.6423987060050026e-05,0.00013370324184306553
2014-04-15,0.0001059717326364668,4.071394587100672e-05,6.176065149286534e-05,0.00015415724290480904
2014-04-16,0.00010765257373546214,3.828231550260561e-05,6.47849750611742e-05,8.277907173017952e-05
2014-04-17,9.650942181002619e-05,3.7792764503597526e-05,6.191170650426602e-05,2.4891582446553115e-05
2014-04-21,6.926686650203057e-05,3.854114885841289e-05,6.086195328750899e-05,6.695327214650472e-06
2014-04-22,6.54092087438826e-05,3.815726009604207e-05,5.6447043724147265e-05,2.0082130098756944e-05
2014-04-23,4.216155451773661e-05,3.87087552032915e-05,5.3054493421599915e-05,3.691008909020881e-06
2014-04-24,5.015928636266842e-05,3.612917816914018e-05,5.267980757144258e-05,6.114537400947095e-05
2014-04-25,4.755407157478744e-05,3.5474071215787234e-05,5.227063344436394e-05,3.0185788891640195e-05
2014-04-28,6.726621864579383e-05,2.8818387904732245e-05,5.778732057128799e-05,0.00014738816900686892
2014-04-29,5.889396807523708e-05,2.8680130464176185e-05,5.671359460141145e-05,2.2513308818621252e-05
2014-04-30,6.263470916006663e-05,2.815113954221707e-05,5.299483955034143e-05,1.677263003881185e-05
2014-05-01,5.579706574374311e-05,2.8590463386114896e-05,5.216071732996843e-05,1.7440104342655737e-05
2014-05-02,5.756590100828426e-05,2.766160382851129e-05,5.292225490299097e-05,2.9395330962268813e-05
2014-05-05,5.8045298613619906e-05,2.549064671150733e-05,5.4563737309931424e-05,5.593701278507876e-05
2014-05-06,4.8991364184601664e-05,2.6905665332660904e-05,5.206486016697528e-05,1.1398240373819748e-05
2014-05-07,6.35595132799704e-05,2.3050235759294443e-05,5.4087264710692716e-05,8.777411069694788e-05
2014-05-08,6.821518124793841e-05,2.0537039415544335e-05,5.519703924329009e-05,6.332069859024323e-05
2014-05-09,6.415910098517737e-05,1.9594580566012033e-05,5.45959486024655e-05,2.910903540971973e-05
2014-05-12,6.879275127643662e-05,1.7502162800395258e-05,5.574924888452075e-05,6.282668341696958e-05
2014-05-13,5.635053485814818e-05,1.8225801086584552e-05,5.091395600351748e-05,7.986983583715041e-06
2014-05-14,4.743758912836538e-05,1.866295068986854e-05,4.504256241813757e-05,1.0403976550087299e-05
2014-05-15,5.3007797589377975e-05,1.6325673810679613e-05,4.0713945871006744e-05,6.325629541506176e-05
2014-05-16,4.9223213416222424e-05,1.5345300005859883e-05,3.828231550260561e-05,3.1714833993755676e-05
2014-05-19,4.082765818502186e-05,1.5861522105824784e-05,3.7792764503597526e-05,1.4611011467383405e-05
2014-05-20,4.499680691606787e-05,1.5385490235036924e-05,3.8541148858412856e-05,2.241139866577241e-05
2014-05-21,4.4014133776644915e-05,1.5175656571479815e-05,3.81572600960421e-05,1.2020466088970926e-05
2014-05-22,4.0450984765304506e-05,1.4674462890848524e-05,3.870875520329152e-05,1.5272406161258715e-05
2014-05-23,3.5027096724211616e-05,1.6953116970324833e-05,3.612917816914019e-05,6.974256292292975e-06
2014-05-27,3.650927525115349e-05,1.682113057536577e-05,3.547407121578723e-05,1.6428542871228052e-05
2014-05-28,3.1303597467044204e-05,1.8896468851981832e-05,2.8818387904732252e-05,7.618819474714414e-06
2014-05-29,3.30966440466687e-05,1.8398931293254108e-05,2.86801304641762e-05,1.9609902566944138e-05
2014-05-30,2.763827174076826e-05,1.8449643094669347e-05,2.8151139542217068e-05,5.663820677670084e-06
2014-06-02,3.3977042671870415e-05,1.8594822526794852e-05,2.8590463386114906e-05,2.666590506451032e-05
2014-06-03,3.0313454244991755e-05,1.828568134913578e-05,2.7661603828511275e-05,9.889280252592527e-06
2014-06-04,3.03939501862751e-05,1.8332566881967152e-05,2.549064671150734e-05,1.0346913327996214e-05
2014-06-05,3.492374671506685e-05,1.6854183395677955e-05,2.6905665332660907e-05,4.111363141804465e-05
2014-06-06,3.0900114618541064e-05,1.7597744447373014e-05,2.305023575929444e-05,6.810089656252109e-06
2014-06-09,2.867814993290025e-05,1.7936616852123254e-05,2.0537039415544332e-05,1.0543575371490885e-05
2014-06-10,2.7249409243158814e-05,2.3269093781473178e-05,1.9594580566012046e-05,9.317399569541739e-06
2014-06-11,2.953496941185154e-05,2.2931235664876524e-05,1.7502162800395272e-05,1.8885910339017333e-05
2014-06-12,2.8255226358183746e-05,2.316527434700599e-05,1.8225801086584552e-05,2.3183387593689963e-05
2014-06-13,3.052351878716985e-05,2.4105700428520458e-05,1.8662950689868543e-05,1.9584118219051045e-05
2014-06-16,3.063636532621922e-05,2.4882961750818155e-05,1.6325673810679613e-05,1.4173480952094265e-05
2014-06-17,2.944090229792809e-05,2.7665665654854713e-05,1.5345300005859896e-05,1.112698409254166e-05
2014-06-18,3.166533921077473e-05,2.7541402005122173e-05,1.586152210582478e-05,2.5451675566645937e-05
2014-06-19,2.880016783706695e-05,2.8238478720275443e-05,1.5385490235036928e-05,1.2414729379227497e-05
2014-06-20,2.5571214382071933e-05,2.8718777463490673e-05,1.5175656571479823e-05,7.613959154271776e-06
2014-06-23,2.257237759940109e-05,2.8951764337957426e-05,1.4674462890848518e-05,4.747338868001278e-06
2014-06-24,3.052956954047657e-05,2.658979572167839e-05,1.6953116970324846e-05,5.4825991961295905e-05
2014-06-25,2.695815110236028e-05,2.6791785023306795e-05,1.682113057536577e-05,1.365682857708739e-05
2014-06-26,3.32358465484287e-05,2.61191577136483e-05,1.8896468851981836e-05,5.120092328365181e-05
2014-06-27,2.9631563224868425e-05,2.640522373209968e-05,1.839893129325411e-05,9.161613833662018e-06
2014-06-30,2.9055867125903713e-05,2.848223014986704e-05,1.844964309466936e-05,6.728768507390254e-06
2014-07-01,3.20029293247368e-05,3.036133954889218e-05,1.8594822526794852e-05,2.9714673139145627e-05
2014-07-02,2.3972821797594883e-05,3.367803025956513e-05,1.8285681349135788e-05,3.397315521752227e-06
2014-07-03,2.362645428168915e-05,3.5991628423264084e-05,1.833256688196716e-05,1.1331509517454993e-05
2014-07-07,2.356743600794544e-05,3.894122437339314e-05,1.6854183395677955e-05,1.0067578205971367e-05
2014-07-08,2.6732935619298455e-05,4.084385527166469e-05,1.7597744447373014e-05,2.2424871741848267e-05
2014-07-09,2.5864698589580388e-05,4.298122922318751e-05,1.7936616852123243e-05,1.7659895871245797e-05
2014-07-10,3.966998014645262e-05,3.9277884907315274e-05,2.326909378147316e-05,0.00012129941508589001
2014-07-11,3.390181797358883e-05,4.017178313918049e-05,2.2931235664876507e-05,1.1790889890487614e-05
2014-07-14,3.8954653275993915e-05,3.980781470473129e-05,2.3165274347005985e-05,2.809819991840893e-05
2014-07-15,4.188356073663154e-05,3.9245262518329335e-05,2.410570042852046e-05,3.933306593085513e-05
2014-07-16,4.307300712180923e-05,3.809675182232616e-05,2.488296175081816e-05,3.0495968720345848e-05
2014-07-17,4.539317561932955e-05,3.9421240861241685e-05,2.7665665654854693e-05,6.95637660773088e-05
2014-07-18,4.452573076150577e-05,3.993765062452568e-05,2.7541402005122183e-05,2.284213892226336e-05
2014-07-21,4.5000235776959096e-05,3.95200901608305e-05,2.8238478720275453e-05,2.7053340397446104e-05
2014-07-22,4.166534875886941e-05,3.910685711505307e-05,2.8718777463490653e-05,1.7700232761790978e-05
2014-07-23,3.7090962440256817e-05,3.9000460511164506e-05,2.8951764337957412e-05,9.640063231803177e-06
2014-07-24,2.985646065518324e-05,3.9316404914335495e-05,2.6589795721678404e-05,5.22465101943681e-06
2014-07-25,3.132077383576541e-05,4.099197019239198e-05,2.6791785023306815e-05,1.7898603911284076e-05
2014-07-28,3.436878121850485e-05,3.953369663507762e-05,2.6119157713648322e-05,3.707574978082333e-05
2014-07-29,3.104852483878707e-05,3.905689459840254e-05,2.64052237320997e-05,1.5169000221141029e-05
2014-07-30,3.9115899336661756e-05,3.746287235361664e-05,2.8482230149867025e-05,5.034590328050402e-05
2014-07-31,5.0016297854338894e-05,3.4955621589345635e-05,3.0361339548892173e-05,6.917597051867371e-05
2014-08-01,5.6290589344197316e-05,3.2558621883757234e-05,3.3678030259565116e-05,7.304782044588408e-05
2014-08-04,6.076971060325972e-05,3.0820855051806004e-05,3.5991628423264064e-05,5.991707095513298e-05
2014-08-05,7.106974864546271e-05,2.9494769850916376e-05,3.894122437339316e-05,7.200909315868246e-05
2014-08-06,7.406004108136125e-05,2.81601629853316e-05,4.084385527166472e-05,6.238012060555088e-05
2014-08-07,7.509075946175584e-05,2.6080110450593723e-05,4.2981229223187544e-05,6.25447488532251e-05
2014-08-08,7.195486752748871e-05,2.49869025885216e-05,3.927788490731527e-05,4.3529184452572244e-05
2014-08-11,6.521326741756941e-05,2.4694231470201246e-05,4.01717831391805e-05,3.0562752759657426e-05
2014-08-12,5.881972950454998e-05,2.4734345448425488e-05,3.9807814704731284e-05,2.045486279497539e-05
2014-08-13,5.674998440988892e-05,2.454963478277485e-05,3.924526251832931e-05,2.7519470016413592e-05
2014-08-14,4.226235882908798e-05,2.4876633810145877e-05,3.809675182232618e-05,6.37724410428029e-06
2014-08-15,5.527073109677321e-05,2.1620273970226656e-05,3.942124086124165e-05,9.737803589453354e-05
2014-08-18,5.092889866427243e-05,2.2322153854031184e-05,3.993765062452566e-05,3.3686743951227535e-05
2014-08-19,4.82170903449692e-05,2.212688915236459e-05,3.952009016083053e-05,1.8284570659848555e-05
2014-08-20,4.1599604544251e-05,2.2933586639882555e-05,3.910685711505309e-05,9.022338800464572e-06
2014-08-21,4.073665141606019e-05,2.3586094273739745e-05,3.9000460511164534e-05,7.4057345501436825e-06
2014-08-22,3.65914080495757e-05,2.4931828213561754e-05,3.931640491433553e-05,1.1859483486027543e-05
2014-08-25,4.3896654601039153e-05,2.3948754595734702e-05,4.0991970192391975e-05,5.3085474750469484e-05
2014-08-26,3.4576925337113535e-05,2.4236463635423134e-05,3.95336966350776e-05,6.45200507722164e-06
2014-08-27,3.165827340653912e-05,2.5667376020455878e-05,3.905689459840253e-05,5.156157450964465e-06
2014-08-28,3.64421337573552e-05,2.9407007236492294e-05,3.7462872353616625e-05,1.6871436139999992e-05
2014-08-29,3.640547422050427e-05,3.0141084501536443e-05,3.495562158934561e-05,1.6523704468982285e-05
2014-09-02,3.435041567838629e-05,3.0936983825671344e-05,3.2558621883757254e-05,2.2710826628528632e-05
2014-09-03,3.6750635977759305e-05,3.534364915596025e-05,3.0820855051806004e-05,2.3423967484156756e-05
2014-09-04,4.42044419964652e-05,3.708444158704413e-05,2.949476985091639e-05,4.4161303940000466e-05
2014-09-05,4.4933744104126214e-05,3.8237076459734404e-05,2.81601629853316e-05,3.4353376428270466e-05
2014-09-08,4.2467418495589364e-05,4.006617943092875e-05,2.6080110450593747e-05,1.8863645623730146e-05
2014-09-09,4.150576952644258e-05,4.582231688909545e-05,2.4986902588521583e-05,2.0571819349056718e-05
2014-09-10,4.16393147521329e-05,4.683851922260415e-05,2.4694231470201233e-05,2.4416659274930134e-05
2014-09-11,3.895989266545268e-05,4.9802493157666086e-05,2.4734345448425467e-05,2.129725633768437e-05
2014-09-12,3.836491326907821e-05,5.255551823025958e-05,2.454963478277485e-05,2.3640546037750575e-05
2014-09-15,3.5450814077286824e-05,5.849270812073405e-05,2.4876633810145887e-05,1.324422367907201e-05
2014-09-16,3.9496949096142724e-05,9.08907118780003e-05,2.1620273970226656e-05,2.8994479256229765e-05
2014-09-17,4.2296661958830045e-05,0.00011338079952367027,2.2322153854031177e-05,4.842622151112242e-05
2014-09-18,3.7128328625650266e-05,0.0001221599821675137,2.212688915236459e-05,1.4184011924850337e-05
2014-09-19,3.924315690781737e-05,0.00012171777958559602,2.293358663988254e-05,2.5962986038341465e-05
2014-09-22,4.0616699566516856e-05,0.00012428305428369195,2.3586094273739766e-05,2.1108394861145475e-05
2014-09-23,4.491052492768699e-05,0.000124103555408376,2.4931828213561757e-05,4.011989622228931e-05
2014-09-24,4.393057306222497e-05,0.0001300924958755434,2.3948754595734722e-05,3.2440928776101845e-05
2014-09-25,3.959893303791196e-05,0.00013156104130948766,2.423646363542315e-05,1.2493894910678497e-05
2014-09-26,4.462730300974953e-05,0.00013173542479960336,2.5667376020455885e-05,3.520531753665192e-05
2014-09-29,5.620642957267138e-05,0.00012793430915482892,2.9407007236492294e-05,9.540369167676451e-05
2014-09-30,5.192001504771329e-05,0.00012992812880758737,3.0141084501536426e-05,3.19393270349091e-05
2014-10-01,5.4339224225289224e-05,0.00013044659617379652,3.093698382567134e-05,3.942471243536171e-05
2014-10-02,7.038612988491569e-05,0.00013280658010417026,3.534364915596023e-05,0.00011596393942022373
2014-10-03,7.439684552475146e-05,0.00012979074043492986,3.7084441587044125e-05,8.071794499276219e-05
2014-10-06,7.079184222956871e-05,0.0001289728482149608,3.823707645973437e-05,5.8558708754765615e-05
2014-10-07,7.427896050798814e-05,0.00012991939460880403,4.006617943092876e-05,5.7274808018812335e-05
2014-10-08,8.98507426531926e-05,0.00012461609881139353,4.582231688909542e-05,0.00014145070597055648
2014-10-09,7.923891853469182e-05,0.00012303901445718328,4.6838519222604115e-05,4.575690827861278e-05
2014-10-10,8.494734875044261e-05,0.00011935267582379641,4.980249315766609e-05,8.354070897398587e-05
2014-10-13,8.908946011586742e-05,0.0001157672714462611,5.255551823025958e-05,8.145407256221373e-05
2014-10-14,0.00010164916494818308,0.00011030467454294927,5.849270812073401e-05,0.00013792521137903502
2014-10-15,0.00013779818765065214,7.81284775341679e-05,9.089071187800032e-05,0.0007093525581588223
2014-10-16,0.00016837038007155668,5.367906830745777e-05,0.00011338079952367025,0.000520718062070191
2014-10-17,0.00017160794943107873,4.473822226971623e-05,0.00012215998216751365,0.00019854684744556155
2014-10-20,0.00013002012187787512,4.456740407367684e-05,0.00012171777958559596,1.6676731818070035e-05
2014-10-21,0.0001417213848687737,4.2206476217298995e-05,0.00012428305428369187,7.497916352115974e-05
2014-10-22,0.00011151347613599481,4.1862872847775137e-05,0.000124103555408376,3.635041984065626e-05
2014-10-23,0.00011735674550094068,4.061635055876999e-05,0.0001300924958755434,0.00015820867858661692
2014-10-24,9.728790445205721e-05,3.895264297112472e-05,0.00013156104130948766,4.3333349023508134e-05
2014-10-27,0.00010489570435674166,3.76312949133279e-05,0.00013173542479960338,3.886737082908226e-05
2014-10-28,8.698579908397201e-05,3.716345065670703e-05,0.0001279343091548289,1.558026313650029e-05
2014-10-29,0.00010126024270984174,3.414154933381812e-05,0.0001299281288075874,7.380953974283734e-05
2014-10-30,9.199899639310571e-05,3.3016581332811666e-05,0.0001304465961737966,5.031252712575486e-05
2014-10-31,0.00011271567698985092,2.5606880833108738e-05,0.00013280658010417036,0.00016552360195807295
2014-11-03,8.778178377735892e-05,2.5246463642203835e-05,0.00012979074043492986,1.73853119387112e-05
2014-11-04,9.838168168861283e-05,2.479637024021004e-05,0.00012897284821496087,4.138297213541739e-05
2014-11-05,0.00010363600293111268,2.1639768304157962e-05,0.00012991939460880414,7.715228228952046e-05
2014-11-06,9.249926272763467e-05,2.267004486990969e-05,0.0001246160988113935,3.008149422493345e-05
2014-11-07,6.963424468468239e-05,2.9390811917558754e-05,0.0001230390144571832,1.2638136840196282e-05
2014-11-10,5.924437746042099e-05,3.045976101259356e-05,0.00011935267582379639,6.127597672862689e-06
2014-11-11,4.9424834681649596e-05,3.6085198726418965e-05,0.00011576727144626118,6.1605806339747175e-06
2014-11-12,4.8733229071425195e-05,4.1832493916864245e-05,0.0001103046745429493,2.3210676409485172e-05
2014-11-13,4.900938111932845e-05,4.635742296145308e-05,7.812847753416788e-05,3.3652420974412646e-05
2014-11-14,3.8729483800864735e-05,6.744849038658206e-05,5.367906830745773e-05,7.280468309277871e-06
2014-11-17,3.831430188042447e-05,7.042804331506391e-05,4.473822226971621e-05,1.0789080652989525e-05
2014-11-18,3.873812133468616e-05,0.00013785128815302518,4.456740407367683e-05,1.3089549701243293e-05
2014-11-19,4.116757868339825e-05,0.0001384263600151094,4.2206476217299e-05,2.5399678537225334e-05
2014-11-20,4.039350133780055e-05,0.000137424160780023,4.186287284777516e-05,2.9134749080655366e-05
2014-11-21,5.612093746192986e-05,0.00013200641108771836,4.0616350558770006e-05,0.00013203171051750883
2014-11-24,4.2930673187122546e-05,0.00013190402378106933,3.8952642971124716e-05,8.3954896829571e-06
2014-11-25,4.226169229842202e-05,0.00013195014024931074,3.7631294913327916e-05,1.1119061615349406e-05
2014-11-26,3.5096958895116444e-05,0.00013198504699300312,3.7163450656707044e-05,5.755533747462122e-06
2014-11-28,3.3881835102624845e-05,0.0001319821673458736,3.4141549333818096e-05,1.0349611962169316e-05
2014-12-01,3.193866617812717e-05,0.00013190263812691853,3.301658133281168e-05,2.6688199104620086e-05
2014-12-02,2.9109489163676553e-05,0.00013614767336259285,2.5606880833108728e-05,9.919891464311017e-06
2014-12-03,2.7280754478013502e-05,0.0001393070585159843,2.5246463642203835e-05,9.81655092970844e-06
2014-12-04,3.377146864979843e-05,0.00014377707469531993,2.4796370240210056e-05,3.193101069354809e-05
2014-12-05,3.0510866121360272e-05,0.0001478155876320318,2.1639768304157956e-05,1.0863641632426362e-05
2014-12-08,3.5458179012731117e-05,0.0001493606657069372,2.2670044869909686e-05,5.171730210571972e-05
2014-12-09,4.769338224133731e-05,0.0001448041635231897,2.939081191755878e-05,0.00015377424484082732
2014-12-10,4.6088921096132455e-05,0.00014600248705776597,3.045976101259358e-05,2.857552866859346e-05
2014-12-11,5.9656236011562134e-05,0.00015447484594497207,3.6085198726418965e-05,0.00012429477262430777
2014-12-12,7.638431051292095e-05,0.00015796489442249545,4.1832493916864224e-05,0.0001439038754088356
2014-12-15,8.334064969247371e-05,0.00015433173923729994,4.635742296145306e-05,0.0001286759309107783
2014-12-16,0.00010330516067165793,0.00013446397712395461,6.744849038658209e-05,0.00045019288423698715
2014-12-17,0.00010097771113469037,0.00013686569462877414,7.042804331506391e-05,7.335969215110801e-05
2014-12-18,0.00016272837293874602,7.20378823156756e-05,0.00013785128815302526,0.0014289776912984314
2014-12-19,0.00011641447090511009,7.879735559990102e-05,0.0001384263600151095,3.747618764099427e-05
2014-12-22,8.446296689449487e-05,7.909169966194198e-05,0.0001374241607800229,8.088565143837546e-06
2014-12-23,7.152241782667103e-05,7.99718919664526e-05,0.0001320064110877184,1.825896697911371e-05
2014-12-24,5.274804340172831e-05,8.995404878801997e-05,0.0001319040237810693,6.245356243326229e-06
2014-12-26,4.0452466414059804e-05,9.345961603267484e-05,0.00013195014024931082,1.2087507448421063e-05
2014-12-29,3.394757906004369e-05,0.00010061904687100411,0.00013198504699300312,6.488575365000483e-06
2014-12-30,3.612124081645682e-05,0.00010817509912814616,0.00013198216734587367,1.0289139372451108e-05
2014-12-31,4.0118517111669936e-05,0.00011831577263505532,0.0001319026381269185,2.5018085506561026e-05
2015-01-02,5.4969672931251366e-05,0.0001161625643859581,0.0001361476733625929,9.906563141347413e-05
2015-01-05,6.3492987269712e-05,0.00011594978323351793,0.00013930705851598435,7.616363915092877e-05
2015-01-06,8.461343351933889e-05,0.00011111694087589287,0.00014377707469532001,0.00012580135045959704
2015-01-07,9.842779650751122e-05,0.00010922436497707677,0.00014781558763203188,9.567241330337545e-05
2015-01-08,0.0001101037986616864,0.00010725066414683054,0.00014936066570693727,8.416394167873246e-05
2015-01-09,0.00010353749510478185,0.00010956086125121253,0.0001448041635231896,5.8087698982126534e-05
2015-01-12,9.850515104397738e-05,0.00010849127787850466,0.00014600248705776597,5.374032289469707e-05
2015-01-13,0.00012451935838909826,9.718503102815952e-05,0.00015447484594497204,0.0003022143092556354
2015-01-14,0.00012978562390594749,8.726142740691321e-05,0.00015796489442249543,0.0002171948934368264
2015-01-15,0.0001108004078154674,8.546120270335338e-05,0.00015433173923729996,5.237967202167382e-05
2015-01-16,0.00010031835451877799,8.44384732698077e-05,0.00013446397712395453,3.296987985673317e-05
2015-01-20,0.00011426283864264312,7.97205624234237e-05,0.00013686569462877416,0.0001237957597523201
2015-01-21,9.855644817988398e-05,7.899240479582273e-05,7.203788231567557e-05,6.759363272336116e-05
2015-01-22,0.00010052423737103937,7.090447076769604e-05,7.879735559990107e-05,0.0001794251266097299
2015-01-23,7.476659408838571e-05,7.087451988304795e-05,7.909169966194201e-05,1.42697904466972e-05
2015-01-26,8.326128032471011e-05,6.971598107100133e-05,7.997189196645267e-05,3.6743005373837616e-05
2015-01-27,0.00010356328277243823,6.0194987698515884e-05,8.995404878801998e-05,0.00021587064949623975
2015-01-28,0.00010460326749679349,5.6485713739104635e-05,9.345961603267477e-05,8.570441958617137e-05
2015-01-29,0.00011389035740481547,4.9209375738997346e-05,0.00010061904687100403,0.00015683662296991525
2015-01-30,0.00014402137378690064,4.357465979329895e-05,0.00010817509912814624,0.0001689662367724379
2015-02-02,0.00017799932270864328,3.452152217590705e-05,0.00011831577263505528,0.00023797222915165068
2015-02-03,0.00014703069241710088,3.2692793736731965e-05,0.00011616256438595812,5.384825818243359e-05
2015-02-04,0.00014751910611959503,3.285149204713306e-05,0.0001159497832335179,7.16952349496842e-05
2015-02-05,0.00011730803237241575,3.242208281012962e-05,0.0001111169408758929,2.4311660949472194e-05
2015-02-06,0.00011412384426821993,3.30739930894317e-05,0.0001092243649770768,5.592831942823689e-05
2015-02-09,9.805309973081096e-05,3.148733948331014e-05,0.00010725066414683053,4.2716224243561026e-05
2015-02-10,0.00011049719651065007,2.736581397728093e-05,0.00010956086125121257,0.00010660183817414937
2015-02-11,9.414935909535806e-05,3.179027389130453e-05,0.00010849127787850463,3.1279072067830324e-05
2015-02-12,0.00010664440541952356,3.2387033650305795e-05,9.718503102815955e-05,6.478312539838858e-05
2015-02-13,7.571846526863296e-05,3.3978165408608006e-05,8.726142740691328e-05,8.799217390654772e-06
2015-02-17,6.947143417820026e-05,4.029516943797943e-05,8.546120270335333e-05,1.4574953246914688e-05
2015-02-18,5.702862084659799e-05,4.102576345676644e-05,8.443847326980772e-05,1.149256175227579e-05
2015-02-19,5.9132232235685254e-05,4.0973909591671286e-05,7.972056242342371e-05,2.4719631978255818e-05
2015-02-20,6.0661271143416036e-05,3.930527897824976e-05,7.899240479582279e-05,5.2302322543741724e-05
2015-02-23,5.173931501845413e-05,3.990975019495613e-05,7.090447076769602e-05,9.578512019067873e-06
2015-02-24,5.036868189717082e-05,4.0618184404535576e-05,7.087451988304799e-05,1.3640821869088432e-05
2015-02-25,5.0141327514808385e-05,4.359317649634177e-05,6.971598107100138e-05,1.2413690320858649e-05
2015-02-26,4.8813283272418816e-05,4.326915553769303e-05,6.019498769851586e-05,1.5929788674044105e-05
2015-02-27,3.881418696534469e-05,4.5290389937683036e-05,5.6485713739104676e-05,7.809666438536322e-06
2015-03-02,3.2859510778927914e-05,4.7801829066635146e-05,4.9209375738997386e-05,4.033524967662141e-06
2015-03-03,4.252803015281281e-05,4.7944692326728465e-05,4.357465979329895e-05,5.0637201912770754e-05
2015-03-04,4.5092459766878935e-05,4.6750553155351776e-05,3.452152217590708e-05,4.785633918642144e-05
2015-03-05,3.910621668462722e-05,4.988333460443216e-05,3.2692793736731965e-05,1.544496095975614e-05
2015-03-06,5.148063340831345e-05,4.7802771764744086e-05,3.285149204713308e-05,7.502789946810765e-05
2015-03-09,4.818194045552842e-05,4.8182624697119744e-05,3.242208281012961e-05,1.5294066972399404e-05
2015-03-10,5.642369557234216e-05,4.645282771834868e-05,3.307399308943173e-05,6.961843529358133e-05
2015-03-11,4.2026123579313016e-05,4.643333638978412e-05,3.148733948331013e-05,9.396498515007472e-06
2015-03-12,4.465005685276573e-05,4.682777440143251e-05,2.7365813977280933e-05,2.0049802547536162e-05
2015-03-13,5.325013268887178e-05,4.2322505756319886e-05,3.1790273891304526e-05,0.00012419273026232575
2015-03-16,5.80431266824996e-05,3.968011505462189e-05,3.2387033650305795e-05,7.731508033741519e-05
2015-03-17,5.318513390748956e-05,3.8614917734580245e-05,3.397816540860801e-05,4.221298431500139e-05
2015-03-18,7.394649589564689e-05,3.62265980664197e-05,4.0295169437979394e-05,0.0001472320378637138
2015-03-19,6.688611526858891e-05,3.690983585843274e-05,4.1025763456766415e-05,2.6835036146803188e-05
2015-03-20,6.031994192808052e-05,3.732363835713554e-05,4.097390959167132e-05,2.363070081125877e-05
2015-03-23,5.305069501996763e-05,3.896325664589331e-05,3.930527897824976e-05,1.7261079661889084e-05
2015-03-24,5.104930250566233e-05,3.98130120726639e-05,3.990975019495613e-05,2.2272407569901605e-05
2015-03-25,4.778312020903836e-05,3.9143184351052356e-05,4.061818440453559e-05,2.85179402702571e-05
2015-03-26,5.68708826024438e-05,3.677895100428087e-05,4.359317649634179e-05,7.488852424878867e-05
2015-03-27,4.519239179127905e-05,3.960014914644634e-05,4.326915553769304e-05,9.125348542420489e-06
2015-03-30,5.638236538234153e-05,3.994823117956469e-05,4.529038993768306e-05,5.025558883832688e-05
2015-03-31,6.285661840690497e-05,4.080075756417984e-05,4.7801829066635174e-05,5.677374667565622e-05
2015-04-01,6.854044129888828e-05,3.947133295298138e-05,4.794469232672845e-05,5.3637330374729786e-05
2015-04-02,5.840463431922401e-05,3.9283264665535856e-05,4.6750553155351796e-05,2.2779416587511537e-05
2015-04-06,7.515439849268592e-05,3.711032283562746e-05,4.9883334604432124e-05,8.123337139044312e-05
2015-04-07,6.855945854099694e-05,4.08048668711451e-05,4.7802771764744066e-05,3.1336079834658395e-05
2015-04-08,6.17913732607083e-05,4.111979462116161e-05,4.8182624697119724e-05,2.3270978552288058e-05
2015-04-09,6.254756821832022e-05,4.4242314681483644e-05,4.645282771834871e-05,3.329269873939036e-05
2015-04-10,5.106473183326e-05,4.435433637218419e-05,4.643333638978414e-05,8.98718061515126e-06
2015-04-13,5.3311498768866566e-05,4.6263181637442596e-05,4.682777440143249e-05,2.8333000792151685e-05
2015-04-14,5.36944911582384e-05,4.6299020161692694e-05,4.232250575631985e-05,2.958208871496026e-05
2015-04-15,5.0484650612361376e-05,4.744064844974074e-05,3.9680115054621896e-05,2.1824875601758172e-05
2015-04-16,4.719566454797448e-05,4.693796832494394e-05,3.861491773458024e-05,1.9843840594126576e-05
2015-04-17,6.341606391095792e-05,4.2801971200727105e-05,3.622659806641969e-05,9.707732483234233e-05
2015-04-20,5.926767172573255e-05,4.124427256543354e-05,3.6909835858432736e-05,4.118302977907711e-05
2015-04-21,5.869633501107231e-05,4.057304804088329e-05,3.7323638357135566e-05,3.2320553284018335e-05
2015-04-22,6.539287581880963e-05,3.8621876394154454e-05,3.8963256645893285e-05,5.169306372580111e-05
2015-04-23,6.820601788016736e-05,3.723186971541682e-05,3.981301207266387e-05,4.011727153208386e-05
2015-04-24,5.51588385760476e-05,3.927972219735236e-05,3.914318435105235e-05,1.445155811641517e-05
2015-04-27,5.569211284629308e-05,3.9925633160129844e-05,3.677895100428085e-05,2.5239623966587207e-05
2015-04-28,6.311980099608446e-05,3.746538759963767e-05,3.960014914644634e-05,6.837050952789577e-05
2015-04-29,6.49113139619066e-05,3.533166023550003e-05,3.9948231179564706e-05,5.75653115338125e-05
2015-04-30,6.947252526793154e-05,3.4121762469448657e-05,4.0800757564179854e-05,7.467680075257433e-05
2015-05-01,6.530651427716152e-05,3.512822814016074e-05,3.9471332952981357e-05,2.5719413539561396e-05
2015-05-04,6.128266659987922e-05,3.5617915115367484e-05,3.928326466553587e-05,1.882998255115617e-05
2015-05-05,6.231358374123066e-05,3.669110413520548e-05,3.7110322835627435e-05,3.560159296236602e-05
2015-05-06,7.125067193673131e-05,3.292126311056941e-05,4.080486687114511e-05,0.00010892150458052959
2015-05-07,6.067108288081493e-05,3.1901313116098525e-05,4.111979462116161e-05,2.9884461302634625e-05
2015-05-08,7.470592504440781e-05,2.8291316965984344e-05,4.424231468148368e-05,9.886562000615369e-05
2015-05-11,5.978370230646144e-05,2.98056390799717e-05,4.435433637218422e-05,1.1339636119862686e-05
2015-05-12,7.46456887005581e-05,2.7273552916821914e-05,4.626318163744258e-05,6.841875136257728e-05
2015-05-13,6.462211508624702e-05,2.8540046641581867e-05,4.629902016169271e-05,3.0334697724213022e-05
2015-05-14,6.917674279975897e-05,2.9929686069195993e-05,4.744064844974077e-05,4.579906965076736e-05
2015-05-15,5.160598995152502e-05,3.002586124421673e-05,4.693796832494396e-05,9.287557973393724e-06
2015-05-18,5.098432470274064e-05,3.1867708625728746e-05,4.280197120072709e-05,1.0221385223787942e-05
2015-05-19,4.190097606573392e-05,3.4774431650849974e-05,4.1244272565433535e-05,8.471358437912466e-06
2015-05-20,4.237759886275534e-05,3.6352307799155406e-05,4.057304804088328e-05,1.8224838268462884e-05
2015-05-21,3.625129482821248e-05,3.770655457201655e-05,3.862187639415445e-05,1.0718459144495617e-05
2015-05-22,3.5589772390705405e-05,3.766354385137233e-05,3.723186971541682e-05,1.0927131278593884e-05
2015-05-26,4.5581542661741683e-05,3.587526219541783e-05,3.927972219735237e-05,5.7456460237061705e-05
2015-05-27,4.968272225908472e-05,3.4765634845037254e-05,3.992563316012988e-05,3.8803754184914824e-05
2015-05-28,4.5884749547928285e-05,3.521525336178932e-05,3.7465387599637676e-05,1.6705352757559508e-05
2015-05-29,4.3847943387003894e-05,4.691693155986551e-05,3.533166023550003e-05,1.2757036886921979e-05
2015-06-01,5.346755000667664e-05,4.972301434889902e-05,3.4121762469448657e-05,4.9268947665495396e-05
2015-06-02,5.2090358808237514e-05,5.2824176743067475e-05,3.512822814016077e-05,4.6855192624515694e-05
2015-06-03,4.9403812612138326e-05,5.27059991645231e-05,3.561791511536749e-05,2.911340903049749e-05
2015-06-04,5.77248932460625e-05,5.484971981176571e-05,3.669110413520545e-05,5.813856237896309e-05
2015-06-05,5.76407171116942e-05,6.622652156307247e-05,3.29212631105694e-05,2.9754843063172523e-05
2015-06-08,4.442100619545614e-05,7.020164680929743e-05,3.190131311609852e-05,8.465511418746098e-06
2015-06-09,4.565892510808014e-05,7.736830177630288e-05,2.8291316965984354e-05,2.3055700853756265e-05
2015-06-10,4.836647489633363e-05,8.873151906765155e-05,2.9805639079971706e-05,4.3140400513597104e-05
2015-06-11,4.1186482348667716e-05,9.06829250945817e-05,2.7273552916821897e-05,1.5244941936431307e-05
2015-06-12,4.739296860140877e-05,8.858078305180009e-05,2.8540046641581877e-05,5.6931065944172446e-05
2015-06-15,5.6663720179496065e-05,8.5830414498625e-05,2.9929686069196006e-05,7.498149763066411e-05
2015-06-16,4.5467205997083015e-05,8.720776192564388e-05,3.0025861244216736e-05,1.1307236648829168e-05
2015-06-17,5.306337707108088e-05,8.52512027068328e-05,3.186770862572873e-05,4.890018023553985e-05
2015-06-18,6.239470107858763e-05,8.250084602728398e-05,3.4774431650849974e-05,6.951254196545858e-05
2015-06-19,6.272219404203885e-05,8.080368679731718e-05,3.635230779915541e-05,5.136023738287704e-05
2015-06-22,5.980439844740678e-05,8.003429088998976e-05,3.770655457201656e-05,3.915764137457974e-05
2015-06-23,5.33077230648608e-05,8.05965397133269e-05,3.766354385137233e-05,1.0023906145065038e-05
2015-06-24,5.371569954998473e-05,8.102829364278886e-05,3.58752621954178e-05,1.9902545462016518e-05
2015-06-25,4.664691837891963e-05,8.244956250306059e-05,3.4765634845037254e-05,1.5501579826923318e-05
2015-06-26,4.61709655301564e-05,8.539483891155729e-05,3.5215253361789327e-05,2.6147341609353075e-05
2015-06-29,6.544557254225007e-05,7.383112462575499e-05,4.691693155986555e-05,0.00025849227904652274
2015-06-30,7.422347043765912e-05,7.038248717039293e-05,4.972301434889898e-05,0.00010819668623519735
2015-07-01,8.442493800669161e-05,6.592527294508806e-05,5.282417674306743e-05,0.000111979602902053
2015-07-02,7.728142282592207e-05,6.695571339386655e-05,5.2705999164523096e-05,2.663167988106674e-05
2015-07-06,9.606704112207581e-05,6.313759310188393e-05,5.4849719811765676e-05,0.00010315669597105742
2015-07-07,0.00010693023151140551,5.298843043972688e-05,6.622652156307242e-05,0.00026866767984061403
2015-07-08,9.955830770848597e-05,5.097794471012373e-05,7.020164680929749e-05,9.194314158947236e-05
2015-07-09,0.00011417185273931329,4.4371573633697786e-05,7.736830177630282e-05,0.00017355545516086818
2015-07-10,0.0001447352174745378,3.303922346672681e-05,8.87315190676515e-05,0.00028176796363191964
2015-07-13,0.00012349749149212486,3.4776304771391664e-05,9.068292509458164e-05,5.6224468501964155e-05
2015-07-14,9.036826802027091e-05,4.428244404508142e-05,8.858078305180003e-05,1.2786083045758668e-05
2015-07-15,8.119805619588385e-05,4.480973597635114e-05,8.583041449862506e-05,1.7223758013989834e-05
2015-07-16,7.80664379676529e-05,4.3273432976395965e-05,8.720776192564391e-05,4.0231532616224875e-05
2015-07-17,5.431260678300251e-05,4.490895079034924e-05,8.525120270683285e-05,7.812436640507726e-06
2015-07-20,4.934307669195041e-05,4.4952011296458377e-05,8.250084602728395e-05,1.1755051694931381e-05
2015-07-21,4.965792199569423e-05,4.860895404032423e-05,8.080368679731714e-05,1.5719893553574333e-05
2015-07-22,5.1278437501233306e-05,5.991344893923279e-05,8.003429088998972e-05,2.300032732070366e-05
2015-07-23,4.85591084902942e-05,8.203767487635384e-05,8.059653971332683e-05,2.1831131435144447e-05
2015-07-24,5.5098016817404904e-05,0.0003699022129495972,8.102829364278887e-05,2.89693779807193e-05
2015-07-27,6.318778794515219e-05,0.00041712931227307103,8.244956250306059e-05,4.534822589262951e-05
2015-07-28,7.682517415256795e-05,0.0004742480843860456,8.539483891155726e-05,8.799814618778338e-05
2015-07-29,6.518894555753235e-05,0.0004911287237721978,7.383112462575503e-05,1.5654279044675665e-05
2015-07-30,6.898617973203682e-05,0.0004919921643670794,7.038248717039287e-05,3.5775299672592055e-05
2015-07-31,6.14931659254985e-05,0.0004954545069147424,6.592527294508804e-05,1.8378104170651596e-05
2015-08-03,6.541288768088706e-05,0.0005284928081638125,6.695571339386652e-05,4.8270929305414614e-05
2015-08-04,5.652163154475634e-05,0.0005461617159354797,6.313759310188395e-05,2.297616983942337e-05
2015-08-05,6.481994403683182e-05,0.0005508627897763635,5.298843043972687e-05,5.553526393531549e-05
2015-08-06,6.351800061092815e-05,0.0005609019481244982,5.097794471012374e-05,4.9722941267806566e-05
2015-08-07,6.318150390578701e-05,0.0005759321444992156,4.437157363369782e-05,3.4821662555923886e-05
2015-08-10,6.220859740298048e-05,0.0005817391021178495,3.3039223466726806e-05,4.378861012552847e-05
2015-08-11,7.052350273030925e-05,0.0005825215446780017,3.4776304771391664e-05,9.270317589992606e-05
2015-08-12,8.407252587793062e-05,0.0005751690279878787,4.428244404508139e-05,0.00021241500779324308
2015-08-13,7.053491906296514e-05,0.0005750428730002293,4.4809735976351156e-05,2.8296888570654788e-05
2015-08-14,5.734403752377988e-05,0.0005786353959954384,4.3273432976395945e-05,7.96916961716546e-06
2015-08-17,6.507610904243459e-05,0.000578092878955461,4.4908950790349255e-05,4.2158310733527164e-05
2015-08-18,5.270823256097679e-05,0.0005885679358585882,4.4952011296458377e-05,1.2659322323222978e-05
2015-08-19,6.061467634397348e-05,0.0006160631757548502,4.8608954040324226e-05,9.251569117475722e-05
2015-08-20,7.993812878179585e-05,0.000608643140994846,5.991344893923276e-05,0.00026039472019778287
2015-08-21,0.00011589084307093403,0.000596476612069057,8.203767487635391e-05,0.0004864398761146887
2015-08-24,0.00021603102757168996,0.0003090936051729088,0.0003699022129495974,0.006074124677518831
2015-08-25,0.000268304429092861,0.0002681417818355088,0.000417129312273071,0.001037117311685575
2015-08-26,0.00034480935728097527,0.00021541944755479198,0.0004742480843860455,0.0012874923605602473
2015-08-27,0.00031639467564476806,0.00020197716682331096,0.0004911287237721977,0.0003701477061538729
2015-08-28,0.00024296273097553053,0.00020483532523692956,0.0004919921643670796,5.3907552165113536e-05
2015-08-31,0.0002005931682577297,0.0002102891591871718,0.0004954545069147425,9.108729767157096e-05
2015-09-01,0.0002511554769278679,0.00018222160997214776,0.0005284928081638125,0.0007420752555358867
2015-09-02,0.00023175217394751918,0.00017593548672242964,0.0005461617159354798,0.00039402323304443663
2015-09-03,0.00021170188195189334,0.00017232818857204017,0.0005508627897763635,0.00015425781459387143
2015-09-04,0.0002506025784199606,0.00016217875503099456,0.000560901948124498,0.00026054526657863335
2015-09-08,0.0002896091819803873,0.00015076739584246094,0.0005759321444992155,0.000350455786424989
2015-09-09,0.000256944179657717,0.00014530352118087176,0.0005817391021178496,0.00016573472011684702
2015-09-10,0.00023415624016593338,0.00014119520571590226,0.0005825215446780016,0.00010913446966311584
2015-09-11,0.00020773847371412227,0.00013890380661742661,0.0005751690279878784,5.801215730065522e-05
2015-09-14,0.0001620080185347588,0.00014210553619051325,0.0005750428730002295,2.564763383002853e-05
2015-09-15,0.00016712400728328603,0.0001399533981574582,0.0005786353959954382,8.341215251654907e-05
2015-09-16,0.00014309511950716275,0.00014067388610867866,0.0005780928789554613,3.076545289400773e-05
2015-09-17,0.00018270595279993627,0.00013130076789285956,0.0005885679358585882,0.00023263551728889065
2015-09-18,0.000249950413489994,0.00010061853822068748,0.0006160631757548502,0.0006699157289962606
2015-09-21,0.0002345312922898095,9.697725987725612e-05,0.000608643140994846,0.00010457399023769446
2015-09-22,0.00026530412054768534,8.712697054547059e-05,0.0005964766120690569,0.00023094276867311763
2015-09-23,0.0002214394008349954,9.19214241040031e-05,0.00030909360517290867,3.90815326997187e-05
2015-09-24,0.00022932564049148936,8.95391340074606e-05,0.00026814178183550883,0.00017712902160017872
2015-09-25,0.00020483784636350416,8.139218911999318e-05,0.00021541944755479184,0.00018032334066519
2015-09-28,0.00018475073301191618,7.865138004055444e-05,0.0002019771668233108,8.7859810792771e-05
2015-09-29,0.0001768202176524452,7.587286570117921e-05,0.0002048353252369297,0.00011392887885111044
2015-09-30,0.00021118871072924676,6.701206632355768e-05,0.00021028915918717178,0.00020561781062665435
2015-10-01,0.00020609972391091538,6.0701853166435564e-05,0.00018222160997214776,0.00015265672202038219
2015-10-02,0.00021635153829913974,4.932733994658964e-05,0.0001759354867224296,0.00026201464480035577
2015-10-05,0.00018789164108907607,4.735007469160921e-05,0.00017232818857204022,7.850455343569414e-05
2015-10-06,0.00016674045975674333,4.652936426273657e-05,0.0001621787550309945,4.7407162216673276e-05
2015-10-07,0.00016977823015629654,4.328587009122868e-05,0.0001507673958424609,0.00011081724346578333
2015-10-08,0.00014315634992589712,4.341544547247403e-05,0.00014530352118087176,5.0993352223475536e-05
2015-10-09,0.0001108618437209927,4.61208566395902e-05,0.00014119520571590229,2.285984489875632e-05
2015-10-12,8.682176843243722e-05,4.654026851710673e-05,0.0001389038066174266,9.892776232665934e-06
2015-10-13,0.00011049192602186307,4.241537348360109e-05,0.0001421055361905133,9.288395486484943e-05
2015-10-14,9.674877161932051e-05,4.373040637206848e-05,0.0001399533981574582,3.821725382239179e-05
2015-10-15,9.651192262436875e-05,4.2818316581977995e-05,0.0001406738861086786,4.5895699869636576e-05
2015-10-16,9.739568777498624e-05,4.199375575762021e-05,0.00013130076789285948,3.580003475668859e-05
2015-10-19,9.606996271226478e-05,4.351195979273291e-05,0.00010061853822068752,2.5588905880649895e-05
2015-10-20,8.464283138703315e-05,4.322606181653304e-05,9.697725987725614e-05,2.8107145025635273e-05
2015-10-21,7.892824958005464e-05,4.250139716349986e-05,8.712697054547053e-05,2.4086692705620166e-05
2015-10-22,9.717602234526491e-05,3.760543632289976e-05,9.192142410400317e-05,0.00013976505742890376
2015-10-23,0.00010655168810623301,3.2666405866843506e-05,8.953913400746064e-05,0.0001271009295727855
2015-10-26,7.56021147816161e-05,3.580997809191858e-05,8.139218911999314e-05,9.23749802837274e-06
2015-10-27,8.096765919672456e-05,3.466597223478568e-05,7.865138004055437e-05,3.0302820124556814e-05
2015-10-28,8.890779798590975e-05,3.256288225282264e-05,7.587286570117917e-05,5.5580077724231056e-05
2015-10-29,6.974707124473034e-05,3.2022476111065963e-05,6.701206632355765e-05,1.9541023696602424e-05
2015-10-30,5.9738086639596745e-05,3.244558739100222e-05,6.0701853166435544e-05,2.0142245720817948e-05
2015-11-02,6.164592658719189e-05,3.3140227580809366e-05,4.9327339946589606e-05,2.3149867183591244e-05
2015-11-03,6.251151594231296e-05,3.6660358313264806e-05,4.735007469160922e-05,3.6981983081106135e-05
2015-11-04,5.810906947873356e-05,3.689059839248855e-05,4.6529364262736546e-05,3.0172243210346975e-05
2015-11-05,6.264305327051302e-05,3.8342225849159713e-05,4.3285870091228704e-05,4.2703865864118585e-05
2015-11-06,6.687236626357957e-05,4.321101762277802e-05,4.341544547247406e-05,5.371443522962811e-05
2015-11-09,7.520970958399947e-05,5.1927195888241886e-05,4.6120856639590174e-05,7.96734794081948e-05
2015-11-10,6.356868821043813e-05,5.477496312548734e-05,4.654026851710677e-05,1.870042566051419e-05
2015-11-11,5.217648829834088e-05,6.45496316520388e-05,4.2415373483601054e-05,6.261159161229648e-06
2015-11-12,6.493965925875221e-05,6.898278551015329e-05,4.373040637206848e-05,6.583294448020774e-05
2015-11-13,5.726725943855584e-05,7.767036930531011e-05,4.2818316581978015e-05,2.674181427773671e-05
2015-11-16,4.988088650844486e-05,8.530356127574472e-05,4.199375575762024e-05,1.848425744517541e-05
2015-11-17,5.934397432122767e-05,8.31174673171364e-05,4.3511959792732884e-05,5.7471190618015275e-05
2015-11-18,5.8953471876079704e-05,8.827570896412997e-05,4.3226061816533015e-05,2.2103287525438186e-05
2015-11-19,4.7215240876016454e-05,9.271546892762666e-05,4.250139716349986e-05,8.868734991923906e-06
2015-11-20,5.4787815542573024e-05,9.534889794356185e-05,3.760543632289973e-05,3.69498797763009e-05
2015-11-23,5.165273760534488e-05,9.61115752659397e-05,3.2666405866843526e-05,2.3381289995605222e-05
2015-11-24,5.738405463542378e-05,9.316201554268767e-05,3.580997809191857e-05,7.525251475494867e-05
2015-11-25,4.2541492265395464e-05,9.497612447055963e-05,3.466597223478571e-05,6.278697124766716e-06
2015-11-27,4.464744968630563e-05,9.69257456128188e-05,3.2562882252822635e-05,1.1415188103006614e-05
2015-11-30,3.810009617963341e-05,9.702848171043523e-05,3.202247611106594e-05,8.192494719711717e-06
2015-12-01,4.332844143938143e-05,9.810391302972702e-05,3.244558739100224e-05,2.9027582599480295e-05
2015-12-02,4.2934650106152944e-05,0.00011513719864517165,3.3140227580809386e-05,3.773731116954139e-05
2015-12-03,5.801731136881227e-05,0.00011243245449030543,3.66603583132648e-05,0.00011090472846266961
2015-12-04,5.636474321323623e-05,0.00012529179731493023,3.689059839248852e-05,3.5007284874045305e-05
2015-12-07,6.99958665771086e-05,0.00014661341458092924,3.834222584915973e-05,7.318804245421395e-05
2015-12-08,8.498552806770682e-05,0.00014565525190827239,4.321101762277804e-05,0.0001559590624756127
2015-12-09,0.00010336334432484635,0.0001448540727700984,5.1927195888241886e-05,0.0002627132229829355
2015-12-10,9.124763771739465e-05,0.0001543606268623646,5.477496312548729e-05,7.850353764266757e-05
2015-12-11,0.00011630141409107088,0.00015183303830975596,6.45496316520388e-05,0.00021152919821881155
2015-12-14,0.00012662451749713505,0.0001620650904267686,6.898278551015329e-05,0.00015892917550061196
2015-12-15,0.00013492467340623618,0.0001939407433295402,7.767036930531012e-05,0.00020918107397602996
2015-12-16,0.0001346856339463936,0.0002014674035137583,8.530356127574467e-05,0.00017878128882430086
2015-12-17,9.380288750393457e-05,0.0002460924596064942,8.31174673171364e-05,1.1563217487241731e-05
2015-12-18,0.00011356702196771105,0.0002526068103906981,8.827570896413004e-05,0.00013042636211230488
2015-12-21,0.00011134120077459997,0.00026284306126710507,9.271546892762664e-05,0.00010210369422535215
2015-12-22,0.00010958269332424029,0.000260466730926368,9.534889794356179e-05,9.225188911093912e-05
2015-12-23,9.282767528446518e-05,0.00026149594832219534,9.61115752659397e-05,3.9397513765541655e-05
2015-12-24,8.449476973283759e-05,0.0002739435411331568,9.316201554268773e-05,1.331176056665716e-05
2015-12-28,8.666563401716322e-05,0.00028396765791503006,9.497612447055958e-05,4.4374984610075505e-05
2015-12-29,8.770865122604009e-05,0.00028406514067392993,9.692574561281883e-05,5.2357232090450374e-05
2015-12-30,6.651658069589023e-05,0.00028940217071384683,9.702848171043518e-05,1.0349952769655503e-05
2015-12-31,8.026436826163203e-05,0.00029259957984899884,9.810391302972707e-05,5.1611640304609983e-05
2016-01-04,0.00012392908421907092,0.00030011935967764564,0.00011513719864517173,0.00039543630909387895
2016-01-05,0.00010669541882649048,0.00030264224690214873,0.00011243245449030541,5.410510121047731e-05
2016-01-06,0.00014064684433224238,0.0002957333594886876,0.0001252917973149302,0.0003050534841911661
2016-01-07,0.0001979199165799251,0.0002886673402319448,0.0001466134145809293,0.0005209420050401945
2016-01-08,0.00018979565826222238,0.0002961132125603054,0.00014565525190827233,0.00013583764634981615
2016-01-11,0.00019541128989314626,0.0002940561583589693,0.0001448540727700983,0.0002458884610812811
2016-01-12,0.00021903438692030388,0.0002991899770098435,0.0001543606268623645,0.0002781411735802582
2016-01-13,0.00020307359455621623,0.0003016200438582375,0.00015183303830975593,0.00015844983861403164
2016-01-14,0.00021622753794401406,0.00029333770143624916,0.00016206509042676853,0.0003738022699578761
2016-01-15,0.00026986817682999524,0.00025558415742435073,0.0001939407433295402,0.0008785697849342355
2016-01-19,0.0002559998356834697,0.0002404866172760311,0.00020146740351375823,0.0003368411526928792
2016-01-20,0.00031146259866828387,0.00019810008901104278,0.00024609245960649425,0.0009486893954346983
2016-01-21,0.00030653050014986386,0.00019017938041337637,0.0002526068103906981,0.000267227728580586
2016-01-22,0.00031299243947675897,0.0001769866009579132,0.0002628430612671053,0.0003170649626299031
2016-01-25,0.0002145875650625402,0.00018656824919363542,0.00026046673092636804,4.234895195545643e-05
2016-01-26,0.00019733708664119456,0.0001871376504232654,0.0002614959483221951,6.1011079077909926e-05
2016-01-27,0.00021517295064030098,0.00017598261623248627,0.0002739435411331566,0.0002747112095968489
2016-01-28,0.00022575482555150977,0.0001680989335371634,0.0002839676579150303,0.00025488143702942235
2016-01-29,0.0001778230044439603,0.00017110540765762983,0.00028406514067393004,5.440437002734512e-05
2016-02-01,0.00020692348972476958,0.0001665810188029711,0.00028940217071384705,0.00012242758360791252
2016-02-02,0.00022528578525172352,0.00016237284650147255,0.00029259957984899867,0.00011875723214279482
2016-02-03,0.0002797277050142808,0.0001391814860395285,0.0003001193596776457,0.0005533516854954659
2016-02-04,0.00022529335236693354,0.0001366258400587022,0.00030264224690214884,0.00010708573292504299
2016-02-05,0.0002547486703530033,0.00013227647007667793,0.00029573335948868763,0.0001599668485084815
2016-02-08,0.0002947629597345965,0.00011691951597967272,0.0002886673402319448,0.00037255560064859575
2016-02-09,0.0003029816319872937,0.00011215119883348309,0.0002961132125603054,0.0002922009652453878
2016-02-10,0.0002774406612368908,0.00011275780154376759,0.00029405615835896933,0.0002026903228532237
2016-02-11,0.0003206272852234824,9.568027017959825e-05,0.00029918997700984363,0.0003859513652486192
2016-02-12,0.0003085116662135103,8.812109557829485e-05,0.00030162004385823747,0.0002094812424303022
2016-02-16,0.00029643113233365537,8.03170052817839e-05,0.00029333770143624905,0.00019987307909611875
2016-02-17,0.0002484731249986316,7.861056102633435e-05,0.0002555841574243507,8.574536068437017e-05
2016-02-18,0.00017659823167246472,7.843244776008931e-05,0.00024048661727603095,1.9792809578164872e-05
2016-02-19,0.00016570843753980385,7.628864197259307e-05,0.0001981000890110426,5.8572301869942814e-05
2016-02-22,0.00015875057370421593,7.376462717105261e-05,0.0001901793804133762,0.00010089284802959111
2016-02-23,0.00012797450037163293,7.262538316599397e-05,0.0001769866009579133,4.0016594065182535e-05
2016-02-24,0.00015832866504959174,6.319738985016894e-05,0.00018656824919363547,0.0002435635649056221
2016-02-25,0.00015739895110678128,6.072796576903662e-05,0.00018713765042326544,7.296850490013903e-05
2016-02-26,0.00014523210993287074,6.056567980068664e-05,0.00017598261623248614,4.0455491590483806e-05
2016-02-29,0.00015196795556730592,5.8763024698691476e-05,0.00016809893353716347,8.932410042764664e-05
2016-03-01,0.0001642309056124651,5.380273522265131e-05,0.0001711054076576298,0.0001175403265571378
2016-03-02,0.00012465259847503887,5.59705350310488e-05,0.00016658101880297118,2.741541766008124e-05
2016-03-03,0.00011593492874973732,5.513068380111487e-05,0.00016237284650147244,3.0385613811321325e-05
2016-03-04,0.00012652419268042818,5.8772305739862456e-05,0.0001391814860395284,6.633311579464041e-05
2016-03-07,0.00011514524864073418,5.699216521543618e-05,0.00013662584005870218,5.3417167327692636e-05
2016-03-08,0.00011276026129301785,5.835329302867751e-05,0.000132276470076678,6.863007888597363e-05
2016-03-09,0.00011161997281994826,5.999926839131148e-05,0.00011691951597967263,5.0059564611483634e-05
2016-03-10,0.0001390589934707625,5.355789351103715e-05,0.000112151198833483,0.0001920663051754057
2016-03-11,0.0001504861686008409,4.541528610433707e-05,0.00011275780154376751,0.00021542897976919794
2016-03-14,0.00011649442144193494,4.574447106521385e-05,9.568027017959832e-05,2.7323206601066186e-05
2016-03-15,0.00011606978281915278,4.3889327676807996e-05,8.812109557829484e-05,5.0738575802929155e-05
2016-03-16,0.00010684790102376401,4.25003179366803e-05,8.031700528178393e-05,3.598718286938968e-05
2016-03-17,9.832217744048152e-05,4.2116758111838634e-05,7.86105610263343e-05,4.991003131992793e-05
2016-03-18,7.33720341519838e-05,4.260681958474929e-05,7.843244776008937e-05,1.605243098702141e-05
2016-03-21,6.868818772789542e-05,4.324971258410007e-05,7.628864197259309e-05,1.3552380332520837e-05
2016-03-22,7.595319351342338e-05,4.166194427410634e-05,7.376462717105261e-05,4.788853719724136e-05
2016-03-23,6.355851303934942e-05,4.209074754386931e-05,7.262538316599403e-05,1.609246995895192e-05
2016-03-24,6.924102069969724e-05,4.134202647340438e-05,6.319738985016895e-05,4.55757052732955e-05
2016-03-28,6.306163166994866e-05,4.126832549950466e-05,6.072796576903665e-05,2.1110599196360894e-05
2016-03-29,6.965421898288913e-05,4.099340915892687e-05,6.056567980068666e-05,3.704748625513412e-05
2016-03-30,7.202436175863013e-05,4.349826420521221e-05,5.8763024698691476e-05,5.14683432857479e-05
2016-03-31,6.128411950529398e-05,4.628895785268213e-05,5.380273522265129e-05,1.337424756029385e-05
2016-04-01,7.240839566057641e-05,4.4380446426275326e-05,5.597053503104877e-05,7.293921363642818e-05
2016-04-04,5.95509546541497e-05,4.753114165235016e-05,5.513068380111483e-05,1.2748737982708379e-05
2016-04-05,8.211551912604542e-05,4.347059614397845e-05,5.8772305739862503e-05,0.00014280717650834164
2016-04-06,6.159023245238306e-05,4.414498403342832e-05,5.69921652154362e-05,1.6034216314740598e-05
2016-04-07,8.250082452657047e-05,4.093266788908446e-05,5.835329302867753e-05,9.721376296404125e-05
2016-04-08,8.261893921715549e-05,3.752837791459989e-05,5.9999268391311494e-05,8.462504722679681e-05
2016-04-11,8.807427547793843e-05,3.579377206387077e-05,5.355789351103718e-05,5.67974326896454e-05
2016-04-12,7.793776915002245e-05,3.541454274134269e-05,4.5415286104337065e-05,4.443422422849544e-05
2016-04-13,7.740689216043775e-05,3.724505382233365e-05,4.5744471065213856e-05,3.423609077947882e-05
2016-04-14,6.0778077803626294e-05,3.913865528620572e-05,4.3889327676808016e-05,1.1780564646406474e-05
2016-04-15,4.759430090216093e-05,4.049560655076373e-05,4.250031793668031e-05,6.817978326707815e-06
2016-04-18,5.466594176808055e-05,4.092662425322482e-05,4.211675811183865e-05,4.185527499825289e-05
2016-04-19,5.0227174048761134e-05,4.396358532680686e-05,4.260681958474932e-05,2.634372191814577e-05
2016-04-20,5.005582475157275e-05,4.577523791267647e-05,4.32497125841001e-05,2.7053133318887136e-05
2016-04-21,4.8173040267531904e-05,4.652581110878572e-05,4.1661944274106355e-05,1.4545402687372688e-05
2016-04-22,5.4240635169774994e-05,4.5694754228072704e-05,4.209074754386928e-05,2.509733862397331e-05
2016-04-25,5.447563212838958e-05,4.6214423115207125e-05,4.1342026473404386e-05,2.985256279353292e-05
2016-04-26,5.0766542401095224e-05,4.7807512601172756e-05,4.1268325499504634e-05,1.9562878744466045e-05
2016-04-27,5.3720321682484795e-05,4.664366648678336e-05,4.099340915892687e-05,3.127424310300102e-05
2016-04-28,6.865082335488753e-05,4.178493407092137e-05,4.3498264205212195e-05,0.00010407029925773972
2016-04-29,7.167135211288217e-05,3.957273958219841e-05,4.6288957852682155e-05,7.197881415716293e-05
2016-05-02,6.851196655109984e-05,3.922367527885324e-05,4.4380446426275306e-05,3.28604736818844e-05
2016-05-03,8.100797581142383e-05,3.6740366345314406e-05,4.753114165235015e-05,7.891333773028017e-05
2016-05-04,8.425867675908923e-05,3.6802487570862405e-05,4.347059614397842e-05,5.7535720832535274e-05
2016-05-05,7.154780456783594e-05,3.620411086137555e-05,4.414498403342831e-05,3.0196361993188317e-05
2016-05-06,6.819733524868562e-05,3.539402183738931e-05,4.093266788908449e-05,2.975512393282094e-05
2016-05-09,5.7801521157275515e-05,3.501166533936092e-05,3.75283779145999e-05,1.3134957762620455e-05
2016-05-10,5.357538714266608e-05,3.5234202743278e-05,3.579377206387078e-05,2.0370709824333842e-05
2016-05-11,5.424210795370196e-05,3.734963204800927e-05,3.5414542741342676e-05,3.6470408455405134e-05
2016-05-12,6.147393956438539e-05,3.664633526301616e-05,3.7245053822333675e-05,7.267682348029e-05
2016-05-13,6.231738660030389e-05,3.632040961609105e-05,3.91386552862057e-05,5.1546195387718894e-05
2016-05-16,6.561203113759417e-05,3.708773929373528e-05,4.049560655076373e-05,3.531395488242641e-05
2016-05-17,7.447502445541e-05,4.152832853383296e-05,4.0926624253224824e-05,5.0906646749935945e-05
2016-05-18,8.410363629353303e-05,4.0071456443018354e-05,4.3963585326806825e-05,9.011990446336784e-05
2016-05-19,8.251459619574676e-05,4.444659249328338e-05,4.5775237912676506e-05,6.509783762215034e-05
2016-05-20,7.479569373146145e-05,4.3929112274676724e-05,4.652581110878573e-05,3.0307439805666444e-05
2016-05-23,5.946566807845251e-05,4.5045945689625045e-05,4.5694754228072683e-05,7.64514412899932e-06
2016-05-24,6.824129711842513e-05,4.726186099414339e-05,4.621442311520714e-05,4.076560942335632e-05
2016-05-25,6.811095880280168e-05,0.00016345446341821648,4.780751260117275e-05,5.301775794974397e-05
2016-05-26,4.8410807600086834e-05,0.0001696546187802097,4.664366648678339e-05,6.833474700824616e-06
2016-05-27,3.484590389373808e-05,0.00017467963948034323,4.178493407092139e-05,2.036918524637681e-06
2016-05-31,4.560558162304565e-05,0.00017743556676265142,3.957273958219843e-05,2.5522729893980715e-05
2016-06-01,4.343031875028305e-05,0.00017880889831601077,3.922367527885321e-05,2.553012331163466e-05
2016-06-02,4.155483848883751e-05,0.00017828540048044433,3.674036634531441e-05,2.6763850125965522e-05
2016-06-03,5.086576335119211e-05,0.0001775536027519187,3.68024875708624e-05,5.8840266569043e-05
2016-06-06,5.1726901515443025e-05,0.0001795894330118801,3.620411086137556e-05,1.7630451093964678e-05
2016-06-07,4.735787364572079e-05,0.00018118675343243112,3.5394021837389326e-05,1.274325442910999e-05
2016-06-08,3.822899063543055e-05,0.00018454858372252237,3.5011665339360945e-05,5.105471304024429e-06
2016-06-09,4.409428373544955e-05,0.00018439045325640833,3.5234202743278026e-05,2.5043995306592604e-05
2016-06-10,5.09852943589177e-05,0.00018388130834690267,3.734963204800927e-05,8.089442385476144e-05
2016-06-13,5.398485104673054e-05,0.00018201757290614302,3.6646335263016135e-05,5.790759099543398e-05
2016-06-14,5.681142199098274e-05,0.00018263005295192643,3.632040961609102e-05,4.470175680229139e-05
2016-06-15,6.682578079835467e-05,0.00018168075651770556,3.7087739293735286e-05,5.142787811295614e-05
2016-06-16,8.384433713518551e-05,0.00017518452561964118,4.152832853383299e-05,0.0001441590207919878
2016-06-17,7.64279048605301e-05,0.00017277328820867126,4.007145644301834e-05,5.952559055626016e-05
2016-06-20,8.946402229018334e-05,0.00016563235652006838,4.444659249328336e-05,0.0001569756946777156
2016-06-21,6.941063998197535e-05,0.00016561478871623836,4.392911227467674e-05,1.94403552149275e-05
2016-06-22,6.995093848716743e-05,0.00016456696344888645,4.504594568962503e-05,3.1098645842913376e-05
2016-06-23,7.720046217757798e-05,0.00016120513161484466,4.726186099414342e-05,8.729983081824275e-05
2016-06-24,0.00014096894294221617,4.355115988644368e-05,0.0001634544634182165,0.0024930624088552785
2016-06-27,0.00011096536443760948,3.872110934180792e-05,0.00016965461878020957,0.00013703673730267897
2016-06-28,0.00012672937120206717,3.449673239659581e-05,0.00017467963948034328,0.00010756235322744588
2016-06-29,0.00014130985523961635,3.141299301369854e-05,0.00017743556676265144,8.339720282245202e-05
2016-06-30,0.0001340073630379541,2.9577137218296968e-05,0.00017880889831601082,5.437008593218148e-05
2016-07-01,8.633762239804518e-05,3.123888221567521e-05,0.00017828540048044425,1.5770395579067736e-05
2016-07-05,8.811628146938749e-05,2.960567066017759e-05,0.00017755360275191882,4.347251427000858e-05
2016-07-06,8.732754686430045e-05,3.149494942072082e-05,0.0001795894330118801,6.0382886553151874e-05
2016-07-07,8.364848499938711e-05,2.9382194454950495e-05,0.0001811867534324311,4.6286983260680637e-05
2016-07-08,9.198240737865543e-05,2.6086977392019492e-05,0.0001845485837225224,7.570390739594192e-05
2016-07-11,8.673184439593381e-05,2.5549213020389792e-05,0.00018439045325640822,2.1723255518195295e-05
2016-07-12,0.00010062233207850903,2.2736869584245242e-05,0.0001838813083469027,7.020238075514486e-05
2016-07-13,8.131237925247144e-05,2.264181324798019e-05,0.00018201757290614288,1.8769146739477946e-05
2016-07-14,9.064344583409826e-05,2.027571183508322e-05,0.00018263005295192643,5.7563837763745547e-05
2016-07-15,8.089327217332965e-05,1.921003324217827e-05,0.00018168075651770559,3.149265299431872e-05
2016-07-18,6.496911789519156e-05,1.913771668018999e-05,0.0001751845256196411,7.738171932633798e-06
2016-07-19,5.472259896178892e-05,2.013118403533408e-05,0.00017277328820867124,8.889604925892648e-06
2016-07-20,4.844192225123205e-05,1.9904616625432807e-05,0.0001656323565200684,7.016129217056723e-06
2016-07-21,4.726191103946127e-05,1.9846586792446403e-05,0.00016561478871623847,1.9071431334498176e-05
2016-07-22,4.042274019960776e-05,1.9938376469207236e-05,0.00016456696344888653,9.09431522852335e-06
2016-07-25,4.421898209284948e-05,1.9900850267042815e-05,0.0001612051316148448,1.670136230336618e-05
2016-07-26,4.6923654544318605e-05,1.9690509522710993e-05,4.3551159886443715e-05,2.2329002558855653e-05
2016-07-27,5.020861845722298e-05,1.8674022687293702e-05,3.8721109341807903e-05,3.560567586532693e-05
2016-07-28,4.6815266416341304e-05,2.177559724373922e-05,3.44967323965958e-05,1.885043737799168e-05
2016-07-29,4.742250726801806e-05,2.1330392965119945e-05,3.141299301369853e-05,1.863867578160939e-05
2016-08-01,4.5241836393084893e-05,2.1375724010001872e-05,2.957713721829696e-05,1.5817114228748552e-05
2016-08-02,5.244491522223896e-05,2.0217021712913395e-05,3.12388822156752e-05,5.0667040524010737e-05
2016-08-03,4.1330317282569594e-05,2.1751302656619245e-05,2.9605670660177586e-05,9.175071604558603e-06
2016-08-04,5.691930618200379e-05,1.869182469861081e-05,3.149494942072083e-05,0.00010005774052456011
2016-08-05,3.330434396401664e-05,1.9728051041763337e-05,2.938219445495048e-05,1.9191289795032284e-06
2016-08-08,3.365110305056281e-05,1.9915375473759087e-05,2.608697739201948e-05,6.504349074390839e-06
2016-08-09,3.056360892362013e-05,1.9875888283609566e-05,2.5549213020389785e-05,1.0430203713971761e-05
2016-08-10,3.074118233202809e-05,2.2072602160413612e-05,2.2736869584245256e-05,1.1143168596109756e-05
2016-08-11,2.768809932282676e-05,2.457243591193592e-05,2.2641813247980177e-05,1.6772963677911356e-05
2016-08-12,2.7982057950383584e-05,2.8906523871954657e-05,2.0275711835083213e-05,7.875708092909275e-06
2016-08-15,2.7991415543633466e-05,3.128936756849012e-05,1.9210033242178274e-05,9.113402543315039e-06
2016-08-16,2.548526571797332e-05,3.2871474313185486e-05,1.9137716680189983e-05,6.219524130879654e-06
2016-08-17,3.166227850358463e-05,3.5646060653574506e-05,2.0131184035334072e-05,2.975241938391852e-05
2016-08-18,2.194172885623101e-05,3.7720560518021806e-05,1.990461662543279e-05,2.2582136091297955e-06
2016-08-19,2.7926234129560272e-05,3.817254766149836e-05,1.9846586792446413e-05,1.78528048417843e-05
2016-08-22,2.688212720558991e-05,4.0708803480043496e-05,1.9938376469207226e-05,1.1021898440500379e-05
2016-08-23,2.9713919643975615e-05,4.1691787835951185e-05,1.990085026704282e-05,1.5913312057913684e-05
2016-08-24,2.909758021801378e-05,4.129163589667824e-05,1.9690509522710996e-05,1.7911846927887293e-05
2016-08-25,3.1820330933205715e-05,4.203249841316257e-05,1.867402268729369e-05,1.4259452321563473e-05
2016-08-26,4.140068828757506e-05,3.9125194282443875e-05,2.177559724373921e-05,8.39835030633476e-05
2016-08-29,3.3399547203213836e-05,4.115006725783293e-05,2.1330392965119958e-05,9.289385930605192e-06
2016-08-30,3.5209805191736075e-05,4.301763887851563e-05,2.137572401000187e-05,1.6769066171268627e-05
2016-08-31,3.7871267914676864e-05,4.423456465190566e-05,2.021702171291338e-05,2.633429228515248e-05
2016-09-01,4.201188082464249e-05,4.3149122843175644e-05,2.175130265661923e-05,4.139497142238145e-05
2016-09-02,4.024929481493229e-05,4.322688402111589e-05,1.8691824698610815e-05,3.580870340638339e-05
2016-09-06,4.01788804665194e-05,4.30406848759574e-05,1.9728051041763343e-05,2.367988218570631e-05
2016-09-07,3.7410947072967396e-05,4.346501780633091e-05,1.991537547375907e-05,1.0438162146301186e-05
2016-09-08,3.506415018682142e-05,4.504409163370162e-05,1.987588828360957e-05,9.600972720832218e-06
2016-09-09,4.30902414085222e-05,4.3927733935650645e-05,2.2072602160413605e-05,5.7274160008994526e-05
2016-09-12,4.7199273952778567e-05,4.3808114293946e-05,2.4572435911935916e-05,6.926947245987984e-05
2016-09-13,5.504075098783019e-05,4.0013662229632186e-05,2.8906523871954657e-05,9.889155525330277e-05
2016-09-14,6.0945849691304194e-05,4.2403420375786766e-05,3.128936756849012e-05,5.915312017055979e-05
2016-09-15,6.608972555598198e-05,4.2867506240039324e-05,3.2871474313185486e-05,3.9443765769482325e-05
2016-09-16,7.634129525422381e-05,3.9198759296588006e-05,3.5646060653574486e-05,8.801873253208753e-05
2016-09-19,7.079460009910593e-05,4.11263759635661e-05,3.77205605180218e-05,4.582271076252344e-05
2016-09-20,6.517701533779881e-05,4.0452847274167694e-05,3.817254766149834e-05,2.734453485479166e-05
2016-09-21,7.219813283907949e-05,3.8623037576743637e-05,4.070880348004353e-05,6.428327062994941e-05
2016-09-22,6.988155163491971e-05,3.833262564623805e-05,4.169178783595121e-05,3.655598353197496e-05
2016-09-23,5.344056279497064e-05,3.931852797360785e-05,4.129163589667821e-05,9.508656203154272e-06
2016-09-26,5.794331029524263e-05,3.8333227072511985e-05,4.203249841316256e-05,2.98175651677347e-05
2016-09-27,5.64956756247249e-05,3.929594645189223e-05,3.912519428244389e-05,2.2930116318255475e-05
2016-09-28,5.9294243551667324e-05,3.776252695903098e-05,4.115006725783295e-05,5.181171841377556e-05
2016-09-29,6.332399321463363e-05,3.750003948419479e-05,4.3017638878515614e-05,5.598807020560468e-05
2016-09-30,7.150947298351826e-05,3.5478010051003454e-05,4.423456465190567e-05,5.1889733526343443e-05
2016-10-03,6.309662647517426e-05,3.990188425655574e-05,4.314912284317561e-05,1.8600693439050394e-05
2016-10-04,6.904558404017785e-05,3.9698742926925245e-05,4.322688402111592e-05,3.7441688143129986e-05
2016-10-05,6.0793658098675854e-05,3.9753863434137045e-05,4.3040684875957414e-05,1.9769700137377578e-05
2016-10-06,5.650595014480943e-05,4.037692022176595e-05,4.346501780633089e-05,1.9349153684144126e-05
2016-10-07,6.129993297956162e-05,3.853732264697683e-05,4.5044091633701655e-05,4.276152309561837e-05
2016-10-10,6.381127738255108e-05,3.913841122835469e-05,4.3927733935650605e-05,3.383064834992239e-05
2016-10-11,7.041516386699165e-05,4.274152285730196e-05,4.3808114293946016e-05,6.675745998408356e-05
2016-10-12,6.167201968561093e-05,4.7698024986036836e-05,4.001366222963216e-05,1.9208061902711794e-05
2016-10-13,8.021376438204082e-05,4.4239640802429085e-05,4.2403420375786725e-05,0.00010933804123980563
2016-10-14,7.52718672897537e-05,4.3599880580864486e-05,4.2867506240039324e-05,4.9189568918786945e-05
2016-10-17,6.0138986949670406e-05,4.364081023419459e-05,3.9198759296588006e-05,1.0975046719609852e-05
2016-10-18,7.307069841029013e-05,4.02713779703037e-05,4.112637596356612e-05,8.630266076906379e-05
2016-10-19,5.930499936111744e-05,3.988469205633694e-05,4.045284727416772e-05,1.3200432377425297e-05
2016-10-20,5.72896346391316e-05,3.89759385645416e-05,3.8623037576743616e-05,2.5857266984043123e-05
2016-10-21,5.561863486264071e-05,3.8195310987084096e-05,3.8332625646238076e-05,3.0457332991358652e-05
2016-10-24,5.908356553556394e-05,3.7592735192852406e-05,3.931852797360788e-05,3.021260507792011e-05
2016-10-25,4.612331422542668e-05,3.777214703626339e-05,3.8333227072511964e-05,9.126246244720483e-06
2016-10-26,5.726555587817734e-05,3.5936222278160135e-05,3.929594645189226e-05,4.3147223285241756e-05
2016-10-27,5.240646613211848e-05,3.553389421929388e-05,3.7762526959030944e-05,1.9609909063687928e-05
2016-10-28,5.8709049206709e-05,3.386072287285728e-05,3.750003948419476e-05,5.047583323404484e-05
2016-10-31,4.5676473429416195e-05,3.4272158276138764e-05,3.547801005100343e-05,9.427115429325374e-06
2016-11-01,6.72452587124696e-05,2.973744894124335e-05,3.990188425655574e-05,0.00011150205175564882
2016-11-02,6.015302859873392e-05,2.8663151315283477e-05,3.969874292692524e-05,3.3175720220889634e-05
2016-11-03,5.744363878878334e-05,2.901365183253696e-05,3.975386343413707e-05,2.092723078882604e-05
2016-11-04,5.852140385130023e-05,2.8104039986456255e-05,4.037692022176595e-05,3.243334622435053e-05
2016-11-07,4.519566747706834e-05,2.8583005115547387e-05,3.85373226469768e-05,4.129974025046078e-06
2016-11-08,5.279359035195239e-05,2.7215474563607293e-05,3.913841122835466e-05,4.645350855885774e-05
2016-11-09,6.547067749730326e-05,2.056036158559805e-05,4.274152285730196e-05,0.00014242280419197675
2016-11-10,7.317205325572584e-05,1.536129699628055e-05,4.769802498603683e-05,0.00012329460660614398
2016-11-11,6.7171658277835e-05,1.4878964940412569e-05,4.423964080242906e-05,3.671197338404258e-05
2016-11-14,7.53733239651712e-05,1.6032869670321118e-05,4.359988058086449e-05,3.575460426593098e-05
2016-11-15,6.121775135120098e-05,1.7296431273556853e-05,4.36408102341946e-05,1.1834569439542143e-05
2016-11-16,5.477929419701012e-05,1.7684693955128366e-05,4.027137797030372e-05,1.5544583227355285e-05
2016-11-17,3.860305399119481e-05,1.7908714870877685e-05,3.988469205633696e-05,5.08002818412334e-06
2016-11-18,3.51245966145239e-05,1.8142181869624368e-05,3.897593856454158e-05,6.773443656340151e-06
2016-11-21,3.488403110332371e-05,1.7619909835691862e-05,3.81953109870841e-05,1.4064153864751645e-05
2016-11-22,3.611041060210405e-05,1.715165756493853e-05,3.759273519285243e-05,1.7558513399054986e-05
2016-11-23,3.4221172919523586e-05,1.664581962897052e-05,3.777214703626338e-05,1.2893894956350371e-05
2016-11-25,3.061237365660605e-05,1.6825159091255132e-05,3.5936222278160114e-05,4.5928033650732105e-06
2016-11-28,3.330544448756873e-05,1.669961618649998e-05,3.5533894219293895e-05,1.1161019827497368e-05
2016-11-29,3.4270432992038446e-05,1.649354534891347e-05,3.386072287285727e-05,1.533923495887551e-05
2016-11-30,3.419079963171402e-05,1.7418674358801383e-05,3.427215827613875e-05,1.806725889823656e-05
2016-12-01,3.4725984526935824e-05,2.072912230890538e-05,2.973744894124333e-05,1.6273155722844984e-05
2016-12-02,3.3864018990273444e-05,2.0546400791355954e-05,2.8663151315283487e-05,1.0615470075733078e-05
2016-12-05,3.898801432397826e-05,2.0018610000832826e-05,2.901365183253695e-05,2.82877416511487e-05
2016-12-06,3.5927373779433454e-05,2.0773459600687612e-05,2.8104039986456275e-05,1.3331497456656322e-05
2016-12-07,3.504970102686499e-05,2.0289440124691458e-05,2.8583005115547394e-05,1.41882417359597e-05
2016-12-08,3.686850850986312e-05,2.0529784481560654e-05,2.7215474563607273e-05,1.7735366968115084e-05
2016-12-09,2.7254571994696593e-05,2.1494640820402823e-05,2.056036158559805e-05,2.6654316537830907e-06
2016-12-12,2.8887234052964804e-05,2.3466202752664425e-05,1.5361296996280546e-05,1.411425023047637e-05
2016-12-13,3.102190016834165e-05,2.2467183761777408e-05,1.4878964940412569e-05,2.658300021081507e-05
2016-12-14,3.6798535407256164e-05,2.056320851025524e-05,1.6032869670321107e-05,5.9986603594010356e-05
2016-12-15,3.7241907395791024e-05,1.9332235096860793e-05,1.729643127355684e-05,3.836936310749245e-05
2016-12-16,4.1579531479493495e-05,1.9040108927576456e-05,1.7684693955128356e-05,2.3698099540357106e-05
2016-12-19,3.733103818256346e-05,1.9998196078212647e-05,1.7908714870877672e-05,9.784467414859034e-06
2016-12-20,3.650190269478975e-05,2.069257572198566e-05,1.8142181869624358e-05,1.1676250630020557e-05
2016-12-21,2.657892108836981e-05,2.150521865357937e-05,1.7619909835691852e-05,3.09644115216905e-06
2016-12-22,2.568768399434707e-05,2.242744992840151e-05,1.715165756493852e-05,7.72521571323495e-06
2016-12-23,1.9195862732304242e-05,2.25650442956314e-05,1.6645819628970527e-05,2.2712983010225385e-06
2016-12-27,2.0910346921320462e-05,2.2395595332154788e-05,1.6825159091255122e-05,8.35893207304967e-06
2016-12-28,2.075776373160978e-05,2.444282524050581e-05,1.669961618649998e-05,8.524618827639425e-06
2016-12-29,2.3004751699061824e-05,2.499734394725564e-05,1.649354534891348e-05,1.1011747369559025e-05
2016-12-30,2.873106430144145e-05,2.4522967060708676e-05,1.741867435880138e-05,3.749496810588244e-05
2017-01-03,4.000179638340595e-05,2.1283571597158517e-05,2.0729122308905375e-05,8.579256267502882e-05
2017-01-04,3.1232331808596395e-05,2.239519389921571e-05,2.0546400791355944e-05,6.778318207195092e-06
2017-01-05,3.569720715206868e-05,2.206042770599901e-05,2.0018610000832836e-05,1.7204135050163442e-05
2017-01-06,3.9778341091308814e-05,2.1168714829222034e-05,2.0773459600687595e-05,2.9183339053606224e-05
2017-01-09,2.8471336924887647e-05,2.1571698947629684e-05,2.0289440124691444e-05,4.023832740040476e-06
2017-01-10,3.0628176645658955e-05,2.1023520560657597e-05,2.052978448156067e-05,2.2782598462368908e-05
2017-01-11,3.327663628946216e-05,2.055461568034814e-05,2.149464082040284e-05,2.292741476946863e-05
2017-01-12,4.0857675055457095e-05,1.8479058619755318e-05,2.3466202752664405e-05,5.551705080796923e-05
2017-01-13,2.9691957790452785e-05,1.8803037749841528e-05,2.2467183761777398e-05,5.603601402187972e-06
2017-01-17,3.65125994145975e-05,1.830655734543664e-05,2.0563208510255255e-05,2.0003123312045326e-05
2017-01-18,3.282069064991657e-05,1.8620697027979038e-05,1.9332235096860793e-05,1.2518921426208738e-05
2017-01-19,3.275947560879649e-05,1.8318638312071175e-05,1.904010892757645e-05,1.7563449985385855e-05
2017-01-20,3.310400975828896e-05,1.726153083203277e-05,1.9998196078212634e-05,2.990429757821892e-05
2017-01-23,3.677209901619524e-05,1.6387957327125763e-05,2.0692575721985647e-05,2.62582231492538e-05
2017-01-24,3.6317113389427925e-05,1.673420328769078e-05,2.150521865357939e-05,2.0161942715637665e-05
2017-01-25,4.068342020072617e-05,1.637917862780103e-05,2.2427449928401516e-05,2.7092072484499628e-05
2017-01-26,3.2386130470051915e-05,1.6442898579574677e-05,2.2565044295631404e-05,5.160780012850189e-06
2017-01-27,2.885798150949301e-05,1.6742213835799386e-05,2.239559533215477e-05,4.800503840040355e-06
2017-01-30,3.815591358769683e-05,1.829036929676836e-05,2.4442825240505828e-05,5.151644690301164e-05
2017-01-31,3.646390362170144e-05,1.733020257578239e-05,2.4997343947255627e-05,2.265664021130481e-05
2017-02-01,3.773383155043157e-05,1.6352715995486955e-05,2.452296706070866e-05,2.7533053488396094e-05
2017-02-02,3.8810328554319164e-05,1.6722517777083182e-05,2.12835715971585e-05,1.7765257940475555e-05
2017-02-03,4.4820926575984485e-05,1.5780202863087414e-05,2.23951938992157e-05,3.0122386550396164e-05
2017-02-06,3.708113624546555e-05,1.579544855182425e-05,2.2060427705999014e-05,1.0174044992613142e-05
2017-02-07,3.5058352318146956e-05,1.6405346929867094e-05,2.1168714829222038e-05,1.0457368641289737e-05
2017-02-08,3.3325485687968735e-05,1.8150213306292057e-05,2.1571698947629687e-05,1.2486499226601114e-05
2017-02-09,3.268609074529929e-05,1.781062952451032e-05,2.1023520560657583e-05,1.127085233595471e-05
2017-02-10,3.107279133074493e-05,1.8137955133419048e-05,2.0554615680348148e-05,1.3080412282970459e-05
2017-02-13,3.0780527621023796e-05,1.9084903459700002e-05,1.847905861975531e-05,1.1930352535519593e-05
2017-02-14,3.0393288024944364e-05,1.889087335081454e-05,1.8803037749841514e-05,1.2407163133998323e-05
2017-02-15,2.9508891188959e-05,1.905670250132748e-05,1.8306557345436635e-05,9.577034819542806e-06
2017-02-16,3.236049196274328e-05,1.858306095609976e-05,1.8620697027979034e-05,1.9115854759599156e-05
2017-02-17,3.055340382761051e-05,1.9430720308953382e-05,1.831863831207116e-05,1.1220216951320545e-05
2017-02-21,2.8344848710803823e-05,2.0078850680974088e-05,1.726153083203277e-05,7.705040497412664e-06
2017-02-22,2.69509285811091e-05,2.115651080513088e-05,1.6387957327125773e-05,7.913179546206904e-06
2017-02-23,3.2096273838925574e-05,2.1746257226872596e-05,1.6734203287690774e-05,2.7433107887502697e-05
2017-02-24,3.1228269403062135e-05,2.517165566683431e-05,1.637917862780104e-05,1.9636554626815218e-05
2017-02-27,2.6732820206249782e-05,2.6288987629117445e-05,1.644289857957469e-05,6.498899000096813e-06
2017-02-28,2.8866293448393458e-05,2.6226499481204446e-05,1.6742213835799375e-05,1.1086124220758729e-05
2017-03-01,4.202027931760022e-05,2.261056740016876e-05,1.8290369296768356e-05,8.402771158336027e-05
2017-03-02,2.5267363826175086e-05,2.303411550716812e-05,1.7330202575782394e-05,2.4931390705995807e-06
2017-03-03,2.5313848296389594e-05,2.516083783475583e-05,1.6352715995486965e-05,7.005835302192113e-06
2017-03-06,3.079673814260597e-05,2.443803075633329e-05,1.672251777708318e-05,2.5531095353996028e-05
2017-03-07,2.8093584724556162e-05,2.7334506173143764e-05,1.5780202863087404e-05,1.03337733564849e-05
2017-03-08,2.4188763871309084e-05,2.786789515104172e-05,1.5795448551824265e-05,1.0494204456087209e-05
2017-03-09,3.0284125777191444e-05,2.7662255091725572e-05,1.64053469298671e-05,2.326523458018924e-05
2017-03-10,3.757230877056733e-05,2.6385169929222002e-05,1.8150213306292043e-05,4.912869313152496e-05
2017-03-13,2.654677003240121e-05,2.8714064004505197e-05,1.7810629524510314e-05,4.1395929185384115e-06
2017-03-14,3.2001969669664205e-05,2.8248324862936337e-05,1.8137955133419058e-05,1.9954250070054073e-05
2017-03-15,3.6315510378039196e-05,2.8332117959812087e-05,1.9084903459700013e-05,3.1816267387419675e-05
2017-03-16,3.014030209311675e-05,2.859151320591023e-05,1.8890873350814536e-05,8.332530847403311e-06
2017-03-17,2.8830501167648492e-05,2.9453693358822638e-05,1.9056702501327474e-05,1.305944698031444e-05
2017-03-20,2.9390647116837016e-05,3.0250404601462502e-05,1.8583060956099754e-05,9.169382309817054e-06
2017-03-21,3.347368277088348e-05,3.055416792054689e-05,1.9430720308953385e-05,2.902106336124679e-05
2017-03-22,3.215904104994216e-05,3.0029345138348904e-05,2.0078850680974084e-05,2.1315778309847322e-05
2017-03-23,3.692675044462682e-05,4.021576190609722e-05,2.115651080513088e-05,3.05440421534996e-05
2017-03-24,4.17530951531614e-05,3.919201062682674e-05,2.17462572268726e-05,3.9817782744078845e-05
2017-03-27,5.303004900435178e-05,3.5800517709153694e-05,2.51716556668343e-05,9.156992186601095e-05
2017-03-28,4.866061931999642e-05,3.49514672568283e-05,2.6288987629117458e-05,2.9962870208043135e-05
2017-03-29,4.2142280319400644e-05,3.470464343332728e-05,2.6226499481204446e-05,9.773873114585486e-06
2017-03-30,3.7892699092041495e-05,3.501418864291092e-05,2.2610567400168756e-05,8.093137881610755e-06
2017-03-31,3.47344390282427e-05,3.473020891866049e-05,2.30341155071681e-05,1.1387649317585842e-05
2017-04-03,4.030852614356695e-05,3.3007306873675374e-05,2.5160837834755814e-05,5.166700418153408e-05
2017-04-04,3.307059779781098e-05,3.3491754810068895e-05,2.4438030756333294e-05,1.0352146707123084e-05
2017-04-05,4.508629047789465e-05,3.069962115543105e-05,2.7334506173143777e-05,7.115975710950511e-05
2017-04-06,4.395555953509453e-05,2.9941239482591127e-05,2.7867895151041727e-05,2.1695372991944027e-05
2017-04-07,4.536695353980191e-05,2.9562055838841057e-05,2.7662255091725548e-05,1.8946793334549514e-05
2017-04-10,4.358269063518366e-05,2.864534639151337e-05,2.6385169929221985e-05,2.2309904718950265e-05
2017-04-11,5.2142682123916043e-05,2.7652321229429682e-05,2.8714064004505214e-05,5.304636849948617e-05
2017-04-12,4.067591776925704e-05,2.7473807761348785e-05,2.824832486293632e-05,1.0173728097107291e-05
2017-04-13,4.6765123038103865e-05,2.620095541552033e-05,2.8332117959812073e-05,3.3575922421810514e-05
2017-04-17,4.181681469881461e-05,2.603029209796245e-05,2.8591513205910248e-05,1.3779831015464878e-05
2017-04-18,4.6929051701287786e-05,2.4803561046356057e-05,2.9453693358822635e-05,3.116523019147468e-05
2017-04-19,4.469476196769615e-05,2.559960923210077e-05,3.0250404601462522e-05,2.5900318405254622e-05
2017-04-20,5.093934836965505e-05,2.5360845348905223e-05,3.055416792054687e-05,3.540009306201817e-05
2017-04-21,4.171154500343677e-05,2.5336264844515093e-05,3.002934513834889e-05,1.0294499883689625e-05
2017-04-24,6.86758617327643e-05,1.4090906561450989e-05,4.021576190609725e-05,0.0002444587942762152
2017-04-25,5.2692484351664126e-05,1.3538116595329347e-05,3.919201062682676e-05,1.831900587939844e-05
2017-04-26,5.171766255383135e-05,1.3241272677870339e-05,3.580051770915368e-05,2.0348570594876397e-05
2017-04-27,4.4538910349636134e-05,1.277781106970619e-05,3.495146725682827e-05,1.2132810709209544e-05
2017-04-28,3.766862648839019e-05,1.2827480132186609e-05,3.4704643433327294e-05,4.590572821065155e-06
2017-05-01,3.4992143535135295e-05,1.302730825394448e-05,3.501418864291093e-05,1.4593587282867108e-05
2017-05-02,2.956239959314311e-05,1.3481667795038489e-05,3.473020891866051e-05,5.4240751083269626e-06
2017-05-03,3.1936297098427796e-05,1.3178737500864754e-05,3.30073068736754e-05,1.5486061236846754e-05
2017-05-04,3.325081149227499e-05,1.2353709958823915e-05,3.349175481006892e-05,2.0525553371387088e-05
2017-05-05,3.410670399391386e-05,1.250745798221921e-05,3.069962115543103e-05,1.2524950362109261e-05
2017-05-08,2.874953241034651e-05,1.2936064946614794e-05,2.994123948259115e-05,5.7693578623065785e-06
2017-05-09,3.136041943271985e-05,1.2962978674578856e-05,2.956205583884105e-05,1.0983936815797418e-05
2017-05-10,2.4546628389966172e-05,1.6590681187984843e-05,2.864534639151336e-05,3.0590063250686976e-06
2017-05-11,3.1045981284521825e-05,1.5728407585906207e-05,2.7652321229429665e-05,3.219284009572854e-05
2017-05-12,2.4968533852597246e-05,1.607139828737785e-05,2.7473807761348785e-05,6.424945267408892e-06
2017-05-15,2.519368243982692e-05,1.702059031080512e-05,2.620095541552032e-05,6.846023159412795e-06
2017-05-16,2.5374124896696018e-05,1.8992942917212365e-05,2.6030292097962456e-05,1.019590134674977e-05
2017-05-17,2.450471825701732e-05,2.0484391113549305e-05,2.4803561046356054e-05,5.403878107740109e-06
2017-05-18,2.9890345018278748e-05,1.9349694228054516e-05,2.5599609232100783e-05,4.2617330305893994e-05
2017-05-19,3.215420243033641e-05,1.8066950482990514e-05,2.5360845348905203e-05,3.0386051514911033e-05
2017-05-22,2.9178393403950716e-05,1.8289153103143367e-05,2.533626484451511e-05,9.778309291497656e-06
2017-05-23,2.8293284292511195e-05,1.8262013766147323e-05,1.4090906561450994e-05,8.306270331868634e-06
2017-05-24,2.636995055417499e-05,1.8364568335906822e-05,1.353811659532934e-05,6.710416590843777e-06
2017-05-25,2.6055916715935686e-05,1.875113414616387e-05,1.3241272677870327e-05,1.4114848328237089e-05
2017-05-26,1.834611469722835e-05,1.927849157025442e-05,1.2777811069706188e-05,2.4001169377626655e-06
2017-05-30,1.866981182125192e-05,2.062492532292558e-05,1.28274801321866e-05,5.633623133153793e-06
2017-05-31,2.2335455810459677e-05,2.40765208420874e-05,1.302730825394449e-05,1.8789977839782794e-05
2017-06-01,2.3063135392235518e-05,2.4510809605008076e-05,1.348166779503849e-05,1.496562547130098e-05
2017-06-02,2.172839315019618e-05,2.5493977675916433e-05,1.3178737500864755e-05,9.124525059198334e-06
2017-06-05,1.9674036730694914e-05,2.6365968525934948e-05,1.2353709958823905e-05,3.1999749885291984e-06
2017-06-06,2.3895433861010887e-05,2.6680128960598184e-05,1.2507457982219215e-05,1.5753658853410746e-05
2017-06-07,2.3478558057287184e-05,2.7307512883806817e-05,1.2936064946614782e-05,1.4770104114613475e-05
2017-06-08,2.291659584964882e-05,2.717137932849707e-05,1.2962978674578848e-05,1.1549125103042885e-05
2017-06-09,3.205719946597538e-05,2.51126298477104e-05,1.659068118798485e-05,7.924075910659469e-05
2017-06-12,3.131795886531897e-05,2.5574464405386996e-05,1.5728407585906197e-05,1.4085094452076819e-05
2017-06-13,3.0455758845447653e-05,2.5117810424120075e-05,1.607139828737784e-05,1.3627749998313434e-05
2017-06-14,3.437473218056578e-05,2.4454205441185555e-05,1.7020590310805123e-05,2.67790556513857e-05
2017-06-15,4.1464586081112605e-05,2.215675517807039e-05,1.899294291721236e-05,5.161530608130165e-05
2017-06-16,3.93032138733937e-05,2.092034530145827e-05,2.0484391113549312e-05,3.672429023081622e-05
2017-06-19,3.871560373944632e-05,2.0143122015938518e-05,1.9349694228054526e-05,1.8788695710503537e-05
2017-06-20,2.9365601206894877e-05,2.047821186675621e-05,1.80669504829905e-05,3.448432868566467e-06
2017-06-21,3.142416078768478e-05,2.0284767603311152e-05,1.8289153103143367e-05,1.4444564314707826e-05
2017-06-22,2.632573957739563e-05,2.016220615394836e-05,1.826201376614732e-05,7.736344254951618e-06
2017-06-23,2.4367855966677884e-05,2.045682056303083e-05,1.8364568335906832e-05,8.864062555793516e-06
2017-06-26,2.7210399051332186e-05,1.9638641676760423e-05,1.8751134146163887e-05,2.223273034363528e-05
2017-06-27,2.8411981254200906e-05,2.1953002734122852e-05,1.927849157025443e-05,1.3474622843664048e-05
2017-06-28,3.3813416066128764e-05,2.0940563984469575e-05,2.0624925322925566e-05,3.390873193924767e-05
2017-06-29,4.535161133346919e-05,1.6977608869833397e-05,2.4076520842087417e-05,9.127348374218173e-05
2017-06-30,4.3413643101206497e-05,1.6553940252109653e-05,2.4510809605008093e-05,2.408568949263514e-05
2017-07-03,4.561026242121836e-05,1.608928559652502e-05,2.5493977675916416e-05,2.9771054548273095e-05
2017-07-05,4.6460649646663917e-05,1.5254447798498762e-05,2.6365968525934958e-05,2.151178283891857e-05
2017-07-06,4.704062115613426e-05,1.470263701524968e-05,2.668012896059819e-05,2.2351027981338624e-05
2017-07-07,4.490058664441725e-05,1.3423529342575252e-05,2.730751288380682e-05,2.7945166501994657e-05
2017-07-10,3.773442653512237e-05,1.5124728070841995e-05,2.7171379328497088e-05,8.690320441538663e-06
2017-07-11,4.3983339059893635e-05,1.4319562861282486e-05,2.511262984771038e-05,3.6007020010073774e-05
2017-07-12,4.1804132644397556e-05,1.434865942350096e-05,2.557446440538702e-05,2.378362016328616e-05
2017-07-13,3.1510129778687174e-05,1.4713186983156693e-05,2.5117810424120082e-05,4.038016391707824e-06
2017-07-14,3.301491033095935e-05,1.608437953227865e-05,2.445420544118554e-05,1.2843351009760327e-05
2017-07-17,2.670350028836168e-05,1.6308021629340287e-05,2.21567551780704e-05,3.368850555883698e-06
2017-07-18,2.6476281464563518e-05,1.6555704663992033e-05,2.0920345301458287e-05,1.075968282196175e-05
2017-07-19,1.9229706253764064e-05,1.7819270927145874e-05,2.014312201593851e-05,2.4670067145882414e-06
2017-07-20,2.2853410252389517e-05,1.9171538220258895e-05,2.0478211866756225e-05,1.0485319735738503e-05
2017-07-21,2.2988302644841233e-05,1.9519581377861374e-05,2.0284767603311135e-05,1.0382234782360945e-05
2017-07-24,2.185425420693474e-05,1.995787763446693e-05,2.0162206153948368e-05,5.162553818333516e-06
2017-07-25,2.4744008291590673e-05,2.0554255505799075e-05,2.045682056303085e-05,1.5050965146525615e-05
2017-07-26,2.3383577084707674e-05,2.0877460734959957e-05,1.963864167676042e-05,5.05097373195625e-06
2017-07-27,3.301676097811542e-05,1.924100687162969e-05,2.1953002734122852e-05,6.207620504827508e-05
2017-07-28,2.920673244204613e-05,1.9362273324120395e-05,2.0940563984469585e-05,1.2647518196529157e-05
2017-07-31,2.8160357786828693e-05,2.1505165101060578e-05,1.6977608869833407e-05,8.051426334821929e-06
2017-08-01,2.875595814831804e-05,2.1377618703894245e-05,1.655394025210966e-05,1.5188648520436548e-05
2017-08-02,3.202680720177109e-05,2.180440501026859e-05,1.6089285596525028e-05,2.0013306780995704e-05
2017-08-03,2.2589130683963515e-05,2.1946747911346465e-05,1.5254447798498757e-05,3.980189080366944e-06
2017-08-04,2.4007761191670577e-05,2.4012585438656978e-05,1.470263701524968e-05,1.0763001533108003e-05
2017-08-07,1.6449383215719734e-05,2.4888556424661846e-05,1.342352934257526e-05,1.0839053758318059e-06
2017-08-08,2.4315059653196272e-05,2.3187835963083086e-05,1.5124728070842001e-05,4.441549373514026e-05
2017-08-09,2.2906268274228008e-05,2.2652391179397755e-05,1.4319562861282476e-05,1.9098550609323712e-05
2017-08-10,2.6064100150819417e-05,2.3255818332324782e-05,1.4348659423500971e-05,2.4394647969874558e-05
2017-08-11,2.4301445514037598e-05,2.2949152441118014e-05,1.4713186983156688e-05,1.169309514447791e-05
2017-08-14,3.565770042255381e-05,2.1121904953941657e-05,1.6084379532278642e-05,4.1638394541321336e-05
2017-08-15,2.759874862209592e-05,2.1007988547142555e-05,1.6308021629340273e-05,8.065334594177954e-06
2017-08-16,2.9750996806518903e-05,2.1851868626872925e-05,1.6555704663992047e-05,1.5961026549649003e-05
2017-08-17,3.222574878771216e-05,2.087252874178138e-05,1.7819270927145878e-05,2.9001898240818662e-05
2017-08-18,3.753932935605089e-05,1.9199039484778034e-05,1.917153822025891e-05,3.888293289111219e-05
2017-08-21,3.3580189479182805e-05,1.9379032367203903e-05,1.9519581377861374e-05,1.769114109201274e-05
2017-08-22,3.4439990006076345e-05,1.887024480044114e-05,1.9957877634466947e-05,1.4366775207050527e-05
2017-08-23,3.8872718882554216e-05,1.7739789744419435e-05,2.0554255505799064e-05,2.7574900444500105e-05
2017-08-24,3.402897729328821e-05,1.8131528923979935e-05,2.087746073495997e-05,1.1838283544335237e-05
2017-08-25,3.693095159056478e-05,1.725541378876428e-05,1.9241006871629697e-05,2.7710673918339384e-05
2017-08-28,3.360432993852425e-05,1.8137970390122887e-05,1.9362273324120388e-05,1.51941136988336e-05
2017-08-29,4.168547062369091e-05,1.5793284359521826e-05,2.150516510106058e-05,5.305215365056607e-05
2017-08-30,3.5380241863744564e-05,1.543963454689959e-05,2.137761870389425e-05,1.2510174179943555e-05
2017-08-31,4.069279934127657e-05,1.4265763891407423e-05,2.180440501026858e-05,2.8975819214856676e-05
2017-09-01,3.2402488833572016e-05,1.3989019920666744e-05,2.1946747911346448e-05,6.969390003002129e-06
2017-09-05,4.387434805349034e-05,1.1646347329587666e-05,2.4012585438656995e-05,5.4145589606629474e-05
2017-09-06,3.8189813138991446e-05,1.1210054916749346e-05,2.488855642466183e-05,1.9479296081933366e-05
2017-09-07,3.625537290008569e-05,1.1235674933604253e-05,2.3187835963083096e-05,8.700364041986814e-06
2017-09-08,3.203076110561856e-05,1.1167020041367939e-05,2.265239117939777e-05,7.854210151931894e-06
2017-09-11,4.111077924600155e-05,1.014722094837447e-05,2.3255818332324803e-05,3.7066618181342244e-05
2017-09-12,2.9205383572612392e-05,1.0003706190114409e-05,2.2949152441117997e-05,5.2531114291349675e-06
2017-09-13,2.4461877619860677e-05,1.0123932584386439e-05,2.112190495394164e-05,3.2661973106178453e-06
2017-09-14,2.4028766694043923e-05,1.018110106317636e-05,2.1007988547142545e-05,5.673090051397005e-06
2017-09-15,3.147095907557712e-05,8.809030279206454e-06,2.185186862687291e-05,3.368250822398664e-05
2017-09-18,2.518385697202561e-05,8.510135758681467e-06,2.0872528741781362e-05,8.43576065389614e-06
2017-09-19,2.2137502485190648e-05,8.539211383512015e-06,1.9199039484778047e-05,3.7396584940426133e-06
2017-09-20,2.8593485902770567e-05,8.631620385185055e-06,1.9379032367203893e-05,2.1470991622955447e-05
2017-09-21,2.326699592875527e-05,9.969496751183735e-06,1.8870244800441142e-05,3.6822363050327276e-06
2017-09-22,1.984845299824503e-05,1.0010764214165949e-05,1.7739789744419428e-05,3.835344268044165e-06
2017-09-25,2.3975351398761794e-05,9.407840143297008e-06,1.8131528923979925e-05,2.006480631510564e-05
2017-09-26,2.369504507672472e-05,1.122692794072806e-05,1.725541378876427e-05,9.312256078810661e-06
2017-09-27,2.7200445318959876e-05,1.0183018901998631e-05,1.813797039012289e-05,3.372780232736462e-05
2017-09-28,2.2109438753487763e-05,1.197577953065058e-05,1.579328435952182e-05,3.8137470079436154e-06
2017-09-29,2.2051300830957597e-05,1.3548168861880011e-05,1.54396345468996e-05,5.083528114876905e-06
2017-10-02,1.9356693782847286e-05,1.3620517789902284e-05,1.4265763891407425e-05,4.3245354495209846e-06
2017-10-03,1.4295648752125598e-05,1.4688659132103723e-05,1.3989019920666753e-05,1.1577666174480147e-06
2017-10-04,1.4222026692389442e-05,1.5729494728610873e-05,1.1646347329587671e-05,4.949465193968764e-06
2017-10-05,1.5606483286866397e-05,1.567504277910123e-05,1.1210054916749355e-05,1.0317155412328739e-05
2017-10-06,1.5828891246157213e-05,1.536177096764589e-05,1.1235674933604258e-05,9.238384395939773e-06
2017-10-09,1.5644956180096918e-05,1.5613818427325722e-05,1.1167020041367937e-05,6.412457414969153e-06
2017-10-10,2.0127893239490368e-05,1.5174576192751308e-05,1.0147220948374473e-05,1.5650837228479515e-05
2017-10-11,1.5417482527782974e-05,1.8315293038509145e-05,1.0003706190114404e-05,2.239301505673542e-06
2017-10-12,1.6132958848032705e-05,1.8444109288032107e-05,1.0123932584386442e-05,5.790951590330621e-06
2017-10-13,1.6293825114851188e-05,1.8821207324718677e-05,1.0181101063176356e-05,6.873628105985206e-06
2017-10-16,1.5511432936658184e-05,2.0009463738698217e-05,8.80903027920646e-06,4.869021760618779e-06
2017-10-17,1.2138879932594472e-05,2.171381760760732e-05,8.510135758681474e-06,2.15897572287145e-06
2017-10-18,1.3256883236139049e-05,2.284367472723706e-05,8.539211383512019e-06,4.350246615484068e-06
2017-10-19,1.7265277889556704e-05,2.2064674224676978e-05,8.631620385185062e-06,2.3411580658089356e-05
2017-10-20,1.96518569149647e-05,2.0755301089297527e-05,9.969496751183735e-06,3.1777639991004864e-05
2017-10-23,1.677717696373184e-05,2.2363752469496908e-05,1.001076421416595e-05,4.701960990670674e-06
2017-10-24,1.9071764683341564e-05,2.2110153985185144e-05,9.40784014329701e-06,7.403400826857913e-06
2017-10-25,2.634496357484201e-05,2.0104445296829435e-05,1.122692794072806e-05,4.751309982486271e-05
2017-10-26,2.2245367129365518e-05,1.9734402179794443e-05,1.0183018901998631e-05,1.18057125140466e-05
2017-10-27,2.5247917310556206e-05,1.8171995634384555e-05,1.197577953065057e-05,4.146172020963434e-05
2017-10-30,2.9941605762227102e-05,1.7047588562379322e-05,1.354816886188001e-05,3.810370407069512e-05
2017-10-31,2.525599384909901e-05,1.9221634253043065e-05,1.3620517789902292e-05,5.843862937988898e-06
2017-11-01,2.8050441390891943e-05,2.8671630494022992e-05,1.4688659132103736e-05,2.3588734803678362e-05
2017-11-02,3.1723481903961784e-05,3.0677289745133124e-05,1.5729494728610866e-05,2.680701272061852e-05
2017-11-03,2.6633803966755292e-05,3.349548868958106e-05,1.5675042779101223e-05,9.173664472626209e-06
2017-11-06,1.9727656350767633e-05,3.3736960720175773e-05,1.5361770967645882e-05,2.6596763553776022e-06
2017-11-07,2.3466944085574313e-05,3.4615587063898375e-05,1.561381842732573e-05,1.1705454068246003e-05
2017-11-08,2.05338469197582e-05,3.625674643980088e-05,1.5174576192751298e-05,6.4267503024163704e-06
2017-11-09,2.7343817085171372e-05,3.390767170072715e-05,1.831529303850913e-05,6.819435526658802e-05
2017-11-10,2.3424656765568363e-05,3.433237286857622e-05,1.8444109288032103e-05,8.496092830313069e-06
2017-11-13,2.788246538705221e-05,3.397785121078286e-05,1.8821207324718667e-05,1.4792686876403152e-05
2017-11-14,3.228890991877342e-05,3.283084435231841e-05,2.0009463738698217e-05,2.982240645418925e-05
2017-11-15,3.838411181573057e-05,3.166376138732874e-05,2.1713817607607337e-05,3.795040696996298e-05
2017-11-16,3.7130807649003034e-05,3.216132098403177e-05,2.2843674727237072e-05,2.8077246127708562e-05
2017-11-17,3.2967770482003846e-05,3.199638536081723e-05,2.2064674224676964e-05,7.052570104327036e-06
2017-11-20,2.8272552119146697e-05,3.300649640176939e-05,2.0755301089297534e-05,4.280804148036814e-06
2017-11-21,3.469369452919614e-05,3.194091735721735e-05,2.236375246949692e-05,3.847943997485779e-05
2017-11-22,2.219270990413142e-05,3.213044952349442e-05,2.211015398518513e-05,2.077832656310351e-06
2017-11-24,2.150955803451674e-05,3.211173816485337e-05,2.0104445296829445e-05,5.3932173693933e-06
2017-11-27,1.9435247987880257e-05,3.211564904289859e-05,1.973440217979445e-05,4.034807056311648e-06
2017-11-28,2.1538084632248288e-05,3.204355742650649e-05,1.817199563438454e-05,8.651182756026374e-06
2017-11-29,2.0712200246468717e-05,3.194161032587804e-05,1.7047588562379326e-05,1.4491155558585531e-05
2017-11-30,2.8422102382804894e-05,3.055486253815791e-05,1.9221634253043055e-05,5.1498822441927164e-05
2017-12-01,4.36177601623741e-05,2.0191704371688313e-05,2.8671630494023016e-05,0.0002220386558642576
2017-12-04,4.837507085170051e-05,1.805386469031353e-05,3.067728974513312e-05,6.892585699393066e-05
2017-12-05,5.614106896751121e-05,1.5941769721682834e-05,3.349548868958107e-05,6.835584230603313e-05
2017-12-06,4.480491395207723e-05,1.5869403249520896e-05,3.37369607201758e-05,7.730588997866978e-06
2017-12-07,5.081041306765757e-05,1.5052908582670396e-05,3.461558706389839e-05,3.0156607286420347e-05
2017-12-08,4.791450186364808e-05,1.4296062437179699e-05,3.62567464398009e-05,4.089109719636914e-05
2017-12-11,4.220524992666731e-05,1.3835379984388254e-05,3.3907671700727136e-05,1.8863785746038993e-05
2017-12-12,3.744053893995383e-05,1.3649938043220918e-05,3.433237286857622e-05,1.7414817355143782e-05
2017-12-13,3.4626121822556115e-05,1.7517764983595243e-05,3.397785121078283e-05,7.347732062742004e-06
2017-12-14,2.9966147254837875e-05,2.0207059933794427e-05,3.283084435231841e-05,5.735262426436498e-06
2017-12-15,2.9524187310561224e-05,2.0125416774833162e-05,3.166376138732874e-05,1.3441664705179876e-05
2017-12-18,3.375303629936126e-05,1.906686822235833e-05,3.2161320984031766e-05,3.852599765847212e-05
2017-12-19,2.406728497843379e-05,1.902443122554684e-05,3.1996385360817235e-05,3.5889220168218294e-06
2017-12-20,3.14531089291071e-05,1.818706848106413e-05,3.30064964017694e-05,2.5493136008032495e-05
2017-12-21,3.3150605295360546e-05,2.008560735098615e-05,3.1940917357217346e-05,1.6102280039264465e-05
2017-12-22,2.8033731594422773e-05,2.13698490653669e-05,3.213044952349442e-05,6.058008148128792e-06
2017-12-26,2.4626780668113586e-05,2.2181163989096702e-05,3.2111738164853384e-05,5.000278837931683e-06
2017-12-27,2.4451494616188495e-05,2.2891515701765073e-05,3.211564904289859e-05,4.116935495260915e-06
2017-12-28,2.3842262565466165e-05,2.933904403407853e-05,3.204355742650647e-05,7.137258811791788e-06
2017-12-29,2.4689053212198882e-05,3.1291448461323065e-05,3.1941610325878024e-05,1.235026644538823e-05
2018-01-02,2.84141240433128e-05,3.261276362341707e-05,3.05548625381579e-05,2.2377118899804715e-05
2018-01-03,2.3544195346538553e-05,3.431623731152283e-05,2.0191704371688306e-05,4.412334368396026e-06
2018-01-04,2.9045974475360994e-05,5.831379966980541e-05,1.805386469031352e-05,2.403122368506012e-05
2018-01-05,3.076129714407161e-05,8.093413957456425e-05,1.5941769721682827e-05,2.4001847964788592e-05
2018-01-08,2.517423534811826e-05,9.276117394313118e-05,1.5869403249520906e-05,6.210893082466655e-06
2018-01-09,2.6098171910796243e-05,9.365120754826545e-05,1.505290858267039e-05,1.301021928255952e-05
2018-01-10,3.06538366935631e-05,0.00015242358800495167,1.4296062437179689e-05,2.499732814106432e-05
2018-01-11,2.5812020821896117e-05,0.00016480526303071732,1.3835379984388243e-05,9.189454237418708e-06
2018-01-12,2.55251539015407e-05,0.00016775654023750233,1.364993804322092e-05,1.3520536590629978e-05
2018-01-16,3.6404518521678406e-05,0.00016705036214221327,1.7517764983595246e-05,8.85720978106028e-05
2018-01-17,4.06879090120799e-05,0.00017440833616360656,2.0207059933794413e-05,6.221045638061902e-05
2018-01-18,3.425686216731285e-05,0.00017840452621442895,2.0125416774833166e-05,1.1727158366993701e-05
2018-01-19,3.66410492180419e-05,0.00018165227675210745,1.9066868222358323e-05,1.6296478056500447e-05
2018-01-22,2.711387398045433e-05,0.00019024960173838343,1.902443122554683e-05,2.697745083780471e-06
2018-01-23,2.5770209057761088e-05,0.0001946423334603625,1.8187068481064116e-05,7.908518373895442e-06
2018-01-24,3.051778959193405e-05,0.00019442935461095958,2.0085607350986166e-05,5.59715963076275e-05
2018-01-25,3.164589774226756e-05,0.00019503820279179318,2.1369849065366912e-05,3.302708415012455e-05
2018-01-26,3.197717134208658e-05,0.00019642848895205076,2.2181163989096682e-05,2.2037892236256814e-05
2018-01-29,3.6409001084721034e-05,0.00019897800329684968,2.289151570176508e-05,1.903432146129731e-05
2018-01-30,5.5161271365406744e-05,0.00020456180671683038,2.9339044034078546e-05,0.00014253535379037452
2018-01-31,5.2695442069644836e-05,0.00020890044717333627,3.1291448461323045e-05,5.3350759417522786e-05
2018-02-01,5.527693103803752e-05,0.00021041537593355898,3.2612763623417075e-05,5.012473730377933e-05
2018-02-02,5.697091653556745e-05,0.00021163716750126097,3.4316237311522824e-05,4.018528181861658e-05
2018-02-05,9.515776114259525e-05,0.00019147722714763193,5.831379966980542e-05,0.0005279800332089947
2018-02-06,0.00010856103596665102,0.00016936538369793873,8.093413957456425e-05,0.000499028985964724
2018-02-07,0.00011838373983058234,0.0001596484076833691,9.276117394313113e-05,0.000254578614822371
2018-02-08,9.986333417673711e-05,0.0001591101482651536,9.36512075482655e-05,3.170092499038138e-05
2018-02-09,0.00018351563540930423,0.00010312527911586302,0.0001524235880049518,0.0012592173177314765
2018-02-12,0.00016211080699402074,9.263575335421809e-05,0.00016480526303071745,0.0002692046297784976
2018-02-13,0.00013514042730894163,9.050679942010805e-05,0.00016775654023750225,7.549735793311071e-05
2018-02-14,0.00012908691747918176,8.78341704207049e-05,0.00016705036214221316,7.374235780953143e-05
2018-02-15,0.00016184756029436056,8.635930920850445e-05,0.00017440833616360647,0.0002167279108298793
2018-02-16,0.00012995959852580994,8.265698599577956e-05,0.00017840452621442895,9.564714943426522e-05
2018-02-20,0.00012438935024294292,8.307908512357188e-05,0.0001816522767521076,8.449923934775207e-05
2018-02-21,0.00014689232929058642,8.281315338307235e-05,0.0001902496017383833,0.00018324156979557016
2018-02-22,0.00015270355279822236,8.085686980178145e-05,0.00019464233346036254,0.00010015588453545894
2018-02-23,0.00013706342536496025,0.00010163758315735795,0.00019442935461095952,5.149904047016498e-05
2018-02-26,0.00012918104966216747,0.00011173450798506807,0.0001950382027917932,4.581289594763218e-05
2018-02-27,0.00012748965213440407,0.00011492911262234421,0.0001964284889520507,5.1233901601664016e-05
2018-02-28,0.00012712058968118449,0.00012158550794052007,0.00019897800329684968,7.257412270207546e-05
2018-03-01,0.0001577275380253591,0.00012761459920054076,0.00020456180671683046,0.00025979522560997157
2018-03-02,0.00016024834660208846,0.00012875276959188655,0.00020890044717333632,0.00014446220900414473
2018-03-05,0.00015975104716697708,0.0001413046404552743,0.000210415375933559,8.193824126845587e-05
2018-03-06,0.00016014594526391642,0.0001426978620823196,0.00021163716750126094,6.584290474035781e-05
2018-03-07,0.00017343485739054786,0.00015390302276628185,0.00019147722714763204,0.00010462128578278754
2018-03-08,0.00013237582935617006,0.00016439732652118074,0.0001693653836979387,3.4680273521164e-05
2018-03-09,0.0001225646782237085,0.00017235362641452963,0.00015964840768336905,5.0522118516408244e-05
2018-03-12,9.928439071310039e-05,0.00017610065607082971,0.00015911014826515372,2.0397477207859686e-05
2018-03-13,0.00011552557880644929,0.00017502208203162332,0.00010312527911586296,8.353506559637049e-05
2018-03-14,9.912667550901984e-05,0.00017699223153745116,9.263575335421816e-05,4.892458878395687e-05
2018-03-15,9.089859151341504e-05,0.0001793069642833067,9.050679942010801e-05,3.078932531679767e-05
2018-03-16,7.900136785965474e-05,0.00018234456610540146,8.783417042070482e-05,1.761714882206455e-05
2018-03-19,0.00011259177318214763,0.00017430006208476485,8.63593092085044e-05,0.00018575582537367036
2018-03-20,8.013935181571678e-05,0.00017544625386694076,8.265698599577953e-05,1.7898361967042874e-05
2018-03-21,9.586091031216566e-05,0.0001735525371327143,8.307908512357187e-05,9.33633210313913e-05
2018-03-22,0.00011456553185382701,0.00016749556684636036,8.28131533830724e-05,0.00017765700324508146
2018-03-23,0.00011036126795918216,0.0001739486608790758,8.085686980178144e-05,5.9073929328348585e-05
2018-03-26,0.0001442377354940257,0.00015510768799153964,0.000101637583157358,0.0004878940209372729
2018-03-27,0.0001666187172782902,0.00014598399784578192,0.00011173450798506798,0.0002578483173295415
2018-03-28,0.00016121332206650045,0.00014191454793328732,0.00011492911262234415,0.0001183205989844634
2018-03-29,0.000177139399409863,0.00013370677568875044,0.00012158550794052007,0.00021235842438377007
2018-04-02,0.00021675700638872696,0.00011915672330558625,0.00012761459920054087,0.00038640614207040833
2018-04-03,0.0001871024270501935,0.00011332548864041824,0.00012875276959188665,0.00016836378722240612
2018-04-04,0.00020596815148528336,0.0001060688852110704,0.0001413046404552743,0.00034552752939959663
2018-04-05,0.0001823658630511285,0.00010637094807961926,0.0001426978620823197,9.510055890831157e-05
2018-04-06,0.0002159141497679879,9.194251286116269e-05,0.000153903022766282,0.0003399296601459952
2018-04-09,0.00020847414025801023,8.175114387178816e-05,0.00016439732652118072,0.00025506065237403727
2018-04-10,0.0002161356689981686,7.325013600475701e-05,0.00017235362641452974,0.0002176044162767376
2018-04-11,0.00018880955008353917,6.96223474494269e-05,0.0001761006560708297,9.908509999015895e-05
2018-04-12,0.0001795196572203042,6.739964419526433e-05,0.00017502208203162324,6.088501077303466e-05
2018-04-13,0.00017079774649555478,6.415968784386206e-05,0.00017699223153745108,9.029772840634146e-05
2018-04-16,0.000158136535168555,6.271120720389947e-05,0.00017930696428330664,7.939871297976418e-05
2018-04-17,0.00015144082701686984,5.9398995273170116e-05,0.00018234456610540154,8.140678708605786e-05
2018-04-18,0.00011801258265817521,6.0124668892830314e-05,0.00017430006208476477,1.682124094029825e-05
2018-04-19,0.00012129963768230692,5.858796771779082e-05,0.00017544625386694087,4.196838939274069e-05
2018-04-20,0.00012219502802877358,5.8451766905457806e-05,0.00017355253713271422,5.359526961263235e-05
2018-04-23,0.00011677835542683332,5.697972096070431e-05,0.00016749556684636036,5.046062723165037e-05
2018-04-24,0.00013883212250757112,4.9367285446537016e-05,0.00017394866087907585,0.0001945889040153737
2018-04-25,0.0001464201226428361,4.796068651694148e-05,0.00015510768799153972,9.223359029901363e-05
2018-04-26,0.0001413551076240465,4.5609452915471474e-05,0.00014598399784578186,6.625082426862675e-05
2018-04-27,0.00012429316537643394,4.955910179236828e-05,0.00014191454793328743,3.286215082208097e-05
2018-04-30,0.00012271110493841233,5.003943179978697e-05,0.00013370677568875033,3.999520724849066e-05
2018-05-01,0.00012112951318515629,4.749806155791274e-05,0.00011915672330558616,8.085504202396055e-05
2018-05-02,0.00010619254715876139,4.710246509815269e-05,0.0001133254886404182,4.590785925387873e-05
2018-05-03,0.00012880038449563755,3.868346842133001e-05,0.00010606888521107048,0.00019313885738329468
2018-05-04,0.0001279767650382113,3.45020206807248e-05,0.00010637094807961931,0.0001014438791478371
2018-05-07,0.00011477832214839871,3.418292800576889e-05,9.194251286116266e-05,3.693252055840527e-05
2018-05-08,0.00010673856192466032,3.362962989561102e-05,8.175114387178815e-05,4.104190359717258e-05
2018-05-09,0.00010165512065615347,3.216829227610341e-05,7.325013600475706e-05,3.908325106908496e-05
2018-05-10,8.14396251991823e-05,3.159717306536288e-05,6.962234744942689e-05,2.2901540328225037e-05
2018-05-11,6.663435097125132e-05,3.150733290065819e-05,6.739964419526432e-05,1.4208242435620948e-05
2018-05-14,6.583616817628386e-05,3.094584733885188e-05,6.415968784386201e-05,2.2258645026893e-05
2018-05-15,7.042709274607537e-05,2.9711247143138366e-05,6.271120720389943e-05,4.898061954054981e-05
2018-05-16,5.5861754002717805e-05,3.355331058239419e-05,5.939899527317007e-05,1.1850336540741286e-05
2018-05-17,6.10784833820788e-05,3.435532231782809e-05,6.0124668892830314e-05,3.206038695316361e-05
2018-05-18,5.328347044832168e-05,3.8873484353076674e-05,5.85879677177908e-05,9.697664716910924e-06
2018-05-21,6.489083408693812e-05,3.7200505206724047e-05,5.8451766905457806e-05,5.073505255363959e-05
2018-05-22,5.5399924998308434e-05,3.70991238470972e-05,5.6979720960704336e-05,1.9547662391827347e-05
2018-05-23,6.18541678493651e-05,3.698562244971372e-05,4.9367285446537e-05,3.47277582178597e-05
2018-05-24,6.647799045540253e-05,4.073312262245371e-05,4.79606865169415e-05,6.269501277750806e-05
2018-05-25,5.9642814248265576e-05,4.1208347993093376e-05,4.560945291547145e-05,1.687491863775556e-05
2018-05-29,7.485323719780852e-05,4.098882152851246e-05,4.9559101792368315e-05,0.00011580477723691513
2018-05-30,7.432841514502468e-05,4.123970900173692e-05,5.0039431799786966e-05,5.008213740428234e-05
2018-05-31,6.907834957350708e-05,4.333699627138772e-05,4.749806155791274e-05,2.7486266944601787e-05
2018-06-01,6.776441848422316e-05,4.434374367603857e-05,4.7102465098152724e-05,3.760033359891868e-05
2018-06-04,6.177031517592481e-05,4.5128936207033554e-05,3.868346842133e-05,1.6339927170017327e-05
2018-06-05,5.063371901859543e-05,4.724358293358551e-05,3.4502020680724775e-05,1.3633476595127209e-05
2018-06-06,5.138380171353028e-05,4.726018447325448e-05,3.418292800576886e-05,3.0231574384331146e-05
2018-06-07,5.127190181205776e-05,4.675312681862801e-05,3.3629629895611046e-05,2.9422643283858585e-05
2018-06-08,4.067710988933636e-05,4.6720179682738374e-05,3.216829227610341e-05,8.395161059424646e-06
2018-06-11,3.962627357689318e-05,4.8869906876614564e-05,3.1597173065362906e-05,1.0908036902674358e-05
2018-06-12,3.934309516259062e-05,5.0312098561343564e-05,3.150733290065819e-05,1.2321598976821953e-05
2018-06-13,3.608256297252999e-05,5.028551087338411e-05,3.0945847338851885e-05,1.0467448228960436e-05
2018-06-14,3.805617047898543e-05,4.9478448931209416e-05,2.9711247143138386e-05,2.3054015430566425e-05
2018-06-15,5.0487123835172795e-05,4.626228445428582e-05,3.35533105823942e-05,9.25336687651134e-05
2018-06-18,5.3905813836954906e-05,4.428610884331611e-05,3.435532231782809e-05,4.890263339727541e-05
2018-06-19,6.729775304516772e-05,4.0117971418267036e-05,3.887348435307669e-05,0.0001045790674571314
2018-06-20,5.909290579896075e-05,3.9781515969570256e-05,3.720050520672407e-05,1.560249048023444e-05
2018-06-21,5.748077364585036e-05,3.9392184104901576e-05,3.7099123847097174e-05,1.7418653839662684e-05
2018-06-22,5.726073005152022e-05,4.0499036162608986e-05,3.69856224497137e-05,3.234422887280674e-05
2018-06-25,7.132083408159603e-05,3.454321940417749e-05,4.0733122622453706e-05,0.00014139251640504823
2018-06-26,5.5864911504695716e-05,3.408377436063742e-05,4.120834799309341e-05,2.6854651421189333e-05
2018-06-27,7.395879745625716e-05,3.110825196142359e-05,4.098882152851243e-05,0.00011119472148071447
2018-06-28,7.39546556209062e-05,2.9436231733365828e-05,4.1239709001736894e-05,5.5350774341996e-05
2018-06-29,8.005884598535008e-05,2.722644981239232e-05,4.3336996271387734e-05,7.152929960726945e-05
2018-07-02,7.542777381610618e-05,2.552652501178801e-05,4.434374367603855e-05,5.874202909658588e-05
2018-07-03,7.249351728505225e-05,2.6089266912041575e-05,4.5128936207033534e-05,3.2828970320911895e-05
2018-07-05,7.471513588284417e-05,2.3528668317680188e-05,4.724358293358553e-05,5.804105785271918e-05
2018-07-06,6.906142876477971e-05,2.2726197922557567e-05,4.72601844732545e-05,3.058020671737958e-05
2018-07-09,6.0265880804232725e-05,2.2347230459854974e-05,4.675312681862804e-05,1.877443253670299e-05
2018-07-10,4.784125676106851e-05,2.2275049989122694e-05,4.672017968273838e-05,7.703271205741654e-06
2018-07-11,6.077270869389723e-05,1.9893482089796578e-05,4.88699068766146e-05,5.605230797407509e-05
2018-07-12,5.963122219654298e-05,2.0255105924508726e-05,5.0312098561343564e-05,4.260762435613016e-05
2018-07-13,4.87393104964864e-05,2.101786664909045e-05,5.0285510873384134e-05,9.909106781812287e-06
2018-07-16,4.308482770969875e-05,2.1699510875626996e-05,4.94784489312094e-05,6.105714644897279e-06
2018-07-17,5.25297085769932e-05,2.4121349565028858e-05,4.62622844542858e-05,2.49942147497177e-05
2018-07-18,3.9710298845824854e-05,2.629669491962136e-05,4.42861088433161e-05,7.402945566911549e-06
2018-07-19,3.948303065677741e-05,2.6482503975997966e-05,4.011797141826702e-05,1.7048181531100864e-05
2018-07-20,3.522631714800583e-05,2.6480055855075533e-05,3.978151596957022e-05,8.536926057601733e-06
2018-07-23,3.608185253148296e-05,2.7029111453025487e-05,3.939218410490161e-05,9.242684681621816e-06
2018-07-24,4.525521818788105e-05,2.4909777009386525e-05,4.049903616260897e-05,5.5588122084661286e-05
2018-07-25,4.2314408233368735e-05,2.4916898691576255e-05,3.4543219404177516e-05,1.632036447798767e-05
2018-07-26,4.095481125260053e-05,2.449612054628188e-05,3.4083774360637446e-05,1.720630550684781e-05
2018-07-27,5.0617634266926104e-05,2.3405333612236662e-05,3.1108251961423616e-05,4.870875109722409e-05
2018-07-30,4.780290690000024e-05,2.289402565691503e-05,2.9436231733365814e-05,2.0238349552782124e-05
2018-07-31,4.564084291546018e-05,2.2203271091876e-05,2.72264498123923e-05,2.5123879266825703e-05
2018-08-01,4.537182015774965e-05,2.2016590386738196e-05,2.552652501178801e-05,2.3043608283895828e-05
2018-08-02,5.076440656812613e-05,2.0602430672320157e-05,2.608926691204159e-05,4.464655022623698e-05
2018-08-03,3.427998082589061e-05,2.1354020154023255e-05,2.3528668317680198e-05,4.268487371129925e-06
2018-08-06,3.601025184493412e-05,2.186186520327611e-05,2.2726197922557574e-05,1.3728328419804464e-05
2018-08-07,3.281908637519664e-05,2.3046261019248353e-05,2.2347230459854984e-05,1.081611581994865e-05
2018-08-08,2.820545685074636e-05,2.4778596995857e-05,2.2275049989122704e-05,6.187481320363757e-06
2018-08-09,2.4674808025143385e-05,2.5505822598921282e-05,1.9893482089796578e-05,6.039382088226502e-06
2018-08-10,3.453009274567093e-05,2.4508522587969595e-05,2.0255105924508715e-05,5.020172488508498e-05
2018-08-13,3.367511104709139e-05,2.3982110276739612e-05,2.1017866649090466e-05,2.5927081998029075e-05
2018-08-14,3.4806873725305056e-05,2.4061907283403966e-05,2.1699510875627e-05,2.0420243402164453e-05
2018-08-15,4.7802256628245104e-05,2.105205288882399e-05,2.4121349565028848e-05,7.585282722715663e-05
2018-08-16,5.3969177866774956e-05,1.8875670666755057e-05,2.6296694919621376e-05,5.308519801335461e-05
2018-08-17,4.8040333472004e-05,1.8687861004449174e-05,2.6482503975997966e-05,2.0950171715009166e-05
2018-08-20,4.089617126966997e-05,1.8506312318166204e-05,2.6480055855075513e-05,8.48551551823016e-06
2018-08-21,4.491661450173708e-05,2.0729970712855543e-05,2.702911145302549e-05,2.0772852238571493e-05
2018-08-22,3.7786439901245795e-05,2.0552409879769454e-05,2.4909777009386545e-05,1.1082098768243362e-05
2018-08-23,3.549634302412299e-05,2.040281488984671e-05,2.491689869157626e-05,1.646991980397174e-05
2018-08-24,3.1220375713225054e-05,2.0370424879851696e-05,2.4496120546281887e-05,8.369964455665966e-06
2018-08-27,3.71693954553726e-05,2.131681188344034e-05,2.3405333612236652e-05,2.5802225482274045e-05
2018-08-28,3.135782675741613e-05,2.215406090949005e-05,2.2894025656915026e-05,9.50088249102803e-06
2018-08-29,3.120616390832969e-05,2.234940202308766e-05,2.2203271091876e-05,1.0618033401006167e-05
2018-08-30,3.2977292787166134e-05,2.354519486379147e-05,2.201659038673821e-05,1.9123313476002293e-05
2018-08-31,3.3233563652075235e-05,2.3305980969795386e-05,2.0602430672320164e-05,1.4949196223457991e-05
2018-09-04,3.3059990533339247e-05,2.3834857057236405e-05,2.135402015402324e-05,2.0051866486894474e-05
2018-09-05,3.6843677782959246e-05,2.647030046557367e-05,2.1861865203276106e-05,2.439307445411471e-05
2018-09-06,4.18350916654368e-05,2.8812545379517742e-05,2.3046261019248346e-05,3.568842795536566e-05
2018-09-07,4.581288016478267e-05,2.94829784227949e-05,2.4778596995856984e-05,4.256653682914507e-05
2018-09-10,4.5147020477907164e-05,3.0031339078945265e-05,2.5505822598921292e-05,2.1311119752576968e-05
2018-09-11,4.890333810173079e-05,3.1510233631383975e-05,2.4508522587969578e-05,2.9258424655099066e-05
2018-09-12,4.3731873008594837e-05,4.713757426579142e-05,2.3982110276739626e-05,1.4872423462200087e-05
2018-09-13,4.3765676547971215e-05,6.96530900446737e-05,2.406190728340397e-05,2.2095980542115633e-05
2018-09-14,3.8284962770991025e-05,7.168894876861137e-05,2.1052052888824008e-05,1.26458849409775e-05
2018-09-17,3.2756460810309123e-05,7.687467280810374e-05,1.887567066675506e-05,7.381171349906699e-06
2018-09-18,3.3311272924316705e-05,8.145770365492705e-05,1.8687861004449167e-05,1.7006168806585432e-05
2018-09-19,2.6948360952433507e-05,8.735737071818584e-05,1.85063123181662e-05,4.672993106287838e-06
2018-09-20,3.780239487391659e-05,8.936295991262537e-05,2.072997071285555e-05,6.746967852704781e-05
2018-09-21,2.96123242141503e-05,9.086612378967538e-05,2.055240987976945e-05,7.35332127343531e-06
2018-09-24,3.246859527207419e-05,0.00011152575959335344,2.0402814889846708e-05,1.3328425015594105e-05
2018-09-25,2.904086402059008e-05,0.00011712790770998846,2.0370424879851696e-05,7.689774245770756e-06
2018-09-26,4.035246087705413e-05,0.0001257445295255624,2.131681188344033e-05,4.5676352557635295e-05
2018-09-27,3.627019591505371e-05,0.00016252449214184208,2.2154060909490066e-05,2.7083112038072546e-05
2018-09-28,3.6234478561561214e-05,0.0002006873048379295,2.2349402023087664e-05,1.4720196786555666e-05
2018-10-01,4.4117859474767836e-05,0.0002013885882655814,2.3545194863791484e-05,4.423496313078247e-05
2018-10-02,3.8926790117477514e-05,0.00021086166678515992,2.330598096979539e-05,9.925704449540045e-06
2018-10-03,4.2520866065242755e-05,0.00021275410005041481,2.383485705723641e-05,3.115826432315591e-05
2018-10-04,5.0630950325180055e-05,0.00021861610457394795,2.647030046557367e-05,7.973738602919717e-05
2018-10-05,5.815702192741734e-05,0.00021681851813082722,2.8812545379517756e-05,8.487557114819152e-05
2018-10-08,5.75256356797181e-05,0.00021443222532282412,2.94829784227949e-05,5.664563073796511e-05
2018-10-09,5.888530429997121e-05,0.00021793576152284142,3.0031339078945248e-05,3.282669353173417e-05
2018-10-10,6.594829621735559e-05,0.00021672955301850255,3.1510233631383955e-05,6.0315210256312036e-05
2018-10-11,8.790168274458673e-05,0.0002046879885312946,4.7137574265791434e-05,0.00034304657678475706
2018-10-12,0.00010812066647350625,0.00018406661404082094,6.965309004467368e-05,0.0004949218118986427
2018-10-15,9.08645196208156e-05,0.00018720906433594204,7.168894876861132e-05,5.5398918143667994e-05
2018-10-16,0.0001092707430389291,0.0001922639558951612,7.68746728081037e-05,0.0001162813761792468
2018-10-17,0.00011926255534493976,0.00019678706885608674,8.145770365492711e-05,0.00011324981658987684
2018-10-18,0.00011764083970665369,0.00019449505469874338,8.735737071818577e-05,0.00012856600143471974
2018-10-19,0.00011181133969481624,0.0001938402205440269,8.93629599126254e-05,0.00010958705161028025
2018-10-22,9.898574940955046e-05,0.00020596175283782152,9.086612378967539e-05,3.8919762691485113e-05
2018-10-23,0.0001434915360024647,0.00018857146032939703,0.00011152575959335336,0.00044718077689283157
2018-10-24,0.00013480238560355449,0.0001866871859949344,0.00011712790770998844,0.00012533488469510727
2018-10-25,0.00015646185395875787,0.00018122007516365276,0.00012574452952556246,0.0002266254106846892
2018-10-26,0.00020811266204650964,0.0001452989083182503,0.00016252449214184195,0.000799462326979942
2018-10-29,0.0002684496106963519,0.00011256001675896621,0.00020068730483792943,0.0008161392634043936
2018-10-30,0.00019362300412350677,0.00011332125635956566,0.00020138858826558126,5.89619151114699e-05
2018-10-31,0.00022924436939816324,0.00010487213434497173,0.00021086166678515981,0.00020886035336068986
2018-11-01,0.00020142571001617354,0.00011782938677285514,0.00021275410005041498,7.089936289351465e-05
2018-11-02,0.0002093645344774242,0.00011317706173198493,0.00021861610457394782,0.00020283948102338707
2018-11-05,0.0001530549767839912,0.00014114550658985613,0.00021681851813082733,4.712625584266074e-05
2018-11-06,0.00010741261047171755,0.00015416692859309889,0.00021443222532282395,6.533481769894255e-06
2018-11-07,0.00013233755707470207,0.00016853025730479662,0.0002179357615228416,0.0001064009537321047
2018-11-08,0.00011522830178765872,0.00018190378697965776,0.00021672955301850255,3.498483166519202e-05
2018-11-09,0.00011967349166236645,0.00018885449746150078,0.00020468798853129464,9.017372255339015e-05
2018-11-12,0.00011421916140172795,0.00019007474038911358,0.00018406661404082107,6.187294759869887e-05
2018-11-13,0.00014160332105995197,0.0001922328621462145,0.00018720906433594207,0.00012139037434120914
2018-11-14,0.00016022607664461,0.0001949805564632335,0.0001922639558951613,0.00022243409892285112
2018-11-15,0.00018004761576029385,0.00019424983486132446,0.0001967870688560869,0.00020823518876931341
2018-11-16,0.00016372838592390828,0.0002237710783485804,0.00019449505469874332,8.043370413050475e-05
2018-11-19,0.00016990410410561523,0.00023694133952259483,0.00019384022054402692,9.583553436123673e-05
2018-11-20,0.00020124320042177776,0.00024801208060235886,0.00020596175283782135,0.0002934719408611673
2018-11-21,0.00017179847040002703,0.00025644923059322134,0.00018857146032939698,8.198463421591956e-05
2018-11-23,0.00015829004059869946,0.00027784957385949474,0.0001866871859949345,8.57651236713957e-05
2018-11-26,0.00016496000473672888,0.00031061508736240234,0.00018122007516365284,0.00011181608322777401
2018-11-27,0.00014189154406401677,0.00031844213901698423,0.0001452989083182504,4.511782322649135e-05
2018-11-28,0.00014278622847072956,0.00031891534658568107,0.00011256001675896629,0.00012862254065942712
2018-11-29,0.0001298759352896174,0.00033158612369094375,0.0001133212563595656,7.494794672405494e-05
2018-11-30,0.00011146606128781166,0.00033611310816435337,0.00010487213434497179,3.142879105422016e-05
2018-12-03,0.00014922171216436245,0.0003334576533080709,0.0001178293867728551,0.0003430016638790637
2018-12-04,0.00014313560088495246,0.0003342813207707606,0.00011317706173198499,0.00010514065516511532
2018-12-06,0.00018975655866965106,0.00031430177203616087,0.0001411455065898561,0.0006344635978579533
2018-12-07,0.00019855350477541756,0.0003040825436714301,0.00015416692859309878,0.0002799833438379911
2018-12-10,0.00026075211217330976,0.0002891968504074544,0.00016853025730479654,0.0004080308566777574
2018-12-11,0.00025842174858452634,0.000276122732546374,0.00018190378697965768,0.0003158289548372758
2018-12-12,0.00027455361814281577,0.0002693463242926748,0.00018885449746150072,0.00023613864267209452
2018-12-13,0.00022095049848883214,0.0002660351332376747,0.00019007474038911366,8.749804907857032e-05
2018-12-14,0.0002299481543049015,0.00025910557556466817,0.00019223286214621447,0.00016671093124032634
2018-12-17,0.0002382591131959425,0.00024912131552340313,0.00019498055646323365,0.00028013567958025344
2018-12-18,0.0002227136420976235,0.0002480909050778835,0.00019424983486132462,0.00019289003512922386
2018-12-19,0.00027348462663332384,0.0002215930357411817,0.0002237710783485806,0.0007003798173628812
2018-12-20,0.00029210805913308934,0.00021188268391028652,0.00023694133952259475,0.0003724110190155334
2018-12-21,0.00033433158403192167,0.000188450894621238,0.0002480120806023588,0.0005259575035362129
2018-12-24,0.00031192252653363544,0.00018248041352544712,0.00025644923059322156,0.00025916478402403665
2018-12-26,0.000367134298525821,0.00016307784708865486,0.00027784957385949496,0.0005351723322631367
2018-12-27,0.000398812585589498,0.00012641700364994212,0.0003106150873624025,0.0007998918667888335
2018-12-28,0.00034502641864863145,0.00012244479050396118,0.00031844213901698445,0.00020948590797271124
2018-12-31,0.00031153596070487795,0.00011732053389090629,0.00031891534658568107,0.00013855989960205568
2019-01-02,0.00034917173001566365,0.00010244963144334281,0.00033158612369094397,0.00034103426593457665
2019-01-03,0.00029443480944942876,9.778639925082076e-05,0.0003361131081643533,0.00012649546499581596
2019-01-04,0.0003081405970177885,8.491227875676022e-05,0.0003334576533080708,0.0002872371118971306
2019-01-07,0.00027121088293850077,7.98121068195548e-05,0.0003342813207707607,0.00012243767188160478
2019-01-08,0.00029683180236755283,7.544074925011231e-05,0.00031430177203616076,0.0002148930744313543
2019-01-09,0.00023097670965842985,7.532784225971582e-05,0.00030408254367143026,6.537954817865026e-05
2019-01-10,0.00023007870878353438,7.174214389988609e-05,0.00028919685040745434,9.54312981342623e-05
2019-01-11,0.00018120883683980278,7.251958974257357e-05,0.00027612273254637416,4.127247975459167e-05
2019-01-14,0.00018740737674467759,6.925596532396477e-05,0.00026934632429267464,9.383406934440605e-05
2019-01-15,0.00013203370789943928,7.167877672066242e-05,0.0002660351332376749,1.7963036923573957e-05
2019-01-16,0.00012152952773761097,7.333530629212697e-05,0.0002591055755646682,2.1190220107188276e-05
2019-01-17,0.00013046016343444447,7.142559909039445e-05,0.00024912131552340324,7.046621871368829e-05
2019-01-18,0.00015320200693226698,6.402046574377253e-05,0.00024809090507788364,0.00017125141577331246
2019-01-22,0.00015427767407530046,5.854196575814435e-05,0.00022159303574118181,0.00014392456129214202
2019-01-23,0.00017610805722920395,5.174163727357484e-05,0.00021188268391028638,0.00016849363056672918
2019-01-24,0.00015108627849866232,5.2362613102015674e-05,0.00018845089462123815,3.388992846620084e-05
2019-01-25,0.0001733779001707598,4.684139917228597e-05,0.00018248041352544699,0.000133784681012422
2019-01-28,0.0001673424861139062,4.2507010151398085e-05,0.00016307784708865475,0.00012771843709049997
2019-01-29,0.00012661251224598444,4.148496521710584e-05,0.00012641700364994204,3.0014154575865844e-05
2019-01-30,0.00013686916855315623,3.90699973269064e-05,0.00012244479050396113,0.0001260694319071126
2019-01-31,0.00011623146913774966,4.6309906484831744e-05,0.00011732053389090639,3.095051072790637e-05
2019-02-01,0.00010175851482125434,4.5474399252867744e-05,0.00010244963144334284,2.8745314535742284e-05
2019-02-04,8.841578681971576e-05,4.4620520413625445e-05,9.778639925082081e-05,2.8567588952853154e-05
2019-02-05,7.849813070928792e-05,4.5802832954640686e-05,8.491227875676026e-05,1.6880581521858998e-05
2019-02-06,6.455839082411186e-05,4.8674280001889976e-05,7.981210681955486e-05,1.533406120029115e-05
2019-02-07,8.473459930887342e-05,4.3649588512039375e-05,7.544074925011233e-05,0.00012309456547306133
2019-02-08,8.219159768350632e-05,4.132358960846285e-05,7.532784225971586e-05,6.300850138032429e-05
2019-02-11,7.118210340548561e-05,4.225978566421897e-05,7.17421438998861e-05,2.0131632577837474e-05
2019-02-12,8.371981423727167e-05,3.9916400842182765e-05,7.251958974257356e-05,5.75988424510282e-05
2019-02-13,7.97116527542972e-05,3.9971010307995764e-05,6.925596532396477e-05,2.5297956553621616e-05
2019-02-14,8.341453166333254e-05,3.71009416420408e-05,7.167877672066241e-05,6.884207625422435e-05
2019-02-15,8.294817795471842e-05,3.749299357483085e-05,7.333530629212693e-05,5.597734110794312e-05
2019-02-19,8.121264716565712e-05,3.9002779653198566e-05,7.142559909039441e-05,3.03623674773053e-05
2019-02-20,6.868351190030102e-05,4.008318227806036e-05,6.402046574377257e-05,1.5743615494253964e-05
2019-02-21,7.079402635237508e-05,4.180055962174456e-05,5.854196575814434e-05,2.887606159394915e-05
2019-02-22,6.379587541341748e-05,4.2649256292084754e-05,5.174163727357486e-05,2.568673239076993e-05
2019-02-25,6.502387789990932e-05,4.4833151925442166e-05,5.236261310201564e-05,4.693042086345725e-05
2019-02-26,5.706046561198352e-05,4.8152816698035144e-05,4.684139917228597e-05,1.7839188488099098e-05
2019-02-27,6.273169620519978e-05,4.8239401540471334e-05,4.250701015139805e-05,3.669626765185355e-05
2019-02-28,4.864791491788006e-05,5.062878686832619e-05,4.148496521710582e-05,8.551210955729076e-06
2019-03-01,6.410434915134044e-05,5.049149662407629e-05,3.906999732690639e-05,7.535510621292452e-05
2019-03-04,7.631572798596669e-05,4.232042759009706e-05,4.630990648483178e-05,0.0001829886030443394
2019-03-05,5.670121564749738e-05,4.379454454192852e-05,4.5474399252867765e-05,1.1199662664498089e-05
2019-03-06,5.117945599549823e-05,4.399574372144131e-05,4.4620520413625425e-05,1.0636133328764016e-05
2019-03-07,6.453362668873732e-05,4.2527666033777326e-05,4.580283295464069e-05,4.1709144883179655e-05
2019-03-08,6.984099806309461e-05,3.970361450511173e-05,4.8674280001889955e-05,7.563444919252573e-05
2019-03-11,5.2741873447654504e-05,4.004159056875845e-05,4.364958851203934e-05,1.7576044186198295e-05
2019-03-12,5.062448861914254e-05,3.978399943248869e-05,4.132358960846289e-05,1.4162524405218825e-05
2019-03-13,6.003153503473542e-05,3.851146561386837e-05,4.225978566421896e-05,3.979174974871506e-05
2019-03-14,4.635170682785289e-05,4.190257098835386e-05,3.991640084218279e-05,8.387761188268691e-06
2019-03-15,4.731452063280639e-05,4.1256773087152223e-05,3.997101030799578e-05,2.6444755335694273e-05
2019-03-18,4.0079388812715694e-05,4.196123619633587e-05,3.710094164204083e-05,8.570634269170481e-06
2019-03-19,5.288073950454333e-05,4.0431973294579934e-05,3.749299357483086e-05,6.421043169653376e-05
2019-03-20,5.4369023538844065e-05,3.886706810839943e-05,3.900277965319856e-05,6.20678751230269e-05
2019-03-21,5.776584329660872e-05,3.7637607282699346e-05,4.0083182278060385e-05,3.8432070616352264e-05
2019-03-22,6.576653949087951e-05,3.535555412273393e-05,4.180055962174454e-05,6.494098581131635e-05
2019-03-25,7.10528632344875e-05,3.354346739787739e-05,4.264925629208474e-05,4.3509362467914285e-05
2019-03-26,7.960170700043587e-05,3.0428693690733627e-05,4.483315192544215e-05,9.279222916396286e-05
2019-03-27,8.185724849897368e-05,2.736486219954552e-05,4.8152816698035164e-05,8.755214871255244e-05
2019-03-28,7.709282537674318e-05,2.586201406821218e-05,4.8239401540471375e-05,3.851454934301383e-05
2019-03-29,8.016987387386617e-05,2.5125748654852546e-05,5.062878686832622e-05,5.8728302840680834e-05
2019-04-01,8.753899459422626e-05,2.235785439888824e-05,5.049149662407631e-05,7.24720110836767e-05
2019-04-02,6.261362862948505e-05,2.471378839807349e-05,4.232042759009707e-05,1.1396153330775234e-05
2019-04-03,6.539762368506979e-05,2.6780126946233396e-05,4.3794544541928525e-05,4.215611865295867e-05
2019-04-04,5.623896867902676e-05,4.07519412166376e-05,4.399574372144129e-05,1.4861316098532132e-05
2019-04-05,4.896359778072345e-05,5.0609872307605254e-05,4.25276660337773e-05,1.0879513442235741e-05
2019-04-08,4.5292535458448834e-05,5.2241442216941156e-05,3.9703614505111736e-05,1.6329367090548818e-05
2019-04-09,4.851335834272376e-05,5.8765467265835105e-05,4.004159056875844e-05,2.4673541522779125e-05
2019-04-10,3.941164492118006e-05,7.190295930921811e-05,3.9783999432488675e-05,8.753110543553704e-06
2019-04-11,4.0444937234774545e-05,9.323859014908629e-05,3.851146561386836e-05,1.3068539557688592e-05
2019-04-12,5.4810275812120076e-05,9.346925308804676e-05,4.190257098835388e-05,7.960097405246446e-05
2019-04-15,4.621232786936978e-05,9.70644983861383e-05,4.125677308715222e-05,1.2882999410459384e-05
2019-04-16,4.845337975562506e-05,9.931932153780983e-05,4.196123619633586e-05,2.336435956202697e-05
2019-04-17,5.553009061144987e-05,0.0001071227252665044,4.043197329457994e-05,3.2095910759659465e-05
2019-04-18,5.729144742624078e-05,0.00011029144264356153,3.886706810839944e-05,2.92048662132364e-05
2019-04-22,4.5827776212746836e-05,0.0001121890092816518,3.763760728269933e-05,1.2613393276650052e-05
2019-04-23,4.728110771949397e-05,0.00011290593963857145,3.5355554122733954e-05,1.701786945204347e-05
2019-04-24,3.722051006318988e-05,0.00011871165769468755,3.354346739787738e-05,5.455541245926079e-06
2019-04-25,4.219487392856397e-05,0.00011999536765509583,3.042869369073363e-05,2.7381981313944184e-05
2019-04-26,4.000229881656193e-05,0.00012150603933206449,2.736486219954551e-05,2.3211687397601932e-05
2019-04-29,3.309374189456459e-05,0.000124532022722602,2.5862014068212203e-05,6.954738585014226e-06
2019-04-30,4.1500778706327175e-05,0.0001244507989168358,2.5125748654852536e-05,4.3266729160127983e-05
2019-05-01,3.9042531545520825e-05,0.00012979484040761505,2.2357854398888227e-05,1.4346231708426178e-05
2019-05-02,4.659860348685696e-05,0.00013051864181383544,2.471378839807348e-05,6.087076731366552e-05
2019-05-03,5.413828427383217e-05,0.0001320462317367454,2.6780126946233396e-05,8.554922816431693e-05
2019-05-06,8.040003150614744e-05,0.00012251564957465742,4.0751941216637584e-05,0.00030826941577702014
2019-05-07,9.075876359056922e-05,0.00011415205118609852,5.060987230760525e-05,0.0002178960663525567
2019-05-08,8.895274864863122e-05,0.00011471472177647623,5.224144221694114e-05,5.059233518660246e-05
2019-05-09,0.00010927898437692266,0.00011025569580777488,5.876546726583507e-05,0.00016167806754955165
2019-05-10,0.00012959686747573976,0.00010074283814225485,7.190295930921814e-05,0.00028464044345459814
2019-05-13,0.00014860387629548493,7.939929832729875e-05,9.323859014908634e-05,0.00046111678719492103
2019-05-14,0.00012412671486567502,7.651849074880271e-05,9.346925308804668e-05,8.444489577063164e-05
2019-05-15,0.00012949490557989727,7.303525561397272e-05,9.706449838613831e-05,8.838315067038324e-05
2019-05-16,0.0001238386977771137,7.008032640061031e-05,9.931932153780985e-05,7.071564574712937e-05
2019-05-17,0.0001371351650586707,6.47865670850184e-05,0.00010712272526650435,0.00019596738906224408
2019-05-20,0.00011833771964048813,6.155722290921567e-05,0.00011029144264356149,9.574793113143597e-05
2019-05-21,0.00010986954346254152,6.83598782751e-05,0.00011218900928165175,5.246229267654563e-05
2019-05-22,0.00010003030945251987,6.967693881621082e-05,0.00011290593963857149,3.207340694735807e-05
2019-05-23,0.00012153983669660813,6.389280266579931e-05,0.00011871165769468753,0.0001273756204243631
2019-05-24,0.00010781591631665313,6.156247215101312e-05,0.00011999536765509575,5.433989048251645e-05
2019-05-28,0.00010531385649576564,6.016790683519266e-05,0.00012150603933206455,5.493579261394723e-05
2019-05-29,0.00011187085385731951,5.7586735926116535e-05,0.00012453202272260194,7.050038978629949e-05
2019-05-30,0.00011197432739343107,5.6868721741342694e-05,0.00012445079891683575,4.156102923903818e-05
2019-05-31,0.00012659465899749,6.013112193496538e-05,0.00012979484040761494,0.00012657110301478886
2019-06-03,0.00012726220123975143,5.742715805836918e-05,0.00013051864181383535,7.60705968442945e-05
2019-06-04,0.0001404501451837855,5.230064468991934e-05,0.00013204623173674544,0.00011762861654542804
2019-06-05,0.0001438381630943137,5.01499192914626e-05,0.00012251564957465734,0.00010812719037317021
2019-06-06,0.00012797910143497884,5.049144262521161e-05,0.0001141520511860985,4.226050019282155e-05
2019-06-07,0.00012392584884970208,4.881764221826969e-05,0.00011471472177647619,6.240841758453359e-05
2019-06-10,0.00012463511010989213,4.73089231260554e-05,0.0001102556958077748,6.803852220682259e-05
2019-06-11,0.00012310147947323423,4.4236586182349996e-05,0.00010074283814225481,8.48704324786786e-05
2019-06-12,8.620623171318063e-05,4.4019281639278834e-05,7.939929832729873e-05,1.2902451080842949e-05
2019-06-13,8.343054256256743e-05,4.327756619943434e-05,7.651849074880268e-05,2.3947936622214774e-05
2019-06-14,7.111696370170839e-05,4.290864846772321e-05,7.303525561397269e-05,1.5235212838953363e-05
2019-06-17,5.697439131640514e-05,4.270613180881993e-05,7.008032640061027e-05,8.662132266518208e-06
2019-06-18,6.997074275721113e-05,3.9854976351112895e-05,6.478656708501835e-05,8.479844343481386e-05
2019-06-19,6.438486547584964e-05,3.9660947134350424e-05,6.155722290921564e-05,2.793170343957937e-05
2019-06-20,8.853950592659947e-05,3.101433116084854e-05,6.83598782751e-05,0.00019531805536011692
2019-06-21,8.714820968163982e-05,2.9879182903936544e-05,6.967693881621088e-05,5.973167831068638e-05
2019-06-24,6.726373586672744e-05,3.0096711041931817e-05,6.389280266579926e-05,5.908761265719353e-06
2019-06-25,5.300608591083776e-05,3.0865229437629096e-05,6.156247215101316e-05,5.4029496720082486e-06
2019-06-26,5.9745864607712856e-05,3.0220008135358613e-05,6.016790683519261e-05,2.5649920981715825e-05
2019-06-27,4.796951377232843e-05,2.9819869863169617e-05,5.75867359261165e-05,1.6295800695701242e-05
2019-06-28,4.675039035331508e-05,3.0396206323840308e-05,5.6868721741342694e-05,2.6482731358788257e-05
2019-07-01,7.190446609696417e-05,2.8524242799603173e-05,6.01311219349654e-05,0.00019508150708086536
2019-07-02,6.120083558995863e-05,3.990836154070812e-05,5.742715805836919e-05,1.928735543577447e-05
2019-07-03,5.2431782104880195e-05,4.302830959139838e-05,5.2300644689919366e-05,9.971835807981797e-06
2019-07-05,6.674304499793143e-05,5.983317424605802e-05,5.0149919291462585e-05,6.296195700557762e-05
2019-07-08,6.701692708966706e-05,6.368761264689853e-05,5.0491442625211624e-05,4.943249020155135e-05
2019-07-09,5.564128862853598e-05,7.953568347949195e-05,4.881764221826969e-05,2.7258609038753057e-05
2019-07-10,5.889385908404513e-05,8.094771444296751e-05,4.730892312605538e-05,3.635542127032193e-05
2019-07-11,5.725752545591603e-05,8.44212372465654e-05,4.423658618235003e-05,2.0351356660866225e-05
2019-07-12,4.464382084986673e-05,9.064827888989339e-05,4.401928163927883e-05,8.339055676347748e-06
2019-07-15,3.961227200012378e-05,9.716107119809003e-05,4.327756619943434e-05,8.371912385480659e-06
2019-07-16,3.541376520241136e-05,0.00011036890050176586,4.290864846772317e-05,7.48794047301867e-06
2019-07-17,2.8909504821339005e-05,0.0001144972056306884,4.2706131808819895e-05,4.409282429549561e-06
2019-07-18,3.4878976042687435e-05,0.00012030920007269447,3.9854976351112895e-05,2.4924178822966723e-05
2019-07-19,3.6325610176702935e-05,0.00012621144753193717,3.966094713435041e-05,2.385708988756713e-05
2019-07-22,3.522368886777614e-05,0.00012662590758865544,3.101433116084855e-05,1.3739119916577871e-05
2019-07-23,4.1199484625289825e-05,0.00012851886414449985,2.987918290393652e-05,3.589356491553384e-05
2019-07-24,3.777957218439583e-05,0.00013207231563439393,3.0096711041931817e-05,1.0476852163620651e-05
2019-07-25,4.085775172363357e-05,0.00014643019820071866,3.08652294376291e-05,2.154183598165106e-05
2019-07-26,3.7672812934220314e-05,0.00015163287657555207,3.0220008135358623e-05,1.2100273634035894e-05
2019-07-29,3.428835798008416e-05,0.000155034128057548,2.9819869863169613e-05,7.892896979731925e-06
2019-07-30,4.035694482029667e-05,0.0001556890351888731,3.0396206323840335e-05,3.8585797032873516e-05
2019-07-31,5.592516416047469e-05,0.0001544875595900779,2.8524242799603153e-05,0.00015577027307188453
2019-08-01,6.898954602922837e-05,0.00014529911824891624,3.990836154070815e-05,0.00025835384899897937
2019-08-02,7.106925389326887e-05,0.0001452439454703175,4.3028309591398364e-05,7.549074487247626e-05
2019-08-05,0.00011396822654965905,0.00012946612621895587,5.983317424605807e-05,0.0004158641147534315
2019-08-06,0.00011236378626771277,0.00013429488882042465,6.36876126468985e-05,0.0001303756966192005
2019-08-07,0.00013444846728414262,0.00011769221475520845,7.953568347949189e-05,0.0003600680965232141
2019-08-08,0.00010728550068029158,0.00011634380577767773,8.094771444296746e-05,6.600807150330907e-05
2019-08-09,0.00011402623676161217,0.00011393403373701066,8.442123724656535e-05,9.32953355364216e-05
2019-08-12,0.00011386896172915062,0.00010842252150048643,9.064827888989346e-05,0.00013910693018623815
2019-08-13,0.00012085153853700259,0.00010316627010652477,9.716107119808997e-05,0.0001451405508576077
2019-08-14,0.00013437857879152013,9.018478406259275e-05,0.00011036890050176593,0.0002848523558502134
2019-08-15,0.00012916220354856412,8.748898597049613e-05,0.00011449720563068839,9.11036901369215e-05
2019-08-16,0.0001474259503022453,8.069013085711905e-05,0.00012030920007269451,0.00014697606210509526
2019-08-19,0.00015264726247228268,7.721105518940066e-05,0.00012621144753193722,0.00014780428653166411
2019-08-20,0.00011409672811623114,7.728920002398807e-05,0.00012662590758865538,2.2442781107659147e-05
2019-08-21,0.00012039983778197023,7.572492600203656e-05,0.00012851886414449974,7.564565258826527e-05
2019-08-22,0.0001229554398739236,7.271249296031091e-05,0.0001320723156343939,8.509933345139794e-05
2019-08-23,0.00015468757595918392,6.165382552159382e-05,0.00014643019820071866,0.0003230573698744715
2019-08-26,0.00014400644269950893,5.936970102574034e-05,0.00015163287657555212,0.00012135651950553846
2019-08-27,0.00015518210515287287,5.753073234708162e-05,0.000155034128057548,7.931917810164589e-05
2019-08-28,0.00015076555138658342,5.944399028571311e-05,0.00015568903518887312,5.233884679070072e-05
2019-08-29,0.00017239998025893902,5.409334476395125e-05,0.00015448755959007778,0.00013053928549718193
2019-08-30,0.00014442905081030877,5.414134318701367e-05,0.00014529911824891613,6.539658083458497e-05
2019-09-03,0.00013864765116434439,5.6264141519488594e-05,0.00014524394547031744,7.433211652190345e-05
2019-09-04,0.00014108181000848028,6.20023490015486e-05,0.00012946612621895595,8.452991047484023e-05
2019-09-05,0.0001678056988961175,5.1906380691305384e-05,0.00013429488882042476,0.00023177971125004567
2019-09-06,0.00010555812824227862,5.405613143910189e-05,0.00011769221475520846,1.1411941153671896e-05
2019-09-09,0.00010909816466633629,5.615678748492124e-05,0.00011634380577767763,3.7691482975162016e-05
2019-09-10,0.0001057370109147775,5.828618240982246e-05,0.00011393403373701069,4.269012268241513e-05
2019-09-11,9.024513037978809e-05,5.9031846918950665e-05,0.00010842252150048651,2.3365173219230715e-05
2019-09-12,8.101937884578869e-05,6.568768050683793e-05,0.00010316627010652476,3.475927158441061e-05
2019-09-13,7.106445175776723e-05,6.553476209463569e-05,9.018478406259275e-05,1.2241148927641409e-05
2019-09-16,7.473991681505301e-05,6.587893421608554e-05,8.748898597049604e-05,3.449193020289077e-05
2019-09-17,5.0783389803762976e-05,6.625381652648121e-05,8.069013085711898e-05,4.200104724176844e-06
2019-09-18,6.980123489995987e-05,6.432134243383759e-05,7.721105518940071e-05,7.474369750958062e-05
2019-09-19,5.9766893543659206e-05,6.473973476941139e-05,7.728920002398807e-05,2.408382263399343e-05
2019-09-20,6.88230095336216e-05,6.418389403449075e-05,7.57249260020366e-05,4.2795898127284484e-05
2019-09-23,6.164955279400062e-05,6.37358197216208e-05,7.271249296031095e-05,2.1838239575159387e-05
2019-09-24,8.503058598807621e-05,5.966028722895386e-05,6.165382552159382e-05,9.082535366141157e-05
2019-09-25,8.123820818527932e-05,5.7482228677541e-05,5.9369701025740306e-05,7.338990509261462e-05
2019-09-26,7.81857139373939e-05,5.6588455401144625e-05,5.753073234708161e-05,4.070083584981344e-05
2019-09-27,8.853664682829409e-05,5.338355154853811e-05,5.944399028571309e-05,9.251726350196184e-05
2019-09-30,7.425404607933059e-05,5.3237984455379384e-05,5.409334476395122e-05,1.817572954018258e-05
2019-10-01,8.09668247435076e-05,5.194429169528379e-05,5.414134318701369e-05,6.640454771889689e-05
2019-10-02,8.891196018393882e-05,4.827716768765052e-05,5.62641415194886e-05,0.00011891088150387642
2019-10-03,0.00010527085464456398,3.997657318849711e-05,6.200234900154863e-05,0.00020503226759810097
2019-10-04,7.531454579582506e-05,4.074436942442443e-05,5.1906380691305425e-05,1.976437673493819e-05
2019-10-07,8.692145514906202e-05,3.836565200030326e-05,5.40561314391019e-05,5.655670685739793e-05
2019-10-08,9.417842091328759e-05,3.503731302422195e-05,5.6156787484921214e-05,8.180525993736767e-05
2019-10-09,9.426026665451812e-05,3.299014680890359e-05,5.8286182409822474e-05,8.740741610534174e-05
2019-10-10,7.876228796797155e-05,3.198001140359323e-05,5.903184691895062e-05,3.9024127910921415e-05
2019-10-11,0.00010716371344137502,2.5015594548213457e-05,6.568768050683793e-05,0.00017453177693004435
2019-10-14,7.125833669612576e-05,2.5531307277448976e-05,6.553476209463574e-05,9.029862271395327e-06
2019-10-15,8.013868799768669e-05,2.4677547743578926e-05,6.587893421608551e-05,4.1719544753336005e-05
2019-10-16,6.206298554745523e-05,2.4699599204374722e-05,6.625381652648117e-05,1.2072633242485784e-05
2019-10-17,7.009968471082682e-05,2.473483821217083e-05,6.432134243383758e-05,3.416174156406507e-05
2019-10-18,6.199254471799263e-05,2.3541191901271506e-05,6.473973476941135e-05,3.287006168104266e-05
2019-10-21,6.699100756340397e-05,2.2783308236313218e-05,6.41838940344907e-05,3.1123242693950826e-05
2019-10-22,5.590270261985677e-05,2.458147130989365e-05,6.373581972162081e-05,1.2428679004891532e-05
2019-10-23,4.785142785888474e-05,2.503699046353048e-05,5.966028722895384e-05,5.239171315405443e-06
2019-10-24,5.3828087982870284e-05,2.475277915802239e-05,5.748222867754102e-05,2.7650675512945366e-05
2019-10-25,5.033274531549896e-05,2.4219117570228824e-05,5.6588455401144604e-05,2.1931597045488604e-05
2019-10-28,4.989433786587144e-05,2.327632884610477e-05,5.3383551548538084e-05,2.5214282597225e-05
2019-10-29,4.6694839469772325e-05,2.2819836045422084e-05,5.3237984455379404e-05,1.5118820583850185e-05
2019-10-30,5.858568087758437e-05,2.1338452934212906e-05,5.1944291695283775e-05,3.923699975688881e-05
2019-10-31,6.003629419239227e-05,2.0268701069794563e-05,4.827716768765054e-05,4.190127734357865e-05
2019-11-01,5.827751132430746e-05,2.51212090627112e-05,3.997657318849708e-05,3.0719783115878204e-05
2019-11-04,5.8683544858658774e-05,2.4740402292998674e-05,4.0744369424424416e-05,3.588809768941225e-05
2019-11-05,4.688576262848391e-05,2.588569246486549e-05,3.836565200030324e-05,6.6036409508532115e-06
2019-11-06,4.4675582472341804e-05,2.7716254136143126e-05,3.503731302422195e-05,1.1910141439660534e-05
2019-11-07,5.0005872082401715e-05,2.617745916206555e-05,3.299014680890358e-05,4.4416925583655926e-05
2019-11-08,4.328843909354722e-05,2.6043314955605485e-05,3.1980011403593214e-05,1.7811284399403695e-05
2019-11-11,4.4224802061690524e-05,2.5187501615089456e-05,2.5015594548213474e-05,2.827902296706986e-05
2019-11-12,4.426130835188583e-05,2.6063075114242687e-05,2.5531307277448965e-05,1.985982958534062e-05
2019-11-13,4.7781649192040906e-05,2.6632481985850447e-05,2.467754774357891e-05,2.3790594542064937e-05
2019-11-14,4.077958014137843e-05,3.009740868820308e-05,2.4699599204374722e-05,1.2535713919197832e-05
2019-11-15,4.753882404206938e-05,2.864041369648451e-05,2.4734838212170826e-05,3.490176072778325e-05
2019-11-18,3.7310946152995436e-05,2.844477636160612e-05,2.354119190127152e-05,7.80348915215726e-06
2019-11-19,3.846966743474891e-05,2.7964634151286325e-05,2.2783308236313218e-05,1.5207685729826361e-05
2019-11-20,4.5306482829477595e-05,2.7194840403496635e-05,2.458147130989364e-05,5.019010355008052e-05
2019-11-21,4.110895636864145e-05,2.6882298317323075e-05,2.503699046353047e-05,1.4805073541778768e-05
2019-11-22,4.22981272337171e-05,2.597217902064675e-05,2.4752779158022372e-05,2.168223809727526e-05
2019-11-25,3.9844999828834044e-05,2.5554682875634125e-05,2.4219117570228844e-05,1.0724703701824599e-05
2019-11-26,3.426307948525069e-05,2.600093845872844e-05,2.327632884610477e-05,5.415719390619486e-06
2019-11-27,2.897229981034139e-05,2.6466677378685248e-05,2.2819836045422067e-05,5.532471769513409e-06
2019-11-29,2.858388280744932e-05,2.6719343284194395e-05,2.133845293421291e-05,8.127954421496468e-06
2019-12-02,3.0366330865621942e-05,2.817298013516948e-05,2.026870106979458e-05,1.9436488190793778e-05
2019-12-03,4.3242053770710266e-05,2.9570552292058464e-05,2.512120906271118e-05,0.00013262245096712672
2019-12-04,4.156221783986979e-05,3.027127475909703e-05,2.474040229299867e-05,2.7891155525449626e-05
2019-12-05,4.659921549235524e-05,2.935357775715701e-05,2.588569246486548e-05,3.0654734560056195e-05
2019-12-06,5.663420705683112e-05,2.8900749135762593e-05,2.7716254136143103e-05,5.0351936536490645e-05
2019-12-09,4.82887775940027e-05,2.998474347350697e-05,2.617745916206554e-05,1.2102231128026964e-05
2019-12-10,4.210761501110423e-05,3.0063691175974365e-05,2.6043314955605488e-05,1.4994256063742674e-05
2019-12-11,3.785704491624308e-05,3.0213055893051933e-05,2.518750161508945e-05,1.0306942816233084e-05
2019-12-12,4.34759505327658e-05,2.9260324268801665e-05,2.606307511424268e-05,3.8246873067558414e-05
2019-12-13,4.270451944222668e-05,2.8211659557533106e-05,2.6632481985850434e-05,3.574813884582766e-05
2019-12-16,5.3448133618761774e-05,2.531405808201564e-05,3.0097408688203068e-05,8.52991746686033e-05
2019-12-17,3.6963974017185854e-05,2.5826251614315876e-05,2.8640413696484506e-05,4.304865901693458e-06
2019-12-18,3.28872706397108e-05,2.6632647527012822e-05,2.84447763616061e-05,3.695105119710709e-06
2019-12-19,2.9618200415137916e-05,2.734246688290131e-05,2.7964634151286342e-05,5.124699313111434e-06
2019-12-20,3.5554257823390735e-05,2.7471511124500677e-05,2.7194840403496642e-05,3.402443484649682e-05
2019-12-23,2.6140660695568758e-05,3.0601091985530935e-05,2.688229831732306e-05,8.241689732133598e-06
2019-12-24,2.209136628297994e-05,4.6927246529689844e-05,2.5972179020646744e-05,2.5697328670726035e-06
2019-12-26,1.9875579484253644e-05,5.129786299639188e-05,2.555468287563413e-05,1.9572846565596954e-06
2019-12-27,2.568705626247045e-05,5.199494354292369e-05,2.600093845872844e-05,1.4787086635599986e-05
2019-12-30,2.478826884172859e-05,5.5457785751811775e-05,2.6466677378685248e-05,1.531298908860639e-05
2019-12-31,2.5652391691110388e-05,5.830857646631108e-05,2.671934328419439e-05,1.3433938437188532e-05
2020-01-02,3.5998349926428935e-05,5.9769129172881935e-05,2.8172980135169472e-05,4.9962862061270425e-05
2020-01-03,5.499787276247882e-05,6.006016326077635e-05,2.9570552292058454e-05,0.00016197146626179533
2020-01-06,5.113609966845743e-05,6.411727898903772e-05,3.0271274759097024e-05,4.260632733325961e-05
2020-01-07,4.38517680344103e-05,6.46339169207652e-05,2.9353577757157015e-05,1.138309751931602e-05
2020-01-08,5.3107150865825514e-05,6.44796177997615e-05,2.8900749135762617e-05,4.0842535487208326e-05
2020-01-09,5.084768361134974e-05,6.339209697886278e-05,2.998474347350695e-05,3.4866112220657884e-05
2020-01-10,4.1359505733188795e-05,6.452710687729998e-05,3.0063691175974348e-05,1.6652157815557988e-05
2020-01-13,3.7620837896921906e-05,6.517146789464924e-05,3.0213055893051916e-05,1.3443601874862019e-05
2020-01-14,4.024158964661787e-05,6.651807944639795e-05,2.9260324268801685e-05,1.8239508958303595e-05
2020-01-15,3.595715490761358e-05,6.673071308816631e-05,2.82116595575331e-05,1.3726179909187395e-05
2020-01-16,3.6804292901442536e-05,6.735517565400856e-05,2.5314058082015626e-05,2.4449543682736306e-05
2020-01-17,3.3987123140903654e-05,6.761619258335683e-05,2.5826251614315893e-05,1.5060930079999042e-05
2020-01-21,3.690240708428002e-05,7.303416548239884e-05,2.6632647527012812e-05,2.0629419286346157e-05
2020-01-22,3.809784287810062e-05,7.445239494584066e-05,2.734246688290129e-05,2.0030905786769316e-05
2020-01-23,4.4307328111765244e-05,0.00017230936066132073,2.747151112450068e-05,3.6734363920084014e-05
2020-01-24,5.132833812581509e-05,0.00017917918618473103,3.060109198553095e-05,7.396288781376933e-05
2020-01-27,7.676113611033159e-05,0.00017765923692354362,4.6927246529689864e-05,0.00034541897829440973
2020-01-28,7.981915149026763e-05,0.0002349006098067677,5.129786299639187e-05,9.374023045730201e-05
2020-01-29,7.709840882442231e-05,0.00030403053731288814,5.199494354292368e-05,2.9425778112768012e-05
2020-01-30,9.243185047579527e-05,0.00033149694490194805,5.54577857518118e-05,8.803267547525681e-05
2020-01-31,9.333607038867205e-05,0.0003741868146220641,5.830857646631106e-05,7.330054344167281e-05
2020-02-03,8.85333505864538e-05,0.0004025704235631634,5.976912917288192e-05,8.063446889925845e-05
2020-02-04,0.00010015325701434567,0.0004425780288264062,6.006016326077633e-05,0.000168083182107578
2020-02-05,0.00010679709517917024,0.0004987790737339158,6.411727898903768e-05,0.00012780575762674792
2020-02-06,8.279360049927554e-05,0.0008380368566835307,6.463391692076516e-05,2.223249408559329e-05
2020-02-07,8.49095965505489e-05,0.0010035532958055393,6.447961779976147e-05,3.760225394613087e-05
2020-02-10,6.658721880056094e-05,0.0010653998225198483,6.339209697886277e-05,1.2028174981784976e-05
2020-02-11,6.801753494202173e-05,0.0014347250327664247,6.452710687730002e-05,4.0487365682740254e-05
2020-02-12,5.9940977566394125e-05,0.0018270995519276783,6.517146789464923e-05,2.697518323919546e-05
2020-02-13,6.735278711904842e-05,0.0026192407647914573,6.651807944639798e-05,4.651835154502737e-05
2020-02-14,5.914460428746529e-05,0.002769364437902978,6.673071308816636e-05,1.819148638632346e-05
2020-02-18,6.899237482731405e-05,0.0031540051762435797,6.735517565400852e-05,3.75632575654214e-05
2020-02-19,6.243573765676398e-05,0.003248124824978543,6.761619258335681e-05,2.054228559631322e-05
2020-02-20,8.4863809666956e-05,0.003273911118377449,7.30341654823989e-05,0.00013440685016623014
2020-02-21,7.916685446378592e-05,0.003326138971561486,7.445239494584073e-05,4.981372451904789e-05
2020-02-24,0.00016159856363901718,0.00335883500584533,0.00017230936066132065,0.002091730643945162
2020-02-25,0.00015207189109148282,0.003462849087534738,0.000179179186184731,0.00021822922380538683
2020-02-26,0.00019125071920397053,0.0034730395126825082,0.00017765923692354376,0.000313500043809478
2020-02-27,0.0002562907474540417,0.0035006898131050455,0.0002349006098067676,0.0012958090610050031
2020-02-28,0.0003368567801365197,0.003450455667856455,0.00030403053731288836,0.001481154255741304
2020-03-02,0.0003111558752336931,0.0034351742760136725,0.00033149694490194805,0.0006648272348455096
2020-03-03,0.0003686359140338847,0.0035506854865713353,0.0003741868146220643,0.0009697878075641146
2020-03-04,0.00038871765575271473,0.0035274208767896863,0.00040257042356316354,0.0006766902566623417
2020-03-05,0.00041374198120068783,0.0035029755286157377,0.0004425780288264064,0.0010082428926356777
2020-03-06,0.0004349257161693187,0.003641827523214347,0.0004987790737339157,0.0013080277006844436
2020-03-09,0.0006319606954707229,0.003365528950423045,0.0008380368566835303,0.007146645936027499
2020-03-10,0.0006992428592508407,0.003229437005584571,0.0010035532958055395,0.003513447475508326
2020-03-11,0.0007069080357587334,0.0031851082111189087,0.0010653998225198487,0.0013108052359822792
2020-03-12,0.0010557002866065069,0.0028304318351021355,0.0014347250327664245,0.007796316780860833
2020-03-13,0.0013040235758962318,0.0024844685063674884,0.001827099551927679,0.008266840085625535
2020-03-16,0.0016329924237292917,0.001740296745437751,0.0026192407647914577,0.016681483821684377
2020-03-17,0.0014948313474086156,0.0015979966570993831,0.0027693644379029776,0.003170788621728248
2020-03-18,0.0020249227148688427,0.0012433283611988036,0.0031540051762435806,0.008115018762718083
2020-03-19,0.001744192519873296,0.0011707523415785681,0.0032481248249785427,0.001997054909030512
2020-03-20,0.0014267397095013134,0.0011601396352236052,0.00327391111837745,0.0006759190115432982
2020-03-23,0.0013079909403309249,0.001128212605241511,0.003326138971561487,0.0011465986413838126
2020-03-24,0.0015034560906474386,0.0010074865095920662,0.0033588350058453295,0.002778347363905852
2020-03-25,0.0013759046278557635,0.0009020736773953898,0.0034628490875347386,0.0024025249392829887
2020-03-26,0.0011163959010028833,0.0008826124808324279,0.0034730395126825082,0.0005274989719126367
2020-03-27,0.0013785683642262858,0.0008045352232672008,0.003500689813105044,0.001876465369878257
2020-03-30,0.001109439792557688,0.000808317123815971,0.0034504556678564544,0.0004262372055209217
2020-03-31,0.0009459675982249971,0.0007990853765266477,0.003435174276013673,0.00034391800614709485
2020-04-01,0.001244619441996007,0.0006799012253300763,0.0035506854865713345,0.003395523229275014
2020-04-02,0.0008518492175546601,0.0006784051784351356,0.003527420876789686,0.00018813345124771316
2020-04-03,0.0008540605433559279,0.0006692093087592258,0.003502975528615739,0.0004948905809827951
2020-04-06,0.0012554755789784924,0.0004722415587537044,0.0036418275232143484,0.004223919587255233
2020-04-07,0.0012274068938444194,0.00041798675856129447,0.003365528950423045,0.0013443759074101415
2020-04-08,0.0009880038392342805,0.00039569928235869167,0.003229437005584571,0.0006555166339003689
2020-04-09,0.0009468061492174375,0.00038381273991212303,0.0031851082111189082,0.00037990055220334676
2020-04-13,0.0008981661729805535,0.00037068221899397443,0.0028304318351021355,0.00034811288450861395
2020-04-14,0.0008777171546351333,0.0003381659565217721,0.0024844685063674893,0.001001610182197962
2020-04-15,0.0008403149632363763,0.00033691991327900367,0.0017402967454377516,0.0010538768421598907
2020-04-16,0.0006050192950297459,0.0003353753272539597,0.0015979966570993838,0.00018248676662252418
2020-04-17,0.0006961591231186177,0.0003336071985345495,0.0012433283611988036,0.0006669845488058977
2020-04-20,0.0006565546166435135,0.00031566838782093266,0.0011707523415785681,0.00047295849700556875
2020-04-21,0.0006061034654244217,0.0003034907796964452,0.001160139635223605,0.0004530521780890721
2020-04-22,0.0005748133125502328,0.00028417798972024374,0.0011282126052415107,0.00047613101175983277
2020-04-23,0.0005349465147074208,0.0002744143351164793,0.0010074865095920666,0.0002430993552675295
2020-04-24,0.0004601936371155,0.00030089074056044256,0.0009020736773953895,0.0001888554631527675
2020-04-27,0.000382762635171214,0.0003186534277513928,0.0008826124808324277,0.0001188138440904363
2020-04-28,0.00038763102508967956,0.00031326285253681406,0.000804535223267201,0.00023684296100849985
2020-04-29,0.0004108064751065103,0.00029774292953099426,0.000808317123815971,0.0005056571170450864
2020-04-30,0.00034370466898228446,0.0002924422681179747,0.0007990853765266479,0.0001500513130713141
2020-05-01,0.0004667756622532152,0.00025267744046074457,0.0006799012253300761,0.0008926560541470043
2020-05-04,0.0003824245703895706,0.00024938500185409427,0.0006784051784351354,0.00015671646645395822
2020-05-05,0.0004185916936357418,0.00023938230088176295,0.000669209308759226,0.0003017773177886994
2020-05-06,0.00031737780140852465,0.00025552561140847646,0.00047224155875370463,8.759683713928272e-05
2020-05-07,0.0003385886213577027,0.00024740513547016673,0.00041798675856129436,0.0002050251033695261
2020-05-08,0.0002912092860814035,0.00024638119269868833,0.0003956992823586916,0.00018747963364571015
2020-05-11,0.00027061915336911823,0.0002430438222432281,0.00038381273991212314,0.00013028316082540944
2020-05-12,0.00022451162578901432,0.00027437694984088954,0.00037068221899397443,7.23719452274912e-05
2020-05-13,0.000285926172325777,0.00031933508553154226,0.0003381659565217721,0.00031876867028171233
2020-05-14,0.00036177890886528825,0.00030396540640649093,0.00033691991327900356,0.0010277099340617521
2020-05-15,0.0002851731767110246,0.0003523081008797128,0.00033537532725395945,0.0001500504600965978
2020-05-18,0.0003760816947978572,0.0003245923170633988,0.00033360719853454935,0.0006298538456982861
2020-05-19,0.0003090577190628731,0.00032249678232989615,0.0003156683878209329,9.62434720196225e-05
2020-05-20,0.00031682936898638737,0.00032450578469586715,0.0003034907796964452,0.00019732240747483148
2020-05-21,0.0002289462117025117,0.00032441704123951275,0.00028417798972024374,7.056242225960173e-05
2020-05-22,0.00018778800270124958,0.0003282345994601416,0.0002744143351164793,3.806260858847477e-05
2020-05-26,0.000260598952157125,0.00030522890969892535,0.0003008907405604426,0.0007448599774759984
2020-05-27,0.0002852848152566318,0.0002894992743054321,0.0003186534277513928,0.0004918302751003898
2020-05-28,0.00024011537658630882,0.00028730394192906815,0.00031326285253681406,0.00012364088150234608
2020-05-29,0.0002657948111590026,0.00028717826713871064,0.0002977429295309944,0.00017973873392287376
2020-06-01,0.0002175426228241062,0.0002915714818225471,0.0002924422681179747,3.873742339790121e-05
2020-06-02,0.0001849374034718776,0.000291484739549896,0.0002526774404607448,5.7594673345175615e-05
2020-06-03,0.00016442087072290909,0.000297466589746398,0.00024938500185409416,8.757525571429487e-05
2020-06-04,0.00016038827502872004,0.0003023269167938349,0.0002393823008817628,9.172059736974067e-05
2020-06-05,0.00020025582588750111,0.00028755410364217674,0.0002555256114084764,0.0004266063582002688
2020-06-08,0.00015247267957007113,0.0002895498036754715,0.00024740513547016684,3.4495108665025275e-05
2020-06-09,0.00019227678730601833,0.0002932583613402764,0.00024638119269868855,0.00016597683544466546
2020-06-10,0.0001663788588324472,0.00029449268918691667,0.00024304382224322815,6.019838126074116e-05
2020-06-11,0.0002547668746633356,0.00027420618313169843,0.0002743769498408893,0.0007303676247783762
2020-06-12,0.0003032994955928158,0.0002221134939408013,0.00031933508553154226,0.001262889519785424
2020-06-15,0.0003613822922074601,0.00019827936106455815,0.0003039654064064907,0.0007049466724356693
2020-06-16,0.0004394457749087139,0.00014564706586730428,0.00035230810087971296,0.001165247044034264
2020-06-17,0.00030915408174441415,0.00014614779709539404,0.000324592317063399,4.78223855556929e-05
2020-06-18,0.0002480570583917547,0.0001464371540459952,0.0003224967823298959,5.223724261605768e-05
2020-06-19,0.0002587375029067913,0.00013869654604192118,0.0003245057846958671,0.00023951145716022635
2020-06-22,0.0001895850392564691,0.00013601335759818326,0.000324417041239513,6.869880967616768e-05
2020-06-23,0.00017029874465063522,0.0001352743916675465,0.0003282345994601417,0.00011823133122167671
2020-06-24,0.0002146421739352461,0.00012648647647642267,0.0003052289096989256,0.0002617404924904603
2020-06-25,0.0002176195270444688,0.00012017974595033913,0.0002894992743054321,0.0001615079318370248
2020-06-26,0.00018139955456101766,0.00011837231980321201,0.0002873039419290683,7.753890159870774e-05
2020-06-29,0.00021229200784756761,0.00011140477580850472,0.00028717826713871064,0.000177099563325362
2020-06-30,0.00020700339062648958,0.0001149019523002139,0.00029157148182254716,0.00013099493175846842
2020-07-01,0.0001705835162758869,0.00012475426268094335,0.00029148473954989615,5.57730856195054e-05
2020-07-02,0.00020256930999047103,0.00011679237951567146,0.00029746658974639785,0.00021319410984083054
2020-07-06,0.00021705941052754064,0.00010794649081774842,0.00030232691679383497,0.00019378746536591915
2020-07-07,0.00020073094770560002,0.00010349817128213484,0.0002875541036421768,0.00011637728201544873
2020-07-08,0.00018062783343351943,0.00010068102623540105,0.0002895498036754713,7.640480936420888e-05
2020-07-09,0.00023220827852186795,9.070586803465387e-05,0.00029325836134027624,0.0002438565464055692
2020-07-10,0.0001941025852081345,8.910473802712109e-05,0.0002944926891869169,8.611926604019483e-05
2020-07-13,0.00023266806366439182,7.83179713679467e-05,0.00027420618313169843,0.0003043509976187883
2020-07-14,0.00022099777393480466,7.426989124683957e-05,0.0002221134939408014,0.00016894304677658566
2020-07-15,0.0002360587707378062,6.612609386100009e-05,0.00019827936106455804,0.0002044298820345596
2020-07-16,0.00018210337695011048,6.399639619180513e-05,0.00014564706586730423,5.996884489193406e-05
2020-07-17,0.0001692316314824508,6.22795662085884e-05,0.00014614779709539415,5.8337741345581095e-05
2020-07-20,0.0001502536096247918,6.119253754333975e-05,0.00014643715404599522,5.831373857868013e-05
2020-07-21,0.00014655216642349108,5.8770354844393596e-05,0.00013869654604192123,7.695868907467299e-05
2020-07-22,9.535884010122222e-05,6.0581706783567194e-05,0.00013601335759818323,1.2351852357669425e-05
2020-07-23,0.00012311918229119742,5.6220823948879e-05,0.0001352743916675466,0.0001027130466783076
2020-07-24,0.00012144517259699364,5.922544939443883e-05,0.00012648647647642267,7.719427347685763e-05
2020-07-27,0.00010154420161765716,5.895959149993426e-05,0.00012017974595033922,2.906659078927207e-05
2020-07-28,9.776016014797981e-05,5.839636106836181e-05,0.00011837231980321199,3.958295250903577e-05
2020-07-29,0.00010067211809352906,5.9535991672588656e-05,0.0001114047758085048,3.0781139436511486e-05
2020-07-30,0.00012833009274271519,5.157749999739225e-05,0.00011490195230021381,0.00020443563808435737
2020-07-31,0.00014526219981631804,3.9948104515354e-05,0.00012475426268094333,0.00026267160361482535
2020-08-03,0.0001260155473673543,3.944345407455245e-05,0.00011679237951567141,4.5994563370120486e-05
2020-08-04,9.005380581316324e-05,4.429234735448149e-05,0.00010794649081774845,8.023802709536776e-06
2020-08-05,9.492479893453757e-05,6.13291424229752e-05,0.00010349817128213494,2.2962571767564746e-05
2020-08-06,7.49985522776086e-05,0.00010008342881026091,0.000100681026235401,1.724476338279593e-05
2020-08-07,6.847367259370979e-05,0.0001363633200540465,9.070586803465379e-05,3.437822418987825e-05
2020-08-10,7.054626788319607e-05,0.00014846903154754063,8.910473802712104e-05,5.2495535882007156e-05
2020-08-11,8.643481213776254e-05,0.00015292714596598672,7.831797136794667e-05,7.782889777612649e-05
2020-08-12,9.397316544556387e-05,0.0001582592089284571,7.426989124683952e-05,8.393336423333547e-05
2020-08-13,8.795353484840018e-05,0.00016977902891111997,6.612609386100009e-05,3.3410136931931485e-05
2020-08-14,7.391458238728314e-05,0.0001745124695406532,6.399639619180514e-05,1.5245193838840377e-05
2020-08-17,7.110107272540297e-05,0.0001772400176818002,6.227956620858839e-05,2.2284311698029162e-05
2020-08-18,6.982487642656635e-05,0.00019114593688340382,6.119253754333979e-05,3.548613660845973e-05
2020-08-19,6.14961610190154e-05,0.00019889115426120782,5.8770354844393616e-05,2.6092852396803058e-05
2020-08-20,6.723391930163571e-05,0.00021686275096838208,6.0581706783567146e-05,5.0390243080313565e-05
2020-08-21,5.649009331193096e-05,0.00022341538558976585,5.622082394887898e-05,1.113450714985634e-05
2020-08-24,8.341428213103488e-05,0.00022017179493163288,5.922544939443885e-05,0.00014029140783361474
2020-08-25,6.665722740913613e-05,0.00023073031000404873,5.8959591499934294e-05,2.3483575004676433e-05
2020-08-26,6.803234653503732e-05,0.00023546458991081663,5.8396361068361775e-05,2.7755113446012923e-05
2020-08-27,7.35446373633124e-05,0.00024313157636533968,5.953599167258867e-05,5.4713382125276194e-05
2020-08-28,7.738897345432168e-05,0.00024295503587561692,5.157749999739225e-05,3.730731290523258e-05
2020-08-31,6.0141667679104644e-05,0.00024993138963295297,3.994810451535402e-05,1.8454298492022477e-05
2020-09-01,6.429501548204622e-05,0.0002545829758054858,3.9443454074552455e-05,3.539690411328775e-05
2020-09-02,8.055391256526793e-05,0.0002692291193656888,4.429234735448148e-05,0.0001098505615880461
2020-09-03,0.00011087719337353644,0.0002535926397810855,6.13291424229752e-05,0.0003807352682059328
2020-09-04,0.00015814487131466214,0.00022205883521048041,0.00010008342881026084,0.0008310847775157946
2020-09-08,0.00021891541597332396,0.00018970801813634856,0.00013636332005404638,0.0007962559403093749
2020-09-09,0.00024051121675940781,0.00017768239629248773,0.00014846903154754052,0.0003067154772453838
2020-09-10,0.00023844963820208008,0.00017166628926907197,0.00015292714596598666,0.00017144930056349527
2020-09-11,0.00023312644502915166,0.00016867908592223385,0.00015825920892845703,0.00019590668644521315
2020-09-14,0.00022610031591967903,0.0001570365452020893,0.00016977902891111995,0.00027532635656785326
2020-09-15,0.00018293601420228762,0.00015467418526519578,0.00017451246954065312,0.00011464744705903662
2020-09-16,0.0001635332424918713,0.00015988168539006215,0.0001772400176818003,7.956282266212051e-05
2020-09-17,0.00020489086142808107,0.0001476776014035001,0.00019114593688340385,0.00032751043984213373
2020-09-18,0.00019801519596753368,0.00014436688977187558,0.0001988911542612078,0.00018874241733068665
2020-09-21,0.00023065818836950648,0.00012987845281634295,0.00021686275096838192,0.0004277937739309689
2020-09-22,0.00021491005322139288,0.00012568387115030212,0.000223415385589766,0.00014873983419892215
2020-09-23,0.0002038450644418889,0.00012656418944977945,0.00022017179493163288,7.217600401281941e-05
2020-09-24,0.00022709985042061327,0.00011856576289211046,0.00023073031000404894,0.0002452123915254138
2020-09-25,0.00021162810500925888,0.00012933455447247194,0.0002354645899108168,0.00012717499148813787
2020-09-28,0.0002182715343369172,0.00011957039583664456,0.0002431315763653398,0.00021572009767025863
2020-09-29,0.00016249336202533033,0.00016571554343894918,0.00024295503587561684,3.3599962621051936e-05
2020-09-30,0.00020636146554163897,0.00017150941342881226,0.000249931389632953,0.00016495772739608165
2020-10-01,0.00019872280443412958,0.00017849136804048182,0.0002545829758054859,0.00013308021373647719
2020-10-02,0.0002512353226914529,0.0001704158001746191,0.0002692291193656888,0.00041741957635230695
2020-10-05,0.00018256355010243673,0.00018584430406838324,0.0002535926397810856,5.2369196929267435e-05
2020-10-06,0.00022789896737062908,0.0002020156974697462,0.00022205883521048028,0.0001688748815330813
2020-10-07,0.0002084550677785855,0.00021177300695198928,0.00018970801813634873,0.00011688878175261343
2020-10-08,0.00017422002200469152,0.00021229532081482418,0.0001776823962924879,5.4177418524305876e-05
2020-10-09,0.0001417469196354352,0.00028471634881166414,0.00017166628926907195,4.511105307176025e-05
2020-10-12,0.0001682857026727991,0.000283579506867945,0.00016867908592223374,0.00013317541616161106
2020-10-13,0.0001253408542824976,0.0002854103177889313,0.0001570365452020892,3.083300144481745e-05
2020-10-14,0.0001267813144084603,0.0002874890142751099,0.0001546741852651957,6.503788838427353e-05
2020-10-15,0.00015538904264791032,0.0002818979038438565,0.0001598816853900621,0.00018892032528431478
2020-10-16,0.00014553797464629143,0.00028321511168509923,0.00014767760140350022,7.122467612433444e-05
2020-10-19,0.0001498126068187281,0.00028230100079475797,0.00014436688977187564,0.0001192174730665706
2020-10-20,0.0001652399380292857,0.0002776500661514541,0.00012987845281634293,0.0001235365978647819
2020-10-21,0.00014901812522517745,0.0002773044189857423,0.00012568387115030215,6.065361921206562e-05
2020-10-22,0.00014604500548250722,0.00027328040576434236,0.00012656418944977942,9.066268830184237e-05
2020-10-23,0.00014472300544716177,0.00027414986795518104,0.00011856576289211053,7.72454338143666e-05
2020-10-26,0.00018305158211632654,0.0002622152838320978,0.00012933455447247202,0.00035331961467572985
2020-10-27,0.00010454601947598774,0.0002624221682585843,0.00011957039583664461,1.06727663178824e-05
2020-10-28,0.00020640366355568606,0.00021573772429897903,0.00016571554343894904,0.001002648062269445
2020-10-29,0.00020369147088025554,0.00020632369969762176,0.00017150941342881234,0.00028662899718321104
2020-10-30,0.00022459904198733247,0.00019892599924637905,0.00017849136804048169,0.0002797012605815331
2020-11-02,0.00021817251754866152,0.00018834094923282917,0.000170415800174619,0.0002478326511691905
2020-11-03,0.00029377801654288026,0.00017172076302716404,0.00018584430406838332,0.0003763677786983187
2020-11-04,0.00029772387795670057,0.0001477405642959471,0.00020201569746974623,0.0005084741429617022
2020-11-05,0.0002892853421961602,0.00013339343062444663,0.00021177300695198926,0.0003217922808797166
2020-11-06,0.00021986715229992959,0.00013164337628948387,0.00021229532081482407,6.514600964383676e-05
2020-11-09,0.0003628363394867134,5.9062677741403544e-05,0.000284716348811664,0.0015659526410053983
2020-11-10,0.0002569010822747327,5.6402797213890314e-05,0.0002835795068679451,0.00010930173534351496
2020-11-11,0.00021057027165525307,5.6370572481115136e-05,0.0002854103177889311,6.928003078552397e-05
2020-11-12,0.0002074124032867944,5.550215700108183e-05,0.00028748901427510994,0.00010869051459402858
2020-11-13,0.00020044050845953492,5.668360325043337e-05,0.00028189790384385634,7.150700622799e-05
2020-11-16,0.0001681732908586724,5.28840892561813e-05,0.0002832151116850994,9.888604079043788e-05
2020-11-17,0.0001680935679308756,4.960932581206143e-05,0.00028230100079475797,0.00010002114436940095
2020-11-18,0.00013369965777748852,5.204793101220286e-05,0.00027765006615145416,2.5866970355401234e-05
2020-11-19,0.00013505525808612268,0.00011102074778884384,0.00027730441898574234,5.339502873211832e-05
2020-11-20,8.813676542930868e-05,0.00011174974882908804,0.00027328040576434214,6.1584106524379985e-06
2020-11-23,0.00011600861876648317,0.00010867539699041821,0.0002741498679551808,9.550413982197895e-05
2020-11-24,0.00011755285840398254,0.00010423011391371988,0.00026221528383209785,0.00010269334809098784
2020-11-25,8.90647944844044e-05,0.00010649815429964768,0.0002624221682585844,1.5017339274099864e-05
2020-11-27,8.882882810179118e-05,0.00010716991542056282,0.00021573772429897905,2.2274739117732476e-05
2020-11-30,0.00011926413781253116,0.00010360223486555971,0.00020632369969762163,8.89344805547047e-05
2020-12-01,0.00012417966027878234,9.896326706949511e-05,0.00019892599924637897,0.00012434955110543814
2020-12-02,9.274806021856233e-05,0.00011336915177081265,0.00018834094923282933,2.5546600884647766e-05
2020-12-03,9.444321723097358e-05,0.00011407153181480301,0.0001717207630271641,2.7343868379348886e-05
2020-12-04,6.704907873800125e-05,0.00012413211341910646,0.00014774056429594717,4.889969606146117e-06
2020-12-07,6.651688890772825e-05,0.00012657228107184872,0.00013339343062444665,2.05024737782061e-05
2020-12-08,5.970759668805847e-05,0.00013083349941408272,0.00013164337628948376,2.839486860961553e-05
2020-12-09,6.386439216836274e-05,0.00013443739844598606,5.906267774140357e-05,4.175797149571478e-05
2020-12-10,6.54300438456601e-05,0.00013429202686059968,5.6402797213890334e-05,5.3444244265736976e-05
2020-12-11,8.050394306050227e-05,0.00013233433777441926,5.637057248111514e-05,6.860331139724475e-05
2020-12-14,9.23865315171123e-05,0.00012900996267753878,5.5502157001081804e-05,9.045378951332867e-05
2020-12-15,0.00010128707091515577,0.00012802238834861636,5.6683603250433336e-05,9.631737746437222e-05
2020-12-16,7.995955916333214e-05,0.00013062797120439807,5.288408925618127e-05,1.9096246911144344e-05
2020-12-17,7.950122295605165e-05,0.00013264779551494247,4.960932581206142e-05,3.1251112042884074e-05
2020-12-18,8.739918575889894e-05,0.0001295955114756915,5.2047931012202883e-05,7.707767955837216e-05
2020-12-21,0.00014815100081511337,7.026446930586041e-05,0.00011102074778884378,0.0012918241810415767
2020-12-22,8.724786523286674e-05,7.970162903021306e-05,0.00011174974882908807,2.1467432497568246e-05
2020-12-23,9.586312450937559e-05,7.900434475658354e-05,0.00010867539699041817,3.094275120991158e-05
2020-12-24,7.546327196552446e-05,8.959922908779415e-05,0.00010423011391371982,9.342403480322374e-06
2020-12-28,8.927002149464217e-05,9.609680565594029e-05,0.0001064981542996477,6.264618737858519e-05
2020-12-29,6.635450206762089e-05,0.0001026290814712742,0.00010716991542056273,3.6381722656948e-05
2020-12-30,5.810208041956371e-05,0.00011460041229210963,0.00010360223486555974,1.4013188899641937e-05
2020-12-31,6.039624395766907e-05,0.0001249539838361253,9.896326706949505e-05,2.6931227388080004e-05
2021-01-04,0.00010130401643371716,0.00011122652775377901,0.00011336915177081275,0.0003280701796123191
2021-01-05,8.069060194862415e-05,0.0001110301308793741,0.00011407153181480301,4.209384930314404e-05
2021-01-06,0.0001111623521986549,0.0001031128513836126,0.00012413211341910643,0.00021616218329651853
2021-01-07,0.00011606992296985037,0.0001011093356640929,0.00012657228107184875,7.174599448579429e-05
2021-01-08,0.00013889701511343396,9.615456275390363e-05,0.00013083349941408272,0.00011788045379652934
2021-01-11,0.00013177197463401803,9.550485045860243e-05,0.0001344373984459861,0.00011743985116568551
2021-01-12,0.00012290251809182184,9.623413557172045e-05,0.00013429202686059957,5.039144097261958e-05
2021-01-13,9.898674800586564e-05,9.547355864376262e-05,0.00013233433777441926,2.7491840587458392e-05
2021-01-14,8.655306047394348e-05,9.57265274755779e-05,0.00012900996267753884,2.064191247884024e-05
2021-01-15,9.532381854277025e-05,9.44560959380763e-05,0.00012802238834861627,7.557831655699779e-05
2021-01-19,9.167252798945783e-05,9.560001961906467e-05,0.00013062797120439807,7.381348688256251e-05
2021-01-20,9.599450426510405e-05,9.326279031740531e-05,0.0001326477955149424,7.366742256431508e-05
2021-01-21,7.548389699389936e-05,9.755030982854699e-05,0.00012959551147569153,1.2979714734103986e-05
2021-01-22,9.001315161822138e-05,0.00010969700688295868,7.026446930586043e-05,4.587229547512313e-05
2021-01-25,0.00011077737126988406,0.00010270895184487413,7.970162903021313e-05,0.00021964778670897502
2021-01-26,7.633058719397227e-05,0.00011175525632811489,7.900434475658349e-05,1.629978146368936e-05
2021-01-27,0.00011129537455106258,0.00010840384102709268,8.959922908779419e-05,0.00023183497443574703
2021-01-28,0.0001389362275023509,0.00012465034044370032,9.609680565594027e-05,0.00019909529530965286
2021-01-29,0.00015269648235553834,0.0001173367856458668,0.00010262908147127413,0.00017355951477895896
2021-02-01,0.00016614987557138892,0.00010684374365832563,0.0001146004122921096,0.0002654111361371864
2021-02-02,0.0002077513268112487,0.00011707318856998516,0.00012495398383612525,0.0002443562298124087
2021-02-03,0.0001540980742636492,0.00015019444177073835,0.00011122652775377911,3.979360188305073e-05
2021-02-04,0.00013231930374523132,0.00015481493807410459,0.00011103013087937419,3.7969514940640714e-05
2021-02-05,0.00012487820390857563,0.0001617895696021657,0.00010311285138361259,4.989931388552493e-05
2021-02-08,9.87773602766541e-05,0.00016402742019817077,0.000101109335664093,2.96721643758826e-05
2021-02-09,7.305993996418478e-05,0.0001680497960488352,9.615456275390358e-05,1.38302226825517e-05
2021-02-10,9.533422115005605e-05,0.00016463419384224787,9.550485045860243e-05,0.00010379589296436134
2021-02-11,9.387444917665524e-05,0.000164823255655618,9.623413557172044e-05,6.570642834809752e-05
2021-02-12,6.970390042015118e-05,0.00016534910570647083,9.547355864376269e-05,1.1519725100346017e-05
2021-02-16,7.48038416721366e-05,0.00016711618762492312,9.572652747557792e-05,2.59542579469601e-05
2021-02-17,8.815916252863564e-05,0.00017156554610729718,9.445609593807628e-05,4.889925426946306e-05
2021-02-18,9.442179795361926e-05,0.0001708154576061219,9.560001961906464e-05,9.783588418331836e-05
2021-02-19,7.558723223910993e-05,0.00017163502185530612,9.32627903174054e-05,2.458560722947083e-05
2021-02-22,0.00010216993340088664,0.00016962993930316753,9.7550309828547e-05,0.0001030176244680776
2021-02-23,0.00014133377358038323,0.0001589088777506376,0.00010969700688295877,0.00030095293361777077
2021-02-24,0.0001270735032523454,0.00016127207973835227,0.00010270895184487415,7.289863090919764e-05
2021-02-25,0.00014837915712539223,0.00015377113857412798,0.00011175525632811485,0.00020627217561174394
2021-02-26,0.00017086606944826467,0.00014898541945875047,0.00010840384102709267,0.000161455253114281
2021-03-01,0.00021915574541980855,0.0001247838641646209,0.00012465034044370038,0.0005402717830584156
2021-03-02,0.00012619538197930675,0.00012529824988173765,0.00011733678564586678,1.9974864024452664e-05
2021-03-03,0.00012972507355500063,0.00012464548908046235,0.0001068437436583257,4.505725439882407e-05
2021-03-04,0.00017421988210389398,0.00010582588696662292,0.00011707318856998516,0.00045917457295725707
2021-03-05,0.00020629499912051444,7.146612916159889e-05,0.00015019444177073838,0.0007353399190988686
2021-03-08,0.00016101071219226727,6.531709443948912e-05,0.00015481493807410459,0.0001349999373113311
2021-03-09,0.00020086324776399464,5.694874073625949e-05,0.0001617895696021658,0.0001963665759748104
2021-03-10,0.00019104875786878843,5.3588844379097135e-05,0.0001640274201981708,7.666702689198761e-05
2021-03-11,0.00017890485206953604,4.9375498660646786e-05,0.00016804979604883528,9.830011554650561e-05
2021-03-12,0.00013012578178770432,4.842666498536515e-05,0.00016463419384224782,3.206824662602403e-05
2021-03-15,0.00013343260354619645,4.622030545939478e-05,0.00016482325565561813,6.96767264288748e-05
2021-03-16,0.0001009326601872171,4.6836627561049436e-05,0.0001653491057064709,2.2562576168254124e-05
2021-03-17,0.00011304719203660789,4.5111811851378796e-05,0.00016711618762492312,6.306297823445663e-05
2021-03-18,0.0001289582935671305,3.9780799853730546e-05,0.00017156554610729723,0.00014233578239931913
2021-03-19,0.0001313750404909761,3.877020607363207e-05,0.0001708154576061219,8.208402565863657e-05
2021-03-22,0.0001170689591066049,3.739058932120085e-05,0.00017163502185530598,4.179645646233663e-05
2021-03-23,0.00013201845074979615,3.712434377031057e-05,0.00016962993930316755,6.091089087317048e-05
2021-03-24,0.0001360632772221309,3.593268886780323e-05,0.00015890887775063756,7.581064101464041e-05
2021-03-25,0.00013939140061517834,3.049991914973163e-05,0.00016127207973835232,0.00012252587265120811
2021-03-26,0.0001219119086957859,2.8786360509380813e-05,0.000153771138574128,4.875241116303321e-05
2021-03-29,0.0001257316865772299,2.6556925696358933e-05,0.00014898541945875055,6.095515169135504e-05
2021-03-30,0.00011012791691681716,3.1238903548573365e-05,0.00012478386416462089,3.203912188169194e-05
2021-03-31,9.91812185130779e-05,3.202298651233936e-05,0.00012529824988173765,3.077696408390523e-05
2021-04-01,9.101251557209888e-05,3.2200522038375015e-05,0.00012464548908046238,3.134927757204294e-05
2021-04-05,0.00010004306236174376,3.537347340151662e-05,0.00010582588696662293,6.396292856662902e-05
2021-04-06,7.361545182544614e-05,3.606444358837035e-05,7.146612916159888e-05,1.3785005193363393e-05
2021-04-07,5.600267030189258e-05,3.911091954391331e-05,6.531709443948917e-05,5.870208147027195e-06
2021-04-08,6.0003941844999616e-05,3.944220866045026e-05,5.6948740736259505e-05,2.0631148206987636e-05
2021-04-09,4.512074987973012e-05,3.966401628917504e-05,5.3588844379097095e-05,6.109203391576838e-06
2021-04-12,4.029257347483128e-05,4.983672031602453e-05,4.9375498660646766e-05,9.8198554590487e-06
2021-04-13,3.9547971009909115e-05,5.744397300233634e-05,4.8426664985365174e-05,1.214273944511053e-05
2021-04-14,4.620902375250949e-05,6.0262659072233956e-05,4.622030545939477e-05,2.334317638349641e-05
2021-04-15,4.951893108133668e-05,6.208235611112119e-05,4.6836627561049456e-05,3.550534030300262e-05
2021-04-16,5.350431820283245e-05,6.264919714332811e-05,4.5111811851378796e-05,2.684184833137262e-05
2021-04-19,5.7945516369606384e-05,6.171161624567217e-05,3.978079985373056e-05,3.0384530448706162e-05
2021-04-20,6.853943941118225e-05,6.872089891595275e-05,3.87702060736321e-05,6.086155627656901e-05
2021-04-21,5.4832803625869266e-05,7.029232253766445e-05,3.739058932120084e-05,1.2824504661280216e-05
2021-04-22,6.562143799624873e-05,6.986809715753858e-05,3.71243437703106e-05,5.5319734304475274e-05
2021-04-23,6.782455777791013e-05,7.011021783554742e-05,3.5932688867803214e-05,5.078588806198531e-05
2021-04-26,5.029940889473567e-05,7.078239128975173e-05,3.0499919149731645e-05,8.43770857170517e-06
2021-04-27,4.548661310969144e-05,7.078612564065201e-05,2.87863605093808e-05,1.2767679715665639e-05
2021-04-28,4.542084603346445e-05,7.074811267468521e-05,2.655692569635894e-05,1.4137020617895912e-05
2021-04-29,6.0737901104364647e-05,6.547254664174149e-05,3.1238903548573385e-05,0.00013036065677819524
2021-04-30,5.491990968258086e-05,6.548975961537372e-05,3.202298651233936e-05,4.7242706322990594e-05
2021-05-03,5.897344970019042e-05,6.446328077215465e-05,3.220052203837501e-05,3.507752361879175e-05
2021-05-04,8.061406624660885e-05,6.168865975631347e-05,3.537347340151659e-05,0.00013059490719260214
2021-05-05,7.181821633978242e-05,6.352254056051233e-05,3.606444358837033e-05,2.8295379117292013e-05
2021-05-06,7.703382199345901e-05,6.060117696316898e-05,3.91109195439133e-05,6.984620321342948e-05
2021-05-07,6.922885215656853e-05,6.1003470926535484e-05,3.944220866045023e-05,2.7588219654263234e-05
2021-05-10,5.7548597359031325e-05,6.085453411904297e-05,3.9664016289175004e-05,1.0767163594796986e-05
2021-05-11,8.506604782462007e-05,5.1898882639414096e-05,4.983672031602451e-05,0.00022344664002288848
2021-05-12,9.794842955333162e-05,4.435879225886637e-05,5.744397300233639e-05,0.00017189504585765977
2021-05-13,9.47533536833648e-05,4.122061791281458e-05,6.026265907223396e-05,8.253558385134567e-05
2021-05-14,0.0001020103591546972,3.8194806373903835e-05,6.208235611112123e-05,7.371897811963519e-05
2021-05-17,0.00010472726469763041,3.9293893132501e-05,6.264919714332815e-05,3.874551000771811e-05
2021-05-18,7.365266596989508e-05,4.089121616339181e-05,6.171161624567223e-05,1.0695331597931481e-05
2021-05-19,0.00010305005002251572,3.81620746414054e-05,6.87208989159527e-05,0.0002080564923524588
2021-05-20,8.478683733493613e-05,3.8355645736045386e-05,7.029232253766443e-05,4.5824400717226816e-05
2021-05-21,8.377419329820444e-05,3.751854249251245e-05,6.986809715753855e-05,4.6411001321832096e-05
2021-05-24,8.753712172857978e-05,3.520717774764036e-05,7.011021783554738e-05,5.587042230017022e-05
2021-05-25,8.325748208446823e-05,3.563634889848802e-05,7.078239128975175e-05,2.2553351109997222e-05
2021-05-26,6.530568630209778e-05,3.5439764626526494e-05,7.078612564065196e-05,1.2846101084570023e-05
2021-05-27,6.02103991575451e-05,3.5438218787245714e-05,7.074811267468524e-05,1.3338748332594686e-05
2021-05-28,5.9190946085091055e-05,3.481320311459704e-05,6.547254664174153e-05,1.9573770086377415e-05
2021-06-01,6.306682676263971e-05,3.290936540933892e-05,6.54897596153737e-05,4.760417876926621e-05
2021-06-02,5.272984607943565e-05,3.254086924277996e-05,6.446328077215471e-05,1.3521467911193015e-05
2021-06-03,7.097512536390894e-05,3.06655944819583e-05,6.168865975631347e-05,7.232786585993612e-05
2021-06-04,7.795361129929838e-05,3.0361166140283534e-05,6.352254056051228e-05,6.680687600546662e-05
2021-06-07,5.887748887156349e-05,3.178744879179857e-05,6.060117696316899e-05,8.497567669220514e-06
2021-06-08,6.605015674998283e-05,4.004147717037653e-05,6.1003470926535505e-05,3.603639288495998e-05
2021-06-09,5.339286916809859e-05,4.283653712962584e-05,6.0854534119043004e-05,7.63949063745464e-06
2021-06-10,6.0232455744751855e-05,4.152686182960413e-05,5.189888263941409e-05,3.537795895068131e-05
2021-06-11,4.705706429781701e-05,4.2021224378064044e-05,4.435879225886636e-05,1.3553147866157417e-05
2021-06-14,4.862476690035295e-05,4.309550176562078e-05,4.1220617912814586e-05,1.663392258425834e-05
2021-06-15,4.114704583365739e-05,4.433932721854594e-05,3.819480637390384e-05,1.017693580250957e-05
2021-06-16,5.676643514875716e-05,4.239818200788584e-05,3.9293893132500985e-05,6.182633193825819e-05
2021-06-17,5.5869184283207736e-05,5.9237546215548536e-05,4.089121616339182e-05,4.4239115246639076e-05
2021-06-18,7.75112753978983e-05,5.593409166527204e-05,3.816207464140538e-05,0.00015074452039074348
2021-06-21,7.336510925722263e-05,5.526659561093929e-05,3.8355645736045406e-05,4.9889393704667374e-05
2021-06-22,7.41529886675165e-05,5.4435748042024194e-05,3.751854249251244e-05,2.883183320763982e-05
2021-06-23,5.4341839395988806e-05,5.596534164302536e-05,3.520717774764035e-05,7.331762657856331e-06
2021-06-24,6.088513762458736e-05,5.458588464727869e-05,3.5636348898488004e-05,3.156594527779801e-05
2021-06-25,4.3369331095829374e-05,5.742228226892096e-05,3.5439764626526473e-05,8.71783137337784e-06
2021-06-28,4.1303012420649315e-05,5.801680843851243e-05,3.543821878724571e-05,1.3306285707698556e-05
2021-06-29,3.427971577840576e-05,5.851110739128317e-05,3.481320311459707e-05,6.448440960756055e-06
2021-06-30,3.442794638668297e-05,6.084938038490266e-05,3.2909365409338915e-05,7.6235869588450175e-06
2021-07-01,2.8887971538677975e-05,6.217979550749491e-05,3.254086924277994e-05,5.783048413454391e-06
2021-07-02,3.814607661827965e-05,6.381473161746253e-05,3.066559448195832e-05,3.29470958826823e-05
2021-07-06,4.4856846498826484e-05,6.216792755305466e-05,3.0361166140283554e-05,6.041388083029649e-05
2021-07-07,4.8109541384020686e-05,6.0908639885534174e-05,3.178744879179854e-05,3.844950335103523e-05
2021-07-08,7.501224650986538e-05,5.11091067070012e-05,4.004147717037651e-05,0.00020937098883509742
2021-07-09,7.986669883614905e-05,4.823592459815984e-05,4.2836537129625826e-05,6.633574978169022e-05
2021-07-12,5.855168283408724e-05,4.8212205015563464e-05,4.152686182960414e-05,7.874777650225821e-06
2021-07-13,6.101038486144642e-05,4.772634874716496e-05,4.2021224378064044e-05,2.3934761383815487e-05
2021-07-14,6.517339965739036e-05,4.6494766103302317e-05,4.309550176562077e-05,3.91937477229496e-05
2021-07-15,5.797604237520632e-05,4.492940989376382e-05,4.4339327218545916e-05,3.629727031393759e-05
2021-07-16,5.128509097561013e-05,4.6118637248538885e-05,4.239818200788583e-05,2.1062282514396215e-05
2021-07-19,9.255264103493632e-05,3.174962160054424e-05,5.923754621554855e-05,0.00039786576360755627
2021-07-20,8.675086990268857e-05,3.062551204197249e-05,5.593409166527205e-05,8.137197483493697e-05
2021-07-21,7.78135371596327e-05,3.269783595531724e-05,5.526659561093924e-05,3.587197656367857e-05
2021-07-22,6.270277243662425e-05,3.295056093723293e-05,5.443574804202417e-05,1.1384034260423166e-05
2021-07-23,7.444412823128472e-05,3.414382876631742e-05,5.5965341643025336e-05,3.945322827888089e-05
2021-07-26,3.952732770687812e-05,3.428881725871031e-05,5.458588464727873e-05,2.597348367119134e-06
2021-07-27,5.4694547792637635e-05,3.13224778792571e-05,5.742228226892091e-05,6.828218142786379e-05
2021-07-28,4.9302300266962346e-05,3.0328165024685115e-05,5.80168084385124e-05,2.579133526911973e-05
2021-07-29,4.8708222989828725e-05,3.008126457271716e-05,5.851110739128319e-05,1.68287189689427e-05
2021-07-30,5.810002057457054e-05,2.8004545845093946e-05,6.084938038490264e-05,5.6727319824853315e-05
2021-08-02,6.735582111845274e-05,2.666003534357078e-05,6.21797955074949e-05,3.3721765987891874e-05
2021-08-03,7.466176550477801e-05,2.391554749842842e-05,6.381473161746254e-05,6.728075419200306e-05
2021-08-04,6.77077901798401e-05,2.3787527277728123e-05,6.21679275530547e-05,2.5830995477731627e-05
2021-08-05,5.989988943811882e-05,2.392009474156391e-05,6.09086398855342e-05,1.2004462333104756e-05
2021-08-06,4.242271508895435e-05,2.4144230581285945e-05,5.1109106707001174e-05,3.580792085903902e-06
2021-08-09,3.760270660380946e-05,2.5052324421176704e-05,4.8235924598159837e-05,5.998925496022256e-06
2021-08-10,3.189351848056659e-05,2.6403095927209773e-05,4.8212205015563444e-05,7.376666415701606e-06
2021-08-11,3.272280842187412e-05,2.756536676881844e-05,4.772634874716493e-05,1.3731779747446598e-05
2021-08-12,3.258398805558945e-05,3.220620369371641e-05,4.649476610330229e-05,1.333051220183409e-05
2021-08-13,2.741651789900883e-05,3.394686810514197e-05,4.492940989376378e-05,3.42478991362884e-06
2021-08-16,4.0916143021055305e-05,3.35422724625952e-05,4.611863724853886e-05,4.603605696467299e-05
2021-08-17,5.372141581271657e-05,3.182636445259973e-05,3.1749621600544255e-05,9.611643499966941e-05
2021-08-18,5.485676574008298e-05,3.107940777514572e-05,3.062551204197248e-05,5.77656741049299e-05
2021-08-19,6.40124421894708e-05,4.687687958110507e-05,3.269783595531724e-05,7.939077874391828e-05
2021-08-20,6.056747577835287e-05,4.96061908058005e-05,3.2950560937232944e-05,1.6691258880653032e-05
2021-08-23,7.265294636825525e-05,5.2523063864571866e-05,3.414382876631741e-05,6.451185268965464e-05
2021-08-24,4.5654277630903985e-05,5.554251310795045e-05,3.428881725871033e-05,5.642106707370668e-06
2021-08-25,3.974524455184777e-05,5.673951338729774e-05,3.132247787925707e-05,5.989054459345317e-06
2021-08-26,3.093621681846e-05,5.7386198072998605e-05,3.0328165024685098e-05,4.910765323108229e-06
2021-08-27,3.2473567054393986e-05,6.083522086582642e-05,3.0081264572717137e-05,1.164380947761547e-05
2021-08-30,2.9402437980937827e-05,6.215941767228868e-05,2.8004545845093952e-05,1.3116226544766409e-05
2021-08-31,2.6018167493856066e-05,6.462922483323808e-05,2.666003534357077e-05,5.48704545590511e-06
2021-09-01,2.7892669689534445e-05,7.409632291783097e-05,2.3915547498428407e-05,9.646509444013466e-06
2021-09-02,3.3270642551768796e-05,7.860932157640619e-05,2.3787527277728137e-05,2.314257084302588e-05
2021-09-03,3.209464187337208e-05,8.255461857337454e-05,2.3920094741563903e-05,1.4788379073655876e-05
2021-09-07,2.921896910547371e-05,8.95252513666089e-05,2.4144230581285966e-05,8.287644720067252e-06
2021-09-08,3.720629901369845e-05,9.383805688878508e-05,2.5052324421176687e-05,2.506889613372737e-05
2021-09-09,4.32677407675183e-05,9.288845714396157e-05,2.640309592720979e-05,3.574286804239683e-05
2021-09-10,4.6168994182333046e-05,9.552313872223945e-05,2.7565366768818452e-05,3.8139467421228515e-05
2021-09-13,6.069773397462924e-05,9.137145945557985e-05,3.2206203693716384e-05,0.00011078808762469068
2021-09-14,6.214654299247516e-05,9.298793630179418e-05,3.394686810514197e-05,3.997874255356611e-05
2021-09-15,6.578553895848965e-05,9.561339696707612e-05,3.354227246259522e-05,3.753954847119117e-05
2021-09-16,7.167534065514543e-05,9.44012820731149e-05,3.1826364452599755e-05,6.008236678976469e-05
2021-09-17,6.882591566232266e-05,9.423521434001702e-05,3.1079407775145713e-05,4.207958387839503e-05
2021-09-20,9.699366111938043e-05,7.576043554393672e-05,4.687687958110505e-05,0.0004111376866690644
2021-09-21,8.53683573217017e-05,7.245100933960883e-05,4.9606190805800466e-05,7.400679459925678e-05
2021-09-22,0.00010066222421579836,6.691662688136699e-05,5.2523063864571846e-05,0.00012576618692385368
2021-09-23,9.589846887423601e-05,6.523243078670413e-05,5.554251310795047e-05,6.905054081832145e-05
2021-09-24,8.908340336141141e-05,6.557361835828912e-05,5.6739513387297755e-05,3.112606032563848e-05
2021-09-27,6.961120765239956e-05,6.620813778799781e-05,5.7386198072998584e-05,1.849114372282558e-05
2021-09-28,8.500992473513231e-05,6.283050569748689e-05,6.083522086582645e-05,8.407328812700078e-05
2021-09-29,7.465966742513175e-05,6.147387188481809e-05,6.215941767228865e-05,4.092435948047263e-05
2021-09-30,7.78682442057056e-05,6.0631207430604136e-05,6.462922483323813e-05,5.7352995835844344e-05
2021-10-01,0.00010614409978080418,5.188504729622527e-05,7.409632291783096e-05,0.00020845556922046283
2021-10-04,0.00011830097715410502,4.648273122585835e-05,7.860932157640613e-05,0.0001179155426731043
2021-10-05,0.00011987751427361683,4.268775498490122e-05,8.25546185733745e-05,9.763961600999175e-05
2021-10-06,0.00014217859585304555,3.560101748438348e-05,8.95252513666089e-05,0.00015467093337798973
2021-10-07,0.0001507880582447885,3.2768232393014976e-05,9.383805688878508e-05,0.00011563781209942719
2021-10-08,0.00010341249555109502,3.2697970500166635e-05,9.288845714396164e-05,1.5801273401104175e-05
2021-10-11,0.00012275643352906927,2.952470798226927e-05,9.552313872223937e-05,9.3467780565061e-05
2021-10-12,9.672962554073041e-05,3.183474221463959e-05,9.137145945557977e-05,2.3602823024839153e-05
2021-10-13,0.00010216461057007374,2.8905929272764138e-05,9.298793630179416e-05,7.392475632406827e-05
2021-10-14,0.00010416111745437788,2.5950572877524767e-05,9.56133969670762e-05,9.267422244211422e-05
2021-10-15,9.973814205885407e-05,2.5391785675182236e-05,9.440128207311487e-05,3.462795401657686e-05
2021-10-18,9.425615581257069e-05,2.4483253447725595e-05,9.423521434001708e-05,3.859216148334109e-05
2021-10-19,8.878211678019514e-05,2.3658308331691945e-05,7.576043554393677e-05,2.3167331951377868e-05
2021-10-20,5.846575314976799e-05,2.5890640335037704e-05,7.245100933960877e-05,4.5088443083691405e-06
2021-10-21,5.222398380932597e-05,2.6120551885972002e-05,6.691662688136696e-05,9.54415530077545e-06
2021-10-22,5.779396206202412e-05,2.8938867875938968e-05,6.523243078670412e-05,3.3682422830401735e-05
2021-10-25,5.797895240605543e-05,2.9784505041852074e-05,6.557361835828914e-05,3.829099932892386e-05
2021-10-26,5.821063119709138e-05,3.016765963903826e-05,6.620813778799785e-05,3.1816051746708496e-05
2021-10-27,5.7173701475261236e-05,4.3553791041760315e-05,6.28305056974869e-05,1.3143014226270785e-05
2021-10-28,5.6511911127784394e-05,5.1340997783025826e-05,6.14738718848181e-05,1.243504941442781e-05
2021-10-29,6.403456276417337e-05,5.519546155726356e-05,6.0631207430604136e-05,3.9657042297351084e-05
2021-11-01,5.862584839392409e-05,7.258590264573927e-05,5.188504729622523e-05,2.47862063985058e-05
2021-11-02,4.094447689068692e-05,7.626094888051633e-05,4.648273122585834e-05,4.466905195399692e-06
2021-11-03,4.665211052611264e-05,8.860195766000676e-05,4.268775498490122e-05,1.7945114949892248e-05
2021-11-04,3.807163054466348e-05,9.520458360235574e-05,3.5601017484383455e-05,5.849445867116594e-06
2021-11-05,4.79968549864569e-05,0.00011252279206337437,3.276823239301499e-05,5.6149325180689376e-05
2021-11-08,3.919043911027055e-05,0.00011310748058956433,3.2697970500166615e-05,1.4325773651288379e-05
2021-11-09,4.745904224645621e-05,0.00011338223780857774,2.952470798226925e-05,2.6829267689216324e-05
2021-11-10,5.7282754063282435e-05,0.00011430957236720184,3.183474221463957e-05,7.211354190461598e-05
2021-11-11,5.021175745292289e-05,0.00011435863505211173,2.8905929272764128e-05,1.2419684544683922e-05
2021-11-12,5.198675746426202e-05,0.00011893481653234602,2.5950572877524777e-05,3.0611738142087826e-05
2021-11-15,5.108896262518664e-05,0.0001241124793885129,2.539178567518225e-05,2.289342276738385e-05
2021-11-16,4.880010233884962e-05,0.00012722496516735527,2.4483253447725605e-05,1.951298470675148e-05
2021-11-17,3.552871726274903e-05,0.0001371378577096581,2.365830833169195e-05,5.843484514671209e-06
2021-11-18,4.905260095060658e-05,0.000144375873219839,2.5890640335037697e-05,5.1387816378629657e-05
2021-11-19,4.1804906297308456e-05,0.00015036815711133082,2.6120551885972022e-05,1.4372297870396367e-05
2021-11-22,5.714740186913175e-05,0.00014633137990881923,2.8938867875938948e-05,9.286705861970711e-05
2021-11-23,5.8851960766993134e-05,0.00014512746935526122,2.978450504185206e-05,5.604937981309931e-05
2021-11-24,6.487297418808553e-05,0.00014379711551447042,3.0167659639038285e-05,3.986229828761917e-05
2021-11-26,9.191300569414429e-05,0.00013055172200798326,4.355379104176029e-05,0.00029425177368343284
2021-11-29,0.00010752859832668613,0.0001228773843144151,5.1340997783025826e-05,0.00017596639098100409
2021-11-30,0.0001090013580847168,0.00011804239929480125,5.51954615572636e-05,0.00012060078155634447
2021-12-01,0.00014449978744613648,0.00010007487611292132,7.25859026457393e-05,0.0003899854692564958
2021-12-02,0.00013220138906705538,9.860276664334285e-05,7.62609488805164e-05,8.164287612571825e-05
2021-12-03,0.00015791742893171763,8.776541336276628e-05,8.860195766000673e-05,0.0002771062993191894
2021-12-06,0.00015060520170768294,8.27659494463495e-05,9.520458360235566e-05,0.00014450459065644424
2021-12-07,0.0001940311687313046,6.600022174294725e-05,0.00011252279206337433,0.000419831702862081
2021-12-08,0.00012159422897741193,6.66209809842289e-05,0.00011310748058956436,2.660423270127929e-05
2021-12-09,0.00011797690605594706,7.997333389300465e-05,0.00011338223780857769,3.2599169288495695e-05
2021-12-10,0.0001234372651445704,8.112751893696131e-05,0.00011430957236720183,9.158756763572369e-05
2021-12-13,8.471267878790408e-05,8.315180084113271e-05,0.00011435863505211164,1.3450000927789941e-05
2021-12-14,0.0001009341170015845,8.074221506029086e-05,0.00011893481653234594,0.0001267115492270078
2021-12-15,0.0001153954295105079,7.866374943074771e-05,0.0001241124793885128,0.00013162434274688813
2021-12-16,0.00012019456724358603,8.151554466044647e-05,0.00012722496516735527,8.487518606244346e-05
2021-12-17,0.0001445672182244418,7.503454040762522e-05,0.00013713785770965822,0.0002140142279030334
2021-12-20,0.00018226498698304468,8.502434930360365e-05,0.0001443758732198391,0.00020338614209242786
2021-12-21,0.0001794963985984195,8.480516632352655e-05,0.0001503681571113309,0.00014021025959172403
2021-12-22,0.00011094848136940555,0.00015026814038495697,0.0001463313799088192,8.094737366961568e-06
2021-12-23,0.00011632280974097858,0.00018014236793723826,0.00014512746935526122,3.0767258188381345e-05
2021-12-27,8.505139185345983e-05,0.0002115924019703322,0.00014379711551447047,1.192486763101397e-05
2021-12-28,7.27668902806677e-05,0.00022936738384830307,0.0001305517220079832,1.6098510047199443e-05
2021-12-29,5.969678839545201e-05,0.0002467849029273913,0.0001228773843144152,1.4805299416076185e-05
2021-12-30,6.280947500768759e-05,0.0002503036088550785,0.0001180423992948013,1.906609614445269e-05
2021-12-31,5.495334865026522e-05,0.0002556061557437721,0.00010007487611292134,1.2667482437016796e-05
2022-01-03,6.75823863396917e-05,0.00025757678243831084,9.860276664334287e-05,5.0728577264570624e-05
2022-01-04,7.22099220936466e-05,0.00026880012255064447,8.776541336276627e-05,4.952188042708034e-05
2022-01-05,7.333143975793207e-05,0.0002760407252992876,8.276594944634953e-05,3.951584841169259e-05
2022-01-06,8.339031786310713e-05,0.0002754985698629884,6.600022174294728e-05,6.775142109063379e-05
2022-01-07,8.248915912573416e-05,0.00027693021163536076,6.662098098422896e-05,3.9640176768194876e-05
2022-01-10,0.00011887576806606718,0.0002666028102825084,7.99733338930047e-05,0.0003129985803727863
2022-01-11,0.00011610867103691923,0.0002843732417946,8.112751893696127e-05,0.00011582545355881154
2022-01-12,0.00010974141088476846,0.0002914041297075051,8.315180084113278e-05,5.5959920915391746e-05
2022-01-13,0.00011697452962239314,0.00029311004188478044,8.074221506029086e-05,7.611024782932736e-05
2022-01-14,0.00012458546547982846,0.00029484137419276516,7.86637494307477e-05,8.797656452648182e-05
2022-01-18,0.00012447199521876528,0.000292763479837152,8.151554466044649e-05,0.00014476288588611817
2022-01-19,0.0001137618552196628,0.0003005989841476471,7.503454040762525e-05,7.791313859378724e-05
2022-01-20,0.00015532904978548132,0.00028577030811094585,8.50243493036036e-05,0.0004131721289079733
2022-01-21,0.0001436342177813763,0.00029194510449405344,8.480516632352656e-05,0.00013560741701010612
2022-01-24,0.00022562167362006895,0.00023208344290678656,0.00015026814038495684,0.0013828171926569977
2022-01-25,0.0002473775921663167,0.00023755865409720914,0.00018014236793723816,0.0006581260367862888
2022-01-26,0.00029992569097768424,0.00021061238879261333,0.00021159240197033235,0.0006723755823259917
2022-01-27,0.00029756342349845493,0.00020474025991975255,0.00022936738384830304,0.0003893731294845849
2022-01-28,0.00033091550430748475,0.00019697531749790403,0.0002467849029273915,0.00038057320007693244
2022-01-31,0.00024702786108550897,0.0001986413867280614,0.0002503036088550784,9.295892062587748e-05
2022-02-01,0.00023360608161168974,0.000198422792822509,0.00025560615574377196,0.00012402096709958162
2022-02-02,0.00020447921535645625,0.000202777930873273,0.00025757678243831073,9.211173784988654e-05
2022-02-03,0.000229565585062051,0.00019202136338199578,0.00026880012255064447,0.00028521202278608744
2022-02-04,0.00021508311596155083,0.00020648995156032998,0.00027604072529928745,0.00019156850613319504
2022-02-07,0.00018539233922797342,0.00023027196513002247,0.0002754985698629882,5.6366156928349197e-05
2022-02-08,0.0001822112381509389,0.00023703653382580508,0.0002769302116353606,6.970465398801692e-05
2022-02-09,0.00019107798369129953,0.0002370036567391786,0.0002666028102825082,9.612315196288522e-05
2022-02-10,0.0002339972657309805,0.00022298382627236146,0.0002843732417946001,0.0004890045153127417
2022-02-11,0.00021736553321373512,0.00021943997217104685,0.0002914041297075052,0.0002036085670863982
2022-02-14,0.0002167965384549581,0.00023206019991739505,0.00029311004188478033,0.0001119344035521054
2022-02-15,0.00022936255342177617,0.0002279707204771643,0.0002948413741927649,0.0001243345429941564
2022-02-16,0.0002259805913939636,0.00022744952360703494,0.00029276347983715176,0.00010112710441824382
2022-02-17,0.000236752514378722,0.0002202669635776815,0.0003005989841476473,0.0002424587291141923
2022-02-18,0.00020833471706568058,0.0002170430876333605,0.0002857703081109458,0.00010176993213724236
2022-02-22,0.00024095534553182939,0.00020794903340673433,0.0002919451044940533,0.0002652781410553627
2022-02-23,0.0002238177708596395,0.0002046900559786767,0.00023208344290678672,0.00012572229932440048
2022-02-24,0.00030402389620857073,0.00017083617374503938,0.00023755865409720925,0.0007731054717851629
2022-02-25,0.00023050006586472667,0.00016858372627044378,0.00021061238879261333,0.00010650401092947707
2022-02-28,0.00026532925730119437,0.000162793413832918,0.00020474025991975238,0.00026605842315450455
2022-03-01,0.0002560244770551204,0.0001552062577835046,0.0001969753174979042,0.0002175094092181207
2022-03-02,0.00023901951757160207,0.00015142598078893117,0.00019864138672806144,0.00012794637445917952
2022-03-03,0.00021073268809559064,0.0001500944375883604,0.00019842279282250897,0.00011943049508297954
2022-03-04,0.00022944177064242356,0.00014237260554479726,0.00020277793087327304,0.00018356963691593158
2022-03-07,0.00018425838628230684,0.00014571967315069119,0.00019202136338199573,5.9324105469264686e-05
2022-03-08,0.00024300958150589886,0.00012985275982855274,0.00020648995156032985,0.0004954088578782116
2022-03-09,0.0002751011894264172,0.00010849890473455345,0.00023027196513002233,0.0005557884418918918
2022-03-10,0.00026428848147507156,0.0001012766727187542,0.00023703653382580497,0.0002117605965994518
2022-03-11,0.00023467801211228277,0.00010130822242460877,0.00023700365673917864,9.543273314373203e-05
2022-03-14,0.00027555405184993104,0.00010191970854189486,0.00022298382627236146,0.00019458807550958233
2022-03-15,0.00023727091742432706,9.722469102278305e-05,0.00021943997217104675,0.00012918763095878862
2022-03-16,0.0002601020156107945,8.143752051795509e-05,0.00023206019991739508,0.0003769591862254202
2022-03-17,0.00018170779548184655,8.184887625670215e-05,0.0002279707204771642,3.845547474930785e-05
2022-03-18,0.0001963699613073512,7.934412862975095e-05,0.0002274495236070349,9.018197014552806e-05
2022-03-21,0.00018691159269224262,7.728996209244124e-05,0.00022026696357768145,9.162496849777058e-05
2022-03-22,0.00015047542807988774,8.606197657404634e-05,0.0002170430876333605,3.4068537306501544e-05
2022-03-23,0.00014564414574513317,8.818707077075409e-05,0.00020794903340673443,7.430300229621568e-05
2022-03-24,0.0001423368605445699,9.963906652041259e-05,0.00020469005597867677,5.7283773335189336e-05
2022-03-25,0.00013859061240201962,9.918670628546098e-05,0.00017083617374503944,6.217394487877933e-05
2022-03-28,0.00012896318059482174,0.0001067697968609258,0.00016858372627044378,5.920261396296796e-05
2022-03-29,0.0001558880291340379,0.00012305442140014212,0.00016279341383291788,0.0001444618619664608
2022-03-30,0.00013691952614188242,0.00013613851418847682,0.0001552062577835047,5.8179132180444385e-05
2022-03-31,0.00013004210980363022,0.00015433628405786472,0.00015142598078893104,4.856055757313191e-05
2022-04-01,0.00014144131555422887,0.00015417265543555582,0.00015009443758836052,9.146808787099886e-05
2022-04-04,0.00011140765264324752,0.0001693392485521504,0.00014237260554479715,2.141116400110104e-05
2022-04-05,0.00013191727648211442,0.0001881513297729024,0.00014571967315069116,0.00012961252519303888
2022-04-06,0.00014650705418590553,0.0001946549742743578,0.00012985275982855269,0.00016220367811330334
2022-04-07,0.00014468656376714014,0.00020811350374585778,0.00010849890473455349,0.00010735748491790875
2022-04-08,0.00012840776587967178,0.00023269958932441382,0.00010127667271875426,6.0093724267668445e-05
2022-04-11,0.00014679593820251903,0.00025000805004810045,0.00010130822242460876,9.609527696667595e-05
2022-04-12,0.00016550524114449617,0.00026013379697727065,0.00010191970854189493,0.00020742928397259194
2022-04-13,0.00011900276554433399,0.00026934076687892133,9.722469102278302e-05,3.0592263057438585e-05
2022-04-14,0.00011522592545904651,0.0002744107579221325,8.143752051795502e-05,4.5428605624031975e-05
2022-04-18,0.00011031252466237584,0.0002910386313847652,8.184887625670212e-05,4.709394526299711e-05
2022-04-19,0.000101363468274524,0.0003022275462661338,7.934412862975097e-05,3.758226997955399e-05
2022-04-20,9.366936574929385e-05,0.0003123458385912962,7.728996209244125e-05,4.848747121426624e-05
2022-04-21,0.0001256008738849185,0.0003519198887270198,8.606197657404639e-05,0.0002182808414202094
2022-04-22,0.00012822895863762567,0.00035559541409688287,8.818707077075411e-05,0.00011892998042707806
2022-04-25,0.0001620600553893876,0.0003603700038256842,9.963906652041254e-05,0.0002977756840780163
2022-04-26,0.00013899174169805005,0.000363823297565371,9.918670628546098e-05,5.267437994479682e-05
2022-04-27,0.0001804007351694947,0.00035859187735221,0.00010676979686092582,0.0002184475160477294
2022-04-28,0.00021271191333800023,0.00033807535650243696,0.00012305442140014215,0.0004864389772900041
2022-04-29,0.0002210057264190014,0.00032874276862552757,0.00013613851418847687,0.0003329450807354737
2022-05-02,0.00023940554275247945,0.00031782008928610755,0.0001543362840578647,0.00043071372483027576
2022-05-03,0.0002128608650399481,0.0003207179170290972,0.00015417265543555582,8.80318868025127e-05
2022-05-04,0.0002560471684553034,0.0003138657941608181,0.0001693392485521505,0.0003399096194495891
2022-05-05,0.0002819485993407177,0.00029782053017285567,0.00018815132977290254,0.000524666230828832
2022-05-06,0.0002678181020593623,0.0002896636242663841,0.00019465497427435775,0.00029878021264386265
2022-05-09,0.0002769167670614772,0.0002752512686251879,0.00020811350374585775,0.0003899866038194083
2022-05-10,0.00033406257627875295,0.00025585588521640667,0.00023269958932441387,0.0005764015214173471
2022-05-11,0.00034328864823842054,0.00024862864074400183,0.0002500080500481003,0.0004595729521640904
2022-05-12,0.00034271730941210665,0.0002686375773246446,0.0002601337969772708,0.0004200699694851735
2022-05-13,0.00031599692301794514,0.0002676450720700541,0.0002693407668789212,0.0002239386309920966
2022-05-16,0.0002925558715129879,0.0002871517255132276,0.0002744107579221326,0.00015189841753147123
2022-05-17,0.0003247366141506836,0.0003003815190441158,0.0002910386313847654,0.000396279287978286
2022-05-18,0.000310188471668177,0.00029709832970349615,0.00030222754626613353,0.00027254948248828497
2022-05-19,0.0003081113170094147,0.0002997801641718995,0.0003123458385912959,0.00026097161004267624
2022-05-20,0.0004106685862537099,0.0002690735446852236,0.0003519198887270197,0.0010493358942704077
2022-05-23,0.00035208514640419733,0.00026856701967540496,0.00035559541409688287,0.00019611601319420618
2022-05-24,0.00038510323842556285,0.00025340882136405663,0.0003603700038256843,0.00039804206838284456
2022-05-25,0.0003215015541502156,0.0002493178954647929,0.0003638232975653709,0.00012519354847821592
2022-05-26,0.0003024590679686595,0.000256887996499962,0.00035859187735221015,0.00010858769157135408
2022-05-27,0.00022848341099413204,0.00025679067351881696,0.00033807535650243707,5.559203944477032e-05
2022-05-31,0.000241745671383177,0.00026672252064635686,0.00032874276862552746,0.00013696073532037137
2022-06-01,0.00023862230713203377,0.00026497715904084165,0.0003178200892861075,0.00020133745870245723
2022-06-02,0.00023036552240229596,0.00027657311344776996,0.0003207179170290972,0.00014888626940529536
2022-06-03,0.00024918640648048266,0.0002734263787990923,0.0003138657941608182,0.00019601503921572974
2022-06-06,0.0002662657517971432,0.0002702611829309934,0.00029782053017285556,0.00018771568708161743
2022-06-07,0.0002494688919614606,0.00026875386440356527,0.0002896636242663839,0.00012748518860795693
2022-06-08,0.00022315659614439398,0.00026853457756357933,0.00027525126862518786,8.732713535429206e-05
2022-06-09,0.00023763831773531845,0.00026772544369243253,0.0002558558852164065,0.00016909846983293806
2022-06-10,0.00025766383818453403,0.0002716018298035522,0.00024862864074400194,0.0003078008182435953
2022-06-13,0.00031755309562406285,0.00024886069543256765,0.0002686375773246446,0.0008402576376786695
2022-06-14,0.00028036106756638697,0.00024939287681643047,0.0002676450720700541,0.0002030960206456955
2022-06-15,0.00035594785152320005,0.00023086096542789572,0.00028715172551322776,0.0005615381398381179
2022-06-16,0.00040589591041283955,0.0002070446962518388,0.00030038151904411597,0.0006741049521269383
2022-06-17,0.0003463930604759651,0.0002007519859815838,0.0002970983297034964,0.00020360250633527486
2022-06-21,0.000340764299644101,0.0001913827507781375,0.0002997801641718994,0.00031729013387913913
2022-06-22,0.0003677712335646874,0.0001784576152581194,0.0002690735446852236,0.0004044968850502158
2022-06-23,0.00030794194669964776,0.0001717894295899703,0.00026856701967540507,0.00018547898798801772
2022-06-24,0.00024252367280346333,0.0001702608955159938,0.00025340882136405646,7.971990384452394e-05
2022-06-27,0.00019577514983903447,0.00017742737304556443,0.0002493178954647928,3.9284104593678166e-05
2022-06-28,0.00023791806883941534,0.00017470788798818498,0.00025688799649996205,0.0002675598133099082
2022-06-29,0.000175178850477372,0.00017561658971704572,0.000256790673518817,5.354825684072437e-05
2022-06-30,0.00022645882247306575,0.0001651067313674688,0.00026672252064635665,0.00034552952499870376
2022-07-01,0.0002209724397068662,0.00016426181528517132,0.00026497715904084165,0.0001646848649866428
2022-07-05,0.0002835540958187414,0.00014921738206627225,0.0002765731134477699,0.0003924013119507877
2022-07-06,0.0002412694146020734,0.0001441458226752403,0.0002734263787990923,0.0001299336115935011
2022-07-07,0.0002510188269481613,0.00014499933426573235,0.0002702611829309935,0.00012124657385154217
2022-07-08,0.00022301836792775596,0.0001454437340907757,0.00026875386440356516,9.583149953196122e-05
2022-07-11,0.0002086335463353847,0.00014251540197034,0.00026853457756357917,8.272211171458752e-05
2022-07-12,0.00021022067376961806,0.00015242257495213512,0.0002677254436924323,0.00015210665853885352
2022-07-13,0.00025162689537782686,0.00013968066363659584,0.00027160182980355226,0.0003892049265771143
2022-07-14,0.0002691795223355732,0.0001252941817670824,0.00024886069543256787,0.00036269381588799744
2022-07-15,0.00026365679242576414,0.00011724425166531911,0.00024939287681643047,0.00021427182970681035
2022-07-18,0.00027001780211732455,0.00011208049525433742,0.00023086096542789566,0.00017236800067888636
2022-07-19,0.0002679392999931416,0.00011095568647879147,0.00020704469625183885,0.00017396329942974577
2022-07-20,0.00021178809832470246,0.0001087432581242693,0.00020075198598158397,7.145559065992158e-05
2022-07-21,0.00020606476768884316,0.000106375196824499,0.00019138275077813736,0.00012053619460676069
2022-07-22,0.00019911347773349377,0.000108466742949925,0.00017845761525811955,0.00013306903912984166
2022-07-25,0.0001583341761371938,0.00010869200394480055,0.00017178942958997022,4.5447088956882476e-05
2022-07-26,0.00014314494358486082,0.0001081009032193281,0.0001702608955159937,4.7620688291016685e-05
2022-07-27,0.00017787756570173497,0.00010152312723491088,0.0001774273730455644,0.0001897801327146624
2022-07-28,0.0001911978045162606,9.404371415751124e-05,0.000174707887988185,0.00021045062710494126
2022-07-29,0.0001617845398660629,9.723902315518562e-05,0.00017561658971704575,7.263099314680019e-05
2022-08-01,0.00018504097234595495,9.736569890312858e-05,0.00016510673136746888,0.000124822499657589
2022-08-02,0.00019991107800639818,9.38304983250404e-05,0.00016426181528517134,0.00014694162725839457
2022-08-03,0.00017428389854185023,9.784828935815417e-05,0.00014921738206627222,7.646821435390626e-05
2022-08-04,0.00012836433219946773,0.0001106250395285542,0.0001441458226752404,2.3430864381833147e-05
2022-08-05,0.00016063244901747486,0.00010871527540743972,0.00014499933426573235,0.0001391703172518732
2022-08-08,0.00015406279162559323,0.00010628496577803915,0.00014544373409077575,0.00010516389585787223
2022-08-09,0.00011283751391272485,0.00011020170040359603,0.00014251540197034006,2.1227137185437952e-05
2022-08-10,0.00017012412738447177,9.628849351781794e-05,0.00015242257495213504,0.0003601572911565485
2022-08-11,0.00016912469382151116,9.271949250158717e-05,0.00013968066363659584,0.00012162478895079071
2022-08-12,0.00014512513868125007,0.00012127259884830458,0.00012529418176708234,6.0577696628214234e-05
2022-08-15,0.00012921506320402146,0.0001241362819209437,0.00011724425166531905,4.522329756978126e-05
2022-08-16,0.00014123412685090796,0.0001290514776673284,0.0001120804952543375,6.39291160482736e-05
2022-08-17,0.0001451879793352483,0.00013598936465362553,0.00011095568647879153,0.0001503423151432808
2022-08-18,0.0001060012380118564,0.00013848238816745035,0.00010874325812426925,2.4994595214953102e-05
2022-08-19,0.000119001316646177,0.0001433007507856554,0.00010637519682449908,7.08069073115874e-05
2022-08-22,0.00014359446186786406,0.00014843367673769716,0.00010846674294992498,0.0001769915077637856
2022-08-23,0.00012256301540304382,0.00014944913689089078,0.00010869200394480048,5.017756984926785e-05
2022-08-24,0.00010712574200055407,0.00016441789530804155,0.00010810090321932804,3.520757305609545e-05
2022-08-25,0.00011692219783411529,0.0001722424179522367,0.00010152312723491092,5.164683704190315e-05
2022-08-26,0.00011299236081975188,0.00018693817562001692,9.404371415751123e-05,5.338295247954758e-05
2022-08-29,0.000121914763005825,0.00019056833294582088,9.723902315518557e-05,0.00013973248209796135
2022-08-30,0.00012905957584549927,0.000197779729388422,9.73656989031285e-05,0.0001274826903643904
2022-08-31,0.00012682865731388388,0.00020790945550158506,9.38304983250404e-05,7.270241511854434e-05
2022-09-01,0.00014825359670811824,0.00021605432800274072,9.78482893581542e-05,0.00016084182604929613
2022-09-02,0.00017953751341849016,0.000236922260678839,0.00011062503952855417,0.00029174261796023257
2022-09-06,0.00016078847573109507,0.00024921870925403126,0.00010871527540743967,9.906527070846902e-05
2022-09-07,0.00014099511651327685,0.00025363607098440955,0.0001062849657780392,5.41273936404624e-05
2022-09-08,0.0001540347579470291,0.00027606788199557283,0.00011020170040359603,0.00010347856432213092
2022-09-09,0.00014197601108870538,0.0002791391873186644,9.628849351781793e-05,6.797994655520845e-05
2022-09-12,0.00011757749567846838,0.00028929129456691964,9.271949250158712e-05,4.6675767609943974e-05
2022-09-13,0.0001785151461611378,0.0002600960751884675,0.00012127259884830467,0.0006601929299092826
2022-09-14,0.00015615074431397978,0.0002934686586011172,0.0001241362819209438,0.00010536064209520332
2022-09-15,0.00017216431817318112,0.0002983630542487284,0.0001290514776673283,0.0001671482267223476
2022-09-16,0.0002055153527861159,0.0003242030127509971,0.0001359893646536255,0.0002960379418555227
2022-09-19,0.00018361248824490906,0.0003544255411930834,0.00013848238816745046,7.734808900527654e-05
2022-09-20,0.00018762603262301058,0.0003547402319643291,0.00014330075078565528,0.00017199252229388895
2022-09-21,0.00021515889791701208,0.00035396850240289736,0.0001484336767376971,0.0002847829527566637
2022-09-22,0.00017457889989311117,0.00035830823981398074,0.00014944913689089072,7.150223306633412e-05
2022-09-23,0.00021333329062740472,0.00034959239388137025,0.00016441789530804158,0.0003495514998162635
2022-09-26,0.00022328298145000972,0.0003402476515618164,0.00017224241795223683,0.0002159618125700034
2022-09-27,0.0002543023285294007,0.0003372621249225931,0.00018693817562001692,0.0003619938635029291
2022-09-28,0.00024201933964481656,0.00033127763286279607,0.00019056833294582077,0.0002159657859398418
2022-09-29,0.000274217597248851,0.00032011297401504315,0.00019777972938842184,0.0002789220156590137
2022-09-30,0.000274526498631961,0.0003103505273884033,0.00020790945550158512,0.0002854266634949729
2022-10-03,0.0002932663586068016,0.0003025923447070407,0.0002160543280027406,0.0003318841485735616
2022-10-04,0.0003400204880440377,0.00028931342935626926,0.0002369222606788392,0.0007299692041583027
2022-10-05,0.00032800239055676996,0.0002813071660289313,0.00024921870925403137,0.0003572906907875047
2022-10-06,0.00028929118559111274,0.00030328682740642267,0.0002536360709844096,0.0001468919899784049
2022-10-07,0.00035994164451349966,0.0002803580182982406,0.00027606788199557283,0.0005745465955565598
2022-10-10,0.00029346950120830113,0.0002833403612920251,0.0002791391873186642,0.00013247735834012627
2022-10-11,0.0002995040868795877,0.00027629340482749454,0.0002892912945669198,0.00025987001982331225
2022-10-12,0.00022088239833819835,0.00034523348248407116,0.00026009607518846773,4.709332296178899e-05
2022-10-13,0.00032967032131447113,0.00031099549458645344,0.00029346865860111734,0.0008061848937608445
2022-10-14,0.0002850153462379961,0.0003046878788543501,0.0002983630542487282,0.00026993053532217557
2022-10-17,0.0003693045492906739,0.0002850292974295041,0.0003242030127509971,0.0008386770704031706
2022-10-18,0.00039316169761352467,0.00025310826491929553,0.0003544255411930835,0.0007120211862890911
2022-10-19,0.0003779191106689664,0.00025367038292985395,0.000354740231964329,0.00017860102849004398
2022-10-20,0.0003688982543617473,0.0002489285536167706,0.0003539685024028973,0.000268576631966598
2022-10-21,0.0003364536812203878,0.00024338949140829093,0.00035830823981398085,0.0001626367186990889
2022-10-24,0.00030726282932934493,0.00023902823482382644,0.00034959239388137014,0.0001665187352314381
2022-10-25,0.00018775319268942963,0.00023885559991271735,0.00034024765156181634,1.9722223859372525e-05
2022-10-26,0.00025665276974999406,0.0002249575396436832,0.00033726212492259317,0.0002992978040792429
2022-10-27,0.00020745343989434596,0.00022725560393599574,0.0003312776328627959,9.029145268409992e-05
2022-10-28,0.00017375141443556606,0.00022755231232318487,0.0003201129740150431,4.4464179856204426e-05
2022-10-31,0.0001725646188403978,0.00023234535209322948,0.00031035052738840306,8.041528433553227e-05
2022-11-01,0.00021274063266435165,0.00022860435526691678,0.00030259234470704055,0.00016896231226494964
2022-11-02,0.0002424883765948371,0.00021646176265098025,0.00028931342935626915,0.00045111198179210386
2022-11-03,0.00022861258276885948,0.0002139673058700531,0.0002813071660289314,0.00018915916091341093
2022-11-04,0.0003082945707614558,0.00019127847881923328,0.0003032868274064228,0.0006084648789057239
2022-11-07,0.0002557725933272876,0.00018949889246528927,0.00028035801829824056,9.304160428473302e-05
2022-11-08,0.0002738286130249812,0.00018386238243290638,0.00028334036129202514,0.00019510656120960202
2022-11-09,0.00023546773010723593,0.00018265474123647238,0.0002762934048274947,0.00011188393406817277
2022-11-10,0.0003600240972363221,0.00011286751951006358,0.00034523348248407127,0.0014948349537498976
2022-11-11,0.0002398061951424489,0.00015582842815289104,0.0003109954945864536,8.718714791087313e-05
2022-11-14,0.0002509637216601396,0.00016119127687254763,0.0003046878788543499,0.00013747060494799916
2022-11-15,0.00029824507451238773,0.00015391187770335234,0.000285029297429504,0.00042584686048140614
2022-11-16,0.00021128578145550861,0.00016269875966597793,0.0002531082649192955,4.167950357471279e-05
2022-11-17,0.0002107375078128286,0.00015705494364265038,0.000253670382929854,0.0001904055067117726
2022-11-18,0.00021735747656732632,0.00015210782773020118,0.00024892855361677074,0.00016899821639184922
2022-11-21,0.00017289511850086914,0.00015450959332741557,0.00024338949140829106,4.631641232101587e-05
2022-11-22,0.00015993223018067587,0.00017618904245296371,0.00023902823482382647,7.493234695768175e-05
2022-11-23,0.00012417790734621943,0.00017857831213190153,0.00023885559991271722,1.6096890726078212e-05
2022-11-25,9.134875633950351e-05,0.0001802375107655797,0.00022495753964368336,7.438538429532046e-06
2022-11-28,0.00011974688680131406,0.00017857835565067648,0.0002272556039359959,0.00013855080282266247
2022-11-29,0.00010793957510539733,0.0001812861734004508,0.00022755231232318495,5.069505598717473e-05
2022-11-30,0.00013279603392648783,0.0001782321558119877,0.00023234535209322953,0.00018106911950646843
2022-12-01,0.00013909517821855073,0.0001853103764766942,0.00022860435526691664,9.040137891237923e-05
2022-12-02,0.0001871561815218178,0.00018353828886274128,0.00021646176265098017,0.00019611753685743705
2022-12-05,0.000177166432266517,0.00017908101467932345,0.00021396730587005318,0.00013677556851394445
2022-12-06,0.00018708390105775998,0.00018772052935201155,0.0001912784788192332,0.00013199951083850425
2022-12-07,0.000153089298782558,0.00019292484412909342,0.00018949889246528914,5.567029085190719e-05
2022-12-08,0.00015594708714825018,0.00019080202379751475,0.00018386238243290625,7.673985052956206e-05
2022-12-09,0.00014770325576770693,0.00018869758213987684,0.0001826547412364724,8.652346894306168e-05
2022-12-12,0.00011726229011297701,0.00019444253587263754,0.00011286751951006351,2.9303297495311064e-05
2022-12-13,0.00018962935171672914,0.00015216179450694317,0.00015582842815289112,0.0009893662294102532
2022-12-14,0.00018535456349231492,0.00014184310365141046,0.00016119127687254758,0.00025009042806078437
2022-12-15,0.00020548763745399513,0.00013268965979059186,0.00015391187770335228,0.00027297947792830567
2022-12-16,0.00021288353523057994,0.00012556506575057876,0.00016269875966597793,0.00022620402478985117
2022-12-19,0.00020300748034748147,0.00012712699002498222,0.0001570549436426503,7.188537022189269e-05
2022-12-20,0.00016517236090522145,0.00012927589234561785,0.00015210782773020112,6.510878223041593e-05
2022-12-21,0.00016005383248139077,0.00012717331295986238,0.00015450959332741557,9.675348986251943e-05
2022-12-22,0.0002057552221921141,0.00011278153320241755,0.0001761890424529638,0.0005302007785941941
2022-12-23,0.00015365660898149664,0.00011630654414983226,0.0001785783121319016,6.627155398377207e-05
2022-12-27,0.0001438615756356157,0.00011800061317973107,0.00018023751076557976,4.228170973677387e-05
2022-12-28,0.00016886849052068654,0.00011880586440867234,0.0001785783556506765,0.00010370854540969376
2022-12-29,0.0001700409854922615,0.00011445360994033183,0.00018128617340045086,0.00010755922873243628
2022-12-30,0.00015717915699536915,0.0001232123009019583,0.00017823215581198778,0.00011693475014874408
2023-01-03,0.00018438185012317938,0.00012002181635602878,0.0001853103764766943,0.00023904401287121605
2023-01-04,0.00019484109008536767,0.00012699946781426612,0.00018353828886274123,0.00015890369696442208
2023-01-05,0.00015796101959314476,0.00012824164824352333,0.00017908101467932345,4.317281066217191e-05
2023-01-06,0.0002089275576601626,0.00011913615456095595,0.00018772052935201155,0.0003134293189649545
2023-01-09,0.0002012041268011184,0.0001146237233816053,0.00019292484412909336,0.00016496090117062526
2023-01-10,0.0001486681382402947,0.00012052776978401544,0.00019080202379751488,3.2160623566412966e-05
2023-01-11,0.00013878073828188452,0.0001199878348667396,0.000188697582139877,4.2330194132667024e-05
2023-01-12,0.0001722040444370315,0.00011377219848469601,0.00019444253587263738,0.00014994732588327836
2023-01-13,0.00015670881138894407,0.00011539711114355231,0.00015216179450694322,0.00010147066073067638
2023-01-17,0.0001200417374286063,0.00011648414805109019,0.0001418431036514104,3.339792009459476e-05
2023-01-18,0.00013687091140824614,0.0001256286847728371,0.00013268965979059178,8.075715685111456e-05
2023-01-19,0.00013888694123124294,0.0001253713182578249,0.00012556506575057887,7.658754994958017e-05
2023-01-20,0.00013829504539549555,0.00012748267746068642,0.00012712699002498233,0.00010468577998436481
2023-01-23,0.0001406702680204606,0.00012467136297899267,0.0001292758923456178,0.00011023573096376134
2023-01-24,0.00013424879696845155,0.00013218707696431868,0.00012717331295986238,5.259932276165565e-05
2023-01-25,0.00016842300961768524,0.00013155630982158246,0.00011278153320241759,0.00022797340368785338
2023-01-26,0.0001637144017172118,0.00013095922912188275,0.00011630654414983234,0.00014029678387948225
2023-01-27,0.00015180881164152539,0.00012922409917701628,0.00011800061317973115,7.785715936464812e-05
2023-01-30,0.00016203207340637852,0.0001253042229570727,0.00011880586440867239,0.0001206188212174605
2023-01-31,0.00011944423045216553,0.00012802552773658214,0.00011445360994033191,1.6161884897285808e-05
2023-02-01,0.0001651585487328101,0.00011618236278869387,0.0001232123009019584,0.0003008672603429006
2023-02-02,0.00015927577796233941,0.00011040931613847848,0.00012002181635602874,0.00017204383740669328
2023-02-03,0.00018508112104568752,9.763135146993977e-05,0.00012699946781426604,0.0003054343775874054
2023-02-06,0.00015210358393604123,9.591247616008007e-05,0.00012824164824352325,6.925859967657323e-05
2023-02-07,0.00018663424538876224,9.839187107768664e-05,0.00011913615456095592,0.0001222139516310405
2023-02-08,0.00015698307383991454,0.00010343833979056395,0.00011462372338160534,7.019984640426319e-05
2023-02-09,0.00016873345159919642,0.0001169410718611055,0.00012052776978401543,0.0001561455980170244
2023-02-10,0.00012365435585917219,0.0001304745533966813,0.00011998783486673964,3.099156086987552e-05
2023-02-13,0.00010734272280772588,0.00014441985108324773,0.00011377219848469608,1.9418961860363818e-05
2023-02-14,0.00013087246700631993,0.00014258168015979589,0.00011539711114355221,0.0001355938265666551
2023-02-15,0.0001171363890933328,0.00014616666323226697,0.00011648414805109027,5.622569515289426e-05
2023-02-16,0.00014672247639921135,0.00013466159160174551,0.00012562868477283717,0.000272792428007799
2023-02-17,0.00013532473395026946,0.00013699801455918325,0.00012537131825782481,7.11828531343205e-05
2023-02-21,0.0001680908113541073,0.00014167063806339695,0.00012748267746068631,0.00014902432324445688
2023-02-22,0.00014030730728747386,0.00015387722686348356,0.00012467136297899262,5.119812684819358e-05
2023-02-23,0.0001777440396615378,0.00014932500781418936,0.0001321870769643186,0.00021042931645350144
2023-02-24,0.00017912051554643102,0.00014210298545837844,0.00013155630982158255,0.0002147272936903962
2023-02-27,0.00017521145330943243,0.00013758550477176873,0.00013095922912188283,0.00012775808918578843
2023-02-28,0.0001414360802872672,0.00014237470951029805,0.0001292240991770162,4.141943052244874e-05
2023-03-01,0.00013622504409265581,0.00014413091428821026,0.00012530422295707266,3.830142059864599e-05
2023-03-02,0.00013443933188857796,0.00014150878116852306,0.0001280255277365822,7.330928526698625e-05
2023-03-03,0.00012061625982593599,0.0001396994895070902,0.00011618236278869396,5.2160796437247514e-05
2023-03-06,0.00011023722249063903,0.00013946687613530125,0.0001104093161384784,5.08098577521666e-05
2023-03-07,0.00010364603304732292,0.00013911829433747497,9.76313514699397e-05,3.70971195480928e-05
2023-03-08,9.817143400636338e-05,0.00013906178938980957,9.591247616008011e-05,3.316221816952183e-05
2023-03-09,0.00012416457349811237,0.0001334075348335631,9.839187107768665e-05,0.00017428124490077753
2023-03-10,0.00013535586243004232,0.0001258218332312858,0.00010343833979056403,0.0001761756893746882
2023-03-13,0.00017548419025773795,0.00010730670479233195,0.0001169410718611055,0.0004397029714983955
2023-03-14,0.0001974210523552838,9.49943998648864e-05,0.0001304745533966812,0.00031519467311696536
2023-03-15,0.00023658526396966794,8.377043489501456e-05,0.00014441985108324762,0.00031227021327825814
2023-03-16,0.00020782423323916123,8.018566216554022e-05,0.00014258168015979589,9.699223717416915e-05
2023-03-17,0.0002100223831555645,7.583944338952243e-05,0.00014616666323226689,0.00013151033967478463
2023-03-20,0.00015181245523161787,7.62384612934303e-05,0.00013466159160174546,3.118592376684947e-05
2023-03-21,0.00016088049736673484,7.460726783796098e-05,0.00013699801455918336,0.00012024773524051588
2023-03-22,0.00017339209343580436,6.408597633744062e-05,0.00014167063806339708,0.0002471494168329454
2023-03-23,0.0001932010791225464,5.038029301870983e-05,0.00015387722686348347,0.0003075364916500078
2023-03-24,0.0001758537070806121,4.700762120776173e-05,0.00014932500781418928,0.00011483271641832347
2023-03-27,0.00017039760886459205,4.574066504944293e-05,0.00014210298545837844,6.306482421836834e-05
2023-03-28,0.00014264432324785875,4.7061056854789216e-05,0.00013758550477176875,3.2890994766984963e-05
2023-03-29,0.00015923858343276824,4.0624867441196824e-05,0.00014237470951029794,0.00014199273003156189
2023-03-30,0.00013759766370614207,3.836129939636331e-05,0.00014413091428821034,7.518172093480636e-05
2023-03-31,0.00010492957572027664,4.363602355001106e-05,0.00014150878116852303,1.8244489753552834e-05
2023-04-03,9.052710601612879e-05,4.741723138356695e-05,0.00013969948950709032,1.4165671547160666e-05
2023-04-04,0.0001036591331804071,4.70686373657719e-05,0.00013946687613530125,4.592497694459588e-05
2023-04-05,8.895836066307292e-05,5.1532514467579493e-05,0.00013911829433747492,2.9776901793740225e-05
2023-04-06,8.45167778003823e-05,5.077181120397166e-05,0.00013906178938980952,3.1975614268547795e-05
2023-04-10,9.672913062845201e-05,4.919720859404378e-05,0.000133407534833563,5.554189921960111e-05
2023-04-11,8.399614971434596e-05,5.675814224121806e-05,0.00012582183323128592,1.687595572686986e-05
2023-04-12,9.24798870854845e-05,5.580779096156991e-05,0.00010730670479233188,5.088527428036024e-05
2023-04-13,9.447775854124266e-05,5.679521891599325e-05,9.499439986488639e-05,5.663626964061025e-05
2023-04-14,0.00010084417754281178,5.495876082443258e-05,8.37704348950145e-05,7.65669489109482e-05
2023-04-17,8.045286561119512e-05,5.4992041373932476e-05,8.018566216554019e-05,2.171200985520894e-05
2023-04-18,8.927793570040056e-05,5.712876057388943e-05,7.58394433895224e-05,4.023974537841079e-05
2023-04-19,8.608423253650451e-05,5.613457546353394e-05,7.623846129343034e-05,3.956529974891634e-05
2023-04-20,9.696765226299567e-05,5.3564588999349054e-05,7.460726783796093e-05,8.599267267565816e-05
2023-04-21,7.858886200040537e-05,5.3580639812796126e-05,6.408597633744062e-05,2.6202295322018797e-05
2023-04-24,7.307337769780012e-05,5.590296001487643e-05,5.0380293018709796e-05,1.971714195666059e-05
2023-04-25,7.721343876801868e-05,5.5646055310260667e-05,4.700762120776177e-05,4.400660838841495e-05
2023-04-26,7.40882865190077e-05,5.9675669798854e-05,4.574066504944296e-05,3.645874489367329e-05
2023-04-27,7.607504706032292e-05,5.812715547818649e-05,4.7061056854789244e-05,6.0619222679257056e-05
2023-04-28,5.489144597544164e-05,6.0519737450953325e-05,4.062486744119683e-05,6.832752346121075e-06
2023-05-01,6.279482561770579e-05,6.145012084168811e-05,3.8361299396363334e-05,2.764679199330296e-05
2023-05-02,7.899508706286137e-05,5.852579260698531e-05,4.363602355001102e-05,0.00012901369698015415
2023-05-03,8.340603419967004e-05,5.746149534631392e-05,4.741723138356694e-05,9.357103605183501e-05
2023-05-04,7.538052529822957e-05,5.6896086400786637e-05,4.7068637365771933e-05,3.8604502570900794e-05
2023-05-05,0.00010351296868585699,5.1698563458203935e-05,5.15325144675795e-05,0.0001235183209316991
2023-05-08,8.089698126086701e-05,5.218752988077659e-05,5.077181120397165e-05,1.60008457327828e-05
2023-05-09,7.431055077184291e-05,5.217347360139308e-05,4.919720859404382e-05,2.247524441111688e-05
2023-05-10,9.649432103681225e-05,4.536446127001093e-05,5.6758142241218086e-05,0.00017565556231752947
2023-05-11,8.088863771571897e-05,4.491631675636975e-05,5.580779096156988e-05,3.0927897407747753e-05
2023-05-12,8.646165042576597e-05,4.2502845584328395e-05,5.67952189159933e-05,7.737225668350223e-05
2023-05-15,8.472363744562155e-05,4.476504901991828e-05,5.4958760824432614e-05,3.8001328988173825e-05
2023-05-16,7.890813953115223e-05,4.643863566572784e-05,5.4992041373932524e-05,2.2410901394706764e-05
2023-05-17,8.770637368243351e-05,4.3512121918826976e-05,5.7128760573889445e-05,8.511084857750652e-05
2023-05-18,7.224612163050383e-05,4.519724165188675e-05,5.613457546353399e-05,1.8687412431451556e-05
2023-05-19,7.172994124206312e-05,4.46388530277877e-05,5.356458899934904e-05,3.202295692777424e-05
2023-05-22,6.756841807120176e-05,4.395293793178089e-05,5.3580639812796086e-05,2.653936240440684e-05
2023-05-23,8.0935300440083e-05,4.500368544115379e-05,5.5902960014876454e-05,6.8485866200348e-05
2023-05-24,7.342634115289026e-05,4.4944697652158715e-05,5.56460553102607e-05,3.8611609591484435e-05
2023-05-25,9.420013817756729e-05,4.06188506147168e-05,5.967566979885402e-05,0.00012108064915413294
2023-05-26,8.05497595254895e-05,4.0541293620894265e-05,5.8127155478186526e-05,2.8100421945239726e-05
2023-05-30,9.068547738245074e-05,3.823770774571248e-05,6.051973745095338e-05,5.7076973774225006e-05
2023-05-31,8.949045263589326e-05,3.9602702521110266e-05,6.14501208416881e-05,4.718484319873185e-05
2023-06-01,9.734229499828434e-05,3.657793757610467e-05,5.8525792606985266e-05,6.76028040513948e-05
2023-06-02,9.366732834388127e-05,3.4412469387190014e-05,5.7461495346313884e-05,7.122079357773606e-05
2023-06-05,8.316768403264101e-05,3.810021341527967e-05,5.6896086400786596e-05,2.6730914714827662e-05
2023-06-06,7.043955074264339e-05,4.1721216849452405e-05,5.1698563458203976e-05,1.4370339137464207e-05
2023-06-07,7.028145281860916e-05,4.088072391347669e-05,5.218752988077655e-05,2.626914060680705e-05
2023-06-08,6.459546866259537e-05,4.10397002416817e-05,5.217347360139312e-05,2.2180062544064526e-05
2023-06-09,6.414700378939484e-05,4.398149792396592e-05,4.536446127001095e-05,3.266630335850394e-05
2023-06-12,5.8789859016379495e-05,4.450371735536315e-05,4.4916316756369786e-05,2.1516862621283258e-05
2023-06-13,6.238476530906161e-05,4.423209073778112e-05,4.2502845584328415e-05,2.668936207063348e-05
2023-06-14,7.56820768461239e-05,4.090100283829045e-05,4.476504901991831e-05,8.550760113556164e-05
2023-06-15,7.79443155196098e-05,3.929918201925558e-05,4.6438635665727844e-05,5.755622095670696e-05
2023-06-16,6.997398173801411e-05,3.895416667817362e-05,4.3512121918826976e-05,2.365405989258836e-05
2023-06-20,8.006200721821591e-05,3.772076379557682e-05,4.519724165188675e-05,5.4074926825706735e-05
2023-06-21,7.149459871132644e-05,3.7590128084130505e-05,4.463885302778772e-05,2.0296795821694656e-05
2023-06-22,5.896221454327606e-05,3.8136385840124454e-05,4.395293793178086e-05,1.2135145388262784e-05
2023-06-23,7.542890930363794e-05,3.47012370522461e-05,4.500368544115378e-05,9.055156389717928e-05
2023-06-26,7.056779202223301e-05,3.452812398405917e-05,4.49446976521587e-05,3.737286602258786e-05
2023-06-27,6.629304904611092e-05,3.8182692213240085e-05,4.061885061471679e-05,3.0237861367852644e-05
2023-06-28,6.505168483144711e-05,4.341028307921764e-05,4.054129362089428e-05,2.6471725074967126e-05
2023-06-29,5.603762304061725e-05,4.365363202021862e-05,3.82377077457125e-05,8.701670395407637e-06
2023-06-30,6.886973977268046e-05,4.091756385371536e-05,3.9602702521110266e-05,7.584973348208498e-05
2023-07-03,4.299924624804145e-05,4.405079956835022e-05,3.657793757610469e-05,4.082740206277714e-06
2023-07-05,5.023684559687638e-05,4.535315474222016e-05,3.4412469387190014e-05,2.5745961610527783e-05
2023-07-06,6.337119148943245e-05,4.49063606696942e-05,3.81002134152797e-05,0.00010417353930471104
2023-07-07,7.415769509586128e-05,4.2002542299271666e-05,4.172121684945242e-05,9.041141125509131e-05
2023-07-10,5.070319356146742e-05,4.6759052473863244e-05,4.088072391347672e-05,8.618788951317455e-06
2023-07-11,6.35291914226829e-05,4.647052626065244e-05,4.103970024168172e-05,2.5518565436369535e-05
2023-07-12,8.037603921595669e-05,4.919623465442043e-05,4.398149792396592e-05,9.444405468647202e-05
2023-07-13,6.708375696126379e-05,4.958600496764859e-05,4.450371735536315e-05,3.24834706806252e-05
2023-07-14,5.8411421732261154e-05,4.9090081833165176e-05,4.423209073778112e-05,2.0985203101410656e-05
2023-07-17,5.846088206955806e-05,5.005557843067376e-05,4.090100283829044e-05,1.5554755246257566e-05
2023-07-18,5.9558147899320335e-05,5.093883341205562e-05,3.92991820192556e-05,2.391798375697528e-05
2023-07-19,5.023958703968124e-05,5.1793630502975246e-05,3.895416667817361e-05,1.640873772986648e-05
2023-07-20,5.262831389761774e-05,5.404157821316346e-05,3.7720763795576846e-05,2.8173466291174675e-05
2023-07-21,4.881457946405182e-05,5.620358170786282e-05,3.7590128084130525e-05,1.7553445881321898e-05
2023-07-24,5.175873397770524e-05,5.642946477157436e-05,3.813638584012449e-05,2.3606558264136078e-05
2023-07-25,4.997489285628036e-05,5.66852085123795e-05,3.470123705224612e-05,1.841343935173338e-05
2023-07-26,5.475523881087237e-05,5.6874142009620403e-05,3.45281239840592e-05,3.373749159066265e-05
2023-07-27,6.797369651735087e-05,5.798890567454063e-05,3.8182692213240064e-05,0.00010698379418065096
2023-07-28,8.139569768827487e-05,5.449109940741351e-05,4.341028307921765e-05,0.0001362511332604963
2023-07-31,6.21657984742277e-05,5.4612167974028436e-05,4.365363202021859e-05,1.381199815642742e-05
2023-08-01,6.466689915529903e-05,5.4482682106058564e-05,4.091756385371535e-05,1.8392301985517e-05
2023-08-02,7.702507970246617e-05,5.1999513225451654e-05,4.405079956835024e-05,6.988069021361039e-05
2023-08-03,7.448644420839167e-05,5.284869848930099e-05,4.5353154742220195e-05,5.309542026179682e-05
2023-08-04,7.853946726548825e-05,4.8551014403976475e-05,4.49063606696942e-05,9.47908637816652e-05
2023-08-07,7.217548974243258e-05,5.002953177992874e-05,4.200254229927166e-05,2.9431225476217873e-05
2023-08-08,9.23463226155296e-05,4.7786280423962066e-05,4.675905247386327e-05,0.00010850550261774136
2023-08-09,7.26870331954141e-05,4.778896821105703e-05,4.6470526260652454e-05,1.9459514958942348e-05
2023-08-10,9.781133970975736e-05,4.320393489324805e-05,4.919623465442041e-05,0.00015168393095559888
2023-08-11,8.031820857652985e-05,4.29803173292263e-05,4.9586004967648576e-05,4.0668647258416905e-05
2023-08-14,6.471818553929756e-05,4.330640138668356e-05,4.909008183316516e-05,1.0570817277259088e-05
2023-08-15,6.840810736650852e-05,4.433918408817396e-05,5.005557843067377e-05,3.583018379393832e-05
2023-08-16,7.43202372537301e-05,4.5561241593230325e-05,5.0938833412055635e-05,4.246633836599426e-05
2023-08-17,6.643648129403751e-05,4.4698188438072456e-05,5.179363050297527e-05,3.435947663917878e-05
2023-08-18,7.64584242112286e-05,4.326904592431458e-05,5.404157821316348e-05,7.538036820512711e-05
2023-08-21,8.543938190084796e-05,4.1574486782764094e-05,5.620358170786286e-05,6.295551927000896e-05
2023-08-22,7.838796648838362e-05,4.2871852613861935e-05,5.6429464771574327e-05,2.8350102602076928e-05
2023-08-23,7.419874972260705e-05,4.384147233141742e-05,5.668520851237953e-05,2.3784057908642733e-05
2023-08-24,7.895568036240572e-05,4.288782814855462e-05,5.6874142009620424e-05,3.770509503272129e-05
2023-08-25,9.433322352409223e-05,4.087291132621581e-05,5.798890567454063e-05,0.00013039383114397504
2023-08-28,8.709136567879047e-05,4.3282053907244543e-05,5.449109940741349e-05,6.279720165082656e-05
2023-08-29,7.130076590562803e-05,4.531197922555401e-05,5.4612167974028396e-05,1.63544380553405e-05
2023-08-30,6.92309093337532e-05,4.967561175854942e-05,5.448268210605853e-05,1.5673098758149703e-05
2023-08-31,6.667303792913702e-05,5.130643176159374e-05,5.199951322545166e-05,1.7734143720866385e-05
2023-09-01,7.335965138272425e-05,5.461256208852959e-05,5.284869848930099e-05,7.092831080263264e-05
2023-09-05,4.553989402923447e-05,5.679784107028666e-05,4.85510144039765e-05,4.539497989851002e-06
2023-09-06,6.339434191911087e-05,5.70031138152833e-05,5.002953177992872e-05,6.0480090371214544e-05
2023-09-07,7.018582647683899e-05,6.281649024969197e-05,4.778628042396207e-05,6.139722414244157e-05
2023-09-08,6.152991831668882e-05,6.446391270211654e-05,4.778896821105704e-05,1.951595848793674e-05
2023-09-11,6.810384269491157e-05,6.502280646305447e-05,4.3203934893248055e-05,5.539823128161006e-05
2023-09-12,7.311519909973113e-05,6.562300500160927e-05,4.298031732922632e-05,3.597267841396051e-05
2023-09-13,6.200508338289209e-05,6.877762856834319e-05,4.330640138668359e-05,1.7418582483861778e-05
2023-09-14,7.118050263791102e-05,7.039734485988587e-05,4.433918408817396e-05,5.7518620525236216e-05
2023-09-15,7.928808901445868e-05,6.959291058009138e-05,4.5561241593230325e-05,6.812954597217769e-05
2023-09-18,6.271401986116744e-05,7.460506539412852e-05,4.4698188438072497e-05,1.6235360380864507e-05
2023-09-19,7.067556363056421e-05,7.599940300794713e-05,4.326904592431456e-05,4.536837541621032e-05
2023-09-20,6.822918120447937e-05,7.885683136731991e-05,4.157448678276411e-05,2.736977729744958e-05
2023-09-21,7.280658216524707e-05,7.719609717965789e-05,4.287185261386195e-05,5.559478505513163e-05
2023-09-22,6.967142477495477e-05,8.223104632409637e-05,4.384147233141741e-05,4.4146071977307477e-05
2023-09-25,6.37930580555029e-05,8.483490093666904e-05,4.2887828148554586e-05,1.7678567192601943e-05
2023-09-26,7.8914076160272e-05,8.218471513529108e-05,4.08729113262158e-05,8.808057787486052e-05
2023-09-27,8.855018416286505e-05,7.95604844498234e-05,4.3282053907244543e-05,0.00011338919585243003
2023-09-28,8.332819486056572e-05,8.001442053865659e-05,4.5311979225554e-05,5.8982869739839114e-05
2023-09-29,9.632878466264011e-05,7.942574184426198e-05,4.9675611758549425e-05,0.00010730938195105356
2023-10-02,9.783514283112688e-05,7.942380706995064e-05,5.130643176159378e-05,5.198136378479793e-05
2023-10-03,0.00011463690507099068,7.457262256913655e-05,5.4612562088529555e-05,0.00014035704766828381
2023-10-04,9.794211283255491e-05,7.643044974489345e-05,5.679784107028669e-05,5.043035660675097e-05
2023-10-05,0.00010516706297039034,7.611394856148844e-05,5.7003113815283285e-05,6.479081801614285e-05
2023-10-06,0.00012255482375785027,6.851532285304567e-05,6.281649024969197e-05,0.00018347812926502427
2023-10-09,0.00010892962334884186,6.696859387348763e-05,6.446391270211657e-05,5.4111829988853434e-05
2023-10-10,0.00010804087878481797,6.557696665542667e-05,6.502280646305447e-05,6.713500026130563e-05
2023-10-11,0.00010423472903625513,6.421334508573327e-05,6.562300500160925e-05,4.8576847723611045e-05
2023-10-12,0.0001131843219266962,6.542318390429418e-05,6.877762856834314e-05,8.366567738527335e-05
2023-10-13,0.00011192708442483907,6.247464021592662e-05,7.039734485988588e-05,9.1532662647634e-05
2023-10-16,0.00010523411044445987,7.046336645408254e-05,6.959291058009133e-05,5.123642609649195e-05
2023-10-17,0.0001200030304645851,6.590522568321399e-05,7.460506539412846e-05,0.0001214906114756444
2023-10-18,0.00012049486856236298,6.305271227313679e-05,7.599940300794717e-05,7.464946530640282e-05
2023-10-19,0.0001239350567454428,5.94012912732432e-05,7.885683136731998e-05,8.737577284427867e-05
2023-10-20,9.741428687320036e-05,5.936481239795414e-05,7.719609717965786e-05,2.07193671142273e-05
2023-10-23,0.00012853616949444813,5.305804383867808e-05,8.223104632409642e-05,0.00014988000401051704
2023-10-24,0.00011666679673553404,5.1008180406204946e-05,8.483490093666897e-05,7.235951405662567e-05
2023-10-25,0.00010316805954604088,4.9528963945826064e-05,8.218471513529103e-05,3.242667604592373e-05
2023-10-26,0.0001056953041720388,4.70986210017806e-05,7.956048444982343e-05,5.8280351457610517e-05
2023-10-27,0.00011517854070458657,4.473836725213175e-05,8.001442053865659e-05,6.851552760533532e-05
2023-10-30,0.00011624532667883986,4.261296643822437e-05,7.942574184426193e-05,9.494712936876571e-05
2023-10-31,0.00010611201964537994,4.1927683600263324e-05,7.942380706995065e-05,5.194073352426134e-05
2023-11-01,0.00010375367222342186,4.121902682902e-05,7.45726225691365e-05,3.848217315118685e-05
2023-11-02,0.00011497299232351304,4.2373852312605464e-05,7.64304497448934e-05,8.944472729764528e-05
2023-11-03,0.0001093421105613752,4.075483908151405e-05,7.611394856148849e-05,5.81442931646402e-05
2023-11-06,9.031284892039296e-05,4.121907833267205e-05,6.851532285304565e-05,2.3906989387724243e-05
2023-11-07,8.175804956192489e-05,4.182509483535582e-05,6.696859387348762e-05,2.1630521418134836e-05
2023-11-08,8.576969049237724e-05,4.073177184623322e-05,6.55769666554267e-05,3.7910828682026395e-05
2023-11-09,7.174030555521531e-05,4.0065259033421195e-05,6.421334508573327e-05,1.9940794760049017e-05
2023-11-10,8.920560874736428e-05,3.5762444164633236e-05,6.542318390429419e-05,0.00010907229257505286
2023-11-13,7.847501931762496e-05,3.525671578711351e-05,6.247464021592663e-05,2.9613245191914992e-05
2023-11-14,0.00011225103497568591,2.806275832726801e-05,7.04633664540826e-05,0.00021899967709776706
2023-11-15,8.804904495230804e-05,2.940695873965803e-05,6.590522568321398e-05,2.5769655287403695e-05
2023-11-16,7.919460889802064e-05,3.0209923561664904e-05,6.305271227313677e-05,1.474668369478154e-05
2023-11-17,6.405269649560867e-05,2.9848710757304167e-05,5.940129127324324e-05,1.0695931846514562e-05
2023-11-20,6.48273482446274e-05,3.2794172422064126e-05,5.936481239795416e-05,1.9953310733156518e-05
2023-11-21,5.411410251807348e-05,3.61639765471538e-05,5.3058043838678116e-05,1.74378642657203e-05
2023-11-22,5.596874488866545e-05,3.650771917005351e-05,5.1008180406204905e-05,2.9312381974687997e-05
2023-11-24,3.350655926241465e-05,3.6999488719112586e-05,4.952896394582607e-05,1.3631303779683472e-06
2023-11-27,3.752794754893032e-05,3.688997285992466e-05,4.7098621001780606e-05,7.243149632655765e-06
2023-11-28,4.035174545326905e-05,3.619267840911876e-05,4.473836725213174e-05,1.8950198862708913e-05
2023-11-29,4.7300097543464135e-05,3.535555533340751e-05,4.261296643822438e-05,5.03137122767113e-05
2023-11-30,4.598739134639535e-05,3.6773476248612055e-05,4.192768360026334e-05,3.754979392707932e-05
2023-12-01,5.230888833613951e-05,3.740114798610027e-05,4.121902682902003e-05,2.3600380955077608e-05
2023-12-04,7.406141781971292e-05,3.42175937766247e-05,4.2373852312605464e-05,0.00011369606245293931
2023-12-05,6.349865801361726e-05,3.5031093067348984e-05,4.0754839081514044e-05,2.4145015311720384e-05
2023-12-06,6.334030930839296e-05,3.386321906183903e-05,4.121907833267207e-05,3.365601366204263e-05
2023-12-07,6.34516391594346e-05,3.477423849915666e-05,4.1825094835355796e-05,3.435686797449326e-05
2023-12-08,5.651803938119448e-05,3.485817767188717e-05,4.073177184623322e-05,1.4951045910452255e-05
2023-12-11,4.1467721894575904e-05,3.960141906220067e-05,4.006525903342117e-05,5.94402569099584e-06
2023-12-12,4.551626548094917e-05,4.0273528226833224e-05,3.576244416463323e-05,1.8713180330506257e-05
2023-12-13,4.2754219894742976e-05,4.114153946944696e-05,3.525671578711349e-05,1.899294926400045e-05
2023-12-14,5.1193676854347766e-05,4.10789206061858e-05,2.806275832726801e-05,6.792657044101208e-05
2023-12-15,5.328493408776669e-05,4.087453350503707e-05,2.9406958739658043e-05,5.399786394759433e-05
2023-12-18,5.659476093054565e-05,4.13139748593124e-05,3.0209923561664908e-05,3.160894495692568e-05
2023-12-19,3.93046138320178e-05,4.227751675874942e-05,2.984871075730418e-05,3.1104629549392827e-06
2023-12-20,6.114755215410028e-05,3.895056877212057e-05,3.2794172422064146e-05,8.180800569311582e-05
2023-12-21,6.409297552826034e-05,3.745374527746118e-05,3.616397654715383e-05,8.820375089260367e-05
2023-12-22,5.803827077393615e-05,3.788276199660227e-05,3.650771917005353e-05,3.653097705558165e-05
2023-12-26,4.804946932265538e-05,3.807070632788457e-05,3.699948871911258e-05,1.1690290908208248e-05
2023-12-27,4.648051854408396e-05,3.842388761888608e-05,3.688997285992466e-05,4.943316589709679e-06
2023-12-28,3.7562829200899456e-05,3.8540626648903334e-05,3.619267840911873e-05,4.307015395784267e-06
2023-12-29,4.31915502544691e-05,3.859994250644033e-05,3.5355555333407504e-05,3.2734127686775645e-05
2024-01-02,4.8265555408805806e-05,3.6950731090773665e-05,3.6773476248612075e-05,6.73261331463753e-05
2024-01-03,4.9059168647010066e-05,3.771194947632402e-05,3.7401147986100245e-05,3.678148744232896e-05
2024-01-04,5.878714348197174e-05,3.739265827912344e-05,3.421759377662471e-05,4.684142405395335e-05
2024-01-05,6.628136409481259e-05,3.6222873045157394e-05,3.503109306734897e-05,4.122850041692982e-05
2024-01-08,5.193726150200339e-05,3.750229276933828e-05,3.386321906183905e-05,9.130659546334313e-06
2024-01-09,6.111162708698097e-05,3.517196981701737e-05,3.477423849915668e-05,5.3488276158163394e-05
2024-01-10,5.1307013498668236e-05,3.4849129747597775e-05,3.4858177671887176e-05,1.6713768537792682e-05
2024-01-11,6.659825687355577e-05,3.106198826365453e-05,3.960141906220068e-05,0.0001055520948875794
2024-01-12,6.0164176693508744e-05,4.150140516664791e-05,4.027352822683324e-05,3.282747278779001e-05
2024-01-16,6.746528839142693e-05,4.3301141735698134e-05,4.1141539469447e-05,3.722118535888931e-05
2024-01-17,7.37940752359408e-05,4.0632993920771193e-05,4.1078920606185816e-05,6.661157431252742e-05
2024-01-18,7.667335775481323e-05,3.945544444328609e-05,4.087453350503707e-05,4.9705734823470626e-05
2024-01-19,7.040068519698651e-05,3.980629481980604e-05,4.131397485931241e-05,4.083721339670778e-05
2024-01-22,6.492932043126476e-05,4.042200283809337e-05,4.2277516758749414e-05,2.334484284311633e-05
2024-01-23,5.7669757341745014e-05,5.0291243722887124e-05,3.895056877212059e-05,1.1942097973910641e-05
2024-01-24,6.596977325631584e-05,4.8825529641204085e-05,3.7453745277461214e-05,5.677045750475668e-05
2024-01-25,6.356837310112452e-05,4.6982409129352553e-05,3.7882761996602285e-05,4.55403281575442e-05
2024-01-26,5.315401405707172e-05,4.7142329148399275e-05,3.807070632788454e-05,1.5637121865135506e-05
2024-01-29,4.988606865281412e-05,4.72898222976713e-05,3.8423887618886094e-05,1.2360123700742238e-05
2024-01-30,4.555841262266386e-05,4.946138284858669e-05,3.854062664890337e-05,6.758535026147076e-06
2024-01-31,5.313338847420441e-05,4.866703538731626e-05,3.859994250644031e-05,3.3979760695051506e-05
2024-02-01,5.1739845842491237e-05,4.797930403969312e-05,3.69507310907737e-05,3.269269341737645e-05
2024-02-02,5.8434944782735536e-05,4.87795386589905e-05,3.7711949476324026e-05,5.27670735388858e-05
2024-02-05,6.155789877916448e-05,5.0119716201889244e-05,3.739265827912344e-05,4.0136308912741066e-05
2024-02-06,5.907516720458545e-05,5.497759450235322e-05,3.622287304515741e-05,1.6663010503643087e-05
2024-02-07,6.371380525069711e-05,5.7012302826189975e-05,3.7502292769338294e-05,3.599847375413302e-05
2024-02-08,4.5445019759386425e-05,5.823779260018315e-05,3.517196981701739e-05,4.551494159424428e-06
2024-02-09,4.279783911019799e-05,6.181483592368407e-05,3.484912974759778e-05,9.93412707998088e-06
2024-02-12,4.593916402814861e-05,6.133222337107751e-05,3.1061988263654545e-05,2.6022123724771503e-05
2024-02-13,6.913072581588839e-05,5.247704315622508e-05,4.150140516664792e-05,0.0002520552277506508
2024-02-14,6.538963626033243e-05,5.414213486193995e-05,4.330114173569812e-05,7.50156533089434e-05
2024-02-15,5.616835923246308e-05,5.7614380310431396e-05,4.0632993920771166e-05,1.0580470199061427e-05
2024-02-16,6.381604390753958e-05,5.757391837389738e-05,3.945544444328612e-05,2.4977195796284803e-05
2024-02-20,7.073234653665813e-05,5.606379902638832e-05,3.9806294819806065e-05,4.820507130362653e-05
2024-02-21,6.052884354685934e-05,5.613062180799905e-05,4.0422002838093394e-05,3.6274711227150184e-05
2024-02-22,7.983997888584323e-05,4.586434084841169e-05,5.029124372288709e-05,0.00021919615655457834
2024-02-23,6.983322882146104e-05,4.522015754768302e-05,4.882552964120407e-05,2.5990461789413254e-05
2024-02-26,5.4646929859697546e-05,4.564451044852515e-05,4.698240912935254e-05,6.834797408662036e-06
2024-02-27,5.596413923911141e-05,4.766344845378663e-05,4.7142329148399275e-05,1.8995442265117036e-05
2024-02-28,5.1884102255348374e-05,4.732344103882893e-05,4.7289822297671273e-05,1.5457479835454097e-05
2024-02-29,5.430219771798674e-05,4.5737265025240915e-05,4.9461382848586695e-05,5.2361306595370974e-05
2024-03-01,4.8235086396576554e-05,4.837444065507855e-05,4.866703538731625e-05,1.7298464008372242e-05
2024-03-04,5.114087164654622e-05,4.862004581519077e-05,4.797930403969316e-05,1.8250335117291498e-05
2024-03-05,6.398522191146076e-05,4.952589829557048e-05,4.8779538658990515e-05,6.957200054413022e-05
2024-03-06,7.064928286423623e-05,4.910937755308652e-05,5.011971620188922e-05,6.828003731361394e-05
2024-03-07,7.988199344739388e-05,4.40003188958527e-05,5.4977594502353236e-05,0.00011867845481338735
2024-03-08,8.6840562654927e-05,4.6315950475373814e-05,5.701230282618999e-05,7.872734855470483e-05
2024-03-11,8.171550087352371e-05,5.245645858024752e-05,5.823779260018311e-05,3.0286779413279876e-05
2024-03-12,9.557744763151158e-05,5.3675383953612214e-05,6.181483592368407e-05,8.50520368735012e-05
2024-03-13,7.457697975656379e-05,5.828028918975351e-05,6.133222337107747e-05,1.588726012003266e-05
2024-03-14,8.343790174377826e-05,6.0645974243976135e-05,5.247704315622513e-05,6.609644323875191e-05
2024-03-15,8.839283309924598e-05,5.699510928098377e-05,5.414213486193991e-05,0.00010998257912895362
2024-03-18,9.2137587017886e-05,5.626448159601061e-05,5.7614380310431355e-05,8.349762461738188e-05
2024-03-19,7.634160053828919e-05,5.799897620315415e-05,5.757391837389739e-05,2.4127495129071526e-05
2024-03-20,7.332865524154218e-05,5.965569856248936e-05,5.606379902638833e-05,1.6492565005936132e-05
2024-03-21,7.620221906962256e-05,6.352276444759045e-05,5.6130621807999025e-05,3.767798964097486e-05
2024-03-22,4.7031715128793515e-05,6.711722400199892e-05,4.5864340848411703e-05,3.6042564032446416e-06
2024-03-25,4.475246690575785e-05,6.843501479749453e-05,4.522015754768304e-05,1.2462612474111348e-05
2024-03-26,4.416527133698e-05,7.769478237370688e-05,4.564451044852515e-05,1.574620832634624e-05
2024-03-27,5.6675675858895246e-05,7.766075812674642e-05,4.7663448453786605e-05,6.139314037560769e-05
2024-03-28,4.189758915724418e-05,7.943178000258682e-05,4.732344103882894e-05,8.317324121343079e-06
2024-04-01,5.0713771424218796e-05,8.03395666264411e-05,4.573726502524089e-05,1.9051610310021966e-05
2024-04-02,6.498209356468703e-05,8.707287465141233e-05,4.837444065507859e-05,7.267915223496393e-05
2024-04-03,6.01327769195354e-05,9.372536850244744e-05,4.862004581519076e-05,2.3408043479647e-05
2024-04-04,7.159475110534161e-05,9.80563362323617e-05,4.9525898295570494e-05,8.859490263210463e-05
2024-04-05,7.820091766578036e-05,9.660393652345874e-05,4.9109377553086485e-05,5.953310172144997e-05
2024-04-08,6.28842191539296e-05,9.662906299082604e-05,4.400031889585273e-05,1.1388223011478394e-05
2024-04-09,8.210266665669646e-05,9.148320401068612e-05,4.631595047537379e-05,0.00012735561172464696
2024-04-10,9.606656868009196e-05,8.4338690574088e-05,5.245645858024751e-05,0.00015923744961562832
2024-04-11,9.605680629462635e-05,8.029047491803844e-05,5.367538395361218e-05,0.00011064946971415893
2024-04-12,0.00010073188167208158,7.605981599513164e-05,5.828028918975351e-05,0.00011259027007900071
2024-04-15,0.00012113502970747893,7.106865033703435e-05,6.064597424397614e-05,0.00011577582937742693
2024-04-16,9.75883316647214e-05,7.132066099944533e-05,5.699510928098375e-05,3.331441490611376e-05
2024-04-17,9.809570858539807e-05,6.889673906264679e-05,5.6264481596010564e-05,6.815444323294478e-05
2024-04-18,9.280165818545786e-05,6.656585281113486e-05,5.7998976203154136e-05,6.055188187908656e-05
2024-04-19,8.779619821168391e-05,6.469140112292617e-05,5.9655698562489325e-05,5.128373455197527e-05
2024-04-22,9.818750274534965e-05,5.927558838104787e-05,6.352276444759047e-05,0.00011888637322809855
2024-04-23,0.00010108973235413077,5.694361592212904e-05,6.71172240019989e-05,7.90879070458218e-05
2024-04-24,9.503181619733481e-05,5.856785066513502e-05,6.843501479749449e-05,4.0136219179518864e-05
2024-04-25,0.00012595063623923333,4.9936664461670674e-05,7.769478237370683e-05,0.00021020132742680526
2024-04-26,0.00011555670973730779,4.864671917568751e-05,7.766075812674648e-05,6.067863118944055e-05
2024-04-29,0.00010513464987917749,4.977366513478739e-05,7.94317800025868e-05,4.5508783513989934e-05
2024-04-30,0.00010091045959442007,4.940675990457477e-05,8.033956662644103e-05,3.8115129410960636e-05
2024-05-01,0.00013759446776242753,4.7704960292826936e-05,8.707287465141231e-05,0.00021407862075936078
2024-05-02,0.00013344439348837757,4.623381273138501e-05,9.37253685024475e-05,0.00016311041435138572
2024-05-03,0.0001490812967095094,3.922544065266808e-05,9.805633623236173e-05,0.0001795452249603039
2024-05-06,0.00011980071830069126,4.0866503869658126e-05,9.660393652345867e-05,2.9032707834485238e-05
2024-05-07,9.963292908101827e-05,4.1131878469071896e-05,9.662906299082604e-05,1.1915878826193183e-05
2024-05-08,8.998359657970986e-05,4.2201427808444e-05,9.148320401068616e-05,1.9292573141709535e-05
2024-05-09,6.688704541687898e-05,4.234794251788737e-05,8.433869057408795e-05,9.202667447066274e-06
2024-05-10,6.316377327986548e-05,4.3231437655110435e-05,8.029047491803851e-05,2.5636940937120398e-05
2024-05-13,6.043886955330618e-05,4.702700141786425e-05,7.605981599513168e-05,2.3746432697957298e-05
2024-05-14,5.3893708463674506e-05,4.870487396258628e-05,7.106865033703438e-05,1.0961350557383768e-05
2024-05-15,6.242126170045177e-05,4.776721133632411e-05,7.132066099944527e-05,3.860663881674233e-05
2024-05-16,5.9630255876360305e-05,4.8911961795969975e-05,6.889673906264684e-05,1.7252082560177933e-05
2024-05-17,5.308781867003157e-05,4.851039261902221e-05,6.656585281113487e-05,1.160327059733496e-05
2024-05-20,4.9637057658476476e-05,4.9655649412851455e-05,6.469140112292614e-05,1.1920249099592015e-05
2024-05-21,4.214199304157996e-05,5.105077163273027e-05,5.927558838104787e-05,5.154305648654818e-06
2024-05-22,4.797281458461814e-05,5.142179643426097e-05,5.6943615922129034e-05,3.0116485408526553e-05
2024-05-23,5.735997275161364e-05,4.880750367331484e-05,5.856785066513504e-05,7.424514878264483e-05
2024-05-24,5.5385093627679725e-05,4.819953932088106e-05,4.993666446167065e-05,2.8946417154053132e-05
2024-05-28,5.837761663882357e-05,4.6967051091457345e-05,4.8646719175687496e-05,3.358978018379411e-05
2024-05-29,7.408277383883879e-05,4.7630117635900434e-05,4.977366513478737e-05,6.917464865508749e-05
2024-05-30,6.815870356098799e-05,4.7933644127667006e-05,4.940675990457479e-05,3.041011957649627e-05
2024-05-31,8.733105132302442e-05,3.991614460922318e-05,4.770496029282692e-05,0.00017834082891265575
2024-06-03,9.277985074513694e-05,3.383629883499384e-05,4.623381273138501e-05,0.00013221631556110537
2024-06-04,7.903046436680119e-05,3.2875851782238085e-05,3.92254406526681e-05,3.236941130724884e-05
2024-06-05,8.241480085595069e-05,3.0283123167697705e-05,4.086650386965812e-05,6.349503539127558e-05
2024-06-06,6.986046781011959e-05,2.9824909618569196e-05,4.113187846907187e-05,1.748874541388185e-05
2024-06-07,7.042985094311678e-05,2.852981225367599e-05,4.220142780844402e-05,4.175310926852496e-05
2024-06-10,5.345978219761648e-05,2.9294920894023046e-05,4.234794251788735e-05,1.2279476345376055e-05
2024-06-11,6.307280524346847e-05,3.096231536421329e-05,4.3231437655110476e-05,4.419033881880613e-05
2024-06-12,7.207767710954898e-05,2.8752137431595284e-05,4.702700141786426e-05,0.00010345327171578675
2024-06-13,7.184795177143713e-05,2.7244764653031447e-05,4.87048739625863e-05,4.619667399654649e-05
2024-06-14,6.32893655396147e-05,3.292471812786324e-05,4.77672113363241e-05,1.891572366523607e-05
2024-06-17,7.3744342576562e-05,3.520288229325479e-05,4.891196179596995e-05,4.1291842212740705e-05
2024-06-18,4.756829937860651e-05,3.714824762670619e-05,4.8510392619022215e-05,3.170317881432925e-06
2024-06-20,5.6884588463373204e-05,3.929701911807095e-05,4.965564941285147e-05,3.597064177000614e-05
2024-06-21,5.65177174959658e-05,3.876125685418189e-05,5.1050771632730254e-05,3.44518722661093e-05
2024-06-24,6.152184676223292e-05,4.244280409613191e-05,5.142179643426097e-05,3.790800624067162e-05
2024-06-25,5.460592666434249e-05,5.1047199146352086e-05,4.880750367331484e-05,1.934500080277602e-05
2024-06-26,5.824086263033764e-05,5.525924987573988e-05,4.819953932088103e-05,1.617916575294316e-05
2024-06-27,4.817064886081358e-05,5.67516327848962e-05,4.696705109145733e-05,7.707527365896474e-06
2024-06-28,6.471989072234338e-05,5.8453879320145374e-05,4.763011763590041e-05,8.309904608839199e-05
2024-07-01,5.922613357710834e-05,6.711663801289939e-05,4.793364412766705e-05,3.6784175903595894e-05
2024-07-02,4.930944052181362e-05,7.898079588349927e-05,3.99161446092232e-05,9.973339025334898e-06
2024-07-03,3.980579765354654e-05,9.341721499218586e-05,3.383629883499385e-05,4.539554302289116e-06
2024-07-05,4.337694856083687e-05,0.00018661786461591208,3.287585178223807e-05,1.22000231993774e-05
2024-07-08,3.585460933029653e-05,0.0002016230271593857,3.028312316769772e-05,9.047734485928136e-06
2024-07-09,3.1022252007700036e-05,0.00021615948265899199,2.98249096185692e-05,7.86626088218302e-06
2024-07-10,3.359441443177051e-05,0.00022425528289229238,2.8529812253675985e-05,1.4556064605767473e-05
2024-07-11,4.000298545315518e-05,0.0002251614788976706,2.929492089402304e-05,2.8346757792664088e-05
2024-07-12,5.117742356116503e-05,0.00022353228082626245,3.096231536421329e-05,7.920562269280143e-05
2024-07-15,5.6056143193056926e-05,0.00022304675948606518,2.8752137431595264e-05,5.703953513080815e-05
2024-07-16,4.9692130301454086e-05,0.00022447922170384357,2.7244764653031447e-05,1.4541845646706367e-05
2024-07-17,7.227460419526201e-05,0.00022375126980066765,3.292471812786323e-05,0.00013819474663670365
2024-07-18,7.644967896498974e-05,0.0002204048418777931,3.520288229325477e-05,8.913328968596302e-05
2024-07-19,6.893540155775838e-05,0.00021910775799049908,3.714824762670619e-05,4.402298988391266e-05
2024-07-22,7.857754474992168e-05,0.0002162088587095044,3.929701911807097e-05,8.109484308866662e-05
2024-07-23,7.143432702770969e-05,0.0002203545320925932,3.876125685418191e-05,2.320086472443897e-05
2024-07-24,8.37319219018032e-05,0.0002175300830103695,4.244280409613188e-05,0.00011522049832162093
2024-07-25,9.53569921499197e-05,0.0002118481212758213,5.10471991463521e-05,0.00020003729685740066
2024-07-26,9.733354288387385e-05,0.0002084628771306581,5.5259249875739885e-05,0.00010463223107008674
2024-07-29,8.577051107186567e-05,0.00020763098369094596,5.675163278489624e-05,3.904756845817965e-05
2024-07-30,0.0001104415929415342,0.00020529634670330202,5.845387932014534e-05,0.00011884622332862333
2024-07-31,0.00012376899030698554,0.00019876943717709087,6.711663801289937e-05,0.00021870210845143054
2024-08-01,0.00013182740330247767,0.00019119783812525991,7.898079588349925e-05,0.00025912065430793227
2024-08-02,0.00015079820394784445,0.00018293947781869527,9.341721499218591e-05,0.00030770435558470893
2024-08-05,0.00025382864161494737,9.218182630800164e-05,0.00018661786461591205,0.001969413665297626
2024-08-06,0.00024018916505811003,8.015648876421887e-05,0.00020162302715938575,0.0003241561478988761
2024-08-07,0.00025898094726073905,6.978155835988818e-05,0.00021615948265899204,0.00031313182637391523
2024-08-08,0.0002533546834595111,6.57863941339097e-05,0.00022425528289229252,0.0001845678695050779
2024-08-09,0.0002014638322499189,6.848352501273916e-05,0.00022516147889767063,4.737687390560364e-05
2024-08-12,0.00015876990821607378,8.752212812715543e-05,0.00022353228082626245,4.499246319323017e-05
2024-08-13,0.00013975356729243037,8.778263702217029e-05,0.00022304675948606537,4.684358698666936e-05
2024-08-14,0.00012241419783151581,8.63278895907365e-05,0.00022447922170384355,4.46235522200476e-05
2024-08-15,0.000135770141360077,8.135997211165995e-05,0.0002237512698006677,0.00012290775667001208
2024-08-16,0.00010392355485522183,8.347993183741371e-05,0.00022040484187779298,1.8858303305592964e-05
2024-08-19,9.402884291744346e-05,8.836939900780163e-05,0.00021910775799049916,1.6784228250743044e-05
2024-08-20,8.961181101657561e-05,0.0001028895217586528,0.0002162088587095044,2.021795818777629e-05
2024-08-21,0.00011198642351166161,0.00010053631965312815,0.0002203545320925931,0.00011026000576930243
2024-08-22,0.00010127308345822935,9.843130672059687e-05,0.0002175300830103695,5.590706759492519e-05
2024-08-23,0.00011437851125249934,9.625748827999506e-05,0.00021184812127582125,8.071610043188628e-05
2024-08-26,0.00010695535558335473,9.523612477756921e-05,0.00020846287713065822,3.3542104021663975e-05
2024-08-27,0.0001004823854866873,9.862990453691407e-05,0.0002076309836909459,2.1577806224220235e-05
2024-08-28,0.0001100717207295304,9.626305254394264e-05,0.00020529634670330218,6.98188465881049e-05
2024-08-29,0.00011376288641375946,9.483986341317466e-05,0.00019876943717709092,8.163700840099434e-05
2024-08-30,0.00011614503591627085,9.346933783156089e-05,0.00019119783812526002,0.00010011707421948363
2024-09-03,0.00013004328688169696,8.883064360885774e-05,0.00018293947781869516,0.00013427878914684741
2024-09-04,0.00012656348403155139,8.749642506353232e-05,9.218182630800159e-05,6.350298357306051e-05
2024-09-05,0.00012188878061754499,9.018388580753289e-05,8.015648876421894e-05,7.162405947944047e-05
2024-09-06,0.00012416853299179279,8.726592720452449e-05,6.97815583598882e-05,9.525828788296965e-05
2024-09-09,0.0001227189334961278,8.425257080035188e-05,6.578639413390968e-05,0.00010066942075952917
2024-09-10,0.00012004756007103824,8.007598479484533e-05,6.848352501273915e-05,0.00010401662236102251
2024-09-11,0.00016186124624382835,5.984165780307543e-05,8.752212812715546e-05,0.0004448031285959725
2024-09-12,0.00012941092820063893,5.7880807868886725e-05,8.778263702217029e-05,5.231427378198095e-05
2024-09-13,9.906048006674885e-05,5.837549283901184e-05,8.632788959073651e-05,1.4073856159938215e-05
2024-09-16,9.008867923332923e-05,5.878346588349862e-05,8.135997211165989e-05,1.8581489609403002e-05
2024-09-17,9.721739849573194e-05,5.638049981907308e-05,8.34799318374137e-05,6.337745754642318e-05
2024-09-18,9.771562899873891e-05,5.272060106618384e-05,8.836939900780159e-05,0.00011946303882888864
2024-09-19,0.00012658263577509262,3.821785603581434e-05,0.0001028895217586528,0.0003251405359556516
2024-09-20,0.00012033929057998344,3.695076431448188e-05,0.00010053631965312821,6.084276155328576e-05
2024-09-23,9.631865596432537e-05,3.8175525137216345e-05,9.843130672059691e-05,1.1701796011767962e-05
2024-09-24,0.00010232866606828404,4.08305783098917e-05,9.625748827999499e-05,3.5065913179246274e-05
2024-09-25,7.747340631685769e-05,4.212385875379349e-05,9.523612477756917e-05,1.209347047072187e-05
2024-09-26,8.835797788148558e-05,4.11434795233893e-05,9.862990453691405e-05,9.284718117046249e-05
2024-09-27,7.097041198155704e-05,4.2079024841995074e-05,9.626305254394257e-05,2.0114954735703657e-05
2024-09-30,8.50988478739295e-05,4.091341505302311e-05,9.483986341317466e-05,5.175003665486832e-05
2024-10-01,9.166264927081325e-05,3.8697467679510616e-05,9.346933783156094e-05,7.13360370055957e-05
2024-10-02,9.094532722808674e-05,4.00459393560445e-05,8.883064360885767e-05,3.6866210470078536e-05
2024-10-03,8.354895087042733e-05,4.2215287988942875e-05,8.749642506353234e-05,3.548439412122851e-05
2024-10-04,0.0001074642992958087,3.7566166084622915e-05,9.018388580753286e-05,0.0001280607351034513
2024-10-07,9.095733142911313e-05,3.6306949080359564e-05,8.726592720452456e-05,3.398115721979555e-05
2024-10-08,8.688094078141705e-05,5.9721397920713395e-05,8.425257080035187e-05,3.738893627190266e-05
2024-10-09,7.403035499796929e-05,6.0036978515417876e-05,8.007598479484532e-05,1.630831624538473e-05
2024-10-10,7.092188545919228e-05,5.9801357657245155e-05,5.984165780307545e-05,1.9882261768805437e-05
2024-10-11,5.430225504707278e-05,6.0344806974506834e-05,5.788080786888676e-05,1.1136425164018532e-05
2024-10-14,5.6739001297839914e-05,6.08359931965835e-05,5.83754928390118e-05,2.446224053256387e-05
2024-10-15,5.67521512523789e-05,6.0797670533543336e-05,5.8783465883498666e-05,2.7148923543627328e-05
2024-10-16,5.174276075923488e-05,6.0918491033224595e-05,5.63804998190731e-05,1.2915170193486345e-05
2024-10-17,6.0570503889484504e-05,6.251308489722926e-05,5.272060106618383e-05,4.260516501821386e-05
2024-10-18,5.707867368213589e-05,6.25089548193001e-05,3.8217856035814374e-05,2.0582890317893188e-05
2024-10-21,5.913920587742654e-05,6.375142507824636e-05,3.695076431448185e-05,3.4233835405302724e-05
2024-10-22,6.040855593879504e-05,6.664267813533503e-05,3.817552513721638e-05,3.742177328919302e-05
2024-10-23,7.682776674009183e-05,6.885131403899775e-05,4.083057830989168e-05,9.08220298054277e-05
2024-10-24,7.058109318285518e-05,6.735875844431918e-05,4.212385875379349e-05,3.925235979265992e-05
2024-10-25,8.331849451557319e-05,6.799890232958937e-05,4.1143479523389294e-05,7.22592173319743e-05
2024-10-28,7.832825409440356e-05,6.679735347078654e-05,4.2079024841995094e-05,3.976140642642541e-05
2024-10-29,7.437968335674367e-05,6.626288221230945e-05,4.091341505302311e-05,2.7272231086456654e-05
2024-10-30,6.715435369487329e-05,6.567810815077085e-05,3.869746767951064e-05,2.4801142161833912e-05
2024-10-31,7.588656932676046e-05,6.279487830720281e-05,4.004593935604449e-05,6.518411567728929e-05
2024-11-01,7.902335718970524e-05,5.918434517783071e-05,4.221528798894286e-05,8.104071541209439e-05
2024-11-04,7.05118566171118e-05,5.84332334061609e-05,3.7566166084622935e-05,3.042917511273282e-05
2024-11-05,5.4374375322594914e-05,5.832999325942863e-05,3.630694908035957e-05,7.537600130264836e-06
2024-11-06,0.00010378521141079235,3.3520842144401365e-05,5.972139792071342e-05,0.0005290923619193337
2024-11-07,7.119643908862665e-05,3.278204460849289e-05,6.003697851541784e-05,2.293550873417745e-05
2024-11-08,6.132003635520001e-05,3.258486616455048e-05,5.980135765724519e-05,1.493422374717976e-05
2024-11-11,6.274258889826086e-05,3.3071969750990686e-05,6.034480697450688e-05,2.2548860826514002e-05
2024-11-12,7.33235080416884e-05,3.172859809529356e-05,6.0835993196583525e-05,3.477715119617347e-05
2024-11-13,5.916387941820758e-05,3.1963032041231395e-05,6.07976705335433e-05,2.6344147619782548e-05
2024-11-14,5.433160360390905e-05,3.203354495689965e-05,6.091849103322456e-05,1.545240068679285e-05
2024-11-15,7.219148974049919e-05,2.963835947773402e-05,6.25130848972293e-05,7.609163616231353e-05
2024-11-18,6.249554775523116e-05,3.6093219427288265e-05,6.250895481930013e-05,2.049615868138027e-05
2024-11-19,7.302969112464015e-05,3.849864690447585e-05,6.375142507824639e-05,6.032571084317429e-05
2024-11-20,8.452688213718086e-05,4.6439564714123744e-05,6.664267813533503e-05,9.813808748805454e-05
2024-11-21,0.00010221907601168554,4.3382255497810814e-05,6.885131403899774e-05,0.0001372033837823446
2024-11-22,6.476256007387969e-05,4.374523593384506e-05,6.735875844431916e-05,7.90869230440969e-06
2024-11-25,9.032165404970595e-05,4.1153211855974635e-05,6.799890232958931e-05,8.570223892264755e-05
2024-11-26,6.784405635350801e-05,4.635914754349463e-05,6.67973534707866e-05,1.4528880391568367e-05
2024-11-27,6.026502182799839e-05,5.6187693746271404e-05,6.626288221230944e-05,1.6048334658436555e-05
2024-11-29,4.9996075038345065e-05,5.770277110786496e-05,6.567810815077083e-05,1.2520886869522992e-05
2024-12-02,4.278734459119586e-05,6.568519613004647e-05,6.279487830720277e-05,4.636288962359925e-06
2024-12-03,3.490377143274758e-05,6.787961797626576e-05,5.918434517783071e-05,5.219519695281308e-06
2024-12-04,3.757744611079618e-05,7.231612662883676e-05,5.8433233406160896e-05,1.4655827907666534e-05
2024-12-05,3.098705607819361e-05,7.572656120826702e-05,5.8329993259428634e-05,5.369557048887333e-06
2024-12-06,3.140807269685752e-05,7.769601695530444e-05,3.352084214440135e-05,8.10018850376076e-06
2024-12-09,3.0020956629883802e-05,8.11997127609976e-05,3.278204460849288e-05,7.420760480099755e-06
2024-12-10,3.220363792257363e-05,8.45272699487036e-05,3.2584866164550455e-05,1.0793476424388726e-05
2024-12-11,3.817870683324366e-05,8.771152824835248e-05,3.3071969750990714e-05,3.277803614175939e-05
2024-12-12,3.24699969130755e-05,9.769954487896836e-05,3.172859809529355e-05,6.566346426532964e-06
2024-12-13,4.103586137823911e-05,9.685040530244461e-05,3.19630320412314e-05,3.126726048447755e-05
2024-12-16,4.045297998791876e-05,0.00010078424832905715,3.2033544956899664e-05,1.693317191582637e-05
2024-12-17,4.485962248068675e-05,0.00010198352278049934,2.9638359477734018e-05,2.5792741099834962e-05
2024-12-18,5.954948275362922e-05,9.604344742259561e-05,3.6093219427288265e-05,0.00015604821762201933
2024-12-19,7.063868328399487e-05,9.097169578784869e-05,3.849864690447588e-05,0.00011083968786411425
2024-12-20,8.993579144054499e-05,7.916090603536042e-05,4.643956471412375e-05,0.00026489736149066
2024-12-23,8.663694602660758e-05,9.880433783407372e-05,4.338225549781078e-05,7.299989023977207e-05
2024-12-24,6.985229275218742e-05,0.00010204024909414355,4.374523593384505e-05,1.553128146112945e-05
2024-12-26,6.901697043325222e-05,0.00010229573284114593,4.1153211855974635e-05,3.126973328736879e-05
2024-12-27,7.98483582032508e-05,9.937384813612387e-05,4.635914754349462e-05,0.00012385352982948792
2024-12-30,8.719466623005714e-05,9.280131528995823e-05,5.6187693746271404e-05,0.00022244780491674916
2024-12-31,7.345303153250198e-05,0.00010657663801371303,5.7702771107864957e-05,4.433751146298758e-05
2025-01-02,0.00010114228053984025,9.900924968552205e-05,6.56851961300465e-05,0.00017226721442817225
2025-01-03,9.64724370070627e-05,9.83449288259573e-05,6.78796179762658e-05,5.1302378465886646e-05
2025-01-06,0.00010763638971082196,9.524197431531535e-05,7.231612662883679e-05,0.00010782250961165723
2025-01-07,0.00010004295396870088,9.344866984041751e-05,7.572656120826695e-05,7.698868321692077e-05
2025-01-08,9.995660245769356e-05,9.296819553024042e-05,7.769601695530443e-05,4.945875919154768e-05
2025-01-10,0.00010357555895654061,9.008446180360065e-05,8.119971276099765e-05,8.099837239965762e-05
2025-01-13,0.00011056189359257922,9.242101777175682e-05,8.452726994870361e-05,8.067217736621384e-05
2025-01-14,0.00011621556296424949,8.907398931218341e-05,8.771152824835245e-05,9.964746043438508e-05
2025-01-15,0.00013755297734320375,7.902231351561857e-05,9.769954487896835e-05,0.00021631469566946675
2025-01-16,9.822949735247126e-05,7.955626029424224e-05,9.685040530244468e-05,1.3435329377480303e-05
2025-01-17,0.0001227202307773476,7.541371273184656e-05,0.00010078424832905707,9.95438754746864e-05
2025-01-21,0.00011376880115883404,7.520487061934141e-05,0.0001019835227804993,5.0977504580121816e-05
2025-01-22,0.00010125846211850168,7.456701747075213e-05,9.604344742259569e-05,3.1306635106044105e-05
2025-01-23,6.196361988711246e-05,7.623538502521519e-05,9.097169578784876e-05,4.3329035344284335e-06
2025-01-24,6.951836112630981e-05,8.060993049098244e-05,7.916090603536042e-05,1.6870776688404915e-05
2025-01-27,0.00010692746675747489,6.18032812767126e-05,9.880433783407376e-05,0.00048551195801275186
2025-01-28,9.339802169712851e-05,6.126130208466099e-05,0.0001020402490941435,8.34854179225945e-05
2025-01-29,8.835260331667109e-05,6.530125262509644e-05,0.00010229573284114596,3.6634891974420434e-05
2025-01-30,0.00011118346685898292,7.375951764466434e-05,9.937384813612386e-05,6.249395102402349e-05
2025-01-31,0.0001258803933248063,8.382273307199311e-05,9.280131528995824e-05,8.442461514727137e-05
2025-02-03,0.00014110244328162367,7.519567097450186e-05,0.00010657663801371295,0.00033361928866183614
2025-02-04,9.093838854561872e-05,8.973567656580564e-05,9.900924968552214e-05,1.3352059536165513e-05
2025-02-05,9.814275618172165e-05,9.776807691542984e-05,9.834492882595737e-05,3.735164041502621e-05
2025-02-06,9.679623041436323e-05,0.00011753253823156152,9.524197431531534e-05,4.2660464888174866e-05
2025-02-07,9.016388145823043e-05,0.0001259888722098417,9.344866984041758e-05,3.9329289244067766e-05
2025-02-10,7.814350435245523e-05,0.00013740711471267874,9.296819553024046e-05,3.936879867782852e-05
2025-02-11,7.430797182841935e-05,0.00013958051875051527,9.008446180360057e-05,2.043996414021946e-05
2025-02-12,9.659342037468137e-05,0.00014607853550324023,9.242101777175675e-05,0.00012973985269749386
2025-02-13,8.053856761773991e-05,0.00014761796102280106,8.907398931218338e-05,2.9359862783344116e-05
2025-02-14,5.749269504232532e-05,0.00015002407435868147,7.902231351561857e-05,5.229503941605894e-06
2025-02-18,6.26599303880927e-05,0.00015491386746406316,7.955626029424217e-05,2.4648211728575866e-05
2025-02-19,5.691153176596432e-05,0.00016222337322608228,7.541371273184653e-05,1.2550376664377772e-05
2025-02-20,5.986697110217278e-05,0.00016770735084401585,7.520487061934142e-05,4.6591820217514644e-05
2025-02-21,5.210437161567186e-05,0.00017474738234043112,7.45670174707522e-05,1.79117189856706e-05
2025-02-24,6.393585322561068e-05,0.0001736497738394445,7.623538502521518e-05,3.936862217815094e-05
2025-02-25,8.128369538565702e-05,0.0001714014290282934,8.060993049098246e-05,0.00010873623146951779
2025-02-26,9.269599186578012e-05,0.00017018449737146913,6.180328127671265e-05,9.057232451308601e-05
2025-02-27,9.044998229148862e-05,0.00016922987604773798,6.126130208466096e-05,7.210385488950901e-05
2025-02-28,0.000107733486821977,0.00017676066919955694,6.53012526250964e-05,0.00012147385332356439
2025-03-03,0.00013252377942945764,0.00017176408441720113,7.375951764466433e-05,0.00024011751643494996
2025-03-04,0.0001474026649068396,0.00016877574903946015,8.382273307199313e-05,0.00029575213912117664
2025-03-05,0.0001441752265403297,0.0002249887807686195,7.519567097450182e-05,0.00015245098461451827
2025-03-06,0.00016941542020880036,0.0002473017856039584,8.97356765658056e-05,0.0003186921769535449
2025-03-07,0.00017528652577892891,0.00043752738627473605,9.776807691542989e-05,0.0002060320477571368
2025-03-10,0.0002047065502612669,0.0005326174588333887,0.00011753253823156156,0.00045771415252693966
2025-03-11,0.00019182105692055332,0.000528105823007254,0.00012598887220984176,0.00021691230278795187
2025-03-12,0.00021035242412162833,0.0006226442761601851,0.00013740711471267876,0.00027915189123740543
2025-03-13,0.00016762846296335238,0.0006326037440857733,0.00013958051875051532,6.60814489347878e-05
2025-03-14,0.00020239348440315993,0.0006457017639529026,0.00014607853550324034,0.0002661982045047185
2025-03-17,0.00015364654751209966,0.0006464465383941593,0.00014761796102280103,6.168779869411878e-05
2025-03-18,0.0001412255293369653,0.0006729564007701892,0.0001500240743586814,5.575788399509339e-05
2025-03-19,0.00015288632230571323,0.0006720324136751912,0.00015491386746406302,0.00012733386694159044
2025-03-20,0.00017107235434727679,0.0006821107835042992,0.00016222337322608217,0.00016604999766677998
2025-03-21,0.0001721490823692674,0.0006859565086430138,0.00016770735084401583,0.00016175535019412115
2025-03-24,0.0001871775195561426,0.000716888213287881,0.00017474738234043123,0.0001657523804103945
2025-03-25,0.00013887176641032522,0.0007200073361884792,0.0001736497738394444,1.6318843657427297e-05
2025-03-26,0.0001516192503318158,0.0007206462526785944,0.00017140142902829326,6.152099043534365e-05
2025-03-27,0.0001426186303638928,0.0007244361315844632,0.0001701844973714692,6.501675971978082e-05
2025-03-28,0.00012899037281758903,0.0007240254256063107,0.00016922987604773795,5.205680709115252e-05
2025-03-31,0.00015970431423914736,0.0007331797593914559,0.00017676066919955705,0.00027962050951176547
2025-04-01,0.00017031701736138397,0.0007353110622469382,0.0001717640844172011,0.0001351892360054754
2025-04-02,0.00019479852442758324,0.0007325489141900717,0.00016877574903946012,0.00023299709618861592
2025-04-03,0.00028416623313437365,0.0006738475409214623,0.0002249887807686197,0.0013329246509268685
2025-04-04,0.00032883829952796935,0.0006450811939625954,0.00024730178560395847,0.0007872652784956606
2025-04-07,0.0004750040803256381,0.00045000606340013353,0.0004375273862747361,0.004200769661843467
2025-04-08,0.0005610819668001052,0.0003413481659482868,0.0005326174588333889,0.0024546056762586475
2025-04-09,0.00039647958517061654,0.0003371885748859483,0.0005281058230072541,0.00012216795043912246
2025-04-10,0.0005617460877190724,0.0002756739198595429,0.0006226442761601852,0.002264459407448957
2025-04-11,0.00043031705305571975,0.0002646653901606719,0.0006326037440857731,0.0002752302753721337
2025-04-14,0.00041798378106103044,0.00023988882889312664,0.0006457017639529027,0.0005412566217144407
2025-04-15,0.0002749371416258438,0.00023749622510718045,0.0006464465383941593,7.732806196050685e-05
2025-04-16,0.0003836758661627563,0.00020986948648953345,0.0006729564007701893,0.0006124649938917238
2025-04-17,0.0002721098519779014,0.00021049454229680507,0.0006720324136751912,0.00010793013794663143
2025-04-21,0.0003181299717913941,0.00019462774478087475,0.0006821107835042989,0.00037769576407803955
2025-04-22,0.0002919120791267295,0.00019221774212926533,0.0006859565086430138,0.00024251557810713574
2025-04-23,0.0003888342869816072,0.0001556405403977395,0.0007168882132878811,0.0008153181779526068
2025-04-24,0.00027261460060360083,0.0001613337847746621,0.0007200073361884789,8.18204245699803e-05
2025-04-25,0.00027068997532569804,0.00017826830019258418,0.0007206462526785944,7.493823672777201e-05
2025-04-28,0.0002752932575520794,0.00017270140850272623,0.0007244361315844631,0.00014460421674302246
2025-04-29,0.0002192763998647202,0.00017839533106240446,0.0007240254256063105,4.3431981549946836e-05
2025-04-30,0.000275605722465599,0.00016147040665648074,0.0007331797593914559,0.00047186151899981693
2025-05-01,0.00026208136980611623,0.00015616976834483042,0.000735311062246938,0.0001799465959706008
2025-05-02,0.0002765586918612201,0.00014876654564127418,0.0007325489141900717,0.00017499198699442395
2025-05-05,0.00025296999778861657,0.00014445033659869986,0.0006738475409214623,0.00010019581228607031
2025-05-06,0.00028861308520920364,0.00013898371456520783,0.0006450811939625954,0.00018317199235945726
2025-05-07,0.00024100837957462913,0.0001392753719199919,0.0004500060634001337,0.000104191920031771
2025-05-08,0.00024002458307060322,0.00013160329753541159,0.0003413481659482869,0.00017278982976986492
2025-05-09,0.0001740704172661316,0.00013074578605522084,0.0003371885748859484,3.4816538130014114e-05
2025-05-12,0.0002852441125358409,8.636586287877884e-05,0.0002756739198595428,0.0009726516518944397
2025-05-13,0.00018232295449003563,8.478222555833087e-05,0.000264665390160672,4.405115169584632e-05
2025-05-14,0.00014749912804966432,9.018159255096882e-05,0.0002398888288931267,2.0948835095989376e-05
2025-05-15,0.00012845623315801803,9.142493513125218e-05,0.0002374962251071804,2.708338245563507e-05
2025-05-16,0.0001282665048411063,9.190248430993173e-05,0.0002098694864895334,3.230348292113607e-05
2025-05-19,0.00012458901233044128,8.789524484564305e-05,0.00021049454229680515,0.00012105630989933879
2025-05-20,0.00011169767690079836,8.76952734426854e-05,0.0001946277447808746,4.4493016243497496e-05
2025-05-21,0.00014602881993007314,8.242209660396486e-05,0.0001922177421292652,0.0001919055224233381
2025-05-22,0.00012881829988990607,8.335993659729173e-05,0.00015564054039773957,4.7196941590569505e-05
2025-05-23,0.00016238861119234138,7.455435572198874e-05,0.00016133378477466216,0.0002013785564853542
2025-05-27,0.0001940715526951267,5.496608888313323e-05,0.0001782683001925842,0.0004305630605041349
2025-05-28,0.0001425889933541685,5.549247321577371e-05,0.00017270140850272612,2.7699491256002898e-05
2025-05-29,0.00016759340902674266,4.9633810718848856e-05,0.00017839533106240446,0.000163004355303192
2025-05-30,0.00017437829184467117,4.495457634303011e-05,0.00016147040665648066,0.00011643810647541674
2025-06-02,0.0001503563561182833,4.202534495719197e-05,0.0001561697683448305,6.863319142594766e-05
2025-06-03,0.00010608299204016573,4.203473029219136e-05,0.0001487665456412743,1.9524310219743236e-05
2025-06-04,8.855000972482656e-05,4.42454362959513e-05,0.00014445033659869975,9.555422392005166e-06
2025-06-05,0.00010048155825109154,4.139663685323062e-05,0.0001389837145652079,6.837292965612841e-05
2025-06-06,0.00010400892294403153,3.774943997403784e-05,0.00013927537191999197,0.00011031672448223642
2025-06-09,7.256943891774285e-05,3.79454858832487e-05,0.00013160329753541164,1.1676267693677885e-05
2025-06-10,7.178483495099353e-05,3.89365549265523e-05,0.00013074578605522081,1.6808797046006794e-05
2025-06-11,8.573590046952255e-05,3.7613517584668776e-05,8.636586287877884e-05,4.067326518915863e-05
2025-06-12,6.271298248101511e-05,3.8281017965266016e-05,8.478222555833089e-05,1.0794767966439067e-05
2025-06-13,8.22424278478979e-05,3.6594804342856516e-05,9.01815925509688e-05,0.00013433554194138583
2025-06-16,8.396105845197135e-05,3.434348389175575e-05,9.142493513125224e-05,5.319357664158698e-05
2025-06-17,8.763824986986018e-05,3.294235893846859e-05,9.190248430993168e-05,4.2332015673404795e-05
2025-06-18,8.614912116676617e-05,3.229828440160768e-05,8.789524484564308e-05,3.690428114927781e-05
2025-06-20,9.272833802793085e-05,3.139790702722899e-05,8.769527344268545e-05,4.029361678138747e-05
2025-06-23,9.69897711697633e-05,2.9374560673536824e-05,8.242209660396484e-05,8.116880881020484e-05
2025-06-24,9.500743748334251e-05,2.655464953601851e-05,8.33599365972917e-05,6.689158145043405e-05
2025-06-25,7.703192460885175e-05,2.60308069191178e-05,7.455435572198878e-05,1.6461358103992806e-05
2025-06-26,7.234741640171955e-05,2.5524518271603763e-05,5.496608888313324e-05,1.9209456888168363e-05
2025-06-27,7.433869476436205e-05,2.447458976392229e-05,5.5492473215773726e-05,3.875356224145331e-05
2025-06-30,7.173874310423573e-05,2.4806974354248207e-05,4.963381071884884e-05,3.997244286776938e-05
2025-07-01,5.925415087449075e-05,2.8582267004685135e-05,4.495457634303014e-05,1.817418458322399e-05
2025-07-02,4.9208348377397385e-05,3.4383499543236365e-05,4.2025344957191946e-05,7.1193323233456684e-06
2025-07-03,5.329154642229707e-05,3.544861846370897e-05,4.2034730292191335e-05,1.972140225473051e-05
2025-07-07,6.125851225267049e-05,3.381609571660707e-05,4.424543629595132e-05,5.5980248470964726e-05
2025-07-08,4.631215338597107e-05,3.4408912320935926e-05,4.1396636853230655e-05,8.548141358994363e-06
2025-07-09,5.43031119762453e-05,3.7303326765805554e-05,3.774943997403783e-05,3.3725590019187106e-05
2025-07-10,5.151266678608164e-05,3.726880848098162e-05,3.79454858832487e-05,1.579323178710627e-05
2025-07-11,5.935390823528892e-05,3.643074631548178e-05,3.893655492655232e-05,3.762124695538283e-05
2025-07-14,4.865747623328369e-05,3.759356190899113e-05,3.761351758466877e-05,1.2889481009603897e-05
2025-07-15,5.496234402212537e-05,3.773460374513932e-05,3.828101796526605e-05,2.4812275958982003e-05
2025-07-16,6.94632569970005e-05,3.38829165330414e-05,3.659480434285653e-05,9.892505587078595e-05
2025-07-17,4.752652946034293e-05,3.4122103580250527e-05,3.434348389175576e-05,5.915847168470891e-06
2025-07-18,4.684999458775084e-05,3.3725722932968134e-05,3.29423589384686e-05,1.2908391654374367e-05
2025-07-21,5.100545042445922e-05,3.382432670479001e-05,3.229828440160769e-05,2.3378715875198576e-05
2025-07-22,4.968161788370575e-05,3.679244768349696e-05,3.1397907027228964e-05,2.1385691919434247e-05
2025-07-23,4.954228404545614e-05,3.633116576845144e-05,2.9374560673536824e-05,3.867853538267001e-05
2025-07-24,4.158757547013735e-05,3.821252576481225e-05,2.6554649536018494e-05,7.673447562549092e-06
2025-07-25,3.668947482094161e-05,3.856506512021821e-05,2.603080691911779e-05,5.46066314907807e-06
2025-07-28,3.5613841075643505e-05,3.855861026698748e-05,2.5524518271603786e-05,8.577395290374224e-06
2025-07-29,3.729560913845274e-05,3.807701025678543e-05,2.4474589763922292e-05,1.6705063580141918e-05
2025-07-30,4.180037398304664e-05,3.679985971289362e-05,2.4806974354248207e-05,4.695251926461367e-05
2025-07-31,5.3301762030694436e-05,3.3462353330956574e-05,2.8582267004685118e-05,9.745533024239911e-05
2025-08-01,6.881186881222202e-05,3.5619797485766e-05,3.438349954323637e-05,0.00012894521563292202
2025-08-04,7.021014145851281e-05,3.520321255683843e-05,3.544861846370896e-05,4.2088899584654734e-05
2025-08-05,6.70846347946832e-05,3.482326990970883e-05,3.381609571660705e-05,2.1697270781824673e-05
2025-08-06,6.262215398283942e-05,3.849087492719929e-05,3.4408912320935906e-05,2.099729004990038e-05
2025-08-07,7.484365914078057e-05,3.4597924819253975e-05,3.7303326765805554e-05,9.450829336144965e-05
2025-08-08,5.416521092145942e-05,3.461179236285143e-05,3.726880848098159e-05,1.5068347805803007e-05
2025-08-11,5.328587374794417e-05,3.564298039555137e-05,3.6430746315481815e-05,2.002194147988769e-05
2025-08-12,5.850960667293328e-05,3.488463093960983e-05,3.75935619089911e-05,3.7308608473298835e-05
2025-08-13,5.8592184171800624e-05,3.38835733348119e-05,3.773460374513935e-05,2.7774154518095214e-05
2025-08-14,5.0381532583925235e-05,3.364200366410395e-05,3.388291653304139e-05,1.8039624416728638e-05
2025-08-15,4.550546680747222e-05,3.3410556829625046e-05,3.412210358025052e-05,1.0938775159862835e-05
2025-08-18,3.800170062891633e-05,3.674067204000922e-05,3.3725722932968155e-05,4.584398061444573e-06
2025-08-19,4.4128337007289576e-05,3.753501968812986e-05,3.382432670479004e-05,2.5449395083458272e-05
2025-08-20,5.405863267212576e-05,3.4462862619404086e-05,3.679244768349694e-05,8.37162324722792e-05
2025-08-21,5.059204616127946e-05,3.358721427283113e-05,3.63311657684514e-05,2.8991615166713516e-05
2025-08-22,5.8316686494836016e-05,3.2247513434552406e-05,3.821252576481222e-05,4.718200748612633e-05
2025-08-25,5.544652626060567e-05,3.26092688114505e-05,3.856506512021823e-05,1.2863989612604325e-05
2025-08-26,5.0000965956028634e-05,3.494084654302159e-05,3.855861026698749e-05,8.441843372528555e-06
2025-08-27,4.140197804475756e-05,3.5735646429437915e-05,3.807701025678545e-05,6.591463365899176e-06
2025-08-28,4.512561172517072e-05,3.612735570773051e-05,3.6799859712893626e-05,2.0132357842885304e-05
2025-08-29,4.451760032162389e-05,3.57262986389499e-05,3.3462353330956594e-05,2.7367696221721514e-05
2025-09-02,6.320226626411463e-05,2.9078561977046047e-05,3.5619797485766e-05,0.00017425154288391956
2025-09-03,5.7689540876451005e-05,2.8887817248078008e-05,3.520321255683846e-05,3.334061607717638e-05
2025-09-04,5.458230991147918e-05,2.948886706402882e-05,3.482326990970885e-05,1.371847519210292e-05
2025-09-05,7.432416219209107e-05,2.601301821788263e-05,3.8490874927199286e-05,9.80169954171994e-05
2025-09-08,5.7917072622136245e-05,2.643121854846861e-05,3.4597924819253955e-05,1.275634109459786e-05
2025-09-09,4.914549081387967e-05,2.619094024241178e-05,3.461179236285144e-05,1.5359566221350222e-05
2025-09-10,5.566033220689461e-05,2.5236161494202956e-05,3.564298039555135e-05,4.1676890166585644e-05
2025-09-11,5.379097276158319e-05,2.8761937972393235e-05,3.488463093960985e-05,2.1383269898527398e-05
2025-09-12,3.9645349157172044e-05,3.6192876864846855e-05,3.3883573334811905e-05,6.751944817338402e-06
2025-09-15,4.1727600906531045e-05,4.672581010041229e-05,3.364200366410395e-05,1.296666133186146e-05
2025-09-16,3.601109530195297e-05,5.5891290784945795e-05,3.3410556829625066e-05,6.078391635806387e-06
2025-09-17,4.880812907176115e-05,5.801397425566885e-05,3.674067204000922e-05,7.451681747951171e-05
2025-09-18,4.994615428178505e-05,5.8005574583895794e-05,3.753501968812989e-05,4.2130695693992524e-05
2025-09-19,4.93174840461495e-05,5.8505772479312026e-05,3.446286261940407e-05,1.920093402903684e-05
2025-09-22,4.4584069046957915e-05,5.8483133743459886e-05,3.3587214272831156e-05,1.0602999888682337e-05
2025-09-23,5.0341050312054745e-05,6.182486231158276e-05,3.2247513434552386e-05,1.9048289882272213e-05
2025-09-24,4.6102197796173056e-05,6.145709485794916e-05,3.260926881145052e-05,2.0460852527465127e-05
2025-09-25,5.30556278809428e-05,6.142757505763909e-05,3.494084654302159e-05,5.740497573552105e-05
2025-09-26,5.007843813393405e-05,6.369145132253136e-05,3.5735646429437894e-05,2.328226098064146e-05
2025-09-29,5.5539420783467604e-05,6.35196215711807e-05,3.6127355707730484e-05,2.8358252687029668e-05
2025-09-30,5.3386585671469994e-05,6.580178254704393e-05,3.572629863894992e-05,1.894549777732972e-05
2025-10-01,5.866347663072825e-05,6.665459295790072e-05,2.9078561977046023e-05,3.4649072983937754e-05
2025-10-02,5.3841817074532e-05,6.972292699414318e-05,2.888781724807802e-05,2.9334976768848358e-05
2025-10-03,5.351839117387727e-05,7.182127890156771e-05,2.9488867064028804e-05,2.63405213270693e-05
2025-10-06,5.321479816313145e-05,7.800636039141641e-05,2.6013018217882636e-05,2.5024169648129952e-05
2025-10-07,5.166840334422425e-05,7.92708061976264e-05,2.643121854846863e-05,2.1538548036903703e-05
2025-10-08,4.449056793002972e-05,8.088246913103021e-05,2.6190940242411783e-05,1.0313721794156414e-05
2025-10-09,4.7051235952259833e-05,8.753694719647281e-05,2.523616149420297e-05,2.1626536454200644e-05
2025-10-10,5.9488804907613126e-05,8.895927468421354e-05,2.876193797239323e-05,9.542457594052288e-05
2025-10-13,7.2689381678388e-05,8.218223919968477e-05,3.619287686484687e-05,0.00016280166155886478
2025-10-14,9.24272467905207e-05,7.233922595519778e-05,4.6725810100412286e-05,0.00023415825927873514
2025-10-15,0.00011446233744220081,6.565499232941328e-05,5.589129078494581e-05,0.0001985534860110105
2025-10-16,0.00012722364958001956,7.071081939496996e-05,5.801397425566883e-05,0.00011909317036469523
2025-10-17,0.00010846899764599116,7.549084024739256e-05,5.8005574583895746e-05,4.195430258675764e-05
2025-10-20,9.376150942201072e-05,7.999375390034739e-05,5.850577247931206e-05,2.9705089832779376e-05
2025-10-21,6.874378883680847e-05,8.375735589601091e-05,5.848313374345984e-05,1.012758643578565e-05
2025-10-22,8.295495957783442e-05,9.876892023970673e-05,6.18248623115827e-05,8.92245898128523e-05
2025-10-23,5.954025367346999e-05,0.00010841449235442078,6.14570948579492e-05,1.2737736001161799e-05
2025-10-24,7.101088733281001e-05,0.00010906658510782507,6.142757505763907e-05,5.678505992900817e-05
2025-10-27,7.685755028509927e-05,0.00011130649650097982,6.369145132253132e-05,7.082366254337864e-05
2025-10-28,7.370825356689874e-05,0.0001119626314511848,6.351962157118069e-05,2.4749827908666367e-05
2025-10-29,8.05634813130262e-05,0.00010910863937460528,6.580178254704396e-05,6.687087827045855e-05
2025-10-30,8.751265289039658e-05,0.00010993670661446964,6.66545929579007e-05,5.255809161192954e-05
2025-10-31,9.689536320417446e-05,0.00010678125331277818,6.972292699414316e-05,9.376999152993994e-05
2025-11-03,9.555677787026743e-05,0.00010435388017113261,7.182127890156768e-05,7.040591138298419e-05
2025-11-04,0.000118821553926562,9.841869727441807e-05,7.800636039141647e-05,0.0001549108809349545
2025-11-05,0.00010525506431512989,9.71427232835975e-05,7.927080619762647e-05,4.809190996731345e-05
2025-11-06,0.00010442224917372869,9.619168129724045e-05,8.088246913103028e-05,4.4158643395636566e-05
2025-11-07,0.00012744971717587068,8.909199631099396e-05,8.753694719647288e-05,0.0001613705758284953
2025-11-10,0.0001326040437043036,8.485288029302584e-05,8.89592746842136e-05,0.00012529345318307772
2025-11-11,9.603677582886152e-05,8.661940202751491e-05,8.218223919968472e-05,2.0483916383758535e-05
2025-11-12,9.271135478229625e-05,8.830867061138651e-05,7.233922595519782e-05,2.7454981144510223e-05
2025-11-13,9.91199440715811e-05,8.814719965031952e-05,6.56549923294133e-05,5.818457986953522e-05
2025-11-14,0.00011526764703843194,7.979058889445075e-05,7.071081939496999e-05,0.0002252655387413858
2025-11-17,0.00011157294773394178,7.381758816449976e-05,7.549084024739258e-05,0.00014233474048763235
2025-11-18,0.00012551519183825663,7.37506644267031e-05,7.999375390034741e-05,0.0001242662765448308
2025-11-19,0.00013327356097181977,6.978942811783615e-05,8.375735589601096e-05,8.916322834471999e-05
2025-11-20,0.0001839604960273649,5.320563253636375e-05,9.876892023970678e-05,0.00040446744103046474
2025-11-21,0.00017519599802200166,4.316206997356513e-05,0.00010841449235442086,0.00021529475041015731
2025-11-24,0.00015485514953738594,3.9974451256765394e-05,0.00010906658510782499,7.047900775049503e-05
2025-11-25,0.00016386477969223016,3.464858562661015e-05,0.0001113064965009799,0.00011786180179963174
2025-11-26,0.0001385187940445349,3.4072979678186944e-05,0.00011196263145118473,3.852866186296757e-05
2025-11-28,8.936352655151968e-05,3.3969642015345136e-05,0.00010910863937460532,6.937044662290977e-06
2025-12-01,0.0001036305760273162,3.08779603668042e-05,0.00010993670661446965,6.994750364908075e-05
2025-12-02,8.851991595477417e-05,3.348507062586058e-05,0.00010678125331277818,2.7505472194418882e-05
2025-12-03,7.460944837892137e-05,3.4231230150641564e-05,0.0001043538801711326,1.9431075408427303e-05
2025-12-04,7.576607466836023e-05,3.307802678840381e-05,9.841869727441802e-05,3.027204010394821e-05
2025-12-05,7.626690842234117e-05,3.292288859251153e-05,9.714272328359742e-05,2.1296456160080853e-05
2025-12-08,7.143889308279922e-05,3.22989659788094e-05,9.619168129724051e-05,2.4186761682141366e-05
2025-12-09,6.24325561867972e-05,3.312144008840319e-05,8.909199631099388e-05,1.2277191117316035e-05
2025-12-10,7.030578046320485e-05,3.3055058633840426e-05,8.485288029302589e-05,3.6272016805749806e-05
2025-12-11,7.556904367621468e-05,3.145440446358537e-05,8.661940202751487e-05,5.7580872808027114e-05
2025-12-12,8.301226141143029e-05,3.147090135995146e-05,8.830867061138646e-05,6.292962140581354e-05
2025-12-15,8.718399543765217e-05,3.1227336345743904e-05,8.814719965031944e-05,5.479368968712805e-05
2025-12-16,9.412195113459459e-05,2.9761556287855077e-05,7.97905888944507e-05,4.977671286814216e-05
2025-12-17,7.780566526850629e-05,4.23334797069276e-05,7.381758816449972e-05,1.6901725158661827e-05
2025-12-18,9.82439387637702e-05,4.113844146152259e-05,7.375066442670305e-05,0.00012286087805110077
2025-12-19,6.0712683372668956e-05,4.373006979706367e-05,6.978942811783618e-05,5.977265858515815e-06
2025-12-22,7.465126945074431e-05,4.181539461295789e-05,5.3205632536363724e-05,5.6207733819543195e-05
2025-12-23,4.691144955270207e-05,4.243102703204803e-05,4.316206997356512e-05,4.3799365913866795e-06
2025-12-24,3.910155875151511e-05,4.282691292631221e-05,3.99744512567654e-05,3.5390146977008166e-06
2025-12-26,3.274044388498726e-05,4.3420387081476885e-05,3.464858562661013e-05,6.0186235663710745e-06
2025-12-29,4.04150850237663e-05,5.3101096744558726e-05,3.4072979678186965e-05,2.6440936946081007e-05
2025-12-30,2.84861017478298e-05,5.618231256823005e-05,3.3969642015345116e-05,4.766953742612127e-06
2025-12-31,2.8730792088055645e-05,5.771112125172248e-05,3.087796036680418e-05,5.022189029721194e-06
2026-01-02,4.5749031445518226e-05,6.113741264368262e-05,3.348507062586057e-05,8.225478763460308e-05
2026-01-05,4.733524052297316e-05,6.39739302871299e-05,3.4231230150641544e-05,3.5100425428827826e-05
2026-01-06,3.5848465100663643e-05,6.918377824572175e-05,3.3078026788403795e-05,6.054769496955378e-06
2026-01-07,4.2883209252113415e-05,7.229150900665238e-05,3.2922888592511524e-05,1.8038554046343207e-05
2026-01-08,4.2580779410453626e-05,7.373884316321765e-05,3.229896597880943e-05,1.1084386794397188e-05
2026-01-09,4.399191588569504e-05,7.32734742488163e-05,3.312144008840321e-05,2.9549147418785578e-05
2026-01-12,4.540386236154993e-05,7.579137890470464e-05,3.305505863384044e-05,3.487800625993165e-05
2026-01-13,4.743563166839395e-05,7.799201248600154e-05,3.14544044635854e-05,2.396713523267122e-05
2026-01-14,5.636142856069038e-05,7.893184882902499e-05,3.1470901359951476e-05,6.327605622950114e-05
2026-01-15,6.026674367366966e-05,8.104303364924153e-05,3.1227336345743904e-05,4.9678824388769124e-05
2026-01-16,5.262090022658025e-05,8.217682649962793e-05,2.9761556287855053e-05,1.8995331652476265e-05
2026-01-20,7.960338050870143e-05,7.049781011783e-05,4.233347970692763e-05,0.00028091211695918585
2026-01-21,8.076088004923693e-05,6.72713252501813e-05,4.113844146152262e-05,9.776507489759576e-05
2026-01-22,7.607199542896671e-05,6.785505919426302e-05,4.373006979706363e-05,6.0401460904876934e-05
2026-01-23,6.340384211244728e-05,6.919794012967861e-05,4.1815394612957876e-05,1.5999554953322324e-05
2026-01-26,6.236159677305752e-05,6.938611263261718e-05,4.2431027032048015e-05,1.7308217392279563e-05
2026-01-27,5.012465695043018e-05,7.328069763708363e-05,4.282691292631219e-05,1.1852618477248478e-05
2026-01-28,4.8346842555143345e-05,7.727654238850764e-05,4.3420387081476905e-05,1.8481580824830036e-05
2026-01-29,7.070683031045358e-05,7.460841835505116e-05,5.310109674455874e-05,0.0002297358398707996
2026-01-30,7.019349035815161e-05,9.228704810905459e-05,5.6182312568230025e-05,6.947248603970932e-05
2026-02-02,7.15952516104845e-05,9.291349139337428e-05,5.7711121251722465e-05,3.712717138306216e-05
2026-02-03,0.00010150868210867104,9.18148195152627e-05,6.113741264368265e-05,0.00015420690686576672
2026-02-04,0.00010754172324429644,9.58489022330301e-05,6.397393028712993e-05,9.466729594122093e-05
2026-02-05,0.00010687756429047546,0.00010328148707906147,6.91837782457218e-05,0.0001154615766273846
2026-02-06,0.00010913396013713904,0.0001036775637718225,7.229150900665237e-05,8.33009000258854e-05
2026-02-09,0.00010418563284648329,0.00010401309867017248,7.373884316321768e-05,4.147840408226868e-05
2026-02-10,8.617011749022538e-05,0.00010627338335941491,7.327347424881629e-05,1.9776400216356202e-05
2026-02-11,0.0001004736320233777,0.00010727315077135586,7.57913789047047e-05,8.775400403358816e-05
2026-02-12,9.638442880808786e-05,0.00010936643800459014,7.799201248600153e-05,7.018044043990496e-05
2026-02-13,9.9811357536014e-05,0.00010770558604066821,7.893184882902506e-05,8.30126194329952e-05
2026-02-17,0.00010695480706807984,0.00010524797228463981,8.104303364924148e-05,9.40137056133139e-05
2026-02-18,0.00010392791715381876,0.00010839447056391679,8.217682649962787e-05,4.280498151059045e-05
2026-02-19,9.748813885640927e-05,0.00011318692059644585,7.049781011782997e-05,3.565277294142992e-05
2026-02-20,8.785083055749845e-05,0.00012609125695557956,6.727132525018128e-05,3.00088926769731e-05
2026-02-23,9.431926654541397e-05,0.00012744670672071523,6.785505919426305e-05,7.265987373059436e-05
2026-02-24,8.540878763264875e-05,0.00013093246946016773,6.919794012967856e-05,4.420005459704795e-05
2026-02-25,7.659797036583396e-05,0.000135714895288151,6.938611263261721e-05,2.125983995399132e-05
2026-02-26,9.614507785596818e-05,0.00013327018524875238,7.328069763708368e-05,9.363890357104436e-05
2026-02-27,0.0001082519926881089,0.0001363672552680316,7.727654238850765e-05,0.00010239432060473323
2026-03-02,0.00012443858673567824,0.0001369128732118914,7.460841835505115e-05,0.0001737052351682132
2026-03-03,0.0001585621539772854,0.00011924384775500283,9.228704810905461e-05,0.0004407237108737822
2026-03-04,0.0001354870440160708,0.00013028934583599782,9.291349139337431e-05,5.0282480353775776e-05
2026-03-05,0.00015454321200293448,0.00012450784095568935,9.181481951526274e-05,0.00013113479742542372
2026-03-06,0.00016527883270589806,0.00012173534800557126,9.584890223303018e-05,0.00017938303301433733
2026-03-09,0.00017995138011743,0.0001427166448290676,0.00010328148707906144,0.00027154585839404095
2026-03-10,0.00014657950804483004,0.00013999753916994463,0.0001036775637718225,9.161851057386753e-05
2026-03-11,0.00013656594829018068,0.00013837750114169606,0.00010401309867017256,4.852463694762021e-05
2026-03-12,0.00013607617012379564,0.00013660695199335548,0.00010627338335941492,6.724237869044566e-05
2026-03-13,0.00014167133667853478,0.00013178606240491286,0.00010727315077135584,0.00010874911968434694
2026-03-16,0.0001353314101147189,0.00012717863881742694,0.00010936643800459015,0.00011413947233782551
2026-03-17,0.00011906984649924508,0.00012596403217590436,0.00010770558604066818,4.813472819063406e-05
2026-03-18,0.00011546058713658028,0.00012735977595110134,0.0001052479722846398,4.2403816736718045e-05
2026-03-19,0.00013042669448991488,0.0001231252460599027,0.00010839447056391674,0.00010888144537540586
2026-03-20,0.00013755575016299746,0.00011860122969222551,0.00011318692059644576,0.0001362942236245401
2026-03-23,0.00016282999109189879,0.00010703473078811881,0.00012609125695557956,0.0003009999562187825
2026-03-24,0.00015673433744667795,0.0001078100469383538,0.0001274467067207152,0.00010112431879844255
2026-03-25,0.0001707116233925128,0.00010371302956392794,0.00013093246946016765,0.00011740107212554955
2026-03-26,0.00017519359464416738,9.831285456126934e-05,0.00013571489528815093,0.00012169078234164013
2026-03-27,0.00014883690195128185,9.805822374883866e-05,0.00013327018524875238,4.229999274367472e-05
2026-03-30,0.00016490141037894045,9.09978554477169e-05,0.00013636725526803168,0.00016743279100959817
2026-03-31,0.00017450279960216144,8.679959064919478e-05,0.00013691287321189146,0.00018516321198926906
2026-04-01,0.00015179655353554186,8.550290671348996e-05,0.0001192438477550029,6.967417627912235e-05
2026-04-02,0.00018147152392258787,7.428759960789533e-05,0.00013028934583599793,0.00028223794005467176
2026-04-06,0.00011725739213403554,7.555930638560093e-05,0.0001245078409556893,9.723194938942236e-06
2026-04-07,0.0001457579745112354,7.214728638159132e-05,0.00012173534800557119,0.00012116068106185677
2026-04-08,0.0001916949121958946,3.9663184066205484e-05,0.0001427166448290677,0.0007121530916874678
2026-04-09,0.00013344313225894364,3.9237080924116384e-05,0.00013999753916994453,3.451729173228112e-05
2026-04-10,9.91769573622944e-05,3.9229759783301154e-05,0.000138377501141696,1.4503838354401171e-05
2026-04-13,0.00011323196773688696,4.125314149769837e-05,0.0001366069519933555,3.0060846575295546e-05
2026-04-14,8.063172347268636e-05,4.344981808878278e-05,0.00013178606240491275,7.510438327048744e-06
2026-04-15,6.72226673613206e-05,4.349370409666287e-05,0.00012717863881742702,1.7383577000625254e-05
2026-04-16,6.547244434758771e-05,4.693225625036286e-05,0.00012596403217590433,2.262798871865784e-05
2026-04-17,8.123193315791252e-05,4.69131583893631e-05,0.00012735977595110126,7.171443601585296e-05
2026-04-20,6.933502735261025e-05,4.8899884722229777e-05,0.00012312524605990276,1.9956317660237995e-05
2026-04-21,8.144657379357275e-05,4.8788467908974554e-05,0.00011860122969222557,4.1289879903318634e-05
2026-04-22,8.95681425589814e-05,4.8569296256013965e-05,0.00010703473078811884,5.8103479232541315e-05
2026-04-23,0.00010464297361406513,4.497762051209675e-05,0.00010781004693835385,0.00011740595795337762
2026-04-24,8.611828963257024e-05,4.5694460900929584e-05,0.00010371302956392801,3.1363707262607195e-05
2026-04-27,6.898582254580842e-05,4.585095732969246e-05,9.831285456126935e-05,8.287107285808213e-06
2026-04-28,7.749002407235699e-05,4.4783602171930505e-05,9.805822374883866e-05,3.695274568262998e-05
2026-04-29,6.710126413929952e-05,4.448255168193838e-05,9.099785544771696e-05,1.9165056686042467e-05
2026-04-30,7.665572741611252e-05,4.089145757949247e-05,8.679959064919471e-05,9.699965122030217e-05
2026-05-01,7.063384404769548e-05,3.935592084307838e-05,8.550290671348989e-05,4.2443813629321035e-05
2026-05-04,7.897110390167409e-05,3.7800446999727445e-05,7.428759960789535e-05,4.671649083718608e-05
2026-05-05,7.468278716641678e-05,3.737797158992165e-05,7.555930638560096e-05,3.642903727076013e-05
2026-05-06,8.366767500570276e-05,4.053787045107471e-05,7.214728638159126e-05,4.9508260977653104e-05
2026-05-07,7.249306662040932e-05,4.3549541265416296e-05,3.966318406620546e-05,2.9986943064365966e-05
2026-05-08,6.573586913579882e-05,7.387072979156166e-05,3.923708092411636e-05,2.556912574841012e-05
2026-05-11,5.7026104351776575e-05,8.015343516818785e-05,3.9229759783301134e-05,1.435009439728148e-05
2026-05-12,7.111690686509208e-05,8.511311432481202e-05,4.125314149769837e-05,7.25518625776374e-05
2026-05-13,7.008794252662784e-05,8.751908777670423e-05,4.344981808878275e-05,5.364064673982075e-05
2026-05-14,6.22375370875663e-05,9.612722817557287e-05,4.34937040966629e-05,1.8305183166108476e-05
2026-05-15,8.100461184469459e-05,9.217607107153022e-05,4.6932256250362865e-05,9.483758394635697e-05
2026-05-18,8.876626374761923e-05,9.148796966623533e-05,4.691315838936309e-05,7.131338093485777e-05
2026-05-19,8.646991802357929e-05,9.354690517601121e-05,4.8899884722229756e-05,6.167757065043794e-05
2026-05-20,8.198732394545247e-05,9.348705751011945e-05,4.8788467908974595e-05,3.89501268249603e-05
2026-05-21,9.073147436163474e-05,0.00010395849872657829,4.8569296256014006e-05,5.350087452036907e-05
2026-05-22,8.383210970185527e-05,0.00010591617741318334,4.497762051209673e-05,4.198076733111474e-05
2026-05-26,8.121345596191872e-05,0.00011061242351190525,4.569446090092958e-05,4.641735542809693e-05
2026-05-27,6.315610285015663e-05,0.00013167040499653638,4.585095732969247e-05,1.1573532289829e-05
2026-05-28,6.117659649355903e-05,0.00013974816932059517,4.478360217193054e-05,1.4538287369629517e-05
2026-05-29,5.4389407907447346e-05,0.00014006683742401563,4.44825516819384e-05,1.284299639620737e-05
2026-06-01,5.487993824416328e-05,0.0001414619494018491,4.0891457579492484e-05,2.1586675068938066e-05
2026-06-02,4.490869920543146e-05,0.00014639436036763582,3.935592084307835e-05,1.0197542164624265e-05
2026-06-03,4.606886317287621e-05,0.0001478514854981656,3.780044699972742e-05,1.4051540126816447e-05
2026-06-04,5.0692883945935554e-05,0.00014790641342295112,3.737797158992161e-05,2.7557053664838206e-05
2026-06-05,6.784754822628163e-05,0.00014621540410465113,4.0537870451074726e-05,0.00011586613706186857
2026-06-08,7.343710554893779e-05,0.00014312006293818944,4.35495412654163e-05,9.323203016553902e-05
2026-06-09,0.00012054093294383286,0.00011400927628897408,7.387072979156173e-05,0.0006623140847974642
2026-06-10,0.00012454377493297103,0.0001085764438795962,8.015343516818778e-05,0.00014628690730642834
2026-06-11,0.0001481441546385458,0.00010133068027833406,8.511311432481201e-05,0.0001767051248667463
2026-06-12,0.00014078552994040548,9.851108061016392e-05,8.751908777670415e-05,0.00010416608922955557
2026-06-15,0.00016015099709613818,9.114231823672034e-05,9.612722817557293e-05,0.00019907613154235298
2026-06-16,9.461020589114707e-05,9.902203828160644e-05,9.217607107153029e-05,1.1863284761461457e-05
2026-06-17,0.00010247811287076356,9.875793102427242e-05,9.14879696662353e-05,5.686325142366291e-05
2026-06-18,0.0001056543251362265,9.619724237818579e-05,9.354690517601123e-05,0.00010491521635573272
2026-06-22,8.930648688528375e-05,9.54136479772175e-05,9.348705751011948e-05,3.7693325841233274e-05
2026-06-23,0.00011309344947426076,9.026068920656472e-05,0.00010395849872657837,0.00027340114006600555
2026-06-24,0.00011512206792434875,8.865138275047753e-05,0.0001059161774131834,8.309201974982088e-05
2026-06-25,0.0001311705283225154,8.772082828024609e-05,0.00011061242351190525,0.00014503852350125534
2026-06-26,0.00016586023837976454,6.80841020799497e-05,0.00013167040499653635,0.00045379114346708234
2026-06-29,0.0001756989987499875,6.285732814362253e-05,0.00013974816932059528,0.00018417133817486702
2026-06-30,0.00012093809263384168,6.711029117456063e-05,0.00014006683742401565,1.9535026568035087e-05
2026-07-01,0.00013101076950890485,7.17953282202372e-05,0.00014146194940184922,5.088402660344287e-05
2026-07-02,0.00014272642337734715,6.8043316810191e-05,0.0001463943603676359,0.00011377817244614445
2026-07-06,0.00011543852286653909,6.887492024918613e-05,0.00014785148549816568,4.4651167867942145e-05
2026-07-07,9.953440106925781e-05,6.983552296795389e-05,0.0001479064134229512,2.8710540085333835e-05
2026-07-08,0.00012188450897773492,6.66880988585024e-05,0.00014621540410465116,8.035494137756756e-05
2026-07-09,0.00010457668713649031,6.639506431326671e-05,0.00014312006293818938,2.822986566984272e-05
2026-07-10,0.00010416066432931024,6.45055999425692e-05,0.00011400927628897405,5.098756516394186e-05
2026-07-13,9.331594050627144e-05,6.375797847205756e-05,0.00010857644387959618,3.219742670949272e-05
2026-07-14,8.765022106342447e-05,6.433064469975249e-05,0.00010133068027833402,2.4544089240241445e-05
2026-07-15,8.76079589474552e-05,6.339527030112611e-05,9.851108061016396e-05,4.495449619798383e-05
2026-07-16,8.883393915925581e-05,6.159232619088956e-05,9.114231823672037e-05,4.433212170003771e-05
2026-07-17,0.00010921715250686351,5.339166499237636e-05,9.902203828160647e-05,0.00017733740570406937
2026-07-20,0.00010235628241522081,5.241998089810028e-05,9.875793102427241e-05,5.131699901964772e-05
2026-07-21,0.00010696586509492094,5.141774617034372e-05,9.619724237818579e-05,5.1140754787913704e-05
2026-07-22,9.170030185181224e-05,5.2348621812504706e-05,9.541364797721746e-05,2.1237843420898498e-05
2026-07-23,0.00012350247773910066,4.600023209757402e-05,9.02606892065647e-05,0.00016518900588229752
2026-07-24,9.911046381824372e-05,4.409420581414583e-05,8.865138275047755e-05,4.9296584171990787e-05
2026-07-27,0.00011516425151365831,3.947558384994125e-05,8.772082828024609e-05,0.00012549687962639484
2026-07-28,0.00010046747594376004,3.8026250586246053e-05,6.808410207994975e-05,4.1419893260859016e-05
2026-07-29,0.00011169365646732821,3.577189732881525e-05,6.285732814362258e-05,7.44090855119966e-05
2026-07-30,0.00011186687950294727,3.259104705509636e-05,6.711029117456058e-05,0.00010884725021773303
2026-07-31,0.00012742284227858225,2.635713399677197e-05,7.17953282202372e-05,0.0001492698045626519
2026-08-03,0.00010204873318545486,2.7867776362415314e-05,6.804331681019102e-05,3.4985932835174677e-05
2026-08-04,0.0001094542468891609,2.5560029845954564e-05,6.887492024918616e-05,6.211484008683996e-05
2026-08-05,0.00010438261548432879,2.4468945480976985e-05,6.983552296795389e-05,4.888319717945625e-05
2026-08-06,8.098456388283986e-05,2.4369091728844196e-05,6.668809885850237e-05,1.4259035079085587e-05
2026-08-07,7.335719470608883e-05,2.3869932001081933e-05,6.639506431326675e-05,2.2076140219894872e-05
2026-08-10,6.329948884544273e-05,2.406075969112084e-05,6.450559994256918e-05,1.1308813379292768e-05
2026-08-11,5.935148604194374e-05,2.537801450722165e-05,6.375797847205758e-05,1.649737582874901e-05
2026-08-12,6.29489878682738e-05,2.788224631952696e-05,6.433064469975249e-05,3.6570080021834825e-05
2026-08-13,6.30491588195035e-05,3.0214357623018376e-05,6.339527030112611e-05,2.5311633826829714e-05
2026-08-14,4.985707945083447e-05,3.0418573721671952e-05,6.15923261908896e-05,6.470295385070998e-06
2026-08-17,4.491210568648576e-05,3.56072878510082e-05,5.339166499237634e-05,5.123520535290884e-06
2026-08-18,5.3859044039970666e-05,4.171286040488798e-05,5.241998089810025e-05,3.0911633039849635e-05
2026-08-19,5.2641486780974815e-05,4.145893287374088e-05,5.141774617034369e-05,3.0093825505026e-05
2026-08-20,5.561316821843641e-05,,5.234862181250474e-05,4.078623190628072e-05
2026-08-21,6.039085443817122e-05,,4.600023209757406e-05,3.1872821868753266e-05
2026-08-24,5.337193828741801e-05,,4.4094205814145866e-05,9.27003221999858e-06
2026-08-25,5.853650770522947e-05,,3.947558384994127e-05,2.8505818378098418e-05
2026-08-26,4.840494323470033e-05,,3.802625058624607e-05,1.0983894723259789e-05
2026-08-27,5.103309684233692e-05,,3.5771897328815236e-05,2.706766710594917e-05
2026-08-28,5.365059707183788e-05,,3.2591047055096385e-05,4.2049394469637094e-05
2026-08-31,5.0386031558422056e-05,,2.6357133996771983e-05,1.8357630337839366e-05
2026-09-01,5.925921022841729e-05,,2.7867776362415334e-05,6.670942251368516e-05
2026-09-02,5.098829995243228e-05,,2.5560029845954554e-05,1.3652163241163577e-05
2026-09-03,5.331495381497256e-05,,2.446894548097699e-05,2.5970425514927347e-05
2026-09-04,4.4973090365401385e-05,,2.4369091728844203e-05,1.216210628429706e-05
2026-09-08,4.328601685174313e-05,,2.3869932001081936e-05,1.1593785936887266e-05
2026-09-09,4.03280345502774e-05,,2.4060759691120842e-05,1.5316194870109883e-05
2026-09-10,4.895553141743882e-05,,2.537801450722164e-05,4.4159726966865654e-05
2026-09-11,5.7964452076059316e-05,,2.7882246319526965e-05,8.915894808024668e-05
2026-09-14,6.445449495473425e-05,,3.0214357623018376e-05,7.428597120014935e-05
2026-09-15,5.2759382042445796e-05,,3.041857372167193e-05,1.075883345679567e-05
2026-09-16,7.806703456004597e-05,,3.56072878510082e-05,0.00011408651725135253
2026-09-17,9.196721783596344e-05,,4.171286040488795e-05,0.00015912865667132444
2026-09-18,7.100418086431708e-05,,4.145893287374088e-05,2.476134735093754e-05
