date,f1,f2,exp1,exp2,w1,w2,dr,dt,days_to_exp1,days_to_exp2,ret,n_missing,level_er
2008-01-02,23.86,24.49,2008-01-16,2008-02-19,0.5,0.5,9,18,14,48,,0,100000.0
2008-01-03,23.42,24.52,2008-01-16,2008-02-19,0.4444444444444444,0.5555555555555556,8,18,13,47,-0.008479834539813824,0,99152.01654601861
2008-01-04,24.68,25.3,2008-01-16,2008-02-19,0.3888888888888889,0.6111111111111112,7,18,12,46,0.04133530608470504,0,103250.49549886402
2008-01-07,24.12,24.81,2008-01-16,2008-02-19,0.3333333333333333,0.6666666666666667,6,18,9,43,-0.02064026958719456,0,101119.37743675605
2008-01-08,25.54,25.9,2008-01-16,2008-02-19,0.2777777777777778,0.7222222222222222,5,18,8,42,0.04882017900732305,0,106056.04354432753
2008-01-09,24.89,25.78,2008-01-16,2008-02-19,0.2222222222222222,0.7777777777777778,4,18,7,41,-0.01035745047372949,0,104957.57332587747
2008-01-10,24.07,24.95,2008-01-16,2008-02-19,0.16666666666666666,0.8333333333333334,3,18,6,40,-0.03235753995830426,0,101561.40445305874
2008-01-11,24.96,26.15,2008-01-16,2008-02-19,0.1111111111111111,0.8888888888888888,2,18,5,39,0.04629754065313807,0,106263.44770451404
2008-01-14,23.36,25.1,2008-01-16,2008-02-19,0.05555555555555555,0.9444444444444444,1,18,2,36,-0.04270584215920736,0,101725.37767955188
2008-01-15,24.04,25.24,2008-01-16,2008-02-19,0.0,1.0,0,18,1,35,0.006799093454205929,0,102417.01802905953
2008-01-16,24.99,25.03,2008-02-19,2008-03-19,0.9545454545454546,0.045454545454545414,21,22,34,63,-0.009904912836767088,0,101402.5863924801
2008-01-17,26.97,26.62,2008-02-19,2008-03-19,0.9090909090909091,0.09090909090909094,20,22,33,62,0.07851660543450589,0,109364.37325829687
2008-01-18,27.24,26.71,2008-02-19,2008-03-19,0.8636363636363636,0.13636363636363635,19,22,32,61,0.009415496760259101,0,110394.09316039812
2008-01-22,27.73,26.38,2008-02-19,2008-03-19,0.8181818181818182,0.18181818181818177,18,22,28,57,0.013920259666382329,0,111930.80760282566
2008-01-23,26.4,25.3,2008-02-19,2008-03-19,0.7727272727272727,0.2272727272727273,17,22,27,56,-0.04673700922832669,0,106699.49641495832
2008-01-24,26.43,25.34,2008-02-19,2008-03-19,0.7272727272727273,0.2727272727272727,16,22,26,55,0.0012341387102381418,0,106831.17839384695
2008-01-25,26.75,25.8,2008-02-19,2008-03-19,0.6818181818181818,0.31818181818181823,15,22,25,54,0.013706254783274252,0,108295.43374371044
2008-01-28,26.16,25.37,2008-02-19,2008-03-19,0.6363636363636364,0.36363636363636365,14,22,22,51,-0.020383260290452898,0,106088.0197294449
2008-01-29,26.25,25.25,2008-02-19,2008-03-19,0.5909090909090909,0.40909090909090906,13,22,21,50,0.0005270555165142188,0,106143.93400547937
2008-01-30,26.14,25.56,2008-02-19,2008-03-19,0.5454545454545454,0.4545454545454546,12,22,20,49,0.0023922603342128035,0,106397.85792851797
2008-01-31,25.64,25.31,2008-02-19,2008-03-19,0.5,0.5,11,22,19,48,-0.0149311410905002,0,104809.21650006027
2008-02-01,24.95,24.66,2008-02-19,2008-03-19,0.45454545454545453,0.5454545454545454,10,22,18,47,-0.026300294406280678,0,102052.70324961709
2008-02-04,25.81,25.56,2008-02-19,2008-03-19,0.4090909090909091,0.5909090909090908,9,22,15,44,0.03556891936489315,0,105682.60762247207
2008-02-05,27.39,26.92,2008-02-19,2008-03-19,0.36363636363636365,0.6363636363636364,8,22,14,43,0.056503179410879234,0,111654.01096157417
2008-02-06,28.19,27.6,2008-02-19,2008-03-19,0.3181818181818182,0.6818181818181819,7,22,13,42,0.02671140939597305,0,114636.44695907125
2008-02-07,27.62,27.25,2008-02-19,2008-03-19,0.2727272727272727,0.7272727272727273,6,22,12,41,-0.015114586230023042,0,112903.76449640491
2008-02-08,28.39,27.63,2008-02-19,2008-03-19,0.22727272727272727,0.7727272727272727,5,22,11,40,0.017782357242571267,0,114911.45957071111
2008-02-11,27.88,26.97,2008-02-19,2008-03-19,0.18181818181818182,0.8181818181818181,4,22,8,37,-0.022512506948304534,0,112324.51453868566
2008-02-12,27.06,26.72,2008-02-19,2008-03-19,0.13636363636363635,0.8636363636363636,3,22,7,36,-0.013032262387349558,0,110860.67199268585
2008-02-13,26.0,25.81,2008-02-19,2008-03-19,0.09090909090909091,0.9090909090909091,2,22,6,35,-0.03476208266820635,0,107006.92414822319
2008-02-14,26.28,26.18,2008-02-19,2008-03-19,0.045454545454545456,0.9545454545454546,1,22,5,34,0.014009151707145673,0,108506.00038233069
2008-02-15,26.07,25.93,2008-02-19,2008-03-19,0.0,1.0,0,22,4,33,-0.009478179356317118,0,107477.56104947034
2008-02-19,25.61,25.7,2008-03-19,2008-04-16,0.9523809523809523,0.04761904761904767,20,21,29,57,-0.01234091785576552,0,106151.1892972208
2008-02-20,25.45,25.41,2008-03-19,2008-04-16,0.9047619047619048,0.09523809523809523,19,21,28,56,-0.0064881948317531135,0,105462.45969943813
2008-02-21,25.42,25.45,2008-03-19,2008-04-16,0.8571428571428571,0.1428571428571429,18,21,27,55,-0.0009169676441415087,0,105365.75403622218
2008-02-22,24.87,24.83,2008-03-19,2008-04-16,0.8095238095238095,0.19047619047619047,17,21,26,54,-0.022026184188346343,0,103044.94853067634
2008-02-25,24.17,24.34,2008-03-19,2008-04-16,0.7619047619047619,0.23809523809523814,16,21,23,51,-0.02654613012583551,0,100309.50391817097
2008-02-26,23.71,24.18,2008-03-19,2008-04-16,0.7142857142857143,0.2857142857142857,15,21,22,50,-0.016049722670233413,0,98699.56419909564
2008-02-27,23.88,24.45,2008-03-19,2008-04-16,0.6666666666666666,0.33333333333333337,14,21,21,49,0.008327841351626564,0,99521.51851122039
2008-02-28,24.58,25.1,2008-03-19,2008-04-16,0.6190476190476191,0.38095238095238093,13,21,20,48,0.02838941974795728,0,102346.87667418951
2008-02-29,26.1,26.36,2008-03-19,2008-04-16,0.5714285714285714,0.4285714285714286,12,21,19,47,0.05734711919129798,0,108216.17520968134
2008-03-03,26.16,26.25,2008-03-19,2008-04-16,0.5238095238095238,0.47619047619047616,11,21,16,44,-0.0004905166775670544,0,108163.09337095848
2008-03-04,25.72,25.79,2008-03-19,2008-04-16,0.47619047619047616,0.5238095238095238,10,21,15,43,-0.017155526478392136,0,106307.4985586482
2008-03-05,24.83,25.38,2008-03-19,2008-04-16,0.42857142857142855,0.5714285714285714,9,21,14,42,-0.02479247166706733,0,103671.87291263611
2008-03-06,26.76,26.99,2008-03-19,2008-04-16,0.38095238095238093,0.6190476190476191,8,21,13,41,0.06948468836997912,0,110875.4806947027
2008-03-07,26.91,26.87,2008-03-19,2008-04-16,0.3333333333333333,0.6666666666666667,7,21,12,40,-0.0006372245331445203,0,110804.82811827985
2008-03-10,27.75,27.6,2008-03-19,2008-04-16,0.2857142857142857,0.7142857142857143,6,21,9,37,0.028518288902665834,0,113964.79221836719
2008-03-11,26.11,26.09,2008-03-19,2008-04-16,0.23809523809523808,0.7619047619047619,5,21,8,36,-0.055968992248061955,0,107586.2976461454
2008-03-12,26.68,26.92,2008-03-19,2008-04-16,0.19047619047619047,0.8095238095238095,4,21,7,35,0.02943484370152749,0,110753.0835017857
2008-03-13,26.75,27.02,2008-03-19,2008-04-16,0.14285714285714285,0.8571428571428572,3,21,6,34,0.0035083988943229727,0,111141.64949748621
2008-03-14,29.03,28.52,2008-03-19,2008-04-16,0.09523809523809523,0.9047619047619048,2,21,5,33,0.05972361942076554,0,117779.4310738702
2008-03-17,30.57,28.54,2008-03-19,2008-04-16,0.047619047619047616,0.9523809523809523,1,21,2,30,0.005767243391005872,0,118458.69371932742
2008-03-18,25.95,26.2,2008-03-19,2008-04-16,0.0,1.0,0,21,1,29,-0.08550476412192176,0,108329.91105466537
2008-03-19,27.41,26.53,2008-04-16,2008-05-21,0.9473684210526315,0.052631578947368474,18,19,28,63,0.04618320610687032,0,113332.93366444191
2008-03-20,27.0,26.08,2008-04-16,2008-05-21,0.8947368421052632,0.10526315789473684,17,19,27,62,-0.015060298897886182,0,111626.1058084811
2008-03-24,26.35,25.71,2008-04-16,2008-05-21,0.8421052631578947,0.1578947368421053,16,19,23,58,-0.023065185069254257,0,109051.4290194483
2008-03-25,26.32,25.87,2008-04-16,2008-05-21,0.7894736842105263,0.21052631578947367,15,19,22,57,0.0,0,109051.4290194483
2008-03-26,26.95,26.32,2008-04-16,2008-05-21,0.7368421052631579,0.26315789473684215,14,19,21,56,0.02257766717508214,0,111513.55588881651
2008-03-27,26.64,26.46,2008-04-16,2008-05-21,0.6842105263157895,0.3157894736842105,13,19,20,55,-0.007152682255845866,0,110715.9348563243
2008-03-28,26.6,26.59,2008-04-16,2008-05-21,0.631578947368421,0.368421052631579,12,19,19,54,0.0005147699374357106,0,110772.92809118342
2008-03-31,26.01,26.3,2008-04-16,2008-05-21,0.5789473684210527,0.42105263157894735,11,19,16,51,-0.018027823402528953,0,108775.93330577452
2008-04-01,24.0,24.85,2008-04-16,2008-05-21,0.5263157894736842,0.4736842105263158,10,19,15,50,-0.06789389941793722,0,101390.71103082002
2008-04-02,24.64,25.03,2008-04-16,2008-05-21,0.47368421052631576,0.5263157894736843,9,19,14,49,0.01729753046479021,0,103144.51994372238
2008-04-03,24.27,24.94,2008-04-16,2008-05-21,0.42105263157894735,0.5789473684210527,8,19,13,48,-0.008960725331525587,0,102220.27023105462
2008-04-04,23.96,24.95,2008-04-16,2008-05-21,0.3684210526315789,0.631578947368421,7,19,12,47,-0.005058697972251891,0,101703.16875731376
2008-04-07,23.01,24.26,2008-04-16,2008-05-21,0.3157894736842105,0.6842105263157895,6,19,9,44,-0.03196180852885766,0,98452.5515507144
2008-04-08,23.02,24.07,2008-04-16,2008-05-21,0.2631578947368421,0.736842105263158,5,19,8,43,-0.005314925899788325,0,97929.28353457726
2008-04-09,23.63,24.66,2008-04-16,2008-05-21,0.21052631578947367,0.7894736842105263,4,19,7,42,0.025017695983011956,0,100379.2485778795
2008-04-10,22.85,24.33,2008-04-16,2008-05-21,0.15789473684210525,0.8421052631578947,3,19,6,41,-0.017376512639421304,0,98635.00729623035
2008-04-11,23.91,24.98,2008-04-16,2008-05-21,0.10526315789473684,0.8947368421052632,2,19,5,40,0.029661664810082478,0,101560.68582119117
2008-04-14,23.84,24.88,2008-04-16,2008-05-21,0.05263157894736842,0.9473684210526316,1,19,2,37,-0.00389434473416872,0,101165.17349916486
2008-04-15,22.87,24.41,2008-04-16,2008-05-21,0.0,1.0,0,19,1,36,-0.019992367706919922,0,99142.6421514352
2008-04-16,22.96,23.23,2008-05-21,2008-06-18,0.96,0.040000000000000036,24,25,35,63,-0.059401884473576416,0,93253.38237595052
2008-04-17,23.03,23.55,2008-05-21,2008-06-18,0.92,0.07999999999999996,23,25,34,62,0.0034826823619551472,0,93578.1542859439
2008-04-18,22.2,22.84,2008-05-21,2008-06-18,0.88,0.12,22,25,33,61,-0.03555886891242943,0,90250.62096462293
2008-04-21,21.92,22.43,2008-05-21,2008-06-18,0.84,0.16000000000000003,21,25,30,58,-0.0132694103282337,0,89053.04844266546
2008-04-22,22.1,22.62,2008-05-21,2008-06-18,0.8,0.19999999999999996,20,25,29,57,0.008253945167624233,0,89788.087421521
2008-04-23,21.86,22.41,2008-05-21,2008-06-18,0.76,0.24,19,25,28,56,-0.010538641686182793,0,88841.84294049794
2008-04-24,21.23,22.05,2008-05-21,2008-06-18,0.72,0.28,18,25,27,55,-0.025700254638050035,0,86558.5849544135
2008-04-25,20.69,21.52,2008-05-21,2008-06-18,0.68,0.31999999999999995,17,25,26,54,-0.02503308542563698,0,84391.75650292741
2008-04-28,20.54,21.33,2008-05-21,2008-06-18,0.64,0.36,16,25,23,51,-0.007768806428830488,0,83736.13328246716
2008-04-29,20.81,21.59,2008-05-21,2008-06-18,0.6,0.4,15,25,22,50,0.012792685503544066,0,84807.34330083261
2008-04-30,21.24,22.14,2008-05-21,2008-06-18,0.56,0.43999999999999995,14,25,21,49,0.022630432724173755,0,86726.57017791802
2008-05-01,19.86,20.95,2008-05-21,2008-06-18,0.52,0.48,13,25,20,48,-0.059918654095026946,0,81530.03081857927
2008-05-02,19.66,20.63,2008-05-21,2008-06-18,0.48,0.52,12,25,19,47,-0.012637858628674614,0,80499.66581510258
2008-05-05,19.69,20.99,2008-05-21,2008-06-18,0.44,0.56,11,25,16,44,0.009997817936561404,0,81304.48681787602
2008-05-06,18.82,20.26,2008-05-21,2008-06-18,0.4,0.6,10,25,15,43,-0.03876971299833454,0,78152.33519847009
2008-05-07,19.7,21.21,2008-05-21,2008-06-18,0.36,0.64,9,25,14,42,0.046840073155862694,0,81812.99629646793
2008-05-08,19.67,21.25,2008-05-21,2008-06-18,0.32,0.6799999999999999,8,25,13,41,0.0007161382727518539,0,81871.58571432433
2008-05-09,19.84,21.45,2008-05-21,2008-06-18,0.28,0.72,7,25,12,40,0.00917838067141008,0,82623.03429418239
2008-05-12,18.94,20.82,2008-05-21,2008-06-18,0.24,0.76,6,25,9,37,-0.033601280048763615,0,79846.79458038496
2008-05-13,18.7,20.78,2008-05-21,2008-06-18,0.2,0.8,5,25,8,36,-0.00432033305840307,0,79501.82983415181
2008-05-14,18.3,20.32,2008-05-21,2008-06-18,0.16,0.84,4,25,7,35,-0.02199960714987248,0,77752.82081010444
2008-05-15,17.43,19.88,2008-05-21,2008-06-18,0.12,0.88,3,25,6,34,-0.025444071051368256,0,75774.47251296786
2008-05-16,17.15,20.14,2008-05-21,2008-06-18,0.08,0.92,2,25,5,33,0.009966302460941767,0,76529.6638248504
2008-05-19,16.64,19.76,2008-05-21,2008-06-18,0.04,0.96,1,25,2,30,-0.019617301817012378,0,75028.35831164382
2008-05-20,17.37,20.82,2008-05-21,2008-06-18,0.0,1.0,0,25,1,29,0.05331241851368951,0,79028.30155034922
2008-05-21,22.14,23.58,2008-06-18,2008-07-16,0.9473684210526315,0.052631578947368474,18,19,28,56,0.06340057636887608,0,84038.74141809471
2008-05-22,21.72,23.56,2008-06-18,2008-07-16,0.8947368421052632,0.10526315789473684,17,19,27,55,-0.01795782989812833,0,82529.58799485577
2008-05-23,22.23,24.04,2008-06-18,2008-07-16,0.8421052631578947,0.1578947368421053,16,19,26,54,0.023129022960899137,0,84438.41673054233
2008-05-27,21.49,23.7,2008-06-18,2008-07-16,0.7894736842105263,0.21052631578947367,15,19,22,50,-0.03006077606358115,0,81900.13239404216
2008-05-28,21.33,23.25,2008-06-18,2008-07-16,0.7368421052631579,0.26315789473684215,14,19,21,49,-0.010068320747932513,0,81075.53559180081
2008-05-29,19.97,22.07,2008-06-18,2008-07-16,0.6842105263157895,0.3157894736842105,13,19,20,48,-0.060115216814905836,0,76201.66219131509
2008-05-30,19.38,21.77,2008-06-18,2008-07-16,0.631578947368421,0.368421052631579,12,19,19,47,-0.02415631456776257,0,74360.9108688353
2008-06-02,20.64,22.8,2008-06-18,2008-07-16,0.5789473684210527,0.42105263157894735,11,19,16,44,0.05800753344590204,0,78674.403893127
2008-06-03,21.07,23.18,2008-06-18,2008-07-16,0.5263157894736842,0.4736842105263158,10,19,15,43,0.018977139507620144,0,80167.41903148573
2008-06-04,21.3,23.09,2008-06-18,2008-07-16,0.47368421052631576,0.5263157894736843,9,19,14,42,0.003553372126299692,0,80452.2837037096
2008-06-05,19.91,22.13,2008-06-18,2008-07-16,0.42105263157894735,0.5789473684210527,8,19,13,41,-0.05231897775674399,0,76243.10246213595
2008-06-06,22.98,23.94,2008-06-18,2008-07-16,0.3684210526315789,0.631578947368421,7,19,12,40,0.11042685803680086,0,84662.38871400751
2008-06-09,22.7,23.43,2008-06-18,2008-07-16,0.3157894736842105,0.6842105263157895,6,19,9,37,-0.018030079885750006,0,83135.91908217553
2008-06-10,22.72,23.47,2008-06-18,2008-07-16,0.2631578947368421,0.736842105263158,5,19,8,36,0.0014519385648494865,0,83256.62732921515
2008-06-11,23.75,24.05,2008-06-18,2008-07-16,0.21052631578947367,0.7894736842105263,4,19,7,35,0.030010403003301933,0,85755.19226806062
2008-06-12,22.85,23.88,2008-06-18,2008-07-16,0.15789473684210525,0.8421052631578947,3,19,6,34,-0.01349424026330226,0,84597.99109976973
2008-06-13,21.62,23.0,2008-06-18,2008-07-16,0.10526315789473684,0.8947368421052632,2,19,5,33,-0.0394336817344606,0,81261.98084336668
2008-06-16,20.86,22.74,2008-06-18,2008-07-16,0.05263157894736842,0.9473684210526316,1,19,2,30,-0.013679071481208505,0,80150.39239870568
2008-06-17,21.05,22.68,2008-06-18,2008-07-16,0.0,1.0,0,19,1,29,-0.0020689013901157294,0,79984.56914045366
2008-06-18,23.35,23.37,2008-07-16,2008-08-20,0.9473684210526315,0.052631578947368474,18,19,28,63,0.029541446208112943,0,82347.42898719547
2008-06-19,22.93,23.17,2008-07-16,2008-08-20,0.8947368421052632,0.10526315789473684,17,19,27,62,-0.01749047715644525,0,80907.13316160293
2008-06-20,23.51,23.43,2008-07-16,2008-08-20,0.8421052631578947,0.1578947368421053,16,19,26,61,0.02379915166800428,0,82832.65429473933
2008-06-23,23.51,23.49,2008-07-16,2008-08-20,0.7894736842105263,0.21052631578947367,15,19,23,58,0.0004031806473290267,0,82866.05081791787
2008-06-24,23.63,23.7,2008-07-16,2008-08-20,0.7368421052631579,0.26315789473684215,14,19,22,57,0.005911197689259184,0,83355.88842603078
2008-06-25,22.61,22.75,2008-07-16,2008-08-20,0.6842105263157895,0.3157894736842105,13,19,21,56,-0.04235288880975685,0,79825.52575188459
2008-06-26,24.72,24.25,2008-07-16,2008-08-20,0.631578947368421,0.368421052631579,12,19,20,55,0.0846362939386196,0,86581.66241322595
2008-06-27,24.55,24.18,2008-07-16,2008-08-20,0.5789473684210527,0.42105263157894735,11,19,19,54,-0.005424644610733553,0,86111.98766482768
2008-06-30,24.19,23.93,2008-07-16,2008-08-20,0.5263157894736842,0.4736842105263158,10,19,16,51,-0.012858961358389376,0,85004.67694295156
2008-07-01,24.19,23.8,2008-07-16,2008-08-20,0.47368421052631576,0.5263157894736843,9,19,15,50,-0.002558663371749592,0,84787.17858963023
2008-07-02,25.53,24.95,2008-07-16,2008-08-20,0.42105263157894735,0.5789473684210527,8,19,14,49,0.05169954576375324,0,89170.63720930433
2008-07-03,25.39,24.69,2008-07-16,2008-08-20,0.3684210526315789,0.631578947368421,7,19,13,48,-0.00831435793519808,0,88429.24061423649
2008-07-07,25.85,24.78,2008-07-16,2008-08-20,0.3157894736842105,0.6842105263157895,6,19,9,44,0.009071538575135651,0,89231.4298816385
2008-07-08,23.96,23.54,2008-07-16,2008-08-20,0.2631578947368421,0.736842105263158,5,19,8,43,-0.05753918363925936,0,84097.1262512852
2008-07-09,25.47,24.69,2008-07-16,2008-08-20,0.21052631578947367,0.7894736842105263,4,19,7,42,0.0526304076909383,0,88523.19229152665
2008-07-10,25.61,24.86,2008-07-16,2008-08-20,0.15789473684210525,0.8421052631578947,3,19,6,41,0.006585773881371271,0,89106.18601921579
2008-07-11,27.15,25.25,2008-07-16,2008-08-20,0.10526315789473684,0.8947368421052632,2,19,5,40,0.022882909458690648,0,91145.19480610277
2008-07-14,28.03,25.89,2008-07-16,2008-08-20,0.05263157894736842,0.9473684210526316,1,19,2,37,0.026140006204115496,0,93527.7307638096
2008-07-15,28.43,26.12,2008-07-16,2008-08-20,0.0,1.0,0,19,1,36,0.009189353304321468,0,94387.1901255497
2008-07-16,24.72,24.48,2008-08-20,2008-09-17,0.96,0.040000000000000036,24,25,35,63,-0.05359877488514553,0,89328.15236996894
2008-07-17,24.25,23.99,2008-08-20,2008-09-17,0.92,0.07999999999999996,23,25,34,62,-0.019052706552706522,0,87626.20929596847
2008-07-18,24.05,23.8,2008-08-20,2008-09-17,0.88,0.12,22,25,33,61,-0.008221484819969316,0,86905.79174641019
2008-07-21,23.4,23.44,2008-08-20,2008-09-17,0.84,0.16000000000000003,21,25,30,58,-0.02561199000832659,0,84679.96147653542
2008-07-22,22.47,22.74,2008-08-20,2008-09-17,0.8,0.19999999999999996,20,25,29,57,-0.038160503110260424,0,81448.53154323336
2008-07-23,22.43,22.78,2008-08-20,2008-09-17,0.76,0.24,19,25,28,56,-0.0010655301012252316,0,81361.74568117344
2008-07-24,23.55,23.72,2008-08-20,2008-09-17,0.72,0.28,18,25,27,55,0.04782801812205717,0,85253.11672805483
2008-07-25,23.45,23.63,2008-08-20,2008-09-17,0.68,0.31999999999999995,17,25,26,54,-0.004119062955554864,0,84901.95377309469
2008-07-28,24.25,24.24,2008-08-20,2008-09-17,0.64,0.36,16,25,23,51,0.03144514965372891,0,87571.70841538363
2008-07-29,22.68,22.99,2008-08-20,2008-09-17,0.6,0.4,15,25,22,50,-0.06000065989177783,0,82317.34812261026
2008-07-30,21.57,22.1,2008-08-20,2008-09-17,0.56,0.43999999999999995,14,25,21,49,-0.044816698824767354,0,78628.1563237457
2008-07-31,22.77,22.94,2008-08-20,2008-09-17,0.52,0.48,13,25,20,48,0.0477728039920744,0,82384.44382405818
2008-08-01,22.95,23.04,2008-08-20,2008-09-17,0.48,0.52,12,25,19,47,0.006196502651892866,0,82894.93924868868
2008-08-04,22.78,23.01,2008-08-20,2008-09-17,0.44,0.56,11,25,16,44,-0.004226675015654435,0,82544.56928004205
2008-08-05,21.44,22.12,2008-08-20,2008-09-17,0.4,0.6,10,25,15,43,-0.047492666573543785,0,78624.30757376824
2008-08-06,20.7,21.58,2008-08-20,2008-09-17,0.36,0.64,9,25,14,42,-0.02837788355913584,0,76393.11612852216
2008-08-07,21.51,22.52,2008-08-20,2008-09-17,0.32,0.6799999999999999,8,25,13,41,0.04200684751119321,0,79602.15010863787
2008-08-08,20.91,21.87,2008-08-20,2008-09-17,0.28,0.72,7,25,12,40,-0.028562675701001794,0,77328.49970998238
2008-08-11,20.29,21.68,2008-08-20,2008-09-17,0.24,0.76,6,25,9,37,-0.014369572060811464,0,76217.32226104535
2008-08-12,21.28,22.46,2008-08-20,2008-09-17,0.2,0.8,5,25,8,36,0.0389011730315183,0,79182.26550232127
2008-08-13,21.5,22.93,2008-08-20,2008-09-17,0.16,0.84,4,25,7,35,0.018898488120950407,0,80678.69060630683
2008-08-14,20.8,22.15,2008-08-20,2008-09-17,0.12,0.88,3,25,6,34,-0.03379557027822333,0,77952.10824796635
2008-08-15,20.18,21.92,2008-08-20,2008-09-17,0.08,0.92,2,25,5,33,-0.012588684737129263,0,76970.79373263812
2008-08-18,20.66,22.21,2008-08-20,2008-09-17,0.04,0.96,1,25,2,30,0.014012341144494123,0,78049.33475258233
2008-08-19,21.0,22.93,2008-08-20,2008-09-17,0.0,1.0,0,25,1,29,0.0318222864366986,0,80533.04303927277
2008-08-20,22.45,23.16,2008-09-17,2008-10-22,0.9473684210526315,0.052631578947368474,18,19,28,63,-0.02093327518534671,0,78847.22268781831
2008-08-21,22.19,23.25,2008-09-17,2008-10-22,0.8947368421052632,0.10526315789473684,17,19,27,62,-0.010742873191967428,0,78000.17697294426
2008-08-22,21.59,22.92,2008-09-17,2008-10-22,0.8421052631578947,0.1578947368421053,16,19,26,61,-0.025629528237320898,0,76001.06923470016
2008-08-25,22.64,23.45,2008-09-17,2008-10-22,0.7894736842105263,0.21052631578947367,15,19,23,58,0.044398841139546175,0,79375.42863408726
2008-08-26,22.4,23.24,2008-09-17,2008-10-22,0.7368421052631579,0.26315789473684215,14,19,22,57,-0.01024457775726828,0,78562.26088342885
2008-08-27,21.8,22.94,2008-09-17,2008-10-22,0.6842105263157895,0.3157894736842105,13,19,21,56,-0.023033969288040912,0,76752.6601790409
2008-08-28,21.12,22.68,2008-09-17,2008-10-22,0.631578947368421,0.368421052631579,12,19,20,55,-0.024700741022230854,0,74856.8125971911
2008-08-29,21.7,22.99,2008-09-17,2008-10-22,0.5789473684210527,0.42105263157894735,11,19,19,54,0.022149442018437604,0,76514.84922749765
2008-09-02,22.08,23.19,2008-09-17,2008-10-22,0.5263157894736842,0.4736842105263158,10,19,15,50,0.013676588897827857,0,77561.31136496141
2008-09-03,21.64,23.1,2008-09-17,2008-10-22,0.47368421052631576,0.5263157894736843,9,19,14,49,-0.012130101743847654,0,76620.48476671819
2008-09-04,23.78,24.31,2008-09-17,2008-10-22,0.42105263157894735,0.5789473684210527,8,19,13,48,0.0736565201052235,0,82264.08304340995
2008-09-05,23.08,23.98,2008-09-17,2008-10-22,0.3684210526315789,0.631578947368421,7,19,12,47,-0.02016825084671703,0,80604.96038091529
2008-09-08,21.99,23.39,2008-09-17,2008-10-22,0.3157894736842105,0.6842105263157895,6,19,9,44,-0.032738360188729554,0,77966.0861549666
2008-09-09,24.22,24.71,2008-09-17,2008-10-22,0.2631578947368421,0.736842105263158,5,19,8,43,0.07004426503979255,0,83427.16335772039
2008-09-10,23.59,24.31,2008-09-17,2008-10-22,0.21052631578947367,0.7894736842105263,4,19,7,42,-0.018735011990407613,0,81864.1544518878
2008-09-11,23.83,24.49,2008-09-17,2008-10-22,0.15789473684210525,0.8421052631578947,3,19,6,41,0.007973682490577394,0,82516.91322684675
2008-09-12,24.68,24.57,2008-09-17,2008-10-22,0.10526315789473684,0.8947368421052632,2,19,5,40,0.00826624651975938,0,83199.01837362946
2008-09-15,28.84,25.73,2008-09-17,2008-10-22,0.05263157894736842,0.9473684210526316,1,19,2,37,0.060036398672518976,0,88193.9878098709
2008-09-16,29.68,25.17,2008-09-17,2008-10-22,0.0,1.0,0,19,1,36,-0.018781251270376775,0,86537.59436427717
2008-09-17,26.61,25.93,2008-10-22,2008-11-19,0.96,0.040000000000000036,24,25,35,63,0.05721096543504167,0,91488.49368428349
2008-09-18,25.31,25.01,2008-10-22,2008-11-19,0.92,0.07999999999999996,23,25,34,62,-0.04833200415306127,0,87066.67142757738
2008-09-19,24.74,24.38,2008-10-22,2008-11-19,0.88,0.12,22,25,33,61,-0.02273194653167765,0,85087.47650799454
2008-09-22,26.56,25.41,2008-10-22,2008-11-19,0.84,0.16000000000000003,21,25,30,58,0.06985520391305755,0,91031.27952990799
2008-09-23,29.02,26.85,2008-10-22,2008-11-19,0.8,0.19999999999999996,20,25,29,57,0.08707916287534134,0,98958.20714684358
2008-09-24,28.65,26.68,2008-10-22,2008-11-19,0.76,0.24,19,25,28,56,-0.01154411250262355,0,97815.8224704825
2008-09-25,27.74,25.99,2008-10-22,2008-11-19,0.72,0.28,18,25,27,55,-0.030421759436707663,0,94840.09305018178
2008-09-26,28.64,26.25,2008-10-22,2008-11-19,0.68,0.31999999999999995,17,25,26,54,0.026451376146789052,0,97348.7440252486
2008-09-29,32.69,29.84,2008-10-22,2008-11-19,0.64,0.36,16,25,23,51,0.14000975777752256,0,110978.5180961697
2008-09-30,30.66,28.22,2008-10-22,2008-11-19,0.6,0.4,15,25,22,50,-0.05944921677614956,0,104380.93211637466
2008-10-01,31.87,28.85,2008-10-22,2008-11-19,0.56,0.43999999999999995,14,25,21,49,0.032947042177604136,0,107819.97508935051
2008-10-02,34.1,30.64,2008-10-22,2008-11-19,0.52,0.48,13,25,20,48,0.06667714431652993,0,115009.10312858778
2008-10-03,35.67,31.2,2008-10-22,2008-11-19,0.48,0.52,12,25,19,47,0.03345335273372951,0,118856.5432231383
2008-10-06,37.37,31.94,2008-10-22,2008-11-19,0.44,0.56,11,25,16,44,0.0360107480447196,0,123136.65625461306
2008-10-07,41.83,34.32,2008-10-22,2008-11-19,0.4,0.6,10,25,15,43,0.09598825489670615,0,134956.32900230895
2008-10-08,45.56,35.39,2008-10-22,2008-11-19,0.36,0.64,9,25,14,42,0.057175008037723796,0,142672.45819775766
2008-10-09,52.3,37.68,2008-10-22,2008-11-19,0.32,0.6799999999999999,8,25,13,41,0.09966403081083297,0,156891.77046743626
2008-10-10,56.71,38.31,2008-10-22,2008-11-19,0.28,0.72,7,25,12,40,0.043429402432575204,0,163705.48630542576
2008-10-13,50.64,36.07,2008-10-22,2008-11-19,0.24,0.76,6,25,9,37,-0.07621370392526816,0,151228.884841202
2008-10-14,49.05,37.94,2008-10-22,2008-11-19,0.2,0.8,5,25,8,36,0.026274553413467627,0,155202.3562536213
2008-10-15,58.18,42.7,2008-10-22,2008-11-19,0.16,0.84,4,25,7,35,0.14028185847318375,0,176974.43122829645
2008-10-16,63.88,42.78,2008-10-22,2008-11-19,0.12,0.88,3,25,6,34,0.0216748419542776,0,180810.32405511793
2008-10-17,63.25,47.04,2008-10-22,2008-11-19,0.08,0.92,2,25,5,33,0.081064618644068,0,195467.64402155642
2008-10-20,52.31,45.05,2008-10-22,2008-11-19,0.04,0.96,1,25,2,30,-0.05598219162211815,0,184524.9369180177
2008-10-21,52.8,43.8,2008-10-22,2008-11-19,0.0,1.0,0,25,1,29,-0.02603417702534605,0,179720.98204470318
2008-10-22,48.33,39.71,2008-11-19,2008-12-17,0.95,0.050000000000000044,19,20,28,56,0.10342465753424657,0,198308.5630643951
2008-10-23,50.02,40.14,2008-11-19,2008-12-17,0.9,0.09999999999999998,18,20,27,55,0.03396730620681021,0,205044.57074943595
2008-10-24,55.82,43.56,2008-11-19,2008-12-17,0.85,0.15000000000000002,17,20,26,54,0.11343612334801767,0,228304.03196881028
2008-10-27,59.29,44.88,2008-11-19,2008-12-17,0.8,0.19999999999999996,16,20,23,51,0.058307552657416606,0,241615.88133473223
2008-10-28,53.7,42.77,2008-11-19,2008-12-17,0.75,0.25,15,20,22,50,-0.08676074315699889,0,220653.1079115976
2008-10-29,56.41,44.16,2008-11-19,2008-12-17,0.7,0.30000000000000004,14,20,21,49,0.0466964241918868,0,230956.81903789577
2008-10-30,55.37,44.2,2008-11-19,2008-12-17,0.65,0.35,13,20,20,48,-0.013577320565089646,0,227821.04426912486
2008-10-31,54.57,44.93,2008-11-19,2008-12-17,0.6,0.4,12,20,19,47,-0.005139864556310103,0,226650.07495850444
2008-11-03,51.96,44.71,2008-11-19,2008-12-17,0.55,0.44999999999999996,11,20,16,44,-0.032614268249398504,0,219258.04861506147
2008-11-04,46.43,41.86,2008-11-19,2008-12-17,0.5,0.5,10,20,15,43,-0.08879305919195057,0,199789.45572607277
2008-11-05,50.2,43.85,2008-11-19,2008-12-17,0.45,0.55,9,20,14,42,0.06523955147808391,0,212823.63020769224
2008-11-06,57.58,47.8,2008-11-19,2008-12-17,0.4,0.6,8,20,13,41,0.1176149440667984,0,237854.86957066297
2008-11-07,54.65,47.48,2008-11-19,2008-12-17,0.35,0.65,7,20,12,40,-0.02637685643564347,0,231581.0058234789
2008-11-10,56.19,48.2,2008-11-19,2008-12-17,0.3,0.7,6,20,9,37,0.020144230288360765,0,236246.02693519727
2008-11-11,58.38,49.38,2008-11-19,2008-12-17,0.25,0.75,5,20,8,36,0.029310038144553907,0,243170.40699616724
2008-11-12,63.71,52.92,2008-11-19,2008-12-17,0.2,0.8,4,20,7,35,0.0772322293240364,0,261950.9996341145
2008-11-13,56.87,50.03,2008-11-19,2008-12-17,0.15,0.85,3,20,6,34,-0.06681433603253562,0,244448.91752050215
2008-11-14,62.9,53.51,2008-11-19,2008-12-17,0.1,0.9,2,20,5,33,0.07565222500783442,0,262942.02203168476
2008-11-17,67.95,56.25,2008-11-19,2008-12-17,0.05,0.95,1,20,2,30,0.05456482212712821,0,277289.40669359104
2008-11-18,67.04,57.29,2008-11-19,2008-12-17,0.0,1.0,0,20,1,29,0.016583091404944073,0,281887.7222704136
2008-11-19,62.9,56.87,2008-12-17,2009-01-21,0.9473684210526315,0.052631578947368474,18,19,28,63,0.09792284866468837,0,309490.97103873297
2008-11-20,66.23,59.77,2008-12-17,2009-01-21,0.8947368421052632,0.10526315789473684,17,19,27,62,0.052848024086050494,0,325846.9573306031
2008-11-21,62.78,56.9,2008-12-17,2009-01-21,0.8421052631578947,0.1578947368421053,16,19,26,61,-0.05170018868682025,0,309000.60815358465
2008-11-24,58.64,54.15,2008-12-17,2009-01-21,0.7894736842105263,0.21052631578947367,15,19,23,58,-0.06338603447982438,0,289414.2849508748
2008-11-25,57.18,52.61,2008-12-17,2009-01-21,0.7368421052631579,0.26315789473684215,14,19,22,57,-0.025597518700967048,0,282005.99737951776
2008-11-26,53.18,50.85,2008-12-17,2009-01-21,0.6842105263157895,0.3157894736842105,13,19,21,56,-0.06092687834369159,0,264824.2522849845
2008-11-28,53.21,50.6,2008-12-17,2009-01-21,0.631578947368421,0.368421052631579,12,19,19,54,-0.001113965717955856,0,264529.24714665575
2008-12-01,60.45,56.29,2008-12-17,2009-01-21,0.5789473684210527,0.42105263157894735,11,19,16,51,0.12763921347409113,0,298293.55219334835
2008-12-02,57.93,55.3,2008-12-17,2009-01-21,0.5263157894736842,0.4736842105263158,10,19,15,50,-0.03195638724255123,0,288761.16792750155
2008-12-03,57.73,55.21,2008-12-17,2009-01-21,0.47368421052631576,0.5263157894736843,9,19,14,49,-0.0026090993500463844,0,288007.76135194325
2008-12-04,60.49,57.62,2008-12-17,2009-01-21,0.42105263157894735,0.5789473684210527,8,19,13,48,0.04566704302630464,0,301160.22418151214
2008-12-05,58.32,56.75,2008-12-17,2009-01-21,0.3684210526315789,0.631578947368421,7,19,12,47,-0.0240932596131479,0,293904.29271515313
2008-12-08,55.26,54.67,2008-12-17,2009-01-21,0.3157894736842105,0.6842105263157895,6,19,9,44,-0.04258014762586748,0,281389.8045434657
2008-12-09,56.4,55.38,2008-12-17,2009-01-21,0.2631578947368421,0.736842105263158,5,19,8,43,0.015418269738167734,0,285728.3484514872
2008-12-10,55.26,54.44,2008-12-17,2009-01-21,0.21052631578947367,0.7894736842105263,4,19,7,42,-0.017837551545416996,0,280631.6543079969
2008-12-11,55.06,55.32,2008-12-17,2009-01-21,0.15789473684210525,0.8421052631578947,3,19,6,41,0.011950194672526004,0,283985.2572082505
2008-12-12,54.58,54.46,2008-12-17,2009-01-21,0.10526315789473684,0.8947368421052632,2,19,5,40,-0.014472055603161116,0,279875.4067754547
2008-12-15,55.7,54.84,2008-12-17,2009-01-21,0.05263157894736842,0.9473684210526316,1,19,2,37,0.008405959535450203,0,282228.0281197768
2008-12-16,52.44,52.25,2008-12-17,2009-01-21,0.0,1.0,0,19,1,36,-0.047831840586103125,0,268728.54206982144
2008-12-17,52.07,49.94,2009-01-21,2009-02-18,0.9545454545454546,0.045454545454545414,21,22,35,63,-0.0034449760765550286,0,267802.77867130336
2008-12-18,50.31,48.93,2009-01-21,2009-02-18,0.9090909090909091,0.09090909090909094,20,22,34,62,-0.03320768578200284,0,258909.66814563944
2008-12-19,47.35,46.53,2009-01-21,2009-02-18,0.8636363636363636,0.13636363636363635,19,22,33,61,-0.0579678640653587,0,243901.22769736592
2008-12-22,45.51,45.63,2009-01-21,2009-02-18,0.8181818181818182,0.18181818181818177,18,22,30,58,-0.03623802009160548,0,235062.7301077015
2008-12-23,46.15,46.54,2009-01-21,2009-02-18,0.7727272727272727,0.2272727272727273,17,22,29,57,0.01513427173804538,0,238620.23334063828
2008-12-24,45.73,45.96,2009-01-21,2009-02-18,0.7272727272727273,0.2727272727272727,16,22,28,56,-0.009869746866551954,0,236265.11204032862
2008-12-26,45.15,45.65,2009-01-21,2009-02-18,0.6818181818181818,0.31818181818181823,15,22,26,54,-0.01105773048519021,0,233652.5561083334
2008-12-29,46.34,46.76,2009-01-21,2009-02-18,0.6363636363636364,0.36363636363636365,14,22,23,51,0.02570224719101133,0,239657.95186224143
2008-12-30,44.18,45.08,2009-01-21,2009-02-18,0.5909090909090909,0.40909090909090906,13,22,22,50,-0.04270462633451988,0,229423.44857986807
2008-12-31,41.94,42.93,2009-01-21,2009-02-18,0.5454545454545454,0.4545454545454546,12,22,21,49,-0.04945615574556661,0,218077.0467752171
2009-01-02,38.7,39.91,2009-01-21,2009-02-18,0.5,0.5,11,22,19,47,-0.07407407407407407,0,201923.19145853433
2009-01-05,39.96,40.16,2009-01-21,2009-02-18,0.45454545454545453,0.5454545454545454,10,22,16,44,0.0192087520671671,0,205801.88397987245
2009-01-06,39.53,39.55,2009-01-21,2009-02-18,0.4090909090909091,0.5909090909090908,9,22,15,43,-0.01318177693075584,0,203089.0494533205
2009-01-07,43.52,42.5,2009-01-21,2009-02-18,0.36363636363636365,0.6363636363636364,8,22,14,42,0.08536417141806152,0,220425.57788398492
2009-01-08,42.97,42.72,2009-01-21,2009-02-18,0.3181818181818182,0.6818181818181819,7,22,13,41,-0.0013995504474321185,0,220117.0811678319
2009-01-09,44.55,44.15,2009-01-21,2009-02-18,0.2727272727272727,0.7272727272727273,6,22,12,40,0.034526704829065835,0,227716.99865714918
2009-01-12,48.04,47.74,2009-01-21,2009-02-18,0.22727272727272727,0.7727272727272727,5,22,9,37,0.08049707302043752,0,246047.5505260486
2009-01-13,46.67,46.81,2009-01-21,2009-02-18,0.18181818181818182,0.8181818181818181,4,22,8,36,-0.02154442944341972,0,240746.59643401392
2009-01-14,51.79,50.56,2009-01-21,2009-02-18,0.13636363636363635,0.8636363636363636,3,22,7,35,0.08547888774459333,0,261325.3477254899
2009-01-15,53.26,49.93,2009-01-21,2009-02-18,0.09090909090909091,0.9090909090909091,2,22,6,34,-0.0067741328482719965,0,259555.09510337657
2009-01-16,49.65,48.53,2009-01-21,2009-02-18,0.045454545454545456,0.9545454545454546,1,22,5,33,-0.03186984218908351,0,251283.11518305942
2009-01-20,57.9,54.66,2009-01-21,2009-02-18,0.0,1.0,0,22,1,29,0.1281648234435524,0,283488.77127484203
2009-01-21,51.13,47.36,2009-02-18,2009-03-18,0.9473684210526315,0.052631578947368474,18,19,28,56,-0.06458104646908147,0,265180.76976367866
2009-01-22,50.54,47.37,2009-02-18,2009-03-18,0.8947368421052632,0.10526315789473684,17,19,27,55,-0.010964141779477132,0,262273.2902067988
2009-01-23,50.16,47.2,2009-02-18,2009-03-18,0.8421052631578947,0.1578947368421053,16,19,26,54,-0.007128480375713009,0,260403.680204486
2009-01-26,47.55,45.63,2009-02-18,2009-03-18,0.7894736842105263,0.21052631578947367,15,19,23,51,-0.04921835282155562,0,247587.0399961501
2009-01-27,45.16,43.51,2009-02-18,2009-03-18,0.7368421052631579,0.26315789473684215,14,19,22,50,-0.049488149859897246,0,235334.41545745224
2009-01-28,42.31,40.75,2009-02-18,2009-03-18,0.6842105263157895,0.3157894736842105,13,19,21,49,-0.06319208274985577,0,220463.143601976
2009-01-29,43.38,40.88,2009-02-18,2009-03-18,0.631578947368421,0.368421052631579,12,19,20,48,0.01848891797666541,0,224539.26858091072
2009-01-30,44.99,42.18,2009-02-18,2009-03-18,0.5789473684210527,0.42105263157894735,11,19,19,47,0.035229075763586026,0,232449.57948564782
2009-02-02,45.35,42.3,2009-02-18,2009-03-18,0.5263157894736842,0.4736842105263158,10,19,16,44,0.005911116984849585,0,233823.61614306658
2009-02-03,43.15,40.95,2009-02-18,2009-03-18,0.47368421052631576,0.5263157894736843,9,19,15,43,-0.040937425077918976,0,224251.47937576173
2009-02-04,43.75,41.1,2009-02-18,2009-03-18,0.42105263157894735,0.5789473684210527,8,19,14,42,0.008648242150780305,0,226190.860472074
2009-02-05,43.25,40.5,2009-02-18,2009-03-18,0.3684210526315789,0.631578947368421,7,19,13,41,-0.013215309811744125,0,223201.67817435056
2009-02-06,42.6,40.1,2009-02-18,2009-03-18,0.3157894736842105,0.6842105263157895,6,19,12,40,-0.011854199683042799,0,220555.80091168155
2009-02-09,42.5,40.5,2009-02-18,2009-03-18,0.2631578947368421,0.736842105263158,5,19,9,37,0.00592096794954311,0,221861.70473996544
2009-02-10,45.6,42.9,2009-02-18,2009-03-18,0.21052631578947367,0.7894736842105263,4,19,8,36,0.06298909557408594,0,235836.57286406078
2009-02-11,44.6,42.2,2009-02-18,2009-03-18,0.15789473684210525,0.8421052631578947,3,19,7,35,-0.017556604915849428,0,231696.0833295785
2009-02-12,42.55,41.6,2009-02-18,2009-03-18,0.10526315789473684,0.8947368421052632,2,19,6,34,-0.019468479604449973,0,227185.3128568457
2009-02-13,43.6,42.35,2009-02-18,2009-03-18,0.05263157894736842,0.9473684210526316,1,19,5,33,0.018742900416508723,0,231443.4245518149
2009-02-17,48.0,44.05,2009-02-18,2009-03-18,0.0,1.0,0,19,1,29,0.04342970591884843,0,241494.94441695145
2009-02-18,44.85,42.65,2009-03-18,2009-04-15,0.95,0.050000000000000044,19,20,28,56,0.018161180476730987,0,245880.77768672584
2009-02-19,44.55,43.2,2009-03-18,2009-04-15,0.9,0.09999999999999998,18,20,27,55,-0.0057554760840411445,0,244465.6167512244
2009-02-20,46.7,44.75,2009-03-18,2009-04-15,0.85,0.15000000000000002,17,20,26,54,0.04705617471574919,0,255969.2335250634
2009-02-23,49.05,46.9,2009-03-18,2009-04-15,0.8,0.19999999999999996,16,20,23,51,0.049991919409578145,0,268765.62681877986
2009-02-24,44.5,43.9,2009-03-18,2009-04-15,0.75,0.25,15,20,22,50,-0.08720691073632258,0,245327.40679180276
2009-02-25,43.45,43.25,2009-03-18,2009-04-15,0.7,0.30000000000000004,14,20,21,49,-0.021420518602029204,0,240072.36651103137
2009-02-26,44.0,43.75,2009-03-18,2009-04-15,0.65,0.35,13,20,20,48,0.012330029960820443,0,243032.46598287745
2009-02-27,44.45,43.9,2009-03-18,2009-04-15,0.6,0.4,12,20,19,47,0.007856532877882128,0,244941.8585422647
2009-03-02,47.85,46.05,2009-03-18,2009-04-15,0.55,0.44999999999999996,11,20,16,44,0.06556635767578545,0,261001.80404921845
2009-03-03,48.45,46.35,2009-03-18,2009-04-15,0.5,0.5,10,20,15,43,0.009885204081632626,0,263581.8601479193
2009-03-04,44.75,42.9,2009-03-18,2009-04-15,0.45,0.55,9,20,14,42,-0.07542194092827015,0,243702.00466207933
2009-03-05,47.35,44.45,2009-03-18,2009-04-15,0.4,0.6,8,20,13,41,0.04624707025667418,0,254972.50839337887
2009-03-06,46.65,44.15,2009-03-18,2009-04-15,0.35,0.65,7,20,12,40,-0.010085507564130736,0,252400.98123133206
2009-03-09,47.05,44.9,2009-03-18,2009-04-15,0.3,0.7,6,20,9,37,0.013936701832315324,0,255918.61844893696
2009-03-10,43.15,41.6,2009-03-18,2009-04-15,0.25,0.75,5,20,8,36,-0.07640794818311558,0,236364.40191139604
2009-03-11,42.65,41.6,2009-03-18,2009-04-15,0.2,0.8,4,20,7,35,-0.0029770765108663166,0,235660.72700246066
2009-03-12,41.1,41.1,2009-03-18,2009-04-15,0.15,0.85,3,20,6,34,-0.01698158335326483,0,231658.8347237774
2009-03-13,42.1,41.6,2009-03-18,2009-04-15,0.1,0.9,2,20,5,33,0.013990267639902632,0,234899.80382271102
2009-03-16,43.0,43.1,2009-03-18,2009-04-15,0.05,0.95,1,20,2,30,0.03457382953181254,0,243021.18959713366
2009-03-17,40.05,41.3,2009-03-18,2009-04-15,0.0,1.0,0,20,1,29,-0.043102448079823885,0,232546.38139022616
2009-03-18,40.95,39.15,2009-04-15,2009-05-20,0.9473684210526315,0.052631578947368474,18,19,28,63,-0.008474576271186307,0,230575.64934454634
2009-03-19,43.7,41.55,2009-04-15,2009-05-20,0.8947368421052632,0.10526315789473684,17,19,27,62,0.06685990338164238,0,245991.91498188215
2009-03-20,47.05,44.45,2009-04-15,2009-05-20,0.8421052631578947,0.1578947368421053,16,19,26,61,0.0759685230024214,0,264679.55743359297
2009-03-23,43.35,41.75,2009-04-15,2009-05-20,0.7894736842105263,0.21052631578947367,15,19,23,58,-0.07594651018450582,0,244578.0687293321
2009-03-24,44.0,42.25,2009-04-15,2009-05-20,0.7368421052631579,0.26315789473684215,14,19,22,57,0.014377485469562412,0,248094.4863586617
2009-03-25,42.75,41.45,2009-04-15,2009-05-20,0.6842105263157895,0.3157894736842105,13,19,21,56,-0.025989724992444785,0,241646.57888605824
2009-03-26,41.45,40.45,2009-04-15,2009-05-20,0.631578947368421,0.368421052631579,12,19,20,55,-0.028466654235813182,0,234767.70927764164
2009-03-27,42.95,41.6,2009-04-15,2009-05-20,0.5789473684210527,0.42105263157894735,11,19,19,54,0.03337390301710319,0,242602.8240386211
2009-03-30,46.35,44.05,2009-04-15,2009-05-20,0.5263157894736842,0.4736842105263158,10,19,16,51,0.07078547035082261,0,259775.57904663275
2009-03-31,45.05,43.95,2009-04-15,2009-05-20,0.47368421052631576,0.5263157894736843,9,19,15,50,-0.016163730449444746,0,255576.63660957455
2009-04-01,43.65,43.25,2009-04-15,2009-05-20,0.42105263157894735,0.5789473684210527,8,19,14,49,-0.023196638854370177,0,249648.11767052763
2009-04-02,42.95,42.5,2009-04-15,2009-05-20,0.3684210526315789,0.631578947368421,7,19,13,48,-0.016788896296745293,0,245456.80131227948
2009-04-03,41.7,41.8,2009-04-15,2009-05-20,0.3157894736842105,0.6842105263157895,6,19,12,47,-0.02115586257941182,0,240263.95095453493
2009-04-06,41.95,42.15,2009-04-15,2009-05-20,0.2631578947368421,0.736842105263158,5,19,9,44,0.007623487903225756,0,242095.60027821807
2009-04-07,41.65,42.45,2009-04-15,2009-05-20,0.21052631578947367,0.7894736842105263,4,19,8,43,0.003375632931174488,0,242912.82615900965
2009-04-08,40.6,41.55,2009-04-15,2009-05-20,0.15789473684210525,0.8421052631578947,3,19,7,42,-0.02203273791000171,0,237560.79152527038
2009-04-09,38.3,39.9,2009-04-15,2009-05-20,0.10526315789473684,0.8947368421052632,2,19,6,41,-0.04233409610983996,0,227503.87014490995
2009-04-13,37.05,39.7,2009-04-15,2009-05-20,0.05263157894736842,0.9473684210526316,1,19,2,37,-0.007815604715856184,0,225725.78982452987
2009-04-14,37.85,39.6,2009-04-15,2009-05-20,0.0,1.0,0,19,1,36,-0.0013304064391671533,0,225425.48278026123
2009-04-15,38.8,38.8,2009-05-20,2009-06-17,0.96,0.040000000000000036,24,25,35,63,-0.020202020202020332,0,220871.4326230842
2009-04-16,37.35,37.5,2009-05-20,2009-06-17,0.92,0.07999999999999996,23,25,34,62,-0.037216494845360715,0,212651.37208937976
2009-04-17,36.6,36.65,2009-05-20,2009-06-17,0.88,0.12,22,25,33,61,-0.020287993148118466,0,208337.10250949246
2009-04-20,39.5,38.95,2009-05-20,2009-06-17,0.84,0.16000000000000003,21,25,30,58,0.07725509479320336,0,224432.20511280463
2009-04-21,37.9,37.65,2009-05-20,2009-06-17,0.8,0.19999999999999996,20,25,29,57,-0.03937886937988433,0,215594.31862302806
2009-04-22,38.45,38.05,2009-05-20,2009-06-17,0.76,0.24,19,25,28,56,0.013738441215323638,0,218556.24849578828
2009-04-23,37.8,37.4,2009-05-20,2009-06-17,0.72,0.28,18,25,27,55,-0.0169473848881474,0,214852.29163282056
2009-04-24,37.8,37.65,2009-05-20,2009-06-17,0.68,0.31999999999999995,17,25,26,54,0.00185735512629992,0,215251.34863808204
2009-04-27,38.75,38.45,2009-05-20,2009-06-17,0.64,0.36,16,25,23,51,0.02389277389277389,0,220394.30044120637
2009-04-28,38.2,38.15,2009-05-20,2009-06-17,0.6,0.4,15,25,22,50,-0.011904145748149686,0,217770.69456669275
2009-04-29,36.45,36.7,2009-05-20,2009-06-17,0.56,0.43999999999999995,14,25,21,49,-0.0426925091671031,0,208473.51719257783
2009-04-30,36.95,37.0,2009-05-20,2009-06-17,0.52,0.48,13,25,20,48,0.011269146608315017,0,210822.83582177208
2009-05-01,36.35,36.55,2009-05-20,2009-06-17,0.48,0.52,12,25,19,47,-0.014280305079245048,0,207812.2214085656
2009-05-04,34.8,34.75,2009-05-20,2009-06-17,0.44,0.56,11,25,16,44,-0.04608547758819337,0,198235.09593628845
2009-05-05,34.6,34.8,2009-05-20,2009-06-17,0.4,0.6,10,25,15,43,-0.0017255262855169207,0,197893.0360675384
2009-05-06,33.05,33.8,2009-05-20,2009-06-17,0.36,0.64,9,25,14,42,-0.03513824884792627,0,190939.4213209256
2009-05-07,33.7,34.15,2009-05-20,2009-06-17,0.32,0.6799999999999999,8,25,13,41,0.013659409484044316,0,193547.5410633946
2009-05-08,32.2,32.8,2009-05-20,2009-06-17,0.28,0.72,7,25,12,40,-0.041110392283714714,0,185590.7257247301
2009-05-11,32.45,33.0,2009-05-20,2009-06-17,0.24,0.76,6,25,9,37,0.006557979897033661,0,186807.82597310873
2009-05-12,31.95,32.85,2009-05-20,2009-06-17,0.2,0.8,5,25,8,36,-0.007119386637458924,0,185477.86883310304
2009-05-13,33.4,33.85,2009-05-20,2009-06-17,0.16,0.84,4,25,7,35,0.03336394245485175,0,191666.14177549924
2009-05-14,31.6,32.5,2009-05-20,2009-06-17,0.12,0.88,3,25,6,34,-0.04209840724732061,0,183597.3024835116
2009-05-15,33.15,33.2,2009-05-20,2009-06-17,0.08,0.92,2,25,5,33,0.024759199802420362,0,188143.02477888626
2009-05-18,29.85,30.85,2009-05-20,2009-06-17,0.04,0.96,1,25,2,30,-0.0730810941077239,0,174393.32667930864
2009-05-19,28.5,30.4,2009-05-20,2009-06-17,0.0,1.0,0,25,1,29,-0.015774099318403123,0,171642.42902380248
2009-05-20,30.5,31.4,2009-06-17,2009-07-22,0.9473684210526315,0.052631578947368474,18,19,28,63,0.00328947368421062,0,172207.0422771703
2009-05-21,32.2,32.85,2009-06-17,2009-07-22,0.8947368421052632,0.10526315789473684,17,19,27,62,0.05522053756030343,0,181716.40772338552
2009-05-22,32.75,33.05,2009-06-17,2009-07-22,0.8421052631578947,0.1578947368421053,16,19,26,61,0.015902789104550674,0,184606.20543224705
2009-05-26,31.15,32.0,2009-06-17,2009-07-22,0.7894736842105263,0.21052631578947367,15,19,22,57,-0.046136564230121135,0,176089.10937804324
2009-05-27,32.1,32.9,2009-06-17,2009-07-22,0.7368421052631579,0.26315789473684215,14,19,21,56,0.02998740025199509,0,181369.56398098
2009-05-28,31.55,32.4,2009-06-17,2009-07-22,0.6842105263157895,0.3157894736842105,13,19,20,55,-0.016615083889884308,0,178356.09346036427
2009-05-29,30.35,31.5,2009-06-17,2009-07-22,0.631578947368421,0.368421052631579,12,19,19,54,-0.034736580927962835,0,172160.61258588303
2009-06-01,29.6,30.75,2009-06-17,2009-07-22,0.5789473684210527,0.42105263157894735,11,19,16,51,-0.024371472550025697,0,167964.80494205057
2009-06-02,29.6,31.0,2009-06-17,2009-07-22,0.5263157894736842,0.4736842105263158,10,19,15,50,0.0034989503149054357,0,168552.5054491956
2009-06-03,31.15,32.65,2009-06-17,2009-07-22,0.47368421052631576,0.5263157894736843,9,19,14,49,0.05278260869565199,0,177449.14638899226
2009-06-04,30.8,32.25,2009-06-17,2009-07-22,0.42105263157894735,0.5789473684210527,8,19,13,48,-0.011782153744747337,0,175358.41326436296
2009-06-05,30.55,32.2,2009-06-17,2009-07-22,0.3684210526315789,0.631578947368421,7,19,12,47,-0.004241869749646576,0,174614.56571579084
2009-06-08,30.25,32.0,2009-06-17,2009-07-22,0.3157894736842105,0.6842105263157895,6,19,9,44,-0.007496876301541278,0,173305.5019161722
2009-06-09,29.1,30.95,2009-06-17,2009-07-22,0.2631578947368421,0.736842105263158,5,19,8,43,-0.0343933054393305,0,167344.9528544528
2009-06-10,29.1,31.2,2009-06-17,2009-07-22,0.21052631578947367,0.7894736842105263,4,19,7,42,0.006046993780234988,0,168356.88674351742
2009-06-11,28.1,30.6,2009-06-17,2009-07-22,0.15789473684210525,0.8421052631578947,3,19,6,41,-0.022245037645448273,0,164611.7814600374
2009-06-12,28.35,29.95,2009-06-17,2009-07-22,0.10526315789473684,0.8947368421052632,2,19,5,40,-0.01681477609339599,0,161843.87121245184
2009-06-15,30.2,31.35,2009-06-17,2009-07-22,0.05263157894736842,0.9473684210526316,1,19,2,37,0.04859945215163042,0,169709.39468747601
2009-06-16,31.85,32.4,2009-06-17,2009-07-22,0.0,1.0,0,19,1,36,0.034566862910008433,0,175575.7160681785
2009-06-17,32.65,32.1,2009-07-22,2009-08-19,0.9583333333333334,0.04166666666666663,23,24,35,63,0.007716049382715973,0,176930.4669637663
2009-06-18,32.4,31.85,2009-07-22,2009-08-19,0.9166666666666666,0.08333333333333337,22,24,34,62,-0.00766234595491988,0,175574.76451592438
2009-06-19,31.35,31.55,2009-07-22,2009-08-19,0.875,0.125,21,24,33,61,-0.030521571152607785,0,170215.94684814924
2009-06-22,32.75,32.55,2009-07-22,2009-08-19,0.8333333333333334,0.16666666666666663,20,24,30,58,0.04302788844621497,0,177539.97962089826
2009-06-23,32.05,32.15,2009-07-22,2009-08-19,0.7916666666666666,0.20833333333333337,19,24,29,57,-0.019867549668874385,0,174012.6952575691
2009-06-24,30.6,31.35,2009-07-22,2009-08-19,0.75,0.25,18,24,28,56,-0.0409899961023773,0,166879.91555719718
2009-06-25,29.1,30.25,2009-07-22,2009-08-19,0.7083333333333334,0.29166666666666663,17,24,27,55,-0.04547300040600888,0,159291.38508931003
2009-06-26,28.55,29.85,2009-07-22,2009-08-19,0.6666666666666666,0.33333333333333337,16,24,26,54,-0.017198669403354905,0,156551.7852183565
2009-06-29,27.45,28.95,2009-07-22,2009-08-19,0.625,0.375,15,24,23,51,-0.0356526739505465,0,150970.29546359048
2009-06-30,28.05,29.25,2009-07-22,2009-08-19,0.5833333333333334,0.41666666666666663,14,24,22,50,0.01740294511378848,0,153597.62322935576
2009-07-01,27.65,29.2,2009-07-22,2009-08-19,0.5416666666666666,0.45833333333333337,13,24,21,49,-0.008902510215995196,0,152230.21881940385
2009-07-02,29.3,30.65,2009-07-22,2009-08-19,0.5,0.5,12,24,20,48,0.054947476676706186,0,160594.8852174729
2009-07-06,29.0,30.4,2009-07-22,2009-08-19,0.4583333333333333,0.5416666666666667,11,24,16,44,-0.00917431192660556,0,159121.53764667042
2009-07-07,30.25,31.45,2009-07-22,2009-08-19,0.4166666666666667,0.5833333333333333,10,24,15,43,0.03836460375245032,0,165226.17238696554
2009-07-08,30.8,31.8,2009-07-22,2009-08-19,0.375,0.625,9,24,14,42,0.014001077005923568,0,167539.51674994946
2009-07-09,29.75,31.75,2009-07-22,2009-08-19,0.3333333333333333,0.6666666666666667,8,24,13,41,-0.013524264120922891,0,165273.66807473134
2009-07-10,29.8,31.95,2009-07-22,2009-08-19,0.2916666666666667,0.7083333333333333,7,24,12,40,0.004825737265415464,0,166071.2353737515
2009-07-13,27.55,30.8,2009-07-22,2009-08-19,0.25,0.75,6,24,9,37,-0.04695710009976717,0,158273.01175061424
2009-07-14,27.0,30.25,2009-07-22,2009-08-19,0.20833333333333334,0.7916666666666666,5,24,8,36,-0.018340975406419324,0,155370.1303345963
2009-07-15,26.45,29.25,2009-07-22,2009-08-19,0.16666666666666666,0.8333333333333334,4,24,7,35,-0.030644593166607836,0,150608.87590024975
2009-07-16,25.9,28.95,2009-07-22,2009-08-19,0.125,0.875,3,24,6,34,-0.011870295309785672,0,148821.10406703895
2009-07-17,25.6,29.0,2009-07-22,2009-08-19,0.08333333333333333,0.9166666666666666,2,24,5,33,0.00021877050973517775,0,148853.66173583505
2009-07-20,24.55,28.4,2009-07-22,2009-08-19,0.041666666666666664,0.9583333333333334,1,24,2,30,-0.02219965177016825,0,145549.1622805851
2009-07-21,24.05,27.85,2009-07-22,2009-08-19,0.0,1.0,0,24,1,29,-0.019402434526004986,0,142725.15418912118
2009-07-22,27.2,29.2,2009-08-19,2009-09-16,0.95,0.050000000000000044,19,20,28,56,-0.02333931777378817,0,139394.04646118835
2009-07-23,26.25,28.45,2009-08-19,2009-09-16,0.9,0.09999999999999998,18,20,27,55,-0.03443223443223453,0,134594.39797497893
2009-07-24,26.0,28.55,2009-08-19,2009-09-16,0.85,0.15000000000000002,17,20,26,54,-0.008122402720060262,0,133501.16807076207
2009-07-27,26.35,28.95,2009-08-19,2009-09-16,0.8,0.19999999999999996,16,20,23,51,0.013550649104520085,0,135310.19555433252
2009-07-28,27.3,29.85,2009-08-19,2009-09-16,0.75,0.25,15,20,22,50,0.03498325269817637,0,140043.7863180494
2009-07-29,27.65,30.05,2009-08-19,2009-09-16,0.7,0.30000000000000004,14,20,21,49,0.01118568232662187,0,141610.2716236204
2009-07-30,27.05,29.3,2009-08-19,2009-09-16,0.65,0.35,13,20,20,48,-0.022735283750440427,0,138390.72191628045
2009-07-31,27.25,29.7,2009-08-19,2009-09-16,0.6,0.4,12,20,19,47,0.009699146834306394,0,139732.9938486521
2009-08-03,26.45,29.1,2009-08-19,2009-09-16,0.55,0.44999999999999996,11,20,16,44,-0.025504782146652416,0,136169.1342818427
2009-08-04,26.3,28.85,2009-08-19,2009-09-16,0.5,0.5,10,20,15,43,-0.007054354707424992,0,135208.5489084156
2009-08-05,26.05,28.85,2009-08-19,2009-09-16,0.45,0.55,9,20,14,42,-0.004533091568449721,0,134595.63617537657
2009-08-06,26.6,28.95,2009-08-19,2009-09-16,0.4,0.6,8,20,13,41,0.010964117433852838,0,136071.3585364875
2009-08-07,25.65,28.05,2009-08-19,2009-09-16,0.35,0.65,7,20,12,40,-0.032845412352731196,0,131602.03865596026
2009-08-10,25.6,28.1,2009-08-19,2009-09-16,0.3,0.7,6,20,9,37,0.0005512679162071876,0,131674.58663757873
2009-08-11,26.2,28.6,2009-08-19,2009-09-16,0.25,0.75,5,20,8,36,0.019378427787934305,0,134226.23310624115
2009-08-12,25.55,28.35,2009-08-19,2009-09-16,0.2,0.8,4,20,7,35,-0.012500000000000067,0,132548.40519241313
2009-08-13,25.05,27.8,2009-08-19,2009-09-16,0.15,0.85,3,20,6,34,-0.01943145016192871,0,129972.79746287363
2009-08-14,25.2,28.3,2009-08-19,2009-09-16,0.1,0.9,2,20,5,33,0.01633957097215899,0,132096.4972114683
2009-08-17,27.6,29.9,2009-08-19,2009-09-16,0.05,0.95,1,20,2,30,0.060021436227224,0,140025.11869468613
2009-08-18,26.35,29.25,2009-08-19,2009-09-16,0.0,1.0,0,20,1,29,-0.022830283699848963,0,136828.30550978144
2009-08-19,28.35,30.55,2009-09-16,2009-10-21,0.9473684210526315,0.052631578947368474,18,19,28,63,-0.03076923076923077,0,132618.20380178816
2009-08-20,27.8,30.1,2009-09-16,2009-10-21,0.8947368421052632,0.10526315789473684,17,19,27,62,-0.019136544328372085,0,130080.34966598614
2009-08-21,27.35,30.0,2009-09-16,2009-10-21,0.8421052631578947,0.1578947368421053,16,19,26,61,-0.014733483483483467,0,128163.81298265657
2009-08-24,27.4,29.9,2009-09-16,2009-10-21,0.7894736842105263,0.21052631578947367,15,19,23,58,0.0009476876421530278,0,128285.27224439145
2009-08-25,27.75,30.05,2009-09-16,2009-10-21,0.7368421052631579,0.26315789473684215,14,19,22,57,0.011025254428948417,0,129699.65001037277
2009-08-26,28.3,30.4,2009-09-16,2009-10-21,0.6842105263157895,0.3157894736842105,13,19,21,56,0.0175406032482599,0,131974.6601126429
2009-08-27,27.8,30.25,2009-09-16,2009-10-21,0.631578947368421,0.368421052631579,12,19,20,55,-0.01344721061239329,0,130199.96906260916
2009-08-28,28.1,30.5,2009-09-16,2009-10-21,0.5789473684210527,0.42105263157894735,11,19,19,54,0.009810213624278141,0,131477.25857298775
2009-08-31,28.5,30.95,2009-09-16,2009-10-21,0.5263157894736842,0.4736842105263158,10,19,16,51,0.01446393057313311,0,133378.93651293332
2009-09-01,30.05,32.25,2009-09-16,2009-10-21,0.47368421052631576,0.5263157894736843,9,19,15,50,0.04826546003016596,0,139816.53224206434
2009-09-02,30.5,32.65,2009-09-16,2009-10-21,0.42105263157894735,0.5789473684210527,8,19,14,49,0.013576186862298556,0,141714.7076102212
2009-09-03,28.95,31.25,2009-09-16,2009-10-21,0.3684210526315789,0.631578947368421,7,19,13,48,-0.04609135372627038,0,135182.88489354352
2009-09-04,27.6,30.45,2009-09-16,2009-10-21,0.3157894736842105,0.6842105263157895,6,19,12,47,-0.03297844715658271,0,130724.76326760738
2009-09-08,26.7,29.45,2009-09-16,2009-10-21,0.2631578947368421,0.736842105263158,5,19,8,43,-0.03277228604506188,0,126440.61393262836
2009-09-09,25.95,28.6,2009-09-16,2009-10-21,0.21052631578947367,0.7894736842105263,4,19,7,42,-0.028673506779040014,0,122815.11813188514
2009-09-10,24.45,27.35,2009-09-16,2009-10-21,0.15789473684210525,0.8421052631578947,3,19,6,41,-0.04645270270270263,0,117110.0239619074
2009-09-11,24.75,27.7,2009-09-16,2009-10-21,0.10526315789473684,0.8947368421052632,2,19,5,40,0.012721401311282854,0,118599.82757430077
2009-09-14,23.85,27.05,2009-09-16,2009-10-21,0.05263157894736842,0.9473684210526316,1,19,2,37,-0.024692544196771693,0,115671.29609019285
2009-09-15,23.5,27.15,2009-09-16,2009-10-21,0.0,1.0,0,19,1,36,0.002838962310327764,0,115999.68254017967
2009-09-16,25.95,27.65,2009-10-21,2009-11-18,0.96,0.040000000000000036,24,25,35,63,-0.04419889502762431,0,110872.62474834853
2009-09-17,26.1,27.75,2009-10-21,2009-11-18,0.92,0.07999999999999996,23,25,34,62,0.005688369590283626,0,111503.30921536198
2009-09-18,26.75,28.35,2009-10-21,2009-11-18,0.88,0.12,22,25,33,61,0.024626410491003226,0,114249.23547920474
2009-09-21,26.7,28.4,2009-10-21,2009-11-18,0.84,0.16000000000000003,21,25,30,58,-0.0014104372355430161,0,114088.09410335255
2009-09-22,26.1,28.05,2009-10-21,2009-11-18,0.8,0.19999999999999996,20,25,29,57,-0.02076227198576297,0,111719.36606324142
2009-09-23,26.35,28.15,2009-10-21,2009-11-18,0.76,0.24,19,25,28,56,0.008305020762551907,0,112647.19771797578
2009-09-24,26.9,28.5,2009-10-21,2009-11-18,0.72,0.28,18,25,27,55,0.01874393249197226,0,114758.64918741137
2009-09-25,27.0,28.55,2009-10-21,2009-11-18,0.68,0.31999999999999995,17,25,26,54,0.0031446540880502027,0,115119.52544271768
2009-09-28,25.85,27.95,2009-10-21,2009-11-18,0.64,0.36,16,25,23,51,-0.03542333430317135,0,111041.60800813785
2009-09-29,25.9,27.85,2009-10-21,2009-11-18,0.6,0.4,15,25,22,50,-0.00015034202811403663,0,111024.91378758485
2009-09-30,26.3,27.95,2009-10-21,2009-11-18,0.56,0.43999999999999995,14,25,21,49,0.010494752623688264,0,112190.09279285188
2009-10-01,27.8,28.75,2009-10-21,2009-11-18,0.52,0.48,13,25,20,48,0.0441056760156886,0,117138.31267774344
2009-10-02,27.85,28.8,2009-10-21,2009-11-18,0.48,0.52,12,25,19,47,0.0017695356738391954,0,117345.59310080003
2009-10-05,26.8,27.95,2009-10-21,2009-11-18,0.44,0.56,11,25,16,44,-0.03337567033587363,0,113429.10527010018
2009-10-06,26.0,27.45,2009-10-21,2009-11-18,0.4,0.6,10,25,15,43,-0.023028713015595392,0,110816.97895721927
2009-10-07,25.4,27.35,2009-10-21,2009-11-18,0.36,0.64,9,25,14,42,-0.011164867882396567,0,109579.72202803558
2009-10-08,25.05,27.05,2009-10-21,2009-11-18,0.32,0.6799999999999999,8,25,13,41,-0.011933353347343023,0,108272.0684853714
2009-10-09,24.55,26.5,2009-10-21,2009-11-18,0.28,0.72,7,25,12,40,-0.020219613782657908,0,106082.84907714771
2009-10-12,24.05,25.75,2009-10-21,2009-11-18,0.24,0.76,6,25,9,37,-0.026200200354473235,0,103303.4571771531
2009-10-13,23.55,25.6,2009-10-21,2009-11-18,0.2,0.8,5,25,8,36,-0.009233683213637267,0,102349.58577870572
2009-10-14,23.25,25.4,2009-10-21,2009-11-18,0.16,0.84,4,25,7,35,-0.008733624454148714,0,101455.70293347683
2009-10-15,22.35,24.9,2009-10-21,2009-11-18,0.12,0.88,3,25,6,34,-0.022509578544061326,0,99171.97781955278
2009-10-16,22.35,25.3,2009-10-21,2009-11-18,0.08,0.92,2,25,5,33,0.01431243392697401,0,100591.37019950246
2009-10-19,21.4,24.65,2009-10-21,2009-11-18,0.04,0.96,1,25,2,30,-0.02689115863389735,0,97886.35170626655
2009-10-20,21.1,24.55,2009-10-21,2009-11-18,0.0,1.0,0,25,1,29,-0.00440456769983677,0,97455.20464328627
2009-10-21,24.55,25.65,2009-11-18,2009-12-16,0.95,0.050000000000000044,19,20,28,56,0.0,0,97455.20464328627
2009-10-22,23.65,25.1,2009-11-18,2009-12-16,0.9,0.09999999999999998,18,20,27,55,-0.03586669376143059,0,93959.80866288797
2009-10-23,24.05,25.45,2009-11-18,2009-12-16,0.85,0.15000000000000002,17,20,26,54,0.01660012607690664,0,95519.55333285393
2009-10-26,24.55,25.95,2009-11-18,2009-12-16,0.8,0.19999999999999996,16,20,23,51,0.020610057708161822,0,97488.2168393019
2009-10-27,24.65,25.85,2009-11-18,2009-12-16,0.75,0.25,15,20,22,50,0.002416431735803304,0,97723.79046033927
2009-10-28,26.65,26.9,2009-11-18,2009-12-16,0.7,0.30000000000000004,14,20,21,49,0.07064128256513036,0,104627.12435558368
2009-10-29,25.05,25.8,2009-11-18,2009-12-16,0.65,0.35,13,20,20,48,-0.05425631431244138,0,98950.44221094024
2009-10-30,27.85,27.7,2009-11-18,2009-12-16,0.6,0.4,12,20,19,47,0.09817283950617273,0,108664.68809317969
2009-11-02,28.0,28.1,2009-11-18,2009-12-16,0.55,0.44999999999999996,11,20,16,44,0.008996041741633709,0,109642.24016310753
2009-11-03,28.1,28.3,2009-11-18,2009-12-16,0.5,0.5,10,20,15,43,0.0051702620788018905,0,110209.11927965772
2009-11-04,27.6,28.05,2009-11-18,2009-12-16,0.45,0.55,9,20,14,42,-0.013297872340425565,0,108743.5724807261
2009-11-05,25.9,27.25,2009-11-18,2009-12-16,0.4,0.6,8,20,13,41,-0.04327138881407688,0,104038.08707488085
2009-11-06,25.1,26.4,2009-11-18,2009-12-16,0.35,0.65,7,20,12,40,-0.031074503931111885,0,100805.1551290871
2009-11-09,23.5,24.9,2009-11-18,2009-12-16,0.3,0.7,6,20,9,37,-0.059163615340142806,0,94841.15770672637
2009-11-10,23.5,25.1,2009-11-18,2009-12-16,0.25,0.75,5,20,8,36,0.005718954248366215,0,95383.54994851322
2009-11-11,23.65,25.15,2009-11-18,2009-12-16,0.2,0.8,4,20,7,35,0.0030364372469633416,0,95673.17611232447
2009-11-12,24.8,26.25,2009-11-18,2009-12-16,0.15,0.85,3,20,6,34,0.04466800804828974,0,99946.70631291521
2009-11-13,24.25,25.85,2009-11-18,2009-12-16,0.1,0.9,2,20,5,33,-0.01622971285892627,0,98324.59996826116
2009-11-16,23.4,25.45,2009-11-18,2009-12-16,0.05,0.95,1,20,2,30,-0.017321915142078592,0,96621.42959123212
2009-11-17,22.55,25.35,2009-11-18,2009-12-16,0.0,1.0,0,20,1,29,-0.005424598086596122,0,96097.29716914735
2009-11-18,24.4,26.85,2009-12-16,2010-01-20,0.9473684210526315,0.052631578947368474,18,19,28,63,-0.03747534516765294,0,92496.01778805503
2009-11-19,24.7,27.25,2009-12-16,2010-01-20,0.8947368421052632,0.10526315789473684,17,19,27,62,0.012445016629117012,0,93647.13226755448
2009-11-20,24.2,27.0,2009-12-16,2010-01-20,0.8421052631578947,0.1578947368421053,16,19,26,61,-0.018971332209106184,0,91870.5214108766
2009-11-23,22.85,26.4,2009-12-16,2010-01-20,0.7894736842105263,0.21052631578947367,15,19,23,58,-0.049978641606151175,0,87278.95754711215
2009-11-24,22.7,26.05,2009-12-16,2010-01-20,0.7368421052631579,0.26315789473684215,14,19,22,57,-0.008140961302553817,0,86568.42293119388
2009-11-25,22.35,25.8,2009-12-16,2010-01-20,0.6842105263157895,0.3157894736842105,13,19,21,56,-0.013726146635420045,0,85380.17206404325
2009-11-27,24.05,27.15,2009-12-16,2010-01-20,0.631578947368421,0.368421052631579,12,19,19,54,0.06781183338946883,0,91169.95806681433
2009-11-30,24.1,27.15,2009-12-16,2010-01-20,0.5789473684210527,0.42105263157894735,11,19,16,51,0.0012535255405827783,0,91284.24193778494
2009-12-01,23.05,26.3,2009-12-16,2010-01-20,0.5263157894736842,0.4736842105263158,10,19,15,50,-0.03804685880157577,0,87811.16327396916
2009-12-02,22.65,26.2,2009-12-16,2010-01-20,0.47368421052631576,0.5263157894736843,9,19,14,49,-0.010488013698630283,0,86890.1985906591
2009-12-03,23.25,26.65,2009-12-16,2010-01-20,0.42105263157894735,0.5789473684210527,8,19,13,48,0.021251475796930208,0,88736.74354299896
2009-12-04,22.6,26.15,2009-12-16,2010-01-20,0.3684210526315789,0.631578947368421,7,19,12,47,-0.02233121152040063,0,86755.1445533087
2009-12-07,22.5,26.05,2009-12-16,2010-01-20,0.3157894736842105,0.6842105263157895,6,19,9,44,-0.0040254237288133154,0,86405.91833582718
2009-12-08,23.5,26.55,2009-12-16,2010-01-20,0.2631578947368421,0.736842105263158,5,19,8,43,0.026390794890742253,0,88686.23920397423
2009-12-09,23.05,26.45,2009-12-16,2010-01-20,0.21052631578947367,0.7894736842105263,4,19,7,42,-0.007461161079313272,0,88024.53688775486
2009-12-10,22.5,26.1,2009-12-16,2010-01-20,0.15789473684210525,0.8421052631578947,3,19,6,41,-0.015236731772164669,0,86683.33062982712
2009-12-11,22.1,26.0,2009-12-16,2010-01-20,0.10526315789473684,0.8947368421052632,2,19,5,40,-0.005772005772005984,0,86182.99394509506
2009-12-14,21.1,25.55,2009-12-16,2010-01-20,0.05263157894736842,0.9473684210526316,1,19,2,37,-0.019847799259564036,0,84472.45118168459
2009-12-15,21.35,25.25,2009-12-16,2010-01-20,0.0,1.0,0,19,1,36,-0.010706860706860666,0,83568.0164133152
2009-12-16,24.1,26.5,2010-01-20,2010-02-17,0.9545454545454546,0.045454545454545414,21,22,35,63,-0.045544554455445474,0,79761.94833904541
2009-12-17,24.45,26.75,2010-01-20,2010-02-17,0.9090909090909091,0.09090909090909094,20,22,34,62,0.014269620728501575,0,80900.12109040993
2009-12-18,24.1,26.4,2010-01-20,2010-02-17,0.8636363636363636,0.13636363636363635,19,22,33,61,-0.014193548387096633,0,79751.86130719121
2009-12-21,23.25,25.65,2010-01-20,2010-02-17,0.8181818181818182,0.18181818181818177,18,22,30,58,-0.03425805250418934,0,77019.71785522264
2009-12-22,22.65,25.1,2010-01-20,2010-02-17,0.7727272727272727,0.2272727272727273,17,22,29,57,-0.02494722701976604,0,75098.28946889007
2009-12-23,22.45,24.9,2010-01-20,2010-02-17,0.7272727272727273,0.2727272727272727,16,22,28,56,-0.008618156889628636,0,74451.08062810442
2009-12-24,22.1,24.75,2010-01-20,2010-02-17,0.6818181818181818,0.31818181818181823,15,22,27,55,-0.012780180888714021,0,73499.58235031701
2009-12-28,21.85,24.65,2010-01-20,2010-02-17,0.6363636363636364,0.36363636363636365,14,22,23,51,-0.008816245666171452,0,72851.59197595563
2009-12-29,22.0,24.75,2010-01-20,2010-02-17,0.5909090909090909,0.40909090909090906,13,22,22,50,0.005764261578215191,0,73271.52760849443
2009-12-30,22.4,25.05,2010-01-20,2010-02-17,0.5454545454545454,0.4545454545454546,12,22,21,49,0.01552825552825543,0,74409.30661214475
2009-12-31,22.95,25.8,2010-01-20,2010-02-17,0.5,0.5,11,22,20,48,0.027151935297515806,0,76429.66329081073
2010-01-04,22.1,24.85,2010-01-20,2010-02-17,0.45454545454545453,0.5454545454545454,10,22,16,44,-0.036923076923076836,0,73607.64495391925
2010-01-05,21.55,24.45,2010-01-20,2010-02-17,0.4090909090909091,0.5909090909090908,9,22,15,43,-0.019838212634822994,0,72147.40084177486
2010-01-06,20.8,23.55,2010-01-20,2010-02-17,0.36363636363636365,0.6363636363636364,8,22,14,42,-0.03604923798358739,0,69546.54201893245
2010-01-07,20.45,23.15,2010-01-20,2010-02-17,0.3181818181818182,0.6818181818181819,7,22,13,41,-0.016932070147147815,0,68368.97509097631
2010-01-08,19.9,22.55,2010-01-20,2010-02-17,0.2727272727272727,0.7272727272727273,6,22,12,40,-0.026203099510603622,0,66577.49603322947
2010-01-11,19.5,22.25,2010-01-20,2010-02-17,0.22727272727272727,0.7727272727272727,5,22,9,37,-0.014993752603082111,0,65579.24952877456
2010-01-12,20.25,22.8,2010-01-20,2010-02-17,0.18181818181818182,0.8181818181818181,4,22,8,36,0.02753547031003678,0,67385.00500712862
2010-01-13,19.4,22.5,2010-01-20,2010-02-17,0.13636363636363635,0.8636363636363636,3,22,7,35,-0.017908017908017992,0,66178.27313072908
2010-01-14,18.95,22.0,2010-01-20,2010-02-17,0.09090909090909091,0.9090909090909091,2,22,6,34,-0.022338892320362347,0,64699.9238133142
2010-01-15,19.65,22.55,2010-01-20,2010-02-17,0.045454545454545456,0.9545454545454546,1,22,5,33,0.02594685080560777,0,66378.68308363245
2010-01-19,17.85,21.55,2010-01-20,2010-02-17,0.0,1.0,0,22,1,29,-0.04622871046228716,0,63310.082162491286
2010-01-20,21.4,22.85,2010-02-17,2010-03-17,0.9473684210526315,0.052631578947368474,18,19,28,56,-0.006960556844547661,0,62869.40873676629
2010-01-21,22.65,24.1,2010-02-17,2010-03-17,0.8947368421052632,0.10526315789473684,17,19,27,55,0.058203651513295096,0,66528.63789372794
2010-01-22,24.75,25.15,2010-02-17,2010-03-17,0.8421052631578947,0.1578947368421053,16,19,26,54,0.08724754760530873,0,72333.09839547731
2010-01-25,24.35,24.95,2010-02-17,2010-03-17,0.7894736842105263,0.21052631578947367,15,19,23,51,-0.014847809948032697,0,71259.11029754892
2010-01-26,24.55,25.3,2010-02-17,2010-03-17,0.7368421052631579,0.26315789473684215,14,19,22,50,0.009461348242124412,0,71933.31755549798
2010-01-27,23.75,24.7,2010-02-17,2010-03-17,0.6842105263157895,0.3157894736842105,13,19,21,49,-0.030199914929817107,0,69760.93748470243
2010-01-28,24.0,24.9,2010-02-17,2010-03-17,0.631578947368421,0.368421052631579,12,19,20,48,0.009738483422694122,0,70440.30321794881
2010-01-29,24.65,25.35,2010-02-17,2010-03-17,0.5789473684210527,0.42105263157894735,11,19,19,47,0.023685918234912506,0,72108.74648041159
2010-02-01,23.05,24.25,2010-02-17,2010-03-17,0.5263157894736842,0.4736842105263158,10,19,16,44,-0.05570207827829954,0,68092.13943940964
2010-02-02,22.1,23.45,2010-02-17,2010-03-17,0.47368421052631576,0.5263157894736843,9,19,15,43,-0.037214484679665816,0,65558.12555943607
2010-02-03,22.15,23.55,2010-02-17,2010-03-17,0.42105263157894735,0.5789473684210527,8,19,14,42,0.003345639132441125,0,65777.4593897572
2010-02-04,25.6,25.65,2010-02-17,2010-03-17,0.3684210526315789,0.631578947368421,7,19,13,41,0.11621776504297987,0,73421.96871024017
2010-02-05,26.1,25.85,2010-02-17,2010-03-17,0.3157894736842105,0.6842105263157895,6,19,12,40,0.012114989733059911,0,74311.47510734577
2010-02-08,26.4,26.2,2010-02-17,2010-03-17,0.2631578947368421,0.736842105263158,5,19,9,37,0.01288947528671458,0,75269.31102926121
2010-02-09,25.55,25.65,2010-02-17,2010-03-17,0.21052631578947367,0.7894736842105263,4,19,8,36,-0.023957497995188426,0,73466.04666117848
2010-02-10,25.5,25.55,2010-02-17,2010-03-17,0.15789473684210525,0.8421052631578947,3,19,7,35,-0.003491118184618447,0,73209.5680097276
2010-02-11,24.45,24.95,2010-02-17,2010-03-17,0.10526315789473684,0.8947368421052632,2,19,6,34,-0.026272408819287052,0,71286.17630949264
2010-02-12,24.45,24.9,2010-02-17,2010-03-17,0.05263157894736842,0.9473684210526316,1,19,5,33,-0.0017968502272488474,0,71158.08572739123
2010-02-16,22.6,23.6,2010-02-17,2010-03-17,0.0,1.0,0,19,1,29,-0.053422194012482715,0,67356.66466610566
2010-02-17,22.75,24.7,2010-03-17,2010-04-21,0.95,0.050000000000000044,19,20,28,63,-0.03601694915254239,0,64930.683099741684
2010-02-18,21.8,24.1,2010-03-17,2010-04-21,0.9,0.09999999999999998,18,20,27,62,-0.04081409344567233,0,62280.59613221749
2010-02-19,21.35,23.7,2010-03-17,2010-04-21,0.85,0.15000000000000002,17,20,26,61,-0.0201997276441217,0,61022.54505283316
2010-02-22,20.95,23.25,2010-03-17,2010-04-21,0.8,0.19999999999999996,16,20,23,58,-0.018776638636101906,0,59876.74677572086
2010-02-23,21.65,23.9,2010-03-17,2010-04-21,0.75,0.25,15,20,22,57,0.03222793087342346,0,61806.45043173427
2010-02-24,21.1,23.65,2010-03-17,2010-04-21,0.7,0.30000000000000004,14,20,21,56,-0.021384355655599263,0,60484.759313891904
2010-02-25,20.95,23.75,2010-03-17,2010-04-21,0.65,0.35,13,20,20,55,-0.0034301394923395012,0,60277.28815228467
2010-02-26,20.4,23.5,2010-03-17,2010-04-21,0.6,0.4,12,20,19,54,-0.02029183766529874,0,59054.151206194074
2010-03-01,20.0,23.05,2010-03-17,2010-04-21,0.55,0.44999999999999996,11,20,16,51,-0.019408502772643277,0,57907.99854877256
2010-03-02,19.8,22.8,2010-03-17,2010-04-21,0.5,0.5,10,20,15,50,-0.010410574336179645,0,57305.14302522117
2010-03-03,19.6,22.6,2010-03-17,2010-04-21,0.45,0.55,9,20,14,49,-0.009389671361502261,0,56767.06656489047
2010-03-04,19.6,22.5,2010-03-17,2010-04-21,0.4,0.6,8,20,13,48,-0.002588235294117669,0,56620.14003966369
2010-03-05,18.55,21.6,2010-03-17,2010-04-21,0.35,0.65,7,20,12,47,-0.0449859418931583,0,54073.02970985689
2010-03-08,18.35,21.25,2010-03-17,2010-04-21,0.3,0.7,6,20,9,44,-0.01448922440034095,0,53289.553448384475
2010-03-09,18.5,21.25,2010-03-17,2010-04-21,0.25,0.75,5,20,8,43,0.0022080471050047734,0,53407.21929260318
2010-03-10,18.6,21.4,2010-03-17,2010-04-21,0.2,0.8,4,20,7,42,0.00668693009118515,0,53764.34963437742
2010-03-11,18.6,21.6,2010-03-17,2010-04-21,0.15,0.85,3,20,6,41,0.007677543186180191,0,54177.12775057224
2010-03-12,18.35,21.45,2010-03-17,2010-04-21,0.1,0.9,2,20,5,40,-0.007801418439716268,0,53754.46930712806
2010-03-15,18.1,21.5,2010-03-17,2010-04-21,0.05,0.95,1,20,2,37,0.0009460737937558861,0,53805.32500183679
2010-03-16,17.45,20.9,2010-03-17,2010-04-21,0.0,1.0,0,20,1,36,-0.02824660103141141,0,52285.507453144484
2010-03-17,20.1,21.75,2010-04-21,2010-05-19,0.9583333333333334,0.04166666666666663,23,24,35,63,-0.038277511961722355,0,50284.14831618202
2010-03-18,19.8,21.45,2010-04-21,2010-05-19,0.9166666666666666,0.08333333333333337,22,24,34,62,-0.014874496436318552,0,49536.19693124966
2010-03-19,20.2,21.7,2010-04-21,2010-05-19,0.875,0.125,21,24,33,61,0.019435736677115845,0,50498.969410791186
2010-03-22,19.9,21.65,2010-04-21,2010-05-19,0.8333333333333334,0.16666666666666663,20,24,30,58,-0.013182096873084026,0,49833.28710402723
2010-03-23,19.45,21.35,2010-04-21,2010-05-19,0.7916666666666666,0.20833333333333337,19,24,29,57,-0.02104828724721408,0,48784.381762588775
2010-03-24,19.9,21.65,2010-04-21,2010-05-19,0.75,0.25,18,24,28,56,0.021100146966197775,0,49813.7393874345
2010-03-25,20.1,21.95,2010-04-21,2010-05-19,0.7083333333333334,0.29166666666666663,17,24,27,55,0.011063306699446995,0,50364.844064124
2010-03-26,19.9,21.7,2010-04-21,2010-05-19,0.6666666666666666,0.33333333333333337,16,24,26,54,-0.010396689209649979,0,49841.21643329682
2010-03-29,19.5,21.25,2010-04-21,2010-05-19,0.625,0.375,15,24,23,51,-0.020325203252032353,0,48828.18357896153
2010-03-30,19.1,21.0,2010-04-21,2010-05-19,0.5833333333333334,0.41666666666666663,14,24,22,50,-0.01705426356589146,0,47995.454866762186
2010-03-31,18.95,21.0,2010-04-21,2010-05-19,0.5416666666666666,0.45833333333333337,13,24,21,49,-0.004398826979472026,0,47784.33116500224
2010-04-01,18.8,21.05,2010-04-21,2010-05-19,0.5,0.5,12,24,20,48,-0.0029328584895779164,0,47644.18648367615
2010-04-05,18.0,20.35,2010-04-21,2010-05-19,0.4583333333333333,0.5416666666666667,11,24,16,44,-0.03764115432873272,0,45850.80430737718
2010-04-06,17.45,19.85,2010-04-21,2010-05-19,0.4166666666666667,0.5833333333333333,10,24,15,43,-0.02713220192411636,0,44606.77102652628
2010-04-07,17.9,20.1,2010-04-21,2010-05-19,0.375,0.625,9,24,14,42,0.017683465959328126,0,45395.5733435294
2010-04-08,17.45,19.85,2010-04-21,2010-05-19,0.3333333333333333,0.6666666666666667,8,24,13,41,-0.016861219195849486,0,44630.14863086289
2010-04-09,17.2,19.65,2010-04-21,2010-05-19,0.2916666666666667,0.7083333333333333,7,24,12,40,-0.011373578302712462,0,44122.54414074807
2010-04-12,17.1,19.65,2010-04-21,2010-05-19,0.25,0.75,6,24,9,37,-0.0015403234679282063,0,44054.58115054338
2010-04-13,17.15,19.75,2010-04-21,2010-05-19,0.20833333333333334,0.7916666666666666,5,24,8,36,0.004602235371466312,0,44257.330702189545
2010-04-14,16.7,19.3,2010-04-21,2010-05-19,0.16666666666666666,0.8333333333333334,4,24,7,35,-0.023427331887201697,0,43220.499527387714
2010-04-15,16.7,19.3,2010-04-21,2010-05-19,0.125,0.875,3,24,6,34,0.0,0,43220.499527387714
2010-04-16,18.2,19.95,2010-04-21,2010-05-19,0.08333333333333333,0.9166666666666666,2,24,5,33,0.03985507246376829,0,44943.05566797202
2010-04-19,17.4,19.5,2010-04-21,2010-05-19,0.041666666666666664,0.9583333333333334,1,24,2,30,-0.02419524510835247,0,43855.6474201671
2010-04-20,16.0,18.6,2010-04-21,2010-05-19,0.0,1.0,0,24,1,29,-0.047435071903841886,0,41775.35163140194
2010-04-21,18.7,20.75,2010-05-19,2010-06-16,0.95,0.050000000000000044,19,20,28,56,0.005376344086021501,0,41999.9502960869
2010-04-22,18.65,20.75,2010-05-19,2010-06-16,0.9,0.09999999999999998,18,20,27,55,-0.0025262598058768404,0,41893.84750980506
2010-04-23,18.5,20.75,2010-05-19,2010-06-16,0.85,0.15000000000000002,17,20,26,54,-0.007158006362672165,0,41593.97108277306
2010-04-26,18.75,20.95,2010-05-19,2010-06-16,0.8,0.19999999999999996,16,20,23,51,0.012873258128732745,0,42129.42100912064
2010-04-27,21.05,22.4,2010-05-19,2010-06-16,0.75,0.25,15,20,22,50,0.11099531005732177,0,46805.58915656344
2010-04-28,20.8,22.2,2010-05-19,2010-06-16,0.7,0.30000000000000004,14,20,21,49,-0.011104617182933985,0,46285.83100695812
2010-04-29,19.65,21.65,2010-05-19,2010-06-16,0.65,0.35,13,20,20,48,-0.04571159283694626,0,44170.03194584834
2010-04-30,21.6,23.0,2010-05-19,2010-06-16,0.6,0.4,12,20,19,47,0.0855036855036857,0,47946.73246603391
2010-05-03,20.55,22.6,2010-05-19,2010-06-16,0.55,0.44999999999999996,11,20,16,44,-0.0356498194945849,0,46237.44010826465
2010-05-04,23.0,24.45,2010-05-19,2010-06-16,0.5,0.5,10,20,15,43,0.10152520665968057,0,50931.70577067082
2010-05-05,24.15,25.45,2010-05-19,2010-06-16,0.45,0.55,9,20,14,42,0.0453108535300315,0,53239.464830880344
2010-05-06,29.2,29.1,2010-05-19,2010-06-16,0.4,0.6,8,20,13,41,0.17212949929619947,0,62403.5472550174
2010-05-07,32.95,30.95,2010-05-19,2010-06-16,0.35,0.65,7,20,12,40,0.0895676046671241,0,67992.883505381
2010-05-10,27.45,27.05,2010-05-19,2010-06-16,0.3,0.7,6,20,9,37,-0.14091627172195897,0,58411.57985817722
2010-05-11,27.1,27.05,2010-05-19,2010-06-16,0.25,0.75,5,20,8,36,-0.003864556496135485,0,58185.84500778676
2010-05-12,25.05,25.8,2010-05-19,2010-06-16,0.2,0.8,4,20,7,35,-0.05357967667436492,0,55068.266245244835
2010-05-13,25.85,26.4,2010-05-19,2010-06-16,0.15,0.85,3,20,6,34,0.02495126705653017,0,56442.28926267004
2010-05-14,30.1,28.75,2010-05-19,2010-06-16,0.1,0.9,2,20,5,33,0.10012349197302184,0,62093.488358599956
2010-05-17,30.3,29.0,2010-05-19,2010-06-16,0.05,0.95,1,20,2,30,0.008481911026484434,0,62620.15980218165
2010-05-18,32.7,30.95,2010-05-19,2010-06-16,0.0,1.0,0,20,1,29,0.06786512988130045,0,66869.88508034451
2010-05-19,31.65,32.05,2010-06-16,2010-07-21,0.9473684210526315,0.052631578947368474,18,19,28,63,0.022617124394184174,0,68382.28958943146
2010-05-20,35.95,35.7,2010-06-16,2010-07-21,0.8947368421052632,0.10526315789473684,17,19,27,62,0.1346904860822602,0,77592.73341364987
2010-05-21,35.75,35.7,2010-06-16,2010-07-21,0.8421052631578947,0.1578947368421053,16,19,26,61,-0.004981320049813331,0,77206.21917497664
2010-05-24,35.1,35.1,2010-06-16,2010-07-21,0.7894736842105263,0.21052631578947367,15,19,23,58,-0.01796495361507877,0,75819.21302870256
2010-05-25,33.75,34.1,2010-06-16,2010-07-21,0.7368421052631579,0.26315789473684215,14,19,22,57,-0.03636227320437846,0,73062.25409041191
2010-05-26,32.8,33.3,2010-06-16,2010-07-21,0.6842105263157895,0.3157894736842105,13,19,21,56,-0.02690513219284607,0,71096.50448580207
2010-05-27,29.65,30.95,2010-06-16,2010-07-21,0.631578947368421,0.368421052631579,12,19,20,55,-0.08791121047588613,0,64846.32471585095
2010-05-28,30.4,31.3,2010-06-16,2010-07-21,0.5789473684210527,0.42105263157894735,11,19,19,54,0.020001746877456483,0,66143.36448875074
2010-06-01,32.55,32.65,2010-06-16,2010-07-21,0.5263157894736842,0.4736842105263158,10,19,15,50,0.05890902872777004,0,70039.80584756992
2010-06-02,29.85,31.0,2010-06-16,2010-07-21,0.47368421052631576,0.5263157894736843,9,19,14,49,-0.06757084039719041,0,65307.15730519358
2010-06-03,29.6,30.7,2010-06-16,2010-07-21,0.42105263157894735,0.5789473684210527,8,19,13,48,-0.009072841959734013,0,64714.63578812406
2010-06-04,33.55,32.8,2010-06-16,2010-07-21,0.3684210526315789,0.631578947368421,7,19,12,47,0.09521322889469097,0,70876.32521825528
2010-06-07,35.45,34.1,2010-06-16,2010-07-21,0.3157894736842105,0.6842105263157895,6,19,9,44,0.04598615641658066,0,74135.6549959744
2010-06-08,33.45,32.95,2010-06-16,2010-07-21,0.2631578947368421,0.736842105263158,5,19,8,43,-0.04108231707317056,0,71089.9905110026
2010-06-09,33.4,33.35,2010-06-16,2010-07-21,0.21052631578947367,0.7894736842105263,4,19,7,42,0.008511653806379638,0,71695.08389933108
2010-06-10,30.65,31.55,2010-06-16,2010-07-21,0.15789473684210525,0.8421052631578947,3,19,6,41,-0.05995109252977848,0,67396.88529055205
2010-06-11,29.3,30.9,2010-06-16,2010-07-21,0.10526315789473684,0.8947368421052632,2,19,5,40,-0.024214495182237172,0,65764.90373638619
2010-06-14,28.55,30.3,2010-06-16,2010-07-21,0.05263157894736842,0.9473684210526316,1,19,2,37,-0.020037677684535016,0,64447.127792362
2010-06-15,25.85,28.55,2010-06-16,2010-07-21,0.0,1.0,0,19,1,36,-0.05958707204460312,0,60606.91214553079
2010-06-16,27.8,28.95,2010-07-21,2010-08-18,0.9583333333333334,0.04166666666666663,23,24,35,63,-0.02626970227670755,0,59014.78660755712
2010-06-17,27.3,28.6,2010-07-21,2010-08-18,0.9166666666666666,0.08333333333333337,22,24,34,62,-0.01773023116630512,0,57968.440798774966
2010-06-18,26.85,28.0,2010-07-21,2010-08-18,0.875,0.125,21,24,33,61,-0.016874429917907996,0,56990.256407065644
2010-06-21,27.1,28.15,2010-07-21,2010-08-18,0.8333333333333334,0.16666666666666663,20,24,30,58,0.008798332947441478,0,57491.675657695065
2010-06-22,28.4,29.0,2010-07-21,2010-08-18,0.7916666666666666,0.20833333333333337,19,24,29,57,0.04491292392300639,0,60073.79491271528
2010-06-23,28.75,29.55,2010-07-21,2010-08-18,0.75,0.25,18,24,28,56,0.01373064563248616,0,60898.64690246043
2010-06-24,30.65,30.8,2010-07-21,2010-08-18,0.7083333333333334,0.29166666666666663,17,24,27,55,0.06001727115716737,0,64553.61750670999
2010-06-25,29.75,30.35,2010-07-21,2010-08-18,0.6666666666666666,0.33333333333333337,16,24,26,54,-0.02504581551618812,0,62936.819511734364
2010-06-28,30.15,31.05,2010-07-21,2010-08-18,0.625,0.375,15,24,23,51,0.016694490818029983,0,63987.51766718902
2010-06-29,33.5,33.45,2010-07-21,2010-08-18,0.5833333333333334,0.41666666666666663,14,24,22,50,0.09819598195981971,0,70270.83479768997
2010-06-30,33.9,34.15,2010-07-21,2010-08-18,0.5416666666666666,0.45833333333333337,13,24,21,49,0.015681393901679996,0,71372.77943795241
2010-07-01,33.35,34.15,2010-07-21,2010-08-18,0.5,0.5,12,24,20,48,-0.008758498193176867,0,70747.66107820309
2010-07-02,32.05,33.4,2010-07-21,2010-08-18,0.4583333333333333,0.5416666666666667,11,24,19,47,-0.030370370370370492,0,68599.02840842062
2010-07-06,29.8,31.9,2010-07-21,2010-08-18,0.4166666666666667,0.5833333333333333,10,24,15,43,-0.05624404194470922,0,64740.74177725112
2010-07-07,27.6,30.05,2010-07-21,2010-08-18,0.375,0.625,9,24,14,42,-0.06432984152565124,0,60575.98011846744
2010-07-08,27.05,29.5,2010-07-21,2010-08-18,0.3333333333333333,0.6666666666666667,8,24,13,41,-0.01888006865479508,0,59432.30145499928
2010-07-09,26.55,29.05,2010-07-21,2010-08-18,0.2916666666666667,0.7083333333333333,7,24,12,40,-0.01626961069145838,0,58465.36104782904
2010-07-12,25.85,28.35,2010-07-21,2010-08-18,0.25,0.75,6,24,9,37,-0.02471678681771383,0,57020.28518258918
2010-07-13,25.8,28.15,2010-07-21,2010-08-18,0.20833333333333334,0.7916666666666666,5,24,8,36,-0.005861136158701763,0,56686.08152732602
2010-07-14,26.75,28.95,2010-07-21,2010-08-18,0.16666666666666666,0.8333333333333334,4,24,7,35,0.030051969571439408,0,58389.609924509365
2010-07-15,26.5,29.3,2010-07-21,2010-08-18,0.125,0.875,3,24,6,34,0.008746355685131268,0,58900.3062212252
2010-07-16,28.1,30.6,2010-07-21,2010-08-18,0.08333333333333333,0.9166666666666666,2,24,5,33,0.04620034542314344,0,61621.52071417472
2010-07-19,26.8,30.3,2010-07-21,2010-08-18,0.041666666666666664,0.9583333333333334,1,24,2,30,-0.012613106663010631,0,60844.281900669914
2010-07-20,24.4,28.5,2010-07-21,2010-08-18,0.0,1.0,0,24,1,29,-0.060522315876744615,0,57161.84505218388
2010-07-21,28.85,31.45,2010-08-18,2010-09-15,0.95,0.050000000000000044,19,20,28,56,0.012280701754386003,0,57863.83262300018
2010-07-22,27.3,30.2,2010-08-18,2010-09-15,0.9,0.09999999999999998,18,20,27,55,-0.052967563837129084,0,54798.926374680465
2010-07-23,26.6,29.6,2010-08-18,2010-09-15,0.85,0.15000000000000002,17,20,26,54,-0.025009061254077536,0,53428.4566683184
2010-07-26,25.55,28.75,2010-08-18,2010-09-15,0.8,0.19999999999999996,16,20,23,51,-0.037707948243992595,0,51413.77918951305
2010-07-27,25.45,28.45,2010-08-18,2010-09-15,0.75,0.25,15,20,22,50,-0.005345551737304444,0,51138.94417284517
2010-07-28,25.75,28.8,2010-08-18,2010-09-15,0.7,0.30000000000000004,14,20,21,49,0.011927480916030575,0,51748.90295353273
2010-07-29,25.75,28.75,2010-08-18,2010-09-15,0.65,0.35,13,20,20,48,-0.000562535158447397,0,51719.79237621028
2010-07-30,25.45,28.6,2010-08-18,2010-09-15,0.6,0.4,12,20,19,47,-0.00923507462686557,0,51242.15623392999
2010-08-02,23.85,27.15,2010-08-18,2010-09-15,0.55,0.44999999999999996,11,20,16,44,-0.057656308498689635,0,48287.722665968475
2010-08-03,24.1,27.5,2010-08-18,2010-09-15,0.5,0.5,10,20,15,43,0.011643970791395342,0,48849.98349827401
2010-08-04,23.75,27.35,2010-08-18,2010-09-15,0.45,0.55,9,20,14,42,-0.009689922480620172,0,48376.630944996155
2010-08-05,23.8,27.65,2010-08-18,2010-09-15,0.4,0.6,8,20,13,41,0.007287213369607359,0,48729.161776795096
2010-08-06,23.7,27.75,2010-08-18,2010-09-15,0.35,0.65,7,20,12,40,0.0007659900421295163,0,48766.48782947744
2010-08-09,23.1,27.4,2010-08-18,2010-09-15,0.3,0.7,6,20,9,37,-0.016614449824361666,0,47956.25946432424
2010-08-10,23.25,27.55,2010-08-18,2010-09-15,0.25,0.75,5,20,8,36,0.005744925315970928,0,48231.7645933801
2010-08-11,25.7,29.6,2010-08-18,2010-09-15,0.2,0.8,4,20,7,35,0.08120868744098209,0,52148.60288897094
2010-08-12,26.15,30.05,2010-08-18,2010-09-15,0.15,0.85,3,20,6,34,0.015614156835530801,0,52962.85935323315
2010-08-13,26.75,30.7,2010-08-18,2010-09-15,0.1,0.9,2,20,5,33,0.021805531987103333,0,54117.742676988535
2010-08-16,26.0,30.35,2010-08-18,2010-09-15,0.05,0.95,1,20,2,30,-0.012869163504372172,0,53421.29259799083
2010-08-17,24.35,29.45,2010-08-18,2010-09-15,0.0,1.0,0,20,1,29,-0.031112586078154814,0,51759.21803362955
2010-08-18,29.0,31.1,2010-09-15,2010-10-20,0.9473684210526315,0.052631578947368474,18,19,28,63,-0.015280135823429464,0,50968.33015196119
2010-08-19,29.9,32.15,2010-09-15,2010-10-20,0.8947368421052632,0.10526315789473684,17,19,27,62,0.031187850298318498,0,52557.92280269583
2010-08-20,29.6,32.25,2010-09-15,2010-10-20,0.8421052631578947,0.1578947368421053,16,19,26,61,-0.008557457212713726,0,52108.160627122656
2010-08-23,29.0,32.15,2010-09-15,2010-10-20,0.7894736842105263,0.21052631578947367,15,19,23,58,-0.017357762777242103,0,51203.67953619863
2010-08-24,29.8,32.85,2010-09-15,2010-10-20,0.7368421052631579,0.26315789473684215,14,19,22,57,0.026259758694109347,0,52548.27580506971
2010-08-25,29.15,32.3,2010-09-15,2010-10-20,0.6842105263157895,0.3157894736842105,13,19,21,56,-0.02038008427207849,0,51477.33751580996
2010-08-26,29.55,32.5,2010-09-15,2010-10-20,0.631578947368421,0.368421052631579,12,19,20,55,0.011174159755565238,0,52052.55350900278
2010-08-27,27.55,30.9,2010-09-15,2010-10-20,0.5789473684210527,0.42105263157894735,11,19,19,54,-0.06047070950008582,0,48904.89866702219
2010-08-30,28.45,31.75,2010-09-15,2010-10-20,0.5263157894736842,0.4736842105263158,10,19,16,51,0.030349840981372278,0,50389.154564776436
2010-08-31,27.9,31.25,2010-09-15,2010-10-20,0.47368421052631576,0.5263157894736843,9,19,15,50,-0.017536168347216163,0,49505.52186745462
2010-09-01,25.8,29.75,2010-09-15,2010-10-20,0.42105263157894735,0.5789473684210527,8,19,14,49,-0.060149041873669096,0,46527.81215967125
2010-09-02,25.0,29.15,2010-09-15,2010-10-20,0.3684210526315789,0.631578947368421,7,19,13,48,-0.02436053593179066,0,45394.369719727976
2010-09-03,23.6,27.85,2010-09-15,2010-10-20,0.3157894736842105,0.6842105263157895,6,19,12,47,-0.048399390243902385,0,43197.309904786875
2010-09-07,24.45,28.6,2010-09-15,2010-10-20,0.2631578947368421,0.736842105263158,5,19,8,43,0.029484761242926538,0,44470.97227366622
2010-09-08,23.85,27.85,2010-09-15,2010-10-20,0.21052631578947367,0.7894736842105263,4,19,7,42,-0.025829905290347233,0,43322.29127166776
2010-09-09,23.75,27.55,2010-09-15,2010-10-20,0.15789473684210525,0.8421052631578947,3,19,6,41,-0.009548864854331152,0,42908.61256713464
2010-09-10,23.05,27.0,2010-09-15,2010-10-20,0.10526315789473684,0.8947368421052632,2,19,5,40,-0.02128698369299875,0,41995.21763112884
2010-09-13,21.7,25.7,2010-09-15,2010-10-20,0.05263157894736842,0.9473684210526316,1,19,2,37,-0.04909918827954873,0,39933.286533817416
2010-09-14,21.7,25.7,2010-09-15,2010-10-20,0.0,1.0,0,19,1,36,0.0,0,39933.286533817416
2010-09-15,25.2,27.45,2010-10-20,2010-11-17,0.96,0.040000000000000036,24,25,35,63,-0.01945525291828798,0,39156.37434444354
2010-09-16,25.1,27.6,2010-10-20,2010-11-17,0.92,0.07999999999999996,23,25,34,62,-0.003558718861209953,0,39017.02781652737
2010-09-17,25.05,27.8,2010-10-20,2010-11-17,0.88,0.12,22,25,33,61,-0.0011857707509880244,0,38970.76256615204
2010-09-20,24.35,27.35,2010-10-20,2010-11-17,0.84,0.16000000000000003,21,25,30,58,-0.026398739164696594,0,37941.98357011888
2010-09-21,24.45,27.4,2010-10-20,2010-11-17,0.8,0.19999999999999996,20,25,29,57,0.0037051953282318806,0,38082.56603038673
2010-09-22,24.95,27.65,2010-10-20,2010-11-17,0.76,0.24,19,25,28,56,0.017971246006389663,0,38766.957193073395
2010-09-23,25.8,28.25,2010-10-20,2010-11-17,0.72,0.28,18,25,27,55,0.030861786077037268,0,39963.374732823686
2010-09-24,24.2,27.2,2010-10-20,2010-11-17,0.68,0.31999999999999995,17,25,26,54,-0.05459488031412829,0,37781.57907233652
2010-09-27,24.35,27.25,2010-10-20,2010-11-17,0.64,0.36,16,25,23,51,0.004689984101748923,0,37958.77407752475
2010-09-28,24.3,27.25,2010-10-20,2010-11-17,0.6,0.4,15,25,22,50,-0.0012601401905961707,0,37910.9407007239
2010-09-29,24.7,27.65,2010-10-20,2010-11-17,0.56,0.43999999999999995,14,25,21,49,0.015698587127158437,0,38506.08890638675
2010-09-30,25.45,28.2,2010-10-20,2010-11-17,0.52,0.48,13,25,20,48,0.025463497192091733,0,39486.58859313296
2010-10-01,24.75,27.85,2010-10-20,2010-11-17,0.48,0.52,12,25,19,47,-0.01987299215539784,0,38701.87192777821
2010-10-04,25.15,28.2,2010-10-20,2010-11-17,0.44,0.56,11,25,16,44,0.014187087474394788,0,39250.93877024042
2010-10-05,23.65,27.05,2010-10-20,2010-11-17,0.4,0.6,10,25,15,43,-0.048551641968873294,0,37345.241244125544
2010-10-06,23.25,26.8,2010-10-20,2010-11-17,0.36,0.64,9,25,14,42,-0.012066952121448038,0,36894.59800606875
2010-10-07,22.95,26.7,2010-10-20,2010-11-17,0.32,0.6799999999999999,8,25,13,41,-0.006739283755191505,0,36645.95484107213
2010-10-08,21.95,25.7,2010-10-20,2010-11-17,0.28,0.72,7,25,12,40,-0.039215686274509776,0,35208.858572794794
2010-10-11,21.3,25.1,2010-10-20,2010-11-17,0.24,0.76,6,25,9,37,-0.02490872210953332,0,34331.850898811186
2010-10-12,20.65,24.25,2010-10-20,2010-11-17,0.2,0.8,5,25,8,36,-0.033156937324293145,0,33193.51187033233
2010-10-13,20.65,23.55,2010-10-20,2010-11-17,0.16,0.84,4,25,7,35,-0.023799405014874764,0,32403.526037464242
2010-10-14,21.55,24.2,2010-10-20,2010-11-17,0.12,0.88,3,25,6,34,0.02988824395737688,0,33372.01052875119
2010-10-15,20.95,24.05,2010-10-20,2010-11-17,0.08,0.92,2,25,5,33,-0.008541998157608144,0,33086.94687629892
2010-10-18,19.85,23.3,2010-10-20,2010-11-17,0.04,0.96,1,25,2,30,-0.03268632887992595,0,32005.456049067572
2010-10-19,20.95,23.85,2010-10-20,2010-11-17,0.0,1.0,0,25,1,29,0.02469562213971166,0,32795.850698064496
2010-10-20,22.6,25.05,2010-11-17,2010-12-22,0.95,0.050000000000000044,19,20,28,63,-0.052410901467505266,0,31076.99059858522
2010-10-21,22.0,24.65,2010-11-17,2010-12-22,0.9,0.09999999999999998,18,20,27,62,-0.025965452745076445,0,30270.06246773847
2010-10-22,21.1,23.95,2010-11-17,2010-12-22,0.85,0.15000000000000002,17,20,26,61,-0.03952391646081288,0,29073.67104749998
2010-10-25,20.95,23.7,2010-11-17,2010-12-22,0.8,0.19999999999999996,16,20,23,58,-0.0076646150272909885,0,28850.832551490803
2010-10-26,21.4,23.9,2010-11-17,2010-12-22,0.75,0.25,15,20,22,57,0.018604651162790642,0,29387.59222686737
2010-10-27,21.85,24.2,2010-11-17,2010-12-22,0.7,0.30000000000000004,14,20,21,56,0.018728717366629066,0,29937.98413577011
2010-10-28,21.75,24.3,2010-11-17,2010-12-22,0.65,0.35,13,20,20,55,-0.001773442695632843,0,29884.89083648256
2010-10-29,21.75,24.25,2010-11-17,2010-12-22,0.6,0.4,12,20,19,54,-0.0007728828530417786,0,29861.793316790016
2010-11-01,21.55,24.2,2010-11-17,2010-12-22,0.55,0.44999999999999996,11,20,16,51,-0.006153846153846176,0,29678.028434840537
2010-11-02,21.0,23.75,2010-11-17,2010-12-22,0.5,0.5,10,20,15,50,-0.022205122567879654,0,29019.024175871884
2010-11-03,19.8,22.35,2010-11-17,2010-12-22,0.45,0.55,9,20,14,49,-0.058100558659217705,0,27333.002659508384
2010-11-04,18.5,21.0,2010-11-17,2010-12-22,0.4,0.6,8,20,13,48,-0.06261054120976306,0,25621.668570108668
2010-11-05,18.55,20.95,2010-11-17,2010-12-22,0.35,0.65,7,20,12,47,-0.000500000000000056,0,25608.857735823614
2010-11-08,18.7,21.05,2010-11-17,2010-12-22,0.3,0.7,6,20,9,44,0.005842864246643487,0,25758.486815085642
2010-11-09,18.9,21.1,2010-11-17,2010-12-22,0.25,0.75,5,20,8,43,0.004669451953796866,0,25878.764831671193
2010-11-10,18.65,20.9,2010-11-17,2010-12-22,0.2,0.8,4,20,7,42,-0.010340632603406452,0,25611.162032316926
2010-11-11,18.95,21.05,2010-11-17,2010-12-22,0.15,0.85,3,20,6,41,0.008801955990219934,0,25836.59035338377
2010-11-12,20.35,22.25,2010-11-17,2010-12-22,0.1,0.9,2,20,5,40,0.059319990354472774,0,27369.21664393896
2010-11-15,19.75,21.95,2010-11-17,2010-12-22,0.05,0.95,1,20,2,37,-0.01495920217588409,0,26959.794998766705
2010-11-16,22.25,22.8,2010-11-17,2010-12-22,0.0,1.0,0,20,1,36,0.042696886446886406,0,28110.894304460384
2010-11-17,22.3,25.4,2010-12-22,2011-01-19,0.9583333333333334,0.04166666666666663,23,24,35,63,-0.021929824561403466,0,27494.427324099408
2010-11-18,20.75,24.2,2010-12-22,2011-01-19,0.9166666666666666,0.08333333333333337,22,24,34,62,-0.06845625116106258,0,25612.261901671278
2010-11-19,20.5,23.9,2010-12-22,2011-01-19,0.875,0.125,21,24,33,61,-0.012081600316894536,0,25302.824790163664
2010-11-22,19.8,23.25,2010-12-22,2011-01-19,0.8333333333333334,0.16666666666666663,20,24,30,58,-0.0331541218637994,0,24463.931853572212
2010-11-23,20.75,24.1,2010-12-22,2011-01-19,0.7916666666666666,0.20833333333333337,19,24,29,57,0.0458077709611453,0,25584.570040729715
2010-11-24,19.8,23.3,2010-12-22,2011-01-19,0.75,0.25,18,24,28,56,-0.042836328314715844,0,24488.620998674174
2010-11-26,21.25,24.25,2010-12-22,2011-01-19,0.7083333333333334,0.29166666666666663,17,24,26,54,0.06408706166868194,0,26058.024762797184
2010-11-29,21.45,24.5,2010-12-22,2011-01-19,0.6666666666666666,0.33333333333333337,16,24,23,51,0.009698681732579928,0,26310.75325155124
2010-11-30,23.2,25.8,2010-12-22,2011-01-19,0.625,0.375,15,24,22,50,0.07121661721068229,0,28184.516094391674
2010-12-01,21.9,24.75,2010-12-22,2011-01-19,0.5833333333333334,0.41666666666666663,14,24,21,49,-0.04989658738366087,0,26778.204924221667
2010-12-02,19.85,23.0,2010-12-22,2011-01-19,0.5416666666666666,0.45833333333333337,13,24,20,48,-0.08337845154304269,0,24545.479662537782
2010-12-03,19.05,22.15,2010-12-22,2011-01-19,0.5,0.5,12,24,19,47,-0.03864592505625697,0,23596.89689502947
2010-12-06,18.6,21.6,2010-12-22,2011-01-19,0.4583333333333333,0.5416666666666667,11,24,16,44,-0.024271844660194164,0,23024.156679130694
2010-12-07,18.6,21.45,2010-12-22,2011-01-19,0.4166666666666667,0.5833333333333333,10,24,15,43,-0.004017305315203945,0,22931.661612125536
2010-12-08,18.2,20.7,2010-12-22,2011-01-19,0.375,0.625,9,24,14,42,-0.029816985399958917,0,22247.90859263999
2010-12-09,18.0,20.2,2010-12-22,2011-01-19,0.3333333333333333,0.6666666666666667,8,24,13,41,-0.019607843137254832,0,21811.67509082352
2010-12-10,18.05,20.05,2010-12-22,2011-01-19,0.2916666666666667,0.7083333333333333,7,24,12,40,-0.0042808219178082085,0,21718.30319403061
2010-12-13,18.3,20.3,2010-12-22,2011-01-19,0.25,0.75,6,24,9,37,0.012842465753424737,0,21997.219759022442
2010-12-14,18.7,20.45,2010-12-22,2011-01-19,0.20833333333333334,0.7916666666666666,5,24,8,36,0.010732323232323093,0,22233.301031688716
2010-12-15,19.05,20.8,2010-12-22,2011-01-19,0.16666666666666666,0.8333333333333334,4,24,7,35,0.01742557825951674,0,22620.7291587838
2010-12-16,18.4,20.5,2010-12-22,2011-01-19,0.125,0.875,3,24,6,34,-0.017472572125152408,0,22225.48683703341
2010-12-17,17.6,20.25,2010-12-22,2011-01-19,0.08333333333333333,0.9166666666666666,2,24,5,33,-0.015750463248919155,0,21875.42512341738
2010-12-20,16.75,19.65,2010-12-22,2011-01-19,0.041666666666666664,0.9583333333333334,1,24,2,30,-0.03099646349074281,0,21197.364307234893
2010-12-21,16.75,19.25,2010-12-22,2011-01-19,0.0,1.0,0,24,1,29,-0.01962876040110939,0,20781.286322113156
2010-12-22,19.25,21.3,2011-01-19,2011-02-16,0.9444444444444444,0.05555555555555558,17,18,28,56,0.0,0,20781.286322113156
2010-12-23,19.85,21.55,2011-01-19,2011-02-16,0.8888888888888888,0.11111111111111116,16,18,27,55,0.02998135131258084,0,21404.33736806376
2010-12-27,20.45,21.75,2011-01-19,2011-02-16,0.8333333333333334,0.16666666666666663,15,18,23,51,0.027723870252287064,0,21997.748440092142
2010-12-28,20.55,21.9,2011-01-19,2011-02-16,0.7777777777777778,0.2222222222222222,14,18,22,50,0.005241935483870863,0,22113.059218205526
2010-12-29,20.25,21.85,2011-01-19,2011-02-16,0.7222222222222222,0.2777777777777778,13,18,21,49,-0.011723954169997497,0,21853.806725372844
2010-12-30,20.1,21.7,2011-01-19,2011-02-16,0.6666666666666666,0.33333333333333337,12,18,20,48,-0.007248322147651143,0,21695.403294074837
2010-12-31,19.7,21.6,2011-01-19,2011-02-16,0.6111111111111112,0.38888888888888884,11,18,19,47,-0.01453957996768973,0,21379.961242949354
2011-01-03,19.3,21.35,2011-01-19,2011-02-16,0.5555555555555556,0.4444444444444444,10,18,16,44,-0.016716499048654576,0,21022.563141171322
2011-01-04,19.1,21.3,2011-01-19,2011-02-16,0.5,0.5,9,18,15,43,-0.00659703133589884,0,20883.876633368105
2011-01-05,18.7,20.95,2011-01-19,2011-02-16,0.4444444444444444,0.5555555555555556,8,18,14,42,-0.018564356435643692,0,20496.18090378825
2011-01-06,18.65,20.9,2011-01-19,2011-02-16,0.3888888888888889,0.6111111111111112,7,18,13,41,-0.0025062656641604564,0,20444.81202934266
2011-01-07,18.7,21.0,2011-01-19,2011-02-16,0.3333333333333333,0.6666666666666667,6,18,12,40,0.0040227493411013615,0,20527.056383462637
2011-01-10,18.65,21.0,2011-01-19,2011-02-16,0.2777777777777778,0.7222222222222222,5,18,9,37,-0.0008237232289950436,0,20510.147770296688
2011-01-11,17.95,20.4,2011-01-19,2011-02-16,0.2222222222222222,0.7777777777777778,4,18,8,36,-0.030853242320819207,0,19877.343211103915
2011-01-12,17.0,19.45,2011-01-19,2011-02-16,0.16666666666666666,0.8333333333333334,3,18,7,35,-0.04784555120313372,0,18926.30076871478
2011-01-13,16.95,19.3,2011-01-19,2011-02-16,0.1111111111111111,0.8888888888888888,2,18,6,34,-0.0070021881838072675,0,18793.7752491089
2011-01-14,16.25,18.4,2011-01-19,2011-02-16,0.05555555555555555,0.9444444444444444,1,18,5,33,-0.04610446454625028,0,17927.298304446165
2011-01-18,15.9,17.85,2011-01-19,2011-02-16,0.0,1.0,0,18,1,29,-0.029478802613584487,0,17398.82301633455
2011-01-19,18.75,20.9,2011-02-16,2011-03-16,0.95,0.050000000000000044,19,20,28,56,0.05042016806722671,0,18276.074596990067
2011-01-20,18.65,20.85,2011-02-16,2011-03-16,0.9,0.09999999999999998,18,20,27,55,-0.0051703566220339114,0,18181.580773672737
2011-01-21,18.85,21.0,2011-02-16,2011-03-16,0.85,0.15000000000000002,17,20,26,54,0.010333863275040045,0,18369.466743511966
2011-01-24,18.4,20.55,2011-02-16,2011-03-16,0.8,0.19999999999999996,16,20,23,51,-0.023471117485982518,0,17938.31483142015
2011-01-25,18.2,20.35,2011-02-16,2011-03-16,0.75,0.25,15,20,22,50,-0.010621348911311723,0,17747.785730714677
2011-01-26,17.55,19.75,2011-02-16,2011-03-16,0.7,0.30000000000000004,14,20,21,49,-0.03402268178785839,0,17143.958464359475
2011-01-27,17.25,19.4,2011-02-16,2011-03-16,0.65,0.35,13,20,20,48,-0.017298187808896248,0,16847.399051055072
2011-01-28,19.4,20.65,2011-02-16,2011-03-16,0.6,0.4,12,20,19,47,0.10193028746007515,0,18564.65927928371
2011-01-31,19.1,20.45,2011-02-16,2011-03-16,0.55,0.44999999999999996,11,20,16,44,-0.01306532663316573,0,18322.105941966438
2011-02-01,17.95,19.6,2011-02-16,2011-03-16,0.5,0.5,10,20,15,43,-0.0515032348090827,0,17378.45821744045
2011-02-02,18.05,19.55,2011-02-16,2011-03-16,0.45,0.55,9,20,14,42,0.0013315579227697327,0,17401.598641165405
2011-02-03,17.7,19.35,2011-02-16,2011-03-16,0.4,0.6,8,20,13,41,-0.014172185430463502,0,17154.97995843631
2011-02-04,17.25,18.85,2011-02-16,2011-03-16,0.35,0.65,7,20,12,40,-0.025682182985553803,0,16714.402624030237
2011-02-07,16.95,18.45,2011-02-16,2011-03-16,0.3,0.7,6,20,9,37,-0.019956260251503655,0,16380.845655316676
2011-02-08,16.85,18.2,2011-02-16,2011-03-16,0.25,0.75,5,20,8,36,-0.011388888888889004,0,16194.286024242232
2011-02-09,16.85,18.25,2011-02-16,2011-03-16,0.2,0.8,4,20,7,35,0.0020993701889433503,0,16228.28382555275
2011-02-10,16.9,18.3,2011-02-16,2011-03-16,0.15,0.85,3,20,6,34,0.0027824151363382565,0,16273.437648105762
2011-02-11,16.6,18.05,2011-02-16,2011-03-16,0.1,0.9,2,20,5,33,-0.01423438363736873,0,16041.795293523825
2011-02-14,16.45,17.85,2011-02-16,2011-03-16,0.05,0.95,1,20,2,30,-0.010890812622172619,0,15867.087106858808
2011-02-15,16.7,18.05,2011-02-16,2011-03-16,0.0,1.0,0,20,1,29,0.011389201349831346,0,16047.800556754135
2011-02-16,18.3,19.35,2011-03-16,2011-04-20,0.9473684210526315,0.052631578947368474,18,19,28,63,0.013850415512465464,0,16270.069262526355
2011-02-17,18.45,19.65,2011-03-16,2011-04-20,0.8947368421052632,0.10526315789473684,17,19,27,62,0.008602150537634135,0,16410.02684758034
2011-02-18,18.6,19.8,2011-03-16,2011-04-20,0.8421052631578947,0.1578947368421053,16,19,26,61,0.008074798130046856,0,16542.5345016832
2011-02-22,21.15,21.6,2011-03-16,2011-04-20,0.7894736842105263,0.21052631578947367,15,19,22,57,0.12941176470588212,0,18683.33308425396
2011-02-23,22.25,22.55,2011-03-16,2011-04-20,0.7368421052631579,0.26315789473684215,14,19,21,56,0.05029109376935481,0,19622.938340318266
2011-02-24,21.85,22.35,2011-03-16,2011-04-20,0.6842105263157895,0.3157894736842105,13,19,20,55,-0.015556865055981195,0,19317.666936556096
2011-02-25,20.15,21.15,2011-03-16,2011-04-20,0.631578947368421,0.368421052631579,12,19,19,54,-0.07007054884610808,0,17964.067411885295
2011-02-28,19.2,20.3,2011-03-16,2011-04-20,0.5789473684210527,0.42105263157894735,11,19,16,51,-0.04450429652430421,0,17164.589229004163
2011-03-01,21.2,21.7,2011-03-16,2011-04-20,0.5263157894736842,0.4736842105263158,10,19,15,50,0.08886509635974327,0,18689.92210481503
2011-03-02,21.1,21.6,2011-03-16,2011-04-20,0.47368421052631576,0.5263157894736843,9,19,14,49,-0.00466486619199602,0,18602.73611905724
2011-03-03,19.7,20.7,2011-03-16,2011-04-20,0.42105263157894735,0.5789473684210527,8,19,13,48,-0.053215077605321626,0,17612.79007281029
2011-03-04,20.05,21.15,2011-03-16,2011-04-20,0.3684210526315789,0.631578947368421,7,19,12,47,0.020114196729821066,0,17967.057197295835
2011-03-07,21.05,21.8,2011-03-16,2011-04-20,0.3157894736842105,0.6842105263157895,6,19,9,44,0.037549156412533424,0,18641.705038270033
2011-03-08,20.45,21.4,2011-03-16,2011-04-20,0.2631578947368421,0.736842105263158,5,19,8,43,-0.02147913107151589,0,18241.297412356493
2011-03-09,21.05,21.8,2011-03-16,2011-04-20,0.21052631578947367,0.7894736842105263,4,19,7,42,0.021401020281199612,0,18631.679788233727
2011-03-10,22.25,22.7,2011-03-16,2011-04-20,0.15789473684210525,0.8421052631578947,3,19,6,41,0.04450389105058372,0,19460.862035618644
2011-03-11,21.3,22.05,2011-03-16,2011-04-20,0.10526315789473684,0.8947368421052632,2,19,5,40,-0.030817536922897903,0,18861.126201284544
2011-03-14,21.7,22.3,2011-03-16,2011-04-20,0.05263157894736842,0.9473684210526316,1,19,2,37,0.012097257156545638,0,19089.294095203542
2011-03-15,24.6,23.45,2011-03-16,2011-04-20,0.0,1.0,0,19,1,36,0.05577877570314338,0,20154.071548871238
2011-03-16,24.9,25.15,2011-04-20,2011-05-18,0.96,0.040000000000000036,24,25,35,63,0.061833688699360234,0,21400.272135048777
2011-03-17,24.15,24.4,2011-04-20,2011-05-18,0.92,0.07999999999999996,23,25,34,62,-0.0301083902047371,0,20755.944391119167
2011-03-18,23.35,23.65,2011-04-20,2011-05-18,0.88,0.12,22,25,33,61,-0.03293338849813798,0,20072.38081084069
2011-03-21,21.6,22.3,2011-04-20,2011-05-18,0.84,0.16000000000000003,21,25,30,58,-0.07277858547849136,0,18611.54132824209
2011-03-22,21.5,22.25,2011-04-20,2011-05-18,0.8,0.19999999999999996,20,25,29,57,-0.004237288135593542,0,18532.67886498682
2011-03-23,20.5,21.6,2011-04-20,2011-05-18,0.76,0.24,19,25,28,56,-0.04295612009237859,0,17736.58688602896
2011-03-24,19.95,21.05,2011-04-20,2011-05-18,0.72,0.28,18,25,27,55,-0.02648815257175885,0,17266.77746648957
2011-03-25,19.75,21.05,2011-04-20,2011-05-18,0.68,0.31999999999999995,17,25,26,54,-0.007108302892684271,0,17144.039982277183
2011-03-28,20.3,21.55,2011-04-20,2011-05-18,0.64,0.36,16,25,23,51,0.026480214221957787,0,17598.017833637696
2011-03-29,19.6,20.95,2011-04-20,2011-05-18,0.6,0.4,15,25,22,50,-0.03200000000000003,0,17034.881262961288
2011-03-30,19.25,20.7,2011-04-20,2011-05-18,0.56,0.43999999999999995,14,25,21,49,-0.015392254220456869,0,16772.67603994649
2011-03-31,19.3,20.8,2011-04-20,2011-05-18,0.52,0.48,13,25,20,48,0.003620273531778073,0,16833.397715070998
2011-04-01,19.05,20.55,2011-04-20,2011-05-18,0.48,0.52,12,25,19,47,-0.012487512487512453,0,16623.190450896785
2011-04-04,18.7,20.25,2011-04-20,2011-05-18,0.44,0.56,11,25,16,44,-0.016338880484114915,0,16351.586128854902
2011-04-05,18.55,20.15,2011-04-20,2011-05-18,0.4,0.6,10,25,15,43,-0.0062346688470973355,0,16249.639404216703
2011-04-06,18.35,20.15,2011-04-20,2011-05-18,0.36,0.64,9,25,14,42,-0.004100461301896341,0,16183.008386669942
2011-04-07,18.4,20.35,2011-04-20,2011-05-18,0.32,0.6799999999999999,8,25,13,41,0.007486411650087232,0,16304.161049189366
2011-04-08,18.65,20.65,2011-04-20,2011-05-18,0.28,0.72,7,25,12,40,0.014397242218392003,0,16538.896004982216
2011-04-11,18.4,20.45,2011-04-20,2011-05-18,0.24,0.76,6,25,9,37,-0.010652065704330638,0,16362.722598060056
2011-04-12,18.7,20.7,2011-04-20,2011-05-18,0.2,0.8,5,25,8,36,0.01312756789257441,0,16577.52534987345
2011-04-13,18.3,20.35,2011-04-20,2011-05-18,0.16,0.84,4,25,7,35,-0.017733990147783096,0,16283.53967864417
2011-04-14,17.9,20.15,2011-04-20,2011-05-18,0.12,0.88,3,25,6,34,-0.011587254020577475,0,16094.858168033568
2011-04-15,16.75,19.65,2011-04-20,2011-05-18,0.08,0.92,2,25,5,33,-0.029074446680080412,0,15626.90907240362
2011-04-18,17.3,20.2,2011-04-20,2011-05-18,0.04,0.96,1,25,2,30,0.02832423524564831,0,16069.529321132735
2011-04-19,16.0,19.1,2011-04-20,2011-05-18,0.0,1.0,0,25,1,29,-0.05516829316869132,0,15183.000816461603
2011-04-20,18.15,20.35,2011-05-18,2011-06-15,0.9473684210526315,0.052631578947368474,18,19,28,56,-0.04973821989528815,0,14427.825383182097
2011-04-21,17.9,20.0,2011-05-18,2011-06-15,0.8947368421052632,0.10526315789473684,17,19,27,55,-0.01397493156605667,0,14226.19751080511
2011-04-25,17.45,19.6,2011-05-18,2011-06-15,0.8421052631578947,0.1578947368421053,16,19,23,51,-0.024542550101655403,0,13877.050345640133
2011-04-26,17.3,19.2,2011-05-18,2011-06-15,0.7894736842105263,0.21052631578947367,15,19,22,50,-0.010650887573964263,0,13729.247442550477
2011-04-27,17.0,18.75,2011-05-18,2011-06-15,0.7368421052631579,0.26315789473684215,14,19,21,49,-0.01873327386262258,0,13472.05369028147
2011-04-28,16.75,18.4,2011-05-18,2011-06-15,0.6842105263157895,0.3157894736842105,13,19,20,48,-0.015825169555388152,0,13258.856156373471
2011-04-29,16.7,18.35,2011-05-18,2011-06-15,0.631578947368421,0.368421052631579,12,19,19,47,-0.0028950175224745633,0,13220.4715354728
2011-05-02,17.25,18.8,2011-05-18,2011-06-15,0.5789473684210527,0.42105263157894735,11,19,16,44,0.029648776037707103,0,13612.442335140915
2011-05-03,17.7,19.35,2011-05-18,2011-06-15,0.5263157894736842,0.4736842105263158,10,19,15,43,0.027487872997207008,0,13986.619421231073
2011-05-04,17.95,19.55,2011-05-18,2011-06-15,0.47368421052631576,0.5263157894736843,9,19,14,42,0.012245479139968873,0,14157.89227759244
2011-05-05,18.3,19.8,2011-05-18,2011-06-15,0.42105263157894735,0.5789473684210527,8,19,13,41,0.01582411426971042,0,14381.928382811313
2011-05-06,18.15,19.55,2011-05-18,2011-06-15,0.3684210526315789,0.631578947368421,7,19,12,40,-0.010845689181768314,0,14225.94645773689
2011-05-09,17.45,18.85,2011-05-18,2011-06-15,0.3157894736842105,0.6842105263157895,6,19,9,37,-0.036775888289782954,0,13702.774639990725
2011-05-10,16.65,18.2,2011-05-18,2011-06-15,0.2631578947368421,0.736842105263158,5,19,8,36,-0.037884203002144456,0,13183.65594383668
2011-05-11,17.2,18.65,2011-05-18,2011-06-15,0.21052631578947367,0.7894736842105263,4,19,7,35,0.026771187694128118,0,13536.59807160394
2011-05-12,16.65,18.35,2011-05-18,2011-06-15,0.15789473684210525,0.8421052631578947,3,19,6,34,-0.0192224931860564,0,13276.390907410148
2011-05-13,17.35,18.65,2011-05-18,2011-06-15,0.10526315789473684,0.8947368421052632,2,19,5,33,0.02008441274923589,0,13543.039422214775
2011-05-16,18.0,19.05,2011-05-18,2011-06-15,0.05263157894736842,0.9473684210526316,1,19,2,30,0.023027718550106657,0,13854.904722342537
2011-05-17,17.75,18.7,2011-05-18,2011-06-15,0.0,1.0,0,19,1,29,-0.018149071765032,0,13603.45106223906
2011-05-18,18.05,19.75,2011-06-15,2011-07-20,0.9473684210526315,0.052631578947368474,18,19,28,63,-0.03475935828876997,0,13130.603832802944
2011-05-19,17.65,19.6,2011-06-15,2011-07-20,0.8947368421052632,0.10526315789473684,17,19,27,62,-0.021325982881183925,0,12850.580800244981
2011-05-20,18.05,20.0,2011-06-15,2011-07-20,0.8421052631578947,0.1578947368421053,16,19,26,61,0.02240235814296243,0,13138.464113677148
2011-05-23,18.55,20.3,2011-06-15,2011-07-20,0.7894736842105263,0.21052631578947367,15,19,23,58,0.025516055045871733,0,13473.705887219945
2011-05-24,18.3,20.15,2011-06-15,2011-07-20,0.7368421052631579,0.26315789473684215,14,19,22,57,-0.012101822228404502,0,13310.649493815003
2011-05-25,17.95,19.9,2011-06-15,2011-07-20,0.6842105263157895,0.3157894736842105,13,19,21,56,-0.017229303824065068,0,13081.316269590427
2011-05-26,17.45,19.35,2011-06-15,2011-07-20,0.631578947368421,0.368421052631579,12,19,20,55,-0.02778171509567684,0,12717.894867912222
2011-05-27,17.1,19.05,2011-06-15,2011-07-20,0.5789473684210527,0.42105263157894735,11,19,19,54,-0.018268812527185485,0,12485.554030829879
2011-05-31,16.55,18.55,2011-06-15,2011-07-20,0.5263157894736842,0.4736842105263158,10,19,15,50,-0.029515418502202517,0,12117.037678378074
2011-06-01,17.95,19.55,2011-06-15,2011-07-20,0.47368421052631576,0.5263157894736843,9,19,14,49,0.06918333583997582,0,12955.334765466945
2011-06-02,17.8,19.35,2011-06-15,2011-07-20,0.42105263157894735,0.5789473684210527,8,19,13,48,-0.009382439434252876,0,12833.78212167948
2011-06-03,17.95,19.45,2011-06-15,2011-07-20,0.3684210526315789,0.631578947368421,7,19,12,47,0.006474313863476189,0,12916.8720551907
2011-06-06,18.2,19.65,2011-06-15,2011-07-20,0.3157894736842105,0.6842105263157895,6,19,9,44,0.011558278791254706,0,13066.168863515562
2011-06-07,18.1,19.35,2011-06-15,2011-07-20,0.2631578947368421,0.736842105263158,5,19,8,43,-0.012340600575894256,0,12904.92449251373
2011-06-08,18.5,19.55,2011-06-15,2011-07-20,0.21052631578947367,0.7894736842105263,4,19,7,42,0.013281682346430568,0,13076.323600327969
2011-06-09,17.75,19.0,2011-06-15,2011-07-20,0.15789473684210525,0.8421052631578947,3,19,6,41,-0.030633083730428834,0,12675.75548459294
2011-06-10,18.9,19.6,2011-06-15,2011-07-20,0.10526315789473684,0.8947368421052632,2,19,5,40,0.036529041287613584,0,13138.78868004133
2011-06-13,19.55,20.0,2011-06-15,2011-07-20,0.05263157894736842,0.9473684210526316,1,19,2,37,0.021832884097034988,0,13425.646330468107
2011-06-14,18.2,19.2,2011-06-15,2011-07-20,0.0,1.0,0,19,1,36,-0.041496509023844164,0,12868.528876364899
2011-06-15,20.95,21.25,2011-07-20,2011-08-17,0.9583333333333334,0.04166666666666663,23,24,35,63,0.09114583333333326,0,14041.44166457524
2011-06-16,21.95,22.3,2011-07-20,2011-08-17,0.9166666666666666,0.08333333333333337,22,24,34,62,0.04780361757105944,0,14712.673372054935
2011-06-17,21.45,22.0,2011-07-20,2011-08-17,0.875,0.125,21,24,33,61,-0.02199052132701429,0,14389.134014489366
2011-06-20,20.45,21.15,2011-07-20,2011-08-17,0.8333333333333334,0.16666666666666663,20,24,30,58,-0.045599767644496025,0,13732.992846823136
2011-06-21,19.95,20.8,2011-07-20,2011-08-17,0.7916666666666666,0.20833333333333337,19,24,29,57,-0.02309562398703413,0,13415.820807816279
2011-06-22,20.3,21.1,2011-07-20,2011-08-17,0.75,0.25,18,24,28,56,0.01687195942449038,0,13642.171992131987
2011-06-23,19.85,20.8,2011-07-20,2011-08-17,0.7083333333333334,0.29166666666666663,17,24,27,55,-0.020121951219512102,0,13367.664872778116
2011-06-24,21.05,21.55,2011-07-20,2011-08-17,0.6666666666666666,0.33333333333333337,16,24,26,54,0.05310009315805808,0,14077.489122828332
2011-06-27,20.6,21.0,2011-07-20,2011-08-17,0.625,0.375,15,24,23,51,-0.022780832678711782,0,13756.792198584793
2011-06-28,19.5,20.2,2011-07-20,2011-08-17,0.5833333333333334,0.41666666666666663,14,24,22,50,-0.047590361445783214,0,13102.101485519614
2011-06-29,18.5,19.35,2011-07-20,2011-08-17,0.5416666666666666,0.45833333333333337,13,24,21,49,-0.04736842105263139,0,12481.475625679213
2011-06-30,17.7,18.75,2011-07-20,2011-08-17,0.5,0.5,12,24,20,48,-0.037498621374214336,0,12013.437497000383
2011-07-01,16.95,17.95,2011-07-20,2011-08-17,0.4583333333333333,0.5416666666666667,11,24,19,47,-0.04252400548696855,0,11502.578014960585
2011-07-05,16.95,18.1,2011-07-20,2011-08-17,0.4166666666666667,0.5833333333333333,10,24,15,43,0.004645069080514652,0,11556.008284444086
2011-07-06,17.25,18.35,2011-07-20,2011-08-17,0.375,0.625,9,24,14,42,0.0153700638448806,0,11733.62486956796
2011-07-07,16.75,17.85,2011-07-20,2011-08-17,0.3333333333333333,0.6666666666666667,8,24,13,41,-0.027874564459930307,0,11406.555186792546
2011-07-08,17.1,18.25,2011-07-20,2011-08-17,0.2916666666666667,0.7083333333333333,7,24,12,40,0.02192564346997128,0,11656.651249038712
2011-07-11,18.85,19.6,2011-07-20,2011-08-17,0.25,0.75,6,24,9,37,0.08186998488196306,0,12610.981110571825
2011-07-12,19.6,20.0,2011-07-20,2011-08-17,0.20833333333333334,0.7916666666666666,5,24,8,36,0.025112685125563194,0,12927.676708326042
2011-07-13,19.9,20.05,2011-07-20,2011-08-17,0.16666666666666666,0.8333333333333334,4,24,7,35,0.005125523012552424,0,12993.937812793405
2011-07-14,20.65,20.65,2011-07-20,2011-08-17,0.125,0.875,3,24,6,34,0.031210986267165897,0,13399.491427424906
2011-07-15,20.15,20.2,2011-07-20,2011-08-17,0.08333333333333333,0.9166666666666666,2,24,5,33,-0.02209443099273589,0,13103.437288743911
2011-07-18,21.15,21.0,2011-07-20,2011-08-17,0.041666666666666664,0.9583333333333334,1,24,2,30,0.04043738394883434,0,13633.306013438321
2011-07-19,19.25,19.75,2011-07-20,2011-08-17,0.0,1.0,0,24,1,29,-0.0607953981949817,0,12804.463745637298
2011-07-20,19.35,21.0,2011-08-17,2011-09-21,0.95,0.050000000000000044,19,20,28,63,-0.02025316455696191,0,12545.132834333253
2011-07-21,18.35,20.05,2011-08-17,2011-09-21,0.9,0.09999999999999998,18,20,27,62,-0.051331532226939314,0,11901.171943956442
2011-07-22,18.25,19.9,2011-08-17,2011-09-21,0.85,0.15000000000000002,17,20,26,61,-0.005669546436285144,0,11833.697696973966
2011-07-25,19.35,20.3,2011-08-17,2011-09-21,0.8,0.19999999999999996,16,20,23,58,0.053791052844979204,0,12470.244755143402
2011-07-26,19.65,20.7,2011-08-17,2011-09-21,0.75,0.25,15,20,22,57,0.016376663254861645,0,12674.46575420409
2011-07-27,21.3,21.75,2011-08-17,2011-09-21,0.7,0.30000000000000004,14,20,21,56,0.0753295668549907,0,13629.227769586696
2011-07-28,21.35,21.7,2011-08-17,2011-09-21,0.65,0.35,13,20,20,55,0.000933053417308205,0,13641.944567132381
2011-07-29,21.1,21.1,2011-08-17,2011-09-21,0.6,0.4,12,20,19,54,-0.017347770404005036,0,13405.287244917605
2011-08-01,20.7,20.6,2011-08-17,2011-09-21,0.55,0.44999999999999996,11,20,16,51,-0.020853080568720483,0,13125.745709952496
2011-08-02,22.3,22.0,2011-08-17,2011-09-21,0.5,0.5,10,20,15,50,0.07310578552408598,0,14085.313660667975
2011-08-03,22.0,21.85,2011-08-17,2011-09-21,0.45,0.55,9,20,14,49,-0.010158013544018019,0,13942.234853731166
2011-08-04,27.45,25.9,2011-08-17,2011-09-21,0.4,0.6,8,20,13,48,0.21352800273753836,0,16919.29241574608
2011-08-05,29.15,26.2,2011-08-17,2011-09-21,0.35,0.65,7,20,12,47,0.03242835595776761,0,17467.957252757453
2011-08-08,36.55,30.2,2011-08-17,2011-09-21,0.3,0.7,6,20,9,44,0.190581107133021,0,20797.01988534025
2011-08-09,30.5,25.4,2011-08-17,2011-09-21,0.25,0.75,5,20,8,43,-0.16118984581840823,0,17444.751456539885
2011-08-10,36.0,28.75,2011-08-17,2011-09-21,0.2,0.8,4,20,7,42,0.14573570759137788,0,19987.074653814445
2011-08-11,35.15,27.65,2011-08-17,2011-09-21,0.15,0.85,3,20,6,41,-0.0347682119205297,0,19292.15980657918
2011-08-12,35.0,27.85,2011-08-17,2011-09-21,0.1,0.9,2,20,5,40,0.0051259774109471135,0,19391.050981956083
2011-08-15,32.1,26.7,2011-08-17,2011-09-21,0.05,0.95,1,20,2,37,-0.046385436723262674,0,18491.588613635
2011-08-16,33.65,26.9,2011-08-17,2011-09-21,0.0,1.0,0,20,1,36,0.009918427882832814,0,18674.99610173835
2011-08-17,27.95,26.8,2011-09-21,2011-10-19,0.9583333333333334,0.04166666666666663,23,24,35,63,0.0390334572490707,0,19403.945763702115
2011-08-18,33.4,30.2,2011-09-21,2011-10-19,0.9166666666666666,0.08333333333333337,22,24,34,62,0.1922646158440977,0,23134.637941820012
2011-08-19,35.35,31.6,2011-09-21,2011-10-19,0.875,0.125,21,24,33,61,0.05746981891348102,0,24464.181394965355
2011-08-22,36.45,32.65,2011-09-21,2011-10-19,0.8333333333333334,0.16666666666666663,20,24,30,58,0.03135638774413185,0,25231.289752628665
2011-08-23,34.3,31.75,2011-09-21,2011-10-19,0.7916666666666666,0.20833333333333337,19,24,29,57,-0.05421126105165197,0,23863.469717179043
2011-08-24,33.55,31.45,2011-09-21,2011-10-19,0.75,0.25,18,24,28,56,-0.019433647973348123,0,23399.71544727273
2011-08-25,34.75,31.75,2011-09-21,2011-10-19,0.7083333333333334,0.29166666666666663,17,24,27,55,0.029523088569265665,0,24090.54731891818
2011-08-26,34.0,31.0,2011-09-21,2011-10-19,0.6666666666666666,0.33333333333333337,16,24,26,54,-0.022140221402214055,0,23557.17726757682
2011-08-29,31.65,29.7,2011-09-21,2011-10-19,0.625,0.375,15,24,23,51,-0.06060606060606055,0,22129.469554390347
2011-08-30,32.5,30.55,2011-09-21,2011-10-19,0.5833333333333334,0.41666666666666663,14,24,22,50,0.027491408934708028,0,22737.839851418263
2011-08-31,31.65,30.2,2011-09-21,2011-10-19,0.5416666666666666,0.45833333333333337,13,24,21,49,-0.020249835634451152,0,22277.402331744568
2011-09-01,32.15,30.7,2011-09-21,2011-10-19,0.5,0.5,12,24,20,48,0.0161366234115512,0,22636.884383759545
2011-09-02,34.5,32.05,2011-09-21,2011-10-19,0.4583333333333333,0.5416666666666667,11,24,19,47,0.05887032617342891,0,23969.52515098167
2011-09-06,35.75,32.85,2011-09-21,2011-10-19,0.4166666666666667,0.5833333333333333,10,24,15,43,0.030333479871883506,0,24696.604259687578
2011-09-07,33.55,31.4,2011-09-21,2011-10-19,0.375,0.625,9,24,14,42,-0.05174944947394189,0,23418.568585372937
2011-09-08,34.6,32.15,2011-09-21,2011-10-19,0.3333333333333333,0.6666666666666667,8,24,13,41,0.026780516204153004,0,24045.729940851583
2011-09-09,38.55,34.55,2011-09-21,2011-10-19,0.2916666666666667,0.7083333333333333,7,24,12,40,0.08847320525783609,0,26173.13274148304
2011-09-12,38.3,35.05,2011-09-21,2011-10-19,0.25,0.75,6,24,9,37,0.007874475034997719,0,26379.232421843528
2011-09-13,37.85,35.15,2011-09-21,2011-10-19,0.20833333333333334,0.7916666666666666,5,24,8,36,-0.0010456605088881021,0,26351.648700245227
2011-09-14,35.75,34.1,2011-09-21,2011-10-19,0.16666666666666666,0.8333333333333334,4,24,7,35,-0.035526776338816846,0,25415.45957071254
2011-09-15,33.2,32.55,2011-09-21,2011-10-19,0.125,0.875,3,24,6,34,-0.04993939393939395,0,24146.226923059985
2011-09-16,32.05,31.85,2011-09-21,2011-10-19,0.08333333333333333,0.9166666666666666,2,24,5,33,-0.02317563685117774,0,23586.622736565016
2011-09-19,33.7,33.1,2011-09-21,2011-10-19,0.041666666666666664,0.9583333333333334,1,24,2,30,0.04027196652719667,0,24536.502417901578
2011-09-20,33.5,32.95,2011-09-21,2011-10-19,0.0,1.0,0,24,1,29,-0.004591194968553314,0,24423.850551454612
2011-09-21,35.75,33.75,2011-10-19,2011-11-16,0.95,0.050000000000000044,19,20,28,56,0.08497723823975711,0,26499.321918497793
2011-09-22,38.55,35.75,2011-10-19,2011-11-16,0.9,0.09999999999999998,18,20,27,55,0.07741935483870965,0,28550.88232509117
2011-09-23,39.1,35.9,2011-10-19,2011-11-16,0.85,0.15000000000000002,17,20,26,54,0.01332636529919018,0,28931.36181256953
2011-09-26,37.5,34.7,2011-10-19,2011-11-16,0.8,0.19999999999999996,16,20,23,51,-0.03987571206628693,0,27777.703159245935
2011-09-27,36.75,34.3,2011-10-19,2011-11-16,0.75,0.25,15,20,22,50,-0.01840822956145105,0,27266.364822800693
2011-09-28,39.45,36.05,2011-10-19,2011-11-16,0.7,0.30000000000000004,14,20,21,49,0.06814251124178483,0,29124.363394260992
2011-09-29,38.6,35.3,2011-10-19,2011-11-16,0.65,0.35,13,20,20,48,-0.021337496747332985,0,28502.92238506781
2011-09-30,42.15,37.75,2011-10-19,2011-11-16,0.6,0.4,12,20,19,47,0.08452396848711441,0,30912.10249853395
2011-10-03,45.05,40.55,2011-10-19,2011-11-16,0.55,0.44999999999999996,11,20,16,44,0.07080960633820244,0,33100.9763075413
2011-10-04,40.8,38.1,2011-10-19,2011-11-16,0.5,0.5,10,20,15,43,-0.0799535153980242,0,30454.436888646662
2011-10-05,38.45,36.3,2011-10-19,2011-11-16,0.45,0.55,9,20,14,42,-0.05259822560202798,0,28852.587546594903
2011-10-06,37.85,35.9,2011-10-19,2011-11-16,0.4,0.6,8,20,13,41,-0.013148185416247293,0,28473.22837579377
2011-10-07,37.95,35.95,2011-10-19,2011-11-16,0.35,0.65,7,20,12,40,0.001908396946564972,0,28527.56659788498
2011-10-10,34.7,33.65,2011-10-19,2011-11-16,0.3,0.7,6,20,9,37,-0.07182810368349268,0,26478.485586454353
2011-10-11,34.5,33.5,2011-10-19,2011-11-16,0.25,0.75,5,20,8,36,-0.0048579419991167105,0,26349.85463925091
2011-10-12,32.25,31.45,2011-10-19,2011-11-16,0.2,0.8,4,20,7,35,-0.06222222222222229,0,24710.308128364184
2011-10-13,32.1,31.2,2011-10-19,2011-11-16,0.15,0.85,3,20,6,34,-0.007276178424549085,0,24530.51151749662
2011-10-14,29.75,29.35,2011-10-19,2011-11-16,0.1,0.9,2,20,5,33,-0.06143290250518596,0,23023.53099503991
2011-10-17,34.2,32.95,2011-10-19,2011-11-16,0.05,0.95,1,20,2,30,0.12538278325961216,0,25910.285391661964
2011-10-18,32.15,31.0,2011-10-19,2011-11-16,0.0,1.0,0,20,1,29,-0.05921999242711107,0,24375.878486983453
2011-10-19,33.85,31.55,2011-11-16,2011-12-21,0.95,0.050000000000000044,19,20,28,63,0.09193548387096784,0,26616.886670464195
2011-10-20,34.1,31.55,2011-11-16,2011-12-21,0.9,0.09999999999999998,18,20,27,62,0.007040165999703696,0,26804.273971019564
2011-10-21,31.6,30.0,2011-11-16,2011-12-21,0.85,0.15000000000000002,17,20,26,61,-0.07105924065593139,0,24899.582616305368
2011-10-24,29.75,28.85,2011-11-16,2011-12-21,0.8,0.19999999999999996,16,20,23,58,-0.05564413265306123,0,23514.066938197815
2011-10-25,32.4,30.25,2011-11-16,2011-12-21,0.75,0.25,15,20,22,57,0.08116334122421365,0,25422.54717667176
2011-10-26,30.5,29.2,2011-11-16,2011-12-21,0.7,0.30000000000000004,14,20,21,56,-0.052961945861121906,0,24076.119609449055
2011-10-27,26.2,25.8,2011-11-16,2011-12-21,0.65,0.35,13,20,20,55,-0.13384257721687143,0,20853.709711538737
2011-10-28,26.25,25.55,2011-11-16,2011-12-21,0.6,0.4,12,20,19,54,-0.002110514198004676,0,20809.697661111466
2011-10-31,29.95,28.2,2011-11-16,2011-12-21,0.55,0.44999999999999996,11,20,16,51,0.1262995764343473,0,23437.953661436673
2011-11-01,33.95,31.25,2011-11-16,2011-12-21,0.5,0.5,10,20,15,50,0.12250321474496362,0,26309.178332006155
2011-11-02,32.7,30.4,2011-11-16,2011-12-21,0.45,0.55,9,20,14,49,-0.03220858895705525,0,25461.796821312706
2011-11-03,30.95,29.25,2011-11-16,2011-12-21,0.4,0.6,8,20,13,48,-0.045172578336249436,0,24311.621809820288
2011-11-04,31.4,29.85,2011-11-16,2011-12-21,0.35,0.65,7,20,12,47,0.01804209822920133,0,24750.254478624258
2011-11-07,31.1,29.75,2011-11-16,2011-12-21,0.3,0.7,6,20,9,44,-0.005593485234843931,0,24611.814295639444
2011-11-08,28.9,28.35,2011-11-16,2011-12-21,0.25,0.75,5,20,8,43,-0.05438567401757588,0,23273.284186375684
2011-11-09,36.45,33.45,2011-11-16,2011-12-21,0.2,0.8,4,20,7,42,0.20052654673102221,0,27940.19549535931
2011-11-10,33.45,31.5,2011-11-16,2011-12-21,0.15,0.85,3,20,6,41,-0.06343612334801763,0,26167.77780754797
2011-11-11,31.4,30.2,2011-11-16,2011-12-21,0.1,0.9,2,20,5,40,-0.04442871746481081,0,25005.177000654476
2011-11-14,32.1,30.75,2011-11-16,2011-12-21,0.05,0.95,1,20,2,37,0.018634564643799534,0,25471.13758790282
2011-11-15,32.05,30.7,2011-11-16,2011-12-21,0.0,1.0,0,20,1,36,-0.0016224547740731898,0,25429.81181912225
2011-11-16,32.65,33.6,2011-12-21,2012-01-18,0.9583333333333334,0.04166666666666663,23,24,35,63,0.06351791530944628,0,27045.060452584414
2011-11-17,33.75,34.65,2011-12-21,2012-01-18,0.9166666666666666,0.08333333333333337,22,24,34,62,0.03358613217768158,0,27953.3994276983
2011-11-18,32.35,33.75,2011-12-21,2012-01-18,0.875,0.125,21,24,33,61,-0.040157674304015845,0,26830.85591779073
2011-11-21,32.95,34.35,2011-12-21,2012-01-18,0.8333333333333334,0.16666666666666663,20,24,30,58,0.01844734819369709,0,27325.814059241133
2011-11-22,32.3,33.85,2011-12-21,2012-01-18,0.7916666666666666,0.20833333333333337,19,24,29,57,-0.018834756403817376,0,26811.139007899314
2011-11-23,33.6,35.05,2011-12-21,2012-01-18,0.75,0.25,18,24,28,56,0.03921067756561758,0,27862.421934705006
2011-11-25,34.5,35.6,2011-12-21,2012-01-18,0.7083333333333334,0.29166666666666663,17,24,26,54,0.023923444976076347,0,28528.987052760145
2011-11-28,32.0,33.7,2011-12-21,2012-01-18,0.6666666666666666,0.33333333333333337,16,24,23,51,-0.06677037214311343,0,26624.095970381284
2011-11-29,31.35,33.2,2011-12-21,2012-01-18,0.625,0.375,15,24,22,50,-0.0184237461617196,0,26133.580384437715
2011-11-30,28.35,30.9,2011-12-21,2012-01-18,0.5833333333333334,0.41666666666666663,14,24,21,49,-0.08543007606787612,0,23900.986624269248
2011-12-01,27.9,30.15,2011-12-21,2012-01-18,0.5416666666666666,0.45833333333333337,13,24,20,48,-0.01954951126221849,0,23433.73401707996
2011-12-02,27.8,29.9,2011-12-21,2012-01-18,0.5,0.5,12,24,19,47,-0.005832793259883173,0,23297.04989125124
2011-12-05,27.8,29.7,2011-12-21,2012-01-18,0.4583333333333333,0.5416666666666667,11,24,16,44,-0.0034662045060659397,0,23216.297551940144
2011-12-06,28.1,29.95,2011-12-21,2012-01-18,0.4166666666666667,0.5833333333333333,10,24,15,43,0.009466685937274288,0,23436.07894949067
2011-12-07,28.6,30.6,2011-12-21,2012-01-18,0.375,0.625,9,24,14,42,0.020134228187919323,0,23907.94631088981
2011-12-08,30.15,32.1,2011-12-21,2012-01-18,0.3333333333333333,0.6666666666666667,8,24,13,41,0.05087939698492461,0,25124.368202335834
2011-12-09,27.2,29.55,2011-12-21,2012-01-18,0.2916666666666667,0.7083333333333333,7,24,12,40,-0.0853206147323794,0,22980.741662549895
2011-12-12,27.6,30.1,2011-12-21,2012-01-18,0.25,0.75,6,24,9,37,0.017538794658968015,0,23383.796171680147
2011-12-13,27.1,29.9,2011-12-21,2012-01-18,0.20833333333333334,0.7916666666666666,5,24,8,36,-0.00932994062765069,0,23165.62674174929
2011-12-14,27.1,30.1,2011-12-21,2012-01-18,0.16666666666666666,0.8333333333333334,4,24,7,35,0.005400795906765454,0,23290.739563833784
2011-12-15,26.35,28.9,2011-12-21,2012-01-18,0.125,0.875,3,24,6,34,-0.03800675675675691,0,22405.534090546178
2011-12-16,26.1,28.85,2011-12-21,2012-01-18,0.08333333333333333,0.9166666666666666,2,24,5,33,-0.0026240979663239017,0,22346.739774104775
2011-12-19,25.6,28.35,2011-12-21,2012-01-18,0.041666666666666664,0.9583333333333334,1,24,2,30,-0.017469791818314206,0,21956.346882433125
2011-12-20,23.85,26.55,2011-12-21,2012-01-18,0.0,1.0,0,24,1,29,-0.06367593890651524,0,20558.25587973706
2011-12-21,24.5,25.85,2012-01-18,2012-02-15,0.9411764705882353,0.05882352941176472,16,17,28,56,-0.07721280602636538,0,18970.895256254535
2011-12-22,25.1,26.0,2012-01-18,2012-02-15,0.8823529411764706,0.11764705882352944,15,17,27,55,0.023333732200550683,0,19413.557045768677
2011-12-23,25.7,26.4,2012-01-18,2012-02-15,0.8235294117647058,0.17647058823529416,14,17,26,54,0.022870478413068662,0,19857.554383104805
2011-12-27,25.45,26.2,2012-01-18,2012-02-15,0.7647058823529411,0.23529411764705888,13,17,22,50,-0.00933940774487474,0,19672.096585904965
2011-12-28,26.7,27.1,2012-01-18,2012-02-15,0.7058823529411765,0.2941176470588235,12,17,21,49,0.04556409962125563,0,20568.437954504105
2011-12-29,25.95,26.55,2012-01-18,2012-02-15,0.6470588235294118,0.3529411764705882,11,17,20,48,-0.025773195876288568,0,20038.32357423338
2011-12-30,26.7,27.15,2012-01-18,2012-02-15,0.5882352941176471,0.4117647058823529,10,17,19,47,0.02664418212478914,0,20572.228317020712
2012-01-03,24.8,25.8,2012-01-18,2012-02-15,0.5294117647058824,0.47058823529411764,9,17,15,43,-0.062247018925719266,0,19291.668431626906
2012-01-04,24.2,25.3,2012-01-18,2012-02-15,0.47058823529411764,0.5294117647058824,8,17,14,42,-0.021880819366852933,0,18869.55091938926
2012-01-05,23.75,24.9,2012-01-18,2012-02-15,0.4117647058823529,0.5882352941176471,7,17,13,41,-0.0170899596487063,0,18547.071055587687
2012-01-06,23.05,24.4,2012-01-18,2012-02-15,0.35294117647058826,0.6470588235294117,6,17,12,40,-0.02384105960264904,0,18104.889229096854
2012-01-09,22.85,24.15,2012-01-18,2012-02-15,0.29411764705882354,0.7058823529411764,5,17,9,37,-0.00971231866240485,0,17929.048775556326
2012-01-10,22.35,23.65,2012-01-18,2012-02-15,0.23529411764705882,0.7647058823529411,4,17,8,36,-0.021037000371241232,0,17551.875369808946
2012-01-11,22.95,24.15,2012-01-18,2012-02-15,0.17647058823529413,0.8235294117647058,3,17,7,35,0.02242660955020792,0,17945.50442560156
2012-01-12,22.2,23.75,2012-01-18,2012-02-15,0.11764705882352941,0.8823529411764706,2,17,6,34,-0.019289839046565893,0,17599.33853362227
2012-01-13,22.55,24.1,2012-01-18,2012-02-15,0.058823529411764705,0.9411764705882353,1,17,5,33,0.014850867340571394,0,17860.703975466902
2012-01-17,22.45,23.95,2012-01-18,2012-02-15,0.0,1.0,0,17,1,29,-0.006125199068969911,0,17751.303608105223
2012-01-18,23.2,24.95,2012-02-15,2012-03-21,0.95,0.050000000000000044,19,20,28,63,-0.03131524008350728,0,17195.417273822182
2012-01-19,22.55,24.4,2012-02-15,2012-03-21,0.9,0.09999999999999998,18,20,27,62,-0.027697262479871143,0,16719.15128813822
2012-01-20,21.85,23.9,2012-02-15,2012-03-21,0.85,0.15000000000000002,17,20,26,61,-0.029909830657576242,0,16219.084304371607
2012-01-23,21.3,23.5,2012-02-15,2012-03-21,0.8,0.19999999999999996,16,20,23,58,-0.023806837413968163,0,15832.959201333988
2012-01-24,21.2,23.25,2012-02-15,2012-03-21,0.75,0.25,15,20,22,57,-0.005979760809567747,0,15738.281892402365
2012-01-25,20.6,22.5,2012-02-15,2012-03-21,0.7,0.30000000000000004,14,20,21,56,-0.02936096718480119,0,15276.190714214388
2012-01-26,20.55,22.55,2012-02-15,2012-03-21,0.65,0.35,13,20,20,55,-0.0009447331128955572,0,15261.758791007762
2012-01-27,20.15,22.2,2012-02-15,2012-03-21,0.6,0.4,12,20,19,54,-0.018000000000000016,0,14987.047132769623
2012-01-30,20.7,22.55,2012-02-15,2012-03-21,0.55,0.44999999999999996,11,20,16,51,0.02241297091082517,0,15322.951384195554
2012-01-31,20.9,22.75,2012-02-15,2012-03-21,0.5,0.5,10,20,15,50,0.00928828515035418,0,15465.275325996978
2012-02-01,19.85,22.05,2012-02-15,2012-03-21,0.45,0.55,9,20,14,49,-0.04009163802978222,0,14845.247105596185
2012-02-02,19.15,21.35,2012-02-15,2012-03-21,0.4,0.6,8,20,13,48,-0.033238366571699984,0,14351.815340452911
2012-02-03,17.95,20.55,2012-02-15,2012-03-21,0.35,0.65,7,20,12,47,-0.04689789936492428,0,13678.745348912375
2012-02-06,18.1,20.2,2012-02-15,2012-03-21,0.3,0.7,6,20,9,44,-0.008910386965376826,0,13556.862434652716
2012-02-07,18.4,20.4,2012-02-15,2012-03-21,0.25,0.75,5,20,8,43,0.011752682677567572,0,13716.191936950625
2012-02-08,19.2,21.0,2012-02-15,2012-03-21,0.2,0.8,4,20,7,42,0.03266331658291466,0,14164.208256499263
2012-02-09,20.0,21.95,2012-02-15,2012-03-21,0.15,0.85,3,20,6,41,0.04457364341085257,0,14795.558624521515
2012-02-10,21.75,23.55,2012-02-15,2012-03-21,0.1,0.9,2,20,5,40,0.07491631074685445,0,15903.987292109472
2012-02-13,19.25,21.9,2012-02-15,2012-03-21,0.05,0.95,1,20,2,37,-0.0742404792468977,0,14723.267653606696
2012-02-14,19.8,22.45,2012-02-15,2012-03-21,0.0,1.0,0,20,1,36,0.025267026530377823,0,15095.28084802423
2012-02-15,24.25,25.6,2012-03-21,2012-04-18,0.9583333333333334,0.04166666666666663,23,24,35,63,0.08017817371937652,0,16305.592898199891
2012-02-16,22.8,24.65,2012-03-21,2012-04-18,0.9166666666666666,0.08333333333333337,22,24,34,62,-0.058798320047998676,0,15346.85142839916
2012-02-17,22.6,24.8,2012-03-21,2012-04-18,0.875,0.125,21,24,33,61,-0.007442367035759512,0,15232.634527225744
2012-02-21,22.55,25.15,2012-03-21,2012-04-18,0.8333333333333334,0.16666666666666663,20,24,29,57,-1.1102230246251565e-16,0,15232.634527225742
2012-02-22,21.8,24.55,2012-03-21,2012-04-18,0.7916666666666666,0.20833333333333337,19,24,28,56,-0.03154459753444527,0,14752.127201675112
2012-02-23,20.25,23.35,2012-03-21,2012-04-18,0.75,0.25,18,24,27,55,-0.06602104479001769,0,13778.17635094528
2012-02-24,21.2,24.3,2012-03-21,2012-04-18,0.7083333333333334,0.29166666666666663,17,24,26,54,0.045184304399524367,0,14400.733665256717
2012-02-27,21.55,24.55,2012-03-21,2012-04-18,0.6666666666666666,0.33333333333333337,16,24,23,51,0.014514608859566458,0,14609.75468169871
2012-02-28,20.85,24.05,2012-03-21,2012-04-18,0.625,0.375,15,24,22,50,-0.028085735402808676,0,14199.428977408576
2012-02-29,21.0,24.0,2012-03-21,2012-04-18,0.5833333333333334,0.41666666666666663,14,24,21,49,0.00340136054421758,0,14247.726354882754
2012-03-01,20.05,23.3,2012-03-21,2012-04-18,0.5416666666666666,0.45833333333333337,13,24,20,48,-0.03801498127340819,0,13706.09930431324
2012-03-02,20.4,23.7,2012-03-21,2012-04-18,0.5,0.5,12,24,19,47,0.017313086371989694,0,13943.394185391882
2012-03-05,20.15,23.65,2012-03-21,2012-04-18,0.4583333333333333,0.5416666666666667,11,24,16,44,-0.006802721088435271,0,13848.541163722553
2012-03-06,22.5,25.3,2012-03-21,2012-04-18,0.4166666666666667,0.5833333333333333,10,24,15,43,0.08939708939708946,0,15086.56043615513
2012-03-07,20.65,23.95,2012-03-21,2012-04-18,0.375,0.625,9,24,14,42,-0.06457182320442001,0,14112.393722908922
2012-03-08,19.7,23.25,2012-03-21,2012-04-18,0.3333333333333333,0.6666666666666667,8,24,13,41,-0.034947716015410024,0,13619.197794783047
2012-03-09,19.05,22.75,2012-03-21,2012-04-18,0.2916666666666667,0.7083333333333333,7,24,12,40,-0.02492447129909381,0,13279.746490230296
2012-03-12,17.75,21.75,2012-03-21,2012-04-18,0.25,0.75,6,24,9,37,-0.05018265718131143,0,12613.333524656346
2012-03-13,17.0,21.0,2012-03-21,2012-04-18,0.20833333333333334,0.7916666666666666,5,24,8,36,-0.03614457831325302,0,12157.429903283224
2012-03-14,17.8,22.1,2012-03-21,2012-04-18,0.16666666666666666,0.8333333333333334,4,24,7,35,0.05144628099173554,0,12782.88445822486
2012-03-15,17.05,21.75,2012-03-21,2012-04-18,0.125,0.875,3,24,6,34,-0.019485580670303815,0,12533.802531914947
2012-03-16,16.15,21.6,2012-03-21,2012-04-18,0.08333333333333333,0.9166666666666666,2,24,5,33,-0.01151801535735375,0,12389.438001866312
2012-03-19,15.55,20.0,2012-03-21,2012-04-18,0.041666666666666664,0.9583333333333334,1,24,2,30,-0.0717241379310346,0,11500.816241732451
2012-03-20,15.65,19.1,2012-03-21,2012-04-18,0.0,1.0,0,24,1,29,-0.043318263063820917,0,11002.620858324422
2012-03-21,18.1,21.2,2012-04-18,2012-05-16,0.9473684210526315,0.052631578947368474,18,19,28,56,-0.05235602094240832,0,10426.56741024461
2012-03-22,18.35,21.6,2012-04-18,2012-05-16,0.8947368421052632,0.10526315789473684,17,19,27,55,0.01412103746397686,0,10573.801359265355
2012-03-23,17.0,20.2,2012-04-18,2012-05-16,0.8421052631578947,0.1578947368421053,16,19,26,54,-0.0725045755314655,0,9807.152379957786
2012-03-26,15.6,18.3,2012-04-18,2012-05-16,0.7894736842105263,0.21052631578947367,15,19,23,51,-0.08448586891160537,0,8978.586589588534
2012-03-27,17.6,19.55,2012-04-18,2012-05-16,0.7368421052631579,0.26315789473684215,14,19,22,50,0.11393229166666652,0,10001.537535667956
2012-03-28,17.65,19.7,2012-04-18,2012-05-16,0.6842105263157895,0.3157894736842105,13,19,21,49,0.004213279093418398,0,10043.676804669027
2012-03-29,17.1,19.55,2012-04-18,2012-05-16,0.631578947368421,0.368421052631579,12,19,20,48,-0.023155472457931703,0,9811.110723042146
2012-03-30,16.8,19.0,2012-04-18,2012-05-16,0.5789473684210527,0.42105263157894735,11,19,19,47,-0.0217804414559275,0,9597.420400321304
2012-04-02,17.0,18.85,2012-04-18,2012-05-16,0.5263157894736842,0.4736842105263158,10,19,16,44,0.002969121140142583,0,9625.916304122733
2012-04-03,17.25,19.3,2012-04-18,2012-05-16,0.47368421052631576,0.5263157894736843,9,19,15,43,0.019284557632857302,0,9811.54784185865
2012-04-04,17.95,19.9,2012-04-18,2012-05-16,0.42105263157894735,0.5789473684210527,8,19,14,42,0.035319454414931784,0,10158.0863585991
2012-04-05,18.45,20.45,2012-04-18,2012-05-16,0.3684210526315789,0.631578947368421,7,19,13,41,0.027724137931034676,0,10439.710545920261
2012-04-09,19.6,21.45,2012-04-18,2012-05-16,0.3157894736842105,0.6842105263157895,6,19,9,37,0.0535309037511682,0,10998.557686343975
2012-04-10,21.15,22.7,2012-04-18,2012-05-16,0.2631578947368421,0.736842105263158,5,19,8,36,0.06444696683062179,0,11707.381368740465
2012-04-11,20.7,22.35,2012-04-18,2012-05-16,0.21052631578947367,0.7894736842105263,4,19,7,35,-0.016881123834257994,0,11509.747614079872
2012-04-12,18.2,20.0,2012-04-18,2012-05-16,0.15789473684210525,0.8421052631578947,3,19,6,34,-0.10824064107164211,0,10263.925153759064
2012-04-13,19.95,21.7,2012-04-18,2012-05-16,0.10526315789473684,0.8947368421052632,2,19,5,33,0.08662573411639074,0,11153.045205119131
2012-04-16,19.85,21.35,2012-04-18,2012-05-16,0.05263157894736842,0.9473684210526316,1,19,2,30,-0.015044031311154282,0,10985.2584438386
2012-04-17,18.2,19.95,2012-04-18,2012-05-16,0.0,1.0,0,19,1,29,-0.06643572930842523,0,10255.444787480646
2012-04-18,20.55,22.45,2012-05-16,2012-06-20,0.95,0.050000000000000044,19,20,28,63,0.03007518796992481,0,10563.879217179312
2012-04-19,20.4,22.45,2012-05-16,2012-06-20,0.9,0.09999999999999998,18,20,27,62,-0.006902397674981908,0,10490.963121831863
2012-04-20,19.7,21.9,2012-05-16,2012-06-20,0.85,0.15000000000000002,17,20,26,61,-0.03324435816549354,0,10142.1977863087
2012-04-23,20.6,22.55,2012-05-16,2012-06-20,0.8,0.19999999999999996,16,20,23,58,0.04306040938592126,0,10578.924975060138
2012-04-24,19.75,21.8,2012-05-16,2012-06-20,0.75,0.25,15,20,22,57,-0.03954263935207236,0,10160.606360038702
2012-04-25,18.55,20.8,2012-05-16,2012-06-20,0.7,0.30000000000000004,14,20,21,56,-0.05675508945095609,0,9583.940237198753
2012-04-26,18.0,20.3,2012-05-16,2012-06-20,0.65,0.35,13,20,20,55,-0.027828348504551403,0,9317.235008231191
2012-04-27,18.05,20.15,2012-05-16,2012-06-20,0.6,0.4,12,20,19,54,-0.00106354692900823,0,9307.32569155134
2012-04-30,18.45,20.5,2012-05-16,2012-06-20,0.55,0.44999999999999996,11,20,16,51,0.020116463737427148,0,9494.556171317856
2012-05-01,18.0,20.05,2012-05-16,2012-06-20,0.5,0.5,10,20,15,50,-0.023228803716608737,0,9274.008989637996
2012-05-02,18.05,19.95,2012-05-16,2012-06-20,0.45,0.55,9,20,14,49,-0.0013140604467805073,0,9261.822381241627
2012-05-03,18.8,20.55,2012-05-16,2012-06-20,0.4,0.6,8,20,13,48,0.03495679497250603,0,9585.586007294458
2012-05-04,20.0,21.45,2012-05-16,2012-06-20,0.35,0.65,7,20,12,47,0.05138539042821133,0,10078.145086762483
2012-05-07,19.35,20.85,2012-05-16,2012-06-20,0.3,0.7,6,20,9,44,-0.029485496000954958,0,9780.985980109703
2012-05-08,19.55,21.0,2012-05-16,2012-06-20,0.25,0.75,5,20,8,43,0.008088235294117396,0,9860.096896125293
2012-05-09,20.5,21.85,2012-05-16,2012-06-20,0.2,0.8,4,20,7,42,0.04239854633555429,0,10278.150671248717
2012-05-10,19.35,20.85,2012-05-16,2012-06-20,0.15,0.85,3,20,6,41,-0.04772937905468011,0,9787.580921879573
2012-05-11,20.1,21.6,2012-05-16,2012-06-20,0.1,0.9,2,20,5,40,0.036363636363636376,0,10143.492955402467
2012-05-14,21.95,23.0,2012-05-16,2012-06-20,0.05,0.95,1,20,2,37,0.06736596736596723,0,10826.819170813027
2012-05-15,21.85,23.9,2012-05-16,2012-06-20,0.0,1.0,0,20,1,36,0.03704107201220186,0,11227.8561593822
2012-05-16,24.4,25.45,2012-06-20,2012-07-18,0.9583333333333334,0.04166666666666663,23,24,35,63,0.02092050209205021,0,11462.748547653795
2012-05-17,26.2,26.7,2012-06-20,2012-07-18,0.9166666666666666,0.08333333333333337,22,24,34,62,0.07270092900366487,0,12296.101016003635
2012-05-18,28.2,28.15,2012-06-20,2012-07-18,0.875,0.125,21,24,33,61,0.07446808510638303,0,13211.768112940079
2012-05-21,24.25,25.85,2012-06-20,2012-07-18,0.8333333333333334,0.16666666666666663,20,24,30,58,-0.1327865218355132,0,11457.423377925423
2012-05-22,24.95,26.5,2012-06-20,2012-07-18,0.7916666666666666,0.20833333333333337,19,24,29,57,0.028212100611828772,0,11780.661359015774
2012-05-23,24.8,26.35,2012-06-20,2012-07-18,0.75,0.25,18,24,28,56,-0.005935207320089009,0,11710.740691482253
2012-05-24,24.25,26.0,2012-06-20,2012-07-18,0.7083333333333334,0.29166666666666663,17,24,27,55,-0.01985111662531014,0,11478.269412246875
2012-05-25,24.55,26.1,2012-06-20,2012-07-18,0.6666666666666666,0.33333333333333337,16,24,26,54,0.009760201935212542,0,11590.299639577177
2012-05-29,23.0,24.8,2012-06-20,2012-07-18,0.625,0.375,15,24,22,50,-0.0585106382978724,0,10912.143809601917
2012-05-30,25.7,26.9,2012-06-20,2012-07-18,0.5833333333333334,0.41666666666666663,14,24,21,49,0.1045406546990495,0,12052.906467627881
2012-05-31,26.0,27.35,2012-06-20,2012-07-18,0.5416666666666666,0.45833333333333337,13,24,20,48,0.013835877862595547,0,12219.66900940327
2012-06-01,27.75,29.15,2012-06-20,2012-07-18,0.5,0.5,12,24,19,47,0.06660405415981852,0,13033.54850592062
2012-06-04,26.95,28.45,2012-06-20,2012-07-18,0.4583333333333333,0.5416666666666667,11,24,16,44,-0.026362038664323406,0,12689.957596274207
2012-06-05,25.6,27.35,2012-06-20,2012-07-18,0.4166666666666667,0.5833333333333333,10,24,15,43,-0.04374906198409112,0,12134.783854819318
2012-06-06,23.4,25.5,2012-06-20,2012-07-18,0.375,0.625,9,24,14,42,-0.07497260917201443,0,11225.007447485079
2012-06-07,23.05,25.3,2012-06-20,2012-07-18,0.3333333333333333,0.6666666666666667,8,24,13,41,-0.010369246332827431,0,11108.612580174284
2012-06-08,21.7,23.85,2012-06-20,2012-07-18,0.2916666666666667,0.7083333333333333,7,24,12,40,-0.05770536320434505,0,10467.58605653897
2012-06-11,24.55,26.4,2012-06-20,2012-07-18,0.25,0.75,6,24,9,37,0.11357315869740714,0,11656.422868917036
2012-06-12,23.45,25.55,2012-06-20,2012-07-18,0.20833333333333334,0.7916666666666666,5,24,8,36,-0.03518072289156604,0,11246.341486058753
2012-06-13,24.95,26.75,2012-06-20,2012-07-18,0.16666666666666666,0.8333333333333334,4,24,7,35,0.05027376804380279,0,11811.737449270267
2012-06-14,22.95,25.1,2012-06-20,2012-07-18,0.125,0.875,3,24,6,34,-0.0645872715816006,0,11048.849554783685
2012-06-15,21.5,23.65,2012-06-20,2012-07-18,0.08333333333333333,0.9166666666666666,2,24,5,33,-0.05839416058394176,0,10403.661259613833
2012-06-18,19.0,21.8,2012-06-20,2012-07-18,0.041666666666666664,0.9583333333333334,1,24,2,30,-0.08112906089117689,0,9559.621991791444
2012-06-19,18.45,21.9,2012-06-20,2012-07-18,0.0,1.0,0,24,1,29,0.00336279784780924,0,9591.76906805131
2012-06-20,20.45,22.7,2012-07-18,2012-08-22,0.9473684210526315,0.052631578947368474,18,19,28,63,-0.06621004566210043,0,8956.697600075311
2012-06-21,23.35,24.75,2012-07-18,2012-08-22,0.8947368421052632,0.10526315789473684,17,19,27,62,0.13881780962128976,0,10200.046742358028
2012-06-22,21.85,23.9,2012-07-18,2012-08-22,0.8421052631578947,0.1578947368421053,16,19,26,61,-0.06092507559637128,0,9578.608123493346
2012-06-25,22.45,24.25,2012-07-18,2012-08-22,0.7894736842105263,0.21052631578947367,15,19,23,58,0.025278898647044912,0,9820.744787426895
2012-06-26,21.75,23.7,2012-07-18,2012-08-22,0.7368421052631579,0.26315789473684215,14,19,22,57,-0.029279538904898983,0,9533.197908348346
2012-06-27,21.7,23.65,2012-07-18,2012-08-22,0.6842105263157895,0.3157894736842105,13,19,21,56,-0.002245862884160843,0,9511.787652998626
2012-06-28,21.35,23.3,2012-07-18,2012-08-22,0.631578947368421,0.368421052631579,12,19,20,55,-0.01568396226415103,0,9362.605134384377
2012-06-29,19.55,21.95,2012-07-18,2012-08-22,0.5789473684210527,0.42105263157894735,11,19,19,54,-0.07405199141426178,0,8669.285579357824
2012-07-02,18.15,20.65,2012-07-18,2012-08-22,0.5263157894736842,0.4736842105263158,10,19,16,51,-0.06604377319851529,0,8096.733248761556
2012-07-03,17.7,20.2,2012-07-18,2012-08-22,0.47368421052631576,0.5263157894736843,9,19,15,50,-0.023274806043282803,0,7908.283352812431
2012-07-05,18.8,20.9,2012-07-18,2012-08-22,0.42105263157894735,0.5789473684210527,8,19,13,48,0.04677553279822866,0,8278.197520159596
2012-07-06,18.25,20.6,2012-07-18,2012-08-22,0.3684210526315789,0.631578947368421,7,19,12,47,-0.020247173284249076,0,8110.587420487684
2012-07-09,18.4,20.5,2012-07-18,2012-08-22,0.3157894736842105,0.6842105263157895,6,19,9,44,-0.0004000533404454609,0,8107.342752897142
2012-07-10,19.25,21.2,2012-07-18,2012-08-22,0.2631578947368421,0.736842105263158,5,19,8,43,0.037675776067922495,0,8412.79318296119
2012-07-11,18.3,20.45,2012-07-18,2012-08-22,0.21052631578947367,0.7894736842105263,4,19,7,42,-0.038799134970105675,0,8086.384084779894
2012-07-12,18.5,20.6,2012-07-18,2012-08-22,0.15789473684210525,0.8421052631578947,3,19,6,41,0.008027372022634705,0,8151.296498146334
2012-07-13,17.45,19.35,2012-07-18,2012-08-22,0.10526315789473684,0.8947368421052632,2,19,5,40,-0.060114256037393066,0,7661.287373420058
2012-07-16,17.3,19.3,2012-07-18,2012-08-22,0.05263157894736842,0.9473684210526316,1,19,2,37,-0.003160643122165796,0,7637.072778176323
2012-07-17,16.65,18.55,2012-07-18,2012-08-22,0.0,1.0,0,19,1,36,-0.038799012887304696,0,7340.761893034575
2012-07-18,18.65,20.6,2012-08-22,2012-09-19,0.96,0.040000000000000036,24,25,35,63,0.005390835579514697,0,7380.334733428292
2012-07-19,18.2,20.15,2012-08-22,2012-09-19,0.92,0.07999999999999996,23,25,34,62,-0.024028193079880356,0,7202.99862545933
2012-07-20,19.15,20.95,2012-08-22,2012-09-19,0.88,0.12,22,25,33,61,0.05110045761603832,0,7571.0751514279955
2012-07-23,20.8,22.3,2012-08-22,2012-09-19,0.84,0.16000000000000003,21,25,30,58,0.08334193948156576,0,8202.063238508694
2012-07-24,21.85,23.2,2012-08-22,2012-09-19,0.8,0.19999999999999996,20,25,29,57,0.04876425855513289,0,8602.030770956882
2012-07-25,21.1,22.45,2012-08-22,2012-09-19,0.76,0.24,19,25,28,56,-0.03390596745027108,0,8310.370595630588
2012-07-26,19.15,20.9,2012-08-22,2012-09-19,0.72,0.28,18,25,27,55,-0.08653846153846168,0,7591.203909470249
2012-07-27,18.6,20.65,2012-08-22,2012-09-19,0.68,0.31999999999999995,17,25,26,54,-0.02372708757637476,0,7411.0867495001285
2012-07-30,19.5,21.25,2012-08-22,2012-09-19,0.64,0.36,16,25,23,51,0.04175321977565449,0,7720.5234833284485
2012-07-31,19.9,21.65,2012-08-22,2012-09-19,0.6,0.4,15,25,22,50,0.01987083954297053,0,7873.936766653404
2012-08-01,19.7,21.35,2012-08-22,2012-09-19,0.56,0.43999999999999995,14,25,21,49,-0.011650485436893288,0,7782.201581022489
2012-08-02,18.7,20.7,2012-08-22,2012-09-19,0.52,0.48,13,25,20,48,-0.041417800842064256,0,7459.879905826902
2012-08-03,17.2,19.4,2012-08-22,2012-09-19,0.48,0.52,12,25,19,47,-0.07141403865717189,0,6927.13975385432
2012-08-06,16.85,19.0,2012-08-22,2012-09-19,0.44,0.56,11,25,16,44,-0.02049716528565182,0,6785.153025362759
2012-08-07,17.65,19.7,2012-08-22,2012-09-19,0.4,0.6,10,25,15,43,0.04120970422067116,0,7064.76717462995
2012-08-08,16.8,18.9,2012-08-22,2012-09-19,0.36,0.64,9,25,14,42,-0.04343220338983056,0,6757.928769799623
2012-08-09,16.55,18.65,2012-08-22,2012-09-19,0.32,0.6799999999999999,8,25,13,41,-0.013778659611992983,0,6664.81356959846
2012-08-10,16.35,18.55,2012-08-22,2012-09-19,0.28,0.72,7,25,12,40,-0.007342307264434189,0,6615.878460510298
2012-08-13,15.8,18.25,2012-08-22,2012-09-19,0.24,0.76,6,25,9,37,-0.02063120330099255,0,6479.3849269768525
2012-08-14,16.4,19.0,2012-08-22,2012-09-19,0.2,0.8,5,25,8,36,0.04042577284565718,0,6741.319070214394
2012-08-15,16.2,19.0,2012-08-22,2012-09-19,0.16,0.84,4,25,7,35,-0.0021645021645021467,0,6726.727470495315
2012-08-16,15.9,18.75,2012-08-22,2012-09-19,0.12,0.88,3,25,6,34,-0.013906856403622214,0,6633.179837496836
2012-08-17,15.1,18.2,2012-08-22,2012-09-19,0.08,0.92,2,25,5,33,-0.03150803998261631,0,6424.181341965102
2012-08-20,14.65,18.25,2012-08-22,2012-09-19,0.04,0.96,1,25,2,30,0.0005570409982176283,0,6427.7598743525605
2012-08-21,14.9,18.75,2012-08-22,2012-09-19,0.0,1.0,0,25,1,29,0.027062852093228784,0,6601.713389122955
2012-08-22,19.0,21.25,2012-09-19,2012-10-17,0.9473684210526315,0.052631578947368474,18,19,28,56,0.01333333333333342,0,6689.736234311263
2012-08-23,19.3,21.6,2012-09-19,2012-10-17,0.8947368421052632,0.10526315789473684,17,19,27,55,0.015829318651066737,0,6795.630200855762
2012-08-24,18.55,21.2,2012-09-19,2012-10-17,0.8421052631578947,0.1578947368421053,16,19,26,54,-0.03649340156207914,0,6547.634539068541
2012-08-27,18.8,21.3,2012-09-19,2012-10-17,0.7894736842105263,0.21052631578947367,15,19,23,51,0.011931187569367285,0,6625.755594889834
2012-08-28,19.0,21.45,2012-09-19,2012-10-17,0.7368421052631579,0.26315789473684215,14,19,22,50,0.009803921568627194,0,6690.7139830750275
2012-08-29,19.25,21.7,2012-09-19,2012-10-17,0.6842105263157895,0.3157894736842105,13,19,21,49,0.012726054922973962,0,6775.860376697551
2012-08-30,19.7,22.0,2012-09-19,2012-10-17,0.631578947368421,0.368421052631579,12,19,20,48,0.020107767117886644,0,6912.107799175502
2012-08-31,18.95,21.2,2012-09-19,2012-10-17,0.5789473684210527,0.42105263157894735,11,19,19,47,-0.0373975409836067,0,6653.611964472728
2012-09-04,18.65,20.75,2012-09-19,2012-10-17,0.5263157894736842,0.4736842105263158,10,19,15,43,-0.01825155402724521,0,6532.173206226828
2012-09-05,18.15,20.35,2012-09-19,2012-10-17,0.47368421052631576,0.5263157894736843,9,19,14,42,-0.02304085733422645,0,6381.666335299698
2012-09-06,16.1,18.55,2012-09-19,2012-10-17,0.42105263157894735,0.5789473684210527,8,19,13,41,-0.09935941120348912,0,5747.587725727193
2012-09-07,15.1,17.55,2012-09-19,2012-10-17,0.3684210526315789,0.631578947368421,7,19,12,40,-0.057082770016524176,0,5419.499497429711
2012-09-10,16.5,18.55,2012-09-19,2012-10-17,0.3157894736842105,0.6842105263157895,6,19,9,37,0.06892190957951305,0,5793.021751757778
2012-09-11,16.6,18.35,2012-09-19,2012-10-17,0.2631578947368421,0.736842105263158,5,19,8,36,-0.005879758929883794,0,5758.960180381869
2012-09-12,15.8,17.6,2012-09-19,2012-10-17,0.21052631578947367,0.7894736842105263,4,19,7,35,-0.04265960576640193,0,5513.28520946237
2012-09-13,14.9,16.45,2012-09-19,2012-10-17,0.15789473684210525,0.8421052631578947,3,19,6,34,-0.06372249388753082,0,5161.964926402191
2012-09-14,15.75,17.35,2012-09-19,2012-10-17,0.10526315789473684,0.8947368421052632,2,19,5,33,0.055050341019811766,0,5446.132855932939
2012-09-17,15.0,16.85,2012-09-19,2012-10-17,0.05263157894736842,0.9473684210526316,1,19,2,30,-0.030632562413845932,0,5279.303851309475
2012-09-18,14.3,16.25,2012-09-19,2012-10-17,0.0,1.0,0,19,1,29,-0.036129437637449136,0,5088.565572044445
2012-09-19,16.05,17.7,2012-10-17,2012-11-21,0.95,0.050000000000000044,19,20,28,63,-0.012307692307692242,0,5025.937072696206
2012-09-20,16.4,18.05,2012-10-17,2012-11-21,0.9,0.09999999999999998,18,20,27,62,0.02169533550286684,0,5134.976463704646
2012-09-21,16.05,17.9,2012-10-17,2012-11-21,0.85,0.15000000000000002,17,20,26,61,-0.01992152127980673,0,5032.679920811647
2012-09-24,15.9,17.6,2012-10-17,2012-11-21,0.8,0.19999999999999996,16,20,23,58,-0.010564997703261358,0,4979.509669007023
2012-09-25,17.15,18.35,2012-10-17,2012-11-21,0.75,0.25,15,20,22,57,0.07081280788177313,0,5332.122730543849
2012-09-26,17.75,18.9,2012-10-17,2012-11-21,0.7,0.30000000000000004,14,20,21,56,0.0336676217765044,0,5511.642621901701
2012-09-27,16.1,17.75,2012-10-17,2012-11-21,0.65,0.35,13,20,20,55,-0.08289582757667868,0,5054.750445452264
2012-09-28,16.4,18.05,2012-10-17,2012-11-21,0.6,0.4,12,20,19,54,0.01798830760005976,0,5145.676851306598
2012-10-01,16.95,18.3,2012-10-17,2012-11-21,0.55,0.44999999999999996,11,20,16,51,0.025205158264947514,0,5275.374450724058
2012-10-02,16.6,17.95,2012-10-17,2012-11-21,0.5,0.5,10,20,15,50,-0.019934500925530285,0,5170.212493853581
2012-10-03,16.5,17.7,2012-10-17,2012-11-21,0.45,0.55,9,20,14,49,-0.010130246020260358,0,5117.83696931382
2012-10-04,15.8,17.4,2012-10-17,2012-11-21,0.4,0.6,8,20,13,48,-0.027972027972028024,0,4974.680690451895
2012-10-05,15.75,17.25,2012-10-17,2012-11-21,0.35,0.65,7,20,12,47,-0.0065632458233889635,0,4942.0306381875935
2012-10-08,15.9,17.4,2012-10-17,2012-11-21,0.3,0.7,6,20,9,44,0.008968609865470656,0,4986.353782924701
2012-10-09,16.7,18.05,2012-10-17,2012-11-21,0.25,0.75,5,20,8,43,0.04100294985250752,0,5190.808997032823
2012-10-10,16.75,18.15,2012-10-17,2012-11-21,0.2,0.8,4,20,7,42,0.004940014114325653,0,5216.451666742934
2012-10-11,16.2,17.55,2012-10-17,2012-11-21,0.15,0.85,3,20,6,41,-0.033016228315612794,0,5044.224107516391
2012-10-12,16.65,18.0,2012-10-17,2012-11-21,0.1,0.9,2,20,5,40,0.025940337224383825,0,5175.072981900732
2012-10-15,15.7,17.15,2012-10-17,2012-11-21,0.05,0.95,1,20,2,37,-0.04813881891967531,0,4925.951080728909
2012-10-16,15.5,16.75,2012-10-17,2012-11-21,0.0,1.0,0,20,1,36,-0.022837066315327004,0,4813.456809232246
2012-10-17,16.45,17.5,2012-11-21,2012-12-19,0.9565217391304348,0.04347826086956519,22,23,35,63,-0.017910447761194104,0,4727.245642499728
2012-10-18,16.7,17.6,2012-11-21,2012-12-19,0.9130434782608695,0.08695652173913049,21,23,34,62,0.014760147601476037,0,4797.020485931458
2012-10-19,17.6,18.45,2012-11-21,2012-12-19,0.8695652173913043,0.13043478260869568,20,23,33,61,0.05338170510494966,0,5053.093618893854
2012-10-22,17.35,18.05,2012-11-21,2012-12-19,0.8260869565217391,0.17391304347826086,19,23,30,58,-0.015220326500552495,0,4976.183884176431
2012-10-23,19.2,19.4,2012-11-21,2012-12-19,0.782608695652174,0.21739130434782605,18,23,29,57,0.1009082991165855,0,5478.322136020039
2012-10-24,18.75,19.1,2012-11-21,2012-12-19,0.7391304347826086,0.26086956521739135,17,23,28,56,-0.021690013556258547,0,5359.4972546242125
2012-10-25,18.3,18.9,2012-11-21,2012-12-19,0.6956521739130435,0.30434782608695654,16,23,27,55,-0.02042229145032881,0,5250.04403966304
2012-10-26,18.25,18.9,2012-11-21,2012-12-19,0.6521739130434783,0.34782608695652173,15,23,26,54,-0.0018819101387909098,0,5240.1639285556985
2012-10-31,18.95,19.5,2012-11-21,2012-12-19,0.6086956521739131,0.3913043478260869,14,23,21,49,0.03600423579244594,0,5428.832026230488
2012-11-01,16.9,17.9,2012-11-21,2012-12-19,0.5652173913043478,0.4347826086956522,13,23,20,48,-0.09777676950998182,0,4898.018368493342
2012-11-02,17.8,18.6,2012-11-21,2012-12-19,0.5217391304347826,0.4782608695652174,12,23,19,47,0.046902432906947844,0,5127.747346398599
2012-11-05,18.1,18.9,2012-11-21,2012-12-19,0.4782608695652174,0.5217391304347826,11,23,16,44,0.016499282639885315,0,5212.351499172752
2012-11-06,17.05,18.1,2012-11-21,2012-12-19,0.43478260869565216,0.5652173913043479,10,23,15,43,-0.04965954449401255,0,4953.50849798115
2012-11-07,18.85,19.5,2012-11-21,2012-12-19,0.391304347826087,0.6086956521739131,9,23,14,42,0.08920650566781663,0,5395.393681881883
2012-11-08,18.5,19.3,2012-11-21,2012-12-19,0.34782608695652173,0.6521739130434783,8,23,13,41,-0.013441771151022186,0,5322.870034740356
2012-11-09,18.6,19.6,2012-11-21,2012-12-19,0.30434782608695654,0.6956521739130435,7,23,12,40,0.012114285714285744,0,5387.3528031612095
2012-11-12,17.1,18.35,2012-11-21,2012-12-19,0.2608695652173913,0.7391304347826086,6,23,9,37,-0.06872465074357814,0,5017.1088633315185
2012-11-13,16.95,18.2,2012-11-21,2012-12-19,0.21739130434782608,0.782608695652174,5,23,8,36,-0.008322277168013481,0,4975.355092788776
2012-11-14,17.85,19.0,2012-11-21,2012-12-19,0.17391304347826086,0.8260869565217391,4,23,7,35,0.04583484903601298,0,5203.399742367309
2012-11-15,18.05,19.15,2012-11-21,2012-12-19,0.13043478260869565,0.8695652173913043,3,23,6,34,0.008441258094356918,0,5247.322982560742
2012-11-16,16.75,18.2,2012-11-21,2012-12-19,0.08695652173913043,0.9130434782608696,2,23,5,33,-0.05238476495482103,0,4972.4432014772665
2012-11-19,15.25,16.6,2012-11-21,2012-12-19,0.043478260869565216,0.9565217391304348,1,23,2,30,-0.08804426268943943,0,4534.648106038086
2012-11-20,15.15,16.4,2012-11-21,2012-12-19,0.0,1.0,0,23,1,29,-0.011828098304639378,0,4481.01184246292
2012-11-21,16.45,,2012-12-19,2013-01-16,0.9473684210526315,0.052631578947368474,18,19,28,56,0.0030487804878049918,1,4494.673463933845
2012-11-23,16.1,,2012-12-19,2013-01-16,0.8947368421052632,0.10526315789473684,17,19,26,54,,1,4494.673463933845
2012-11-26,15.6,,2012-12-19,2013-01-16,0.8421052631578947,0.1578947368421053,16,19,23,51,,1,4494.673463933845
2012-11-27,16.15,,2012-12-19,2013-01-16,0.7894736842105263,0.21052631578947367,15,19,22,50,,1,4494.673463933845
2012-11-28,15.5,,2012-12-19,2013-01-16,0.7368421052631579,0.26315789473684215,14,19,21,49,,1,4494.673463933845
2012-11-29,15.25,,2012-12-19,2013-01-16,0.6842105263157895,0.3157894736842105,13,19,20,48,,1,4494.673463933845
2012-11-30,15.55,,2012-12-19,2013-01-16,0.631578947368421,0.368421052631579,12,19,19,47,,1,4494.673463933845
2012-12-03,16.4,,2012-12-19,2013-01-16,0.5789473684210527,0.42105263157894735,11,19,16,44,,1,4494.673463933845
2012-12-04,16.5,,2012-12-19,2013-01-16,0.5263157894736842,0.4736842105263158,10,19,15,43,,1,4494.673463933845
2012-12-05,16.1,,2012-12-19,2013-01-16,0.47368421052631576,0.5263157894736843,9,19,14,42,,1,4494.673463933845
2012-12-06,16.4,,2012-12-19,2013-01-16,0.42105263157894735,0.5789473684210527,8,19,13,41,,1,4494.673463933845
2012-12-07,16.0,,2012-12-19,2013-01-16,0.3684210526315789,0.631578947368421,7,19,12,40,,1,4494.673463933845
2012-12-10,16.0,,2012-12-19,2013-01-16,0.3157894736842105,0.6842105263157895,6,19,9,37,,1,4494.673463933845
2012-12-11,15.55,,2012-12-19,2013-01-16,0.2631578947368421,0.736842105263158,5,19,8,36,,1,4494.673463933845
2012-12-12,16.1,,2012-12-19,2013-01-16,0.21052631578947367,0.7894736842105263,4,19,7,35,,1,4494.673463933845
2012-12-13,16.6,,2012-12-19,2013-01-16,0.15789473684210525,0.8421052631578947,3,19,6,34,,1,4494.673463933845
2012-12-14,16.85,,2012-12-19,2013-01-16,0.10526315789473684,0.8947368421052632,2,19,5,33,,1,4494.673463933845
2012-12-17,16.2,,2012-12-19,2013-01-16,0.05263157894736842,0.9473684210526316,1,19,2,30,,1,4494.673463933845
2012-12-18,15.55,,2012-12-19,2013-01-16,0.0,1.0,0,19,1,29,,1,4494.673463933845
2012-12-19,,,2013-01-16,2013-02-13,0.9090909090909091,0.09090909090909094,10,11,28,56,,2,4494.673463933845
2013-01-02,,,2013-01-16,2013-02-13,0.8181818181818182,0.18181818181818177,9,11,14,42,,2,4494.673463933845
2013-01-03,,,2013-01-16,2013-02-13,0.7272727272727273,0.2727272727272727,8,11,13,41,,2,4494.673463933845
2013-01-04,,,2013-01-16,2013-02-13,0.6363636363636364,0.36363636363636365,7,11,12,40,,2,4494.673463933845
2013-01-07,,,2013-01-16,2013-02-13,0.5454545454545454,0.4545454545454546,6,11,9,37,,2,4494.673463933845
2013-01-08,,,2013-01-16,2013-02-13,0.45454545454545453,0.5454545454545454,5,11,8,36,,2,4494.673463933845
2013-01-09,,,2013-01-16,2013-02-13,0.36363636363636365,0.6363636363636364,4,11,7,35,,2,4494.673463933845
2013-01-10,,,2013-01-16,2013-02-13,0.2727272727272727,0.7272727272727273,3,11,6,34,,2,4494.673463933845
2013-01-11,,,2013-01-16,2013-02-13,0.18181818181818182,0.8181818181818181,2,11,5,33,,2,4494.673463933845
2013-01-14,,,2013-01-16,2013-02-13,0.09090909090909091,0.9090909090909091,1,11,2,30,,2,4494.673463933845
2013-01-15,,,2013-01-16,2013-02-13,0.0,1.0,0,11,1,29,,2,4494.673463933845
2013-01-16,,,2013-02-13,2013-03-20,0.9473684210526315,0.052631578947368474,18,19,28,63,,2,4494.673463933845
2013-01-17,,,2013-02-13,2013-03-20,0.8947368421052632,0.10526315789473684,17,19,27,62,,2,4494.673463933845
2013-01-18,,,2013-02-13,2013-03-20,0.8421052631578947,0.1578947368421053,16,19,26,61,,2,4494.673463933845
2013-01-22,,,2013-02-13,2013-03-20,0.7894736842105263,0.21052631578947367,15,19,22,57,,2,4494.673463933845
2013-01-23,,,2013-02-13,2013-03-20,0.7368421052631579,0.26315789473684215,14,19,21,56,,2,4494.673463933845
2013-01-24,,,2013-02-13,2013-03-20,0.6842105263157895,0.3157894736842105,13,19,20,55,,2,4494.673463933845
2013-01-25,,,2013-02-13,2013-03-20,0.631578947368421,0.368421052631579,12,19,19,54,,2,4494.673463933845
2013-01-28,,,2013-02-13,2013-03-20,0.5789473684210527,0.42105263157894735,11,19,16,51,,2,4494.673463933845
2013-01-29,,,2013-02-13,2013-03-20,0.5263157894736842,0.4736842105263158,10,19,15,50,,2,4494.673463933845
2013-01-30,,,2013-02-13,2013-03-20,0.47368421052631576,0.5263157894736843,9,19,14,49,,2,4494.673463933845
2013-01-31,,,2013-02-13,2013-03-20,0.42105263157894735,0.5789473684210527,8,19,13,48,,2,4494.673463933845
2013-02-01,,,2013-02-13,2013-03-20,0.3684210526315789,0.631578947368421,7,19,12,47,,2,4494.673463933845
2013-02-04,,,2013-02-13,2013-03-20,0.3157894736842105,0.6842105263157895,6,19,9,44,,2,4494.673463933845
2013-02-05,,,2013-02-13,2013-03-20,0.2631578947368421,0.736842105263158,5,19,8,43,,2,4494.673463933845
2013-02-06,,,2013-02-13,2013-03-20,0.21052631578947367,0.7894736842105263,4,19,7,42,,2,4494.673463933845
2013-02-07,,,2013-02-13,2013-03-20,0.15789473684210525,0.8421052631578947,3,19,6,41,,2,4494.673463933845
2013-02-08,,,2013-02-13,2013-03-20,0.10526315789473684,0.8947368421052632,2,19,5,40,,2,4494.673463933845
2013-02-11,,,2013-02-13,2013-03-20,0.05263157894736842,0.9473684210526316,1,19,2,37,,2,4494.673463933845
2013-02-12,,,2013-02-13,2013-03-20,0.0,1.0,0,19,1,36,,2,4494.673463933845
2013-02-13,,,2013-03-20,2013-04-17,0.9583333333333334,0.04166666666666663,23,24,35,63,,2,4494.673463933845
2013-02-14,,,2013-03-20,2013-04-17,0.9166666666666666,0.08333333333333337,22,24,34,62,,2,4494.673463933845
2013-02-15,,,2013-03-20,2013-04-17,0.875,0.125,21,24,33,61,,2,4494.673463933845
2013-02-19,,,2013-03-20,2013-04-17,0.8333333333333334,0.16666666666666663,20,24,29,57,,2,4494.673463933845
2013-02-20,,,2013-03-20,2013-04-17,0.7916666666666666,0.20833333333333337,19,24,28,56,,2,4494.673463933845
2013-02-21,,,2013-03-20,2013-04-17,0.75,0.25,18,24,27,55,,2,4494.673463933845
2013-02-22,,,2013-03-20,2013-04-17,0.7083333333333334,0.29166666666666663,17,24,26,54,,2,4494.673463933845
2013-02-25,,,2013-03-20,2013-04-17,0.6666666666666666,0.33333333333333337,16,24,23,51,,2,4494.673463933845
2013-02-26,,,2013-03-20,2013-04-17,0.625,0.375,15,24,22,50,,2,4494.673463933845
2013-02-27,,,2013-03-20,2013-04-17,0.5833333333333334,0.41666666666666663,14,24,21,49,,2,4494.673463933845
2013-02-28,,,2013-03-20,2013-04-17,0.5416666666666666,0.45833333333333337,13,24,20,48,,2,4494.673463933845
2013-03-01,,,2013-03-20,2013-04-17,0.5,0.5,12,24,19,47,,2,4494.673463933845
2013-03-04,,,2013-03-20,2013-04-17,0.4583333333333333,0.5416666666666667,11,24,16,44,,2,4494.673463933845
2013-03-05,,,2013-03-20,2013-04-17,0.4166666666666667,0.5833333333333333,10,24,15,43,,2,4494.673463933845
2013-03-06,,,2013-03-20,2013-04-17,0.375,0.625,9,24,14,42,,2,4494.673463933845
2013-03-07,,,2013-03-20,2013-04-17,0.3333333333333333,0.6666666666666667,8,24,13,41,,2,4494.673463933845
2013-03-08,,,2013-03-20,2013-04-17,0.2916666666666667,0.7083333333333333,7,24,12,40,,2,4494.673463933845
2013-03-11,,,2013-03-20,2013-04-17,0.25,0.75,6,24,9,37,,2,4494.673463933845
2013-03-12,,,2013-03-20,2013-04-17,0.20833333333333334,0.7916666666666666,5,24,8,36,,2,4494.673463933845
2013-03-13,,,2013-03-20,2013-04-17,0.16666666666666666,0.8333333333333334,4,24,7,35,,2,4494.673463933845
2013-03-14,,,2013-03-20,2013-04-17,0.125,0.875,3,24,6,34,,2,4494.673463933845
2013-03-15,,,2013-03-20,2013-04-17,0.08333333333333333,0.9166666666666666,2,24,5,33,,2,4494.673463933845
2013-03-18,,,2013-03-20,2013-04-17,0.041666666666666664,0.9583333333333334,1,24,2,30,,2,4494.673463933845
2013-03-19,,,2013-03-20,2013-04-17,0.0,1.0,0,24,1,29,,2,4494.673463933845
2013-03-20,,,2013-04-17,2013-05-22,0.9473684210526315,0.052631578947368474,18,19,28,63,,2,4494.673463933845
2013-03-21,,,2013-04-17,2013-05-22,0.8947368421052632,0.10526315789473684,17,19,27,62,,2,4494.673463933845
2013-03-22,,,2013-04-17,2013-05-22,0.8421052631578947,0.1578947368421053,16,19,26,61,,2,4494.673463933845
2013-03-25,,,2013-04-17,2013-05-22,0.7894736842105263,0.21052631578947367,15,19,23,58,,2,4494.673463933845
2013-03-26,,,2013-04-17,2013-05-22,0.7368421052631579,0.26315789473684215,14,19,22,57,,2,4494.673463933845
2013-03-27,,,2013-04-17,2013-05-22,0.6842105263157895,0.3157894736842105,13,19,21,56,,2,4494.673463933845
2013-03-28,,,2013-04-17,2013-05-22,0.631578947368421,0.368421052631579,12,19,20,55,,2,4494.673463933845
2013-04-01,,,2013-04-17,2013-05-22,0.5789473684210527,0.42105263157894735,11,19,16,51,,2,4494.673463933845
2013-04-02,,,2013-04-17,2013-05-22,0.5263157894736842,0.4736842105263158,10,19,15,50,,2,4494.673463933845
2013-04-03,,,2013-04-17,2013-05-22,0.47368421052631576,0.5263157894736843,9,19,14,49,,2,4494.673463933845
2013-04-04,,,2013-04-17,2013-05-22,0.42105263157894735,0.5789473684210527,8,19,13,48,,2,4494.673463933845
2013-04-05,,,2013-04-17,2013-05-22,0.3684210526315789,0.631578947368421,7,19,12,47,,2,4494.673463933845
2013-04-08,,,2013-04-17,2013-05-22,0.3157894736842105,0.6842105263157895,6,19,9,44,,2,4494.673463933845
2013-04-09,,,2013-04-17,2013-05-22,0.2631578947368421,0.736842105263158,5,19,8,43,,2,4494.673463933845
2013-04-10,,,2013-04-17,2013-05-22,0.21052631578947367,0.7894736842105263,4,19,7,42,,2,4494.673463933845
2013-04-11,,,2013-04-17,2013-05-22,0.15789473684210525,0.8421052631578947,3,19,6,41,,2,4494.673463933845
2013-04-12,,,2013-04-17,2013-05-22,0.10526315789473684,0.8947368421052632,2,19,5,40,,2,4494.673463933845
2013-04-15,,,2013-04-17,2013-05-22,0.05263157894736842,0.9473684210526316,1,19,2,37,,2,4494.673463933845
2013-04-16,,,2013-04-17,2013-05-22,0.0,1.0,0,19,1,36,,2,4494.673463933845
2013-04-17,,,2013-05-22,2013-06-19,0.96,0.040000000000000036,24,25,35,63,,2,4494.673463933845
2013-04-18,,,2013-05-22,2013-06-19,0.92,0.07999999999999996,23,25,34,62,,2,4494.673463933845
2013-04-19,,,2013-05-22,2013-06-19,0.88,0.12,22,25,33,61,,2,4494.673463933845
2013-04-22,,,2013-05-22,2013-06-19,0.84,0.16000000000000003,21,25,30,58,,2,4494.673463933845
2013-04-23,,,2013-05-22,2013-06-19,0.8,0.19999999999999996,20,25,29,57,,2,4494.673463933845
2013-04-24,,,2013-05-22,2013-06-19,0.76,0.24,19,25,28,56,,2,4494.673463933845
2013-04-25,,,2013-05-22,2013-06-19,0.72,0.28,18,25,27,55,,2,4494.673463933845
2013-04-26,,,2013-05-22,2013-06-19,0.68,0.31999999999999995,17,25,26,54,,2,4494.673463933845
2013-04-29,,,2013-05-22,2013-06-19,0.64,0.36,16,25,23,51,,2,4494.673463933845
2013-04-30,,,2013-05-22,2013-06-19,0.6,0.4,15,25,22,50,,2,4494.673463933845
2013-05-01,,,2013-05-22,2013-06-19,0.56,0.43999999999999995,14,25,21,49,,2,4494.673463933845
2013-05-02,,,2013-05-22,2013-06-19,0.52,0.48,13,25,20,48,,2,4494.673463933845
2013-05-03,,,2013-05-22,2013-06-19,0.48,0.52,12,25,19,47,,2,4494.673463933845
2013-05-06,,,2013-05-22,2013-06-19,0.44,0.56,11,25,16,44,,2,4494.673463933845
2013-05-07,,,2013-05-22,2013-06-19,0.4,0.6,10,25,15,43,,2,4494.673463933845
2013-05-08,,,2013-05-22,2013-06-19,0.36,0.64,9,25,14,42,,2,4494.673463933845
2013-05-09,,,2013-05-22,2013-06-19,0.32,0.6799999999999999,8,25,13,41,,2,4494.673463933845
2013-05-10,,,2013-05-22,2013-06-19,0.28,0.72,7,25,12,40,,2,4494.673463933845
2013-05-13,,,2013-05-22,2013-06-19,0.24,0.76,6,25,9,37,,2,4494.673463933845
2013-05-14,,,2013-05-22,2013-06-19,0.2,0.8,5,25,8,36,,2,4494.673463933845
2013-05-15,,,2013-05-22,2013-06-19,0.16,0.84,4,25,7,35,,2,4494.673463933845
2013-05-16,,,2013-05-22,2013-06-19,0.12,0.88,3,25,6,34,,2,4494.673463933845
2013-05-17,,,2013-05-22,2013-06-19,0.08,0.92,2,25,5,33,,2,4494.673463933845
2013-05-20,13.3,15.1,2013-05-22,2013-06-19,0.04,0.96,1,25,2,30,,0,4494.673463933845
2013-05-21,13.55,15.4,2013-05-22,2013-06-19,0.0,1.0,0,25,1,29,0.019829651317540664,0,4583.801271509856
2013-05-22,15.3,16.4,2013-06-19,2013-07-17,0.9473684210526315,0.052631578947368474,18,19,28,56,-0.00649350649350644,0,4554.036328188363
2013-05-23,15.5,16.55,2013-06-19,2013-07-17,0.8947368421052632,0.10526315789473684,17,19,27,55,0.012851267991775162,0,4612.5614694861915
2013-05-24,15.5,16.5,2013-06-19,2013-07-17,0.8421052631578947,0.1578947368421053,16,19,26,54,-0.0003371544167228846,0,4611.006324014348
2013-05-28,15.2,16.35,2013-06-19,2013-07-17,0.7894736842105263,0.21052631578947367,15,19,22,50,-0.01764705882352946,0,4529.635624178801
2013-05-29,15.4,16.4,2013-06-19,2013-07-17,0.7368421052631579,0.26315789473684215,14,19,21,49,0.010906612133606108,0,4579.038603038283
2013-05-30,15.4,16.55,2013-06-19,2013-07-17,0.6842105263157895,0.3157894736842105,13,19,20,48,0.002520161290322731,0,4590.578518872554
2013-05-31,16.05,17.15,2013-06-19,2013-07-17,0.631578947368421,0.368421052631579,12,19,19,47,0.04023372287145244,0,4775.274582820515
2013-06-03,16.0,17.0,2013-06-19,2013-07-17,0.5789473684210527,0.42105263157894735,11,19,16,44,-0.005277466815928444,0,4750.073229672734
2013-06-04,16.1,17.1,2013-06-19,2013-07-17,0.5263157894736842,0.4736842105263158,10,19,15,43,0.00608974358974379,0,4778.9999576739465
2013-06-05,17.05,17.7,2013-06-19,2013-07-17,0.47368421052631576,0.5263157894736843,9,19,14,42,0.04731660844712615,0,5005.126027440037
2013-06-06,16.55,17.25,2013-06-19,2013-07-17,0.42105263157894735,0.5789473684210527,8,19,13,41,-0.027235587834770758,0,4868.808477895597
2013-06-07,15.8,16.9,2013-06-19,2013-07-17,0.3684210526315789,0.631578947368421,7,19,12,40,-0.030575818717988645,0,4719.940672502856
2013-06-10,15.6,16.7,2013-06-19,2013-07-17,0.3157894736842105,0.6842105263157895,6,19,9,37,-0.012125079770261782,0,4662.711015337855
2013-06-11,16.9,17.6,2013-06-19,2013-07-17,0.2631578947368421,0.736842105263158,5,19,8,36,0.06276150627615062,0,4955.349781990859
2013-06-12,18.25,18.55,2013-06-19,2013-07-17,0.21052631578947367,0.7894736842105263,4,19,7,35,0.06059232396494396,0,5255.605941340864
2013-06-13,16.8,17.7,2013-06-19,2013-07-17,0.15789473684210525,0.8421052631578947,3,19,6,34,-0.05281138790035589,0,4978.050097321296
2013-06-14,17.55,18.3,2013-06-19,2013-07-17,0.10526315789473684,0.8947368421052632,2,19,5,33,0.03552158273381312,0,5154.878315706361
2013-06-17,16.95,17.8,2013-06-19,2013-07-17,0.05263157894736842,0.9473684210526316,1,19,2,30,-0.028018486424032374,0,5010.446427600203
2013-06-18,16.8,17.65,2013-06-19,2013-07-17,0.0,1.0,0,19,1,29,-0.008448199199644457,0,4968.11717810069
2013-06-19,17.55,18.35,2013-07-17,2013-08-21,0.9473684210526315,0.052631578947368474,18,19,28,63,-0.005665722379603277,0,4939.969205420233
2013-06-20,19.65,19.45,2013-07-17,2013-08-21,0.8947368421052632,0.10526315789473684,17,19,27,62,0.1163799551234106,0,5514.8825998580705
2013-06-21,19.0,19.4,2013-07-17,2013-08-21,0.8421052631578947,0.1578947368421053,16,19,26,61,-0.029896769003887935,0,5350.0054286865525
2013-06-24,20.15,20.3,2013-07-17,2013-08-21,0.7894736842105263,0.21052631578947367,15,19,23,58,0.058255107675317275,0,5661.67057099822
2013-06-25,19.45,19.95,2013-07-17,2013-08-21,0.7368421052631579,0.26315789473684215,14,19,22,57,-0.031034033120354798,0,5485.966098981323
2013-06-26,18.85,19.6,2013-07-17,2013-08-21,0.6842105263157895,0.3157894736842105,13,19,21,56,-0.027281279397930347,0,5336.30192506744
2013-06-27,18.2,19.05,2013-07-17,2013-08-21,0.631578947368421,0.368421052631579,12,19,20,55,-0.032400386047152896,0,5163.403682631089
2013-06-28,18.05,18.9,2013-07-17,2013-08-21,0.5789473684210527,0.42105263157894735,11,19,19,54,-0.008102345415778145,0,5121.568002473312
2013-07-01,17.65,18.45,2013-07-17,2013-08-21,0.5263157894736842,0.4736842105263158,10,19,16,51,-0.022873481057898548,0,5004.419913781999
2013-07-02,17.6,18.45,2013-07-17,2013-08-21,0.47368421052631576,0.5263157894736843,9,19,15,50,-0.001459640928331507,0,4997.115257653285
2013-07-03,17.25,18.35,2013-07-17,2013-08-21,0.42105263157894735,0.5789473684210527,8,19,14,49,-0.012102653834937138,0,4936.636901516625
2013-07-05,15.95,17.45,2013-07-17,2013-08-21,0.3684210526315789,0.631578947368421,7,19,12,47,-0.05973223480947487,0,4641.760546946116
2013-07-08,15.35,16.75,2013-07-17,2013-08-21,0.3157894736842105,0.6842105263157895,6,19,9,44,-0.0392462233296994,0,4459.588975877681
2013-07-09,15.1,16.65,2013-07-17,2013-08-21,0.2631578947368421,0.736842105263158,5,19,8,43,-0.009036630627723197,0,4419.289317551208
2013-07-10,14.85,16.35,2013-07-17,2013-08-21,0.21052631578947367,0.7894736842105263,4,19,7,42,-0.017660401814646787,0,4341.242892468078
2013-07-11,14.5,16.05,2013-07-17,2013-08-21,0.15789473684210525,0.8421052631578947,3,19,6,41,-0.019366486131626393,0,4257.168272197073
2013-07-12,14.65,16.2,2013-07-17,2013-08-21,0.10526315789473684,0.8947368421052632,2,19,5,40,0.009490509490509336,0,4297.570968087055
2013-07-15,14.05,15.75,2013-07-17,2013-08-21,0.05263157894736842,0.9473684210526316,1,19,2,37,-0.029044962257958717,0,4172.748181518067
2013-07-16,14.25,16.2,2013-07-17,2013-08-21,0.0,1.0,0,19,1,36,0.027894471517391883,0,4289.1447868166715
2013-07-17,15.6,16.95,2013-08-21,2013-09-18,0.96,0.040000000000000036,24,25,35,63,-0.03703703703703698,0,4130.287572490128
2013-07-18,15.45,16.9,2013-08-21,2013-09-18,0.92,0.07999999999999996,23,25,34,62,-0.009326689663983645,0,4091.7656620785046
2013-07-19,14.9,16.5,2013-08-21,2013-09-18,0.88,0.12,22,25,33,61,-0.03456250803032257,0,3950.3439785247183
2013-07-22,14.7,16.2,2013-08-21,2013-09-18,0.84,0.16000000000000003,21,25,30,58,-0.014047177312483505,0,3894.8527962130797
2013-07-23,14.65,16.15,2013-08-21,2013-09-18,0.8,0.19999999999999996,20,25,29,57,-0.0033467202141901353,0,3881.8178136286983
2013-07-24,14.8,16.2,2013-08-21,2013-09-18,0.76,0.24,19,25,28,56,0.008695652173913215,0,3915.5727511385135
2013-07-25,14.5,15.9,2013-08-21,2013-09-18,0.72,0.28,18,25,27,55,-0.019820295983086877,0,3837.9649402676387
2013-07-26,14.45,15.85,2013-08-21,2013-09-18,0.68,0.31999999999999995,17,25,26,54,-0.0033575073865161897,0,3825.0789446315
2013-07-29,14.65,15.95,2013-08-21,2013-09-18,0.64,0.36,16,25,23,51,0.011276681433749491,0,3868.213141349052
2013-07-30,14.3,15.7,2013-08-21,2013-09-18,0.6,0.4,15,25,22,50,-0.020769943114168576,0,3787.8705744497533
2013-07-31,13.9,15.4,2013-08-21,2013-09-18,0.56,0.43999999999999995,14,25,21,49,-0.024226110363391617,0,3696.10520387089
2013-08-01,13.6,15.05,2013-08-21,2013-09-18,0.52,0.48,13,25,20,48,-0.022115384615384537,0,3614.3644157083604
2013-08-02,13.15,14.65,2013-08-21,2013-09-18,0.48,0.52,12,25,19,47,-0.029798545047565628,0,3506.6616148485564
2013-08-05,13.05,14.45,2013-08-21,2013-09-18,0.44,0.56,11,25,16,44,-0.010911701363962578,0,3468.397970522858
2013-08-06,13.4,14.85,2013-08-21,2013-09-18,0.4,0.6,10,25,15,43,0.027323984386294686,0,3563.1684225148806
2013-08-07,13.55,15.05,2013-08-21,2013-09-18,0.36,0.64,9,25,14,42,0.01261387526278912,0,3608.113784536792
2013-08-08,13.25,14.85,2013-08-21,2013-09-18,0.32,0.6799999999999999,8,25,13,41,-0.016264645072364026,0,3549.429094450597
2013-08-09,13.55,15.2,2013-08-21,2013-09-18,0.28,0.72,7,25,12,40,0.0232947412470359,0,3632.1121267805247
2013-08-12,13.35,15.0,2013-08-21,2013-09-18,0.24,0.76,6,25,9,37,-0.013570362328674146,0,3582.8230492017415
2013-08-13,13.1,14.9,2013-08-21,2013-09-18,0.2,0.8,5,25,8,36,-0.009312517118597596,0,3549.4579482231443
2013-08-14,13.35,15.15,2013-08-21,2013-09-18,0.16,0.84,4,25,7,35,0.01719394773039884,0,3610.4871426561413
2013-08-15,14.25,15.75,2013-08-21,2013-09-18,0.12,0.88,3,25,6,34,0.04360113039967706,0,3767.9084633694492
2013-08-16,14.45,15.6,2013-08-21,2013-09-18,0.08,0.92,2,25,5,33,-0.006936416184971095,0,3741.7726821206443
2013-08-19,15.05,15.95,2013-08-21,2013-09-18,0.04,0.96,1,25,2,30,0.023858653598142876,0,3831.046340386354
2013-08-20,15.0,15.65,2013-08-21,2013-09-18,0.0,1.0,0,25,1,29,-0.01822294834736715,0,3761.233380809124
2013-08-21,16.1,16.95,2013-09-18,2013-10-16,0.9473684210526315,0.052631578947368474,18,19,28,56,0.028753993610223683,0,3869.3838614074693
2013-08-22,15.45,16.4,2013-09-18,2013-10-16,0.8947368421052632,0.10526315789473684,17,19,27,55,-0.0399348003259985,0,3714.860789517521
2013-08-23,15.2,16.25,2013-09-18,2013-10-16,0.8421052631578947,0.1578947368421053,16,19,26,54,-0.015400236926721877,0,3657.651053209162
2013-08-26,15.85,16.7,2013-09-18,2013-10-16,0.7894736842105263,0.21052631578947367,15,19,23,51,0.04024661757150194,0,3804.8591363576725
2013-08-27,17.2,17.9,2013-09-18,2013-10-16,0.7368421052631579,0.26315789473684215,14,19,22,50,0.08225250369397474,0,4117.818326525986
2013-08-28,17.35,17.95,2013-09-18,2013-10-16,0.6842105263157895,0.3157894736842105,13,19,21,49,0.007114744171964782,0,4147.115550465846
2013-08-29,17.35,17.95,2013-09-18,2013-10-16,0.631578947368421,0.368421052631579,12,19,20,48,0.0,0,4147.115550465846
2013-08-30,17.5,18.15,2013-09-18,2013-10-16,0.5789473684210527,0.42105263157894735,11,19,19,47,0.009585143028306264,0,4186.866246171975
2013-09-03,16.85,17.65,2013-09-18,2013-10-16,0.5263157894736842,0.4736842105263158,10,19,15,43,-0.03301747112822018,0,4048.626510771272
2013-09-04,16.7,17.55,2013-09-18,2013-10-16,0.47368421052631576,0.5263157894736843,9,19,14,42,-0.007331602260577497,0,4018.943591492667
2013-09-05,16.4,17.4,2013-09-18,2013-10-16,0.42105263157894735,0.5789473684210527,8,19,13,41,-0.012891344383057168,0,3967.1340055986548
2013-09-06,16.5,17.5,2013-09-18,2013-10-16,0.3684210526315789,0.631578947368421,7,19,12,40,0.0058896466212028376,0,3990.499022990588
2013-09-09,15.8,16.8,2013-09-18,2013-10-16,0.3157894736842105,0.6842105263157895,6,19,9,37,-0.04086021505376336,0,3827.44637473936
2013-09-10,15.15,16.35,2013-09-18,2013-10-16,0.2631578947368421,0.736842105263158,5,19,8,36,-0.03113026819923359,0,3708.2969425755396
2013-09-11,14.55,15.75,2013-09-18,2013-10-16,0.21052631578947367,0.7894736842105263,4,19,7,35,-0.0374199901526342,0,3569.5325075013197
2013-09-12,14.8,15.8,2013-09-18,2013-10-16,0.15789473684210525,0.8421052631578947,3,19,6,34,0.005943284088979706,0,3590.7472532582483
2013-09-13,14.8,15.8,2013-09-18,2013-10-16,0.10526315789473684,0.8947368421052632,2,19,5,33,0.0,0,3590.7472532582483
2013-09-16,14.7,15.55,2013-09-18,2013-10-16,0.05263157894736842,0.9473684210526316,1,19,2,30,-0.014922870556673296,0,3537.162996796145
2013-09-17,14.65,15.45,2013-09-18,2013-10-16,0.0,1.0,0,19,1,29,-0.006279701289884754,0,3514.9506697626316
2013-09-18,14.7,15.9,2013-10-16,2013-11-20,0.95,0.050000000000000044,19,20,28,63,-0.04854368932038833,0,3344.3219964731834
2013-09-19,14.75,15.9,2013-10-16,2013-11-20,0.9,0.09999999999999998,18,20,27,62,0.0032181571815719234,0,3355.084550323623
2013-09-20,15.0,16.15,2013-10-16,2013-11-20,0.85,0.15000000000000002,17,20,26,61,0.016818028927009676,0,3411.5104593435285
2013-09-23,15.35,16.4,2013-10-16,2013-11-20,0.8,0.19999999999999996,16,20,23,58,0.022079420003295436,0,3486.83463162101
2013-09-24,15.05,16.25,2013-10-16,2013-11-20,0.75,0.25,15,20,22,57,-0.01735218508997438,0,3426.3304317149896
2013-09-25,15.05,16.2,2013-10-16,2013-11-20,0.7,0.30000000000000004,14,20,21,56,-0.0008143322475570036,0,3423.5402603536586
2013-09-26,14.8,15.95,2013-10-16,2013-11-20,0.65,0.35,13,20,20,55,-0.016239038648911963,0,3367.9452577496695
2013-09-27,15.5,16.35,2013-10-16,2013-11-20,0.6,0.4,12,20,19,54,0.03913829962177284,0,3499.760908357205
2013-09-30,16.2,16.9,2013-10-16,2013-11-20,0.55,0.44999999999999996,11,20,16,51,0.04040404040404022,0,3641.1653895029503
2013-10-01,15.45,16.25,2013-10-16,2013-11-20,0.5,0.5,10,20,15,50,-0.04268846503178936,0,3485.7296280981923
2013-10-02,16.35,16.9,2013-10-16,2013-11-20,0.45,0.55,9,20,14,49,0.04889589905362768,0,3656.1675121219205
2013-10-03,17.25,17.45,2013-10-16,2013-11-20,0.4,0.6,8,20,13,48,0.04248611319621687,0,3811.503858906263
2013-10-04,16.8,17.0,2013-10-16,2013-11-20,0.35,0.65,7,20,12,47,-0.025906735751295096,0,3712.7602356185366
2013-10-07,18.5,18.35,2013-10-16,2013-11-20,0.3,0.7,6,20,9,44,0.08697578263437711,0,4035.6804628452537
2013-10-08,19.4,19.1,2013-10-16,2013-11-20,0.25,0.75,5,20,8,43,0.04321826583310684,0,4210.0955739059755
2013-10-09,18.85,18.7,2013-10-16,2013-11-20,0.2,0.8,4,20,7,42,-0.022816166883963707,0,4114.0373306943
2013-10-10,16.4,16.85,2013-10-16,2013-11-20,0.15,0.85,3,20,6,41,-0.10517885744794442,0,3681.3275847536825
2013-10-11,15.7,16.4,2013-10-16,2013-11-20,0.1,0.9,2,20,5,40,-0.029048115596603807,0,3574.3919555227912
2013-10-14,15.9,16.65,2013-10-16,2013-11-20,0.05,0.95,1,20,2,37,0.015003061849357069,0,3628.0187791053436
2013-10-15,18.2,17.3,2013-10-16,2013-11-20,0.0,1.0,0,20,1,36,0.044093303235515524,0,3787.9901112765806
2013-10-16,15.55,16.55,2013-11-20,2013-12-18,0.96,0.040000000000000036,24,25,35,63,-0.10115606936416188,0,3404.811920829527
2013-10-17,14.55,15.6,2013-11-20,2013-12-18,0.92,0.07999999999999996,23,25,34,62,-0.06401539448364346,0,3186.851542575013
2013-10-18,14.35,15.25,2013-11-20,2013-12-18,0.88,0.12,22,25,33,61,-0.014486811534782151,0,3140.6842248883986
2013-10-21,14.6,15.5,2013-11-20,2013-12-18,0.84,0.16000000000000003,21,25,30,58,0.017291464932909006,0,3194.991256028397
2013-10-22,14.6,15.55,2013-11-20,2013-12-18,0.8,0.19999999999999996,20,25,29,57,0.0005425935973955021,0,3196.7248378276527
2013-10-23,14.7,15.55,2013-11-20,2013-12-18,0.76,0.24,19,25,28,56,0.005409060175794567,0,3214.0161148409197
2013-10-24,14.45,15.45,2013-11-20,2013-12-18,0.72,0.28,18,25,27,55,-0.0143585614600108,0,3167.867466922511
2013-10-25,14.5,15.5,2013-11-20,2013-12-18,0.68,0.31999999999999995,17,25,26,54,0.0033944331296673624,0,3178.6205812026283
2013-10-28,14.55,15.5,2013-11-20,2013-12-18,0.64,0.36,16,25,23,51,0.00229419703103928,0,3185.9129631028236
2013-10-29,14.45,15.5,2013-11-20,2013-12-18,0.6,0.4,15,25,22,50,-0.004297609454740892,0,3172.221153430611
2013-10-30,14.55,15.55,2013-11-20,2013-12-18,0.56,0.43999999999999995,14,25,21,49,0.005379959650302579,0,3189.287575237904
2013-10-31,14.5,15.5,2013-11-20,2013-12-18,0.52,0.48,13,25,20,48,-0.0033355570380253496,0,3178.649524620033
2013-11-01,14.45,15.6,2013-11-20,2013-12-18,0.48,0.52,12,25,19,47,0.00146862483311061,0,3183.3177682476453
2013-11-04,13.95,15.1,2013-11-20,2013-12-18,0.44,0.56,11,25,16,44,-0.03322700691121727,0,3077.54564676148
2013-11-05,14.0,15.2,2013-11-20,2013-12-18,0.4,0.6,10,25,15,43,0.005344662189941118,0,3093.994088617544
2013-11-06,13.7,14.95,2013-11-20,2013-12-18,0.36,0.64,9,25,14,42,-0.018342391304347783,0,3037.242838350782
2013-11-07,14.25,15.4,2013-11-20,2013-12-18,0.32,0.6799999999999999,8,25,13,41,0.033517241379310336,0,3139.042839691367
2013-11-08,13.6,14.85,2013-11-20,2013-12-18,0.28,0.72,7,25,12,40,-0.038717402873869156,0,3017.5072534287024
2013-11-11,13.3,14.75,2013-11-20,2013-12-18,0.24,0.76,6,25,9,37,-0.010758620689655163,0,2985.04303746078
2013-11-12,13.35,14.8,2013-11-20,2013-12-18,0.2,0.8,5,25,8,36,0.0034717400361061745,0,2995.4063308834325
2013-11-13,13.25,14.65,2013-11-20,2013-12-18,0.16,0.84,4,25,7,35,-0.009648518263266737,0,2966.505098193999
2013-11-14,13.05,14.6,2013-11-20,2013-12-18,0.12,0.88,3,25,6,34,-0.005129627062248621,0,2951.2880333620046
2013-11-15,12.95,14.35,2013-11-20,2013-12-18,0.08,0.92,2,25,5,33,-0.016095462744553868,0,2903.7856867725786
2013-11-18,13.3,14.3,2013-11-20,2013-12-18,0.04,0.96,1,25,2,30,-0.0012642225031604948,0,2900.1146555630053
2013-11-19,13.6,14.5,2013-11-20,2013-12-18,0.0,1.0,0,25,1,29,0.014305750350631197,0,2941.6029718136965
2013-11-20,14.15,16.0,2013-12-18,2014-01-22,0.9473684210526315,0.052631578947368474,18,19,28,63,-0.024137931034482696,0,2870.598762149228
2013-11-21,13.7,15.5,2013-12-18,2014-01-22,0.8947368421052632,0.10526315789473684,17,19,27,62,-0.03176948651643896,0,2779.401313481022
2013-11-22,13.6,15.2,2013-12-18,2014-01-22,0.8421052631578947,0.1578947368421053,16,19,26,61,-0.00871542250852586,0,2755.1776567132833
2013-11-25,13.65,15.05,2013-12-18,2014-01-22,0.7894736842105263,0.21052631578947367,15,19,23,58,0.0013297872340427563,0,2758.8414567887007
2013-11-26,13.75,15.0,2013-12-18,2014-01-22,0.7368421052631579,0.26315789473684215,14,19,22,57,0.004906586148329728,0,2772.377950066018
2013-11-27,13.85,15.1,2013-12-18,2014-01-22,0.6842105263157895,0.3157894736842105,13,19,21,56,0.007102803738317842,0,2792.069606533777
2013-11-29,13.95,15.15,2013-12-18,2014-01-22,0.631578947368421,0.368421052631579,12,19,19,54,0.00591169406983183,0,2808.57546786928
2013-12-02,14.3,15.2,2013-12-18,2014-01-22,0.5789473684210527,0.42105263157894735,11,19,16,51,0.01663923934905842,0,2855.308027309051
2013-12-03,14.65,15.5,2013-12-18,2014-01-22,0.5263157894736842,0.4736842105263158,10,19,15,50,0.022409465758336244,0,2919.2939547765354
2013-12-04,14.25,15.4,2013-12-18,2014-01-22,0.47368421052631576,0.5263157894736843,9,19,14,49,-0.017132867132867213,0,2869.2780793275665
2013-12-05,14.55,15.5,2013-12-18,2014-01-22,0.42105263157894735,0.5789473684210527,8,19,13,48,0.013108945969884767,0,2906.891290642046
2013-12-06,13.95,15.0,2013-12-18,2014-01-22,0.3684210526315789,0.631578947368421,7,19,12,47,-0.03590101080515873,0,2802.5309550072843
2013-12-09,13.75,14.8,2013-12-18,2014-01-22,0.3157894736842105,0.6842105263157895,6,19,9,44,-0.013686295696019979,0,2764.1746876598054
2013-12-10,13.95,14.9,2013-12-18,2014-01-22,0.2631578947368421,0.736842105263158,5,19,8,43,0.00909421607857408,0,2789.3126895483083
2013-12-11,14.9,15.45,2013-12-18,2014-01-22,0.21052631578947367,0.7894736842105263,4,19,7,42,0.04472786060714928,0,2914.072678716178
2013-12-12,15.4,15.5,2013-12-18,2014-01-22,0.15789473684210525,0.8421052631578947,3,19,6,41,0.009438819289514289,0,2941.5780841270907
2013-12-13,15.5,15.5,2013-12-18,2014-01-22,0.10526315789473684,0.8947368421052632,2,19,5,40,0.0010197144799457547,0,2944.577653893366
2013-12-16,15.9,15.75,2013-12-18,2014-01-22,0.05263157894736842,0.9473684210526316,1,19,2,37,0.017147707979626503,0,2995.0704116256634
2013-12-17,16.25,15.55,2013-12-18,2014-01-22,0.0,1.0,0,19,1,36,-0.010855043420173627,0,2962.55879226099
2013-12-18,14.5,15.55,2014-01-22,2014-02-19,0.9545454545454546,0.045454545454545414,21,22,35,63,-0.067524115755627,0,2762.514629439508
2013-12-19,14.45,15.6,2014-01-22,2014-02-19,0.9090909090909091,0.09090909090909094,20,22,34,62,-0.0031245117950321477,0,2753.8831198958756
2013-12-20,14.45,15.45,2014-01-22,2014-02-19,0.8636363636363636,0.13636363636363635,19,22,33,61,-0.0009369144284822051,0,2751.3029670664914
2013-12-23,13.9,15.0,2014-01-22,2014-02-19,0.8181818181818182,0.18181818181818177,18,22,30,58,-0.036771579931442755,0,2650.13321009739
2013-12-24,13.4,14.6,2014-01-22,2014-02-19,0.7727272727272727,0.2272727272727273,17,22,29,57,-0.03417150225660859,0,2559.5741771282337
2013-12-26,13.4,14.5,2014-01-22,2014-02-19,0.7272727272727273,0.2727272727272727,16,22,27,55,-0.0016622340425530568,0,2555.319565796571
2013-12-27,13.7,14.65,2014-01-22,2014-02-19,0.6818181818181818,0.31818181818181823,15,22,26,54,0.018911745189117424,0,2603.645118301682
2013-12-30,13.9,14.85,2014-01-22,2014-02-19,0.6363636363636364,0.36363636363636365,14,22,23,51,0.014283395552669997,0,2640.8340114051634
2013-12-31,13.95,14.75,2014-01-22,2014-02-19,0.5909090909090909,0.40909090909090906,13,22,22,50,-0.00031908104658584513,0,2639.991371324945
2014-01-02,14.2,15.05,2014-01-22,2014-02-19,0.5454545454545454,0.4545454545454546,12,22,20,48,0.018943011779688046,0,2690.000758970228
2014-01-03,14.05,14.9,2014-01-22,2014-02-19,0.5,0.5,11,22,19,47,-0.010283577438454206,0,2662.3379278558573
2014-01-06,13.9,14.75,2014-01-22,2014-02-19,0.45454545454545453,0.5454545454545454,10,22,16,44,-0.010362694300518283,0,2634.748933784812
2014-01-07,13.65,14.45,2014-01-22,2014-02-19,0.4090909090909091,0.5909090909090908,9,22,15,43,-0.019303797468354422,0,2583.8882739870674
2014-01-08,13.7,14.45,2014-01-22,2014-02-19,0.36363636363636365,0.6363636363636364,8,22,14,42,0.001448342452526452,0,2587.6306290668676
2014-01-09,13.65,14.55,2014-01-22,2014-02-19,0.3181818181818182,0.6818181818181819,7,22,13,41,0.00320615581917294,0,2595.926976066121
2014-01-10,13.25,14.3,2014-01-22,2014-02-19,0.2727272727272727,0.7272727272727273,6,22,12,40,-0.020873167622689537,0,2541.741757158431
2014-01-13,13.8,14.55,2014-01-22,2014-02-19,0.22727272727272727,0.7727272727272727,5,22,9,37,0.02367823548491721,0,2601.925717026276
2014-01-14,13.1,14.1,2014-01-22,2014-02-19,0.18181818181818182,0.8181818181818181,4,22,8,36,-0.03524577208787749,0,2510.2188362143806
2014-01-15,13.15,14.15,2014-01-22,2014-02-19,0.13636363636363635,0.8636363636363636,3,22,7,35,0.003592423252775978,0,2519.2366047311534
2014-01-16,13.45,14.3,2014-01-22,2014-02-19,0.09090909090909091,0.9090909090909091,2,22,6,34,0.01216347713266308,0,2549.8792815645684
2014-01-17,13.45,14.25,2014-01-22,2014-02-19,0.045454545454545456,0.9545454545454546,1,22,5,33,-0.003195909236177741,0,2541.7300988174784
2014-01-21,13.25,14.1,2014-01-22,2014-02-19,0.0,1.0,0,22,1,29,-0.010713143588103713,0,2514.5001793066413
2014-01-22,13.85,14.8,2014-02-19,2014-03-18,0.9473684210526315,0.052631578947368474,18,19,28,55,-0.01773049645390068,0,2469.916842794112
2014-01-23,14.2,14.95,2014-02-19,2014-03-18,0.8947368421052632,0.10526315789473684,17,19,27,54,0.02442256720939029,0,2530.2385528888567
2014-01-24,16.2,16.2,2014-02-19,2014-03-18,0.8421052631578947,0.1578947368421053,16,19,26,53,0.134537412458533,0,2870.6503006973467
2014-01-27,16.1,16.25,2014-02-19,2014-03-18,0.7894736842105263,0.21052631578947367,15,19,23,50,-0.004710851202079147,0,2857.1270942775577
2014-01-28,15.2,15.55,2014-02-19,2014-03-18,0.7368421052631579,0.26315789473684215,14,19,22,49,-0.053181076672104366,0,2705.1819992148367
2014-01-29,16.4,16.45,2014-02-19,2014-03-18,0.6842105263157895,0.3157894736842105,13,19,21,48,0.07330924109447601,0,2903.4968385997136
2014-01-30,16.65,16.6,2014-02-19,2014-03-18,0.631578947368421,0.368421052631579,12,19,20,47,0.013305546649567512,0,2942.129451232574
2014-01-31,17.6,17.35,2014-02-19,2014-03-18,0.5789473684210527,0.42105263157894735,11,19,19,46,0.05268987341772169,0,3097.149879596569
2014-02-03,19.2,18.6,2014-02-19,2014-03-18,0.5263157894736842,0.4736842105263158,10,19,16,43,0.08303249097472931,0,3354.313949021555
2014-02-04,18.65,18.35,2014-02-19,2014-03-18,0.47368421052631576,0.5263157894736843,9,19,15,42,-0.021563717306622432,0,3281.982471267194
2014-02-05,19.15,18.75,2014-02-19,2014-03-18,0.42105263157894735,0.5789473684210527,8,19,14,41,0.02419240074000273,0,3361.3815064337546
2014-02-06,17.0,17.0,2014-02-19,2014-03-18,0.3684210526315789,0.631578947368421,7,19,13,40,-0.10140492418973435,0,3020.520869601065
2014-02-07,15.5,15.9,2014-02-19,2014-03-18,0.3157894736842105,0.6842105263157895,6,19,12,39,-0.07337461300309589,0,2798.891319726312
2014-02-10,15.65,15.85,2014-02-19,2014-03-18,0.2631578947368421,0.736842105263158,5,19,9,36,0.0008341675008340932,0,2801.2260639035944
2014-02-11,15.05,15.3,2014-02-19,2014-03-18,0.21052631578947367,0.7894736842105263,4,19,8,35,-0.035648842245543766,0,2701.3655978573897
2014-02-12,14.55,15.0,2014-02-19,2014-03-18,0.15789473684210525,0.8421052631578947,3,19,7,34,-0.022437003797031507,0,2640.755047681093
2014-02-13,14.6,14.95,2014-02-19,2014-03-18,0.10526315789473684,0.8947368421052632,2,19,6,33,-0.0022915564956814682,0,2634.703608298076
2014-02-14,14.2,14.7,2014-02-19,2014-03-18,0.05263157894736842,0.9473684210526316,1,19,5,32,-0.017822481030527526,0,2587.746653218121
2014-02-18,14.25,14.45,2014-02-19,2014-03-18,0.0,1.0,0,19,1,28,-0.015961262553801925,0,2546.4429494633846
2014-02-19,15.4,15.8,2014-03-18,2014-04-16,0.9473684210526315,0.052631578947368474,18,19,27,56,0.06574394463667832,0,2713.856153753365
2014-02-20,14.95,15.4,2014-03-18,2014-04-16,0.8947368421052632,0.10526315789473684,17,19,26,55,-0.029010238907849928,0,2635.1265383714413
2014-02-21,15.15,15.45,2014-03-18,2014-04-16,0.8421052631578947,0.1578947368421053,16,19,25,54,0.012282856641516071,0,2667.4934198745123
2014-02-24,15.0,15.4,2014-03-18,2014-04-16,0.7894736842105263,0.21052631578947367,15,19,22,51,-0.008831168831168634,0,2643.936335127569
2014-02-25,14.9,15.3,2014-03-18,2014-04-16,0.7368421052631579,0.26315789473684215,14,19,21,50,-0.0066294487090020615,0,2626.4084948039736
2014-02-26,15.3,15.65,2014-03-18,2014-04-16,0.6842105263157895,0.3157894736842105,13,19,20,49,0.025780427920027993,0,2694.118429692817
2014-02-27,15.1,15.55,2014-03-18,2014-04-16,0.631578947368421,0.368421052631579,12,19,19,48,-0.010928961748634003,0,2664.674512428414
2014-02-28,15.25,15.7,2014-03-18,2014-04-16,0.5789473684210527,0.42105263157894735,11,19,18,47,0.00982589208757112,0,2690.8573166360366
2014-03-03,16.6,16.65,2014-03-18,2014-04-16,0.5263157894736842,0.4736842105263158,10,19,15,44,0.07652974262825984,0,2896.7879345275624
2014-03-04,15.1,15.6,2014-03-18,2014-04-16,0.47368421052631576,0.5263157894736843,9,19,14,43,-0.0774101630520816,0,2672.5471081884807
2014-03-05,15.15,15.6,2014-03-18,2014-04-16,0.42105263157894735,0.5789473684210527,8,19,13,42,0.0015416238437822027,0,2676.6671705340955
2014-03-06,15.05,15.55,2014-03-18,2014-04-16,0.3684210526315789,0.631578947368421,7,19,12,41,-0.004610655737704805,0,2664.3259796863463
2014-03-07,15.5,15.85,2014-03-18,2014-04-16,0.3157894736842105,0.6842105263157895,6,19,11,40,0.023120397328309616,0,2725.9262549488326
2014-03-10,15.3,15.9,2014-03-18,2014-04-16,0.2631578947368421,0.736842105263158,5,19,8,37,-0.0018391573315498233,0,2720.9128476917795
2014-03-11,15.55,16.1,2014-03-18,2014-04-16,0.21052631578947367,0.7894736842105263,4,19,7,36,0.01354062186559668,0,2757.7556996916173
2014-03-12,15.3,15.95,2014-03-18,2014-04-16,0.15789473684210525,0.8421052631578947,3,19,6,35,-0.010701350016463662,0,2728.2439906893196
2014-03-13,16.6,16.6,2014-03-18,2014-04-16,0.10526315789473684,0.8947368421052632,2,19,5,34,0.047492527399535245,0,2857.81519316975
2014-03-14,17.7,17.1,2014-03-18,2014-04-16,0.05263157894736842,0.9473684210526316,1,19,4,33,0.033925174381737255,0,2954.7670719488115
2014-03-17,16.15,16.15,2014-03-18,2014-04-16,0.0,1.0,0,19,1,30,-0.05729646697388657,0,2785.4693579953687
2014-03-18,15.6,16.25,2014-04-16,2014-05-21,0.9523809523809523,0.04761904761904767,20,21,29,64,-0.034055727554179516,0,2690.6081724289634
2014-03-19,16.0,16.5,2014-04-16,2014-05-21,0.9047619047619048,0.09523809523809523,19,21,28,63,0.02513328255902536,0,2758.231987882243
2014-03-20,15.75,16.2,2014-04-16,2014-05-21,0.8571428571428571,0.1428571428571429,18,21,27,62,-0.015875370919881338,0,2714.4440319915307
2014-03-21,16.0,16.45,2014-04-16,2014-05-21,0.8095238095238095,0.19047619047619047,17,21,26,61,0.015808491418247472,0,2757.355297176582
2014-03-24,15.95,16.45,2014-04-16,2014-05-21,0.7619047619047619,0.23809523809523814,16,21,23,58,-0.002516281823564337,0,2750.417014161188
2014-03-25,15.7,16.25,2014-04-16,2014-05-21,0.7142857142857143,0.2857142857142857,15,21,22,57,-0.014817009927396874,0,2709.6640579578802
2014-03-26,16.05,16.65,2014-04-16,2014-05-21,0.6666666666666666,0.33333333333333337,14,21,21,56,0.02297297297297307,0,2771.9130971271834
2014-03-27,15.75,16.4,2014-04-16,2014-05-21,0.6190476190476191,0.38095238095238093,13,21,20,55,-0.017435897435897463,0,2723.5823046644527
2014-03-28,15.6,16.25,2014-04-16,2014-05-21,0.5714285714285714,0.4285714285714286,12,21,19,54,-0.009376395296919249,0,2698.0449203522244
2014-03-31,15.15,15.85,2014-04-16,2014-05-21,0.5238095238095238,0.47619047619047616,11,21,16,51,-0.0269905533063427,0,2625.2231951065505
2014-04-01,14.5,15.45,2014-04-16,2014-05-21,0.47619047619047616,0.5238095238095238,10,21,15,50,-0.034291865292941814,0,2535.1993949360503
2014-04-02,14.6,15.55,2014-04-16,2014-05-21,0.42857142857142855,0.5714285714285714,9,21,14,49,0.006667725035720107,0,2552.1034074122076
2014-04-03,14.45,15.4,2014-04-16,2014-05-21,0.38095238095238093,0.6190476190476191,8,21,13,48,-0.009905660377358627,0,2526.823137810483
2014-04-04,14.85,15.75,2014-04-16,2014-05-21,0.3333333333333333,0.6666666666666667,7,21,12,47,0.024540848638378687,0,2588.833521971443
2014-04-07,15.5,16.0,2014-04-16,2014-05-21,0.2857142857142857,0.7142857142857143,6,21,9,44,0.024811218985976158,0,2653.0656374033124
2014-04-08,15.15,15.75,2014-04-16,2014-05-21,0.23809523809523808,0.7619047619047619,5,21,8,43,-0.01756756756756761,0,2606.4577275570377
2014-04-09,14.5,15.45,2014-04-16,2014-05-21,0.19047619047619047,0.8095238095238095,4,21,7,42,-0.024561403508772006,0,2542.4394675819526
2014-04-10,15.85,16.25,2014-04-16,2014-05-21,0.14285714285714285,0.8571428571428572,3,21,6,41,0.0592546390145019,0,2693.0908004497433
2014-04-11,16.85,16.65,2014-04-16,2014-05-21,0.09523809523809523,0.9047619047619048,2,21,5,40,0.029995588883987567,0,2773.871644927283
2014-04-14,16.2,16.65,2014-04-16,2014-05-21,0.047619047619047616,0.9523809523809523,1,21,2,37,-0.00371375517783179,0,2763.5701647432934
2014-04-15,15.6,16.45,2014-04-16,2014-05-21,0.0,1.0,0,21,1,36,-0.013172966781214157,0,2727.165746765575
2014-04-16,15.9,16.35,2014-05-21,2014-06-18,0.9583333333333334,0.04166666666666663,23,24,35,63,-0.03343465045592697,0,2635.983913287091
2014-04-17,15.6,16.1,2014-05-21,2014-06-18,0.9166666666666666,0.08333333333333337,22,24,34,62,-0.01871482790210699,0,2586.651927997201
2014-04-21,15.4,16.05,2014-05-21,2014-06-18,0.875,0.125,21,24,30,58,-0.011987213638785188,0,2555.645178727123
2014-04-22,15.25,15.85,2014-05-21,2014-06-18,0.8333333333333334,0.16666666666666663,20,24,29,57,-0.010092854259184492,0,2529.8514244000426
2014-04-23,15.4,15.8,2014-05-21,2014-06-18,0.7916666666666666,0.20833333333333337,19,24,28,56,0.007600434310532034,0,2549.079393966601
2014-04-24,15.5,16.05,2014-05-21,2014-06-18,0.75,0.25,18,24,27,55,0.008476856835306634,0,2570.687575051086
2014-04-25,15.6,16.2,2014-05-21,2014-06-18,0.7083333333333334,0.29166666666666663,17,24,26,54,0.007194244604316502,0,2589.1817302672807
2014-04-28,15.2,15.9,2014-05-21,2014-06-18,0.6666666666666666,0.33333333333333337,16,24,23,51,-0.023507659799260283,0,2528.3161269936973
2014-04-29,15.0,15.7,2014-05-21,2014-06-18,0.625,0.375,15,24,22,50,-0.01295896328293733,0,2495.5517711363277
2014-04-30,15.0,15.75,2014-05-21,2014-06-18,0.5833333333333334,0.41666666666666663,14,24,21,49,0.0012285012285013774,0,2498.6175595529576
2014-05-01,14.9,15.75,2014-05-21,2014-06-18,0.5416666666666666,0.45833333333333337,13,24,20,48,-0.003809523809523818,0,2489.0990164689465
2014-05-02,14.9,15.85,2014-05-21,2014-06-18,0.5,0.5,12,24,19,47,0.0029976836081211378,0,2496.5605477896056
2014-05-05,14.6,15.6,2014-05-21,2014-06-18,0.4583333333333333,0.5416666666666667,11,24,16,44,-0.01788617886178867,0,2451.9066192925557
2014-05-06,14.75,15.8,2014-05-21,2014-06-18,0.4166666666666667,0.5833333333333333,10,24,15,43,0.011695101816180609,0,2480.5819168489493
2014-05-07,14.4,15.45,2014-05-21,2014-06-18,0.375,0.625,9,24,14,42,-0.022782750203417468,0,2424.0674386782653
2014-05-08,14.45,15.45,2014-05-21,2014-06-18,0.3333333333333333,0.6666666666666667,8,24,13,41,0.001245330012453305,0,2427.086202611862
2014-05-09,14.05,15.2,2014-05-21,2014-06-18,0.2916666666666667,0.7083333333333333,7,24,12,40,-0.019845644983461863,0,2378.9191114905684
2014-05-12,13.5,14.8,2014-05-21,2014-06-18,0.25,0.75,6,24,9,37,-0.029852838121934067,0,2307.901624350065
2014-05-13,13.5,14.85,2014-05-21,2014-06-18,0.20833333333333334,0.7916666666666666,5,24,8,36,0.002590673575129321,0,2313.8806441022666
2014-05-14,13.25,14.75,2014-05-21,2014-06-18,0.16666666666666666,0.8333333333333334,4,24,7,35,-0.009009009009009028,0,2293.034872533778
2014-05-15,13.7,14.9,2014-05-21,2014-06-18,0.125,0.875,3,24,6,34,0.01379310344827589,0,2324.6629397411402
2014-05-16,13.25,14.65,2014-05-21,2014-06-18,0.08333333333333333,0.9166666666666666,2,24,5,33,-0.01864406779661021,0,2281.3217662883394
2014-05-19,13.0,14.35,2014-05-21,2014-06-18,0.041666666666666664,0.9583333333333334,1,24,2,30,-0.02035550458715607,0,2234.8843106098784
2014-05-20,13.05,14.4,2014-05-21,2014-06-18,0.0,1.0,0,24,1,29,0.003498032356799241,0,2242.702008242095
2014-05-21,14.1,15.05,2014-06-18,2014-07-16,0.9473684210526315,0.052631578947368474,18,19,28,56,-0.02083333333333337,0,2195.979049737051
2014-05-22,14.05,15.1,2014-06-18,2014-07-16,0.8947368421052632,0.10526315789473684,17,19,27,55,-0.003161614283057279,0,2189.036211008108
2014-05-23,13.9,15.05,2014-06-18,2014-07-16,0.8421052631578947,0.1578947368421053,16,19,26,54,-0.009849470358669343,0,2167.4753637337294
2014-05-27,13.45,14.65,2014-06-18,2014-07-16,0.7894736842105263,0.21052631578947367,15,19,22,50,-0.03139600074752391,0,2099.4253055937056
2014-05-28,13.45,14.75,2014-06-18,2014-07-16,0.7368421052631579,0.26315789473684215,14,19,21,49,0.0015363933166889776,0,2102.6508486021075
2014-05-29,13.3,14.7,2014-06-18,2014-07-16,0.6842105263157895,0.3157894736842105,13,19,20,48,-0.008967754245372883,0,2083.794792528019
2014-05-30,13.3,14.8,2014-06-18,2014-07-16,0.631578947368421,0.368421052631579,12,19,19,47,0.0022979701263883268,0,2088.5832907107724
2014-06-02,13.2,14.75,2014-06-18,2014-07-16,0.5789473684210527,0.42105263157894735,11,19,16,44,-0.005889057750760096,0,2076.283503094504
2014-06-03,13.3,14.75,2014-06-18,2014-07-16,0.5263157894736842,0.4736842105263158,10,19,15,43,0.0041793313069911076,0,2084.960979741176
2014-06-04,13.2,14.55,2014-06-18,2014-07-16,0.47368421052631576,0.5263157894736843,9,19,14,42,-0.010536218250235208,0,2062.993375815399
2014-06-05,12.65,14.05,2014-06-18,2014-07-16,0.42105263157894735,0.5789473684210527,8,19,13,41,-0.037646613696556974,0,1985.3286611375206
2014-06-06,12.0,13.3,2014-06-18,2014-07-16,0.3684210526315789,0.631578947368421,7,19,12,40,-0.052590420332355836,0,1880.9193923504251
2014-06-09,12.2,13.45,2014-06-18,2014-07-16,0.3157894736842105,0.6842105263157895,6,19,9,37,0.013136288998357726,0,1905.6276930709555
2014-06-10,12.05,13.25,2014-06-18,2014-07-16,0.2631578947368421,0.736842105263158,5,19,8,36,-0.014110058455956365,0,1878.739174926435
2014-06-11,12.5,13.5,2014-06-18,2014-07-16,0.21052631578947367,0.7894736842105263,4,19,7,35,0.02339776195320442,0,1922.6974669135234
2014-06-12,13.2,14.15,2014-06-18,2014-07-16,0.15789473684210525,0.8421052631578947,3,19,6,34,0.04970297029702975,0,2018.2612420017006
2014-06-13,12.95,13.8,2014-06-18,2014-07-16,0.10526315789473684,0.8947368421052632,2,19,5,33,-0.023872180451127822,0,1970.0809454351188
2014-06-16,13.05,13.8,2014-06-18,2014-07-16,0.05263157894736842,0.9473684210526316,1,19,2,30,0.0007677543186179747,0,1971.5934835890034
2014-06-17,12.35,13.45,2014-06-18,2014-07-16,0.0,1.0,0,19,1,29,-0.02677376171352086,0,1918.806509463461
2014-06-18,12.7,13.7,2014-07-16,2014-08-20,0.9473684210526315,0.052631578947368474,18,19,28,63,-0.055762081784386575,0,1811.8098639543462
2014-06-19,12.8,13.8,2014-07-16,2014-08-20,0.8947368421052632,0.10526315789473684,17,19,27,62,0.007841518778374024,0,1826.0172050253875
2014-06-20,12.9,13.9,2014-07-16,2014-08-20,0.8421052631578947,0.1578947368421053,16,19,26,61,0.0077487765089723215,0,1840.1666042486675
2014-06-23,12.6,13.7,2014-07-16,2014-08-20,0.7894736842105263,0.21052631578947367,15,19,23,58,-0.02176541717049585,0,1800.1146104439804
2014-06-24,13.1,13.95,2014-07-16,2014-08-20,0.7368421052631579,0.26315789473684215,14,19,22,57,0.03486464315012294,0,1862.8749639664322
2014-06-25,12.65,13.6,2014-07-16,2014-08-20,0.6842105263157895,0.3157894736842105,13,19,21,56,-0.031799328461386556,0,1803.63679110477
2014-06-26,12.75,13.6,2014-07-16,2014-08-20,0.631578947368421,0.368421052631579,12,19,20,55,0.005283478967689659,0,1813.1662681559233
2014-06-27,12.65,13.5,2014-07-16,2014-08-20,0.5789473684210527,0.42105263157894735,11,19,19,54,-0.007655116841257192,0,1799.2862685205635
2014-06-30,12.45,13.35,2014-07-16,2014-08-20,0.5263157894736842,0.4736842105263158,10,19,16,51,-0.013756827837345886,0,1774.5337970944256
2014-07-01,12.1,13.05,2014-07-16,2014-08-20,0.47368421052631576,0.5263157894736843,9,19,15,50,-0.025342325771510188,0,1729.5629835159036
2014-07-02,11.95,12.9,2014-07-16,2014-08-20,0.42105263157894735,0.5789473684210527,8,19,14,49,-0.011904761904762085,0,1708.9729479978569
2014-07-03,11.8,12.8,2014-07-16,2014-08-20,0.3684210526315789,0.631578947368421,7,19,13,48,-0.00968421052631574,0,1692.4228941856672
2014-07-07,12.15,13.05,2014-07-16,2014-08-20,0.3157894736842105,0.6842105263157895,6,19,9,44,0.023073666384419766,0,1731.4732954274614
2014-07-08,12.4,13.1,2014-07-16,2014-08-20,0.2631578947368421,0.736842105263158,5,19,8,43,0.008864151721294622,0,1746.8213374195004
2014-07-09,12.25,12.85,2014-07-16,2014-08-20,0.21052631578947367,0.7894736842105263,4,19,7,42,-0.017318663406683088,0,1716.56872664512
2014-07-10,13.0,13.35,2014-07-16,2014-08-20,0.15789473684210525,0.8421052631578947,3,19,6,41,0.043433298862461056,0,1791.1249691674516
2014-07-11,12.65,13.2,2014-07-16,2014-08-20,0.10526315789473684,0.8947368421052632,2,19,5,40,-0.013657957244655683,0,1766.6618609187276
2014-07-14,12.05,12.75,2014-07-16,2014-08-20,0.05263157894736842,0.9473684210526316,1,19,2,37,-0.035442531037244596,0,1704.0468930807992
2014-07-15,12.2,13.0,2014-07-16,2014-08-20,0.0,1.0,0,19,1,36,0.019250672738563512,0,1736.8509421506635
2014-07-16,12.7,13.6,2014-08-20,2014-09-17,0.96,0.040000000000000036,24,25,35,63,-0.023076923076923106,0,1696.7697665625715
2014-07-17,13.7,14.25,2014-08-20,2014-09-17,0.92,0.07999999999999996,23,25,34,62,0.07741834170854278,0,1828.1308681510368
2014-07-18,13.0,13.7,2014-08-20,2014-09-17,0.88,0.12,22,25,33,61,-0.05005820721769483,0,1736.617914332068
2014-07-21,13.4,13.95,2014-08-20,2014-09-17,0.84,0.16000000000000003,21,25,30,58,0.029195964536838925,0,1787.3201493729462
2014-07-22,13.0,13.7,2014-08-20,2014-09-17,0.8,0.19999999999999996,20,25,29,57,-0.02787663107947802,0,1737.495684947959
2014-07-23,13.05,13.85,2014-08-20,2014-09-17,0.76,0.24,19,25,28,56,0.0053272450532724225,0,1746.7517502406802
2014-07-24,13.2,14.05,2014-08-20,2014-09-17,0.72,0.28,18,25,27,55,0.012233801540552758,0,1768.121164493738
2014-07-25,13.5,14.3,2014-08-20,2014-09-17,0.68,0.31999999999999995,17,25,26,54,0.021282929007292672,0,1805.75196171395
2014-07-28,13.35,14.15,2014-08-20,2014-09-17,0.64,0.36,16,25,23,51,-0.010904332654841475,0,1786.0614416312883
2014-07-29,13.45,14.2,2014-08-20,2014-09-17,0.6,0.4,15,25,22,50,0.006012611819914637,0,1796.8003357663342
2014-07-30,13.55,14.3,2014-08-20,2014-09-17,0.56,0.43999999999999995,14,25,21,49,0.007272727272727542,0,1809.867974571908
2014-07-31,15.2,15.5,2014-08-20,2014-09-17,0.52,0.48,13,25,20,48,0.10461095100864548,0,1999.1999845919663
2014-08-01,16.05,16.1,2014-08-20,2014-09-17,0.48,0.52,12,25,19,47,0.04757559958289903,0,2094.3131225450516
2014-08-04,14.95,15.35,2014-08-20,2014-09-17,0.44,0.56,11,25,16,44,-0.057103757153520784,0,1974.719974591807
2014-08-05,16.15,16.2,2014-08-20,2014-09-17,0.4,0.6,10,25,15,43,0.06616580993805199,0,2105.378921111523
2014-08-06,16.2,16.3,2014-08-20,2014-09-17,0.36,0.64,9,25,14,42,0.0049443757725586845,0,2115.788705641123
2014-08-07,16.65,16.65,2014-08-20,2014-09-17,0.32,0.6799999999999999,8,25,13,41,0.02373339891785542,0,2166.003563017997
2014-08-08,16.0,16.15,2014-08-20,2014-09-17,0.28,0.72,7,25,12,40,-0.032912912912912984,0,2094.7140763793263
2014-08-11,14.8,15.3,2014-08-20,2014-09-17,0.24,0.76,6,25,9,37,-0.058852743978147326,0,1971.4344051347525
2014-08-12,14.65,15.15,2014-08-20,2014-09-17,0.2,0.8,5,25,8,36,-0.009881422924901129,0,1951.9538280089153
2014-08-13,13.55,14.4,2014-08-20,2014-09-17,0.16,0.84,4,25,7,35,-0.05448504983388691,0,1845.6015264164034
2014-08-14,12.95,13.9,2014-08-20,2014-09-17,0.12,0.88,3,25,6,34,-0.03617498597868751,0,1778.8369170760457
2014-08-15,13.25,13.9,2014-08-20,2014-09-17,0.08,0.92,2,25,5,33,0.0026113448425939545,0,1783.4820736852678
2014-08-18,12.55,13.4,2014-08-20,2014-09-17,0.04,0.96,1,25,2,30,-0.03726169844020799,0,1717.0265024820906
2014-08-19,12.2,13.5,2014-08-20,2014-09-17,0.0,1.0,0,25,1,29,0.006134969325153339,0,1727.5604074052937
2014-08-20,13.5,14.2,2014-09-17,2014-10-22,0.9473684210526315,0.052631578947368474,18,19,28,63,0.0,0,1727.5604074052937
2014-08-21,13.4,14.15,2014-09-17,2014-10-22,0.8947368421052632,0.10526315789473684,17,19,27,62,-0.007192846034214662,0,1715.134331380022
2014-08-22,13.5,14.25,2014-09-17,2014-10-22,0.8421052631578947,0.1578947368421053,16,19,26,61,0.007418976962124235,0,1727.858873471479
2014-08-25,13.35,14.15,2014-09-17,2014-10-22,0.7894736842105263,0.21052631578947367,15,19,23,58,-0.01043478260869568,0,1709.8290417482983
2014-08-26,13.45,14.35,2014-09-17,2014-10-22,0.7368421052631579,0.26315789473684215,14,19,22,57,0.00895464278761926,0,1725.1399500450518
2014-08-27,13.55,14.45,2014-09-17,2014-10-22,0.6842105263157895,0.3157894736842105,13,19,21,56,0.007306287252451638,0,1737.7443180707612
2014-08-28,13.6,14.45,2014-09-17,2014-10-22,0.631578947368421,0.368421052631579,12,19,20,55,0.0024728932851436625,0,1742.0415743262147
2014-08-29,13.8,14.55,2014-09-17,2014-10-22,0.5789473684210527,0.42105263157894735,11,19,19,54,0.01172687724607524,0,1762.470282025898
2014-09-02,13.75,14.65,2014-09-17,2014-10-22,0.5263157894736842,0.4736842105263158,10,19,15,50,0.0009321401938851004,0,1764.1131514163026
2014-09-03,13.5,14.5,2014-09-17,2014-10-22,0.47368421052631576,0.5263157894736843,9,19,14,49,-0.014293669946166654,0,1738.897500282266
2014-09-04,13.55,14.45,2014-09-17,2014-10-22,0.42105263157894735,0.5789473684210527,8,19,13,48,-0.0001876172607880866,0,1738.5712530964718
2014-09-05,13.2,14.2,2014-09-17,2014-10-22,0.3684210526315789,0.631578947368421,7,19,12,47,-0.020759304282775393,0,1702.4797234361558
2014-09-08,13.35,14.25,2014-09-17,2014-10-22,0.3157894736842105,0.6842105263157895,6,19,9,44,0.006278538812785506,0,1713.1688084577302
2014-09-09,13.85,14.55,2014-09-17,2014-10-22,0.2631578947368421,0.736842105263158,5,19,8,43,0.026003391746749482,0,1757.7170081123688
2014-09-10,13.7,14.5,2014-09-17,2014-10-22,0.21052631578947367,0.7894736842105263,4,19,7,42,-0.005312328265250188,0,1748.3794383678623
2014-09-11,13.55,14.5,2014-09-17,2014-10-22,0.15789473684210525,0.8421052631578947,3,19,6,41,-0.0022034520749172337,0,1744.5269680666481
2014-09-12,14.05,14.8,2014-09-17,2014-10-22,0.10526315789473684,0.8947368421052632,2,19,5,40,0.02310654685494229,0,1784.8369621939905
2014-09-15,14.4,15.2,2014-09-17,2014-10-22,0.05263157894736842,0.9473684210526316,1,19,2,37,0.02681444404719313,0,1832.6963730501034
2014-09-16,13.05,14.4,2014-09-17,2014-10-22,0.0,1.0,0,19,1,36,-0.05468749999999989,0,1732.470790148926
2014-09-17,14.25,14.95,2014-10-22,2014-11-19,0.96,0.040000000000000036,24,25,35,63,-0.01041666666666674,0,1714.4242194182077
2014-09-18,14.05,14.8,2014-10-22,2014-11-19,0.92,0.07999999999999996,23,25,34,62,-0.013867488443759624,0,1690.6494613677241
2014-09-19,14.15,14.95,2014-10-22,2014-11-19,0.88,0.12,22,25,33,61,0.007370659107016175,0,1703.1106622169261
2014-09-22,14.9,15.45,2014-10-22,2014-11-19,0.84,0.16000000000000003,21,25,30,58,0.050540502597220094,0,1789.186731064054
2014-09-23,15.4,15.9,2014-10-22,2014-11-19,0.8,0.19999999999999996,20,25,29,57,0.032826261008807034,0,1847.9190416914569
2014-09-24,14.65,15.35,2014-10-22,2014-11-19,0.76,0.24,19,25,28,56,-0.04580645161290331,0,1763.2724275236544
2014-09-25,15.8,16.1,2014-10-22,2014-11-19,0.72,0.28,18,25,27,55,0.07112970711297084,0,1888.6934788537892
2014-09-26,15.35,15.85,2014-10-22,2014-11-19,0.68,0.31999999999999995,17,25,26,54,-0.02480483505414255,0,1841.8447486429864
2014-09-29,16.25,16.55,2014-10-22,2014-11-19,0.64,0.36,16,25,23,51,0.053900709219858234,0,1941.1214868677148
2014-09-30,16.3,16.65,2014-10-22,2014-11-19,0.6,0.4,15,25,22,50,0.004156987406773283,0,1949.190704443641
2014-10-01,16.9,17.05,2014-10-22,2014-11-19,0.56,0.43999999999999995,14,25,21,49,0.031630170316302,0,2010.843938404146
2014-10-02,16.55,16.8,2014-10-22,2014-11-19,0.52,0.48,13,25,20,48,-0.018036072144288595,0,1974.5762120601835
2014-10-03,15.2,15.8,2014-10-22,2014-11-19,0.48,0.52,12,25,19,47,-0.07090581883623293,0,1834.567268889509
2014-10-06,15.75,16.2,2014-10-22,2014-11-19,0.44,0.56,11,25,16,44,0.030428055698813683,0,1890.3895839304994
2014-10-07,17.1,17.2,2014-10-22,2014-11-19,0.4,0.6,10,25,15,43,0.07211598550181209,0,2026.716891758008
2014-10-08,15.25,15.7,2014-10-22,2014-11-19,0.36,0.64,9,25,14,42,-0.09557109557109555,0,1833.0213380002497
2014-10-09,17.2,17.0,2014-10-22,2014-11-19,0.32,0.6799999999999999,8,25,13,41,0.09872570472390252,0,2013.9876613682752
2014-10-10,19.8,18.65,2014-10-22,2014-11-19,0.28,0.72,7,25,12,40,0.1145100796999532,0,2244.6095489862787
2014-10-13,22.75,20.85,2014-10-22,2014-11-19,0.24,0.76,6,25,9,37,0.12702930634619447,0,2529.74074301205
2014-10-14,20.9,19.75,2014-10-22,2014-11-19,0.2,0.8,5,25,8,36,-0.06007697362245379,0,2377.7615751224685
2014-10-15,23.95,22.1,2014-10-22,2014-11-19,0.16,0.84,4,25,7,35,0.12462462462462476,0,2674.0892188689627
2014-10-16,22.3,21.05,2014-10-22,2014-11-19,0.12,0.88,3,25,6,34,-0.05116985175924271,0,2537.2564699484483
2014-10-17,21.0,19.95,2014-10-22,2014-11-19,0.08,0.92,2,25,5,33,-0.05301886792452837,0,2402.7340042775963
2014-10-20,18.5,18.3,2014-10-22,2014-11-19,0.04,0.96,1,25,2,30,-0.0857542178296894,0,2196.6894290879736
2014-10-21,16.35,16.95,2014-10-22,2014-11-19,0.0,1.0,0,25,1,29,-0.07548612628359197,0,2030.8698534380076
2014-10-22,18.1,18.05,2014-11-19,2014-12-17,0.95,0.050000000000000044,19,20,28,56,0.0678466076696167,0,2168.6574836122677
2014-10-23,17.3,17.3,2014-11-19,2014-12-17,0.9,0.09999999999999998,18,20,27,55,-0.044066860063544655,0,2073.0915577561673
2014-10-24,16.95,17.05,2014-11-19,2014-12-17,0.85,0.15000000000000002,17,20,26,54,-0.019653179190751602,0,2032.348717892751
2014-10-27,16.95,16.85,2014-11-19,2014-12-17,0.8,0.19999999999999996,16,20,23,51,-0.0017683465959328348,0,2028.754820955717
2014-10-28,15.7,15.9,2014-11-19,2014-12-17,0.75,0.25,15,20,22,50,-0.07028942705256935,0,1886.1548069606017
2014-10-29,16.3,16.3,2014-11-19,2014-12-17,0.7,0.30000000000000004,14,20,21,49,0.03492063492063502,0,1952.0205303782736
2014-10-30,16.15,16.3,2014-11-19,2014-12-17,0.65,0.35,13,20,20,48,-0.006441717791411117,0,1939.4461649985362
2014-10-31,15.8,16.05,2014-11-19,2014-12-17,0.6,0.4,12,20,19,47,-0.01944144422157068,0,1901.7405305609782
2014-11-03,15.95,16.25,2014-11-19,2014-12-17,0.55,0.44999999999999996,11,20,16,44,0.010691823899370956,0,1922.0736054160325
2014-11-04,15.85,16.25,2014-11-19,2014-12-17,0.5,0.5,10,20,15,43,-0.0034193347839601707,0,1915.5013922797018
2014-11-05,15.3,15.9,2014-11-19,2014-12-17,0.45,0.55,9,20,14,42,-0.028037383177570097,0,1861.7957457671866
2014-11-06,14.9,15.45,2014-11-19,2014-12-17,0.4,0.6,8,20,13,41,-0.027351247600767903,0,1810.8733093426517
2014-11-07,14.8,15.5,2014-11-19,2014-12-17,0.35,0.65,7,20,12,40,-0.0006565988181221893,0,1809.6842920679683
2014-11-10,14.0,14.95,2014-11-19,2014-12-17,0.3,0.7,6,20,9,37,-0.04178957718780729,0,1734.0583506590315
2014-11-11,14.1,14.85,2014-11-19,2014-12-17,0.25,0.75,5,20,8,36,-0.0027275826798499603,0,1729.328563135925
2014-11-12,14.4,15.2,2014-11-19,2014-12-17,0.2,0.8,4,20,7,35,0.023017902813299074,0,1769.1340799344496
2014-11-13,14.7,15.55,2014-11-19,2014-12-17,0.15,0.85,3,20,6,34,0.022606382978723305,0,1809.127802486159
2014-11-14,14.35,15.3,2014-11-19,2014-12-17,0.1,0.9,2,20,5,33,-0.01718268763170694,0,1778.042124570203
2014-11-17,14.35,15.35,2014-11-19,2014-12-17,0.05,0.95,1,20,2,30,0.002959552778691199,0,1783.3043340806046
2014-11-18,14.0,15.3,2014-11-19,2014-12-17,0.0,1.0,0,20,1,29,-0.00424836601307188,0,1775.7282045567326
2014-11-19,15.5,16.25,2014-12-17,2015-01-21,0.9473684210526315,0.052631578947368474,18,19,28,63,0.013071895424836555,0,1798.940337949631
2014-11-20,15.15,16.05,2014-12-17,2015-01-21,0.8947368421052632,0.10526315789473684,17,19,27,62,-0.02201524132091448,0,1759.3362322877424
2014-11-21,14.95,16.05,2014-12-17,2015-01-21,0.8421052631578947,0.1578947368421053,16,19,26,61,-0.011738304850681947,0,1738.6846072582987
2014-11-24,14.55,15.85,2014-12-17,2015-01-21,0.7894736842105263,0.21052631578947367,15,19,23,58,-0.024360535931790328,0,1696.329318409132
2014-11-25,14.45,15.8,2014-12-17,2015-01-21,0.7368421052631579,0.26315789473684215,14,19,22,57,-0.006035860110065849,0,1686.090511942611
2014-11-26,14.2,15.65,2014-12-17,2015-01-21,0.6842105263157895,0.3157894736842105,13,19,21,56,-0.015108425168858908,0,1660.616339615003
2014-11-28,14.85,15.95,2014-12-17,2015-01-21,0.631578947368421,0.368421052631579,12,19,19,54,0.03680430879712726,0,1721.734176171749
2014-12-01,15.6,16.65,2014-12-17,2015-01-21,0.5789473684210527,0.42105263157894735,11,19,16,51,0.04795583922718638,0,1804.3013835161933
2014-12-02,14.25,15.55,2014-12-17,2015-01-21,0.5263157894736842,0.4736842105263158,10,19,15,50,-0.07759186351706027,0,1664.3022768227618
2014-12-03,14.25,15.65,2014-12-17,2015-01-21,0.47368421052631576,0.5263157894736843,9,19,14,49,0.0031864046733935947,0,1669.6054173755692
2014-12-04,13.95,15.45,2014-12-17,2015-01-21,0.42105263157894735,0.5789473684210527,8,19,13,48,-0.016505706760316152,0,1642.0473999509327
2014-12-05,13.6,15.35,2014-12-17,2015-01-21,0.3684210526315789,0.631578947368421,7,19,12,47,-0.013851891315929787,0,1619.3019378312072
2014-12-08,14.7,16.15,2014-12-17,2015-01-21,0.3157894736842105,0.6842105263157895,6,19,9,44,0.06191839656406595,0,1719.5665173748005
2014-12-09,14.9,16.15,2014-12-17,2015-01-21,0.2631578947368421,0.736842105263158,5,19,8,43,0.004024819721616613,0,1726.4874626065623
2014-12-10,17.4,17.75,2014-12-17,2015-01-21,0.21052631578947367,0.7894736842105263,4,19,7,42,0.11610113107119102,0,1926.9346097954149
2014-12-11,19.1,19.15,2014-12-17,2015-01-21,0.15789473684210525,0.8421052631578947,3,19,6,41,0.08277504838469563,0,2086.436715355375
2014-12-12,19.6,19.15,2014-12-17,2015-01-21,0.10526315789473684,0.8947368421052632,2,19,5,40,0.004124278251306013,0,2095.0417609232413
2014-12-15,19.6,18.75,2014-12-17,2015-01-21,0.05263157894736842,0.9473684210526316,1,19,2,37,-0.018642906100068357,0,2055.9840940986273
2014-12-16,23.1,20.1,2014-12-17,2015-01-21,0.0,1.0,0,19,1,36,0.07784934192103066,0,2216.041102824312
2014-12-17,17.65,18.15,2015-01-21,2015-02-18,0.9545454545454546,0.045454545454545414,21,22,35,63,-0.12189054726368176,0,1945.9266400422437
2014-12-18,17.2,17.6,2015-01-21,2015-02-18,0.9090909090909091,0.09090909090909094,20,22,34,62,-0.025720164609053464,0,1895.877086543215
2014-12-19,16.55,17.15,2015-01-21,2015-02-18,0.8636363636363636,0.13636363636363635,19,22,33,61,-0.036656118143459815,0,1826.3815920734085
2014-12-22,16.425,17.025,2015-01-21,2015-02-18,0.8181818181818182,0.18181818181818177,18,22,30,58,-0.007515714676140983,0,1812.6550291376286
2014-12-23,15.925,16.725,2015-01-21,2015-02-18,0.7727272727272727,0.2272727272727273,17,22,29,57,-0.028041237113402118,0,1761.8259396607796
2014-12-24,16.225,16.925,2015-01-21,2015-02-18,0.7272727272727273,0.2727272727272727,16,22,28,56,0.017214618315225083,0,1792.1551007499027
2014-12-26,15.825,16.525,2015-01-21,2015-02-18,0.6818181818181818,0.31818181818181823,15,22,26,54,-0.024366606673127622,0,1748.4863623126905
2014-12-29,16.075,16.725,2015-01-21,2015-02-18,0.6363636363636364,0.36363636363636365,14,22,23,51,0.014587168956238461,0,1773.9918282974245
2014-12-30,16.425,17.025,2015-01-21,2015-02-18,0.5909090909090909,0.40909090909090906,13,22,22,50,0.02034276159955417,0,1810.079721140036
2014-12-31,18.025,18.225,2015-01-21,2015-02-18,0.5454545454545454,0.4545454545454546,12,22,21,49,0.08616223585548721,0,1966.0402369901385
2015-01-02,17.825,18.225,2015-01-21,2015-02-18,0.5,0.5,11,22,19,47,-0.006021829130598455,0,1954.2010786191024
2015-01-05,19.125,19.2,2015-01-21,2015-02-18,0.45454545454545453,0.5454545454545454,10,22,16,44,0.06310679611650505,0,2077.5244476581724
2015-01-06,19.875,19.675,2015-01-21,2015-02-18,0.4090909090909091,0.5909090909090908,9,22,15,43,0.031305585200996244,0,2142.562566261488
2015-01-07,18.85,18.725,2015-01-21,2015-02-18,0.36363636363636365,0.6363636363636364,8,22,14,42,-0.04963763948004141,0,2036.2108180339678
2015-01-08,17.675,17.775,2015-01-21,2015-02-18,0.3181818181818182,0.6818181818181819,7,22,13,41,-0.05497033539169405,0,1924.279626438445
2015-01-09,18.625,18.675,2015-01-21,2015-02-18,0.2727272727272727,0.7272727272727273,6,22,12,40,0.051620340719866986,0,2023.6115963954956
2015-01-12,19.575,19.375,2015-01-21,2015-02-18,0.22727272727272727,0.7727272727272727,5,22,9,37,0.04116429180367809,0,2106.912134646827
2015-01-13,20.175,19.725,2015-01-21,2015-02-18,0.18181818181818182,0.8181818181818181,4,22,8,36,0.020947922761849203,0,2151.047567309411
2015-01-14,20.575,19.875,2015-01-21,2015-02-18,0.13636363636363635,0.8636363636363636,3,22,7,35,0.009868043602983434,0,2172.274198495712
2015-01-15,21.475,20.775,2015-01-21,2015-02-18,0.09090909090909091,0.9090909090909091,2,22,6,34,0.0450665756230797,0,2270.1711579362836
2015-01-16,20.625,20.125,2015-01-21,2015-02-18,0.045454545454545456,0.9545454545454546,1,22,5,33,-0.032064565383357,0,2197.3791064112247
2015-01-20,20.175,20.125,2015-01-21,2015-02-18,0.0,1.0,0,22,1,29,-0.0010152284263958977,0,2195.1482646788277
2015-01-21,18.875,19.025,2015-02-18,2015-03-18,0.9473684210526315,0.052631578947368474,18,19,28,56,-0.06211180124223603,0,2058.803651965857
2015-01-22,17.875,18.125,2015-02-18,2015-03-18,0.8947368421052632,0.10526315789473684,17,19,27,55,-0.05267925580098953,0,1950.3474077399362
2015-01-23,18.375,18.525,2015-02-18,2015-03-18,0.8421052631578947,0.1578947368421053,16,19,26,54,0.027342888643880903,0,2003.675539726651
2015-01-26,17.225,17.625,2015-02-18,2015-03-18,0.7894736842105263,0.21052631578947367,15,19,23,51,-0.06035900736608746,0,1882.7356730650408
2015-01-27,17.875,18.075,2015-02-18,2015-03-18,0.7368421052631579,0.26315789473684215,14,19,22,50,0.035119726339794655,0,1948.856834673254
2015-01-28,20.475,20.125,2015-02-18,2015-03-18,0.6842105263157895,0.3157894736842105,13,19,21,49,0.13695412844036703,0,2215.760823920982
2015-01-29,19.075,18.875,2015-02-18,2015-03-18,0.631578947368421,0.368421052631579,12,19,20,48,-0.06642114104800678,0,2068.587461706679
2015-01-30,21.025,20.25,2015-02-18,2015-03-18,0.5789473684210527,0.42105263157894735,11,19,19,47,0.09147565958036141,0,2257.8128641659628
2015-02-02,19.975,19.625,2015-02-18,2015-03-18,0.5263157894736842,0.4736842105263158,10,19,16,44,-0.04208251223698434,0,2162.798426680878
2015-02-03,18.875,19.075,2015-02-18,2015-03-18,0.47368421052631576,0.5263157894736843,9,19,15,43,-0.04237794752573909,0,2071.1434684462447
2015-02-04,19.775,19.825,2015-02-18,2015-03-18,0.42105263157894735,0.5789473684210527,8,19,14,42,0.0432582322357018,0,2160.737473597749
2015-02-05,18.675,19.075,2015-02-18,2015-03-18,0.3684210526315789,0.631578947368421,7,19,13,41,-0.04531260381369995,0,2062.8288325111994
2015-02-06,19.175,19.55,2015-02-18,2015-03-18,0.3157894736842105,0.6842105263157895,6,19,12,40,0.025582203684393567,0,2115.6005398705406
2015-02-09,19.625,19.925,2015-02-18,2015-03-18,0.2631578947368421,0.736842105263158,5,19,9,37,0.02051733477789819,0,2159.007024403367
2015-02-10,18.575,19.15,2015-02-18,2015-03-18,0.21052631578947367,0.7894736842105263,4,19,8,36,-0.042697076178479065,0,2066.823737012545
2015-02-11,18.425,19.075,2015-02-18,2015-03-18,0.15789473684210525,0.8421052631578947,3,19,7,35,-0.004771124325819276,0,2056.9626640037036
2015-02-12,16.875,18.225,2015-02-18,2015-03-18,0.10526315789473684,0.8947368421052632,2,19,6,34,-0.05062764408072662,0,1952.8234903631808
2015-02-13,16.5,18.15,2015-02-18,2015-03-18,0.05263157894736842,0.9473684210526316,1,19,5,33,-0.005893909626719096,0,1941.313725194046
2015-02-17,16.2,18.25,2015-02-18,2015-03-18,0.0,1.0,0,19,1,29,0.004370629370629375,0,1949.798487978985
2015-02-18,17.875,18.6,2015-03-18,2015-04-15,0.95,0.050000000000000044,19,20,28,56,-0.020547945205479423,0,1909.734135486266
2015-02-19,17.625,18.525,2015-03-18,2015-04-15,0.9,0.09999999999999998,18,20,27,55,-0.013469188359271467,0,1884.0115666992713
2015-02-20,16.925,17.85,2015-03-18,2015-04-15,0.85,0.15000000000000002,17,20,26,54,-0.03937341236240466,0,1809.8316023880807
2015-02-23,17.025,17.975,2015-03-18,2015-04-15,0.8,0.19999999999999996,16,20,23,51,0.006080140649036281,0,1820.835633081671
2015-02-24,16.125,17.325,2015-03-18,2015-04-15,0.75,0.25,15,20,22,50,-0.04937554458321236,0,1730.930882101745
2015-02-25,16.425,17.675,2015-03-18,2015-04-15,0.7,0.30000000000000004,14,20,21,49,0.01902587519025878,0,1763.8633570275774
2015-02-26,16.025,17.475,2015-03-18,2015-04-15,0.65,0.35,13,20,20,48,-0.020238095238095277,0,1728.166122421067
2015-02-27,15.825,17.375,2015-03-18,2015-04-15,0.6,0.4,12,20,19,47,-0.0099803417510963,0,1710.918433916638
2015-03-02,15.325,16.975,2015-03-18,2015-04-15,0.55,0.44999999999999996,11,20,16,44,-0.027972027972028024,0,1663.0605756252633
2015-03-03,15.775,17.325,2015-03-18,2015-04-15,0.5,0.5,10,20,15,43,0.025206161506145852,0,1704.9799490889775
2015-03-04,15.725,17.325,2015-03-18,2015-04-15,0.45,0.55,9,20,14,42,-0.0015105740181270422,0,1702.404450676456
2015-03-05,15.325,17.075,2015-03-18,2015-04-15,0.4,0.6,8,20,13,41,-0.01912074676302311,0,1669.8532062868278
2015-03-06,16.225,17.775,2015-03-18,2015-04-15,0.35,0.65,7,20,12,40,0.0476335877862597,0,1749.3943055786588
2015-03-09,15.825,17.575,2015-03-18,2015-04-15,0.3,0.7,6,20,9,37,-0.015668069055563616,0,1721.9846747934428
2015-03-10,16.925,18.375,2015-03-18,2015-04-15,0.25,0.75,5,20,8,36,0.05219941348973611,0,1811.8712648559742
2015-03-11,17.225,18.525,2015-03-18,2015-04-15,0.2,0.8,4,20,7,35,0.010409437890353868,0,1830.7318262528097
2015-03-12,15.875,17.425,2015-03-18,2015-04-15,0.15,0.85,3,20,6,34,-0.06296194908294539,0,1715.4653822237526
2015-03-13,16.425,17.875,2015-03-18,2015-04-15,0.1,0.9,2,20,5,33,0.02704667733023114,0,1761.8630208879404
2015-03-16,16.125,17.475,2015-03-18,2015-04-15,0.05,0.95,1,20,2,30,-0.021996615905245598,0,1723.1079967398127
2015-03-17,15.625,17.375,2015-03-18,2015-04-15,0.0,1.0,0,20,1,29,-0.006893580353296014,0,1711.2296133068799
2015-03-18,16.525,17.475,2015-04-15,2015-05-20,0.95,0.050000000000000044,19,20,28,63,-0.048920863309352636,0,1627.5147833033775
2015-03-19,16.525,17.675,2015-04-15,2015-05-20,0.9,0.09999999999999998,18,20,27,62,0.0006034092623323772,0,1628.4968407982055
2015-03-20,16.175,17.625,2015-04-15,2015-05-20,0.85,0.15000000000000002,17,20,26,61,-0.01923076923076905,0,1597.1795938597786
2015-03-23,16.075,17.625,2015-04-15,2015-05-20,0.8,0.19999999999999996,16,20,23,58,-0.005185298154643969,0,1588.8977414591027
2015-03-24,15.875,17.575,2015-04-15,2015-05-20,0.75,0.25,15,20,22,57,-0.010375343301800344,0,1572.4123819200092
2015-03-25,16.575,18.075,2015-04-15,2015-05-20,0.7,0.30000000000000004,14,20,21,56,0.039877300613496924,0,1635.1159431622184
2015-03-26,16.475,17.825,2015-04-15,2015-05-20,0.65,0.35,13,20,20,55,-0.008516886930983625,0,1621.189845555257
2015-03-27,16.225,17.725,2015-04-15,2015-05-20,0.6,0.4,12,20,19,54,-0.011653636229532416,0,1602.297088836144
2015-03-30,15.775,17.375,2015-04-15,2015-05-20,0.55,0.44999999999999996,11,20,16,51,-0.024368499257058196,0,1563.251513417254
2015-03-31,16.275,17.825,2015-04-15,2015-05-20,0.5,0.5,10,20,15,50,0.02894816611094253,0,1608.5047779008391
2015-04-01,16.025,17.675,2015-04-15,2015-05-20,0.45,0.55,9,20,14,49,-0.011730205278592143,0,1589.6366866644662
2015-04-02,15.625,17.475,2015-04-15,2015-05-20,0.4,0.6,8,20,13,48,-0.017126827107633247,0,1562.4112539680127
2015-04-03,16.275,17.95,2015-04-15,2015-05-20,0.35,0.65,7,20,12,47,0.032566477442485864,0,1613.2934848262482
2015-04-06,15.275,17.125,2015-04-15,2015-05-20,0.3,0.7,6,20,9,44,-0.05104024188323375,0,1530.9505951320714
2015-04-07,15.275,17.075,2015-04-15,2015-05-20,0.25,0.75,5,20,8,43,-0.00211225105612578,0,1527.7168431206273
2015-04-08,14.825,16.725,2015-04-15,2015-05-20,0.2,0.8,4,20,7,42,-0.022556390977443663,0,1493.2570647043724
2015-04-09,14.075,16.175,2015-04-15,2015-05-20,0.15,0.85,3,20,6,41,-0.03609666564698699,0,1439.3554637147377
2015-04-10,13.425,15.425,2015-04-15,2015-05-20,0.1,0.9,2,20,5,40,-0.04634300126103397,0,1372.6514116447293
2015-04-13,14.325,16.075,2015-04-15,2015-05-20,0.05,0.95,1,20,2,37,0.04433497536945796,0,1433.50787817085
2015-04-14,13.575,15.625,2015-04-15,2015-05-20,0.0,1.0,0,20,1,36,-0.0290852228303361,0,1391.8139821052087
2015-04-15,15.325,16.575,2015-05-20,2015-06-17,0.96,0.040000000000000036,24,25,35,63,-0.019199999999999995,0,1365.0911536487888
2015-04-16,15.125,16.475,2015-05-20,2015-06-17,0.92,0.07999999999999996,23,25,34,62,-0.01274796747967466,0,1347.6890160152823
2015-04-17,15.675,16.875,2015-05-20,2015-06-17,0.88,0.12,22,25,33,61,0.03531805947613731,0,1395.286776838247
2015-04-20,15.175,16.575,2015-05-20,2015-06-17,0.84,0.16000000000000003,21,25,30,58,-0.030090397623111498,0,1353.3020429249145
2015-04-21,15.125,16.525,2015-05-20,2015-06-17,0.8,0.19999999999999996,20,25,29,57,-0.0032469640885772755,0,1348.9079197905392
2015-04-22,14.925,16.325,2015-05-20,2015-06-17,0.76,0.24,19,25,28,56,-0.012982797792924439,0,1331.3953210266243
2015-04-23,14.725,16.175,2015-05-20,2015-06-17,0.72,0.28,18,25,27,55,-0.012318983028634989,0,1314.9938846624932
2015-04-24,14.625,16.175,2015-05-20,2015-06-17,0.68,0.31999999999999995,17,25,26,54,-0.004758442931729556,0,1308.7365613067532
2015-04-27,15.125,16.475,2015-05-20,2015-06-17,0.64,0.36,16,25,23,51,0.02883407182064679,0,1346.4727653097784
2015-04-28,14.475,15.975,2015-05-20,2015-06-17,0.6,0.4,15,25,22,50,-0.03817820767407609,0,1295.0668484482944
2015-04-29,15.075,16.475,2015-05-20,2015-06-17,0.56,0.43999999999999995,14,25,21,49,0.03714759535655077,0,1343.175467694135
2015-04-30,15.525,16.625,2015-05-20,2015-06-17,0.52,0.48,13,25,20,48,0.02026639474858216,0,1370.396791939036
2015-05-01,14.475,15.975,2015-05-20,2015-06-17,0.48,0.52,12,25,19,47,-0.05344795365352273,0,1297.151887716542
2015-05-04,14.475,15.975,2015-05-20,2015-06-17,0.44,0.56,11,25,16,44,0.0,0,1297.151887716542
2015-05-05,15.225,16.525,2015-05-20,2015-06-17,0.4,0.6,10,25,15,43,0.041658504733920854,0,1351.1892957715959
2015-05-06,15.675,16.675,2015-05-20,2015-06-17,0.36,0.64,9,25,14,42,0.016869728209934598,0,1373.9834919514356
2015-05-07,15.425,16.475,2015-05-20,2015-06-17,0.32,0.6799999999999999,8,25,13,41,-0.013361936867912982,0,1355.624411274426
2015-05-08,14.375,15.95,2015-05-20,2015-06-17,0.28,0.72,7,25,12,40,-0.0429394634116117,0,1297.41462646662
2015-05-11,14.925,16.375,2015-05-20,2015-06-17,0.24,0.76,6,25,9,37,0.029660197304790747,0,1335.8962002737412
2015-05-12,14.625,16.125,2015-05-20,2015-06-17,0.2,0.8,5,25,8,36,-0.01634741373931492,0,1314.0577523750878
2015-05-13,14.325,15.925,2015-05-20,2015-06-17,0.16,0.84,4,25,7,35,-0.013902053712480211,0,1295.7896509202683
2015-05-14,13.725,15.625,2015-05-20,2015-06-17,0.12,0.88,3,25,6,34,-0.022209458165805107,0,1267.0108648764715
2015-05-15,13.675,15.525,2015-05-20,2015-06-17,0.08,0.92,2,25,5,33,-0.006105085406247879,0,1259.2756553357567
2015-05-18,13.275,14.975,2015-05-20,2015-06-17,0.04,0.96,1,25,2,30,-0.034987318722767835,0,1215.2169766227023
2015-05-19,13.125,14.875,2015-05-20,2015-06-17,0.0,1.0,0,25,1,29,-0.006842423022740962,0,1206.9019480042334
2015-05-20,14.875,15.975,2015-06-17,2015-07-22,0.9473684210526315,0.052631578947368474,18,19,28,63,0.0,0,1206.9019480042334
2015-05-21,14.325,15.525,2015-06-17,2015-07-22,0.8947368421052632,0.10526315789473684,17,19,27,62,-0.03647898493259327,0,1162.8753900278696
2015-05-22,14.425,15.725,2015-06-17,2015-07-22,0.8421052631578947,0.1578947368421053,16,19,26,61,0.007648183556405508,0,1171.7692744640294
2015-05-26,14.925,15.975,2015-06-17,2015-07-22,0.7894736842105263,0.21052631578947367,15,19,22,57,0.03147765086788379,0,1208.6538185833217
2015-05-27,14.525,15.675,2015-06-17,2015-07-22,0.7368421052631579,0.26315789473684215,14,19,21,56,-0.02501954652071936,0,1178.413848141831
2015-05-28,14.475,15.725,2015-06-17,2015-07-22,0.6842105263157895,0.3157894736842105,13,19,20,55,-0.001597302333836148,0,1176.5315649519694
2015-05-29,14.625,15.825,2015-06-17,2015-07-22,0.631578947368421,0.368421052631579,12,19,19,54,0.009025749933634364,0,1187.1506446462533
2015-06-01,14.575,15.775,2015-06-17,2015-07-22,0.5789473684210527,0.42105263157894735,11,19,16,51,-0.0033184874683434007,0,1183.2111001089588
2015-06-02,14.875,16.025,2015-06-17,2015-07-22,0.5263157894736842,0.4736842105263158,10,19,15,50,0.01849751330599414,0,1205.0975631770243
2015-06-03,14.375,15.675,2015-06-17,2015-07-22,0.47368421052631576,0.5263157894736843,9,19,14,49,-0.027818073214438077,0,1171.5740709340248
2015-06-04,14.975,16.075,2015-06-17,2015-07-22,0.42105263157894735,0.5789473684210527,8,19,13,48,0.0328527741371778,0,1210.0635292713944
2015-06-05,14.725,15.975,2015-06-17,2015-07-22,0.3684210526315789,0.631578947368421,7,19,12,47,-0.010450906026127305,0,1197.4172690413352
2015-06-08,15.225,16.275,2015-06-17,2015-07-22,0.3157894736842105,0.6842105263157895,6,19,9,44,0.024086167415825477,0,1226.2584618500653
2015-06-09,14.825,16.05,2015-06-17,2015-07-22,0.2631578947368421,0.736842105263158,5,19,8,43,-0.01757860856647675,0,1204.7025443478733
2015-06-10,13.875,15.425,2015-06-17,2015-07-22,0.21052631578947367,0.7894736842105263,4,19,7,42,-0.045176943026855265,0,1150.2777661375617
2015-06-11,13.525,15.125,2015-06-17,2015-07-22,0.15789473684210525,0.8421052631578947,3,19,6,41,-0.020566448801743076,0,1126.6206373525101
2015-06-12,14.2,15.375,2015-06-17,2015-07-22,0.10526315789473684,0.8947368421052632,2,19,5,40,0.021321772980624543,0,1150.642186817427
2015-06-15,15.475,16.025,2015-06-17,2015-07-22,0.05263157894736842,0.9473684210526316,1,19,2,37,0.04693296523164525,0,1204.6452365653936
2015-06-16,14.925,15.65,2015-06-17,2015-07-22,0.0,1.0,0,19,1,36,-0.02401908365550698,0,1175.7107618531213
2015-06-17,15.625,16.375,2015-07-22,2015-08-19,0.9583333333333334,0.04166666666666663,23,24,35,63,-0.0015974440894569453,0,1173.8326296456883
2015-06-18,14.975,15.925,2015-07-22,2015-08-19,0.9166666666666666,0.08333333333333337,22,24,34,62,-0.040984697272122506,0,1125.7234546715201
2015-06-19,15.425,16.325,2015-07-22,2015-08-19,0.875,0.125,21,24,33,61,0.029615278162192116,0,1159.0620679153212
2015-06-22,14.525,15.575,2015-07-22,2015-08-19,0.8333333333333334,0.16666666666666663,20,24,30,58,-0.05671761866452141,0,1093.3228275387885
2015-06-23,14.075,15.275,2015-07-22,2015-08-19,0.7916666666666666,0.20833333333333337,19,24,29,57,-0.02891156462585054,0,1061.713153953483
2015-06-24,14.575,15.625,2015-07-22,2015-08-19,0.75,0.25,18,24,28,56,0.0327225130890052,0,1096.4550765304948
2015-06-25,14.625,15.625,2015-07-22,2015-08-19,0.7083333333333334,0.29166666666666663,17,24,27,55,0.002527379949452513,0,1099.2262351063935
2015-06-26,14.525,15.475,2015-07-22,2015-08-19,0.6666666666666666,0.33333333333333337,16,24,26,54,-0.007681564245810124,0,1090.7824581607435
2015-06-29,17.375,17.425,2015-07-22,2015-08-19,0.625,0.375,15,24,23,51,0.17181358787198175,0,1278.1937058851609
2015-06-30,17.325,17.375,2015-07-22,2015-08-19,0.5833333333333334,0.41666666666666663,14,24,22,50,-0.002874595759971288,0,1274.5194156778014
2015-07-01,15.925,16.175,2015-07-22,2015-08-19,0.5416666666666666,0.45833333333333337,13,24,21,49,-0.07590679798222433,0,1177.774727867524
2015-07-02,16.925,17.025,2015-07-22,2015-08-19,0.5,0.5,12,24,20,48,0.058059488245226554,0,1246.1557258356734
2015-07-06,17.225,17.375,2015-07-22,2015-08-19,0.4583333333333333,0.5416666666666667,11,24,16,44,0.019145802650957222,0,1270.0143774348835
2015-07-07,16.325,16.675,2015-07-22,2015-08-19,0.4166666666666667,0.5833333333333333,10,24,15,43,-0.045744552786806336,0,1211.9181377063105
2015-07-08,18.425,18.175,2015-07-22,2015-08-19,0.375,0.625,9,24,14,42,0.10587345601209996,0,1340.2280993490258
2015-07-09,18.825,18.675,2015-07-22,2015-08-19,0.3333333333333333,0.6666666666666667,8,24,13,41,0.025316455696202445,0,1374.157924649001
2015-07-10,16.775,17.175,2015-07-22,2015-08-19,0.2916666666666667,0.7083333333333333,7,24,12,40,-0.0898976412995105,0,1250.6243684500253
2015-07-13,14.475,15.575,2015-07-22,2015-08-19,0.25,0.75,6,24,9,37,-0.10576453346360515,0,1118.3526655826925
2015-07-14,14.075,15.575,2015-07-22,2015-08-19,0.20833333333333334,0.7916666666666666,5,24,8,36,-0.006535947712418277,0,1111.0431710364005
2015-07-15,13.975,15.35,2015-07-22,2015-08-19,0.16666666666666666,0.8333333333333334,4,24,7,35,-0.013035763035762926,0,1096.5598755362673
2015-07-16,12.925,14.475,2015-07-22,2015-08-19,0.125,0.875,3,24,6,34,-0.05979608707632955,0,1030.9898857342916
2015-07-17,12.925,14.425,2015-07-22,2015-08-19,0.08333333333333333,0.9166666666666666,2,24,5,33,-0.0030634573304156865,0,1027.8314922112545
2015-07-20,12.525,14.225,2015-07-22,2015-08-19,0.041666666666666664,0.9583333333333334,1,24,2,30,-0.015151515151515249,0,1012.258287783811
2015-07-21,12.375,14.225,2015-07-22,2015-08-19,0.0,1.0,0,24,1,29,-0.00044156608772438766,0,1011.8113088519079
2015-07-22,14.175,15.325,2015-08-19,2015-09-16,0.95,0.050000000000000044,19,20,28,56,-0.0035149384885764245,0,1008.2548543392473
2015-07-23,14.275,15.425,2015-08-19,2015-09-16,0.9,0.09999999999999998,18,20,27,55,0.007026172492534455,0,1015.3390268622701
2015-07-24,14.9,15.8,2015-08-19,2015-09-16,0.85,0.15000000000000002,17,20,26,54,0.04169562195969423,0,1057.674219087243
2015-07-27,15.775,16.325,2015-08-19,2015-09-16,0.8,0.19999999999999996,16,20,23,51,0.05470568673096099,0,1115.5350135800436
2015-07-28,14.375,15.475,2015-08-19,2015-09-16,0.75,0.25,15,20,22,50,-0.08120868744098209,0,1024.9438793327502
2015-07-29,14.075,15.375,2015-08-19,2015-09-16,0.7,0.30000000000000004,14,20,21,49,-0.017064846416382395,0,1007.4533694465256
2015-07-30,13.925,15.325,2015-08-19,2015-09-16,0.65,0.35,13,20,20,48,-0.00829588662288272,0,999.095650515756
2015-07-31,13.975,15.325,2015-08-19,2015-09-16,0.6,0.4,12,20,19,47,0.002254595907041246,0,1001.3482074801516
2015-08-03,13.875,15.125,2015-08-19,2015-09-16,0.55,0.44999999999999996,11,20,16,44,-0.009645194626248799,0,991.6900091303603
2015-08-04,14.125,15.225,2015-08-19,2015-09-16,0.5,0.5,10,20,15,43,0.012640692640692786,0,1004.225657730623
2015-08-05,13.925,15.175,2015-08-19,2015-09-16,0.45,0.55,9,20,14,42,-0.008517887563884163,0,995.6717764893059
2015-08-06,14.475,15.425,2015-08-19,2015-09-16,0.4,0.6,8,20,13,41,0.026347305389221587,0,1021.9050448518984
2015-08-07,14.275,15.225,2015-08-19,2015-09-16,0.35,0.65,7,20,12,40,-0.013293452974410203,0,1008.3203981938473
2015-08-10,13.575,14.875,2015-08-19,2015-09-16,0.3,0.7,6,20,9,37,-0.031727379553466384,0,976.3290342088487
2015-08-11,14.475,15.475,2015-08-19,2015-09-16,0.25,0.75,5,20,8,36,0.04763548498446668,0,1022.8369412578032
2015-08-12,14.325,15.275,2015-08-19,2015-09-16,0.2,0.8,4,20,7,35,-0.01231527093596052,0,1010.2404272029042
2015-08-13,14.175,15.075,2015-08-19,2015-09-16,0.15,0.85,3,20,6,34,-0.012595293337752667,0,997.516152680627
2015-08-14,14.275,15.125,2015-08-19,2015-09-16,0.1,0.9,2,20,5,33,0.0038487282463186556,0,1001.3553212736081
2015-08-17,13.825,15.025,2015-08-19,2015-09-16,0.05,0.95,1,20,2,30,-0.008976063829787218,0,992.367091993559
2015-08-18,14.275,15.175,2015-08-19,2015-09-16,0.0,1.0,0,20,1,29,0.011025726695623073,0,1003.3086603316102
2015-08-19,15.725,16.325,2015-09-16,2015-10-21,0.9473684210526315,0.052631578947368474,18,19,28,63,0.03624382207578236,0,1039.6724009037607
2015-08-20,17.325,17.325,2015-09-16,2015-10-21,0.8947368421052632,0.10526315789473684,17,19,27,62,0.09954070981210861,0,1143.1621296617802
2015-08-21,19.9,18.625,2015-09-16,2015-10-21,0.8421052631578947,0.1578947368421053,16,19,26,61,0.14088250930356194,0,1304.2136790293357
2015-08-24,25.125,22.5,2015-09-16,2015-10-21,0.7894736842105263,0.21052631578947367,15,19,23,58,0.25442522209605234,0,1636.0385339770842
2015-08-25,25.325,22.55,2015-09-16,2015-10-21,0.7368421052631579,0.26315789473684215,14,19,22,57,0.006854082998661415,0,1647.2520778779715
2015-08-26,23.725,21.475,2015-09-16,2015-10-21,0.6842105263157895,0.3157894736842105,13,19,21,56,-0.05943719238176748,0,1549.3440392238724
2015-08-27,24.175,21.55,2015-09-16,2015-10-21,0.631578947368421,0.368421052631579,12,19,20,55,0.014407409524898496,0,1571.6660732919308
2015-08-28,24.425,21.875,2015-09-16,2015-10-21,0.5789473684210527,0.42105263157894735,11,19,19,54,0.011962807574554812,0,1590.4676120981783
2015-08-31,26.425,23.425,2015-09-16,2015-10-21,0.5263157894736842,0.4736842105263158,10,19,16,51,0.077534231137657,0,1713.7832955515557
2015-09-01,29.725,25.825,2015-09-16,2015-10-21,0.47368421052631576,0.5263157894736843,9,19,15,50,0.1149292217018365,0,1910.7470758749043
2015-09-02,25.975,23.875,2015-09-16,2015-10-21,0.42105263157894735,0.5789473684210527,8,19,14,49,-0.10127906423850497,0,1717.2284000338343
2015-09-03,25.625,23.875,2015-09-16,2015-10-21,0.3684210526315789,0.631578947368421,7,19,13,48,-0.005952064622415931,0,1707.007345625385
2015-09-04,28.025,25.775,2015-09-16,2015-10-21,0.3157894736842105,0.6842105263157895,6,19,12,47,0.08500134156157779,0,1852.1052600590106
2015-09-08,24.625,23.575,2015-09-16,2015-10-21,0.2631578947368421,0.736842105263158,5,19,8,43,-0.09737195091658779,0,1671.7621575841904
2015-09-09,25.825,24.225,2015-09-16,2015-10-21,0.21052631578947367,0.7894736842105263,4,19,7,42,0.03332046119048937,0,1727.466043675703
2015-09-10,24.7,23.375,2015-09-16,2015-10-21,0.15789473684210525,0.8421052631578947,3,19,6,41,-0.03696362564954203,0,1663.6126355149788
2015-09-11,23.8,22.925,2015-09-16,2015-10-21,0.10526315789473684,0.8947368421052632,2,19,5,40,-0.022093282749386267,0,1626.8579711730947
2015-09-14,23.725,22.875,2015-09-16,2015-10-21,0.05263157894736842,0.9473684210526316,1,19,2,37,-0.002286628937289259,0,1623.1379506593507
2015-09-15,22.575,20.425,2015-09-16,2015-10-21,0.0,1.0,0,19,1,36,-0.103909524082898,0,1454.4784586854473
2015-09-16,18.975,19.25,2015-10-21,2015-11-18,0.96,0.040000000000000036,24,25,35,63,-0.07099143206854341,0,1351.2229499905195
2015-09-17,20.425,20.075,2015-10-21,2015-11-18,0.92,0.07999999999999996,23,25,34,62,0.07505530390814297,0,1452.6393991497155
2015-09-18,21.525,20.975,2015-10-21,2015-11-18,0.88,0.12,22,25,33,61,0.05314507035348348,0,1529.840022215769
2015-09-21,19.675,19.825,2015-10-21,2015-11-18,0.84,0.16000000000000003,21,25,30,58,-0.08229647234260673,0,1403.9395851388763
2015-09-22,21.775,21.125,2015-10-21,2015-11-18,0.8,0.19999999999999996,20,25,29,57,0.10010660439616204,0,1544.4832097844856
2015-09-23,21.125,20.675,2015-10-21,2015-11-18,0.76,0.24,19,25,28,56,-0.028182028182027974,0,1500.9565404396703
2015-09-24,21.875,21.175,2015-10-21,2015-11-18,0.72,0.28,18,25,27,55,0.032830565732502315,0,1550.233792802204
2015-09-25,22.325,21.675,2015-10-21,2015-11-18,0.68,0.31999999999999995,17,25,26,54,0.021403201254670323,0,1583.4137586613406
2015-09-28,24.075,22.725,2015-10-21,2015-11-18,0.64,0.36,16,25,23,51,0.06899669937152408,0,1692.664081748432
2015-09-29,23.875,22.675,2015-10-21,2015-11-18,0.6,0.4,15,25,22,50,-0.006189325533087375,0,1682.1876327283267
2015-09-30,23.025,22.125,2015-10-21,2015-11-18,0.56,0.43999999999999995,14,25,21,49,-0.0312032485573841,0,1629.6979139041468
2015-10-01,22.225,21.425,2015-10-21,2015-11-18,0.52,0.48,13,25,20,48,-0.03340845817314053,0,1575.252219312626
2015-10-02,21.075,20.475,2015-10-21,2015-11-18,0.48,0.52,12,25,19,47,-0.048257863650931876,0,1499.2339124972093
2015-10-05,19.875,19.475,2015-10-21,2015-11-18,0.44,0.56,11,25,16,44,-0.05278620623223984,0,1420.0950420017639
2015-10-06,20.325,19.925,2015-10-21,2015-11-18,0.4,0.6,10,25,15,43,0.022899597984835207,0,1452.6146475638618
2015-10-07,19.475,19.175,2015-10-21,2015-11-18,0.36,0.64,9,25,14,42,-0.0393328354493403,0,1395.479194659931
2015-10-08,18.425,18.525,2015-10-21,2015-11-18,0.32,0.6799999999999999,8,25,13,41,-0.041176165534408615,0,1338.0187123407904
2015-10-09,18.175,18.375,2015-10-21,2015-11-18,0.28,0.72,7,25,12,40,-0.009841561671983912,0,1324.8505186650202
2015-10-12,16.725,17.175,2015-10-21,2015-11-18,0.24,0.76,6,25,9,37,-0.06932692832578191,0,1233.0027017151554
2015-10-13,18.275,18.675,2015-10-21,2015-11-18,0.2,0.8,5,25,8,36,0.0885920196871155,0,1342.236901339771
2015-10-14,18.325,18.725,2015-10-21,2015-11-18,0.16,0.84,4,25,7,35,0.0026888948642107557,0,1345.8460352503378
2015-10-15,16.575,17.175,2015-10-21,2015-11-18,0.12,0.88,3,25,6,34,-0.08477573549113127,0,1231.7509477541673
2015-10-16,16.1,17.075,2015-10-21,2015-11-18,0.08,0.92,2,25,5,33,-0.00847804478746439,0,1221.3081080521058
2015-10-19,15.275,15.95,2015-10-21,2015-11-18,0.04,0.96,1,25,2,30,-0.0647761369653469,0,1142.1964867680338
2015-10-20,16.075,17.025,2015-10-21,2015-11-18,0.0,1.0,0,25,1,29,0.06682157884820694,0,1218.519859368749
2015-10-21,18.225,18.625,2015-11-18,2015-12-16,0.95,0.050000000000000044,19,20,28,56,0.07048458149779746,0,1304.4067217031102
2015-10-22,16.025,16.825,2015-11-18,2015-12-16,0.9,0.09999999999999998,18,20,27,55,-0.11948479035352166,0,1148.5499580246897
2015-10-23,16.6,17.225,2015-11-18,2015-12-16,0.85,0.15000000000000002,17,20,26,54,0.03461657870226653,0,1188.3088280401364
2015-10-26,16.925,17.525,2015-11-18,2015-12-16,0.8,0.19999999999999996,16,20,23,51,0.01924372894047166,0,1211.1763210245103
2015-10-27,16.475,17.175,2015-11-18,2015-12-16,0.75,0.25,15,20,22,50,-0.025227339395717197,0,1180.621564905969
2015-10-28,15.975,16.825,2015-11-18,2015-12-16,0.7,0.30000000000000004,14,20,21,49,-0.0277777777777779,0,1147.8265214363585
2015-10-29,16.175,16.975,2015-11-18,2015-12-16,0.65,0.35,13,20,20,48,0.011398644485520526,0,1160.9101878852632
2015-10-30,16.625,17.325,2015-11-18,2015-12-16,0.6,0.4,12,20,19,47,0.025220297781829215,0,1190.188688521689
2015-11-02,15.875,16.625,2015-11-18,2015-12-16,0.55,0.44999999999999996,11,20,16,44,-0.04318249038745936,0,1138.7933769203382
2015-11-03,16.125,16.925,2015-11-18,2015-12-16,0.5,0.5,10,20,15,43,0.01680801850424052,0,1157.934237072122
2015-11-04,16.725,17.425,2015-11-18,2015-12-16,0.45,0.55,9,20,14,42,0.03328290468986417,0,1196.4736519217238
2015-11-05,16.025,16.825,2015-11-18,2015-12-16,0.4,0.6,8,20,13,41,-0.03769725306838123,0,1151.3698818755804
2015-11-06,15.675,16.475,2015-11-18,2015-12-16,0.35,0.65,7,20,12,40,-0.021205695243865397,0,1126.9542830475616
2015-11-09,17.025,17.475,2015-11-18,2015-12-16,0.3,0.7,6,20,9,37,0.06931151589996909,0,1205.065192755551
2015-11-10,16.225,16.925,2015-11-18,2015-12-16,0.25,0.75,5,20,8,36,-0.03604382929642447,0,1161.6300286568069
2015-11-11,16.775,17.375,2015-11-18,2015-12-16,0.2,0.8,4,20,7,35,0.028358208955223896,0,1194.5717757381194
2015-11-12,18.575,18.725,2015-11-18,2015-12-16,0.15,0.85,3,20,6,34,0.08345407128368598,0,1294.263653864048
2015-11-13,20.325,19.875,2015-11-18,2015-12-16,0.1,0.9,2,20,5,33,0.06630129661809914,0,1380.0750122809127
2015-11-16,18.075,17.875,2015-11-18,2015-12-16,0.05,0.95,1,20,2,30,-0.1016566265060238,0,1239.7812422071759
2015-11-17,18.975,18.525,2015-11-18,2015-12-16,0.0,1.0,0,20,1,29,0.03704221414593234,0,1285.7054844751242
2015-11-18,17.775,18.325,2015-12-16,2016-01-20,0.9473684210526315,0.052631578947368474,18,19,28,63,-0.04048582995951422,0,1233.6526308526493
2015-11-19,18.175,18.825,2015-12-16,2016-01-20,0.8947368421052632,0.10526315789473684,17,19,27,62,0.022762545266425516,0,1261.7337047054775
2015-11-20,17.425,18.275,2015-12-16,2016-01-20,0.8421052631578947,0.1578947368421053,16,19,26,61,-0.039956725567977136,0,1211.3189573266936
2015-11-23,17.025,17.825,2015-12-16,2016-01-20,0.7894736842105263,0.21052631578947367,15,19,23,58,-0.023229674035219472,0,1183.1804127953126
2015-11-24,17.425,18.325,2015-12-16,2016-01-20,0.7368421052631579,0.26315789473684215,14,19,22,57,0.02448917119461247,0,1212.1555204783692
2015-11-25,16.775,17.775,2015-12-16,2016-01-20,0.6842105263157895,0.3157894736842105,13,19,21,56,-0.035312523280935815,0,1169.351250441362
2015-11-27,17.175,18.025,2015-12-16,2016-01-20,0.631578947368421,0.368421052631579,12,19,19,54,0.020632843174994253,0,1193.478291408202
2015-11-30,16.975,17.775,2015-12-16,2016-01-20,0.5789473684210527,0.42105263157894735,11,19,16,51,-0.012489654653525029,0,1178.5721597120344
2015-12-01,16.125,17.125,2015-12-16,2016-01-20,0.5263157894736842,0.4736842105263158,10,19,15,50,-0.044235007980542695,0,1126.438010821527
2015-12-02,16.775,17.575,2015-12-16,2016-01-20,0.47368421052631576,0.5263157894736843,9,19,14,49,0.033452239397542494,0,1164.1198848260203
2015-12-03,18.325,18.525,2015-12-16,2016-01-20,0.42105263157894735,0.5789473684210527,8,19,13,48,0.0717728976968397,0,1247.6721422264952
2015-12-04,16.225,17.325,2015-12-16,2016-01-20,0.3684210526315789,0.631578947368421,7,19,12,47,-0.08562254727078122,0,1140.8432752502702
2015-12-07,16.525,17.525,2015-12-16,2016-01-20,0.3157894736842105,0.6842105263157895,6,19,9,44,0.013997978069834272,0,1156.8127743983414
2015-12-08,17.775,18.325,2015-12-16,2016-01-20,0.2631578947368421,0.736842105263158,5,19,8,43,0.05474424650202625,0,1220.1416180766971
2015-12-09,18.975,19.025,2015-12-16,2016-01-20,0.21052631578947367,0.7894736842105263,4,19,7,42,0.04574075414344647,0,1275.9518158493304
2015-12-10,19.325,19.125,2015-12-16,2016-01-20,0.15789473684210525,0.8421052631578947,3,19,6,41,0.008027126150439656,0,1286.1940420370354
2015-12-11,23.65,21.925,2015-12-16,2016-01-20,0.10526315789473684,0.8947368421052632,2,19,5,40,0.15873342949378388,0,1490.3560333240462
2015-12-14,22.425,20.425,2015-12-16,2016-01-20,0.05263157894736842,0.9473684210526316,1,19,2,37,-0.06654365811558827,0,1391.1822909720265
2015-12-15,20.625,18.875,2015-12-16,2016-01-20,0.0,1.0,0,19,1,36,-0.07613920399923102,0,1285.2587787195898
2015-12-16,18.125,18.675,2016-01-20,2016-02-17,0.9545454545454546,0.045454545454545414,21,22,35,63,-0.039735099337748325,0,1234.1888934724539
2015-12-17,19.275,19.575,2016-01-20,2016-02-17,0.9090909090909091,0.09090909090909094,20,22,34,62,0.0627347858752818,0,1311.6154694340992
2015-12-18,20.425,20.575,2016-01-20,2016-02-17,0.8636363636363636,0.13636363636363635,19,22,33,61,0.058872012245378524,0,1388.8329114118515
2015-12-21,18.825,19.275,2016-01-20,2016-02-17,0.8181818181818182,0.18181818181818177,18,22,30,58,-0.07625611382836817,0,1282.9259108306453
2015-12-22,17.825,18.475,2016-01-20,2016-02-17,0.7727272727272727,0.2272727272727273,17,22,29,57,-0.050967664382738365,0,1217.5381735795102
2015-12-23,17.875,18.575,2016-01-20,2016-02-17,0.7272727272727273,0.2727272727272727,16,22,28,56,0.003414264036418979,0,1221.6951703785298
2015-12-24,18.225,18.825,2016-01-20,2016-02-17,0.6818181818181818,0.31818181818181823,15,22,27,55,0.017863882249339547,0,1243.5193890467588
2015-12-28,17.825,18.325,2016-01-20,2016-02-17,0.6363636363636364,0.36363636363636365,14,22,23,51,-0.023448105639886307,0,1214.3612150471436
2015-12-29,17.475,18.075,2016-01-20,2016-02-17,0.5909090909090909,0.40909090909090906,13,22,22,50,-0.017417644831502987,0,1193.2099027063
2015-12-30,18.35,18.775,2016-01-20,2016-02-17,0.5454545454545454,0.4545454545454546,12,22,21,49,0.04533795049377942,0,1247.3075942038854
2015-12-31,18.525,18.875,2016-01-20,2016-02-17,0.5,0.5,11,22,20,48,0.007598970462066257,0,1256.7858477693517
2016-01-04,19.825,19.525,2016-01-20,2016-02-17,0.45454545454545453,0.5454545454545454,10,22,16,44,0.052139037433154956,0,1322.3134521316574
2016-01-05,19.425,19.275,2016-01-20,2016-02-17,0.4090909090909091,0.5909090909090908,9,22,15,43,-0.016183100219627544,0,1300.9143210140492
2016-01-06,20.325,19.825,2016-01-20,2016-02-17,0.36363636363636365,0.6363636363636364,8,22,14,42,0.035848613070051716,0,1347.5502951453707
2016-01-07,23.525,21.775,2016-01-20,2016-02-17,0.3181818181818182,0.6818181818181819,7,22,13,41,0.12018630012495723,0,1509.507379351187
2016-01-08,25.275,23.075,2016-01-20,2016-02-17,0.2727272727272727,0.7272727272727273,6,22,12,40,0.06462446570323621,0,1607.0584872168497
2016-01-11,23.475,21.975,2016-01-20,2016-02-17,0.22727272727272727,0.7727272727272727,5,22,9,37,-0.05452625515983467,0,1519.4316060860858
2016-01-12,22.075,21.075,2016-01-20,2016-02-17,0.18181818181818182,0.8181818181818181,4,22,8,36,-0.04542214074753037,0,1450.4157698181975
2016-01-13,24.725,23.125,2016-01-20,2016-02-17,0.13636363636363635,0.8636363636363636,3,22,7,35,0.1015716882283757,0,1597.7369481916908
2016-01-14,23.575,22.275,2016-01-20,2016-02-17,0.09090909090909091,0.9090909090909091,2,22,6,34,-0.03816570927855123,0,1536.758184323407
2016-01-15,26.475,24.35,2016-01-20,2016-02-17,0.045454545454545456,0.9545454545454546,1,22,5,33,0.09601136709631586,0,1684.3044384967493
2016-01-19,25.85,24.025,2016-01-20,2016-02-17,0.0,1.0,0,22,1,29,-0.013852089434295611,0,1660.9733027801115
2016-01-20,24.725,23.925,2016-02-17,2016-03-16,0.9473684210526315,0.052631578947368474,18,19,28,56,0.02913631633714897,0,1709.3679463574717
2016-01-21,25.075,24.075,2016-02-17,2016-03-16,0.8947368421052632,0.10526315789473684,17,19,27,55,0.013753398368782976,0,1732.8775646825545
2016-01-22,22.725,22.175,2016-02-17,2016-03-16,0.8421052631578947,0.1578947368421053,16,19,26,54,-0.09221689413500544,0,1573.0769777512974
2016-01-25,24.025,23.175,2016-02-17,2016-03-16,0.7894736842105263,0.21052631578947367,15,19,23,51,0.05533275210694533,0,1660.1196562063526
2016-01-26,22.925,22.225,2016-02-17,2016-03-16,0.7368421052631579,0.26315789473684215,14,19,22,50,-0.04480494399381996,0,1585.7380879869872
2016-01-27,23.775,22.925,2016-02-17,2016-03-16,0.6842105263157895,0.3157894736842105,13,19,21,49,0.035641960307816856,0,1642.2569019776126
2016-01-28,23.275,22.475,2016-02-17,2016-03-16,0.631578947368421,0.368421052631579,12,19,20,48,-0.020598936467954188,0,1608.4281563897164
2016-01-29,21.625,21.325,2016-02-17,2016-03-16,0.5789473684210527,0.42105263157894735,11,19,19,47,-0.06378471228170635,0,1505.835029208603
2016-02-01,21.525,21.225,2016-02-17,2016-03-16,0.5263157894736842,0.4736842105263158,10,19,16,44,-0.004651447457004632,0,1498.830716691322
2016-02-02,23.175,22.425,2016-02-17,2016-03-16,0.47368421052631576,0.5263157894736843,9,19,15,43,0.0671958648698543,0,1599.5459429928987
2016-02-03,22.775,22.175,2016-02-17,2016-03-16,0.42105263157894735,0.5789473684210527,8,19,14,42,-0.014093455784670472,0,1577.0028129697794
2016-02-04,23.075,22.475,2016-02-17,2016-03-16,0.3684210526315789,0.631578947368421,7,19,13,41,0.013376356702845316,0,1598.0973651174534
2016-02-05,24.125,23.05,2016-02-17,2016-03-16,0.3157894736842105,0.6842105263157895,6,19,12,40,0.033045393935880574,0,1650.9071220956523
2016-02-08,25.425,23.975,2016-02-17,2016-03-16,0.2631578947368421,0.736842105263158,5,19,9,37,0.044610711071107145,0,1724.5552627246946
2016-02-09,26.125,24.475,2016-02-17,2016-03-16,0.21052631578947367,0.7894736842105263,4,19,8,36,0.022689211819998834,0,1763.684062375949
2016-02-10,26.275,24.625,2016-02-17,2016-03-16,0.15789473684210525,0.8421052631578947,3,19,7,35,0.006042936655181519,0,1774.34189344464
2016-02-11,28.125,25.775,2016-02-17,2016-03-16,0.10526315789473684,0.8947368421052632,2,19,6,34,0.05065299000687351,0,1864.2176156420683
2016-02-12,26.875,25.125,2016-02-17,2016-03-16,0.05263157894736842,0.9473684210526316,1,19,5,33,-0.027405572129240996,0,1813.127665311988
2016-02-16,24.725,23.825,2016-02-17,2016-03-16,0.0,1.0,0,19,1,29,-0.053326376206626835,0,1716.4401373209178
2016-02-17,22.925,23.075,2016-03-16,2016-04-20,0.95,0.050000000000000044,19,20,28,63,-0.03777544596012583,0,1651.6008456697605
2016-02-18,22.775,23.175,2016-03-16,2016-04-20,0.9,0.09999999999999998,18,20,27,62,-0.0059958574076094395,0,1641.6980825048374
2016-02-19,22.375,22.75,2016-03-16,2016-04-20,0.85,0.15000000000000002,17,20,26,61,-0.0176419022572869,0,1612.7354053973118
2016-02-22,21.025,21.625,2016-03-16,2016-04-20,0.8,0.19999999999999996,16,20,23,58,-0.05867929785455561,0,1518.1012241834153
2016-02-23,22.175,22.525,2016-03-16,2016-04-20,0.75,0.25,15,20,22,57,0.0520217545519035,0,1597.0755134528295
2016-02-24,21.775,22.125,2016-03-16,2016-04-20,0.7,0.30000000000000004,14,20,21,56,-0.017967434025828455,0,1568.3801645305996
2016-02-25,20.825,21.425,2016-03-16,2016-04-20,0.65,0.35,13,20,20,55,-0.03999085923217549,0,1505.6592941483202
2016-02-26,21.475,21.825,2016-03-16,2016-04-20,0.6,0.4,12,20,19,54,0.026741145709531677,0,1545.922348722051
2016-02-29,21.775,22.175,2016-03-16,2016-04-20,0.55,0.44999999999999996,11,20,16,51,0.014804533888503446,0,1568.8090085227016
2016-03-01,19.425,20.325,2016-03-16,2016-04-20,0.5,0.5,10,20,15,50,-0.0967888863584605,0,1416.9657316786686
2016-03-02,19.275,20.275,2016-03-16,2016-04-20,0.45,0.55,9,20,14,49,-0.005031446540880613,0,1409.8363443494675
2016-03-03,18.325,19.525,2016-03-16,2016-04-20,0.4,0.6,8,20,13,48,-0.042370744010088446,0,1350.1005295069174
2016-03-04,18.925,20.025,2016-03-16,2016-04-20,0.35,0.65,7,20,12,47,0.02835389866106608,0,1388.3811431028082
2016-03-07,18.575,19.825,2016-03-16,2016-04-20,0.3,0.7,6,20,9,44,-0.012856415478615157,0,1370.531538284404
2016-03-08,19.625,20.675,2016-03-16,2016-04-20,0.25,0.75,5,20,8,43,0.04678663239074554,0,1434.6540935460393
2016-03-09,19.075,20.125,2016-03-16,2016-04-20,0.2,0.8,4,20,7,42,-0.026944274341702434,0,1395.9983800640885
2016-03-10,18.95,19.925,2016-03-16,2016-04-20,0.15,0.85,3,20,6,41,-0.009289480291237884,0,1383.030280625883
2016-03-11,17.625,19.1,2016-03-16,2016-04-20,0.1,0.9,2,20,5,40,-0.04550338115401642,0,1320.097726619017
2016-03-14,17.425,18.825,2016-03-16,2016-04-20,0.05,0.95,1,20,2,37,-0.014114232950798167,0,1301.4655597876972
2016-03-15,16.9,19.075,2016-03-16,2016-04-20,0.0,1.0,0,20,1,36,0.011263663023193704,0,1316.124829289438
2016-03-16,18.275,19.175,2016-04-20,2016-05-18,0.9583333333333334,0.04166666666666663,23,24,35,63,-0.04193971166448229,0,1260.926933434573
2016-03-17,17.775,18.825,2016-04-20,2016-05-18,0.9166666666666666,0.08333333333333337,22,24,34,62,-0.026962457337883716,0,1226.9292447856546
2016-03-18,17.725,18.875,2016-04-20,2016-05-18,0.875,0.125,21,24,33,61,-0.0023326335432701795,0,1224.0672684740484
2016-03-21,16.975,18.375,2016-04-20,2016-05-18,0.8333333333333334,0.16666666666666663,20,24,30,58,-0.04022385449457855,0,1174.830564775372
2016-03-22,16.825,18.375,2016-04-20,2016-05-18,0.7916666666666666,0.20833333333333337,19,24,29,57,-0.007263922518159993,0,1166.2966865808776
2016-03-23,17.725,19.225,2016-04-20,2016-05-18,0.75,0.25,18,24,28,56,0.0518770501761634,0,1226.8007183109269
2016-03-24,17.375,19.075,2016-04-20,2016-05-18,0.7083333333333334,0.29166666666666663,17,24,27,55,-0.016574585635359185,0,1206.4670047477623
2016-03-28,17.125,18.775,2016-04-20,2016-05-18,0.6666666666666666,0.33333333333333337,16,24,23,51,-0.014805315924457996,0,1188.604879590037
2016-03-29,16.075,17.825,2016-04-20,2016-05-18,0.625,0.375,15,24,22,50,-0.05752003771805769,0,1120.2362820841506
2016-03-30,15.85,17.475,2016-04-20,2016-05-18,0.5833333333333334,0.41666666666666663,14,24,21,49,-0.016249533059394694,0,1102.0329655840908
2016-03-31,15.925,17.625,2016-04-20,2016-05-18,0.5416666666666666,0.45833333333333337,13,24,20,48,0.0064288415479640815,0,1109.117760900464
2016-04-01,15.425,17.175,2016-04-20,2016-05-18,0.5,0.5,12,24,19,47,-0.028560738338737846,0,1077.4405387445388
2016-04-04,15.925,17.625,2016-04-20,2016-05-18,0.4583333333333333,0.5416666666666667,11,24,16,44,0.02914110429447847,0,1108.8383458551925
2016-04-05,16.775,18.425,2016-04-20,2016-05-18,0.4166666666666667,0.5833333333333333,10,24,15,43,0.048849863962404205,0,1163.004948206516
2016-04-06,15.625,17.425,2016-04-20,2016-05-18,0.375,0.625,9,24,14,42,-0.05990133897110628,0,1093.3393945789237
2016-04-07,17.275,18.875,2016-04-20,2016-05-18,0.3333333333333333,0.6666666666666667,8,24,13,41,0.09104477611940287,0,1192.8822349808852
2016-04-08,16.675,18.525,2016-04-20,2016-05-18,0.2916666666666667,0.7083333333333333,7,24,12,40,-0.02362562471603835,0,1164.6996469667977
2016-04-11,17.075,19.025,2016-04-20,2016-05-18,0.25,0.75,6,24,9,37,0.026178616935016663,0,1195.1898728690908
2016-04-12,15.925,18.275,2016-04-20,2016-05-18,0.20833333333333334,0.7916666666666666,5,24,8,36,-0.04585300067430875,0,1140.3868308224974
2016-04-13,14.825,17.475,2016-04-20,2016-05-18,0.16666666666666666,0.8333333333333334,4,24,7,35,-0.04849478739604063,0,1085.0840139125157
2016-04-14,14.675,17.275,2016-04-20,2016-05-18,0.125,0.875,3,24,6,34,-0.011252446183953269,0,1072.874164440897
2016-04-15,14.725,17.075,2016-04-20,2016-05-18,0.08333333333333333,0.9166666666666666,2,24,5,33,-0.009955752212389313,0,1062.1928951046493
2016-04-18,13.825,16.225,2016-04-20,2016-05-18,0.041666666666666664,0.9583333333333334,1,24,2,30,-0.05060478894100229,0,1008.4408478332464
2016-04-19,13.25,16.225,2016-04-20,2016-05-18,0.0,1.0,0,24,1,29,-0.0014857881136950413,0,1006.9425184081712
2016-04-20,16.425,17.925,2016-05-18,2016-06-15,0.95,0.050000000000000044,19,20,28,56,0.01232665639445285,0,1019.3547528415538
2016-04-21,16.775,18.475,2016-05-18,2016-06-15,0.9,0.09999999999999998,18,20,27,55,0.021818181818181737,0,1041.5952201762784
2016-04-22,16.175,18.025,2016-05-18,2016-06-15,0.85,0.15000000000000002,17,20,26,54,-0.03452345824727043,0,1005.6357510819663
2016-04-25,16.225,18.175,2016-05-18,2016-06-15,0.8,0.19999999999999996,16,20,23,51,0.00395076736058364,0,1009.6087839839769
2016-04-26,15.925,18.025,2016-05-18,2016-06-15,0.75,0.25,15,20,22,50,-0.01625037616611491,0,993.2022614636235
2016-04-27,15.475,17.625,2016-05-18,2016-06-15,0.7,0.30000000000000004,14,20,21,49,-0.02659574468085124,0,966.787307701293
2016-04-28,16.475,18.475,2016-05-18,2016-06-15,0.65,0.35,13,20,20,48,0.05924317617866026,0,1024.0628584987332
2016-04-29,16.875,18.975,2016-05-18,2016-06-15,0.6,0.4,12,20,19,47,0.025327510917030338,0,1049.9998217270852
2016-05-02,15.775,18.175,2016-05-18,2016-06-15,0.55,0.44999999999999996,11,20,16,44,-0.05532034998588764,0,991.9134641040233
2016-05-03,16.625,18.925,2016-05-18,2016-06-15,0.5,0.5,10,20,15,43,0.04776030851379409,0,1039.2875571686177
2016-05-04,16.875,19.075,2016-05-18,2016-06-15,0.45,0.55,9,20,14,42,0.011251758087201358,0,1050.9813693449175
2016-05-05,16.725,19.075,2016-05-18,2016-06-15,0.4,0.6,8,20,13,41,-0.003732374896322832,0,1047.0587128654715
2016-05-06,15.725,18.325,2016-05-18,2016-06-15,0.35,0.65,7,20,12,40,-0.04687069203198224,0,997.9823463953503
2016-05-09,15.475,18.025,2016-05-18,2016-06-15,0.3,0.7,6,20,9,37,-0.01622164800459369,0,981.7934280573264
2016-05-10,14.525,17.125,2016-05-18,2016-06-15,0.25,0.75,5,20,8,36,-0.053012746234067154,0,929.7458622014485
2016-05-11,15.625,17.975,2016-05-18,2016-06-15,0.2,0.8,4,20,7,35,0.055386949924127515,0,981.241649713365
2016-05-12,15.225,17.475,2016-05-18,2016-06-15,0.15,0.85,3,20,6,34,-0.027420736932305068,0,954.3352805695538
2016-05-13,15.875,18.075,2016-05-18,2016-06-15,0.1,0.9,2,20,5,33,0.03544857768052512,0,988.1651088960895
2016-05-16,15.125,17.425,2016-05-18,2016-06-15,0.05,0.95,1,20,2,30,-0.03696443573228769,0,951.6381432354108
2016-05-17,15.425,18.0,2016-05-18,2016-06-15,0.0,1.0,0,20,1,29,0.03242345465049068,0,982.4935394162814
2016-05-18,18.075,19.425,2016-06-15,2016-07-20,0.9473684210526315,0.052631578947368474,18,19,28,63,0.004166666666666652,0,986.5872624971826
2016-05-19,17.975,19.325,2016-06-15,2016-07-20,0.8947368421052632,0.10526315789473684,17,19,27,62,-0.00551084040316141,0,981.1503375497686
2016-05-20,17.325,18.95,2016-06-15,2016-07-20,0.8421052631578947,0.1578947368421053,16,19,26,61,-0.03427990413247173,0,947.5165980390202
2016-05-23,17.575,19.075,2016-06-15,2016-07-20,0.7894736842105263,0.21052631578947367,15,19,23,58,0.013096841790151137,0,959.9260730170795
2016-05-24,16.475,18.225,2016-06-15,2016-07-20,0.7368421052631579,0.26315789473684215,14,19,22,57,-0.058542325512980664,0,903.7297683821164
2016-05-25,16.175,18.025,2016-06-15,2016-07-20,0.6842105263157895,0.3157894736842105,13,19,21,56,-0.016160360500349635,0,889.125169530164
2016-05-26,15.825,17.825,2016-06-15,2016-07-20,0.631578947368421,0.368421052631579,12,19,20,55,-0.018057627384784558,0,873.069678520355
2016-05-27,15.375,17.625,2016-06-15,2016-07-20,0.5789473684210527,0.42105263157894735,11,19,19,54,-0.021609597203463893,0,854.2029944369724
2016-05-31,15.275,17.475,2016-06-15,2016-07-20,0.5263157894736842,0.4736842105263158,10,19,15,50,-0.007416364369205786,0,847.8679137849612
2016-06-01,15.275,17.525,2016-06-15,2016-07-20,0.47368421052631576,0.5263157894736843,9,19,14,49,0.001451495847109019,0,849.098590540717
2016-06-02,14.825,17.175,2016-06-15,2016-07-20,0.42105263157894735,0.5789473684210527,8,19,13,48,-0.02414261731553269,0,828.5991282061344
2016-06-03,14.725,17.125,2016-06-15,2016-07-20,0.3684210526315789,0.631578947368421,7,19,12,47,-0.0043898870010568025,0,824.9616716641353
2016-06-06,14.475,16.875,2016-06-15,2016-07-20,0.3157894736842105,0.6842105263157895,6,19,9,44,-0.015393340354856955,0,812.2627558724977
2016-06-07,14.725,16.875,2016-06-15,2016-07-20,0.2631578947368421,0.736842105263158,5,19,8,43,0.004898359049718248,0,816.2415104934747
2016-06-08,14.975,16.875,2016-06-15,2016-07-20,0.21052631578947367,0.7894736842105263,4,19,7,42,0.004033884630899376,0,819.5341345777565
2016-06-09,15.475,17.175,2016-06-15,2016-07-20,0.15789473684210525,0.8421052631578947,3,19,6,41,0.020765114607459445,0,836.5518548069887
2016-06-10,17.525,18.425,2016-06-15,2016-07-20,0.10526315789473684,0.8947368421052632,2,19,5,40,0.08140711339403839,0,904.6531265112543
2016-06-13,21.325,21.225,2016-06-15,2016-07-20,0.05263157894736842,0.9473684210526316,1,19,2,37,0.15849544182040054,0,1048.0365234918622
2016-06-14,20.575,20.875,2016-06-15,2016-07-20,0.0,1.0,0,19,1,36,-0.01747753331267432,0,1029.719430239634
2016-06-15,20.575,20.725,2016-07-20,2016-08-17,0.9583333333333334,0.04166666666666663,23,24,35,63,-0.014371257485029987,0,1014.9210671703217
2016-06-16,20.025,20.425,2016-07-20,2016-08-17,0.9166666666666666,0.08333333333333337,22,24,34,62,-0.02621722846441943,0,988.312649678965
2016-06-17,20.075,20.475,2016-07-20,2016-08-17,0.875,0.125,21,24,33,61,0.002492729538845051,0,990.7762458144341
2016-06-20,18.475,19.275,2016-07-20,2016-08-17,0.8333333333333334,0.16666666666666663,20,24,30,58,-0.07701863354037253,0,914.4680132175462
2016-06-21,18.675,19.325,2016-07-20,2016-08-17,0.7916666666666666,0.20833333333333337,19,24,29,57,0.00940438871473348,0,923.0680258810341
2016-06-22,19.425,19.675,2016-07-20,2016-08-17,0.75,0.25,18,24,28,56,0.03544135563185269,0,955.782808058676
2016-06-23,16.675,17.625,2016-07-20,2016-08-17,0.7083333333333334,0.29166666666666663,17,24,27,55,-0.13213598460551634,0,829.4895056468175
2016-06-24,22.65,22.125,2016-07-20,2016-08-17,0.6666666666666666,0.33333333333333337,16,24,26,54,0.32708614968661665,0,1100.8040342542902
2016-06-27,23.65,23.025,2016-07-20,2016-08-17,0.625,0.375,15,24,23,51,0.04301075268817223,0,1148.1504443297438
2016-06-28,18.875,19.375,2016-07-20,2016-08-17,0.5833333333333334,0.41666666666666663,14,24,22,50,-0.1859068463899639,0,934.7014160431653
2016-06-29,17.475,18.55,2016-07-20,2016-08-17,0.5416666666666666,0.45833333333333337,13,24,21,49,-0.060807860262008906,0,877.8642229497107
2016-06-30,16.975,18.325,2016-07-20,2016-08-17,0.5,0.5,12,24,20,48,-0.020812800742072035,0,859.5934097988644
2016-07-01,16.775,18.25,2016-07-20,2016-08-17,0.4583333333333333,0.5416666666666667,11,24,19,47,-0.007790368271954673,0,852.8968605723861
2016-07-05,16.825,18.325,2016-07-20,2016-08-17,0.4166666666666667,0.5833333333333333,10,24,15,43,0.0036156718629603013,0,855.9806557531649
2016-07-06,16.175,17.825,2016-07-20,2016-08-17,0.375,0.625,9,24,14,42,-0.03177966101694918,0,828.7778806762635
2016-07-07,15.925,17.675,2016-07-20,2016-08-17,0.3333333333333333,0.6666666666666667,8,24,13,41,-0.010897203051216886,0,819.7465198261771
2016-07-08,14.775,16.775,2016-07-20,2016-08-17,0.2916666666666667,0.7083333333333333,7,24,12,40,-0.057532910775231594,0,772.5841164427111
2016-07-11,14.625,16.725,2016-07-20,2016-08-17,0.25,0.75,6,24,9,37,-0.00488934637159022,0,768.8066850962337
2016-07-12,14.275,16.225,2016-07-20,2016-08-17,0.20833333333333334,0.7916666666666666,5,24,8,36,-0.028549382716049454,0,746.8577288087639
2016-07-13,14.175,16.225,2016-07-20,2016-08-17,0.16666666666666666,0.8333333333333334,4,24,7,35,-0.0013170025023048204,0,745.874115311057
2016-07-14,14.025,16.125,2016-07-20,2016-08-17,0.125,0.875,3,24,6,34,-0.006820566631689617,0,740.7868312087254
2016-07-15,13.825,16.325,2016-07-20,2016-08-17,0.08333333333333333,0.9166666666666666,2,24,5,33,0.009456264775413725,0,747.7919076267749
2016-07-18,13.075,15.725,2016-07-20,2016-08-17,0.041666666666666664,0.9583333333333334,1,24,2,30,-0.038004136504653396,0,719.3727218922518
2016-07-19,12.225,15.675,2016-07-20,2016-08-17,0.0,1.0,0,24,1,29,-0.005336891260840471,0,715.5335078994981
2016-07-20,15.475,17.225,2016-08-17,2016-09-21,0.95,0.050000000000000044,19,20,28,63,-0.012759170653907526,0,706.4038937636193
2016-07-21,15.825,17.775,2016-08-17,2016-09-21,0.9,0.09999999999999998,18,20,27,62,0.02313253012048211,0,722.744803113332
2016-07-22,15.375,17.525,2016-08-17,2016-09-21,0.85,0.15000000000000002,17,20,26,61,-0.02684144818976275,0,703.3452859261452
2016-07-25,15.325,17.575,2016-08-17,2016-09-21,0.8,0.19999999999999996,16,20,23,58,-0.0022296544035674826,0,701.7770690121515
2016-07-26,15.175,17.475,2016-08-17,2016-09-21,0.75,0.25,15,20,22,57,-0.008874801901743168,0,695.5489365454828
2016-07-27,14.775,17.275,2016-08-17,2016-09-21,0.7,0.30000000000000004,14,20,21,56,-0.022222222222222365,0,680.0922935111386
2016-07-28,14.375,16.925,2016-08-17,2016-09-21,0.65,0.35,13,20,20,55,-0.024798711755233405,0,663.2268807574003
2016-07-29,13.825,16.425,2016-08-17,2016-09-21,0.6,0.4,12,20,19,54,-0.03487800884231218,0,640.0948477458845
2016-08-01,13.625,16.225,2016-08-17,2016-09-21,0.55,0.44999999999999996,11,20,16,51,-0.01345442314160783,0,631.4827408135483
2016-08-02,14.225,16.625,2016-08-17,2016-09-21,0.5,0.5,10,20,15,50,0.03447110510307527,0,653.2506487429101
2016-08-03,13.825,16.275,2016-08-17,2016-09-21,0.45,0.55,9,20,14,49,-0.024311183144246518,0,637.3693525822234
2016-08-04,13.425,15.875,2016-08-17,2016-09-21,0.4,0.6,8,20,13,48,-0.026363486571098882,0,620.566074214592
2016-08-05,12.875,15.325,2016-08-17,2016-09-21,0.35,0.65,7,20,12,47,-0.036925142665324096,0,597.6515833909581
2016-08-08,12.475,15.125,2016-08-17,2016-09-21,0.3,0.7,6,20,9,44,-0.018662519440124314,0,586.4978990975033
2016-08-09,12.375,14.875,2016-08-17,2016-09-21,0.25,0.75,5,20,8,43,-0.014305652477320185,0,578.107663974336
2016-08-10,12.875,15.175,2016-08-17,2016-09-21,0.2,0.8,4,20,7,42,0.024561403508772006,0,592.3067995807232
2016-08-11,12.625,15.075,2016-08-17,2016-09-21,0.15,0.85,3,20,6,41,-0.00883452259599038,0,587.0740517760686
2016-08-12,12.325,14.975,2016-08-17,2016-09-21,0.1,0.9,2,20,5,40,-0.008839027706952218,0,581.8848879663873
2016-08-15,12.225,14.825,2016-08-17,2016-09-21,0.05,0.95,1,20,2,37,-0.00985723997280763,0,576.1491089891523
2016-08-16,12.825,15.325,2016-08-17,2016-09-21,0.0,1.0,0,20,1,36,0.0343654304185097,0,595.9487211048054
2016-08-17,14.825,16.675,2016-09-21,2016-10-19,0.9583333333333334,0.04166666666666663,23,24,35,63,-0.03262642740619903,0,576.5050434178622
2016-08-18,14.575,16.575,2016-09-21,2016-10-19,0.9166666666666666,0.08333333333333337,22,24,34,62,-0.016356773381797862,0,567.0752810692128
2016-08-19,14.675,16.675,2016-09-21,2016-10-19,0.875,0.125,21,24,33,61,0.006783493499152193,0,570.9220325518756
2016-08-22,14.725,16.775,2016-09-21,2016-10-19,0.8333333333333334,0.16666666666666663,20,24,30,58,0.0037688442211054607,0,573.0737487549605
2016-08-23,14.675,16.875,2016-09-21,2016-10-19,0.7916666666666666,0.20833333333333337,19,24,29,57,-0.0016592920353981633,0,572.1228520479556
2016-08-24,15.125,17.125,2016-09-21,2016-10-19,0.75,0.25,18,24,28,56,0.02698237885462551,0,587.5600875933023
2016-08-25,14.975,16.925,2016-09-21,2016-10-19,0.7083333333333334,0.29166666666666663,17,24,27,55,-0.010400000000000076,0,581.449462682332
2016-08-26,15.125,17.025,2016-09-21,2016-10-19,0.6666666666666666,0.33333333333333337,16,24,26,54,0.008711968904972611,0,586.5150323210335
2016-08-29,14.675,16.825,2016-09-21,2016-10-19,0.625,0.375,15,24,23,51,-0.023268112109994687,0,572.8679347947905
2016-08-30,14.525,16.775,2016-09-21,2016-10-19,0.5833333333333334,0.41666666666666663,14,24,22,50,-0.007266855066612843,0,568.7049865403269
2016-08-31,14.575,16.725,2016-09-21,2016-10-19,0.5416666666666666,0.45833333333333337,13,24,21,49,0.0005389382915654828,0,569.0114834341778
2016-09-01,14.575,16.675,2016-09-21,2016-10-19,0.5,0.5,12,24,20,48,-0.0014727540500736325,0,568.1734694674117
2016-09-02,13.925,16.375,2016-09-21,2016-10-19,0.4583333333333333,0.5416666666666667,11,24,19,47,-0.030399999999999983,0,550.9009959956024
2016-09-06,13.375,15.875,2016-09-21,2016-10-19,0.4166666666666667,0.5833333333333333,10,24,15,43,-0.03428493375221964,0,532.0133918438613
2016-09-07,13.225,15.775,2016-09-21,2016-10-19,0.375,0.625,9,24,14,42,-0.008146067415730318,0,527.67957488783
2016-09-08,13.375,15.925,2016-09-21,2016-10-19,0.3333333333333333,0.6666666666666667,8,24,13,41,0.010122311261071326,0,533.0209117909544
2016-09-09,16.475,17.875,2016-09-21,2016-10-19,0.2916666666666667,0.7083333333333333,7,24,12,40,0.1547816473189607,0,615.5227665734128
2016-09-12,15.325,16.925,2016-09-21,2016-10-19,0.25,0.75,6,24,9,37,-0.05772900763358779,0,579.9892480832491
2016-09-13,17.775,18.325,2016-09-21,2016-10-19,0.20833333333333334,0.7916666666666666,5,24,8,36,0.10060514372163376,0,638.3391497436667
2016-09-14,18.375,18.875,2016-09-21,2016-10-19,0.16666666666666666,0.8333333333333334,4,24,7,35,0.030774510925523302,0,657.9837248816424
2016-09-15,17.075,18.225,2016-09-21,2016-10-19,0.125,0.875,3,24,6,34,-0.04035476718403541,0,631.4309448531593
2016-09-16,16.025,17.525,2016-09-21,2016-10-19,0.08333333333333333,0.9166666666666666,2,24,5,33,-0.041133771171794065,0,605.4578088567797
2016-09-19,15.675,17.125,2016-09-21,2016-10-19,0.041666666666666664,0.9583333333333334,1,24,2,30,-0.022749042145593812,0,591.684223645718
2016-09-20,15.875,17.425,2016-09-21,2016-10-19,0.0,1.0,0,24,1,29,0.01733610059821733,0,601.9417208692182
2016-09-21,16.075,17.475,2016-10-19,2016-11-16,0.95,0.050000000000000044,19,20,28,56,-0.07747489239598282,0,555.3063508162228
2016-09-22,15.325,16.875,2016-10-19,2016-11-16,0.9,0.09999999999999998,18,20,27,55,-0.04598947042428003,0,529.7681058189453
2016-09-23,15.575,17.075,2016-10-19,2016-11-16,0.85,0.15000000000000002,17,20,26,54,0.015826873385012874,0,538.1526785531598
2016-09-26,16.275,17.375,2016-10-19,2016-11-16,0.8,0.19999999999999996,16,20,23,51,0.04050632911392382,0,559.9512680641737
2016-09-27,15.525,16.875,2016-10-19,2016-11-16,0.75,0.25,15,20,22,50,-0.04243710215216712,0,536.1885589010989
2016-09-28,15.225,16.725,2016-10-19,2016-11-16,0.7,0.30000000000000004,14,20,21,49,-0.01654846335697402,0,527.3154621816954
2016-09-29,15.925,17.025,2016-10-19,2016-11-16,0.65,0.35,13,20,20,48,0.03700159489633159,0,546.8269752959143
2016-09-30,15.775,16.95,2016-10-19,2016-11-16,0.6,0.4,12,20,19,47,-0.007587369711833047,0,542.6779968659407
2016-10-03,15.475,16.775,2016-10-19,2016-11-16,0.55,0.44999999999999996,11,20,16,44,-0.015389350569405935,0,534.3265349258678
2016-10-04,15.325,16.625,2016-10-19,2016-11-16,0.5,0.5,10,20,15,43,-0.009339975093399677,0,529.3359383979176
2016-10-05,15.125,16.675,2016-10-19,2016-11-16,0.45,0.55,9,20,14,42,-0.0046948356807511304,0,526.8507931472233
2016-10-06,14.975,16.525,2016-10-19,2016-11-16,0.4,0.6,8,20,13,41,-0.009388202159286596,0,521.9046113933766
2016-10-07,15.325,16.725,2016-10-19,2016-11-16,0.35,0.65,7,20,12,40,0.016347060672744496,0,530.4362177412092
2016-10-10,14.675,16.325,2016-10-19,2016-11-16,0.3,0.7,6,20,9,37,-0.030027717893440165,0,514.5084286344129
2016-10-11,15.825,16.975,2016-10-19,2016-11-16,0.25,0.75,5,20,8,36,0.05053695514845247,0,540.5101180158109
2016-10-12,16.325,17.225,2016-10-19,2016-11-16,0.2,0.8,4,20,7,35,0.01872659176029967,0,550.6320303382043
2016-10-13,17.025,17.525,2016-10-19,2016-11-16,0.15,0.85,3,20,6,34,0.0222939278380756,0,562.9077810878974
2016-10-14,16.625,17.325,2016-10-19,2016-11-16,0.1,0.9,2,20,5,33,-0.013180515759312339,0,555.4883662082289
2016-10-17,16.525,17.125,2016-10-19,2016-11-16,0.05,0.95,1,20,2,30,-0.01101130107215309,0,549.3717165658315
2016-10-18,15.675,16.625,2016-10-19,2016-11-16,0.0,1.0,0,20,1,29,-0.030272009359461727,0,532.7411308201272
2016-10-19,16.075,16.825,2016-11-16,2016-12-21,0.95,0.050000000000000044,19,20,28,63,-0.03308270676691738,0,515.1166122065289
2016-10-20,15.775,16.675,2016-11-16,2016-12-21,0.9,0.09999999999999998,18,20,27,62,-0.018153607447633835,0,505.7653874387765
2016-10-21,15.575,16.525,2016-11-16,2016-12-21,0.85,0.15000000000000002,17,20,26,61,-0.012291207059565101,0,499.5489203382053
2016-10-24,14.925,16.075,2016-11-16,2016-12-21,0.8,0.19999999999999996,16,20,23,58,-0.03944647685700631,0,479.8434754131418
2016-10-25,15.225,16.225,2016-11-16,2016-12-21,0.75,0.25,15,20,22,57,0.01781590234246111,0,488.39231991076946
2016-10-26,15.625,16.475,2016-11-16,2016-12-21,0.7,0.30000000000000004,14,20,21,56,0.02342487883683364,0,499.8328508295194
2016-10-27,16.075,16.875,2016-11-16,2016-12-21,0.65,0.35,13,20,20,55,0.027392947103274556,0,513.5247456727714
2016-10-28,16.625,17.1,2016-11-16,2016-12-21,0.6,0.4,12,20,19,54,0.026673800061143504,0,527.2224020652965
2016-10-31,17.225,17.425,2016-11-16,2016-12-21,0.55,0.44999999999999996,11,20,16,51,0.029140648230746358,0,542.5860046232503
2016-11-01,17.825,17.875,2016-11-16,2016-12-21,0.5,0.5,10,20,15,50,0.03075368177880433,0,559.2725219470666
2016-11-02,18.525,18.225,2016-11-16,2016-12-21,0.45,0.55,9,20,14,49,0.02941176470588225,0,575.7217137690392
2016-11-03,19.775,19.025,2016-11-16,2016-12-21,0.4,0.6,8,20,13,48,0.0546023965141611,0,607.1574990660686
2016-11-04,19.325,18.975,2016-11-16,2016-12-21,0.35,0.65,7,20,12,47,-0.010866752910737243,0,600.5596685458164
2016-11-07,16.025,16.575,2016-11-16,2016-12-21,0.3,0.7,6,20,9,44,-0.14216520486974737,0,515.1809802304929
2016-11-08,15.975,16.575,2016-11-16,2016-12-21,0.25,0.75,5,20,8,43,-0.000914076782449591,0,514.7100652577045
2016-11-09,14.875,15.725,2016-11-16,2016-12-21,0.2,0.8,4,20,7,42,-0.05555555555555547,0,486.11506163227654
2016-11-10,15.325,16.275,2016-11-16,2016-12-21,0.15,0.85,3,20,6,41,0.03407264545162336,0,502.6782877759671
2016-11-11,14.925,16.125,2016-11-16,2016-12-21,0.1,0.9,2,20,5,40,-0.011622501162250054,0,496.83590879205303
2016-11-14,14.475,15.975,2016-11-16,2016-12-21,0.05,0.95,1,20,2,37,-0.011246485473289769,0,491.2482509612145
2016-11-15,13.2,15.275,2016-11-16,2016-12-21,0.0,1.0,0,20,1,36,-0.04583333333333328,0,468.7327061254922
2016-11-16,15.575,17.075,2016-12-21,2017-01-18,0.9583333333333334,0.04166666666666663,23,24,35,63,0.019639934533551395,0,477.9385857875312
2016-11-17,15.025,16.675,2016-12-21,2017-01-18,0.9166666666666666,0.08333333333333337,22,24,34,62,-0.03477218225419665,0,461.3196181762142
2016-11-18,14.975,16.675,2016-12-21,2017-01-18,0.875,0.125,21,24,33,61,-0.003022808463863713,0,459.92513732984474
2016-11-21,14.475,16.275,2016-12-21,2017-01-18,0.8333333333333334,0.16666666666666663,20,24,30,58,-0.032098765432098775,0,445.16210823036823
2016-11-22,14.425,16.275,2016-12-21,2017-01-18,0.7916666666666666,0.20833333333333337,19,24,29,57,-0.0028200789622109257,0,443.9067159341744
2016-11-23,14.425,16.375,2016-12-21,2017-01-18,0.75,0.25,18,24,28,56,0.0014066676044450777,0,444.5311451308745
2016-11-25,14.325,16.175,2016-12-21,2017-01-18,0.7083333333333334,0.29166666666666663,17,24,26,54,-0.008382229673093322,0,440.8049829755443
2016-11-28,14.425,16.275,2016-12-21,2017-01-18,0.6666666666666666,0.33333333333333337,16,24,23,51,0.006727400140154272,0,443.7704544797947
2016-11-29,14.275,16.225,2016-12-21,2017-01-18,0.625,0.375,15,24,22,50,-0.007756232686980669,0,440.3284675752422
2016-11-30,14.525,16.275,2016-12-21,2017-01-18,0.5833333333333334,0.41666666666666663,14,24,21,49,0.011661807580174655,0,445.4634934361779
2016-12-01,15.025,16.675,2016-12-21,2017-01-18,0.5416666666666666,0.45833333333333337,13,24,20,48,0.03004643540016394,0,458.8480835148394
2016-12-02,15.075,16.775,2016-12-21,2017-01-18,0.5,0.5,12,24,19,47,0.0046204620462044765,0,460.96817366969333
2016-12-05,13.525,15.675,2016-12-21,2017-01-18,0.4583333333333333,0.5416666666666667,11,24,16,44,-0.08320251177394022,0,422.61446377252895
2016-12-06,13.125,15.375,2016-12-21,2017-01-18,0.4166666666666667,0.5833333333333333,10,24,15,43,-0.023542759892213883,0,412.6649529249556
2016-12-07,13.325,15.475,2016-12-21,2017-01-18,0.375,0.625,9,24,14,42,0.009812409812409939,0,416.71419055827414
2016-12-08,13.425,15.525,2016-12-21,2017-01-18,0.3333333333333333,0.6666666666666667,8,24,13,41,0.004686834256497852,0,418.6672609017515
2016-12-09,13.025,15.225,2016-12-21,2017-01-18,0.2916666666666667,0.7083333333333333,7,24,12,40,-0.022484541877459296,0,409.2537193412849
2016-12-12,13.425,15.575,2016-12-21,2017-01-18,0.25,0.75,6,24,9,37,0.025000000000000133,0,419.4850623248171
2016-12-13,13.275,15.475,2016-12-21,2017-01-18,0.20833333333333334,0.7916666666666666,5,24,8,36,-0.007481296758104716,0,416.3467700879731
2016-12-14,13.425,15.325,2016-12-21,2017-01-18,0.16666666666666666,0.8333333333333334,4,24,7,35,-0.005826859045505062,0,413.92077614461914
2016-12-15,13.025,15.075,2016-12-21,2017-01-18,0.125,0.875,3,24,6,34,-0.018323153803442405,0,406.336442100881
2016-12-16,12.725,14.975,2016-12-21,2017-01-18,0.08333333333333333,0.9166666666666666,2,24,5,33,-0.008435259384226068,0,402.90888881449655
2016-12-19,12.125,14.475,2016-12-21,2017-01-18,0.041666666666666664,0.9583333333333334,1,24,2,30,-0.03437588052972673,0,389.0585409882445
2016-12-20,11.575,14.225,2016-12-21,2017-01-18,0.0,1.0,0,24,1,29,-0.018258223445877464,0,381.955023213354
2016-12-21,14.025,15.675,2017-01-18,2017-02-15,0.9411764705882353,0.05882352941176472,16,17,28,56,-0.014059753954305698,0,376.5848295653631
2016-12-22,14.275,15.975,2017-01-18,2017-02-15,0.8823529411764706,0.11764705882352944,15,17,27,55,0.017911069457461348,0,383.3298666043346
2016-12-23,14.275,16.025,2017-01-18,2017-02-15,0.8235294117647058,0.17647058823529416,14,17,26,54,0.00040638016864757986,0,383.48564426017293
2016-12-27,13.975,15.8,2017-01-18,2017-02-15,0.7647058823529411,0.23529411764705888,13,17,22,50,-0.01966320459816484,0,375.94508757662607
2016-12-28,14.625,16.225,2017-01-18,2017-02-15,0.7058823529411765,0.2941176470588235,12,17,21,49,0.04144971924451246,0,391.5279059080309
2016-12-29,14.825,16.375,2017-01-18,2017-02-15,0.6470588235294118,0.3529411764705882,11,17,20,48,0.012274719922065191,0,396.3338012947247
2016-12-30,15.125,16.575,2017-01-18,2017-02-15,0.5882352941176471,0.4117647058823529,10,17,19,47,0.01721993686023149,0,403.1586443285954
2017-01-03,13.775,15.575,2017-01-18,2017-02-15,0.5294117647058824,0.47058823529411764,9,17,15,43,-0.07670002806098586,0,372.2363649955631
2017-01-04,13.175,14.975,2017-01-18,2017-02-15,0.47058823529411764,0.5294117647058824,8,17,14,42,-0.04103389319118966,0,356.9620577524585
2017-01-05,13.025,14.825,2017-01-18,2017-02-15,0.4117647058823529,0.5882352941176471,7,17,13,41,-0.010617258249193351,0,353.17209940013714
2017-01-06,12.875,14.675,2017-01-18,2017-02-15,0.35294117647058826,0.6470588235294117,6,17,12,40,-0.010650516863318416,0,349.41063399982244
2017-01-09,12.925,14.525,2017-01-18,2017-02-15,0.29411764705882354,0.7058823529411764,5,17,9,37,-0.005656227087042942,0,347.43428810729176
2017-01-10,12.875,14.475,2017-01-18,2017-02-15,0.23529411764705882,0.7647058823529411,4,17,8,36,-0.003557601757873896,0,346.1982552731756
2017-01-11,12.525,14.225,2017-01-18,2017-02-15,0.17647058823529413,0.8235294117647058,3,17,7,35,-0.01940127255658708,0,339.4815685640058
2017-01-12,12.475,14.325,2017-01-18,2017-02-15,0.11764705882352941,0.8823529411764706,2,17,6,34,0.005280388636603517,0,341.2741631809875
2017-01-13,12.175,14.225,2017-01-18,2017-02-15,0.058823529411764705,0.9411764705882353,1,17,5,33,-0.00875638486396324,0,338.28583526404776
2017-01-17,12.175,14.175,2017-01-18,2017-02-15,0.0,1.0,0,17,1,29,-0.003336461265769808,0,337.1571576779307
2017-01-18,14.175,15.625,2017-02-15,2017-03-22,0.95,0.050000000000000044,19,20,28,63,0.0,0,337.1571576779307
2017-01-19,14.225,15.575,2017-02-15,2017-03-22,0.9,0.09999999999999998,18,20,27,62,0.0031584488506755104,0,338.2220513150956
2017-01-20,13.825,15.225,2017-02-15,2017-03-22,0.85,0.15000000000000002,17,20,26,61,-0.027506963788300975,0,328.9185895971664
2017-01-23,13.575,14.975,2017-02-15,2017-03-22,0.8,0.19999999999999996,16,20,23,58,-0.01781261132882095,0,323.0596906018481
2017-01-24,13.025,14.375,2017-02-15,2017-03-22,0.75,0.25,15,20,22,57,-0.04041862143630437,0,310.00206326608236
2017-01-25,12.725,14.175,2017-02-15,2017-03-22,0.7,0.30000000000000004,14,20,21,56,-0.020579981290926308,0,303.62222660391785
2017-01-26,12.675,14.125,2017-02-15,2017-03-22,0.65,0.35,13,20,20,55,-0.0037993920972643203,0,302.46864671560513
2017-01-27,12.525,14.125,2017-02-15,2017-03-22,0.6,0.4,12,20,19,54,-0.007396169163663924,0,300.231537437792
2017-01-30,12.875,14.325,2017-02-15,2017-03-22,0.55,0.44999999999999996,11,20,16,51,0.022028104823395456,0,306.8450692157609
2017-01-31,12.925,14.325,2017-02-15,2017-03-22,0.5,0.5,10,20,15,50,0.0020328959526889623,0,307.4688533150721
2017-02-01,12.675,13.975,2017-02-15,2017-03-22,0.45,0.55,9,20,14,49,-0.022018348623853212,0,300.69889691180447
2017-02-02,12.925,14.175,2017-02-15,2017-03-22,0.4,0.6,8,20,13,48,0.01661687826736369,0,305.6955738769185
2017-02-03,12.475,13.925,2017-02-15,2017-03-22,0.35,0.65,7,20,12,47,-0.02413162705667271,0,298.3186422952451
2017-02-06,12.475,13.975,2017-02-15,2017-03-22,0.3,0.7,6,20,9,44,0.002422209800633457,0,299.04123263432433
2017-02-07,12.575,13.975,2017-02-15,2017-03-22,0.25,0.75,5,20,8,43,0.002218114602587695,0,299.7045403592063
2017-02-08,12.575,13.975,2017-02-15,2017-03-22,0.2,0.8,4,20,7,42,0.0,0,299.7045403592063
2017-02-09,12.025,13.675,2017-02-15,2017-03-22,0.15,0.85,3,20,6,41,-0.025556772544724216,0,292.045059590625
2017-02-10,11.725,13.375,2017-02-15,2017-03-22,0.1,0.9,2,20,5,40,-0.022342208154906174,0,285.5201280786393
2017-02-13,11.425,13.075,2017-02-15,2017-03-22,0.05,0.95,1,20,2,37,-0.022710068130204264,0,279.0359465174287
2017-02-14,11.175,12.3,2017-02-15,2017-03-22,0.0,1.0,0,20,1,36,-0.05762940157783336,0,262.955271900925
2017-02-15,12.875,14.025,2017-03-22,2017-04-19,0.9583333333333334,0.04166666666666663,23,24,35,63,0.04674796747967469,0,275.24789640035846
2017-02-16,12.975,14.175,2017-03-22,2017-04-19,0.9166666666666666,0.08333333333333337,22,24,34,62,0.007899403514428416,0,277.42219060052247
2017-02-17,13.125,14.35,2017-03-22,2017-04-19,0.875,0.125,21,24,33,61,0.01163161249203326,0,280.6490580182787
2017-02-21,13.175,14.525,2017-03-22,2017-04-19,0.8333333333333334,0.16666666666666663,20,24,29,57,0.0049423393739704835,0,282.03612090799015
2017-02-22,13.225,14.625,2017-03-22,2017-04-19,0.7916666666666666,0.20833333333333337,19,24,28,56,0.0043532338308458485,0,283.26389009104736
2017-02-23,13.525,15.225,2017-03-22,2017-04-19,0.75,0.25,18,24,27,55,0.026818742293464926,0,290.8606713604435
2017-02-24,13.325,15.25,2017-03-22,2017-04-19,0.7083333333333334,0.29166666666666663,17,24,26,54,-0.010304659498208024,0,287.86345118065395
2017-02-27,13.275,15.125,2017-03-22,2017-04-19,0.6666666666666666,0.33333333333333337,16,24,23,51,-0.005175905783512014,0,286.3734970788263
2017-02-28,13.525,15.325,2017-03-22,2017-04-19,0.625,0.375,15,24,22,50,0.016796640671865593,0,291.1836098072049
2017-03-01,13.275,15.075,2017-03-22,2017-04-19,0.5833333333333334,0.41666666666666663,14,24,21,49,-0.017605633802816878,0,286.0571378035569
2017-03-02,13.275,15.025,2017-03-22,2017-04-19,0.5416666666666666,0.45833333333333337,13,24,20,48,-0.0014854426619131944,0,285.6322163273187
2017-03-03,12.825,14.575,2017-03-22,2017-04-19,0.5,0.5,12,24,19,47,-0.03196684919342907,0,276.5014543431984
2017-03-06,12.675,14.425,2017-03-22,2017-04-19,0.4583333333333333,0.5416666666666667,11,24,16,44,-0.010948905109488982,0,273.474066156959
2017-03-07,12.625,14.475,2017-03-22,2017-04-19,0.4166666666666667,0.5833333333333333,10,24,15,43,0.0003058571647041042,0,273.55771015945385
2017-03-08,12.675,14.425,2017-03-22,2017-04-19,0.375,0.625,9,24,14,42,-0.0006080875646092831,0,273.3913631177029
2017-03-09,12.775,14.425,2017-03-22,2017-04-19,0.3333333333333333,0.6666666666666667,8,24,13,41,0.002723558783477076,0,274.13596056604894
2017-03-10,12.525,14.2,2017-03-22,2017-04-19,0.2916666666666667,0.7083333333333333,7,24,12,40,-0.016816816816817015,0,269.5258663343075
2017-03-13,12.125,13.875,2017-03-22,2017-04-19,0.25,0.75,6,24,9,37,-0.025298184304489935,0,262.7073512929549
2017-03-14,12.625,14.075,2017-03-22,2017-04-19,0.20833333333333334,0.7916666666666666,5,24,8,36,0.02046511627906966,0,268.0836877845316
2017-03-15,12.275,13.725,2017-03-22,2017-04-19,0.16666666666666666,0.8333333333333334,4,24,7,35,-0.02541219180154286,0,261.2710936916862
2017-03-16,11.925,13.275,2017-03-22,2017-04-19,0.125,0.875,3,24,6,34,-0.03213844252163167,0,252.87424766451207
2017-03-17,11.775,13.275,2017-03-22,2017-04-19,0.08333333333333333,0.9166666666666666,2,24,5,33,-0.0014306151645206988,0,252.51248193108646
2017-03-20,11.625,13.175,2017-03-22,2017-04-19,0.041666666666666664,0.9583333333333334,1,24,2,30,-0.007921419518377548,0,250.51222462808357
2017-03-21,12.175,13.775,2017-03-22,2017-04-19,0.0,1.0,0,24,1,29,0.04560622914349266,0,261.93714254771805
2017-03-22,13.925,14.575,2017-04-19,2017-05-17,0.9473684210526315,0.052631578947368474,18,19,28,56,0.010889292196007316,0,264.7894526299074
2017-03-23,14.275,14.775,2017-04-19,2017-05-17,0.8947368421052632,0.10526315789473684,17,19,27,55,0.024507493637477618,0,271.27877845550603
2017-03-24,13.925,14.4,2017-04-19,2017-05-17,0.8421052631578947,0.1578947368421053,16,19,26,54,-0.024611993755165762,0,264.6020668542501
2017-03-27,13.575,14.075,2017-04-19,2017-05-17,0.7894736842105263,0.21052631578947367,15,19,23,51,-0.024718045112781972,0,258.06162102881143
2017-03-28,12.925,13.55,2017-04-19,2017-05-17,0.7368421052631579,0.26315789473684215,14,19,22,50,-0.04559007405982485,0,246.29657261410944
2017-03-29,12.925,13.525,2017-04-19,2017-05-17,0.6842105263157895,0.3157894736842105,13,19,21,49,-0.0005026135906713858,0,246.1727806093778
2017-03-30,12.825,13.375,2017-04-19,2017-05-17,0.631578947368421,0.368421052631579,12,19,20,48,-0.008829136149292593,0,243.99928761312768
2017-03-31,13.275,13.575,2017-04-19,2017-05-17,0.5789473684210527,0.42105263157894735,11,19,19,47,0.027471972528027466,0,250.70242933929381
2017-04-03,13.475,13.575,2017-04-19,2017-05-17,0.5263157894736842,0.4736842105263158,10,19,16,44,0.00864015709376531,0,252.86853771257393
2017-04-04,13.225,13.375,2017-04-19,2017-05-17,0.47368421052631576,0.5263157894736843,9,19,15,43,-0.016736401673639878,0,248.63642829479033
2017-04-05,13.875,13.875,2017-04-19,2017-05-17,0.42105263157894735,0.5789473684210527,8,19,14,42,0.042923548610424245,0,259.30878611102406
2017-04-06,13.575,13.525,2017-04-19,2017-05-17,0.3684210526315789,0.631578947368421,7,19,13,41,-0.0237079184447605,0,253.16111455789405
2017-04-07,14.025,13.875,2017-04-19,2017-05-17,0.3157894736842105,0.6842105263157895,6,19,12,40,0.028563101136694913,0,260.3921810768896
2017-04-10,15.025,14.325,2017-04-19,2017-05-17,0.2631578947368421,0.736842105263158,5,19,9,37,0.04479727814006229,0,272.05704203808847
2017-04-11,15.975,14.525,2017-04-19,2017-05-17,0.21052631578947367,0.7894736842105263,4,19,8,36,0.027387322027750072,0,279.50795585830275
2017-04-12,16.275,14.925,2017-04-19,2017-05-17,0.15789473684210525,0.8421052631578947,3,19,7,35,0.02555230236891126,0,286.65002766091044
2017-04-13,16.325,15.225,2017-04-19,2017-05-17,0.10526315789473684,0.8947368421052632,2,19,6,34,0.017209908735332347,0,291.5832484759352
2017-04-17,15.075,14.325,2017-04-19,2017-05-17,0.05263157894736842,0.9473684210526316,1,19,2,30,-0.06106870229007644,0,273.7766378819849
2017-04-18,14.725,14.325,2017-04-19,2017-05-17,0.0,1.0,0,19,1,29,-0.0012824035907300635,0,273.425545738507
2017-04-19,14.575,14.525,2017-05-17,2017-06-21,0.95,0.050000000000000044,19,20,28,63,0.017452006980802848,0,278.19737027146533
2017-04-20,14.325,14.325,2017-05-17,2017-06-21,0.9,0.09999999999999998,18,20,27,62,-0.016984045290787453,0,273.4724535349968
2017-04-21,14.325,14.225,2017-05-17,2017-06-21,0.85,0.15000000000000002,17,20,26,61,-0.0006980802792321272,0,273.2815478082708
2017-04-24,12.675,13.325,2017-05-17,2017-06-21,0.8,0.19999999999999996,16,20,23,58,-0.1074423480083857,0,243.91953664438427
2017-04-25,12.475,13.125,2017-05-17,2017-06-21,0.75,0.25,15,20,22,57,-0.015618898867629794,0,240.10978206969648
2017-04-26,12.375,13.175,2017-05-17,2017-06-21,0.7,0.30000000000000004,14,20,21,56,-0.004945598417408492,0,238.9222955114883
2017-04-27,12.375,13.125,2017-05-17,2017-06-21,0.65,0.35,13,20,20,55,-0.0011890606420927874,0,238.63820241337712
2017-04-28,12.275,13.125,2017-05-17,2017-06-21,0.6,0.4,12,20,19,54,-0.00514342235410481,0,237.41078534854077
2017-05-01,11.825,12.625,2017-05-17,2017-06-21,0.55,0.44999999999999996,11,20,16,51,-0.03725723345223941,0,228.56551629473068
2017-05-02,11.825,12.825,2017-05-17,2017-06-21,0.5,0.5,10,20,15,50,0.007386130488305387,0,230.25373102321046
2017-05-03,12.075,12.975,2017-05-17,2017-06-21,0.45,0.55,9,20,14,49,0.016227180527383256,0,233.99009988362766
2017-05-04,11.725,12.675,2017-05-17,2017-06-21,0.4,0.6,8,20,13,48,-0.025656324582338796,0,227.98677393195945
2017-05-05,11.775,12.675,2017-05-17,2017-06-21,0.35,0.65,7,20,12,47,0.0016266775111832832,0,228.3576348899618
2017-05-08,11.425,12.475,2017-05-17,2017-06-21,0.3,0.7,6,20,9,44,-0.02042880258899682,0,223.69256184710454
2017-05-09,11.425,12.475,2017-05-17,2017-06-21,0.25,0.75,5,20,8,43,0.0,0,223.69256184710454
2017-05-10,11.525,12.475,2017-05-17,2017-06-21,0.2,0.8,4,20,7,42,0.0020470829068577334,0,224.150479066853
2017-05-11,11.425,12.625,2017-05-17,2017-06-21,0.15,0.85,3,20,6,41,0.008140008140008259,0,225.97506579104393
2017-05-12,11.225,12.425,2017-05-17,2017-06-21,0.1,0.9,2,20,5,40,-0.016070711128967408,0,222.34348578636667
2017-05-15,10.825,12.175,2017-05-17,2017-06-21,0.05,0.95,1,20,2,37,-0.02153596099146693,0,217.55510514976467
2017-05-16,11.075,12.075,2017-05-17,2017-06-21,0.0,1.0,0,20,1,36,-0.006813958290316058,0,216.07269373742884
2017-05-17,14.225,14.625,2017-06-21,2017-07-19,0.9583333333333334,0.04166666666666663,23,24,35,63,0.17805383022774324,0,254.54526446500415
2017-05-18,14.275,14.575,2017-06-21,2017-07-19,0.9166666666666666,0.08333333333333337,22,24,34,62,0.0032182562902283163,0,255.36445636351644
2017-05-19,12.725,13.475,2017-06-21,2017-07-19,0.875,0.125,21,24,33,61,-0.10576923076923084,0,228.3547542481445
2017-05-22,12.225,13.175,2017-06-21,2017-07-19,0.8333333333333334,0.16666666666666663,20,24,30,58,-0.03705509507557292,0,219.8930471185204
2017-05-23,12.325,13.325,2017-06-21,2017-07-19,0.7916666666666666,0.20833333333333337,19,24,29,57,0.008748317631224856,0,221.81674133961113
2017-05-24,11.975,12.975,2017-06-21,2017-07-19,0.75,0.25,18,24,28,56,-0.027925531914893553,0,215.62239085007414
2017-05-25,12.025,13.025,2017-06-21,2017-07-19,0.7083333333333334,0.29166666666666663,17,24,27,55,0.004089979550102374,0,216.5042820191951
2017-05-26,11.925,12.925,2017-06-21,2017-07-19,0.6666666666666666,0.33333333333333337,16,24,26,54,-0.008119079837618393,0,214.746466468295
2017-05-30,11.825,12.725,2017-06-21,2017-07-19,0.625,0.375,15,24,22,50,-0.010876954452753385,0,212.41067893362967
2017-05-31,11.825,12.675,2017-06-21,2017-07-19,0.5833333333333334,0.41666666666666663,14,24,21,49,-0.0015416238437819807,0,212.08322156631166
2017-06-01,11.625,12.425,2017-06-21,2017-07-19,0.5416666666666666,0.45833333333333337,13,24,20,48,-0.018132056106739736,0,208.2377166935732
2017-06-02,11.625,12.525,2017-06-21,2017-07-19,0.5,0.5,12,24,19,47,0.0038220986796386747,0,209.0336217955987
2017-06-05,11.775,12.625,2017-06-21,2017-07-19,0.4583333333333333,0.5416666666666667,11,24,16,44,0.010351966873705987,0,211.19753092391753
2017-06-06,11.975,12.825,2017-06-21,2017-07-19,0.4166666666666667,0.5833333333333333,10,24,15,43,0.016345990124297494,0,214.6497636786759
2017-06-07,11.875,12.725,2017-06-21,2017-07-19,0.375,0.625,9,24,14,42,-0.008018710324089406,0,212.92854940260236
2017-06-08,11.625,12.525,2017-06-21,2017-07-19,0.3333333333333333,0.6666666666666667,8,24,13,41,-0.017632241813602012,0,209.17414173051617
2017-06-09,11.725,12.575,2017-06-21,2017-07-19,0.2916666666666667,0.7083333333333333,7,24,12,40,0.005453306066802943,0,210.3148323466335
2017-06-12,11.875,12.675,2017-06-21,2017-07-19,0.25,0.75,6,24,9,37,0.009295250971776303,0,212.2697614963825
2017-06-13,11.425,12.275,2017-06-21,2017-07-19,0.20833333333333334,0.7916666666666666,5,24,8,36,-0.03306613226452915,0,205.25082148698306
2017-06-14,11.475,12.275,2017-06-21,2017-07-19,0.16666666666666666,0.8333333333333334,4,24,7,35,0.0008610297916307186,0,205.42754855904002
2017-06-15,11.525,12.425,2017-06-21,2017-07-19,0.125,0.875,3,24,6,34,0.010981468771448233,0,207.6834447683363
2017-06-16,11.325,12.325,2017-06-21,2017-07-19,0.08333333333333333,0.9166666666666666,2,24,5,33,-0.009137055837563635,0,205.78582953695044
2017-06-19,10.875,12.125,2017-06-21,2017-07-19,0.041666666666666664,0.9583333333333334,1,24,2,30,-0.018039482641252547,0,202.07355963720286
2017-06-20,11.125,12.075,2017-06-21,2017-07-19,0.0,1.0,0,24,1,29,-0.0031061259706645084,0,201.44589370562912
2017-06-21,12.175,12.825,2017-07-19,2017-08-16,0.9473684210526315,0.052631578947368474,18,19,28,56,0.008281573498964967,0,203.11418268041695
2017-06-22,11.975,12.725,2017-07-19,2017-08-16,0.8947368421052632,0.10526315789473684,17,19,27,55,-0.015949994611488272,0,199.87451256114744
2017-06-23,11.875,12.625,2017-07-19,2017-08-16,0.8421052631578947,0.1578947368421053,16,19,26,54,-0.008296037550485691,0,198.21634609955515
2017-06-26,11.625,12.375,2017-07-19,2017-08-16,0.7894736842105263,0.21052631578947367,15,19,23,51,-0.02084476138233682,0,194.08457366303125
2017-06-27,12.025,12.675,2017-07-19,2017-08-16,0.7368421052631579,0.26315789473684215,14,19,22,50,0.032160804020100686,0,200.32648959993278
2017-06-28,11.675,12.475,2017-07-19,2017-08-16,0.6842105263157895,0.3157894736842105,13,19,21,49,-0.02546121480202812,0,195.22593381769266
2017-06-29,12.025,12.625,2017-07-19,2017-08-16,0.631578947368421,0.368421052631579,12,19,20,48,0.024048538334252578,0,199.9208321709477
2017-06-30,12.325,12.675,2017-07-19,2017-08-16,0.5789473684210527,0.42105263157894735,11,19,19,47,0.016976469324164523,0,203.3147820455592
2017-07-03,12.575,12.975,2017-07-19,2017-08-16,0.5263157894736842,0.4736842105263158,10,19,16,44,0.02173225023736669,0,207.733269765929
2017-07-05,12.325,12.925,2017-07-19,2017-08-16,0.47368421052631576,0.5263157894736843,9,19,14,42,-0.012163694464488062,0,205.20646574238717
2017-07-06,13.025,13.425,2017-07-19,2017-08-16,0.42105263157894735,0.5789473684210527,8,19,13,41,0.04704902675132705,0,214.861230238646
2017-07-07,12.575,13.075,2017-07-19,2017-08-16,0.3684210526315789,0.631578947368421,7,19,12,40,-0.029578163771712296,0,208.50602958245574
2017-07-10,12.225,12.825,2017-07-19,2017-08-16,0.3157894736842105,0.6842105263157895,6,19,9,37,-0.022251709707053036,0,203.8664139400167
2017-07-11,12.125,12.675,2017-07-19,2017-08-16,0.2631578947368421,0.736842105263158,5,19,8,36,-0.010621680724773541,0,201.70100998064132
2017-07-12,11.525,12.425,2017-07-19,2017-08-16,0.21052631578947367,0.7894736842105263,4,19,7,35,-0.027302320697259352,0,196.19410432118872
2017-07-13,11.075,12.375,2017-07-19,2017-08-16,0.15789473684210525,0.8421052631578947,3,19,6,34,-0.010968921389396646,0,194.0420666138265
2017-07-14,10.575,12.025,2017-07-19,2017-08-16,0.10526315789473684,0.8947368421052632,2,19,5,33,-0.030706022272678046,0,188.08380659454588
2017-07-17,10.275,11.925,2017-07-19,2017-08-16,0.05263157894736842,0.9473684210526316,1,19,2,30,-0.010196165355203402,0,186.1660730018718
2017-07-18,10.125,11.775,2017-07-19,2017-08-16,0.0,1.0,0,19,1,29,-0.012670890296765713,0,183.8071831138854
2017-07-19,11.525,12.725,2017-08-16,2017-09-20,0.95,0.050000000000000044,19,20,28,63,-0.02123142250530785,0,179.90469514968402
2017-07-20,11.475,12.725,2017-08-16,2017-09-20,0.9,0.09999999999999998,18,20,27,62,-0.004100129477773051,0,179.16706260591104
2017-07-21,11.375,12.675,2017-08-16,2017-09-20,0.85,0.15000000000000002,17,20,26,61,-0.008189655172413657,0,177.69974614491437
2017-07-24,11.325,12.525,2017-08-16,2017-09-20,0.8,0.19999999999999996,16,20,23,58,-0.005617977528090012,0,176.70143296432494
2017-07-25,11.175,12.575,2017-08-16,2017-09-20,0.75,0.25,15,20,22,57,-0.009511456982274069,0,175.0207448859786
2017-07-26,11.275,12.625,2017-08-16,2017-09-20,0.7,0.30000000000000004,14,20,21,56,0.007592190889370798,0,176.34953579075278
2017-07-27,11.425,12.625,2017-08-16,2017-09-20,0.65,0.35,13,20,20,55,0.008989726027397227,0,177.93486980257035
2017-07-28,11.375,12.625,2017-08-16,2017-09-20,0.6,0.4,12,20,19,54,-0.0027437737441957655,0,177.44665677862918
2017-07-31,11.275,12.475,2017-08-16,2017-09-20,0.55,0.44999999999999996,11,20,16,51,-0.01010526315789484,0,175.6535116153925
2017-08-01,11.225,12.425,2017-08-16,2017-09-20,0.5,0.5,10,20,15,50,-0.004231908590774491,0,174.9101620105876
2017-08-02,11.275,12.625,2017-08-16,2017-09-20,0.45,0.55,9,20,14,49,0.010570824524312794,0,176.75910664072066
2017-08-03,11.325,12.725,2017-08-16,2017-09-20,0.4,0.6,8,20,13,48,0.006448928645724772,0,177.89901350692872
2017-08-04,11.275,12.775,2017-08-16,2017-09-20,0.35,0.65,7,20,12,47,0.0008220304151254076,0,178.04525190685223
2017-08-07,11.125,12.575,2017-08-16,2017-09-20,0.3,0.7,6,20,9,44,-0.014897959183673537,0,175.39274101109706
2017-08-08,11.525,12.925,2017-08-16,2017-09-20,0.25,0.75,5,20,8,43,0.0300658978583197,0,180.6660812474274
2017-08-09,11.725,13.075,2017-08-16,2017-09-20,0.2,0.8,4,20,7,42,0.012922465208747402,0,183.00073239674802
2017-08-10,15.525,15.175,2017-08-16,2017-09-20,0.15,0.85,3,20,6,41,0.19055056618508392,0,217.8716255672334
2017-08-11,15.425,15.275,2017-08-16,2017-09-20,0.1,0.9,2,20,5,40,0.004596946314234351,0,218.8731697333609
2017-08-14,12.45,13.175,2017-08-16,2017-09-20,0.05,0.95,1,20,2,37,-0.1430673642903858,0,187.5595622257267
2017-08-15,12.325,13.175,2017-08-16,2017-09-20,0.0,1.0,0,20,1,36,-0.000475692132052119,0,187.4703416176848
2017-08-16,13.075,13.775,2017-09-20,2017-10-18,0.9583333333333334,0.04166666666666663,23,24,35,63,-0.007590132827324569,0,186.04741682362265
2017-08-17,14.925,15.025,2017-09-20,2017-10-18,0.9166666666666666,0.08333333333333337,22,24,34,62,0.13926868044515106,0,211.95799506487757
2017-08-18,14.975,15.125,2017-09-20,2017-10-18,0.875,0.125,21,24,33,61,0.0036272321428572063,0,212.72681591751248
2017-08-21,14.125,14.625,2017-09-20,2017-10-18,0.8333333333333334,0.16666666666666663,20,24,30,58,-0.053772405168820314,0,201.2879833817229
2017-08-22,12.975,13.675,2017-09-20,2017-10-18,0.7916666666666666,0.20833333333333337,19,24,29,57,-0.07859237536656893,0,185.46828263500686
2017-08-23,13.625,14.225,2017-09-20,2017-10-18,0.75,0.25,18,24,28,56,0.04795173070816139,0,194.36180777882586
2017-08-24,13.425,14.125,2017-09-20,2017-10-18,0.7083333333333334,0.29166666666666663,17,24,27,55,-0.012704174228675091,0,191.89260150940342
2017-08-25,13.075,14.025,2017-09-20,2017-10-18,0.6666666666666666,0.33333333333333337,16,24,26,54,-0.02033017425863648,0,187.99139148177414
2017-08-28,13.025,13.925,2017-09-20,2017-10-18,0.625,0.375,15,24,23,51,-0.004978220286247503,0,187.05552892305968
2017-08-29,13.175,14.025,2017-09-20,2017-10-18,0.5833333333333334,0.41666666666666663,14,24,22,50,0.009822263797941932,0,188.89283767300554
2017-08-30,13.175,14.075,2017-09-20,2017-10-18,0.5416666666666666,0.45833333333333337,13,24,21,49,0.0015398829688941795,0,189.1837105366843
2017-08-31,12.625,13.725,2017-09-20,2017-10-18,0.5,0.5,12,24,20,48,-0.033731984053971265,0,182.80216862958972
2017-09-01,12.625,13.775,2017-09-20,2017-10-18,0.4583333333333333,0.5416666666666667,11,24,19,47,0.001897533206830948,0,183.14904181484508
2017-09-05,13.175,14.025,2017-09-20,2017-10-18,0.4166666666666667,0.5833333333333333,10,24,15,43,0.029249882056927134,0,188.5061296867685
2017-09-06,13.175,14.175,2017-09-20,2017-10-18,0.375,0.625,9,24,14,42,0.0064004876562024915,0,189.71266084294717
2017-09-07,12.825,14.075,2017-09-20,2017-10-18,0.3333333333333333,0.6666666666666667,8,24,13,41,-0.014039855072463858,0,187.0491225793007
2017-09-08,13.275,14.325,2017-09-20,2017-10-18,0.2916666666666667,0.7083333333333333,7,24,12,40,0.023184868822452742,0,191.38583194965668
2017-09-11,12.075,13.675,2017-09-20,2017-10-18,0.25,0.75,6,24,9,37,-0.05780948134938313,0,180.32191626702684
2017-09-12,11.875,13.375,2017-09-20,2017-10-18,0.20833333333333334,0.7916666666666666,5,24,8,36,-0.020715630885122516,0,176.58643400914113
2017-09-13,11.525,12.925,2017-09-20,2017-10-18,0.16666666666666666,0.8333333333333334,4,24,7,35,-0.0328548644338118,0,170.78471065892055
2017-09-14,11.475,13.025,2017-09-20,2017-10-18,0.125,0.875,3,24,6,34,0.00590938936309926,0,171.79394401146837
2017-09-15,11.125,12.925,2017-09-20,2017-10-18,0.08333333333333333,0.9166666666666666,2,24,5,33,-0.010228933268387586,0,170.03667522226192
2017-09-18,10.675,12.425,2017-09-20,2017-10-18,0.041666666666666664,0.9583333333333334,1,24,2,30,-0.03881278538812771,0,163.4370782387495
2017-09-19,10.825,12.425,2017-09-20,2017-10-18,0.0,1.0,0,24,1,29,0.0005059875189745711,0,163.519775360476
2017-09-20,12.275,13.175,2017-10-18,2017-11-15,0.95,0.050000000000000044,19,20,28,56,-0.012072434607645954,0,161.54569356537968
2017-09-21,12.325,13.275,2017-10-18,2017-11-15,0.9,0.09999999999999998,18,20,27,55,0.0042613636363635354,0,162.2340985095503
2017-09-22,12.425,13.425,2017-10-18,2017-11-15,0.85,0.15000000000000002,17,20,26,54,0.008454106280193496,0,163.60564282062143
2017-09-25,12.375,13.375,2017-10-18,2017-11-15,0.8,0.19999999999999996,16,20,23,51,-0.003976143141153243,0,162.95512336606626
2017-09-26,12.275,13.275,2017-10-18,2017-11-15,0.75,0.25,15,20,22,50,-0.007952286282306154,0,161.65925757389078
2017-09-27,12.175,13.275,2017-10-18,2017-11-15,0.7,0.30000000000000004,14,20,21,49,-0.0059880239520957446,0,160.6912380674603
2017-09-28,11.925,13.125,2017-10-18,2017-11-15,0.65,0.35,13,20,20,48,-0.01759296281487399,0,157.8642030914634
2017-09-29,11.675,13.025,2017-10-18,2017-11-15,0.6,0.4,12,20,19,47,-0.015998379910895033,0,155.3386315960755
2017-10-02,11.375,12.675,2017-10-18,2017-11-15,0.55,0.44999999999999996,11,20,16,44,-0.026197298403602187,0,151.26917911054588
2017-10-03,11.375,12.775,2017-10-18,2017-11-15,0.5,0.5,10,20,15,43,0.00376254180601987,0,151.8383357209116
2017-10-04,11.325,12.775,2017-10-18,2017-11-15,0.45,0.55,9,20,14,42,-0.0020703933747411307,0,151.5239706366033
2017-10-05,10.825,12.475,2017-10-18,2017-11-15,0.4,0.6,8,20,13,41,-0.03217158176943702,0,146.64920482523806
2017-10-06,10.825,12.525,2017-10-18,2017-11-15,0.35,0.65,7,20,12,40,0.002539145154464517,0,147.02156844307615
2017-10-09,11.125,12.625,2017-10-18,2017-11-15,0.3,0.7,6,20,9,37,0.014249790444258226,0,149.11659498417615
2017-10-10,10.925,12.325,2017-10-18,2017-11-15,0.25,0.75,5,20,8,36,-0.022176591375769994,0,145.8096971898659
2017-10-11,10.775,12.175,2017-10-18,2017-11-15,0.2,0.8,4,20,7,35,-0.012526096033402712,0,143.98327092026426
2017-10-12,10.575,12.075,2017-10-18,2017-11-15,0.15,0.85,3,20,6,34,-0.010088272383354635,0,142.5307284645743
2017-10-13,10.275,11.875,2017-10-18,2017-11-15,0.1,0.9,2,20,5,33,-0.018143459915611837,0,139.94472790593434
2017-10-16,10.275,11.675,2017-10-18,2017-11-15,0.05,0.95,1,20,2,30,-0.015364916773367487,0,137.79448880878812
2017-10-17,10.375,11.725,2017-10-18,2017-11-15,0.0,1.0,0,20,1,29,0.004523912106850547,0,138.41785896496745
2017-10-18,11.575,12.325,2017-11-15,2017-12-20,0.95,0.050000000000000044,19,20,28,63,-0.01279317697228144,0,136.64705479910435
2017-10-19,11.475,12.225,2017-11-15,2017-12-20,0.9,0.09999999999999998,18,20,27,62,-0.008611410118406826,0,135.47033096875685
2017-10-20,11.325,12.125,2017-11-15,2017-12-20,0.85,0.15000000000000002,17,20,26,61,-0.01255411255411265,0,133.76962118603217
2017-10-23,11.775,12.525,2017-11-15,2017-12-20,0.8,0.19999999999999996,16,20,23,58,0.038663171690694886,0,138.94157901694695
2017-10-24,11.925,12.525,2017-11-15,2017-12-20,0.75,0.25,15,20,22,57,0.010062893081761004,0,140.33973327120555
2017-10-25,12.025,12.575,2017-11-15,2017-12-20,0.7,0.30000000000000004,14,20,21,56,0.007246376811594235,0,141.35668786012732
2017-10-26,12.075,12.675,2017-11-15,2017-12-20,0.65,0.35,13,20,20,55,0.005332239540606798,0,142.11043558046433
2017-10-27,11.425,12.225,2017-11-15,2017-12-20,0.6,0.4,12,20,19,54,-0.04721204721204719,0,135.40111098651485
2017-10-30,11.575,12.325,2017-11-15,2017-12-20,0.55,0.44999999999999996,11,20,16,51,0.011068539804171884,0,136.8998035729982
2017-10-31,11.275,12.175,2017-11-15,2017-12-20,0.5,0.5,10,20,15,50,-0.019517313746064913,0,134.22788715488932
2017-11-01,11.375,12.275,2017-11-15,2017-12-20,0.45,0.55,9,20,14,49,0.008528784648187404,0,135.37268789821456
2017-11-02,11.125,12.275,2017-11-15,2017-12-20,0.4,0.6,8,20,13,48,-0.00947767481044659,0,134.0896695840992
2017-11-03,10.975,12.325,2017-11-15,2017-12-20,0.35,0.65,7,20,12,47,-0.002539145154464739,0,133.74919644931097
2017-11-06,10.725,12.175,2017-11-15,2017-12-20,0.3,0.7,6,20,9,44,-0.015608521408985387,0,131.6615692530973
2017-11-07,10.875,12.275,2017-11-15,2017-12-20,0.25,0.75,5,20,8,43,0.009795570698466705,0,132.95126946298709
2017-11-08,10.875,12.275,2017-11-15,2017-12-20,0.2,0.8,4,20,7,42,0.0,0,132.95126946298709
2017-11-09,11.125,12.325,2017-11-15,2017-12-20,0.15,0.85,3,20,6,41,0.007503126302625951,0,133.94881962986233
2017-11-10,11.6,12.575,2017-11-15,2017-12-20,0.1,0.9,2,20,5,40,0.023363524083985343,0,137.07833610330604
2017-11-13,11.625,12.775,2017-11-15,2017-12-20,0.05,0.95,1,20,2,37,0.014626327389300808,0,139.0832887251336
2017-11-14,12.05,12.675,2017-11-15,2017-12-20,0.0,1.0,0,20,1,36,-0.005799095734224546,0,138.27673141878577
2017-11-15,13.175,14.325,2017-12-20,2018-01-17,0.9583333333333334,0.04166666666666663,23,24,35,63,0.03944773175542404,0,143.73143482781086
2017-11-16,12.675,13.975,2017-12-20,2018-01-17,0.9166666666666666,0.08333333333333337,22,24,34,62,-0.03734047581534572,0,138.36443466171804
2017-11-17,12.625,13.875,2017-12-20,2018-01-17,0.875,0.125,21,24,33,61,-0.004237288135593431,0,137.77814468433786
2017-11-20,12.075,13.425,2017-12-20,2018-01-17,0.8333333333333334,0.16666666666666663,20,24,30,58,-0.04205378973105145,0,131.98405155824832
2017-11-21,11.625,12.975,2017-12-20,2018-01-17,0.7916666666666666,0.20833333333333337,19,24,29,57,-0.03658536585365857,0,127.15536674514168
2017-11-22,11.475,12.875,2017-12-20,2018-01-17,0.75,0.25,18,24,28,56,-0.011723534558180315,0,125.66465640884692
2017-11-24,11.425,12.825,2017-12-20,2018-01-17,0.7083333333333334,0.29166666666666663,17,24,26,54,-0.004228329809724873,0,125.13330479612455
2017-11-27,11.325,12.875,2017-12-20,2018-01-17,0.6666666666666666,0.33333333333333337,16,24,23,51,-0.00475352112676064,0,124.5384809881148
2017-11-28,11.275,12.725,2017-12-20,2018-01-17,0.625,0.375,15,24,22,50,-0.0070372976776916785,0,123.66206662507389
2017-11-29,11.475,12.925,2017-12-20,2018-01-17,0.5833333333333334,0.41666666666666663,14,24,21,49,0.01692226335272351,0,125.75470868324544
2017-11-30,11.675,13.025,2017-12-20,2018-01-17,0.5416666666666666,0.45833333333333337,13,24,20,48,0.013107968264919112,0,127.40309741382957
2017-12-01,11.875,13.275,2017-12-20,2018-01-17,0.5,0.5,12,24,19,47,0.01813251991187914,0,129.7132366145209
2017-12-04,11.925,13.225,2017-12-20,2018-01-17,0.4583333333333333,0.5416666666666667,11,24,16,44,0.0,0,129.7132366145209
2017-12-05,11.875,13.175,2017-12-20,2018-01-17,0.4166666666666667,0.5833333333333333,10,24,15,43,-0.00395908940943579,0,129.19969031317672
2017-12-06,11.725,13.075,2017-12-20,2018-01-17,0.375,0.625,9,24,14,42,-0.009564643799472305,0,127.96394129632904
2017-12-07,11.175,12.675,2017-12-20,2018-01-17,0.3333333333333333,0.6666666666666667,8,24,13,41,-0.03630034808552951,0,123.31880568487604
2017-12-08,10.875,12.325,2017-12-20,2018-01-17,0.2916666666666667,0.7083333333333333,7,24,12,40,-0.02737850787132101,0,119.94252079275076
2017-12-11,10.325,11.975,2017-12-20,2018-01-17,0.25,0.75,6,24,9,37,-0.034307719236828293,0,115.82756646483561
2017-12-12,10.375,11.975,2017-12-20,2018-01-17,0.20833333333333334,0.7916666666666666,5,24,8,36,0.00108108108108107,0,115.95278545560842
2017-12-13,10.525,11.975,2017-12-20,2018-01-17,0.16666666666666666,0.8333333333333334,4,24,7,35,0.0026843235504652174,0,116.26404024834893
2017-12-14,10.375,11.875,2017-12-20,2018-01-17,0.125,0.875,3,24,6,34,-0.009232954545454475,0,115.19057964946504
2017-12-15,9.925,11.475,2017-12-20,2018-01-17,0.08333333333333333,0.9166666666666666,2,24,5,33,-0.03475935828877008,0,111.18662901993817
2017-12-18,9.875,11.325,2017-12-20,2018-01-17,0.041666666666666664,0.9583333333333334,1,24,2,30,-0.012486228424531731,0,109.79832737224154
2017-12-19,10.075,11.325,2017-12-20,2018-01-17,0.0,1.0,0,24,1,29,0.000739781764379499,0,109.8795541725909
2017-12-20,11.425,12.325,2018-01-17,2018-02-14,0.9411764705882353,0.05882352941176472,16,17,28,56,0.008830022075055233,0,110.84979306153211
2017-12-21,11.225,12.225,2018-01-17,2018-02-14,0.8823529411764706,0.11764705882352944,15,17,27,55,-0.016912235746316506,0,108.97507522884507
2017-12-22,11.425,12.325,2018-01-17,2018-02-14,0.8235294117647058,0.17647058823529416,14,17,26,54,0.016595358485673506,0,110.78355566827099
2017-12-26,11.325,12.325,2018-01-17,2018-02-14,0.7647058823529411,0.23529411764705888,13,17,22,50,-0.007109305573187785,0,109.995961518541
2017-12-27,11.325,12.325,2018-01-17,2018-02-14,0.7058823529411765,0.2941176470588235,12,17,21,49,0.0,0,109.995961518541
2017-12-28,11.225,12.275,2018-01-17,2018-02-14,0.6470588235294118,0.3529411764705882,11,17,20,48,-0.0073408429312744605,0,109.18849844195888
2017-12-29,11.475,12.475,2018-01-17,2018-02-14,0.5882352941176471,0.4117647058823529,10,17,19,47,0.020038046924540254,0,111.37642269735893
2018-01-02,10.875,11.975,2018-01-17,2018-02-14,0.5294117647058824,0.47058823529411764,9,17,15,43,-0.047012247927749606,0,106.14036670020486
2018-01-03,10.675,11.825,2018-01-17,2018-02-14,0.47058823529411764,0.5294117647058824,8,17,14,42,-0.015489867045307859,0,104.49626653187846
2018-01-04,10.575,11.825,2018-01-17,2018-02-14,0.4117647058823529,0.5882352941176471,7,17,13,41,-0.004170467874364814,0,104.0604682093162
2018-01-05,10.475,11.725,2018-01-17,2018-02-14,0.35294117647058826,0.6470588235294117,6,17,12,40,-0.008841503055519229,0,103.14041726168477
2018-01-08,10.475,11.675,2018-01-17,2018-02-14,0.29411764705882354,0.7058823529411764,5,17,9,37,-0.0028671966636257817,0,102.8446934014271
2018-01-09,10.675,11.775,2018-01-17,2018-02-14,0.23529411764705882,0.7647058823529411,4,17,8,36,0.011430055851409326,0,104.02021399102648
2018-01-10,10.575,11.575,2018-01-17,2018-02-14,0.17647058823529413,0.8235294117647058,3,17,7,35,-0.015323713446558695,0,102.42623803917827
2018-01-11,10.475,11.575,2018-01-17,2018-02-14,0.11764705882352941,0.8823529411764706,2,17,6,34,-0.0015481873306671945,0,102.2676630351181
2018-01-12,10.575,11.675,2018-01-17,2018-02-14,0.058823529411764705,0.9411764705882353,1,17,5,33,0.008736990877553863,0,103.1611746741247
2018-01-16,11.775,12.075,2018-01-17,2018-02-14,0.0,1.0,0,17,1,29,0.038505383153894845,0,107.13343523155775
2018-01-17,12.125,12.575,2018-02-14,2018-03-21,0.95,0.050000000000000044,19,20,28,63,0.0041407867494824835,0,107.57705194059113
2018-01-18,12.075,12.775,2018-02-14,2018-03-21,0.9,0.09999999999999998,18,20,27,62,-0.003087054949578061,0,107.24495566993691
2018-01-19,11.925,12.525,2018-02-14,2018-03-21,0.85,0.15000000000000002,17,20,26,61,-0.01317414573898712,0,105.83209499416995
2018-01-22,11.825,12.475,2018-02-14,2018-03-21,0.8,0.19999999999999996,16,20,23,58,-0.00769870994590105,0,105.01732439184279
2018-01-23,11.975,12.725,2018-02-14,2018-03-21,0.75,0.25,15,20,22,57,0.01421999163529919,0,106.51066986625631
2018-01-24,12.225,12.925,2018-02-14,2018-03-21,0.7,0.30000000000000004,14,20,21,56,0.019527235354573458,0,108.59052878450797
2018-01-25,12.425,13.025,2018-02-14,2018-03-21,0.65,0.35,13,20,20,55,0.013671089666264624,0,110.07507964042806
2018-01-26,12.325,13.075,2018-02-14,2018-03-21,0.6,0.4,12,20,19,54,-0.00375939849624074,0,109.66126355155426
2018-01-29,13.525,13.825,2018-02-14,2018-03-21,0.55,0.44999999999999996,11,20,16,51,0.08079207920792086,0,118.52102504245211
2018-01-30,13.975,14.075,2018-02-14,2018-03-21,0.5,0.5,10,20,15,50,0.026354319180087904,0,121.64456596597208
2018-01-31,13.475,13.675,2018-02-14,2018-03-21,0.45,0.55,9,20,14,49,-0.03208556149732611,0,117.74153176385533
2018-02-01,13.275,13.425,2018-02-14,2018-03-21,0.4,0.6,8,20,13,48,-0.01674641148325351,0,115.76978362426924
2018-02-02,15.625,14.975,2018-02-14,2018-03-21,0.35,0.65,7,20,12,47,0.13991769547325106,0,131.9680249544139
2018-02-05,33.225,27.975,2018-02-14,2018-03-21,0.3,0.7,6,20,9,44,0.9610261470152934,0,258.7927475055724
2018-02-06,23.875,21.025,2018-02-14,2018-03-21,0.25,0.75,5,20,8,43,-0.2595600676818952,0,191.62048444744238
2018-02-07,23.425,19.875,2018-02-14,2018-03-21,0.2,0.8,4,20,7,42,-0.04485336400230011,0,183.02566110822417
2018-02-08,28.1,21.65,2018-02-14,2018-03-21,0.15,0.85,3,20,6,41,0.11440369200874434,0,203.96447247134626
2018-02-09,27.175,20.425,2018-02-14,2018-03-21,0.1,0.9,2,20,5,40,-0.052171990715154215,0,193.32323990734986
2018-02-12,25.825,19.825,2018-02-14,2018-03-21,0.05,0.95,1,20,2,37,-0.0319905213270143,0,187.1387286780863
2018-02-13,25.225,19.825,2018-02-14,2018-03-21,0.0,1.0,0,20,1,36,-0.0014906832298137163,0,186.8597641135972
2018-02-14,17.875,17.775,2018-03-21,2018-04-18,0.9583333333333334,0.04166666666666663,23,24,35,63,-0.09836065573770492,0,168.48011518439094
2018-02-15,17.525,17.325,2018-03-21,2018-04-18,0.9166666666666666,0.08333333333333337,22,24,34,62,-0.01981813942643984,0,165.14115277108402
2018-02-16,17.775,17.375,2018-03-21,2018-04-18,0.875,0.125,21,24,33,61,0.013326987148976732,0,167.34198679183146
2018-02-20,18.375,17.825,2018-03-21,2018-04-18,0.8333333333333334,0.16666666666666663,20,24,29,57,0.03279266572637529,0,172.82957662668352
2018-02-21,18.575,18.075,2018-03-21,2018-04-18,0.7916666666666666,0.20833333333333337,19,24,28,56,0.011394712853236122,0,174.79892002489095
2018-02-22,18.075,17.625,2018-03-21,2018-04-18,0.75,0.25,18,24,27,55,-0.026505752312203867,0,170.16574314627044
2018-02-23,16.775,16.9,2018-03-21,2018-04-18,0.7083333333333334,0.29166666666666663,17,24,26,54,-0.06437021572720947,0,159.2121375505641
2018-02-26,16.175,16.175,2018-03-21,2018-04-18,0.6666666666666666,0.33333333333333337,16,24,23,51,-0.0378586033831092,0,153.18458838126028
2018-02-27,17.525,17.175,2018-03-21,2018-04-18,0.625,0.375,15,24,22,50,0.07624935600206073,0,164.86481459477213
2018-02-28,18.575,17.875,2018-03-21,2018-04-18,0.5833333333333334,0.41666666666666663,14,24,21,49,0.05282069708947179,0,173.57308902719453
2018-03-01,19.975,18.675,2018-03-21,2018-04-18,0.5416666666666666,0.45833333333333337,13,24,20,48,0.06289881494986349,0,184.4906306341922
2018-03-02,19.025,18.275,2018-03-21,2018-04-18,0.5,0.5,12,24,19,47,-0.036013760481617085,0,177.84642925142992
2018-03-05,18.275,17.825,2018-03-21,2018-04-18,0.4583333333333333,0.5416666666666667,11,24,16,44,-0.03217158176943713,0,172.12482831036513
2018-03-06,18.325,17.975,2018-03-21,2018-04-18,0.4166666666666667,0.5833333333333333,10,24,15,43,0.005777007510109788,0,173.11919473619045
2018-03-07,17.875,17.775,2018-03-21,2018-04-18,0.375,0.625,9,24,14,42,-0.016785467923660646,0,170.21330804597616
2018-03-08,17.225,17.275,2018-03-21,2018-04-18,0.3333333333333333,0.6666666666666667,8,24,13,41,-0.031228070175438494,0,164.8978749175229
2018-03-09,15.775,16.225,2018-03-21,2018-04-18,0.2916666666666667,0.7083333333333333,7,24,12,40,-0.0685659101883146,0,153.5915020356841
2018-03-12,16.175,16.575,2018-03-21,2018-04-18,0.25,0.75,6,24,9,37,0.02265372168284774,0,157.07092117565102
2018-03-13,16.775,16.925,2018-03-21,2018-04-18,0.20833333333333334,0.7916666666666666,5,24,8,36,0.025037936267071625,0,161.0036528894572
2018-03-14,17.375,17.275,2018-03-21,2018-04-18,0.16666666666666666,0.8333333333333334,4,24,7,35,0.023800715254655103,0,164.83565498683848
2018-03-15,16.775,16.725,2018-03-21,2018-04-18,0.125,0.875,3,24,6,34,-0.03228915662650589,0,159.5132507053358
2018-03-16,16.275,16.475,2018-03-21,2018-04-18,0.08333333333333333,0.9166666666666666,2,24,5,33,-0.01680986178558086,0,156.8318550080104
2018-03-19,18.175,17.475,2018-03-21,2018-04-18,0.041666666666666664,0.9583333333333334,1,24,2,30,0.06531645569620248,0,167.07555591739433
2018-03-20,18.375,17.375,2018-03-21,2018-04-18,0.0,1.0,0,24,1,29,-0.00499880980718892,0,166.2403769899329
2018-03-21,17.325,17.325,2018-04-18,2018-05-16,0.9473684210526315,0.052631578947368474,18,19,28,56,-0.0028776978417266452,0,165.76198741586117
2018-03-22,19.375,18.425,2018-04-18,2018-05-16,0.8947368421052632,0.10526315789473684,17,19,27,55,0.11544011544011545,0,184.89757037873116
2018-03-23,20.425,19.325,2018-04-18,2018-05-16,0.8421052631578947,0.1578947368421053,16,19,26,54,0.053655539627278426,0,194.81834929317466
2018-03-26,19.325,18.625,2018-04-18,2018-05-16,0.7894736842105263,0.21052631578947367,15,19,23,51,-0.051198752517705004,0,184.8438928418056
2018-03-27,20.425,19.525,2018-04-18,2018-05-16,0.7368421052631579,0.26315789473684215,14,19,22,50,0.05516295025728968,0,195.0404273080019
2018-03-28,21.025,19.875,2018-04-18,2018-05-16,0.6842105263157895,0.3157894736842105,13,19,21,49,0.02646157857003195,0,200.2015048995452
2018-03-29,19.775,19.225,2018-04-18,2018-05-16,0.631578947368421,0.368421052631579,12,19,20,48,-0.051327771763357344,0,189.92560774938067
2018-04-02,21.425,20.025,2018-04-18,2018-05-16,0.5789473684210527,0.42105263157894735,11,19,16,44,0.0683025210084034,0,202.89800556271652
2018-04-03,20.475,19.675,2018-04-18,2018-05-16,0.5263157894736842,0.4736842105263158,10,19,15,43,-0.033470161035680346,0,196.10697664271402
2018-04-04,19.975,19.225,2018-04-18,2018-05-16,0.47368421052631576,0.5263157894736843,9,19,14,42,-0.02370195770313621,0,191.4588573770385
2018-04-05,19.075,18.675,2018-04-18,2018-05-16,0.42105263157894735,0.5789473684210527,8,19,13,41,-0.036556683018614144,0,184.45975661680004
2018-04-06,20.625,19.525,2018-04-18,2018-05-16,0.3684210526315789,0.631578947368421,7,19,12,40,0.060749947629355816,0,195.66567717099434
2018-04-09,20.825,19.825,2018-04-18,2018-05-16,0.3157894736842105,0.6842105263157895,6,19,9,37,0.01320393477256232,0,198.2492340095894
2018-04-10,20.175,19.425,2018-04-18,2018-05-16,0.2631578947368421,0.736842105263158,5,19,8,36,-0.02377996994838949,0,193.53487318255011
2018-04-11,20.075,19.475,2018-04-18,2018-05-16,0.21052631578947367,0.7894736842105263,4,19,7,35,0.0005364447126667837,0,193.63869394198554
2018-04-12,18.825,18.725,2018-04-18,2018-05-16,0.15789473684210525,0.8421052631578947,3,19,6,34,-0.04363294623078484,0,185.18966722101547
2018-04-13,17.925,18.125,2018-04-18,2018-05-16,0.10526315789473684,0.8947368421052632,2,19,5,33,-0.0345432844204171,0,178.79260787447754
2018-04-16,16.825,17.275,2018-04-18,2018-05-16,0.05263157894736842,0.9473684210526316,1,19,2,30,-0.048404680572716186,0,170.13820880155058
2018-04-17,15.325,16.375,2018-04-18,2018-05-16,0.0,1.0,0,19,1,29,-0.0540004576309967,0,160.95066766574877
2018-04-18,16.425,16.675,2018-05-16,2018-06-20,0.95,0.050000000000000044,19,20,28,63,0.003053435114503955,0,161.4421200861022
2018-04-19,16.575,16.825,2018-05-16,2018-06-20,0.9,0.09999999999999998,18,20,27,62,0.009125475285171047,0,162.91535616293353
2018-04-20,17.025,17.075,2018-05-16,2018-06-20,0.85,0.15000000000000002,17,20,26,61,0.025903614457831292,0,167.13545273823843
2018-04-23,16.825,17.025,2018-05-16,2018-06-20,0.8,0.19999999999999996,16,20,23,58,-0.010421253485982551,0,165.3936918187588
2018-04-24,17.675,17.475,2018-05-16,2018-06-20,0.75,0.25,15,20,22,57,0.045656685443225875,0,172.9450195804217
2018-04-25,17.725,17.675,2018-05-16,2018-06-20,0.7,0.30000000000000004,14,20,21,56,0.004964539007092261,0,173.80361187621105
2018-04-26,16.875,17.025,2018-05-16,2018-06-20,0.65,0.35,13,20,20,55,-0.044607566346696714,0,166.05065572814743
2018-04-27,16.425,16.825,2018-05-16,2018-06-20,0.6,0.4,12,20,19,54,-0.021414857480431038,0,162.49470460119704
2018-04-30,16.625,16.925,2018-05-16,2018-06-20,0.55,0.44999999999999996,11,20,16,51,0.009647271630991883,0,164.06233515508256
2018-05-01,16.275,16.475,2018-05-16,2018-06-20,0.5,0.5,10,20,15,50,-0.023568019093078707,0,160.1957109076925
2018-05-02,16.625,16.775,2018-05-16,2018-06-20,0.45,0.55,9,20,14,49,0.01984732824427482,0,163.37516776540244
2018-05-03,16.525,16.525,2018-05-16,2018-06-20,0.4,0.6,8,20,13,48,-0.010923238066736563,0,161.59058191370792
2018-05-04,15.875,16.375,2018-05-16,2018-06-20,0.35,0.65,7,20,12,47,-0.021180030257185956,0,158.1680884994993
2018-05-07,15.725,16.325,2018-05-16,2018-06-20,0.3,0.7,6,20,9,44,-0.005246913580246981,0,157.33819420798957
2018-05-08,15.775,16.225,2018-05-16,2018-06-20,0.25,0.75,5,20,8,43,-0.0034066274388353524,0,156.80220159842386
2018-05-09,14.825,15.625,2018-05-16,2018-06-20,0.2,0.8,4,20,7,42,-0.0426687354538402,0,150.111649939841
2018-05-10,14.175,15.075,2018-05-16,2018-06-20,0.15,0.85,3,20,6,41,-0.036857419980601214,0,144.57892181402727
2018-05-11,13.675,14.7,2018-05-16,2018-06-20,0.1,0.9,2,20,5,40,-0.026355421686746983,0,140.76848336260335
2018-05-14,13.375,14.475,2018-05-16,2018-06-20,0.05,0.95,1,20,2,37,-0.015927384826168844,0,138.526409556691
2018-05-15,14.875,15.325,2018-05-16,2018-06-20,0.0,1.0,0,20,1,36,0.061199722607489626,0,147.00418739537199
2018-05-16,14.675,15.325,2018-06-20,2018-07-18,0.9583333333333334,0.04166666666666663,23,24,35,63,-0.04241435562805862,0,140.76909951237093
2018-05-17,14.375,15.075,2018-06-20,2018-07-18,0.9166666666666666,0.08333333333333337,22,24,34,62,-0.02026356808842289,0,137.916615279656
2018-05-18,14.525,15.325,2018-06-20,2018-07-18,0.875,0.125,21,24,33,61,0.010969976905311762,0,139.42955736413262
2018-05-21,14.075,14.775,2018-06-20,2018-07-18,0.8333333333333334,0.16666666666666663,20,24,30,58,-0.03162393162393162,0,135.02024657569424
2018-05-22,14.225,14.975,2018-06-20,2018-07-18,0.7916666666666666,0.20833333333333337,19,24,29,57,0.011156782149148503,0,136.52663805246357
2018-05-23,13.875,14.725,2018-06-20,2018-07-18,0.75,0.25,18,24,28,56,-0.02288859915978536,0,133.40173455944762
2018-05-24,13.825,14.6,2018-06-20,2018-07-18,0.7083333333333334,0.29166666666666663,17,24,27,55,-0.004880212954747165,0,132.75070568626487
2018-05-25,14.125,14.825,2018-06-20,2018-07-18,0.6666666666666666,0.33333333333333337,16,24,26,54,0.019793906145748386,0,135.37836069540066
2018-05-29,15.925,16.125,2018-06-20,2018-07-18,0.625,0.375,15,24,22,50,0.11375507835171206,0,150.7783367234323
2018-05-30,15.175,15.675,2018-06-20,2018-07-18,0.5833333333333334,0.41666666666666663,14,24,21,49,-0.039843749999999956,0,144.77076236960804
2018-05-31,15.425,15.875,2018-06-20,2018-07-18,0.5416666666666666,0.45833333333333337,13,24,20,48,0.014897074756229589,0,146.92742323914445
2018-06-01,14.425,15.175,2018-06-20,2018-07-18,0.5,0.5,12,24,19,47,-0.055177928828468614,0,138.82027233670465
2018-06-04,13.925,14.675,2018-06-20,2018-07-18,0.4583333333333333,0.5416666666666667,11,24,16,44,-0.03378378378378377,0,134.13039827127542
2018-06-05,13.625,14.525,2018-06-20,2018-07-18,0.4166666666666667,0.5833333333333333,10,24,15,43,-0.015263846489315336,0,132.08305246251197
2018-06-06,13.075,14.075,2018-06-20,2018-07-18,0.375,0.625,9,24,14,42,-0.034746760895170925,0,127.49359422029275
2018-06-07,13.175,14.175,2018-06-20,2018-07-18,0.3333333333333333,0.6666666666666667,8,24,13,41,0.007299270072992803,0,128.42420439708323
2018-06-08,13.325,14.225,2018-06-20,2018-07-18,0.2916666666666667,0.7083333333333333,7,24,12,40,0.006020469596628386,0,129.19737841512708
2018-06-11,12.875,13.975,2018-06-20,2018-07-18,0.25,0.75,6,24,9,37,-0.02208296031035506,0,126.3443178353839
2018-06-12,12.775,13.925,2018-06-20,2018-07-18,0.20833333333333334,0.7916666666666666,5,24,8,36,-0.0045620437956203075,0,125.76792952409112
2018-06-13,13.225,14.175,2018-06-20,2018-07-18,0.16666666666666666,0.8333333333333334,4,24,7,35,0.02131222408281319,0,128.44832382054
2018-06-14,12.675,13.675,2018-06-20,2018-07-18,0.125,0.875,3,24,6,34,-0.036266349583829016,0,123.78997200540744
2018-06-15,12.575,13.725,2018-06-20,2018-07-18,0.08333333333333333,0.9166666666666666,2,24,5,33,0.0023062730627305683,0,124.07546548327967
2018-06-18,12.675,13.675,2018-06-20,2018-07-18,0.041666666666666664,0.9583333333333334,1,24,2,30,-0.002751452155304146,0,123.73407777635533
2018-06-19,13.575,14.225,2018-06-20,2018-07-18,0.0,1.0,0,24,1,29,0.04141198044009786,0,128.8581509850033
2018-06-20,13.925,14.625,2018-07-18,2018-08-22,0.9473684210526315,0.052631578947368474,18,19,28,63,-0.02108963093145866,0,126.1405801382194
2018-06-21,14.875,15.275,2018-07-18,2018-08-22,0.8947368421052632,0.10526315789473684,17,19,27,62,0.06691169541042297,0,134.580860215322
2018-06-22,14.425,15.075,2018-07-18,2018-08-22,0.8421052631578947,0.1578947368421053,16,19,26,61,-0.02840257563729387,0,130.75841715372422
2018-06-25,16.325,16.275,2018-07-18,2018-08-22,0.7894736842105263,0.21052631578947367,15,19,23,58,0.12317724843764166,0,146.8648791887813
2018-06-26,15.875,16.125,2018-07-18,2018-08-22,0.7368421052631579,0.26315789473684215,14,19,22,57,-0.02371158964432607,0,143.3824794402934
2018-06-27,16.925,16.875,2018-07-18,2018-08-22,0.6842105263157895,0.3157894736842105,13,19,21,56,0.06091621956252591,0,152.11679803929766
2018-06-28,16.525,16.575,2018-07-18,2018-08-22,0.631578947368421,0.368421052631579,12,19,20,55,-0.021788187689673943,0,148.80244869286523
2018-06-29,16.025,16.375,2018-07-18,2018-08-22,0.5789473684210527,0.42105263157894735,11,19,19,54,-0.023542511731488247,0,145.29926529883926
2018-07-02,16.025,16.325,2018-07-18,2018-08-22,0.5263157894736842,0.4736842105263158,10,19,16,51,-0.001301765519485798,0,145.11011972526663
2018-07-03,16.375,16.725,2018-07-18,2018-08-22,0.47368421052631576,0.5263157894736843,9,19,15,50,0.02311386017742345,0,148.46417474292562
2018-07-05,15.475,16.075,2018-07-18,2018-08-22,0.42105263157894735,0.5789473684210527,8,19,13,48,-0.04640444974175617,0,141.5747764076162
2018-07-06,14.575,15.525,2018-07-18,2018-08-22,0.3684210526315789,0.631578947368421,7,19,12,47,-0.044074844074843966,0,135.33489021251964
2018-07-09,13.775,14.625,2018-07-18,2018-08-22,0.3157894736842105,0.6842105263157895,6,19,9,44,-0.056880256654816774,0,127.63700692288006
2018-07-10,13.425,14.425,2018-07-18,2018-08-22,0.2631578947368421,0.736842105263158,5,19,8,43,-0.017230318027678382,0,125.43778070149786
2018-07-11,14.175,14.875,2018-07-18,2018-08-22,0.21052631578947367,0.7894736842105263,4,19,7,42,0.037350181176251995,0,130.12290453704577
2018-07-12,13.325,14.475,2018-07-18,2018-08-22,0.15789473684210525,0.8421052631578947,3,19,6,41,-0.033592423836326324,0,125.7517607770235
2018-07-13,12.975,14.225,2018-07-18,2018-08-22,0.10526315789473684,0.8947368421052632,2,19,5,40,-0.018595231519838107,0,123.41337767134746
2018-07-16,12.975,14.275,2018-07-18,2018-08-22,0.05263157894736842,0.9473684210526316,1,19,2,37,0.0031743067874148156,0,123.80512959374742
2018-07-17,12.125,13.975,2018-07-18,2018-08-22,0.0,1.0,0,19,1,36,-0.0231545799759193,0,120.93847381913994
2018-07-18,13.925,14.875,2018-08-22,2018-09-19,0.96,0.040000000000000036,24,25,35,63,-0.003577817531305816,0,120.50577802730047
2018-07-19,14.175,15.025,2018-08-22,2018-09-19,0.92,0.07999999999999996,23,25,34,62,0.01761799040320855,0,122.62884766811662
2018-07-20,14.275,15.175,2018-08-22,2018-09-19,0.88,0.12,22,25,33,61,0.0073018324791125355,0,123.52426297089583
2018-07-23,14.075,15.025,2018-08-22,2018-09-19,0.84,0.16000000000000003,21,25,30,58,-0.013488145727595158,0,121.8581497110506
2018-07-24,14.075,14.975,2018-08-22,2018-09-19,0.8,0.19999999999999996,20,25,29,57,-0.0005623110986152646,0,121.78962752101135
2018-07-25,13.825,14.875,2018-08-22,2018-09-19,0.76,0.24,19,25,28,56,-0.015433181339880697,0,119.91002611416307
2018-07-26,13.85,14.925,2018-08-22,2018-09-19,0.72,0.28,18,25,27,55,0.0022021737586133128,0,120.17408882706631
2018-07-27,14.325,15.175,2018-08-22,2018-09-19,0.68,0.31999999999999995,17,25,26,54,0.02911455020846576,0,123.67290336997856
2018-07-30,14.875,15.625,2018-08-22,2018-09-19,0.64,0.36,16,25,23,51,0.03548674385147632,0,128.06165201323736
2018-07-31,14.075,15.025,2018-08-22,2018-09-19,0.6,0.4,15,25,22,50,-0.04806866952789712,0,121.9058987834165
2018-08-01,14.275,15.125,2018-08-22,2018-09-19,0.56,0.43999999999999995,14,25,21,49,0.011068834313386455,0,123.2552549788746
2018-08-02,13.925,14.975,2018-08-22,2018-09-19,0.52,0.48,13,25,20,48,-0.017885179875759438,0,121.05081257294485
2018-08-03,13.525,14.8,2018-08-22,2018-09-19,0.48,0.52,12,25,19,47,-0.020237022662693227,0,118.60110453556874
2018-08-06,13.025,14.375,2018-08-22,2018-09-19,0.44,0.56,11,25,16,44,-0.03249224696926978,0,114.74748815617085
2018-08-07,12.725,14.025,2018-08-22,2018-09-19,0.4,0.6,10,25,15,43,-0.02380088527683033,0,112.01639635476138
2018-08-08,12.575,13.975,2018-08-22,2018-09-19,0.36,0.64,9,25,14,42,-0.0066641984450203084,0,111.26989686035719
2018-08-09,12.675,14.125,2018-08-22,2018-09-19,0.32,0.6799999999999999,8,25,13,41,0.009798827110088393,0,112.36021134224922
2018-08-10,13.775,14.775,2018-08-22,2018-09-19,0.28,0.72,7,25,12,40,0.05812166020057097,0,118.89077336594777
2018-08-13,14.875,15.475,2018-08-22,2018-09-19,0.24,0.76,6,25,9,37,0.05601931700586382,0,125.55095328820711
2018-08-14,13.725,14.725,2018-08-22,2018-09-19,0.2,0.8,5,25,8,36,-0.05518231035157528,0,118.62276161892115
2018-08-15,14.875,15.225,2018-08-22,2018-09-19,0.16,0.84,4,25,7,35,0.0433734939759034,0,123.76784525540444
2018-08-16,13.725,14.775,2018-08-22,2018-09-19,0.12,0.88,3,25,6,34,-0.037049245171072664,0,119.1823400122416
2018-08-17,13.075,14.325,2018-08-22,2018-09-19,0.08,0.92,2,25,5,33,-0.032357157485152555,0,115.32593826701648
2018-08-20,12.775,14.175,2018-08-22,2018-09-19,0.04,0.96,1,25,2,30,-0.011388400702987633,0,114.01256027058369
2018-08-21,12.875,14.625,2018-08-22,2018-09-19,0.0,1.0,0,25,1,29,0.030880373964161656,0,117.53331076835083
2018-08-22,14.175,15.075,2018-09-19,2018-10-17,0.9473684210526315,0.052631578947368474,18,19,28,56,-0.03076923076923077,0,113.91690120624773
2018-08-23,14.225,15.175,2018-09-19,2018-10-17,0.8947368421052632,0.10526315789473684,17,19,27,55,0.0037006198538254154,0,114.33846435253786
2018-08-24,14.125,15.175,2018-09-19,2018-10-17,0.8421052631578947,0.1578947368421053,16,19,26,54,-0.006245981445761051,0,113.62430842565509
2018-08-27,14.125,15.225,2018-09-19,2018-10-17,0.7894736842105263,0.21052631578947367,15,19,23,51,0.0005524353190313747,0,113.68707850672993
2018-08-28,14.075,15.275,2018-09-19,2018-10-17,0.7368421052631579,0.26315789473684215,14,19,22,50,-0.0020163138117496038,0,113.45784968011935
2018-08-29,13.925,15.225,2018-09-19,2018-10-17,0.6842105263157895,0.3157894736842105,13,19,21,49,-0.008594678613879414,0,112.48271592589687
2018-08-30,14.525,15.675,2018-09-19,2018-10-17,0.631578947368421,0.368421052631579,12,19,20,48,0.03854979348324927,0,116.81890139527519
2018-08-31,14.025,15.175,2018-09-19,2018-10-17,0.5789473684210527,0.42105263157894735,11,19,19,47,-0.03344775988029225,0,112.9115708319265
2018-09-04,14.225,15.225,2018-09-19,2018-10-17,0.5263157894736842,0.4736842105263158,10,19,15,43,0.00943139566518525,0,113.97648453161997
2018-09-05,14.575,15.525,2018-09-19,2018-10-17,0.47368421052631576,0.5263157894736843,9,19,14,42,0.02220034016650252,0,116.50680125920405
2018-09-06,15.175,16.025,2018-09-19,2018-10-17,0.42105263157894735,0.5789473684210527,8,19,13,41,0.03630967967181631,0,120.7371258925137
2018-09-07,15.375,16.225,2018-09-19,2018-10-17,0.3684210526315789,0.631578947368421,7,19,12,40,0.012765600067187632,0,122.27840775491921
2018-09-10,14.775,15.675,2018-09-19,2018-10-17,0.3157894736842105,0.6842105263157895,6,19,9,37,-0.03572314562143386,0,117.91023838833316
2018-09-11,14.225,15.125,2018-09-19,2018-10-17,0.2631578947368421,0.736842105263158,5,19,8,36,-0.03573565871591011,0,113.69663835017609
2018-09-12,14.025,15.025,2018-09-19,2018-10-17,0.21052631578947367,0.7894736842105263,4,19,7,35,-0.008484312859036613,0,112.73200049939246
2018-09-13,13.375,14.625,2018-09-19,2018-10-17,0.15789473684210525,0.8421052631578947,3,19,6,34,-0.03055333510969005,0,109.28766191054878
2018-09-14,12.875,14.375,2018-09-19,2018-10-17,0.10526315789473684,0.8947368421052632,2,19,5,33,-0.02006383948928403,0,107.09493180381638
2018-09-17,13.575,14.975,2018-09-19,2018-10-17,0.05263157894736842,0.9473684210526316,1,19,2,30,0.04294308190652485,0,111.69391823204137
2018-09-18,12.725,14.675,2018-09-19,2018-10-17,0.0,1.0,0,19,1,29,-0.02207505518763797,0,109.22826882294554
2018-09-19,14.275,15.125,2018-10-17,2018-11-21,0.95,0.050000000000000044,19,20,28,63,-0.027257240204429323,0,106.25100766252454
2018-09-20,14.025,14.925,2018-10-17,2018-11-21,0.9,0.09999999999999998,18,20,27,62,-0.01728653745416453,0,104.41429563902359
2018-09-21,14.125,15.075,2018-10-17,2018-11-21,0.85,0.15000000000000002,17,20,26,61,0.007438894792773709,0,105.19102259914385
2018-09-24,14.025,14.925,2018-10-17,2018-11-21,0.8,0.19999999999999996,16,20,23,58,-0.0075346066234448505,0,104.39844962354141
2018-09-25,14.075,14.975,2018-10-17,2018-11-21,0.75,0.25,15,20,22,57,0.0035198873636042016,0,104.76592040715117
2018-09-26,14.425,15.275,2018-10-17,2018-11-21,0.7,0.30000000000000004,14,20,21,56,0.02360139860139876,0,107.23854265452276
2018-09-27,14.125,15.025,2018-10-17,2018-11-21,0.65,0.35,13,20,20,55,-0.019414168937329723,0,105.15659547083482
2018-09-28,13.975,14.975,2018-10-17,2018-11-21,0.6,0.4,12,20,19,54,-0.007963988919667764,0,104.31912950967511
2018-10-01,13.925,14.875,2018-10-17,2018-11-21,0.55,0.44999999999999996,11,20,16,51,-0.004869565217391347,0,103.81114070510625
2018-10-02,13.975,14.925,2018-10-17,2018-11-21,0.5,0.5,10,20,15,50,0.0034837136387388945,0,104.17278899183368
2018-10-03,13.775,14.725,2018-10-17,2018-11-21,0.45,0.55,9,20,14,49,-0.01384083044982698,0,102.73095108191211
2018-10-04,14.875,15.225,2018-10-17,2018-11-21,0.4,0.6,8,20,13,48,0.05385556915544676,0,108.26358492230884
2018-10-05,15.225,15.475,2018-10-17,2018-11-21,0.35,0.65,7,20,12,47,0.019224395094464608,0,110.34488685319842
2018-10-08,15.675,15.725,2018-10-17,2018-11-21,0.3,0.7,6,20,9,44,0.020796100731113043,0,112.63963023536078
2018-10-09,15.975,15.925,2018-10-17,2018-11-21,0.25,0.75,5,20,8,43,0.014640356460853043,0,114.28871457362514
2018-10-10,20.125,18.525,2018-10-17,2018-11-21,0.2,0.8,4,20,7,42,0.18745098039215646,0,135.71224616821053
2018-10-11,21.175,18.525,2018-10-17,2018-11-21,0.15,0.85,3,20,6,41,0.011143539400371605,0,137.2245609304989
2018-10-12,19.925,18.125,2018-10-17,2018-11-21,0.1,0.9,2,20,5,40,-0.02787686616461882,0,133.3991702109408
2018-10-15,20.125,18.525,2018-10-17,2018-11-21,0.05,0.95,1,20,2,37,0.020759355367385934,0,136.16845099106413
2018-10-16,17.675,17.275,2018-10-17,2018-11-21,0.0,1.0,0,20,1,36,-0.07041117979037903,0,126.58066970655489
2018-10-17,17.125,17.175,2018-11-21,2018-12-19,0.96,0.040000000000000036,24,25,35,63,-0.008683068017366069,0,125.48156114180914
2018-10-18,18.425,18.075,2018-11-21,2018-12-19,0.92,0.07999999999999996,23,25,34,62,0.07496934664564714,0,134.8888317966864
2018-10-19,18.425,18.175,2018-11-21,2018-12-19,0.88,0.12,22,25,33,61,0.00043485350872440875,0,134.94748867848094
2018-10-22,18.625,18.225,2018-11-21,2018-12-19,0.84,0.16000000000000003,21,25,30,58,0.009893992932862083,0,136.2826581777733
2018-10-23,18.825,18.425,2018-11-21,2018-12-19,0.8,0.19999999999999996,20,25,29,57,0.01077528150422924,0,137.75114218378346
2018-10-24,20.625,19.625,2018-11-21,2018-12-19,0.76,0.24,19,25,28,56,0.08962389970658813,0,150.09693673533081
2018-10-25,20.925,19.825,2018-11-21,2018-12-19,0.72,0.28,18,25,27,55,0.013539367181751194,0,152.12915427464654
2018-10-26,21.075,20.075,2018-11-21,2018-12-19,0.68,0.31999999999999995,17,25,26,54,0.008633651840713963,0,153.44258442747608
2018-10-29,21.525,20.575,2018-11-21,2018-12-19,0.64,0.36,16,25,23,51,0.022452421103348552,0,156.8877419482279
2018-10-30,20.925,20.225,2018-11-21,2018-12-19,0.6,0.4,15,25,22,50,-0.0240759099277722,0,153.1105268043108
2018-10-31,20.275,19.775,2018-11-21,2018-12-19,0.56,0.43999999999999995,14,25,21,49,-0.027609590699927522,0,148.88320782739348
2018-11-01,19.275,19.025,2018-11-21,2018-12-19,0.52,0.48,13,25,20,48,-0.044377960608327105,0,142.27607469518804
2018-11-02,19.575,19.075,2018-11-21,2018-12-19,0.48,0.52,12,25,19,47,0.009397024275646038,0,143.61304642294238
2018-11-05,19.425,18.825,2018-11-21,2018-12-19,0.44,0.56,11,25,16,44,-0.010458193114159853,0,142.1111134497384
2018-11-06,18.625,18.225,2018-11-21,2018-12-19,0.4,0.6,10,25,15,43,-0.03604169940803581,0,136.98918741624166
2018-11-07,16.825,17.125,2018-11-21,2018-12-19,0.36,0.64,9,25,14,42,-0.07506119118846877,0,126.70661582883818
2018-11-08,16.975,17.175,2018-11-21,2018-12-19,0.32,0.6799999999999999,8,25,13,41,0.005053769759652216,0,127.34696189226185
2018-11-09,17.475,17.675,2018-11-21,2018-12-19,0.28,0.72,7,25,12,40,0.029220968967331062,0,131.0681635137995
2018-11-12,19.575,18.725,2018-11-21,2018-12-19,0.24,0.76,6,25,9,37,0.07628128724672245,0,141.06621174369604
2018-11-13,19.425,18.925,2018-11-21,2018-12-19,0.2,0.8,5,25,8,36,0.006128163135928899,0,141.9306885022289
2018-11-14,20.175,19.425,2018-11-21,2018-12-19,0.16,0.84,4,25,7,35,0.02890932982917227,0,146.03380958902133
2018-11-15,19.375,19.125,2018-11-21,2018-12-19,0.12,0.88,3,25,6,34,-0.01944231261192131,0,143.19457461108178
2018-11-16,18.275,18.325,2018-11-21,2018-12-19,0.08,0.92,2,25,5,33,-0.04364395719133374,0,136.94499672672447
2018-11-19,19.925,19.375,2018-11-21,2018-12-19,0.04,0.96,1,25,2,30,0.05993122646143756,0,145.15227833831463
2018-11-20,22.175,20.425,2018-11-21,2018-12-19,0.0,1.0,0,25,1,29,0.056606691756457383,0,153.36886861595912
2018-11-21,20.125,20.375,2018-12-19,2019-01-16,0.9473684210526315,0.052631578947368474,18,19,28,56,-0.014687882496940086,0,151.11620469503927
2018-11-23,20.475,20.525,2018-12-19,2019-01-16,0.8947368421052632,0.10526315789473684,17,19,26,54,0.016857236197321157,0,153.66360625082626
2018-11-26,18.925,19.375,2018-12-19,2019-01-16,0.8421052631578947,0.1578947368421053,16,19,23,51,-0.07362672663026026,0,142.34985792037673
2018-11-27,18.775,19.125,2018-12-19,2019-01-16,0.7894736842105263,0.21052631578947367,15,19,22,50,-0.008727574980951669,0,141.10748886184885
2018-11-28,18.225,18.575,2018-12-19,2019-01-16,0.7368421052631579,0.26315789473684215,14,19,21,49,-0.02917975567190212,0,136.99000681338447
2018-11-29,18.375,18.825,2018-12-19,2019-01-16,0.6842105263157895,0.3157894736842105,13,19,20,48,0.009625745276919728,0,138.3086377244536
2018-11-30,17.675,18.175,2018-12-19,2019-01-16,0.631578947368421,0.368421052631579,12,19,19,47,-0.03695018830384411,0,133.19810751648689
2018-12-03,16.775,17.375,2018-12-19,2019-01-16,0.5789473684210527,0.42105263157894735,11,19,16,44,-0.04833124585574289,0,126.76047703458788
2018-12-04,19.425,19.275,2018-12-19,2019-01-16,0.5263157894736842,0.4736842105263158,10,19,15,43,0.13708368750482958,0,144.13727065636044
2018-12-05,19.025,19.05,2018-12-19,2019-01-16,0.47368421052631576,0.5263157894736843,9,19,14,42,-0.01638452648038613,0,141.77564972848074
2018-12-06,19.925,19.475,2018-12-19,2019-01-16,0.42105263157894735,0.5789473684210527,8,19,13,41,0.03414195867026071,0,146.61614810195988
2018-12-07,21.425,20.675,2018-12-19,2019-01-16,0.3684210526315789,0.631578947368421,7,19,12,40,0.06744730679156907,0,156.5050124235909
2018-12-10,21.325,20.525,2018-12-19,2019-01-16,0.3157894736842105,0.6842105263157895,6,19,9,37,-0.006280223575959365,0,155.52212595481245
2018-12-11,21.275,20.475,2018-12-19,2019-01-16,0.2631578947368421,0.736842105263158,5,19,8,36,-0.0024064340447090826,0,155.14787221620927
2018-12-12,21.075,20.425,2018-12-19,2019-01-16,0.21052631578947367,0.7894736842105263,4,19,7,35,-0.004325424591310911,0,154.4767917944357
2018-12-13,20.725,20.225,2018-12-19,2019-01-16,0.15789473684210525,0.8421052631578947,3,19,6,34,-0.011262558392525657,0,152.73698790656084
2018-12-14,21.725,20.875,2018-12-19,2019-01-16,0.10526315789473684,0.8947368421052632,2,19,5,33,0.03473527315144831,0,158.0423489018247
2018-12-17,23.475,21.675,2018-12-19,2019-01-16,0.05263157894736842,0.9473684210526316,1,19,2,30,0.0429297684051968,0,164.82707033839336
2018-12-18,24.675,21.975,2018-12-19,2019-01-16,0.0,1.0,0,19,1,29,0.015956482320942822,0,167.4571305722607
2018-12-19,22.325,21.925,2019-01-16,2019-02-13,0.9444444444444444,0.05555555555555558,17,18,28,56,0.015927189988623303,0,170.1242521058348
2018-12-20,22.725,22.075,2019-01-16,2019-02-13,0.8888888888888888,0.11111111111111116,16,18,27,55,0.017312243118694726,0,173.06948451867714
2018-12-21,24.3,22.925,2019-01-16,2019-02-13,0.8333333333333334,0.16666666666666663,15,18,26,54,0.0659717964438995,0,184.4871893219939
2018-12-24,25.9,23.325,2019-01-16,2019-02-13,0.7777777777777778,0.2222222222222222,14,18,23,51,0.058161675610178154,0,195.21727338157325
2018-12-26,24.675,22.625,2019-01-16,2019-02-13,0.7222222222222222,0.2777777777777778,13,18,21,49,-0.04375959640271976,0,186.6746442875562
2018-12-27,25.025,22.925,2019-01-16,2019-02-13,0.6666666666666666,0.33333333333333337,12,18,20,48,0.013943304908965226,0,189.2775057716302
2018-12-28,25.325,22.975,2019-01-16,2019-02-13,0.6111111111111112,0.38888888888888884,11,18,19,47,0.008907159986296875,0,190.96343079734532
2018-12-31,24.175,22.275,2019-01-16,2019-02-13,0.5555555555555556,0.4444444444444444,10,18,16,44,-0.0399408284023669,0,183.3361931767413
2019-01-02,23.125,21.875,2019-01-16,2019-02-13,0.5,0.5,9,18,14,42,-0.032622931301345526,0,177.35522914168624
2019-01-03,24.375,22.775,2019-01-16,2019-02-13,0.4444444444444444,0.5555555555555556,8,18,13,41,0.0477777777777777,0,185.82886786734457
2019-01-04,21.925,21.225,2019-01-16,2019-02-13,0.3888888888888889,0.6111111111111112,7,18,12,40,-0.08302779420461248,0,170.39990686877857
2019-01-07,21.425,20.925,2019-01-16,2019-02-13,0.3333333333333333,0.6666666666666667,6,18,9,37,-0.017573329887582312,0,167.40541309256022
2019-01-08,20.625,20.625,2019-01-16,2019-02-13,0.2777777777777778,0.7222222222222222,5,18,8,36,-0.022125642038719917,0,163.7014608471302
2019-01-09,20.125,20.275,2019-01-16,2019-02-13,0.2222222222222222,0.7777777777777778,4,18,7,35,-0.018989898989899112,0,160.59278664114427
2019-01-10,19.875,20.025,2019-01-16,2019-02-13,0.16666666666666666,0.8333333333333334,3,18,6,34,-0.012350761630300577,0,158.60934341379377
2019-01-11,19.025,19.475,2019-01-16,2019-02-13,0.1111111111111111,0.8888888888888888,2,18,5,33,-0.029999999999999916,0,153.85106311137994
2019-01-14,19.225,19.475,2019-01-16,2019-02-13,0.05555555555555555,0.9444444444444444,1,18,2,30,0.001144001144001372,0,154.02706890358522
2019-01-15,18.825,18.825,2019-01-16,2019-02-13,0.0,1.0,0,18,1,29,-0.03268626891236093,0,148.99249870961987
2019-01-16,19.025,19.075,2019-02-13,2019-03-19,0.9473684210526315,0.052631578947368474,18,19,28,62,0.010624169986719778,0,150.575420342657
2019-01-17,18.525,18.775,2019-02-13,2019-03-19,0.8947368421052632,0.10526315789473684,17,19,27,61,-0.025724362077311214,0,146.70196370981915
2019-01-18,18.325,18.625,2019-02-13,2019-03-19,0.8421052631578947,0.1578947368421053,16,19,26,60,-0.010497198382864115,0,145.16200409360147
2019-01-22,20.175,19.725,2019-02-13,2019-03-19,0.7894736842105263,0.21052631578947367,15,19,22,56,0.0942490868724486,0,158.84339042799806
2019-01-23,19.725,19.575,2019-02-13,2019-03-19,0.7368421052631579,0.26315789473684215,14,19,21,55,-0.019264792608610137,0,155.78330545415417
2019-01-24,19.175,19.225,2019-02-13,2019-03-19,0.6842105263157895,0.3157894736842105,13,19,20,54,-0.025265690796069773,0,151.84733262735983
2019-01-25,18.275,18.525,2019-02-13,2019-03-19,0.631578947368421,0.368421052631579,12,19,19,53,-0.04360644497771693,0,145.22581027213178
2019-01-28,19.125,19.125,2019-02-13,2019-03-19,0.5789473684210527,0.42105263157894735,11,19,16,50,0.041263700838169104,0,151.21836466118174
2019-01-29,18.925,18.875,2019-02-13,2019-03-19,0.5263157894736842,0.4736842105263158,10,19,15,49,-0.011558307533539702,0,149.47053629770883
2019-01-30,17.975,18.375,2019-02-13,2019-03-19,0.47368421052631576,0.5263157894736843,9,19,14,48,-0.03898364079359551,0,143.64363060145288
2019-01-31,17.125,17.775,2019-02-13,2019-03-19,0.42105263157894735,0.5789473684210527,8,19,13,47,-0.039505100933362125,0,137.9689744761079
2019-02-01,17.025,17.525,2019-02-13,2019-03-19,0.3684210526315789,0.631578947368421,7,19,12,46,-0.010675889030899888,0,136.49603301489392
2019-02-04,16.525,17.075,2019-02-13,2019-03-19,0.3157894736842105,0.6842105263157895,6,19,9,43,-0.027012671674633948,0,132.8089104901726
2019-02-05,16.525,16.975,2019-02-13,2019-03-19,0.2631578947368421,0.736842105263158,5,19,8,42,-0.004048267808485773,0,132.27126445315517
2019-02-06,16.375,16.825,2019-02-13,2019-03-19,0.21052631578947367,0.7894736842105263,4,19,7,41,-0.008898602763250496,0,131.09423501379368
2019-02-07,17.175,17.375,2019-02-13,2019-03-19,0.15789473684210525,0.8421052631578947,3,19,6,40,0.03602044828942197,0,135.81630812714937
2019-02-08,16.625,17.075,2019-02-13,2019-03-19,0.10526315789473684,0.8947368421052632,2,19,5,39,-0.019573628707988622,0,133.15789013937876
2019-02-11,16.225,16.975,2019-02-13,2019-03-19,0.05263157894736842,0.9473684210526316,1,19,2,36,-0.007727378100610305,0,132.12892877519226
2019-02-12,15.625,16.725,2019-02-13,2019-03-19,0.0,1.0,0,19,1,35,-0.01584958433688144,0,130.03474017522805
2019-02-13,16.675,16.825,2019-03-19,2019-04-17,0.9565217391304348,0.04347826086956519,22,23,34,63,-0.002989536621823663,0,129.64599655736487
2019-02-14,16.925,17.125,2019-03-19,2019-04-17,0.9130434782608695,0.08695652173913049,21,23,33,62,0.015116960969570492,0,131.60585002718364
2019-02-15,16.325,16.625,2019-03-19,2019-04-17,0.8695652173913043,0.13043478260869568,20,23,32,61,-0.03490087893757632,0,127.01269018790806
2019-02-19,16.325,16.625,2019-03-19,2019-04-17,0.8260869565217391,0.17391304347826086,19,23,28,57,0.0,0,127.01269018790806
2019-02-20,15.575,16.225,2019-03-19,2019-04-17,0.782608695652174,0.21739130434782605,18,23,27,56,-0.042078715072675354,0,121.66815938687708
2019-02-21,15.875,16.475,2019-03-19,2019-04-17,0.7391304347826086,0.26086956521739135,17,23,26,55,0.018396846254927768,0,123.90646980923752
2019-02-22,15.175,15.925,2019-03-19,2019-04-17,0.6956521739130435,0.30434782608695654,16,23,25,54,-0.041223133771780995,0,118.79865682910217
2019-02-25,15.575,16.125,2019-03-19,2019-04-17,0.6521739130434783,0.34782608695652173,15,23,22,51,0.022016794862747657,0,121.41422248647847
2019-02-26,15.725,16.375,2019-03-19,2019-04-17,0.6086956521739131,0.3913043478260869,14,23,21,50,0.011720096518441858,0,122.83720889273157
2019-02-27,15.675,16.325,2019-03-19,2019-04-17,0.5652173913043478,0.4347826086956522,13,23,20,49,-0.0031290388408952152,0,122.45284649499905
2019-02-28,15.575,16.225,2019-03-19,2019-04-17,0.5217391304347826,0.4782608695652174,12,23,19,48,-0.00626660309243221,0,121.68548310847636
2019-03-01,14.825,15.625,2019-03-19,2019-04-17,0.4782608695652174,0.5217391304347826,11,23,18,47,-0.042695860417379494,0,116.49001670685547
2019-03-04,15.275,15.875,2019-03-19,2019-04-17,0.43478260869565216,0.5652173913043479,10,23,15,44,0.022677030592597847,0,119.13166437944906
2019-03-05,15.475,16.075,2019-03-19,2019-04-17,0.391304347826087,0.6086956521739131,9,23,14,43,0.012808910546467045,0,120.65761121173716
2019-03-06,16.075,16.475,2019-03-19,2019-04-17,0.34782608695652173,0.6521739130434783,8,23,13,42,0.03019282234268883,0,124.30060503134635
2019-03-07,16.725,16.875,2019-03-19,2019-04-17,0.30434782608695654,0.6956521739130435,7,23,12,41,0.029809035863996414,0,128.0058862246422
2019-03-08,16.675,16.975,2019-03-19,2019-04-17,0.2608695652173913,0.7391304347826086,6,23,11,40,0.0032293483175096505,0,128.41926181795307
2019-03-11,15.025,15.925,2019-03-19,2019-04-17,0.21739130434782608,0.782608695652174,5,23,8,37,-0.0714055966548729,0,119.2494078058638
2019-03-12,14.475,15.675,2019-03-19,2019-04-17,0.17391304347826086,0.8260869565217391,4,23,7,36,-0.02004008016032066,0,116.85964011436353
2019-03-13,14.075,15.475,2019-03-19,2019-04-17,0.13043478260869565,0.8695652173913043,3,23,6,35,-0.015180265654649139,0,115.0856797331208
2019-03-14,13.925,15.325,2019-03-19,2019-04-17,0.08695652173913043,0.9130434782608696,2,23,5,34,-0.009808799488236541,0,113.95682737665122
2019-03-15,13.475,14.875,2019-03-19,2019-04-17,0.043478260869565216,0.9565217391304348,1,23,4,33,-0.029598913276614014,0,110.58382912585165
2019-03-18,12.925,15.025,2019-03-19,2019-04-17,0.0,1.0,0,23,1,30,0.008071025020177425,0,111.47635397755342
2019-03-19,15.125,15.925,2019-04-17,2019-05-22,0.9523809523809523,0.04761904761904767,20,21,29,64,0.006655574043261225,0,112.21829310552381
2019-03-20,15.325,16.125,2019-04-17,2019-05-22,0.9047619047619048,0.09523809523809523,19,21,28,63,0.013189919133233863,0,113.6984433168552
2019-03-21,15.075,15.925,2019-04-17,2019-05-22,0.8571428571428571,0.1428571428571429,18,21,27,62,-0.015923320708046584,0,111.88798653991526
2019-03-22,16.725,17.125,2019-04-17,2019-05-22,0.8095238095238095,0.19047619047619047,17,21,26,61,0.10434782608695659,0,123.56325470060207
2019-03-25,16.825,17.225,2019-04-17,2019-05-22,0.7619047619047619,0.23809523809523814,16,21,23,58,0.0059519591865655475,0,124.29869814953925
2019-03-26,15.925,16.675,2019-04-17,2019-05-22,0.7142857142857143,0.2857142857142857,15,21,22,57,-0.048265672271863735,0,118.29933792083428
2019-03-27,16.225,16.975,2019-04-17,2019-05-22,0.6666666666666666,0.33333333333333337,14,21,21,56,0.018588183226377675,0,120.49830768966592
2019-03-28,15.625,16.625,2019-04-17,2019-05-22,0.6190476190476191,0.38095238095238093,13,21,20,55,-0.031360647445624834,0,116.71940274441587
2019-03-29,15.225,16.325,2019-04-17,2019-05-22,0.5714285714285714,0.4285714285714286,12,21,19,54,-0.02261063592413526,0,114.08030282367936
2019-04-01,14.875,15.975,2019-04-17,2019-05-22,0.5238095238095238,0.47619047619047616,11,21,16,51,-0.0222980659840728,0,111.53653270383397
2019-04-02,14.875,16.075,2019-04-17,2019-05-22,0.47619047619047616,0.5238095238095238,10,21,15,50,0.0030923850019326515,0,111.88144660473488
2019-04-03,14.875,16.025,2019-04-17,2019-05-22,0.42857142857142855,0.5714285714285714,9,21,14,49,-0.001689318897335701,0,111.69244316272425
2019-04-04,14.775,15.925,2019-04-17,2019-05-22,0.38095238095238093,0.6190476190476191,8,21,13,48,-0.006438261669349243,0,110.97333798715371
2019-04-05,14.325,15.675,2019-04-17,2019-05-22,0.3333333333333333,0.6666666666666667,7,21,12,47,-0.021062341455915234,0,108.6359796499656
2019-04-08,14.475,15.675,2019-04-17,2019-05-22,0.2857142857142857,0.7142857142857143,6,21,9,44,0.003284072249589487,0,108.99274805604101
2019-04-09,15.075,16.225,2019-04-17,2019-05-22,0.23809523809523808,0.7619047619047619,5,21,8,43,0.03680409969718146,0,113.00412802176534
2019-04-10,14.425,15.775,2019-04-17,2019-05-22,0.19047619047619047,0.8095238095238095,4,21,7,42,-0.03119635793715947,0,109.47881079562175
2019-04-11,13.825,15.525,2019-04-17,2019-05-22,0.14285714285714285,0.8571428571428572,3,21,6,41,-0.020406597621787426,0,107.24472075560371
2019-04-12,12.775,14.775,2019-04-17,2019-05-22,0.09523809523809523,0.9047619047619048,2,21,5,40,-0.05188128067305442,0,101.68072729737888
2019-04-15,12.575,14.675,2019-04-17,2019-05-22,0.047619047619047616,0.9523809523809523,1,21,2,37,-0.007509591053791453,0,100.91714661732347
2019-04-16,12.575,14.625,2019-04-17,2019-05-22,0.0,1.0,0,21,1,36,-0.00326717307849389,0,100.58743283273694
2019-04-17,14.625,15.625,2019-05-22,2019-06-19,0.9583333333333334,0.04166666666666663,23,24,35,63,0.0,0,100.58743283273694
2019-04-18,14.425,15.575,2019-05-22,2019-06-19,0.9166666666666666,0.08333333333333337,22,24,34,62,-0.013210227272727137,0,99.2586499842363
2019-04-22,14.175,15.375,2019-05-22,2019-06-19,0.875,0.125,21,24,30,58,-0.016929698708751828,0,97.57823094576572
2019-04-23,14.125,15.325,2019-05-22,2019-06-19,0.8333333333333334,0.16666666666666663,20,24,29,57,-0.003490401396160636,0,97.23764375223773
2019-04-24,14.575,15.625,2019-05-22,2019-06-19,0.7916666666666666,0.20833333333333337,19,24,28,56,0.029668411867364908,0,100.12253021609123
2019-04-25,14.825,15.975,2019-05-22,2019-06-19,0.75,0.25,18,24,27,55,0.018307280664695114,0,101.95550147761664
2019-04-26,14.325,15.525,2019-05-22,2019-06-19,0.7083333333333334,0.29166666666666663,17,24,26,54,-0.032258064516129115,0,98.66661433317738
2019-04-29,14.525,15.725,2019-05-22,2019-06-19,0.6666666666666666,0.33333333333333337,16,24,23,51,0.013628620102214661,0,100.01130413669597
2019-04-30,14.425,15.775,2019-05-22,2019-06-19,0.625,0.375,15,24,22,50,-0.003350083752093891,0,99.6762578916819
2019-05-01,15.225,16.325,2019-05-22,2019-06-19,0.5833333333333334,0.41666666666666663,14,24,21,49,0.04730012557555452,0,104.39095740685983
2019-05-02,15.175,16.225,2019-05-22,2019-06-19,0.5416666666666666,0.45833333333333337,13,24,20,48,-0.0045164718384695934,0,103.91947858754087
2019-05-03,14.275,15.575,2019-05-22,2019-06-19,0.5,0.5,12,24,19,47,-0.05016633399866932,0,98.70621931575073
2019-05-06,15.525,16.325,2019-05-22,2019-06-19,0.4583333333333333,0.5416666666666667,11,24,16,44,0.06700167504187604,0,105.3197013469568
2019-05-07,17.875,17.725,2019-05-22,2019-06-19,0.4166666666666667,0.5833333333333333,10,24,15,43,0.11501305483028745,0,117.43284193268383
2019-05-08,18.175,17.925,2019-05-22,2019-06-19,0.375,0.625,9,24,14,42,0.013586319981260031,0,119.02832209949
2019-05-09,17.975,17.875,2019-05-22,2019-06-19,0.3333333333333333,0.6666666666666667,8,24,13,41,-0.005896635449184839,0,118.32645547594116
2019-05-10,16.125,16.825,2019-05-22,2019-06-19,0.2916666666666667,0.7083333333333333,7,24,12,40,-0.07352256863657514,0,109.62679053168863
2019-05-13,19.525,18.975,2019-05-22,2019-06-19,0.25,0.75,6,24,9,37,0.15129105038856872,0,126.2123428219554
2019-05-14,18.125,18.075,2019-05-22,2019-06-19,0.20833333333333334,0.7916666666666666,5,24,8,36,-0.053629823413996136,0,119.44359716374719
2019-05-15,16.925,17.375,2019-05-22,2019-06-19,0.16666666666666666,0.8333333333333334,4,24,7,35,-0.04446492339592212,0,114.13254676572778
2019-05-16,15.725,16.775,2019-05-22,2019-06-19,0.125,0.875,3,24,6,34,-0.040462427745664886,0,109.51446683879081
2019-05-17,15.875,17.025,2019-05-22,2019-06-19,0.08333333333333333,0.9166666666666666,2,24,5,33,0.014269620728501797,0,111.07719674486444
2019-05-20,16.125,17.175,2019-05-22,2019-06-19,0.041666666666666664,0.9583333333333334,1,24,2,30,0.009352695052916582,0,112.11606789335198
2019-05-21,15.025,16.275,2019-05-22,2019-06-19,0.0,1.0,0,24,1,29,-0.05302201143135121,0,106.17144845987251
2019-05-22,16.225,16.875,2019-06-19,2019-07-17,0.9473684210526315,0.052631578947368474,18,19,28,56,-0.003072196620583556,0,105.84526889471162
2019-05-23,17.325,17.625,2019-06-19,2019-07-17,0.8947368421052632,0.10526315789473684,17,19,27,55,0.0665210002427774,0,112.88620205255357
2019-05-24,16.725,17.325,2019-06-19,2019-07-17,0.8421052631578947,0.1578947368421053,16,19,26,54,-0.03274960200136434,0,109.18922386388684
2019-05-28,17.375,17.725,2019-06-19,2019-07-17,0.7894736842105263,0.21052631578947367,15,19,22,50,0.036298208558241285,0,113.15259708401068
2019-05-29,17.775,18.025,2019-06-19,2019-07-17,0.7368421052631579,0.26315789473684215,14,19,21,49,0.021717819168991737,0,115.61002472598302
2019-05-30,17.425,17.825,2019-06-19,2019-07-17,0.6842105263157895,0.3157894736842105,13,19,20,48,-0.017405413378567713,0,113.59778445492086
2019-05-31,18.175,18.375,2019-06-19,2019-07-17,0.631578947368421,0.368421052631579,12,19,19,47,0.0391333683184647,0,118.04324839415683
2019-06-03,18.275,18.325,2019-06-19,2019-07-17,0.5789473684210527,0.42105263157894735,11,19,16,44,0.0024515105631266465,0,118.33263266450089
2019-06-04,17.225,17.675,2019-06-19,2019-07-17,0.5263157894736842,0.4736842105263158,10,19,15,43,-0.04818410643653348,0,112.63088049727936
2019-06-05,16.625,17.325,2019-06-19,2019-07-17,0.47368421052631576,0.5263157894736843,9,19,14,42,-0.02761638874217165,0,109.52042231709342
2019-06-06,16.475,17.125,2019-06-19,2019-07-17,0.42105263157894735,0.5789473684210527,8,19,13,41,-0.010375532326751813,0,108.3840896349029
2019-06-07,16.725,17.225,2019-06-19,2019-07-17,0.3684210526315789,0.631578947368421,7,19,12,40,0.009682205044116543,0,109.43348661426795
2019-06-10,16.375,17.025,2019-06-19,2019-07-17,0.3157894736842105,0.6842105263157895,6,19,9,37,-0.014979538259594194,0,107.79422351464872
2019-06-11,16.475,17.125,2019-06-19,2019-07-17,0.2631578947368421,0.736842105263158,5,19,8,36,0.005945396229367184,0,108.43510288468029
2019-06-12,16.325,17.025,2019-06-19,2019-07-17,0.21052631578947367,0.7894736842105263,4,19,7,35,-0.006674427629026147,0,107.71136063803048
2019-06-13,16.125,17.025,2019-06-19,2019-07-17,0.15789473684210525,0.8421052631578947,3,19,6,34,-0.002494737662742552,0,107.44264904994155
2019-06-14,15.775,16.775,2019-06-19,2019-07-17,0.10526315789473684,0.8947368421052632,2,19,5,33,-0.01574312212610096,0,105.75116630439652
2019-06-17,15.275,16.625,2019-06-19,2019-07-17,0.05263157894736842,0.9473684210526316,1,19,2,30,-0.011208461599178987,0,104.5658584178053
2019-06-18,15.075,16.625,2019-06-19,2019-07-17,0.0,1.0,0,19,1,29,-0.0006358795008345464,0,104.49936713195025
2019-06-19,15.875,16.575,2019-07-17,2019-08-21,0.9473684210526315,0.052631578947368474,18,19,28,63,-0.045112781954887216,0,99.78510996810287
2019-06-20,16.125,16.725,2019-07-17,2019-08-21,0.8947368421052632,0.10526315789473684,17,19,27,62,0.01538079880922849,0,101.319884668679
2019-06-21,16.525,17.125,2019-07-17,2019-08-21,0.8421052631578947,0.1578947368421053,16,19,26,61,0.02470942046655278,0,103.82344030058003
2019-06-24,16.275,16.975,2019-07-17,2019-08-21,0.7894736842105263,0.21052631578947367,15,19,23,58,-0.014092312564325749,0,102.36032792836063
2019-06-25,16.675,17.325,2019-07-17,2019-08-21,0.7368421052631579,0.26315789473684215,14,19,22,57,0.023716048393558342,0,104.78791041909014
2019-06-26,16.525,17.275,2019-07-17,2019-08-21,0.6842105263157895,0.3157894736842105,13,19,21,56,-0.0073420292119037445,0,104.01855451973883
2019-06-27,16.075,16.975,2019-07-17,2019-08-21,0.631578947368421,0.368421052631579,12,19,20,55,-0.024020723761676743,0,101.51995355553126
2019-06-28,15.525,16.575,2019-07-17,2019-08-21,0.5789473684210527,0.42105263157894735,11,19,19,54,-0.030154783863982848,0,98.45864129818264
2019-07-01,14.925,16.125,2019-07-17,2019-08-21,0.5263157894736842,0.4736842105263158,10,19,16,51,-0.033621755253399166,0,95.14828895787292
2019-07-02,14.225,15.575,2019-07-17,2019-08-21,0.47368421052631576,0.5263157894736843,9,19,15,50,-0.04059447983014863,0,91.2857936608994
2019-07-03,14.025,15.525,2019-07-17,2019-08-21,0.42105263157894735,0.5789473684210527,8,19,14,49,-0.008105012774204834,0,90.54592113717439
2019-07-05,14.325,15.675,2019-07-17,2019-08-21,0.3684210526315789,0.631578947368421,7,19,12,47,0.014312218393851106,0,91.84183413516205
2019-07-08,14.875,16.025,2019-07-17,2019-08-21,0.3157894736842105,0.6842105263157895,6,19,9,44,0.027915041179020328,0,94.40560271700186
2019-07-09,14.825,16.075,2019-07-17,2019-08-21,0.2631578947368421,0.736842105263158,5,19,8,43,0.0011761740737628035,0,94.51664013933554
2019-07-10,14.025,15.575,2019-07-17,2019-08-21,0.21052631578947367,0.7894736842105263,4,19,7,42,-0.036767778056321476,0,91.04147329206324
2019-07-11,13.625,15.425,2019-07-17,2019-08-21,0.15789473684210525,0.8421052631578947,3,19,6,41,-0.013288463197859923,0,89.83167202474272
2019-07-12,13.125,15.225,2019-07-17,2019-08-21,0.10526315789473684,0.8947368421052632,2,19,5,40,-0.01633788128964997,0,88.3640128311517
2019-07-15,12.875,15.225,2019-07-17,2019-08-21,0.05263157894736842,0.9473684210526316,1,19,2,37,-0.0017539244058581982,0,88.20902903244757
2019-07-16,12.775,15.325,2019-07-17,2019-08-21,0.0,1.0,0,19,1,36,0.0059248932647903985,0,88.73165811445563
2019-07-17,15.725,16.575,2019-08-21,2019-09-18,0.96,0.040000000000000036,24,25,35,63,0.02610114192495927,0,91.047655716138
2019-07-18,15.325,16.375,2019-08-21,2019-09-18,0.92,0.07999999999999996,23,25,34,62,-0.0248746747890094,0,88.78287488989737
2019-07-19,15.875,16.725,2019-08-21,2019-09-18,0.88,0.12,22,25,33,61,0.03465507171133764,0,91.85965178594549
2019-07-22,15.175,16.375,2019-08-21,2019-09-18,0.84,0.16000000000000003,21,25,30,58,-0.041184202290793004,0,88.0764853044313
2019-07-23,14.775,16.125,2019-08-21,2019-09-18,0.8,0.19999999999999996,20,25,29,57,-0.024468015878180593,0,85.92142846350814
2019-07-24,14.375,15.825,2019-08-21,2019-09-18,0.76,0.24,19,25,28,56,-0.025257560651379296,0,83.75126277283793
2019-07-25,14.675,16.125,2019-08-21,2019-09-18,0.72,0.28,18,25,27,55,0.020376282007742885,0,85.45780212160186
2019-07-26,14.375,15.825,2019-08-21,2019-09-18,0.68,0.31999999999999995,17,25,26,54,-0.019892580067634946,0,83.7578259504938
2019-07-29,14.475,15.925,2019-08-21,2019-09-18,0.64,0.36,16,25,23,51,0.006738998584810307,0,84.32226982104095
2019-07-30,15.075,16.425,2019-08-21,2019-09-18,0.6,0.4,15,25,22,50,0.0376075215043008,0,87.49342139662721
2019-07-31,16.075,17.175,2019-08-21,2019-09-18,0.56,0.43999999999999995,14,25,21,49,0.05763688760806929,0,92.53626989211006
2019-08-01,17.475,17.775,2019-08-21,2019-09-18,0.52,0.48,13,25,20,48,0.06328884594480333,0,98.39278362161856
2019-08-02,17.475,17.675,2019-08-21,2019-09-18,0.48,0.52,12,25,19,47,-0.0027243316873828416,0,98.12472904338837
2019-08-05,21.625,20.225,2019-08-21,2019-09-18,0.44,0.56,11,25,16,44,0.18874793788042532,0,116.64556930540341
2019-08-06,19.675,19.425,2019-08-21,2019-09-18,0.4,0.6,10,25,15,43,-0.06266493930233663,0,109.3359817849938
2019-08-07,19.375,19.125,2019-08-21,2019-09-18,0.36,0.64,9,25,14,42,-0.015364916773367376,0,107.65604352453296
2019-08-08,17.725,18.075,2019-08-21,2019-09-18,0.32,0.6799999999999999,8,25,13,41,-0.06588602654176434,0,100.56301458349424
2019-08-09,18.475,18.575,2019-08-21,2019-09-18,0.28,0.72,7,25,12,40,0.032288593219395256,0,103.8100528542968
2019-08-12,20.775,19.975,2019-08-21,2019-09-18,0.24,0.76,6,25,9,37,0.08907100878848317,0,113.05651898441478
2019-08-13,18.125,18.475,2019-08-21,2019-09-18,0.2,0.8,5,25,8,36,-0.08806466008826319,0,103.10023506929001
2019-08-14,21.425,20.425,2019-08-21,2019-09-18,0.16,0.84,4,25,7,35,0.12061939690301537,0,115.53612324390689
2019-08-15,21.175,20.475,2019-08-21,2019-09-18,0.12,0.88,3,25,6,34,9.715812484833997e-05,0,115.5473485169935
2019-08-16,18.775,19.325,2019-08-21,2019-09-18,0.08,0.92,2,25,5,33,-0.0632326475023105,0,108.24098375839183
2019-08-19,16.825,18.075,2019-08-21,2019-09-18,0.04,0.96,1,25,2,30,-0.06773507598153605,0,100.90927249920097
2019-08-20,17.225,18.475,2019-08-21,2019-09-18,0.0,1.0,0,25,1,29,0.022191400832177743,0,103.14859061291418
2019-08-21,17.375,18.025,2019-09-18,2019-10-16,0.9473684210526315,0.052631578947368474,18,19,28,56,-0.05953991880920173,0,97.00713190253768
2019-08-22,17.875,18.325,2019-09-18,2019-10-16,0.8947368421052632,0.10526315789473684,17,19,27,55,0.028115788678104492,0,99.73456392337843
2019-08-23,19.675,19.475,2019-09-18,2019-10-16,0.8421052631578947,0.1578947368421053,16,19,26,54,0.09661552015270547,0,109.3704706940389
2019-08-26,19.425,19.425,2019-09-18,2019-10-16,0.7894736842105263,0.21052631578947367,15,19,23,51,-0.011119298010583534,0,108.15434783683409
2019-08-27,20.125,20.075,2019-09-18,2019-10-16,0.7368421052631579,0.26315789473684215,14,19,22,50,0.03549414075729862,0,111.99319348246851
2019-08-28,19.375,19.625,2019-09-18,2019-10-16,0.6842105263157895,0.3157894736842105,13,19,21,49,-0.03336604514229624,0,108.25642353310255
2019-08-29,18.475,19.025,2019-09-18,2019-10-16,0.631578947368421,0.368421052631579,12,19,20,48,-0.04139330402434893,0,103.77533248120815
2019-08-30,18.825,19.175,2019-09-18,2019-10-16,0.5789473684210527,0.42105263157894735,11,19,19,47,0.014793941528707055,0,105.31057868205728
2019-09-03,19.525,19.525,2019-09-18,2019-10-16,0.5263157894736842,0.4736842105263158,10,19,15,43,0.029128233580691942,0,108.37808981642607
2019-09-04,18.075,18.675,2019-09-18,2019-10-16,0.47368421052631576,0.5263157894736843,9,19,14,42,-0.059707527461419274,0,101.90710204249565
2019-09-05,17.275,18.225,2019-09-18,2019-10-16,0.42105263157894735,0.5789473684210527,8,19,13,41,-0.033483580167417815,0,98.49488742162652
2019-09-06,16.525,17.725,2019-09-18,2019-10-16,0.3684210526315789,0.631578947368421,7,19,12,40,-0.03395585738539897,0,95.15040907114684
2019-09-09,16.425,17.675,2019-09-18,2019-10-16,0.3157894736842105,0.6842105263157895,6,19,9,37,-0.003958888465930621,0,94.7737192141465
2019-09-10,16.225,17.675,2019-09-18,2019-10-16,0.2631578947368421,0.736842105263158,5,19,8,36,-0.0036549150993678836,0,94.42732931676747
2019-09-11,15.725,17.325,2019-09-18,2019-10-16,0.21052631578947367,0.7894736842105263,4,19,7,35,-0.022521494331583347,0,92.30068475481333
2019-09-12,14.975,17.025,2019-09-18,2019-10-16,0.15789473684210525,0.8421052631578947,3,19,6,34,-0.02323600030981332,0,90.15598601525451
2019-09-13,14.475,16.875,2019-09-18,2019-10-16,0.10526315789473684,0.8947368421052632,2,19,5,33,-0.012290238714251833,0,89.04794742560829
2019-09-16,14.625,17.275,2019-09-18,2019-10-16,0.05263157894736842,0.9473684210526316,1,19,2,30,0.022480804242856145,0,91.04981689991153
2019-09-17,14.525,17.075,2019-09-18,2019-10-16,0.0,1.0,0,19,1,29,-0.011364508945711504,0,90.0150804412471
2019-09-18,16.375,17.575,2019-10-16,2019-11-20,0.95,0.050000000000000044,19,20,28,63,-0.040995607613469986,0,86.3248575241828
2019-09-19,16.225,17.575,2019-10-16,2019-11-20,0.9,0.09999999999999998,18,20,27,62,-0.00867052023121373,0,85.57637610056273
2019-09-20,17.225,18.375,2019-10-16,2019-11-20,0.85,0.15000000000000002,17,20,26,61,0.059902200488997526,0,90.70258933886049
2019-09-23,16.725,18.025,2019-10-16,2019-11-20,0.8,0.19999999999999996,16,20,23,58,-0.027446472194280758,0,88.21312324262219
2019-09-24,17.875,18.675,2019-10-16,2019-11-20,0.75,0.25,15,20,22,57,0.06181925228142471,0,93.66639256289027
2019-09-25,17.225,18.375,2019-10-16,2019-11-20,0.7,0.30000000000000004,14,20,21,56,-0.031120331950207247,0,90.7514633337547
2019-09-26,17.425,18.575,2019-10-16,2019-11-20,0.65,0.35,13,20,20,55,0.01138303927148554,0,91.78449080482761
2019-09-27,18.025,19.025,2019-10-16,2019-11-20,0.6,0.4,12,20,19,54,0.030710980227177,0,94.60328248709618
2019-09-30,17.125,18.275,2019-10-16,2019-11-20,0.55,0.44999999999999996,11,20,16,51,-0.045590230664857345,0,90.29029701685681
2019-10-01,18.575,19.325,2019-10-16,2019-11-20,0.5,0.5,10,20,15,50,0.0719852628595723,0,96.7898677812841
2019-10-02,20.075,20.175,2019-10-16,2019-11-20,0.45,0.55,9,20,14,49,0.06200527704485492,0,102.7913503481975
2019-10-03,18.975,19.375,2019-10-16,2019-11-20,0.4,0.6,8,20,13,48,-0.04644808743169404,0,98.01688872000253
2019-10-04,17.625,18.675,2019-10-16,2019-11-20,0.35,0.65,7,20,12,47,-0.04996096799375471,0,93.11987007981507
2019-10-07,17.975,18.775,2019-10-16,2019-11-20,0.3,0.7,6,20,9,44,0.010241704219581926,0,94.07357624613843
2019-10-08,20.075,19.975,2019-10-16,2019-11-20,0.25,0.75,5,20,8,43,0.0793094146209874,0,101.5344965095225
2019-10-09,18.575,19.275,2019-10-16,2019-11-20,0.2,0.8,4,20,7,42,-0.04500000000000015,0,96.96544416659397
2019-10-10,17.625,18.825,2019-10-16,2019-11-20,0.15,0.85,3,20,6,41,-0.028743140841389958,0,94.17835274816562
2019-10-11,15.825,18.075,2019-10-16,2019-11-20,0.1,0.9,2,20,5,40,-0.04867256637168138,0,89.5944506232549
2019-10-14,14.525,17.325,2019-10-16,2019-11-20,0.05,0.95,1,20,2,37,-0.045098039215686225,0,85.55391657553949
2019-10-15,13.625,16.875,2019-10-16,2019-11-20,0.0,1.0,0,20,1,36,-0.027494908350305547,0,83.20161948028534
2019-10-16,16.725,17.475,2019-11-20,2019-12-18,0.96,0.040000000000000036,24,25,35,63,-0.008888888888888835,0,82.46204952934947
2019-10-17,16.575,17.425,2019-11-20,2019-12-18,0.92,0.07999999999999996,23,25,34,62,-0.00871381677111338,0,81.74349033918024
2019-10-18,16.675,17.525,2019-11-20,2019-12-18,0.88,0.12,22,25,33,61,0.006008532115604259,0,82.2346487261248
2019-10-21,16.075,17.225,2019-11-20,2019-12-18,0.84,0.16000000000000003,21,25,30,58,-0.03361745246468384,0,79.47012933162432
2019-10-22,16.475,17.575,2019-11-20,2019-12-18,0.8,0.19999999999999996,20,25,29,57,0.024109723845255004,0,81.38613220375649
2019-10-23,16.175,17.325,2019-11-20,2019-12-18,0.76,0.24,19,25,28,56,-0.01737047020065885,0,79.97241681956424
2019-10-24,16.025,17.275,2019-11-20,2019-12-18,0.72,0.28,18,25,27,55,-0.007659108868761866,0,79.3598993726452
2019-10-25,15.425,16.925,2019-11-20,2019-12-18,0.68,0.31999999999999995,17,25,26,54,-0.03236641221374037,0,76.79130415630921
2019-10-28,15.625,17.025,2019-11-20,2019-12-18,0.64,0.36,16,25,23,51,0.010562716127004101,0,77.60242890313474
2019-10-29,15.475,17.025,2019-11-20,2019-12-18,0.6,0.4,15,25,22,50,-0.005952011904023613,0,77.14053832252213
2019-10-30,14.975,16.475,2019-11-20,2019-12-18,0.56,0.43999999999999995,14,25,21,49,-0.032308170239204737,0,74.6482686780542
2019-10-31,15.275,16.725,2019-11-20,2019-12-18,0.52,0.48,13,25,20,48,0.017780620402942038,0,75.97556120715551
2019-11-01,14.575,16.175,2019-11-20,2019-12-18,0.48,0.52,12,25,19,47,-0.03932126980151529,0,72.98810566660741
2019-11-04,14.725,16.225,2019-11-20,2019-12-18,0.44,0.56,11,25,16,44,0.006360745115856492,0,73.4523644032419
2019-11-05,15.025,16.575,2019-11-20,2019-12-18,0.4,0.6,10,25,15,43,0.021072920012849217,0,75.00022020306606
2019-11-06,14.775,16.325,2019-11-20,2019-12-18,0.36,0.64,9,25,14,42,-0.01566906925728606,0,73.82503655839253
2019-11-07,14.625,16.175,2019-11-20,2019-12-18,0.32,0.6799999999999999,8,25,13,41,-0.009513540939937726,0,73.12269905070185
2019-11-08,14.275,16.025,2019-11-20,2019-12-18,0.28,0.72,7,25,12,40,-0.013648829644747673,0,72.12465978819466
2019-11-11,14.075,15.825,2019-11-20,2019-12-18,0.24,0.76,6,25,9,37,-0.012874155133569265,0,71.19611572912554
2019-11-12,13.875,15.825,2019-11-20,2019-12-18,0.2,0.8,5,25,8,36,-0.003115871470301901,0,70.97427778332886
2019-11-13,13.975,15.825,2019-11-20,2019-12-18,0.16,0.84,4,25,7,35,0.0012957563977971098,0,71.06624315784563
2019-11-14,13.725,15.625,2019-11-20,2019-12-18,0.12,0.88,3,25,6,34,-0.013394294545688745,0,70.1143609647339
2019-11-15,12.975,15.125,2019-11-20,2019-12-18,0.08,0.92,2,25,5,33,-0.034422290056504434,0,67.70086409447937
2019-11-18,12.675,15.025,2019-11-20,2019-12-18,0.04,0.96,1,25,2,30,-0.007757640607236049,0,67.17566512203508
2019-11-19,13.075,15.225,2019-11-20,2019-12-18,0.0,1.0,0,25,1,29,0.013930748107963353,0,68.11147239183505
2019-11-20,15.175,16.825,2019-12-18,2020-01-22,0.9473684210526315,0.052631578947368474,18,19,28,63,-0.003284072249589376,0,67.88778939547434
2019-11-21,15.325,17.025,2019-12-18,2020-01-22,0.8947368421052632,0.10526315789473684,17,19,27,62,0.010000862143288103,0,68.56672581843107
2019-11-22,14.775,16.725,2019-12-18,2020-01-22,0.8421052631578947,0.1578947368421053,16,19,26,61,-0.03377747602478143,0,66.25071488100124
2019-11-25,14.075,16.225,2019-12-18,2020-01-22,0.7894736842105263,0.21052631578947367,15,19,23,58,-0.044316496554130835,0,63.31471530326865
2019-11-26,13.875,16.075,2019-12-18,2020-01-22,0.7368421052631579,0.26315789473684215,14,19,22,57,-0.01304229689339731,0,62.48894598856249
2019-11-27,13.825,16.125,2019-12-18,2020-01-22,0.6842105263157895,0.3157894736842105,13,19,21,56,-0.0016385980883022455,0,62.386551721125606
2019-11-29,14.125,16.375,2019-12-18,2020-01-22,0.631578947368421,0.368421052631579,12,19,19,54,0.01953160321909775,0,63.605061095550354
2019-12-02,15.225,17.075,2019-12-18,2020-01-22,0.5789473684210527,0.42105263157894735,11,19,16,51,0.06370435547734266,0,67.65698051773938
2019-12-03,16.225,17.575,2019-12-18,2020-01-22,0.5263157894736842,0.4736842105263158,10,19,15,50,0.049329935048918916,0,70.99449497228544
2019-12-04,15.325,16.975,2019-12-18,2020-01-22,0.47368421052631576,0.5263157894736843,9,19,14,49,-0.04494031364593909,0,67.80398010109589
2019-12-05,15.025,16.775,2019-12-18,2020-01-22,0.42105263157894735,0.5789473684210527,8,19,13,48,-0.015275859267083747,0,66.7682160433234
2019-12-06,14.425,16.375,2019-12-18,2020-01-22,0.3684210526315789,0.631578947368421,7,19,12,47,-0.030191155960291982,0,64.75240641956896
2019-12-09,15.625,17.125,2019-12-18,2020-01-22,0.3157894736842105,0.6842105263157895,6,19,9,44,0.0584923102781747,0,68.53992426712085
2019-12-10,15.275,16.875,2019-12-18,2020-01-22,0.2631578947368421,0.736842105263158,5,19,8,43,-0.016910312129593152,0,67.38089275442518
2019-12-11,14.775,16.575,2019-12-18,2020-01-22,0.21052631578947367,0.7894736842105263,4,19,7,42,-0.021431427429028482,0,65.93682404125556
2019-12-12,13.625,15.925,2019-12-18,2020-01-22,0.15789473684210525,0.8421052631578947,3,19,6,41,-0.04663254529206273,0,62.86202210773694
2019-12-13,12.575,15.175,2019-12-18,2020-01-22,0.10526315789473684,0.8947368421052632,2,19,5,40,-0.0512386911304642,0,59.641054373122195
2019-12-16,12.225,14.825,2019-12-18,2020-01-22,0.05263157894736842,0.9473684210526316,1,19,2,37,-0.02348785871964687,0,58.24021371411553
2019-12-17,12.475,14.875,2019-12-18,2020-01-22,0.0,1.0,0,19,1,36,0.004120756069156961,0,58.48020742824696
2019-12-18,14.825,16.425,2020-01-22,2020-02-19,0.9545454545454546,0.045454545454545414,21,22,35,63,-0.003361344537815225,0,58.28363530243773
2019-12-19,14.625,16.275,2020-01-22,2020-02-19,0.9090909090909091,0.09090909090909094,20,22,34,62,-0.01327231121281458,0,57.51007675608959
2019-12-20,14.775,16.425,2020-01-22,2020-02-19,0.8636363636363636,0.13636363636363635,19,22,33,61,0.010152284263959421,0,58.09393540335954
2019-12-23,14.775,16.575,2020-01-22,2020-02-19,0.8181818181818182,0.18181818181818177,18,22,30,58,0.0013636363636362336,0,58.173154406182285
2019-12-24,14.525,16.475,2020-01-22,2020-02-19,0.7727272727272727,0.2272727272727273,17,22,29,57,-0.014747930775018792,0,57.31522075203544
2019-12-26,14.525,16.575,2020-01-22,2020-02-19,0.7272727272727273,0.2727272727272727,16,22,27,55,0.0015183723048892706,0,57.40224659587395
2019-12-27,15.125,17.025,2020-01-22,2020-02-19,0.6818181818181818,0.31818181818181823,15,22,26,54,0.03706493897845409,0,59.529857363176184
2019-12-30,15.525,17.375,2020-01-22,2020-02-19,0.6363636363636364,0.36363636363636365,14,22,23,51,0.024418436642103636,0,60.98348341351237
2019-12-31,14.625,16.625,2020-01-22,2020-02-19,0.5909090909090909,0.40909090909090906,13,22,22,50,-0.05219587484214949,0,57.80039714582237
2020-01-02,14.075,16.125,2020-01-22,2020-02-19,0.5454545454545454,0.4545454545454546,12,22,20,48,-0.03428991905813106,0,55.8184262061643
2020-01-03,15.025,16.725,2020-01-22,2020-02-19,0.5,0.5,11,22,19,47,0.05270331667423922,0,58.76024239876542
2020-01-06,14.875,16.675,2020-01-22,2020-02-19,0.45454545454545453,0.5454545454545454,10,22,16,44,-0.006299212598425141,0,58.390099139560604
2020-01-07,14.675,16.525,2020-01-22,2020-02-19,0.4090909090909091,0.5909090909090908,9,22,15,43,-0.010892933925755965,0,57.75405964771503
2020-01-08,14.175,16.125,2020-01-22,2020-02-19,0.36363636363636365,0.6363636363636364,8,22,14,42,-0.027961948688382643,0,56.139143595299835
2020-01-09,13.625,15.775,2020-01-22,2020-02-19,0.3181818181818182,0.6818181818181819,7,22,13,41,-0.027421494913755007,0,54.59972435473877
2020-01-10,13.575,15.725,2020-01-22,2020-02-19,0.2727272727272727,0.7272727272727273,6,22,12,40,-0.0033132530120482118,0,54.41882165356343
2020-01-13,13.175,15.375,2020-01-22,2020-02-19,0.22727272727272727,0.7727272727272727,5,22,9,37,-0.024020417354751356,0,53.11165884549106
2020-01-14,13.075,15.225,2020-01-22,2020-02-19,0.18181818181818182,0.8181818181818181,4,22,8,36,-0.009320091673032938,0,52.61665331614423
2020-01-15,12.925,15.175,2020-01-22,2020-02-19,0.13636363636363635,0.8636363636363636,3,22,7,35,-0.004596292324191675,0,52.37481179638259
2020-01-16,12.575,14.925,2020-01-22,2020-02-19,0.09090909090909091,0.9090909090909091,2,22,6,34,-0.01773158055640478,0,51.44612360188849
2020-01-17,12.525,14.925,2020-01-22,2020-02-19,0.045454545454545456,0.9545454545454546,1,22,5,33,-0.0003089757454038944,0,51.43022799750046
2020-01-21,12.925,15.075,2020-01-22,2020-02-19,0.0,1.0,0,22,1,29,0.010891240987881634,0,51.99036700468293
2020-01-22,15.175,15.725,2020-02-19,2020-03-18,0.9473684210526315,0.052631578947368474,18,19,28,56,0.0066334991708127955,0,52.335245061098746
2020-01-23,15.025,15.675,2020-02-19,2020-03-18,0.8947368421052632,0.10526315789473684,17,19,27,55,-0.009519688446559926,0,51.837029833342726
2020-01-24,16.025,16.225,2020-02-19,2020-03-18,0.8421052631578947,0.1578947368421053,16,19,26,54,0.06311568302676318,0,55.108759377352854
2020-01-27,17.775,17.325,2020-02-19,2020-03-18,0.7894736842105263,0.21052631578947367,15,19,23,51,0.10259772187167071,0,60.762792544643325
2020-01-28,16.675,16.825,2020-02-19,2020-03-18,0.7368421052631579,0.26315789473684215,14,19,22,50,-0.055071816625734904,0,57.41647517595715
2020-01-29,16.675,16.775,2020-02-19,2020-03-18,0.6842105263157895,0.3157894736842105,13,19,21,49,-0.0007872156183579282,0,57.37127602994758
2020-01-30,16.075,16.425,2020-02-19,2020-03-18,0.631578947368421,0.368421052631579,12,19,20,48,-0.031188469717255973,0,55.58195372484723
2020-01-31,18.225,17.725,2020-02-19,2020-03-18,0.5789473684210527,0.42105263157894735,11,19,19,47,0.11335769386926486,0,61.88259581984411
2020-02-03,17.975,17.425,2020-02-19,2020-03-18,0.5263157894736842,0.4736842105263158,10,19,16,44,-0.015046380834124795,0,60.95148671613451
2020-02-04,16.525,16.525,2020-02-19,2020-03-18,0.47368421052631576,0.5263157894736843,9,19,15,43,-0.06714699546906355,0,56.85877751377354
2020-02-05,15.725,16.125,2020-02-19,2020-03-18,0.42105263157894735,0.5789473684210527,8,19,14,42,-0.035671629906839586,0,54.83053224534688
2020-02-06,15.575,15.975,2020-02-19,2020-03-18,0.3684210526315789,0.631578947368421,7,19,13,41,-0.009400511255875377,0,54.31509720980886
2020-02-07,16.025,16.225,2020-02-19,2020-03-18,0.3157894736842105,0.6842105263157895,6,19,12,40,0.02045057777038828,0,55.42587232940426
2020-02-10,15.625,15.975,2020-02-19,2020-03-18,0.2631578947368421,0.736842105263158,5,19,9,37,-0.018399413823984356,0,54.406068767860226
2020-02-11,15.625,15.925,2020-02-19,2020-03-18,0.21052631578947367,0.7894736842105263,4,19,8,36,-0.0023196089802003383,0,54.27986796216891
2020-02-12,14.475,15.325,2020-02-19,2020-03-18,0.15789473684210525,0.8421052631578947,3,19,7,35,-0.045126503525508066,0,51.83040730920998
2020-02-13,14.825,15.575,2020-02-19,2020-03-18,0.10526315789473684,0.8947368421052632,2,19,6,34,0.017496751840623714,0,52.73727108369768
2020-02-14,14.425,15.425,2020-02-19,2020-03-18,0.05263157894736842,0.9473684210526316,1,19,5,33,-0.011378109875180398,0,52.13722061879019
2020-02-18,14.875,15.825,2020-02-19,2020-03-18,0.0,1.0,0,19,1,29,0.026191902764700625,0,53.502793631659294
2020-02-19,15.375,16.325,2020-03-18,2020-04-15,0.95,0.050000000000000044,19,20,28,56,-0.028436018957345932,0,51.98138717767846
2020-02-20,16.075,16.825,2020-03-18,2020-04-15,0.9,0.09999999999999998,18,20,27,55,0.04473982817312372,0,54.30702550820841
2020-02-21,16.925,17.325,2020-03-18,2020-04-15,0.85,0.15000000000000002,17,20,26,54,0.050464396284829904,0,57.04759676450501
2020-02-24,20.075,19.375,2020-03-18,2020-04-15,0.8,0.19999999999999996,16,20,23,51,0.17574330291433604,0,67.0733298432243
2020-02-25,22.225,20.875,2020-03-18,2020-04-15,0.75,0.25,15,20,22,50,0.10132932029094555,0,73.86982476588862
2020-02-26,22.325,20.975,2020-03-18,2020-04-15,0.7,0.30000000000000004,14,20,21,49,0.004568817818389137,0,74.2073225375203
2020-02-27,26.275,23.525,2020-03-18,2020-04-15,0.65,0.35,13,20,20,48,0.16104014598540162,0,86.15768059214835
2020-02-28,26.325,23.025,2020-03-18,2020-04-15,0.6,0.4,12,20,19,47,-0.00562962962962954,0,85.67264476066663
2020-03-02,26.275,23.325,2020-03-18,2020-04-15,0.55,0.44999999999999996,11,20,16,44,0.003599280143971262,0,85.98100460983521
2020-03-03,29.175,25.525,2020-03-18,2020-04-15,0.5,0.5,10,20,15,43,0.10361759695360262,0,94.89014969116296
2020-03-04,27.425,24.625,2020-03-18,2020-04-15,0.45,0.55,9,20,14,42,-0.04844606946983554,0,90.29309490722179
2020-03-05,31.875,27.525,2020-03-18,2020-04-15,0.4,0.6,8,20,13,41,0.13898010430751406,0,102.84203865567575
2020-03-06,35.775,30.325,2020-03-18,2020-04-15,0.35,0.65,7,20,12,40,0.11071245515120465,0,114.2279332480007
2020-03-09,44.375,36.225,2020-03-18,2020-04-15,0.3,0.7,6,20,9,37,0.21236329791359654,0,138.4857538664003
2020-03-10,41.825,34.775,2020-03-18,2020-04-15,0.25,0.75,5,20,8,36,-0.046030514610809425,0,132.111183349664
2020-03-11,46.35,38.575,2020-03-18,2020-04-15,0.2,0.8,4,20,7,35,0.1089633937735206,0,146.5064662428792
2020-03-12,58.3,45.825,2020-03-18,2020-04-15,0.15,0.85,3,20,6,34,0.2040867181659607,0,176.40649012848056
2020-03-13,53.425,43.9,2020-03-18,2020-04-15,0.1,0.9,2,20,5,33,-0.049637025971643434,0,167.65019659640672
2020-03-16,72.625,59.15,2020-03-18,2020-04-15,0.05,0.95,1,20,2,30,0.3488099882949669,0,226.12825970884822
2020-03-17,68.825,61.425,2020-03-18,2020-04-15,0.0,1.0,0,20,1,29,0.03295096011199572,0,233.5794029747095
2020-03-18,70.475,59.925,2020-04-15,2020-05-20,0.9473684210526315,0.052631578947368474,18,19,28,63,0.1473341473341474,0,267.9936251468076
2020-03-19,66.3,58.975,2020-04-15,2020-05-20,0.8947368421052632,0.10526315789473684,17,19,27,62,-0.05728372758237843,0,252.64195133008377
2020-03-20,61.525,56.625,2020-04-15,2020-05-20,0.8421052631578947,0.1578947368421053,16,19,26,61,-0.06897313360909185,0,235.2164442657322
2020-03-23,49.45,45.325,2020-04-15,2020-05-20,0.7894736842105263,0.21052631578947367,15,19,23,58,-0.19674687574451488,0,188.9383437327156
2020-03-24,48.25,40.15,2020-04-15,2020-05-20,0.7368421052631579,0.26315789473684215,14,19,22,57,-0.04192622284816638,0,181.0168726288143
2020-03-25,51.275,44.525,2020-04-15,2020-05-20,0.6842105263157895,0.3157894736842105,13,19,21,56,0.07329529243937216,0,194.2845572446038
2020-03-26,45.875,39.65,2020-04-15,2020-05-20,0.631578947368421,0.368421052631579,12,19,20,55,-0.10650887573964507,0,173.59152747890636
2020-03-27,53.425,44.825,2020-04-15,2020-05-20,0.5789473684210527,0.42105263157894735,11,19,19,54,0.15316104099993955,0,200.17898653634526
2020-03-30,49.775,42.75,2020-04-15,2020-05-20,0.5263157894736842,0.4736842105263158,10,19,16,51,-0.05997199545586629,0,188.17385326542765
2020-03-31,46.775,40.925,2020-04-15,2020-05-20,0.47368421052631576,0.5263157894736843,9,19,15,50,-0.05260623229461758,0,178.2747358287733
2020-04-01,51.325,44.625,2020-04-15,2020-05-20,0.42105263157894735,0.5789473684210527,8,19,14,49,0.09389021048510937,0,195.0129882999141
2020-04-02,47.175,42.025,2020-04-15,2020-05-20,0.3684210526315789,0.631578947368421,7,19,13,48,-0.06855431376355425,0,181.64400671203344
2020-04-03,44.925,40.9,2020-04-15,2020-05-20,0.3157894736842105,0.6842105263157895,6,19,12,47,-0.03504987867349674,0,175.27740631500885
2020-04-06,41.775,37.925,2020-04-15,2020-05-20,0.2631578947368421,0.736842105263158,5,19,9,44,-0.07185647425897035,0,162.68258987995532
2020-04-07,44.025,39.675,2020-04-15,2020-05-20,0.21052631578947367,0.7894736842105263,4,19,8,43,0.0483222383671813,0,170.54377676632492
2020-04-08,42.375,38.3,2020-04-15,2020-05-20,0.15789473684210525,0.8421052631578947,3,19,7,42,-0.0353009822036372,0,164.5234139377558
2020-04-09,41.275,36.925,2020-04-15,2020-05-20,0.10526315789473684,0.8947368421052632,2,19,6,41,-0.034192654660945565,0,158.89792166134234
2020-04-13,40.575,36.125,2020-04-15,2020-05-20,0.05263157894736842,0.9473684210526316,1,19,2,37,-0.021118580831368194,0,155.54222305880086
2020-04-14,37.875,32.975,2020-04-15,2020-05-20,0.0,1.0,0,19,1,36,-0.08598414938660282,0,142.16805731538864
2020-04-15,36.575,34.575,2020-05-20,2020-06-17,0.96,0.040000000000000036,24,25,35,63,0.10917361637604239,0,157.6890582656661
2020-04-16,36.525,34.425,2020-05-20,2020-06-17,0.92,0.07999999999999996,23,25,34,62,-0.0014796547472256671,0,157.45573290201776
2020-04-17,34.575,33.075,2020-05-20,2020-06-17,0.88,0.12,22,25,33,61,-0.05231454740490127,0,149.21850749894168
2020-04-20,39.075,36.225,2020-05-20,2020-06-17,0.84,0.16000000000000003,21,25,30,58,0.12612298299171387,0,168.0383907822796
2020-04-21,41.775,38.675,2020-05-20,2020-06-17,0.8,0.19999999999999996,20,25,29,57,0.06887801341308664,0,179.61254131649494
2020-04-22,39.625,37.375,2020-05-20,2020-06-17,0.76,0.24,19,25,28,56,-0.04811080063175788,0,170.97123815025367
2020-04-23,39.725,37.725,2020-05-20,2020-06-17,0.72,0.28,18,25,27,55,0.00409364206217222,0,171.67113320216723
2020-04-24,36.775,35.575,2020-05-20,2020-06-17,0.68,0.31999999999999995,17,25,26,54,-0.06960296182816283,0,159.7223138708993
2020-04-27,33.875,33.475,2020-05-20,2020-06-17,0.64,0.36,16,25,23,51,-0.07265532686653287,0,148.11763694873017
2020-04-28,34.175,33.825,2020-05-20,2020-06-17,0.6,0.4,15,25,22,50,0.009427529572203497,0,149.51402035122925
2020-04-29,31.925,31.775,2020-05-20,2020-06-17,0.56,0.43999999999999995,14,25,21,49,-0.06375789628323769,0,139.98132094878568
2020-04-30,33.975,33.225,2020-05-20,2020-06-17,0.52,0.48,13,25,20,48,0.05605951222574479,0,147.82860552189004
2020-05-01,37.35,35.975,2020-05-20,2020-06-17,0.48,0.52,12,25,19,47,0.09147701918786244,0,161.35152570573092
2020-05-04,35.675,34.975,2020-05-20,2020-06-17,0.44,0.56,11,25,16,44,-0.036140302988945106,0,155.52023267899725
2020-05-05,34.025,33.775,2020-05-20,2020-06-17,0.4,0.6,10,25,15,43,-0.03962248108154054,0,149.35813520187688
2020-05-06,34.775,34.575,2020-05-20,2020-06-17,0.36,0.64,9,25,14,42,0.023025830258302626,0,152.79723027073192
2020-05-07,32.125,32.625,2020-05-20,2020-06-17,0.32,0.6799999999999999,8,25,13,41,-0.06355528617196304,0,143.08615857459222
2020-05-08,29.325,30.725,2020-05-20,2020-06-17,0.28,0.72,7,25,12,40,-0.06739565686123505,0,133.4427729297067
2020-05-11,27.825,29.025,2020-05-20,2020-06-17,0.24,0.76,6,25,9,37,-0.05419839778459101,0,126.21038844098362
2020-05-12,33.075,32.925,2020-05-20,2020-06-17,0.2,0.8,5,25,8,36,0.14698820336151996,0,144.76182668348338
2020-05-13,35.075,34.925,2020-05-20,2020-06-17,0.16,0.84,4,25,7,35,0.060688818085267826,0,153.54725084876836
2020-05-14,32.375,32.925,2020-05-20,2020-06-17,0.12,0.88,3,25,6,34,-0.06043091361698483,0,144.26825019660095
2020-05-15,32.125,32.725,2020-05-20,2020-06-17,0.08,0.92,2,25,5,33,-0.006269210870689768,0,143.363802114173
2020-05-18,28.925,30.1,2020-05-20,2020-06-17,0.04,0.96,1,25,2,30,-0.0817394497658902,0,131.64532381301456
2020-05-19,30.75,32.075,2020-05-20,2020-06-17,0.0,1.0,0,25,1,29,0.06551758559877552,0,140.27040758461226
2020-05-20,29.775,30.575,2020-06-17,2020-07-22,0.9473684210526315,0.052631578947368474,18,19,28,63,-0.0717069368667188,0,130.21204632367355
2020-05-21,31.025,31.625,2020-06-17,2020-07-22,0.8947368421052632,0.10526315789473684,17,19,27,62,0.04156921583337003,0,135.62485898140713
2020-05-22,30.375,31.075,2020-06-17,2020-07-22,0.8421052631578947,0.1578947368421053,16,19,26,61,-0.020569687222245614,0,132.83509805259843
2020-05-26,29.625,30.475,2020-06-17,2020-07-22,0.7894736842105263,0.21052631578947367,15,19,22,57,-0.023824938495403347,0,129.6703100114644
2020-05-27,29.075,30.075,2020-06-17,2020-07-22,0.7368421052631579,0.26315789473684215,14,19,21,56,-0.017394375524259487,0,127.41477594477783
2020-05-28,30.325,31.125,2020-06-17,2020-07-22,0.6842105263157895,0.3157894736842105,13,19,20,55,0.04081266538099304,0,132.61491256000625
2020-05-29,28.825,30.175,2020-06-17,2020-07-22,0.631578947368421,0.368421052631579,12,19,19,54,-0.04337536038555867,0,126.86269293521663
2020-06-01,29.525,30.775,2020-06-17,2020-07-22,0.5789473684210527,0.42105263157894735,11,19,16,51,0.022616109490688707,0,129.73183348892312
2020-06-02,28.225,30.025,2020-06-17,2020-07-22,0.5263157894736842,0.4736842105263158,10,19,15,50,-0.03555322036866759,0,125.11944902406013
2020-06-03,27.0,29.075,2020-06-17,2020-07-22,0.47368421052631576,0.5263157894736843,9,19,14,49,-0.037648762387438306,0,120.4088566177061
2020-06-04,26.725,28.725,2020-06-17,2020-07-22,0.42105263157894735,0.5789473684210527,8,19,13,48,-0.011194379391100684,0,119.06095419467884
2020-06-05,25.325,27.175,2020-06-17,2020-07-22,0.3684210526315789,0.631578947368421,7,19,12,47,-0.05332452456231429,0,112.71208541831213
2020-06-08,26.025,27.925,2020-06-17,2020-07-22,0.3157894736842105,0.6842105263157895,6,19,9,44,0.027613608145021118,0,115.82447277826155
2020-06-09,27.625,29.575,2020-06-17,2020-07-22,0.2631578947368421,0.736842105263158,5,19,8,43,0.05980642365291078,0,122.7515202666133
2020-06-10,27.475,29.025,2020-06-17,2020-07-22,0.21052631578947367,0.7894736842105263,4,19,7,42,-0.015303119482048322,0,120.87303908537024
2020-06-11,40.625,39.675,2020-06-17,2020-07-22,0.15789473684210525,0.8421052631578947,3,19,6,41,0.38943652285543995,0,167.9454151337465
2020-06-12,35.075,34.825,2020-06-17,2020-07-22,0.10526315789473684,0.8947368421052632,2,19,5,40,-0.12455809958040087,0,147.02645339144553
2020-06-15,33.9,34.075,2020-06-17,2020-07-22,0.05263157894736842,0.9473684210526316,1,19,2,37,-0.02280363952127462,0,143.67371514821554
2020-06-16,33.1,33.625,2020-06-17,2020-07-22,0.0,1.0,0,19,1,36,-0.013750482811896392,0,141.6981321975487
2020-06-17,33.625,33.275,2020-07-22,2020-08-19,0.9583333333333334,0.04166666666666663,23,24,35,63,0.0,0,141.6981321975487
2020-06-18,33.575,33.375,2020-07-22,2020-08-19,0.9166666666666666,0.08333333333333337,22,24,34,62,-0.001301679786772314,0,141.51368660304374
2020-06-19,35.275,34.725,2020-07-22,2020-08-19,0.875,0.125,21,24,33,61,0.04978892475788421,0,148.5595008975335
2020-06-22,31.625,31.675,2020-07-22,2020-08-19,0.8333333333333334,0.16666666666666663,20,24,30,58,-0.1015444700869873,0,133.47410510250614
2020-06-23,31.925,31.925,2020-07-22,2020-08-19,0.7916666666666666,0.20833333333333337,19,24,29,57,0.009220231822971492,0,134.7047672939149
2020-06-24,33.575,33.475,2020-07-22,2020-08-19,0.75,0.25,18,24,28,56,0.05103106238580013,0,141.57889467735535
2020-06-25,32.175,32.325,2020-07-22,2020-08-19,0.7083333333333334,0.29166666666666663,17,24,27,55,-0.0398658718330851,0,135.93472860787807
2020-06-26,34.525,34.475,2020-07-22,2020-08-19,0.6666666666666666,0.33333333333333337,16,24,26,54,0.07112835434852904,0,145.60354215257033
2020-06-29,32.325,32.825,2020-07-22,2020-08-19,0.625,0.375,15,24,23,51,-0.058439990340497405,0,137.0944725556319
2020-06-30,30.875,31.825,2020-07-22,2020-08-19,0.5833333333333334,0.41666666666666663,14,24,22,50,-0.03940792003075755,0,131.69186454450067
2020-07-01,29.825,30.825,2020-07-22,2020-08-19,0.5416666666666666,0.45833333333333337,13,24,21,49,-0.032911392405063356,0,127.35770191392216
2020-07-02,29.075,30.075,2020-07-22,2020-08-19,0.5,0.5,12,24,20,48,-0.024766097963676348,0,124.20354859189328
2020-07-06,29.25,30.2,2020-07-22,2020-08-19,0.4583333333333333,0.5416666666666667,11,24,16,44,0.005071851225697532,0,124.83349051205506
2020-07-07,30.575,31.125,2020-07-22,2020-08-19,0.4166666666666667,0.5833333333333333,10,24,15,43,0.037236648701616915,0,129.48187134444908
2020-07-08,29.525,30.425,2020-07-22,2020-08-19,0.375,0.625,9,24,14,42,-0.027376938637896142,0,125.93705409793213
2020-07-09,30.225,31.225,2020-07-22,2020-08-19,0.3333333333333333,0.6666666666666667,8,24,13,41,0.025342750311591278,0,129.1286454149134
2020-07-10,28.775,30.325,2020-07-22,2020-08-19,0.2916666666666667,0.7083333333333333,7,24,12,40,-0.03506878877798769,0,124.60026022367012
2020-07-13,31.825,32.975,2020-07-22,2020-08-19,0.25,0.75,6,24,9,37,0.09261454773694133,0,136.14005697219054
2020-07-14,29.625,31.275,2020-07-22,2020-08-19,0.20833333333333334,0.7916666666666666,5,24,8,36,-0.055831739961759164,0,128.53912071294013
2020-07-15,28.325,30.375,2020-07-22,2020-08-19,0.16666666666666666,0.8333333333333334,4,24,7,35,-0.03179093419546031,0,124.4527419848127
2020-07-16,28.125,30.275,2020-07-22,2020-08-19,0.125,0.875,3,24,6,34,-0.0038845726970032635,0,123.9692962612313
2020-07-17,26.425,28.975,2020-07-22,2020-08-19,0.08333333333333333,0.9166666666666666,2,24,5,33,-0.04499062695271805,0,118.39183989955129
2020-07-20,24.725,27.525,2020-07-22,2020-08-19,0.041666666666666664,0.9583333333333334,1,24,2,30,-0.051137186730407236,0,112.33761427525144
2020-07-21,24.775,27.825,2020-07-22,2020-08-19,0.0,1.0,0,24,1,29,0.0105655214350866,0,113.5245197468431
2020-07-22,27.25,29.125,2020-08-19,2020-09-16,0.95,0.050000000000000044,19,20,28,56,-0.020664869721473522,0,111.17855033608173
2020-07-23,28.775,30.275,2020-08-19,2020-09-16,0.9,0.09999999999999998,18,20,27,55,0.05508571428571418,0,117.30290019459503
2020-07-24,28.725,30.525,2020-08-19,2020-09-16,0.85,0.15000000000000002,17,20,26,54,-0.0006914433880725879,0,117.22179187985374
2020-07-27,27.525,29.925,2020-08-19,2020-09-16,0.8,0.19999999999999996,16,20,23,51,-0.03828246249353351,0,112.73425302878844
2020-07-28,27.525,29.875,2020-08-19,2020-09-16,0.75,0.25,15,20,22,50,-0.00035707909301918583,0,112.69399798396473
2020-07-29,26.775,29.475,2020-08-19,2020-09-16,0.7,0.30000000000000004,14,20,21,49,-0.023566029346376194,0,110.03824792031416
2020-07-30,27.175,29.825,2020-08-19,2020-09-16,0.65,0.35,13,20,20,48,0.013956860612651889,0,111.5740364085984
2020-07-31,26.825,29.625,2020-08-19,2020-09-16,0.6,0.4,12,20,19,47,-0.010586246775197927,0,110.39288612547206
2020-08-03,26.775,29.375,2020-08-19,2020-09-16,0.55,0.44999999999999996,11,20,16,44,-0.004651994990159336,0,109.87933897226715
2020-08-04,25.875,28.425,2020-08-19,2020-09-16,0.5,0.5,10,20,15,43,-0.03301127214170685,0,106.25208221070278
2020-08-05,25.325,28.125,2020-08-19,2020-09-16,0.45,0.55,9,20,14,42,-0.015653775322283514,0,104.58883598825165
2020-08-06,24.875,27.875,2020-08-19,2020-09-16,0.4,0.6,8,20,13,41,-0.012655871952354514,0,103.26517307233851
2020-08-07,24.625,27.825,2020-08-19,2020-09-16,0.35,0.65,7,20,12,40,-0.004873477038425333,0,102.76191262250146
2020-08-10,23.775,27.125,2020-08-19,2020-09-16,0.3,0.7,6,20,9,37,-0.028178243774574008,0,99.86626239788315
2020-08-11,24.925,28.175,2020-08-19,2020-09-16,0.25,0.75,5,20,8,36,0.04134762633996947,0,103.99549529948015
2020-08-12,23.275,26.875,2020-08-19,2020-09-16,0.2,0.8,4,20,7,35,-0.05070808588396525,0,98.7220827922886
2020-08-13,23.225,26.825,2020-08-19,2020-09-16,0.15,0.85,3,20,6,34,-0.0019116803670427007,0,98.53335772482103
2020-08-14,23.275,26.975,2020-08-19,2020-09-16,0.1,0.9,2,20,5,33,0.005136009130682906,0,99.03942594977255
2020-08-17,21.775,25.825,2020-08-19,2020-09-16,0.05,0.95,1,20,2,30,-0.044540499906032927,0,94.62816040756316
2020-08-18,21.775,25.475,2020-08-19,2020-09-16,0.0,1.0,0,20,1,29,-0.012976875792760079,0,93.40018252345682
2020-08-19,26.225,29.375,2020-09-16,2020-10-21,0.9473684210526315,0.052631578947368474,18,19,28,63,0.02944062806673209,0,96.1499425584948
2020-08-20,25.875,29.225,2020-09-16,2020-10-21,0.8947368421052632,0.10526315789473684,17,19,27,62,-0.012863339482474867,0,94.91313320614442
2020-08-21,25.925,29.575,2020-09-16,2020-10-21,0.8421052631578947,0.1578947368421053,16,19,26,61,0.003110419906687145,0,95.20835290507488
2020-08-24,25.825,29.575,2020-09-16,2020-10-21,0.7894736842105263,0.21052631578947367,15,19,23,58,-0.0031775979345615157,0,94.9058190395307
2020-08-25,25.475,29.475,2020-09-16,2020-10-21,0.7368421052631579,0.26315789473684215,14,19,22,57,-0.011173184357541777,0,93.84541882679852
2020-08-26,26.075,30.375,2020-09-16,2020-10-21,0.6842105263157895,0.3157894736842105,13,19,21,56,0.025593968553146995,0,96.24729552510851
2020-08-27,27.025,31.325,2020-09-16,2020-10-21,0.631578947368421,0.368421052631579,12,19,20,55,0.034629958271379824,0,99.58033535287618
2020-08-28,26.95,31.675,2020-09-16,2020-10-21,0.5789473684210527,0.42105263157894735,11,19,19,54,0.0028514924343465697,0,99.8642879257446
2020-08-31,27.875,33.225,2020-09-16,2020-10-21,0.5263157894736842,0.4736842105263158,10,19,16,51,0.041056651814131095,0,103.96438122377803
2020-09-01,28.325,33.525,2020-09-16,2020-10-21,0.47368421052631576,0.5263157894736843,9,19,15,50,0.01246159837306915,0,105.25994358769341
2020-09-02,28.875,35.325,2020-09-16,2020-10-21,0.42105263157894735,0.5789473684210527,8,19,14,49,0.03888677087304626,0,109.35316289609781
2020-09-03,33.875,39.025,2020-09-16,2020-10-21,0.3684210526315789,0.631578947368421,7,19,13,48,0.13025057499092108,0,123.59647524039042
2020-09-04,29.65,36.175,2020-09-16,2020-10-21,0.3157894736842105,0.6842105263157895,6,19,12,47,-0.09040649253995836,0,112.42255142360492
2020-09-08,30.225,34.625,2020-09-16,2020-10-21,0.2631578947368421,0.736842105263158,5,19,8,43,-0.025764646893200127,0,109.52602408334309
2020-09-09,28.375,33.225,2020-09-16,2020-10-21,0.21052631578947367,0.7894736842105263,4,19,7,42,-0.04537055238844123,0,104.55676786977209
2020-09-10,28.775,32.675,2020-09-16,2020-10-21,0.15789473684210525,0.8421052631578947,3,19,6,41,-0.010868232890704932,0,103.42042056626403
2020-09-11,26.325,31.875,2020-09-16,2020-10-21,0.10526315789473684,0.8947368421052632,2,19,5,40,-0.03308023804637805,0,99.99924843507549
2020-09-14,25.725,31.375,2020-09-16,2020-10-21,0.05263157894736842,0.9473684210526316,1,19,2,37,-0.016315546024136873,0,98.36770609485393
2020-09-15,25.375,30.425,2020-09-16,2020-10-21,0.0,1.0,0,19,1,36,-0.029552478936449522,0,95.4606965324589
2020-09-16,30.525,30.775,2020-10-21,2020-11-18,0.96,0.040000000000000036,24,25,35,63,0.0032867707477401975,0,95.77445395738069
2020-09-17,29.825,30.575,2020-10-21,2020-11-18,0.92,0.07999999999999996,23,25,34,62,-0.022269526772556114,0,93.64160219084985
2020-09-18,30.075,30.675,2020-10-21,2020-11-18,0.88,0.12,22,25,33,61,0.007963861468964328,0,94.38735093842966
2020-09-21,31.225,31.675,2020-10-21,2020-11-18,0.84,0.16000000000000003,21,25,30,58,0.03754934155969081,0,97.93153381773116
2020-09-22,31.375,32.175,2020-10-21,2020-11-18,0.8,0.19999999999999996,20,25,29,57,0.006582100520816647,0,98.57612901747721
2020-09-23,32.475,33.325,2020-10-21,2020-11-18,0.76,0.24,19,25,28,56,0.035198985254479176,0,102.04590872920703
2020-09-24,32.225,33.675,2020-10-21,2020-11-18,0.72,0.28,18,25,27,55,-0.0032436733070168033,0,101.71490513897184
2020-09-25,31.225,32.925,2020-10-21,2020-11-18,0.68,0.31999999999999995,17,25,26,54,-0.028500505654132535,0,98.81597890994901
2020-09-28,30.825,32.975,2020-10-21,2020-11-18,0.64,0.36,16,25,23,51,-0.00805816991406716,0,98.01970296166778
2020-09-29,29.775,32.075,2020-10-21,2020-11-18,0.6,0.4,15,25,22,50,-0.03151998480964591,0,94.93012341327001
2020-09-30,30.375,32.875,2020-10-21,2020-11-18,0.56,0.43999999999999995,14,25,21,49,0.02215344518651241,0,97.03315269885474
2020-10-01,30.675,32.475,2020-10-21,2020-11-18,0.52,0.48,13,25,20,48,-0.0002541699761716698,0,97.00848978474541
2020-10-02,32.075,33.175,2020-10-21,2020-11-18,0.48,0.52,12,25,19,47,0.03373600938520571,0,100.2811691065682
2020-10-05,30.825,32.225,2020-10-21,2020-11-18,0.44,0.56,11,25,16,44,-0.03350997028823466,0,96.92075010933767
2020-10-06,31.225,32.225,2020-10-21,2020-11-18,0.4,0.6,10,25,15,43,0.0055680344205764065,0,97.46040818201453
2020-10-07,30.025,31.725,2020-10-21,2020-11-18,0.36,0.64,9,25,14,42,-0.02450903377847602,0,95.07174774581749
2020-10-08,28.125,30.425,2020-10-21,2020-11-18,0.32,0.6799999999999999,8,25,13,41,-0.04872561308777679,0,90.43931854957607
2020-10-09,26.875,29.025,2020-10-21,2020-11-18,0.28,0.72,7,25,12,40,-0.04553875172622868,0,86.32082487585762
2020-10-12,26.325,28.575,2020-10-21,2020-11-18,0.24,0.76,6,25,9,37,-0.016817366217499963,0,84.86913595172365
2020-10-13,26.775,28.575,2020-10-21,2020-11-18,0.2,0.8,5,25,8,36,0.003852327447833037,0,85.19607965362435
2020-10-14,27.075,28.2,2020-10-21,2020-11-18,0.16,0.84,4,25,7,35,-0.008506113769271573,0,84.47139210739469
2020-10-15,27.575,28.875,2020-10-21,2020-11-18,0.12,0.88,3,25,6,34,0.02309064953604567,0,86.42189141836843
2020-10-16,27.875,29.025,2020-10-21,2020-11-18,0.08,0.92,2,25,5,33,0.0058497858560533356,0,86.92744097644098
2020-10-19,29.175,30.225,2020-10-21,2020-11-18,0.04,0.96,1,25,2,30,0.04175163308333052,0,90.55680359696221
2020-10-20,29.275,29.975,2020-10-21,2020-11-18,0.0,1.0,0,25,1,29,-0.007818970943908932,0,89.8487425808643
2020-10-21,29.225,28.825,2020-11-18,2020-12-16,0.95,0.050000000000000044,19,20,28,56,-0.025020850708924125,0,87.60065060636393
2020-10-22,28.825,28.525,2020-11-18,2020-12-16,0.9,0.09999999999999998,18,20,27,55,-0.013525081321691612,0,86.41584468307975
2020-10-23,28.775,28.625,2020-11-18,2020-12-16,0.85,0.15000000000000002,17,20,26,54,-0.0012154888001387754,0,86.31080719171294
2020-10-26,31.325,30.375,2020-11-18,2020-12-16,0.8,0.19999999999999996,16,20,23,51,0.08451439005303896,0,93.605312416506
2020-10-27,31.325,30.925,2020-11-18,2020-12-16,0.75,0.25,15,20,22,50,0.003533001445318762,0,93.93602012056304
2020-10-28,36.0,34.725,2020-11-18,2020-12-16,0.7,0.30000000000000004,14,20,21,49,0.14271417133706965,0,107.34202139077149
2020-10-29,33.125,32.575,2020-11-18,2020-12-16,0.65,0.35,13,20,20,48,-0.07461219905945105,0,99.3329971233194
2020-10-30,34.1,34.075,2020-11-18,2020-12-16,0.6,0.4,12,20,19,47,0.03518560692325212,0,102.82808891460904
2020-11-02,33.375,33.175,2020-11-18,2020-12-16,0.55,0.44999999999999996,11,20,16,44,-0.023320621883250237,0,100.43007393405422
2020-11-03,31.425,31.575,2020-11-18,2020-12-16,0.5,0.5,10,20,15,43,-0.05385308697611524,0,95.02160442746592
2020-11-04,28.375,29.175,2020-11-18,2020-12-16,0.45,0.55,9,20,14,42,-0.08650793650793653,0,86.80148150477244
2020-11-05,27.775,28.775,2020-11-18,2020-12-16,0.4,0.6,8,20,13,41,-0.017005032101336193,0,85.32541952534024
2020-11-06,25.475,27.175,2020-11-18,2020-12-16,0.35,0.65,7,20,12,40,-0.06625550660792934,0,79.67214062815472
2020-11-09,25.575,26.275,2020-11-18,2020-12-16,0.3,0.7,6,20,9,37,-0.020692249811888552,0,78.02354479122903
2020-11-10,24.675,25.425,2020-11-18,2020-12-16,0.25,0.75,5,20,8,36,-0.033186265106464496,0,75.4342347492412
2020-11-11,23.825,24.975,2020-11-18,2020-12-16,0.2,0.8,4,20,7,35,-0.021792966815255,0,73.79029897461683
2020-11-12,25.875,26.575,2020-11-18,2020-12-16,0.15,0.85,3,20,6,34,0.06829662558092542,0,78.82992739519078
2020-11-13,23.325,25.075,2020-11-18,2020-12-16,0.1,0.9,2,20,5,33,-0.06261805817907062,0,73.89375041530681
2020-11-16,22.925,24.525,2020-11-18,2020-12-16,0.05,0.95,1,20,2,30,-0.02148594377510038,0,72.30607344855223
2020-11-17,22.975,24.025,2020-11-18,2020-12-16,0.0,1.0,0,20,1,29,-0.019329106156678266,0,70.90846167909258
2020-11-18,24.875,26.175,2020-12-16,2021-01-20,0.9473684210526315,0.052631578947368474,18,19,28,63,0.03537981269510926,0,73.41718977179721
2020-11-19,24.475,25.925,2020-12-16,2021-01-20,0.8947368421052632,0.10526315789473684,17,19,27,62,-0.015719786886110643,0,72.26308719480743
2020-11-20,24.375,25.825,2020-12-16,2021-01-20,0.8421052631578947,0.1578947368421053,16,19,26,61,-0.004060479777742043,0,71.9696643905757
2020-11-23,24.1,25.725,2020-12-16,2021-01-20,0.7894736842105263,0.21052631578947367,15,19,23,58,-0.010054013583613908,0,71.2460804071847
2020-11-24,23.6,25.625,2020-12-16,2021-01-20,0.7368421052631579,0.26315789473684215,14,19,22,57,-0.017011197243755327,0,70.03409928053365
2020-11-25,22.625,24.825,2020-12-16,2021-01-20,0.6842105263157895,0.3157894736842105,13,19,21,56,-0.038492993838940115,0,67.33827712841234
2020-11-27,22.825,25.025,2020-12-16,2021-01-20,0.631578947368421,0.368421052631579,12,19,19,54,0.00857642611296039,0,67.91579888677822
2020-11-30,22.375,24.575,2020-12-16,2021-01-20,0.5789473684210527,0.42105263157894735,11,19,16,51,-0.01903913600178131,0,66.62274075510321
2020-12-01,22.825,24.425,2020-12-16,2021-01-20,0.5263157894736842,0.4736842105263158,10,19,15,50,0.008470269354565518,0,67.18705331443832
2020-12-02,22.675,24.325,2020-12-16,2021-01-20,0.47368421052631576,0.5263157894736843,9,19,14,49,-0.005356246164146761,0,66.82718291784253
2020-12-03,22.975,24.475,2020-12-16,2021-01-20,0.42105263157894735,0.5789473684210527,8,19,13,48,0.009389146593639985,0,67.45463313469816
2020-12-04,22.475,24.225,2020-12-16,2021-01-20,0.3684210526315789,0.631578947368421,7,19,12,47,-0.014899839964681805,0,66.44956989611484
2020-12-07,22.475,24.325,2020-12-16,2021-01-20,0.3157894736842105,0.6842105263157895,6,19,9,44,0.002678421963060007,0,66.62754988356048
2020-12-08,21.375,23.625,2020-12-16,2021-01-20,0.2631578947368421,0.736842105263158,5,19,8,43,-0.03480574183894025,0,64.30852858295215
2020-12-09,22.525,24.375,2020-12-16,2021-01-20,0.21052631578947367,0.7894736842105263,4,19,7,42,0.03713224792916314,0,66.69644881025401
2020-12-10,22.525,24.675,2020-12-16,2021-01-20,0.15789473684210525,0.8421052631578947,3,19,6,41,0.009874375994294748,0,67.35503462329069
2020-12-11,23.625,25.575,2020-12-16,2021-01-20,0.10526315789473684,0.8947368421052632,2,19,5,40,0.038280616382806,0,69.9334268651555
2020-12-14,24.275,26.125,2020-12-16,2021-01-20,0.05263157894736842,0.9473684210526316,1,19,2,37,0.022094289715263837,0,71.47855625909546
2020-12-15,22.875,24.975,2020-12-16,2021-01-20,0.0,1.0,0,19,1,36,-0.04468934836459226,0,68.28422615783464
2020-12-16,24.1,25.575,2021-01-20,2021-02-17,0.9545454545454546,0.045454545454545414,21,22,35,63,-0.03503503503503502,0,65.89188590205464
2020-12-17,23.825,25.425,2021-01-20,2021-02-17,0.9090909090909091,0.09090909090909094,20,22,34,62,-0.011144025955706072,0,65.15758501529172
2020-12-18,24.175,25.725,2021-01-20,2021-02-17,0.8636363636363636,0.13636363636363635,19,22,33,61,0.014411681046743174,0,66.09661534830815
2020-12-21,26.325,27.125,2021-01-20,2021-02-17,0.8181818181818182,0.18181818181818177,18,22,30,58,0.08397017707362542,0,71.6467598430729
2020-12-22,25.775,26.925,2021-01-20,2021-02-17,0.7727272727272727,0.2272727272727273,17,22,29,57,-0.018373830170859362,0,70.33033444542393
2020-12-23,24.625,26.175,2021-01-20,2021-02-17,0.7272727272727273,0.2727272727272727,16,22,28,56,-0.04067737430167595,0,67.46948110642536
2020-12-24,23.825,25.625,2021-01-20,2021-02-17,0.6818181818181818,0.31818181818181823,15,22,27,55,-0.029216949460121544,0,65.4982286868383
2020-12-28,23.675,25.575,2021-01-20,2021-02-17,0.6363636363636364,0.36363636363636365,14,22,23,51,-0.004843968327899351,0,65.18095734154575
2020-12-29,24.625,26.425,2021-01-20,2021-02-17,0.5909090909090909,0.40909090909090906,13,22,22,50,0.03749650219195977,0,67.62501525137706
2020-12-30,23.675,25.625,2021-01-20,2021-02-17,0.5454545454545454,0.4545454545454546,12,22,21,49,-0.03503898198763333,0,65.25550356007062
2020-12-31,23.675,25.575,2021-01-20,2021-02-17,0.5,0.5,11,22,20,48,-0.0009253261774775368,0,65.19512093440203
2021-01-04,26.275,27.125,2021-01-20,2021-02-17,0.45454545454545453,0.5454545454545454,10,22,16,44,0.08426395939086295,0,70.68871995730088
2021-01-05,25.325,26.425,2021-01-20,2021-02-17,0.4090909090909091,0.5909090909090908,9,22,15,43,-0.030429239269018193,0,68.53771598409953
2021-01-06,25.125,26.275,2021-01-20,2021-02-17,0.36363636363636365,0.6363636363636364,8,22,14,42,-0.006562253915478267,0,68.08795408902495
2021-01-07,23.225,24.975,2021-01-20,2021-02-17,0.3181818181818182,0.6818181818181819,7,22,13,41,-0.05871495121736825,0,64.09017318619743
2021-01-08,22.775,24.825,2021-01-20,2021-02-17,0.2727272727272727,0.7272727272727273,6,22,12,40,-0.010052122114668771,0,63.445930938979515
2021-01-11,24.475,26.175,2021-01-20,2021-02-17,0.22727272727272727,0.7727272727272727,5,22,9,37,0.05956729418375972,0,67.2252333719842
2021-01-12,23.325,25.425,2021-01-20,2021-02-17,0.18181818181818182,0.8181818181818181,4,22,8,36,-0.032607737728033825,0,65.03317059348468
2021-01-13,22.675,25.075,2021-01-20,2021-02-17,0.13636363636363635,0.8636363636363636,3,22,7,35,-0.016153915963336263,0,63.98263022088822
2021-01-14,23.175,25.325,2021-01-20,2021-02-17,0.09090909090909091,0.9090909090909091,2,22,6,34,0.011479474699237713,0,64.7171172056996
2021-01-15,23.775,25.975,2021-01-20,2021-02-17,0.045454545454545456,0.9545454545454546,1,22,5,33,0.025685086370625054,0,66.37938195078584
2021-01-19,23.225,25.225,2021-01-20,2021-02-17,0.0,1.0,0,22,1,29,-0.02863416776460259,0,64.4786635918964
2021-01-20,24.775,26.275,2021-02-17,2021-03-17,0.9473684210526315,0.052631578947368474,18,19,28,56,-0.01783944499504475,0,63.328400019394785
2021-01-21,24.525,26.225,2021-02-17,2021-03-17,0.8947368421052632,0.10526315789473684,17,19,27,55,-0.009635237439779787,0,62.71821584852656
2021-01-22,24.875,26.525,2021-02-17,2021-03-17,0.8421052631578947,0.1578947368421053,16,19,26,54,0.013954727030625724,0,63.59343143054061
2021-01-25,25.9535,27.4004,2021-02-17,2021-03-17,0.7894736842105263,0.21052631578947367,15,19,23,51,0.04163157619222102,0,66.24092621646595
2021-01-26,25.4095,27.2267,2021-02-17,2021-03-17,0.7368421052631579,0.26315789473684215,14,19,22,50,-0.017748501164853048,0,65.06524906035206
2021-01-27,31.5342,31.2313,2021-02-17,2021-03-17,0.6842105263157895,0.3157894736842105,13,19,21,49,0.21503558384236365,0,79.05659287989367
2021-01-28,30.3946,30.7199,2021-02-17,2021-03-17,0.631578947368421,0.368421052631579,12,19,20,48,-0.029938439635954883,0,76.68976184613473
2021-01-29,32.3859,32.4205,2021-02-17,2021-03-17,0.5789473684210527,0.42105263157894735,11,19,19,47,0.06174780022232773,0,81.42518593970775
2021-02-01,30.3302,31.0263,2021-02-17,2021-03-17,0.5263157894736842,0.4736842105263158,10,19,16,44,-0.054850246641983236,0,76.95899440804543
2021-02-02,27.5781,28.7376,2021-02-17,2021-03-17,0.47368421052631576,0.5263157894736843,9,19,15,43,-0.0826027524008277,0,70.60196964794098
2021-02-03,25.7794,27.6514,2021-02-17,2021-03-17,0.42105263157894735,0.5789473684210527,8,19,14,42,-0.0505066573757853,0,67.03610015687683
2021-02-04,24.2274,26.7436,2021-02-17,2021-03-17,0.3684210526315789,0.631578947368421,7,19,13,41,-0.04389062238563202,0,64.09384399868594
2021-02-05,24.0993,26.65,2021-02-17,2021-03-17,0.3157894736842105,0.6842105263157895,6,19,12,40,-0.004117916883275674,0,63.82991087636971
2021-02-08,23.8379,26.5484,2021-02-17,2021-03-17,0.2631578947368421,0.736842105263158,5,19,9,37,-0.005883768886731144,0,63.45435043271251
2021-02-09,23.7021,26.6863,2021-02-17,2021-03-17,0.21052631578947367,0.7894736842105263,4,19,8,36,0.0025497736556392425,0,63.61614466378154
2021-02-10,23.7413,27.2855,2021-02-17,2021-03-17,0.15789473684210525,0.8421052631578947,3,19,7,35,0.018470503808400096,0,64.79116690606965
2021-02-11,22.71,26.692,2021-02-17,2021-03-17,0.10526315789473684,0.8947368421052632,2,19,6,34,-0.024793424235400208,0,63.18477201826084
2021-02-12,21.3594,25.8785,2021-02-17,2021-03-17,0.05263157894736842,0.9473684210526316,1,19,5,33,-0.03311544440526937,0,61.0923802132305
2021-02-16,21.2418,26.1251,2021-02-17,2021-03-17,0.0,1.0,0,19,1,29,0.00886996061353229,0,61.6342672195088
2021-02-17,25.6,28.5503,2021-03-17,2021-04-21,0.95,0.050000000000000044,19,20,28,63,-0.02009944459542734,0,60.395452680350516
2021-02-18,25.8017,28.65,2021-03-17,2021-04-21,0.9,0.09999999999999998,18,20,27,62,0.00763568833730166,0,60.85661353400793
2021-02-19,24.7988,27.8902,2021-03-17,2021-04-21,0.85,0.15000000000000002,17,20,26,61,-0.03751323000797713,0,58.57368539300011
2021-02-22,25.9031,28.6508,2021-03-17,2021-04-21,0.8,0.19999999999999996,16,20,23,58,0.0416722249689363,0,61.01458118795691
2021-02-23,24.748,27.8272,2021-03-17,2021-04-21,0.75,0.25,15,20,22,57,-0.04116035299312282,0,58.503199488533056
2021-02-24,23.7595,26.7495,2021-03-17,2021-04-21,0.7,0.30000000000000004,14,20,21,56,-0.03961156526032816,0,56.18579618405503
2021-02-25,28.215,29.6522,2021-03-17,2021-04-21,0.65,0.35,13,20,20,55,0.1618096647942735,0,65.27720103079633
2021-02-26,26.7444,28.2329,2021-03-17,2021-04-21,0.6,0.4,12,20,19,54,-0.05058304855279028,0,61.97528120166531
2021-03-01,24.6158,26.9033,2021-03-17,2021-04-21,0.55,0.44999999999999996,11,20,16,51,-0.06616727262086775,0,57.874545874639786
2021-03-02,24.765,27.0329,2021-03-17,2021-04-21,0.5,0.5,10,20,15,50,0.005473934180601159,0,58.19134732948974
2021-03-03,26.1275,27.9008,2021-03-17,2021-04-21,0.45,0.55,9,20,14,49,0.043059660719836135,0,60.69704700232771
2021-03-04,27.521,28.9361,2021-03-17,2021-04-21,0.4,0.6,8,20,13,48,0.04414633682884972,0,63.37659928380899
2021-03-05,25.0507,27.2112,2021-03-17,2021-04-21,0.35,0.65,7,20,12,47,-0.07130968351846989,0,58.8572340464037
2021-03-08,25.3667,27.6657,2021-03-17,2021-04-21,0.3,0.7,6,20,9,44,0.015347745844126237,0,59.76055991563615
2021-03-09,23.9726,26.7188,2021-03-17,2021-04-21,0.25,0.75,5,20,8,43,-0.040074881376037985,0,57.36566256605143
2021-03-10,23.5048,26.4616,2021-03-17,2021-04-21,0.2,0.8,4,20,7,42,-0.011902543959895984,0,56.68286524557044
2021-03-11,22.8882,25.8013,2021-03-17,2021-04-21,0.15,0.85,3,20,6,41,-0.025185695996635338,0,55.25526783327725
2021-03-12,21.9778,25.4109,2021-03-17,2021-04-21,0.1,0.9,2,20,5,40,-0.01846687484611753,0,54.23487571761142
2021-03-15,20.1006,23.9781,2021-03-17,2021-04-21,0.05,0.95,1,20,2,37,-0.05893027610552115,0,51.03879951702395
2021-03-16,19.9204,24.047,2021-03-17,2021-04-21,0.0,1.0,0,20,1,36,0.0023732116560450933,0,51.1599253909483
2021-03-17,23.0025,25.0195,2021-04-21,2021-05-19,0.9583333333333334,0.04166666666666663,23,24,35,63,-0.04343577161392276,0,48.937754555881746
2021-03-18,24.3001,25.8014,2021-04-21,2021-05-19,0.9166666666666666,0.08333333333333337,22,24,34,62,0.055275169335669894,0,51.64279722586556
2021-03-19,23.315,25.2669,2021-04-21,2021-05-19,0.875,0.125,21,24,33,61,-0.038793937274502976,0,49.63936978960545
2021-03-22,21.731,23.9449,2021-04-21,2021-05-19,0.8333333333333334,0.16666666666666663,20,24,30,58,-0.06584535944085035,0,46.3708476433916
2021-03-23,22.833,24.7467,2021-04-21,2021-05-19,0.7916666666666666,0.20833333333333337,19,24,29,57,0.047600337556815475,0,48.5781156440127
2021-03-24,22.9775,24.7612,2021-04-21,2021-05-19,0.75,0.25,18,24,28,56,0.005054160041825018,0,48.82363721500782
2021-03-25,22.3056,24.2012,2021-04-21,2021-05-19,0.7083333333333334,0.29166666666666663,17,24,27,55,-0.027490642380437635,0,47.48144406461782
2021-03-26,21.3859,23.3135,2021-04-21,2021-05-19,0.6666666666666666,0.33333333333333337,16,24,26,54,-0.0398262060256257,0,45.59043829090613
2021-03-29,22.0032,23.6502,2021-04-21,2021-05-19,0.625,0.375,15,24,23,51,0.02377684598541574,0,46.6744351205566
2021-03-30,21.0321,22.8076,2021-04-21,2021-05-19,0.5833333333333334,0.41666666666666663,14,24,22,50,-0.04079924140697777,0,44.77015357453869
2021-03-31,20.734,22.6758,2021-04-21,2021-05-19,0.5416666666666666,0.45833333333333337,13,24,21,49,-0.010509345574396978,0,44.29964855920504
2021-04-01,20.0824,22.0336,2021-04-21,2021-05-19,0.5,0.5,12,24,20,48,-0.029933958384957493,0,42.97358472276555
2021-04-05,19.5423,21.4914,2021-04-21,2021-05-19,0.4583333333333333,0.5416666666666667,11,24,16,44,-0.025698071991642202,0,41.86924644882099
2021-04-06,19.561,21.4864,2021-04-21,2021-05-19,0.4166666666666667,0.5833333333333333,10,24,15,43,0.0002846141475685293,0,41.88116302870836
2021-04-07,18.986,21.0655,2021-04-21,2021-05-19,0.375,0.625,9,24,14,42,-0.023453143268315713,0,40.898918111952376
2021-04-08,18.4887,20.805,2021-04-21,2021-05-19,0.3333333333333333,0.6666666666666667,8,24,13,41,-0.017219036820911304,0,40.19467813504723
2021-04-09,18.1505,20.8262,2021-04-21,2021-05-19,0.2916666666666667,0.7083333333333333,7,24,12,40,-0.004921903468793842,0,39.996843809307286
2021-04-12,18.0039,20.5653,2021-04-21,2021-05-19,0.25,0.75,6,24,9,37,-0.01135213570432203,0,39.54279421063946
2021-04-13,17.6781,20.4734,2021-04-21,2021-05-19,0.20833333333333334,0.7916666666666666,5,24,8,36,-0.007547070381606957,0,39.24436195964636
2021-04-14,18.0989,20.9333,2021-04-21,2021-05-19,0.16666666666666666,0.8333333333333334,4,24,7,35,0.02271143359941452,0,40.13565768044426
2021-04-15,17.1523,20.2942,2021-04-21,2021-05-19,0.125,0.875,3,24,6,34,-0.03373996256274159,0,38.78148209287506
2021-04-16,17.0019,19.955,2021-04-21,2021-05-19,0.08333333333333333,0.9166666666666666,2,24,5,33,-0.015858131029315103,0,38.166480268335214
2021-04-19,17.657,20.7006,2021-04-21,2021-05-19,0.041666666666666664,0.9583333333333334,1,24,2,30,0.03744795606386142,0,39.595736944536064
2021-04-20,18.6526,21.0528,2021-04-21,2021-05-19,0.0,1.0,0,24,1,29,0.018421907492301992,0,40.32516594761783
2021-04-21,19.9955,21.82,2021-05-19,2021-06-16,0.95,0.050000000000000044,19,20,28,56,-0.0502213482292142,0,38.29998174616167
2021-04-22,21.1658,22.8048,2021-05-19,2021-06-16,0.9,0.09999999999999998,18,20,27,55,0.057800612095799675,0,40.51374413434777
2021-04-23,20.4318,22.191,2021-05-19,2021-06-16,0.85,0.15000000000000002,17,20,26,54,-0.03384857733582758,0,39.142411532852364
2021-04-26,20.2051,22.1001,2021-05-19,2021-06-16,0.8,0.19999999999999996,16,20,23,51,-0.00996971348609943,0,38.75217290471483
2021-04-27,19.7093,21.6953,2021-05-19,2021-06-16,0.75,0.25,15,20,22,50,-0.023202374648393587,0,37.85303047054031
2021-04-28,19.6632,21.7018,2021-05-19,2021-06-16,0.7,0.30000000000000004,14,20,21,49,-0.001630719892308341,0,37.79130278076785
2021-04-29,19.5684,21.598,2021-05-19,2021-06-16,0.65,0.35,13,20,20,48,-0.004808930109229337,0,37.60956704695841
2021-04-30,20.438,22.2391,2021-05-19,2021-06-16,0.6,0.4,12,20,19,47,0.038938524840769206,0,39.074028107666976
2021-05-03,19.7324,21.5522,2021-05-19,2021-06-16,0.55,0.44999999999999996,11,20,16,44,-0.032994871077452026,0,37.78478558777777
2021-05-04,20.5493,22.2357,2021-05-19,2021-06-16,0.5,0.5,10,20,15,43,0.036828309241600854,0,39.17633535603203
2021-05-05,19.9784,21.6758,2021-05-19,2021-06-16,0.45,0.55,9,20,14,42,-0.02642982353628598,0,38.14091172577374
2021-05-06,19.6892,21.6227,2021-05-19,2021-06-16,0.4,0.6,8,20,13,41,-0.0076197986129474815,0,37.85028565950914
2021-05-07,18.2917,20.5424,2021-05-19,2021-06-16,0.35,0.65,7,20,12,40,-0.05790026523672265,0,35.658744080537836
2021-05-10,19.4819,21.3487,2021-05-19,2021-06-16,0.3,0.7,6,20,9,37,0.04761738435826901,0,37.356720203153955
2021-05-11,21.2388,22.8487,2021-05-19,2021-06-16,0.25,0.75,5,20,8,36,0.07586203247347356,0,40.190676924308086
2021-05-12,25.9725,26.4334,2021-05-19,2021-06-16,0.2,0.8,4,20,7,35,0.1724989391311902,0,47.12352605671563
2021-05-13,22.6932,24.0809,2021-05-19,2021-06-16,0.15,0.85,3,20,6,34,-0.09634557548966982,0,42.58338281967892
2021-05-14,19.1312,21.3668,2021-05-19,2021-06-16,0.1,0.9,2,20,5,33,-0.119017942846539,0,37.51519619703408
2021-05-17,19.9063,22.1144,2021-05-19,2021-06-16,0.05,0.95,1,20,2,30,0.03548888439047171,0,38.846568657756485
2021-05-18,21.1438,22.3794,2021-05-19,2021-06-16,0.0,1.0,0,20,1,29,0.014253093585960164,0,39.40025243632892
2021-05-19,23.3861,24.3801,2021-06-16,2021-07-21,0.9473684210526315,0.052631578947368474,18,19,28,63,0.0449833328864937,0,41.17260710748419
2021-05-20,22.1031,23.6346,2021-06-16,2021-07-21,0.8947368421052632,0.10526315789473684,17,19,27,62,-0.05353222408825442,0,38.96854587750869
2021-05-21,21.8453,23.28,2021-06-16,2021-07-21,0.8421052631578947,0.1578947368421053,16,19,26,61,-0.012036729067691154,0,38.499492048619224
2021-05-24,20.7569,22.4758,2021-06-16,2021-07-21,0.7894736842105263,0.21052631578947367,15,19,23,58,-0.04727864618108146,0,36.6792881859012
2021-05-25,20.7012,22.6499,2021-06-16,2021-07-21,0.7368421052631579,0.26315789473684215,14,19,22,57,-0.00034666087818613356,0,36.66657291164743
2021-05-26,19.6232,21.6727,2021-06-16,2021-07-21,0.6842105263157895,0.3157894736842105,13,19,21,56,-0.049565046742930496,0,34.84919251137856
2021-05-27,18.5669,20.6488,2021-06-16,2021-07-21,0.631578947368421,0.368421052631579,12,19,20,55,-0.05160568503013718,0,33.05077605908174
2021-05-28,19.1343,20.8509,2021-06-16,2021-07-21,0.5789473684210527,0.42105263157894735,11,19,19,54,0.022386349158990848,0,33.790662271915956
2021-06-01,19.5551,21.3709,2021-06-16,2021-07-21,0.5263157894736842,0.4736842105263158,10,19,15,50,0.02329488754507536,0,34.57781194961386
2021-06-02,18.9248,21.0457,2021-06-16,2021-07-21,0.47368421052631576,0.5263157894736843,9,19,14,49,-0.02379494551406569,0,33.75503479827719
2021-06-03,19.2865,21.3869,2021-06-16,2021-07-21,0.42105263157894735,0.5789473684210527,8,19,13,48,0.017509576390789094,0,34.34607115865136
2021-06-04,18.1246,20.3389,2021-06-16,2021-07-21,0.3684210526315789,0.631578947368421,7,19,12,47,-0.053454786946611654,0,32.5101092424125
2021-06-07,17.6359,20.0021,2021-06-16,2021-07-21,0.3157894736842105,0.6842105263157895,6,19,9,44,-0.0201178630448674,0,31.85607531709996
2021-06-08,17.9012,20.2319,2021-06-16,2021-07-21,0.2631578947368421,0.736842105263158,5,19,8,43,0.012516854921527765,0,32.25481319021336
2021-06-09,18.3797,20.4981,2021-06-16,2021-07-21,0.21052631578947367,0.7894736842105263,4,19,7,42,0.016416518623880716,0,32.784324931660294
2021-06-10,16.9031,19.443,2021-06-16,2021-07-21,0.15789473684210525,0.8421052631578947,3,19,6,41,-0.05704318456401658,0,30.914202633776902
2021-06-11,16.5505,18.8501,2021-06-16,2021-07-21,0.10526315789473684,0.8947368421052632,2,19,5,40,-0.029143943307481823,0,30.013240864822105
2021-06-14,16.4514,19.0759,2021-06-16,2021-07-21,0.05263157894736842,0.9473684210526316,1,19,2,37,0.010296626217251248,0,30.322275987575512
2021-06-15,17.1014,19.5645,2021-06-16,2021-07-21,0.0,1.0,0,19,1,36,0.02624885497540963,0,31.118201012497725
2021-06-16,19.623,21.0498,2021-07-21,2021-08-18,0.9583333333333334,0.04166666666666663,23,24,35,63,0.0029901096373534664,0,31.2112478452423
2021-06-17,19.5146,20.9062,2021-07-21,2021-08-18,0.9166666666666666,0.08333333333333337,22,24,34,62,-0.005581960917805717,0,31.03702787957421
2021-06-18,21.339,22.2601,2021-07-21,2021-08-18,0.875,0.125,21,24,33,61,0.09093938534632207,0,33.85951611791935
2021-06-21,19.9159,21.1897,2021-07-21,2021-08-18,0.8333333333333334,0.16666666666666663,20,24,30,58,-0.06427722857653906,0,31.683120260916837
2021-06-22,18.8265,20.5299,2021-07-21,2021-08-18,0.7916666666666666,0.20833333333333337,19,24,29,57,-0.0505658727556364,0,30.08103563330179
2021-06-23,18.4413,20.1918,2021-07-21,2021-08-18,0.75,0.25,18,24,28,56,-0.01957041661507597,0,29.492337233745133
2021-06-24,18.167,19.853,2021-07-21,2021-08-18,0.7083333333333334,0.29166666666666663,17,24,27,55,-0.01538355600226149,0,29.038640212272234
2021-06-25,17.7017,19.6252,2021-07-21,2021-08-18,0.6666666666666666,0.33333333333333337,16,24,26,54,-0.02122484982470252,0,28.422299434653187
2021-06-28,17.7213,19.516,2021-07-21,2021-08-18,0.625,0.375,15,24,23,51,-0.0012720657985120232,0,28.386144399627295
2021-06-29,18.1278,19.953,2021-07-21,2021-08-18,0.5833333333333334,0.41666666666666663,14,24,22,50,0.02272101770588053,0,29.03110648913291
2021-06-30,17.9033,19.7487,2021-07-21,2021-08-18,0.5416666666666666,0.45833333333333337,13,24,21,49,-0.01144006254312635,0,28.69898881520107
2021-07-01,17.4735,19.5447,2021-07-21,2021-08-18,0.5,0.5,12,24,20,48,-0.017403938765087723,0,28.19951337124137
2021-07-02,17.4706,19.4999,2021-07-21,2021-08-18,0.4583333333333333,0.5416666666666667,11,24,19,47,-0.0012885553592556498,0,28.16317673715845
2021-07-06,17.9987,19.8513,2021-07-21,2021-08-18,0.4166666666666667,0.5833333333333333,10,24,15,43,0.023284440488400282,0,28.818940549859118
2021-07-07,18.0485,19.9455,2021-07-21,2021-08-18,0.375,0.625,9,24,14,42,0.0039676334752256626,0,28.93328354310528
2021-07-08,19.545,20.9988,2021-07-21,2021-08-18,0.3333333333333333,0.6666666666666667,8,24,13,41,0.06340293618763537,0,30.767738673287546
2021-07-09,17.7962,19.8444,2021-07-21,2021-08-18,0.2916666666666667,0.7083333333333333,7,24,12,40,-0.06593156610217965,0,28.739173477135097
2021-07-12,17.3713,19.8395,2021-07-21,2021-08-18,0.25,0.75,6,24,9,37,-0.006619210517998186,0,28.548942837776675
2021-07-13,17.7342,20.0157,2021-07-21,2021-08-18,0.20833333333333334,0.7916666666666666,5,24,8,36,0.01159451578752968,0,28.87995400622656
2021-07-14,17.047,19.6029,2021-07-21,2021-08-18,0.16666666666666666,0.8333333333333334,4,24,7,35,-0.024051041294174125,0,28.185361039848956
2021-07-15,17.51,19.8149,2021-07-21,2021-08-18,0.125,0.875,3,24,6,34,0.013236399664527276,0,28.558433743261393
2021-07-16,18.6228,20.6339,2021-07-21,2021-08-18,0.08333333333333333,0.9166666666666666,2,24,5,33,0.043823132709361445,0,29.809953775163844
2021-07-19,22.738,23.6675,2021-07-21,2021-08-18,0.041666666666666664,0.9583333333333334,1,24,2,30,0.1526280794004129,0,34.35978976688219
2021-07-20,19.9561,21.4852,2021-07-21,2021-08-18,0.0,1.0,0,24,1,29,-0.09341507219747125,0,31.150067525118953
2021-07-21,20.1082,21.6468,2021-08-18,2021-09-15,0.95,0.050000000000000044,19,20,28,56,-0.06409062982890545,0,29.153640078221148
2021-07-22,20.5665,21.85,2021-08-18,2021-09-15,0.9,0.09999999999999998,18,20,27,55,0.02207293190581372,0,29.797146390474325
2021-07-23,20.3675,21.6506,2021-08-18,2021-09-15,0.85,0.15000000000000002,17,20,26,54,-0.009617851784381015,0,29.510561852893236
2021-07-26,20.1497,21.6947,2021-08-18,2021-09-15,0.8,0.19999999999999996,16,20,23,51,-0.008682650967547723,0,29.254331944468337
2021-07-27,20.7147,22.2005,2021-08-18,2021-09-15,0.75,0.25,15,20,22,50,0.02703788608269342,0,30.045307239008167
2021-07-28,20.1089,21.7999,2021-08-18,2021-09-15,0.7,0.30000000000000004,14,20,21,49,-0.02629688207662384,0,29.255209337588038
2021-07-29,19.7092,21.5483,2021-08-18,2021-09-15,0.65,0.35,13,20,20,48,-0.01723256468214307,0,28.751067050388418
2021-07-30,20.274,22.0749,2021-08-18,2021-09-15,0.6,0.4,12,20,19,47,0.02709345628396176,0,29.53003282863537
2021-08-02,21.1496,22.7197,2021-08-18,2021-09-15,0.55,0.44999999999999996,11,20,16,44,0.03730906776867671,0,30.63177082465017
2021-08-03,19.8525,21.8428,2021-08-18,2021-09-15,0.5,0.5,10,20,15,43,-0.05069558240943228,0,29.078875362462277
2021-08-04,19.8494,21.7559,2021-08-18,2021-09-15,0.45,0.55,9,20,14,42,-0.002158516667346233,0,29.016108125324717
2021-08-05,19.3129,21.2892,2021-08-18,2021-09-15,0.4,0.6,8,20,13,41,-0.02383532375744557,0,28.324499793976553
2021-08-06,18.7024,20.751,2021-08-18,2021-09-15,0.35,0.65,7,20,12,40,-0.027666171675444384,0,27.54086932005531
2021-08-09,18.4231,20.6867,2021-08-18,2021-09-15,0.3,0.7,6,20,9,37,-0.006965661857673,0,27.349028937105444
2021-08-10,17.9776,20.3456,2021-08-18,2021-09-15,0.25,0.75,5,20,8,36,-0.018613908101013266,0,26.83995662581821
2021-08-11,17.4443,19.7318,2021-08-18,2021-09-15,0.2,0.8,4,20,7,35,-0.030054015470597606,0,26.0333081541557
2021-08-12,17.0028,19.3979,2021-08-18,2021-09-15,0.15,0.85,3,20,6,34,-0.018440098991921783,0,25.553251374705866
2021-08-13,16.631,19.486,2021-08-18,2021-09-15,0.1,0.9,2,20,5,33,0.0010040110543638736,0,25.57890712156101
2021-08-16,16.504,19.6237,2021-08-18,2021-09-15,0.05,0.95,1,20,2,30,0.0057930783052524415,0,25.727087733478992
2021-08-17,17.5787,20.1697,2021-08-18,2021-09-15,0.0,1.0,0,20,1,29,0.029404324030837703,0,26.483575357563996
2021-08-18,21.7058,22.9271,2021-09-15,2021-10-20,0.9473684210526315,0.052631578947368474,18,19,28,63,0.07615879264441228,0,28.50053248170338
2021-08-19,22.346,23.1773,2021-09-15,2021-10-20,0.8947368421052632,0.10526315789473684,17,19,27,62,0.028464466560211177,0,29.31178493547704
2021-08-20,20.5273,22.1551,2021-09-15,2021-10-20,0.8421052631578947,0.1578947368421053,16,19,26,61,-0.07733334021527005,0,27.045006698744963
2021-08-23,19.8468,21.6622,2021-09-15,2021-10-20,0.7894736842105263,0.21052631578947367,15,19,23,58,-0.031315862842967945,0,26.19806897837992
2021-08-24,19.7306,21.6582,2021-09-15,2021-10-20,0.7368421052631579,0.26315789473684215,14,19,22,57,-0.004576548299105809,0,26.078172250357056
2021-08-25,19.2328,21.2899,2021-09-15,2021-10-20,0.6842105263157895,0.3157894736842105,13,19,21,56,-0.022913538302618663,0,25.48062905163621
2021-08-26,20.1229,21.9501,2021-09-15,2021-10-20,0.631578947368421,0.368421052631579,12,19,20,55,0.04111674481914451,0,26.528309574183616
2021-08-27,18.9529,21.1309,2021-09-15,2021-10-20,0.5789473684210527,0.42105263157894735,11,19,19,54,-0.05004587150158624,0,25.200677202079728
2021-08-30,18.746,20.9491,2021-09-15,2021-10-20,0.5263157894736842,0.4736842105263158,10,19,16,51,-0.009880827729571107,0,24.951673651977444
2021-08-31,18.6212,20.9074,2021-09-15,2021-10-20,0.47368421052631576,0.5263157894736843,9,19,15,50,-0.004317265418073646,0,24.843950654196703
2021-09-01,18.0805,20.446,2021-09-15,2021-10-20,0.42105263157894735,0.5789473684210527,8,19,14,49,-0.02516906278473585,0,24.218651700360347
2021-09-02,17.9632,20.4432,2021-09-15,2021-10-20,0.3684210526315789,0.631578947368421,7,19,13,48,-0.0026226491679071096,0,24.155134673630567
2021-09-03,18.3528,20.5624,2021-09-15,2021-10-20,0.3157894736842105,0.6842105263157895,6,19,12,47,0.011204632771772083,0,24.425784087201297
2021-09-07,18.8314,20.9005,2021-09-15,2021-10-20,0.2631578947368421,0.736842105263158,5,19,8,43,0.019253738461375347,0,24.896071745730293
2021-09-08,18.7658,20.9315,2021-09-15,2021-10-20,0.21052631578947367,0.7894736842105263,4,19,7,42,0.00027406894126635883,0,24.90289498575534
2021-09-09,19.3716,21.353,2021-09-15,2021-10-20,0.15789473684210525,0.8421052631578947,3,19,6,41,0.022480456163791684,0,25.46272342483412
2021-09-10,20.6249,22.1543,2021-09-15,2021-10-20,0.10526315789473684,0.8947368421052632,2,19,5,40,0.04147634547286527,0,26.518824138282557
2021-09-13,19.298,21.3321,2021-09-15,2021-10-20,0.05263157894736842,0.9473684210526316,1,19,2,37,-0.0397996615717362,0,25.46338391229852
2021-09-14,19.715,21.5605,2021-09-15,2021-10-20,0.0,1.0,0,19,1,36,0.01122854384022065,0,25.749300634878132
2021-09-15,20.8379,22.2987,2021-10-20,2021-11-17,0.96,0.040000000000000036,24,25,35,63,-0.0335149926949746,0,24.886313012199487
2021-09-16,20.5556,22.0021,2021-10-20,2021-11-17,0.92,0.07999999999999996,23,25,34,62,-0.013536921216604214,0,24.549428953581593
2021-09-17,21.9377,22.9489,2021-10-20,2021-11-17,0.88,0.12,22,25,33,61,0.06517609905898625,0,26.14946496690177
2021-09-20,24.4629,24.6975,2021-10-20,2021-11-17,0.84,0.16000000000000003,21,25,30,58,0.11024992742205875,0,29.03244158162836
2021-09-21,23.4294,24.1154,2021-10-20,2021-11-17,0.8,0.19999999999999996,20,25,29,57,-0.039235056878171415,0,27.893352084860982
2021-09-22,22.0994,23.1347,2021-10-20,2021-11-17,0.76,0.24,19,25,28,56,-0.05347143839162216,0,26.401854427319513
2021-09-23,20.5996,22.2012,2021-10-20,2021-11-17,0.72,0.28,18,25,27,55,-0.06102988239775131,0,24.790552356537653
2021-09-24,19.8182,21.6471,2021-10-20,2021-11-17,0.68,0.31999999999999995,17,25,26,54,-0.034100834433672844,0,23.945173835108065
2021-09-27,20.1083,21.6778,2021-10-20,2021-11-17,0.64,0.36,16,25,23,51,0.010149853103259776,0,24.18821383206643
2021-09-28,22.5173,23.4435,2021-10-20,2021-11-17,0.6,0.4,15,25,22,50,0.10532473739099468,0,26.735831101886056
2021-09-29,22.9912,23.7823,2021-10-20,2021-11-17,0.56,0.43999999999999995,14,25,21,49,0.018344286776611707,0,27.226280854830108
2021-09-30,22.8678,23.6859,2021-10-20,2021-11-17,0.52,0.48,13,25,20,48,-0.004778209991360471,0,27.096187967621972
2021-10-01,21.994,23.2158,2021-10-20,2021-11-17,0.48,0.52,12,25,19,47,-0.029235156201366186,0,26.304026679926967
2021-10-04,22.681,23.6992,2021-10-20,2021-11-17,0.44,0.56,11,25,16,44,0.025680293933503018,0,26.979521816702196
2021-10-05,21.7541,23.0271,2021-10-20,2021-11-17,0.4,0.6,10,25,15,43,-0.03372781920169954,0,26.069561382720156
2021-10-06,21.2171,22.6587,2021-10-20,2021-11-17,0.36,0.64,9,25,14,42,-0.019355268475302,0,25.56497802312424
2021-10-07,20.1013,22.0851,2021-10-20,2021-11-17,0.32,0.6799999999999999,8,25,13,41,-0.034724552121788044,0,24.677245611267896
2021-10-08,19.7169,21.6097,2021-10-20,2021-11-17,0.28,0.72,7,25,12,40,-0.02080531894123161,0,24.163827645734358
2021-10-11,20.1505,21.8565,2021-10-20,2021-11-17,0.24,0.76,6,25,9,37,0.014189185470999899,0,24.506692677888957
2021-10-12,19.7169,21.4506,2021-10-20,2021-11-17,0.2,0.8,5,25,8,36,-0.019235643486799514,0,24.035290674496526
2021-10-13,19.1506,21.107,2021-10-20,2021-11-17,0.16,0.84,4,25,7,35,-0.01839189607967473,0,23.59323610616641
2021-10-14,17.6014,20.0046,2021-10-20,2021-11-17,0.12,0.88,3,25,6,34,-0.05645327281324142,0,22.26132071171778
2021-10-15,17.1727,20.0983,2021-10-20,2021-11-17,0.08,0.92,2,25,5,33,0.0015729184545352215,0,22.296335953887567
2021-10-18,16.618,19.6962,2021-10-20,2021-11-17,0.04,0.96,1,25,2,30,-0.02085696456126307,0,21.831302065051318
2021-10-19,15.9647,19.5287,2021-10-20,2021-11-17,0.0,1.0,0,25,1,29,-0.009550468112517141,0,21.622802910824316
2021-10-20,19.3155,21.0511,2021-11-17,2021-12-22,0.95,0.050000000000000044,19,20,28,63,-0.010917265358165174,0,21.386741033659543
2021-10-21,18.6977,20.6504,2021-11-17,2021-12-22,0.9,0.09999999999999998,18,20,27,62,-0.03128214828360376,0,20.71771782934157
2021-10-22,19.1016,21.1001,2021-11-17,2021-12-22,0.85,0.15000000000000002,17,20,26,61,0.021620740412968242,0,21.16565022847889
2021-10-25,18.5505,20.4983,2021-11-17,2021-12-22,0.8,0.19999999999999996,16,20,23,58,-0.02879718576647272,0,20.556139066981196
2021-10-26,18.9246,20.8037,2021-11-17,2021-12-22,0.75,0.25,15,20,22,57,0.019026338881714455,0,20.947247134969228
2021-10-27,19.3496,21.2962,2021-11-17,2021-12-22,0.7,0.30000000000000004,14,20,21,56,0.022783667944958008,0,21.42450225805334
2021-10-28,18.6503,20.8493,2021-11-17,2021-12-22,0.65,0.35,13,20,20,55,-0.031282890479281567,0,20.754281900341535
2021-10-29,18.7793,21.0533,2021-11-17,2021-12-22,0.6,0.4,12,20,19,54,0.007994356319146023,0,20.92019902500087
2021-11-01,18.3999,20.8006,2021-11-17,2021-12-22,0.55,0.44999999999999996,11,20,16,51,-0.016695701638994365,0,20.570921623851074
2021-11-02,17.8505,20.3509,2021-11-17,2021-12-22,0.5,0.5,10,20,15,50,-0.025899868148272387,0,20.038137466104885
2021-11-03,17.1078,19.7495,2021-11-17,2021-12-22,0.45,0.55,9,20,14,49,-0.03518457438732603,0,19.333104127845253
2021-11-04,17.4041,20.084,2021-11-17,2021-12-22,0.4,0.6,8,20,13,48,0.017095766951039426,0,19.663618370455072
2021-11-05,18.4401,20.5057,2021-11-17,2021-12-22,0.35,0.65,7,20,12,47,0.03510512285898848,0,20.353912109202163
2021-11-08,18.4945,20.5003,2021-11-17,2021-12-22,0.3,0.7,6,20,9,44,0.0007850277565188968,0,20.36989049516163
2021-11-09,18.9001,20.827,2021-11-17,2021-12-22,0.25,0.75,5,20,8,43,0.01760780679606988,0,20.728559591457536
2021-11-10,19.5268,21.0045,2021-11-17,2021-12-22,0.2,0.8,4,20,7,42,0.014244093530316082,0,21.02381913302699
2021-11-11,18.7588,20.7957,2021-11-17,2021-12-22,0.15,0.85,3,20,6,41,-0.01548315318586746,0,20.698304120838362
2021-11-12,17.4182,20.108,2021-11-17,2021-12-22,0.1,0.9,2,20,5,40,-0.03834205337048302,0,19.90468863955869
2021-11-15,17.0011,19.891,2021-11-17,2021-12-22,0.05,0.95,1,20,2,37,-0.011946658655518472,0,19.666894118737506
2021-11-16,16.7991,20.0017,2021-11-17,2021-12-22,0.0,1.0,0,20,1,36,0.004814269664429105,0,19.76157585048688
2021-11-17,20.2745,22.427,2021-12-22,2022-01-19,0.9583333333333334,0.04166666666666663,23,24,35,63,0.0136388406985406,0,20.0311008354638
2021-11-18,20.4995,22.6455,2021-12-22,2022-01-19,0.9166666666666666,0.08333333333333337,22,24,34,62,0.011035508618581824,0,20.252154221373242
2021-11-19,20.7994,22.7497,2021-12-22,2022-01-19,0.875,0.125,21,24,33,61,0.013714435399371228,0,20.52990108214037
2021-11-22,21.1529,23.0998,2021-12-22,2022-01-19,0.8333333333333334,0.16666666666666663,20,24,30,58,0.01677858927028053,0,20.874363860157093
2021-11-23,20.563,22.6656,2021-12-22,2022-01-19,0.7916666666666666,0.20833333333333337,19,24,29,57,-0.026257854192355712,0,20.326247857558908
2021-11-24,20.348,22.4538,2021-12-22,2022-01-19,0.75,0.25,18,24,28,56,-0.010205842964138623,0,20.1188013638745
2021-11-26,26.5412,27.0096,2021-12-22,2022-01-19,0.7083333333333334,0.29166666666666663,17,24,26,54,0.27707795894023546,0,25.693277782100875
2021-11-29,22.2041,23.7474,2021-12-22,2022-01-19,0.6666666666666666,0.33333333333333337,16,24,23,51,-0.15082146902326454,0,21.818179882981617
2021-11-30,25.6865,26.4777,2021-12-22,2022-01-19,0.625,0.375,15,24,22,50,0.1422494996742747,0,24.921805055139075
2021-12-01,27.8304,27.964,2021-12-22,2022-01-19,0.5833333333333334,0.41666666666666663,14,24,21,49,0.07302025924443489,0,26.741601721104598
2021-12-02,25.9392,26.905,2021-12-22,2022-01-19,0.5416666666666666,0.45833333333333337,13,24,20,48,-0.055384289884314875,0,25.26053709941205
2021-12-03,28.7301,28.6173,2021-12-22,2022-01-19,0.5,0.5,12,24,19,47,0.08705003406697087,0,27.459467714465852
2021-12-06,25.8521,26.6506,2021-12-22,2022-01-19,0.4583333333333333,0.5416666666666667,11,24,16,44,-0.08447985436131356,0,25.139695881108583
2021-12-07,22.5437,24.2002,2021-12-22,2022-01-19,0.4166666666666667,0.5833333333333333,10,24,15,43,-0.10818683739176382,0,22.419911690740694
2021-12-08,20.8267,23.0192,2021-12-22,2022-01-19,0.375,0.625,9,24,14,42,-0.05973346793331491,0,21.080692614694083
2021-12-09,21.5672,23.5593,2021-12-22,2022-01-19,0.3333333333333333,0.6666666666666667,8,24,13,41,0.02771769399147761,0,21.665000801716577
2021-12-10,19.7975,22.2662,2021-12-22,2022-01-19,0.2916666666666667,0.7083333333333333,7,24,12,40,-0.06341776611759642,0,20.291054847935776
2021-12-13,20.5841,23.1634,2021-12-22,2022-01-19,0.25,0.75,6,24,9,37,0.04014365280437615,0,21.105611908785864
2021-12-14,21.2857,23.4828,2021-12-22,2022-01-19,0.20833333333333334,0.7916666666666666,5,24,8,36,0.018427009701990738,0,21.49452522419551
2021-12-15,19.0758,21.9711,2021-12-22,2022-01-19,0.16666666666666666,0.8333333333333334,4,24,7,35,-0.07197191032890426,0,19.94752318219734
2021-12-16,20.4217,22.8188,2021-12-22,2022-01-19,0.125,0.875,3,24,6,34,0.04331298916554771,0,20.811510037667368
2021-12-17,21.0691,23.5739,2021-12-22,2022-01-19,0.08333333333333333,0.9166666666666666,2,24,5,33,0.03293361820183116,0,21.49690836345148
2021-12-20,22.8089,24.3107,2021-12-22,2022-01-19,0.041666666666666664,0.9583333333333334,1,24,2,30,0.0351113837550201,0,22.251694562547126
2021-12-21,21.0726,23.1636,2021-12-22,2022-01-19,0.0,1.0,0,24,1,29,-0.04831919993813949,0,21.176510484017
2021-12-22,21.8007,23.5483,2022-01-19,2022-02-16,0.9444444444444444,0.05555555555555558,17,18,28,56,-0.05883800445526599,0,19.930526865811423
2021-12-23,21.6518,23.3994,2022-01-19,2022-02-16,0.8888888888888888,0.11111111111111116,16,18,27,55,-0.00679977329014958,0,19.79500380157067
2021-12-27,21.0053,23.0302,2022-01-19,2022-02-16,0.8333333333333334,0.16666666666666663,15,18,23,51,-0.02818316923837494,0,19.23711785935673
2021-12-28,20.5305,22.6303,2022-01-19,2022-02-16,0.7777777777777778,0.2222222222222222,14,18,22,50,-0.021661498383138023,0,18.82041306195004
2021-12-29,20.0072,22.104,2022-01-19,2022-02-16,0.7222222222222222,0.2777777777777778,13,18,21,49,-0.02495421330224612,0,18.350764459965756
2021-12-30,19.9439,22.047,2022-01-19,2022-02-16,0.6666666666666666,0.33333333333333337,12,18,20,48,-0.002989366823019979,0,18.29590729351208
2021-12-31,19.6745,21.9705,2022-01-19,2022-02-16,0.6111111111111112,0.38888888888888884,11,18,19,47,-0.009934640944993856,0,18.114144023788146
2022-01-03,18.8578,21.4095,2022-01-19,2022-02-16,0.5555555555555556,0.4444444444444444,10,18,16,44,-0.034873707838460555,0,17.48243665735876
2022-01-04,18.8692,21.3187,2022-01-19,2022-02-16,0.5,0.5,9,18,15,43,-0.0017018012860769982,0,17.452685024171508
2022-01-05,20.7745,22.6171,2022-01-19,2022-02-16,0.4444444444444444,0.5555555555555556,8,18,14,42,0.07971802457953747,0,18.843978597907338
2022-01-06,20.8496,22.8491,2022-01-19,2022-02-16,0.3888888888888889,0.6111111111111112,7,18,13,41,0.007444051105215399,0,18.984254137615743
2022-01-07,20.398,22.0204,2022-01-19,2022-02-16,0.3333333333333333,0.6666666666666667,6,18,12,40,-0.030901818406981585,0,18.397606163663152
2022-01-10,19.9034,21.7049,2022-01-19,2022-02-16,0.2777777777777778,0.7222222222222222,5,18,9,37,-0.017467736829363867,0,18.076241620906004
2022-01-11,18.954,20.9933,2022-01-19,2022-02-16,0.2222222222222222,0.7777777777777778,4,18,8,36,-0.03667411006110588,0,17.413311546209755
2022-01-12,18.5814,20.9713,2022-01-19,2022-02-16,0.16666666666666666,0.8333333333333334,3,18,7,35,-0.004864192628952213,0,17.328609844541035
2022-01-13,20.4167,22.0944,2022-01-19,2022-02-16,0.1111111111111111,0.8888888888888888,2,18,6,34,0.06036071579312363,0,18.3745771384573
2022-01-14,19.667,21.7462,2022-01-19,2022-02-16,0.05555555555555555,0.9444444444444444,1,18,5,33,-0.017930039726755997,0,18.04512024040242
2022-01-18,22.6197,23.3922,2022-01-19,2022-02-16,0.0,1.0,0,18,1,29,0.07945167411321963,0,19.478835253076735
2022-01-19,24.0687,24.566,2022-02-16,2022-03-15,0.95,0.050000000000000044,19,20,28,55,0.028919896375715126,0,20.04216115011534
2022-01-20,24.9658,25.1061,2022-02-16,2022-03-15,0.9,0.09999999999999998,18,20,27,54,0.036493146614044125,0,20.773562675428796
2022-01-21,27.3086,26.8399,2022-02-16,2022-03-15,0.85,0.15000000000000002,17,20,26,53,0.09134970093871697,0,22.671221413260913
2022-01-24,28.0683,27.4498,2022-02-16,2022-03-15,0.8,0.19999999999999996,16,20,23,50,0.027065937864319434,0,23.28483928334046
2022-01-25,28.1645,27.7313,2022-02-16,2022-03-15,0.75,0.25,15,20,22,49,0.0047687209693465515,0,23.39587818469879
2022-01-26,28.633,28.1099,2022-02-16,2022-03-15,0.7,0.30000000000000004,14,20,21,48,0.015897555620504544,0,23.767815459430587
2022-01-27,28.8263,28.486,2022-02-16,2022-03-15,0.65,0.35,13,20,20,47,0.008713983355147059,0,23.974927807732275
2022-01-28,26.8734,27.0493,2022-02-16,2022-03-15,0.6,0.4,12,20,19,46,-0.06173469752095251,0,22.494842891435248
2022-01-31,24.8523,25.5448,2022-02-16,2022-03-15,0.55,0.44999999999999996,11,20,16,43,-0.06734249414335636,0,20.97998406576305
2022-02-01,22.7458,23.9061,2022-02-16,2022-03-15,0.5,0.5,10,20,15,42,-0.07534555916853203,0,19.399235434981243
2022-02-02,22.0259,23.6318,2022-02-16,2022-03-15,0.45,0.55,9,20,14,41,-0.021311029132789816,0,18.985817763472507
2022-02-03,25.7306,26.0671,2022-02-16,2022-03-15,0.4,0.6,8,20,13,40,0.13123711076952005,0,21.477461632347268
2022-02-04,24.2613,25.1484,2022-02-16,2022-03-15,0.35,0.65,7,20,12,39,-0.04391940615058321,0,20.53418427183264
2022-02-07,23.6521,24.5363,2022-02-16,2022-03-15,0.3,0.7,6,20,9,36,-0.02460291051000052,0,20.028983573796882
2022-02-08,22.3116,23.4098,2022-02-16,2022-03-15,0.25,0.75,5,20,8,35,-0.049058466386277644,0,19.046392356390463
2022-02-09,21.1561,22.6687,2022-02-16,2022-03-15,0.2,0.8,4,20,7,34,-0.03651138414324462,0,18.350982208523334
2022-02-10,24.2186,24.5799,2022-02-16,2022-03-15,0.15,0.85,3,20,6,33,0.09574545139134161,0,20.108005283552878
2022-02-11,27.814,27.69,2022-02-16,2022-03-15,0.1,0.9,2,20,5,32,0.129777920757018,0,22.7175803998235
2022-02-14,28.3374,27.7476,2022-02-16,2022-03-15,0.05,0.95,1,20,2,29,0.003760684994801533,0,22.803014063551316
2022-02-15,25.3833,25.5484,2022-02-16,2022-03-15,0.0,1.0,0,20,1,28,-0.08053201397266596,0,20.966641416366503
2022-02-16,24.4723,24.8139,2022-03-15,2022-04-20,0.9444444444444444,0.05555555555555558,17,18,27,63,-0.042120054484820924,0,20.083525337545446
2022-02-17,27.5683,26.8288,2022-03-15,2022-04-20,0.8888888888888888,0.11111111111111116,16,18,26,62,0.12396000390161577,0,22.573079216745775
2022-02-18,28.1482,27.2767,2022-03-15,2022-04-20,0.8333333333333334,0.16666666666666663,15,18,25,61,0.02056430879085691,0,23.03727898811941
2022-02-22,27.9601,27.0851,2022-03-15,2022-04-20,0.7777777777777778,0.2222222222222222,14,18,21,57,-0.006737980581807745,0,22.882054249639772
2022-02-23,29.6693,28.5132,2022-03-15,2022-04-20,0.7222222222222222,0.2777777777777778,13,18,20,56,0.059308282134323376,0,24.239149578890302
2022-02-24,28.5487,27.7218,2022-03-15,2022-04-20,0.6666666666666666,0.33333333333333337,12,18,19,55,-0.035067122320175614,0,23.389152355670323
2022-02-25,27.2572,26.9481,2022-03-15,2022-04-20,0.6111111111111112,0.38888888888888884,11,18,18,54,-0.03957476609069632,0,22.46353212213501
2022-02-28,28.6169,28.1501,2022-03-15,2022-04-20,0.5555555555555556,0.4444444444444444,10,18,15,51,0.04784510034374967,0,23.538302070593605
2022-03-01,32.1241,30.6762,2022-03-15,2022-04-20,0.5,0.5,9,18,14,50,0.1081033725495717,0,26.08287190851534
2022-03-02,29.6145,29.0901,2022-03-15,2022-04-20,0.4444444444444444,0.5555555555555556,8,18,13,49,-0.06521784131604469,0,24.381803307319068
2022-03-03,29.9057,29.4694,2022-03-15,2022-04-20,0.3888888888888889,0.6111111111111112,7,18,12,48,0.011599853737185528,0,24.66462865953279
2022-03-04,31.5274,30.3012,2022-03-15,2022-04-20,0.3333333333333333,0.6666666666666667,6,18,11,47,0.03842844083626096,0,25.612451882723995
2022-03-07,34.8105,32.86,2022-03-15,2022-04-20,0.2777777777777778,0.7222222222222222,5,18,8,44,0.09118330876654457,0,27.947879991014684
2022-03-08,33.9186,32.6065,2022-03-15,2022-04-20,0.2222222222222222,0.7777777777777778,4,18,7,43,-0.012898504322371052,0,27.587394140149474
2022-03-09,32.1193,31.4927,2022-03-15,2022-04-20,0.16666666666666666,0.8333333333333334,3,18,6,42,-0.03848654446882549,0,26.525650668795592
2022-03-10,30.4155,30.1263,2022-03-15,2022-04-20,0.1111111111111111,0.8888888888888888,2,18,5,41,-0.04502412666127931,0,25.33135641331089
2022-03-11,31.0024,30.78,2022-03-15,2022-04-20,0.05555555555555555,0.9444444444444444,1,18,4,40,0.021429421436937268,0,25.874192725460993
2022-03-14,31.8036,31.7235,2022-03-15,2022-04-20,0.0,1.0,0,18,1,37,0.030383984192324798,0,26.660353788220565
2022-03-15,30.7261,30.2292,2022-04-20,2022-05-18,0.96,0.040000000000000036,24,25,36,64,-0.03144041483442883,0,25.822141205486272
2022-03-16,27.5411,27.9725,2022-04-20,2022-05-18,0.92,0.07999999999999996,23,25,35,63,-0.1025156333126469,0,23.174968046317254
2022-03-17,27.1143,27.4593,2022-04-20,2022-05-18,0.88,0.12,22,25,34,62,-0.015728100612961926,0,22.810469817182597
2022-03-18,25.6406,26.2185,2022-04-20,2022-05-18,0.84,0.16000000000000003,21,25,33,61,-0.05323935674646574,0,21.596055077031124
2022-03-21,25.482,26.1731,2022-04-20,2022-05-18,0.8,0.19999999999999996,20,25,30,58,-0.005459435378546318,0,21.478152809906543
2022-03-22,24.9989,25.7186,2022-04-20,2022-05-18,0.76,0.24,19,25,29,57,-0.018632939139476612,0,21.077951695771176
2022-03-23,24.8925,25.7515,2022-04-20,2022-05-18,0.72,0.28,18,25,28,56,-0.002898819257935892,0,21.016850523477633
2022-03-24,24.2654,25.4518,2022-04-20,2022-05-18,0.68,0.31999999999999995,17,25,27,55,-0.02130376691698821,0,20.56911243859628
2022-03-25,23.4552,24.8564,2022-04-20,2022-05-18,0.64,0.36,16,25,26,54,-0.030085719451631854,0,19.950275892399606
2022-03-28,22.9946,24.6115,2022-04-20,2022-05-18,0.6,0.4,15,25,23,51,-0.01598305015703072,0,19.631409632164782
2022-03-29,21.7532,23.7145,2022-04-20,2022-05-18,0.56,0.43999999999999995,14,25,22,50,-0.04668259355637738,0,18.714964515367683
2022-03-30,22.07,24.0735,2022-04-20,2022-05-18,0.52,0.48,13,25,21,49,0.01482868099871193,0,18.99248275406828
2022-03-31,23.469,24.9877,2022-04-20,2022-05-18,0.48,0.52,12,25,20,48,0.05063877233445413,0,19.95423876431759
2022-04-01,22.3324,24.2141,2022-04-20,2022-05-18,0.44,0.56,11,25,19,47,-0.03907212926780479,0,19.174584167877534
2022-04-04,20.9619,23.1475,2022-04-20,2022-05-18,0.4,0.6,10,25,16,44,-0.051325929977706464,0,18.190430803525413
2022-04-05,23.2559,24.8412,2022-04-20,2022-05-18,0.36,0.64,9,25,15,43,0.08682249477624726,0,19.769769386942187
2022-04-06,23.7022,25.3363,2022-04-20,2022-05-18,0.32,0.6799999999999999,8,25,14,42,0.019675414903002286,0,20.15874780216695
2022-04-07,22.9769,24.7128,2022-04-20,2022-05-18,0.28,0.72,7,25,13,41,-0.02644040386584834,0,19.625742368847874
2022-04-08,22.8475,24.7489,2022-04-20,2022-05-18,0.24,0.76,6,25,12,40,-0.0004226733195886734,0,19.61744709117144
2022-04-11,24.7042,25.9219,2022-04-20,2022-05-18,0.2,0.8,5,25,9,37,0.05504104054228298,0,20.6972117918527
2022-04-12,25.0641,26.2047,2022-04-20,2022-05-18,0.16,0.84,4,25,8,36,0.011613670031886736,0,20.93758238018335
2022-04-13,22.6858,24.4289,2022-04-20,2022-05-18,0.12,0.88,3,25,7,35,-0.07194625021001277,0,19.431201839465924
2022-04-14,23.4211,25.0983,2022-04-20,2022-05-18,0.08,0.92,2,25,6,34,0.027965136520112788,0,19.974598051656457
2022-04-18,22.9518,24.7867,2022-04-20,2022-05-18,0.04,0.96,1,25,2,30,-0.012987277262362595,0,19.715182408555346
2022-04-19,21.1489,23.5416,2022-04-20,2022-05-18,0.0,1.0,0,25,1,29,-0.05128460362887932,0,18.70409709326153
2022-04-20,22.9919,24.4979,2022-05-18,2022-06-15,0.95,0.050000000000000044,19,20,28,56,-0.02335015461990675,0,18.267353534108125
2022-04-21,24.6907,25.9855,2022-05-18,2022-06-15,0.9,0.09999999999999998,18,20,27,55,0.073187903169869,0,19.604302835732195
2022-04-22,27.9879,28.2171,2022-05-18,2022-06-15,0.85,0.15000000000000002,17,20,26,54,0.12855023613849692,0,22.124440594596173
2022-04-25,27.2576,27.7051,2022-05-18,2022-06-15,0.8,0.19999999999999996,16,20,23,51,-0.02489287095839443,0,21.573699749848227
2022-04-26,30.3018,29.9546,2022-05-18,2022-06-15,0.75,0.25,15,20,22,50,0.10550515411140471,0,23.84983626670914
2022-04-27,30.8249,30.3942,2022-05-18,2022-06-15,0.7,0.30000000000000004,14,20,21,49,0.01662171107066035,0,24.246261354216937
2022-04-28,29.2407,29.2815,2022-05-18,2022-06-15,0.65,0.35,13,20,20,48,-0.04700171261828601,0,23.10664554597818
2022-04-29,31.6487,31.2085,2022-05-18,2022-06-15,0.6,0.4,12,20,19,47,0.07655619658601709,0,24.8756024448395
2022-05-02,30.9477,30.9012,2022-05-18,2022-06-15,0.55,0.44999999999999996,11,20,16,44,-0.017269614032768832,0,24.44601039178452
2022-05-03,28.8864,29.3377,2022-05-18,2022-06-15,0.5,0.5,10,20,15,43,-0.059407746200501044,0,22.993728010814575
2022-05-04,25.762,26.9854,2022-05-18,2022-06-15,0.45,0.55,9,20,14,42,-0.09406242432257439,0,20.830882209903468
2022-05-05,31.3271,31.3722,2022-05-18,2022-06-15,0.4,0.6,8,20,13,41,0.18600564330371228,0,24.705543855940423
2022-05-06,30.8118,30.789,2022-05-18,2022-06-15,0.35,0.65,7,20,12,40,-0.017734169883677153,0,24.26741154413054
2022-05-09,33.8168,33.0703,2022-05-18,2022-06-15,0.3,0.7,6,20,9,37,0.08230011514115998,0,26.264622308390393
2022-05-10,32.254,31.9614,2022-05-18,2022-06-15,0.25,0.75,5,20,8,36,-0.037395946747561415,0,25.282431891201014
2022-05-11,32.1627,31.7389,2022-05-18,2022-06-15,0.2,0.8,4,20,7,35,-0.005921731380649997,0,25.132716120891743
2022-05-12,31.2544,31.261,2022-05-18,2022-06-15,0.15,0.85,3,20,6,34,-0.01772203448629095,0,24.68731325906314
2022-05-13,28.8191,29.3959,2022-05-18,2022-06-15,0.1,0.9,2,20,5,33,-0.06240017197691228,0,23.146820666049692
2022-05-16,27.5856,28.0855,2022-05-18,2022-06-15,0.05,0.95,1,20,2,30,-0.044403171017192045,0,22.119028429510813
2022-05-17,26.5988,27.4896,2022-05-18,2022-06-15,0.0,1.0,0,20,1,29,-0.021932784174768072,0,21.633896552810793
2022-05-18,31.5195,31.382,2022-06-15,2022-07-20,0.9473684210526315,0.052631578947368474,18,19,28,63,0.1465972585996158,0,24.805366480280533
2022-05-19,29.286,29.7555,2022-06-15,2022-07-20,0.8947368421052632,0.10526315789473684,17,19,27,62,-0.0698633614649602,0,23.072380195597887
2022-05-20,29.4224,29.9611,2022-06-15,2022-07-20,0.8421052631578947,0.1578947368421053,16,19,26,61,0.00489797675883108,0,23.18538817756684
2022-05-23,29.0797,29.828,2022-06-15,2022-07-20,0.7894736842105263,0.21052631578947367,15,19,23,58,-0.01049244107243541,0,22.94211685837218
2022-05-24,29.1855,29.8518,2022-06-15,2022-07-20,0.7368421052631579,0.26315789473684215,14,19,22,57,0.003028221941198117,0,23.011590680020234
2022-05-25,28.4859,29.1357,2022-06-15,2022-07-20,0.6842105263157895,0.3157894736842105,13,19,21,56,-0.023975542075374334,0,22.459875319450116
2022-05-26,28.0636,29.0604,2022-06-15,2022-07-20,0.631578947368421,0.368421052631579,12,19,20,55,-0.010899583934794288,0,22.215072023240754
2022-05-27,26.8678,28.174,2022-06-15,2022-07-20,0.5789473684210527,0.42105263157894735,11,19,19,54,-0.038050597386826146,0,21.369775261765078
2022-05-31,26.4123,27.7908,2022-06-15,2022-07-20,0.5263157894736842,0.4736842105263158,10,19,15,50,-0.015503002469776428,0,21.038479583103364
2022-06-01,26.1937,27.5714,2022-06-15,2022-07-20,0.47368421052631576,0.5263157894736843,9,19,14,49,-0.008090771588841084,0,20.86826205021998
2022-06-02,25.6001,27.0828,2022-06-15,2022-07-20,0.42105263157894735,0.5789473684210527,8,19,13,48,-0.019998541422715066,0,20.450927247188584
2022-06-03,25.9627,27.3039,2022-06-15,2022-07-20,0.3684210526315789,0.631578947368421,7,19,12,47,0.010608269234288592,0,20.66787618951761
2022-06-06,25.5854,26.9709,2022-06-15,2022-07-20,0.3157894736842105,0.6842105263157895,6,19,9,44,-0.013029615868682676,0,20.3985817019467
2022-06-07,24.6805,26.3045,2022-06-15,2022-07-20,0.2631578947368421,0.736842105263158,5,19,8,43,-0.02795407015712692,0,19.8283583179446
2022-06-08,24.6993,26.256,2022-06-15,2022-07-20,0.21052631578947367,0.7894736842105263,4,19,7,42,-0.001189833331807999,0,19.804765876302874
2022-06-09,26.4245,27.4994,2022-06-15,2022-07-20,0.15789473684210525,0.8421052631578947,3,19,6,41,0.0518673782653849,0,20.83198715946646
2022-06-10,28.2892,29.0858,2022-06-15,2022-07-20,0.10526315789473684,0.8947368421052632,2,19,5,40,0.059654638036651386,0,22.0747118130486
2022-06-13,33.4687,32.8934,2022-06-15,2022-07-20,0.05263157894736842,0.9473684210526316,1,19,2,37,0.13626707462475296,0,25.08276821499721
2022-06-14,32.5815,31.8115,2022-06-15,2022-07-20,0.0,1.0,0,19,1,36,-0.03254960155856479,0,24.266334103613218
2022-06-15,30.0306,29.9834,2022-07-20,2022-08-17,0.9565217391304348,0.04347826086956519,22,23,35,63,-0.05598289926598865,0,22.907834365935813
2022-06-16,31.9206,31.4868,2022-07-20,2022-08-17,0.9130434782608695,0.08695652173913049,21,23,34,62,0.06238034936609593,0,24.33683307690355
2022-06-17,30.902,30.6829,2022-07-20,2022-08-17,0.8695652173913043,0.13043478260869568,20,23,33,61,-0.031362614962208046,0,23.573566351713094
2022-06-21,30.3228,30.1912,2022-07-20,2022-08-17,0.8260869565217391,0.17391304347826086,19,23,29,57,-0.018390801036546556,0,23.140029583216908
2022-06-22,29.0105,29.1196,2022-07-20,2022-08-17,0.782608695652174,0.21739130434782605,18,23,28,56,-0.04192880450223713,0,22.16979580664622
2022-06-23,29.0073,29.1839,2022-07-20,2022-08-17,0.7391304347826086,0.26086956521739135,17,23,27,55,0.00039518589011167116,0,22.178556997135665
2022-06-24,28.4774,28.7909,2022-07-20,2022-08-17,0.6956521739130435,0.30434782608695654,16,23,26,54,-0.017009626212629914,0,21.801308032678882
2022-06-27,27.4118,28.0439,2022-07-20,2022-08-17,0.6521739130434783,0.34782608695652173,15,23,23,51,-0.03390057468737018,0,21.062231161434685
2022-06-28,28.3331,28.7361,2022-07-20,2022-08-17,0.6086956521739131,0.3913043478260869,14,23,22,50,0.030458286508765475,0,21.703750632663514
2022-06-29,28.3335,28.8152,2022-07-20,2022-08-17,0.5652173913043478,0.4347826086956522,13,23,21,49,0.0010949379074827181,0,21.72751489196577
2022-06-30,28.5623,29.1774,2022-07-20,2022-08-17,0.5217391304347826,0.4782608695652174,12,23,20,48,0.010048020716312278,0,21.945833411714226
2022-07-01,27.689,28.5603,2022-07-20,2022-08-17,0.4782608695652174,0.5217391304347826,11,23,19,47,-0.026017366306111622,0,21.374860624948752
2022-07-05,27.7261,28.5555,2022-07-20,2022-08-17,0.43478260869565216,0.5652173913043479,10,23,15,43,0.0005414778188748137,0,21.386434637858702
2022-07-06,27.1987,28.1548,2022-07-20,2022-08-17,0.391304347826087,0.6086956521739131,9,23,14,42,-0.01616558658097944,0,21.040710377061938
2022-07-07,26.85,27.8975,2022-07-20,2022-08-17,0.34782608695652173,0.6521739130434783,8,23,13,41,-0.01054924795232215,0,20.818746706201313
2022-07-08,26.049,27.3988,2022-07-20,2022-08-17,0.30434782608695654,0.6956521739130435,7,23,12,40,-0.021931663409723412,0,20.36215696082862
2022-07-11,27.186,28.1191,2022-07-20,2022-08-17,0.2608695652173913,0.7391304347826086,6,23,9,37,0.03138883993170549,0,21.001301446336335
2022-07-12,27.3879,28.2453,2022-07-20,2022-08-17,0.21739130434782608,0.782608695652174,5,23,8,36,0.005235668239436553,0,21.11125729330575
2022-07-13,26.8636,27.8784,2022-07-20,2022-08-17,0.17391304347826086,0.8260869565217391,4,23,7,35,-0.014295544978429553,0,20.8094603651181
2022-07-14,26.8663,27.9454,2022-07-20,2022-08-17,0.13043478260869565,0.8695652173913043,3,23,6,34,0.0020149291212034903,0,20.851389952804304
2022-07-15,25.2066,26.5589,2022-07-20,2022-08-17,0.08695652173913043,0.9130434782608696,2,23,5,33,-0.05114737620501042,0,19.784896066490848
2022-07-18,25.7016,27.3971,2022-07-20,2022-08-17,0.043478260869565216,0.9565217391304348,1,23,2,30,0.030571728920212315,0,20.389754545750183
2022-07-19,24.83,27.0352,2022-07-20,2022-08-17,0.0,1.0,0,23,1,29,-0.01405612456793659,0,20.103153615945466
2022-07-20,26.2684,27.5334,2022-08-17,2022-09-21,0.95,0.050000000000000044,19,20,28,63,-0.02836302302183824,0,19.532967407124854
2022-07-21,25.7437,27.2669,2022-08-17,2022-09-21,0.9,0.09999999999999998,18,20,27,62,-0.01943630573853128,0,19.153318680619208
2022-07-22,25.5044,27.1502,2022-08-17,2022-09-21,0.85,0.15000000000000002,17,20,26,61,-0.00876737042989617,0,18.985394440784372
2022-07-25,25.2141,27.0384,2022-08-17,2022-09-21,0.8,0.19999999999999996,16,20,23,58,-0.010233475863520747,0,18.79110786501518
2022-07-26,25.9513,27.4397,2022-08-17,2022-09-21,0.75,0.25,15,20,22,57,0.02619418459546452,0,19.283325613184676
2022-07-27,25.0001,26.6903,2022-08-17,2022-09-21,0.7,0.30000000000000004,14,20,21,56,-0.03421860397972909,0,18.62347713061494
2022-07-28,23.667,25.5516,2022-08-17,2022-09-21,0.65,0.35,13,20,20,55,-0.04997733969599105,0,17.69272528773768
2022-07-29,23.4158,25.3817,2022-08-17,2022-09-21,0.6,0.4,12,20,19,54,-0.009156434044858885,0,17.530723015566704
2022-08-01,24.2144,26.0517,2022-08-17,2022-09-21,0.55,0.44999999999999996,11,20,16,51,0.03087162468143334,0,18.071924916897444
2022-08-02,24.6115,26.3001,2022-08-17,2022-09-21,0.5,0.5,10,20,15,50,0.013185677914204108,0,18.310215498141332
2022-08-03,23.1634,25.1488,2022-08-17,2022-09-21,0.45,0.55,9,20,14,49,-0.051057126470195335,0,17.3753485097562
2022-08-04,23.2001,25.2502,2022-08-17,2022-09-21,0.4,0.6,8,20,13,48,0.00298016480474228,0,17.427129911855108
2022-08-05,22.4476,24.7969,2022-08-17,2022-09-21,0.35,0.65,7,20,12,47,-0.023453796454873888,0,17.01839755410981
2022-08-08,22.6589,24.8737,2022-08-17,2022-09-21,0.3,0.7,6,20,9,44,0.005166916965819501,0,17.106330201163203
2022-08-09,22.989,25.0329,2022-08-17,2022-09-21,0.25,0.75,5,20,8,43,0.008693780809492013,0,17.255048886386913
2022-08-10,21.3507,23.5999,2022-08-17,2022-09-21,0.2,0.8,4,20,7,42,-0.06053052523405078,0,16.21059171435469
2022-08-11,21.4995,23.8495,2022-08-17,2022-09-21,0.15,0.85,3,20,6,41,0.009910989431560768,0,16.371254717515004
2022-08-12,21.1867,23.6234,2022-08-17,2022-09-21,0.1,0.9,2,20,5,40,-0.010175979912329214,0,16.204661158369948
2022-08-15,20.426,23.2003,2022-08-17,2022-09-21,0.05,0.95,1,20,2,37,-0.01954085868399691,0,15.888008164652186
2022-08-16,20.0006,23.4392,2022-08-17,2022-09-21,0.0,1.0,0,20,1,36,0.008918944643223847,0,16.02971242996381
2022-08-17,23.2813,25.1173,2022-09-21,2022-10-19,0.9583333333333334,0.04166666666666663,23,24,35,63,-0.006736578040206109,0,15.921727021217293
2022-08-18,22.9999,24.9003,2022-09-21,2022-10-19,0.9166666666666666,0.08333333333333337,22,24,34,62,-0.011932487934080638,0,15.731741205646895
2022-08-19,24.1028,25.8998,2022-09-21,2022-10-19,0.875,0.125,21,24,33,61,0.04725238503745244,0,16.47510349840568
2022-08-22,25.8208,27.0156,2022-09-21,2022-10-19,0.8333333333333334,0.16666666666666663,20,24,30,58,0.06752564235631198,0,17.587595445022245
2022-08-23,25.3302,26.6492,2022-09-21,2022-10-19,0.7916666666666666,0.20833333333333337,19,24,29,57,-0.018059231512250862,0,17.26997698713678
2022-08-24,24.3501,25.9673,2022-09-21,2022-10-19,0.75,0.25,18,24,28,56,-0.035851407879778585,0,16.65082399809655
2022-08-25,23.5977,25.3689,2022-09-21,2022-10-19,0.7083333333333334,0.29166666666666663,17,24,27,55,-0.02883931745467494,0,16.170625598933523
2022-08-26,26.1802,27.1727,2022-09-21,2022-10-19,0.6666666666666666,0.33333333333333337,16,24,26,54,0.09767561847810913,0,17.7501014554873
2022-08-29,26.0278,27.0047,2022-09-21,2022-10-19,0.625,0.375,15,24,23,51,-0.0059446947245861415,0,17.644582521003997
2022-08-30,26.4608,27.4382,2022-09-21,2022-10-19,0.5833333333333334,0.41666666666666663,14,24,22,50,0.016412262003257405,0,17.934170032276807
2022-08-31,25.7939,26.9681,2022-09-21,2022-10-19,0.5416666666666666,0.45833333333333337,13,24,21,49,-0.021769350585546632,0,17.54375479738337
2022-09-01,25.6212,26.7581,2022-09-21,2022-10-19,0.5,0.5,12,24,20,48,-0.007207781131313595,0,17.4173032525824
2022-09-02,25.9363,26.8979,2022-09-21,2022-10-19,0.4583333333333333,0.5416666666666667,11,24,19,47,0.008684728509162909,0,17.568567802692836
2022-09-06,26.7579,27.429,2022-09-21,2022-10-19,0.4166666666666667,0.5833333333333333,10,24,15,43,0.025106461387273793,0,18.009652371860845
2022-09-07,24.8966,26.0503,2022-09-21,2022-10-19,0.375,0.625,9,24,14,42,-0.05818857094623109,0,16.96169643710386
2022-09-08,24.3161,25.7286,2022-09-21,2022-10-19,0.3333333333333333,0.6666666666666667,8,24,13,41,-0.016346143993426376,0,16.684438104770173
2022-09-09,23.9496,25.5941,2022-09-21,2022-10-19,0.2916666666666667,0.7083333333333333,7,24,12,40,-0.008386859223499465,0,16.544508071162277
2022-09-12,23.9193,25.3904,2022-09-21,2022-10-19,0.25,0.75,6,24,9,37,-0.006097086521722583,0,16.44363477399306
2022-09-13,26.745,27.5215,2022-09-21,2022-10-19,0.20833333333333334,0.7916666666666666,5,24,8,36,0.09210664348764386,0,17.95820277976226
2022-09-14,26.4161,27.4742,2022-09-21,2022-10-19,0.16666666666666666,0.8333333333333334,4,24,7,35,-0.003873089021501408,0,17.888649061730067
2022-09-15,26.3637,27.3471,2022-09-21,2022-10-19,0.125,0.875,3,24,6,34,-0.004199964466065964,0,17.813517371324874
2022-09-16,26.2206,27.2494,2022-09-21,2022-10-19,0.08333333333333333,0.9166666666666666,2,24,5,33,-0.003797176590291551,0,17.745876300171727
2022-09-19,25.7761,26.5139,2022-09-21,2022-10-19,0.041666666666666664,0.9583333333333334,1,24,2,30,-0.02618387306573744,0,17.281220527687754
2022-09-20,26.9999,27.3749,2022-09-21,2022-10-19,0.0,1.0,0,24,1,29,0.033082031064396444,0,17.852918402015405
2022-09-21,28.1968,28.0988,2022-10-19,2022-11-16,0.95,0.050000000000000044,19,20,28,56,0.030023853968416336,0,18.38893181702757
2022-09-22,28.0956,27.8839,2022-10-19,2022-11-16,0.9,0.09999999999999998,18,20,27,55,-0.003791337228069014,0,18.319213175245245
2022-09-23,29.8592,29.1893,2022-10-19,2022-11-16,0.85,0.15000000000000002,17,20,26,54,0.061186638517683134,0,19.44010424972736
2022-09-26,30.9247,30.0988,2022-10-19,2022-11-16,0.8,0.19999999999999996,16,20,23,51,0.035018313122727074,0,20.120863907482768
2022-09-27,31.383,30.5638,2022-10-19,2022-11-16,0.75,0.25,15,20,22,50,0.014943016015854571,0,20.421530299105115
2022-09-28,29.8919,29.6506,2022-10-19,2022-11-16,0.7,0.30000000000000004,14,20,21,49,-0.04319123618425691,0,19.539499160712506
2022-09-29,30.9432,30.3747,2022-10-19,2022-11-16,0.65,0.35,13,20,20,48,0.03196363722945139,0,20.16405262353069
2022-09-30,31.516,31.0717,2022-10-19,2022-11-16,0.6,0.4,12,20,19,47,0.02004506537406625,0,20.568242376575476
2022-10-03,29.9893,29.8482,2022-10-19,2022-11-16,0.55,0.44999999999999996,11,20,16,44,-0.04484674972589431,0,19.64582355841166
2022-10-04,28.7999,28.8294,2022-10-19,2022-11-16,0.5,0.5,10,20,15,43,-0.037179618058728825,0,18.91539934206074
2022-10-05,28.9643,29.0451,2022-10-19,2022-11-16,0.45,0.55,9,20,14,42,0.006595603278193529,0,19.040157811969575
2022-10-06,29.9193,29.8446,2022-10-19,2022-11-16,0.4,0.6,8,20,13,41,0.029972863350838486,0,19.61084586024614
2022-10-07,31.1984,31.0177,2022-10-19,2022-11-16,0.35,0.65,7,20,12,40,0.04068690065902403,0,20.40875039760141
2022-10-10,32.1078,31.7382,2022-10-19,2022-11-16,0.3,0.7,6,20,9,37,0.025308593416319747,0,20.92526716354946
2022-10-11,32.754,32.1758,2022-10-19,2022-11-16,0.25,0.75,5,20,8,36,0.01570469225484694,0,21.253892044703456
2022-10-12,32.1735,31.7784,2022-10-19,2022-11-16,0.2,0.8,4,20,7,35,-0.013711949282727343,0,20.96245975492592
2022-10-13,31.0521,30.9996,2022-10-19,2022-11-16,0.15,0.85,3,20,6,34,-0.026597257405025276,0,20.40491581698167
2022-10-14,31.9297,31.5866,2022-10-19,2022-11-16,0.1,0.9,2,20,5,33,0.02033670913223351,0,20.81988465481934
2022-10-17,31.1798,30.879,2022-10-19,2022-11-16,0.05,0.95,1,20,2,30,-0.02251136984988733,0,20.351200531122707
2022-10-18,30.8564,30.1507,2022-10-19,2022-11-16,0.0,1.0,0,20,1,29,-0.022918821882796814,0,19.884774991048825
2022-10-19,30.3978,29.9013,2022-11-16,2022-12-21,0.95,0.050000000000000044,19,20,28,63,0.008195497948638053,0,20.0477406236971
2022-10-20,29.9629,29.739,2022-11-16,2022-12-21,0.9,0.09999999999999998,18,20,27,62,-0.013869895853139136,0,19.769680549155673
2022-10-21,29.9854,29.6699,2022-11-16,2022-12-21,0.85,0.15000000000000002,17,20,26,61,0.0004455501926987626,0,19.778488934133943
2022-10-24,29.3523,29.333,2022-11-16,2022-12-21,0.8,0.19999999999999996,16,20,23,58,-0.01966292087918131,0,19.389586071112305
2022-10-25,28.1854,28.3979,2022-11-16,2022-12-21,0.75,0.25,15,20,22,57,-0.03818056428212191,0,18.649280733720463
2022-10-26,27.4876,27.8973,2022-11-16,2022-12-21,0.7,0.30000000000000004,14,20,21,56,-0.022965080506152535,0,18.220998500288736
2022-10-27,26.9184,27.4362,2022-11-16,2022-12-21,0.65,0.35,13,20,20,55,-0.019440785411062533,0,17.86676797846933
2022-10-28,26.2602,26.9064,2022-11-16,2022-12-21,0.6,0.4,12,20,19,54,-0.022629829263351442,0,17.462446069628655
2022-10-31,25.8753,26.3996,2022-11-16,2022-12-21,0.55,0.44999999999999996,11,20,16,51,-0.016353000978932553,0,17.17688267195746
2022-11-01,25.634,26.0041,2022-11-16,2022-12-21,0.5,0.5,10,20,15,50,-0.011898709501867777,0,16.972499934896174
2022-11-02,26.4475,26.6968,2022-11-16,2022-12-21,0.45,0.55,9,20,14,49,0.029168385358872673,0,17.467560353500666
2022-11-03,25.6701,26.0972,2022-11-16,2022-12-21,0.4,0.6,8,20,13,48,-0.025564033934664887,0,17.02101904786797
2022-11-04,25.5286,25.8355,2022-11-16,2022-12-21,0.35,0.65,7,20,12,47,-0.008239490618814349,0,16.8807745211004
2022-11-07,25.1559,25.5002,2022-11-16,2022-12-21,0.3,0.7,6,20,9,44,-0.013541233247635898,0,16.65218801590943
2022-11-08,26.1017,26.1902,2022-11-16,2022-12-21,0.25,0.75,5,20,8,43,0.030190286928606813,0,17.154922350098843
2022-11-09,26.857,27.0025,2022-11-16,2022-12-21,0.2,0.8,4,20,7,42,0.03049708471104573,0,17.67809747022122
2022-11-10,24.6297,25.6828,2022-11-16,2022-12-21,0.15,0.85,3,20,6,41,-0.05565557178553693,0,16.694212847435608
2022-11-11,23.95,25.4502,2022-11-16,2022-12-21,0.1,0.9,2,20,5,40,-0.011740134657089785,0,16.498220540612596
2022-11-14,24.237,25.3841,2022-11-16,2022-12-21,0.05,0.95,1,20,2,37,-0.001216987389022428,0,16.47814241427336
2022-11-15,24.584,25.75,2022-11-16,2022-12-21,0.0,1.0,0,20,1,36,0.014409865934212895,0,16.715590237307907
2022-11-16,25.0542,26.8509,2022-12-21,2023-01-18,0.9583333333333334,0.04166666666666663,23,24,35,63,-0.027021359223300956,0,16.26391226887611
2022-11-17,24.7666,26.6705,2022-12-21,2023-01-18,0.9166666666666666,0.08333333333333337,22,24,34,62,-0.011267166585834043,0,16.08066406000529
2022-11-18,24.515,26.5116,2022-12-21,2023-01-18,0.875,0.125,21,24,33,61,-0.00978425165101926,0,15.923326796126696
2022-11-21,23.8139,25.9522,2022-12-21,2023-01-18,0.8333333333333334,0.16666666666666663,20,24,30,58,-0.027595365557454454,0,15.483916772296771
2022-11-22,22.9505,25.2737,2022-12-21,2023-01-18,0.7916666666666666,0.20833333333333337,19,24,29,57,-0.03444656903070353,0,14.950548964334182
2022-11-23,22.4026,24.8493,2022-12-21,2023-01-18,0.75,0.25,18,24,28,56,-0.02228214100293746,0,14.617418724239567
2022-11-25,22.4869,25.1004,2022-12-21,2023-01-18,0.7083333333333334,0.29166666666666663,17,24,26,54,0.005474862884014664,0,14.697447087473007
2022-11-28,23.4033,25.8527,2022-12-21,2023-01-18,0.6666666666666666,0.33333333333333337,16,24,23,51,0.03735778390663036,0,15.246511139745957
2022-11-29,23.0397,25.4652,2022-12-21,2023-01-18,0.625,0.375,15,24,22,50,-0.01534146351533805,0,15.01260734535935
2022-11-30,22.122,24.6671,2022-12-21,2023-01-18,0.5833333333333334,0.41666666666666663,14,24,21,49,-0.036445798696306375,0,14.465460880143691
2022-12-01,21.5747,24.3418,2022-12-21,2023-01-18,0.5416666666666666,0.45833333333333337,13,24,20,48,-0.01961828178274172,0,14.181673392479807
2022-12-02,21.2041,23.878,2022-12-21,2023-01-18,0.5,0.5,12,24,19,47,-0.018093836009608344,0,13.925072519774451
2022-12-05,21.6851,24.2994,2022-12-21,2023-01-18,0.4583333333333333,0.5416666666666667,11,24,16,44,0.020016813768657604,0,14.203808103117828
2022-12-06,22.4502,24.7988,2022-12-21,2023-01-18,0.4166666666666667,0.5833333333333333,10,24,15,43,0.026889500409701173,0,14.585741406925932
2022-12-07,22.8621,25.1489,2022-12-21,2023-01-18,0.375,0.625,9,24,14,42,0.015778613824531496,0,14.815884187930294
2022-12-08,22.3978,24.6494,2022-12-21,2023-01-18,0.3333333333333333,0.6666666666666667,8,24,13,41,-0.020019471951949974,0,14.519278009986685
2022-12-09,23.1016,25.0979,2022-12-21,2023-01-18,0.2916666666666667,0.7083333333333333,7,24,12,40,0.022327418594466186,0,14.843456007805086
2022-12-12,23.1023,24.9368,2022-12-21,2023-01-18,0.25,0.75,6,24,9,37,-0.004646352541871845,0,14.774488078253057
2022-12-13,21.6885,23.9474,2022-12-21,2023-01-18,0.20833333333333334,0.7916666666666666,5,24,8,36,-0.04475415344485445,0,14.113268371729747
2022-12-14,20.6262,23.2012,2022-12-21,2023-01-18,0.16666666666666666,0.8333333333333334,4,24,7,35,-0.034589650667476324,0,13.62509534897527
2022-12-15,22.3075,24.62,2022-12-21,2023-01-18,0.125,0.875,3,24,6,34,0.06422570960578855,0,14.500176766209737
2022-12-16,22.4507,24.681,2022-12-21,2023-01-18,0.08333333333333333,0.9166666666666666,2,24,5,33,0.002929398014359208,0,14.54265355523653
2022-12-19,22.147,24.0198,2022-12-21,2023-01-18,0.041666666666666664,0.9583333333333334,1,24,2,30,-0.025776880245300338,0,14.167789316094307
2022-12-20,21.4848,23.9359,2022-12-21,2023-01-18,0.0,1.0,0,24,1,29,-0.004510771274188863,0,14.10388165902851
2022-12-21,23.0131,24.3394,2023-01-18,2023-02-15,0.9411764705882353,0.05882352941176472,16,17,28,56,-0.038552968553511646,0,13.560135152945534
2022-12-22,24.2555,25.301,2023-01-18,2023-02-15,0.8823529411764706,0.11764705882352944,15,17,27,55,0.0530889137407049,0,14.280027998392562
2022-12-23,23.6302,24.8909,2023-01-18,2023-02-15,0.8235294117647058,0.17647058823529416,14,17,26,54,-0.024611126728107946,0,13.928580419643191
2022-12-27,23.4524,24.8001,2023-01-18,2023-02-15,0.7647058823529411,0.23529411764705888,13,17,22,50,-0.006810433161403728,0,13.833720753661973
2022-12-28,23.5481,24.7588,2023-01-18,2023-02-15,0.7058823529411765,0.2941176470588235,12,17,21,49,0.0026700052662631535,0,13.870656860926264
2022-12-29,23.2091,24.4999,2023-01-18,2023-02-15,0.6470588235294118,0.3529411764705882,11,17,20,48,-0.013196063106834521,0,13.687618797656235
2022-12-30,23.0981,24.5453,2023-01-18,2023-02-15,0.5882352941176471,0.4117647058823529,10,17,19,47,-0.0023579447650319274,0,13.655344148566549
2023-01-03,23.0514,24.0825,2023-01-18,2023-02-15,0.5294117647058824,0.47058823529411764,9,17,15,43,-0.009202128808452614,0,13.529685912787691
2023-01-04,22.401,23.3757,2023-01-18,2023-02-15,0.47058823529411764,0.5294117647058824,8,17,14,42,-0.028761184696890263,0,13.140556117359091
2023-01-05,22.6516,23.5365,2023-01-18,2023-02-15,0.4117647058823529,0.5882352941176471,7,17,13,41,0.008860612958312863,0,13.256989499172
2023-01-06,22.1957,22.9488,2023-01-18,2023-02-15,0.35294117647058826,0.6470588235294117,6,17,12,40,-0.023020301772260998,0,12.951809600309364
2023-01-09,22.2669,23.0757,2023-01-18,2023-02-15,0.29411764705882354,0.7058823529411764,5,17,9,37,0.004727821561106849,0,13.013043444993057
2023-01-10,21.0949,22.1945,2023-01-18,2023-02-15,0.23529411764705882,0.7647058823529411,4,17,8,36,-0.04233020101591045,0,12.462198700137725
2023-01-11,21.2004,22.3485,2023-01-18,2023-02-15,0.17647058823529413,0.8235294117647058,3,17,7,35,0.006500261056276546,0,12.543206245023809
2023-01-12,19.82,21.252,2023-01-18,2023-02-15,0.11764705882352941,0.8823529411764706,2,17,6,34,-0.05177483437375974,0,11.893783819171793
2023-01-13,19.4988,20.7317,2023-01-18,2023-02-15,0.058823529411764705,0.9411764705882353,1,17,5,33,-0.02356704424976297,0,11.613482489608256
2023-01-17,19.3155,20.9452,2023-01-18,2023-02-15,0.0,1.0,0,17,1,29,0.009204569398016949,0,11.72037959513651
2023-01-18,21.6874,22.5799,2023-02-15,2023-03-22,0.95,0.050000000000000044,19,20,28,63,0.035435326470981465,0,12.135695072454002
2023-01-19,21.7451,22.6023,2023-02-15,2023-03-22,0.9,0.09999999999999998,18,20,27,62,0.002573851263285354,0,12.166930546547084
2023-01-20,21.086,22.032,2023-02-15,2023-03-22,0.85,0.15000000000000002,17,20,26,61,-0.029784497329921833,0,11.804544636170107
2023-01-23,20.7548,21.8469,2023-02-15,2023-03-22,0.8,0.19999999999999996,16,20,23,58,-0.014569740765690398,0,11.632555480964088
2023-01-24,19.9502,21.0023,2023-02-15,2023-03-22,0.75,0.25,15,20,22,57,-0.03874464674475353,0,11.181856228115388
2023-01-25,19.9583,21.0531,2023-02-15,2023-03-22,0.7,0.30000000000000004,14,20,21,56,0.0009288473264408292,0,11.192242465377518
2023-01-26,19.6703,20.8311,2023-02-15,2023-03-22,0.65,0.35,13,20,20,55,-0.013220458289503356,0,11.044275890697987
2023-01-27,19.3177,20.4616,2023-02-15,2023-03-22,0.6,0.4,12,20,19,54,-0.0178573741145156,0,10.84705412429387
2023-01-30,20.0481,20.874,2023-02-15,2023-03-22,0.55,0.44999999999999996,11,20,16,51,0.030502759508598265,0,11.177919207623953
2023-01-31,19.5257,20.4806,2023-02-15,2023-03-22,0.5,0.5,10,20,15,50,-0.02274023366098188,0,10.923730712999006
2023-02-01,18.7506,19.9559,2023-02-15,2023-03-22,0.45,0.55,9,20,14,49,-0.03248988284345211,0,10.56881998192025
2023-02-02,19.2989,20.3479,2023-02-15,2023-03-22,0.4,0.6,8,20,13,48,0.023815110246650395,0,10.820517594966683
2023-02-03,19.3373,20.5476,2023-02-15,2023-03-22,0.35,0.65,7,20,12,47,0.006783318195731525,0,10.893916608855852
2023-02-06,20.0124,20.95,2023-02-15,2023-03-22,0.3,0.7,6,20,9,44,0.02473887515873452,0,11.163419851832002
2023-02-07,19.2146,20.3507,2023-02-15,2023-03-22,0.25,0.75,5,20,8,43,-0.03187667160811125,0,10.807567183191685
2023-02-08,20.0524,21.1509,2023-02-15,2023-03-22,0.2,0.8,4,20,7,42,0.040345498195391016,0,11.243603865477711
2023-02-09,20.8103,21.7857,2023-02-15,2023-03-22,0.15,0.85,3,20,6,41,0.03150416602965911,0,11.597824228427438
2023-02-10,20.9304,22.0492,2023-02-15,2023-03-22,0.1,0.9,2,20,5,40,0.011182847575647914,0,11.727520928983099
2023-02-13,19.9144,21.2484,2023-02-15,2023-03-22,0.05,0.95,1,20,2,37,-0.03748497993373834,0,11.28791504228767
2023-02-14,18.6489,20.4267,2023-02-15,2023-03-22,0.0,1.0,0,20,1,36,-0.03984052271536276,0,10.838198606636322
2023-02-15,20.0523,21.1038,2023-03-22,2023-04-19,0.9583333333333334,0.04166666666666663,23,24,35,63,-0.01832895181306826,0,10.639545786634821
2023-02-16,21.1605,21.901,2023-03-22,2023-04-19,0.9166666666666666,0.08333333333333337,22,24,34,62,0.05450017592540202,0,11.219402903772789
2023-02-17,21.2482,21.9486,2023-03-22,2023-04-19,0.875,0.125,21,24,33,61,0.0039750026014415685,0,11.264000059501907
2023-02-21,22.9011,23.2459,2023-03-22,2023-04-19,0.8333333333333334,0.16666666666666663,20,24,29,57,0.07538755375367634,0,12.11316546946902
2023-02-22,22.2109,22.7161,2023-03-22,2023-04-19,0.7916666666666666,0.20833333333333337,19,24,28,56,-0.0288984358779657,0,11.76311393387038
2023-02-23,21.3726,22.1509,2023-03-22,2023-04-19,0.75,0.25,18,24,27,55,-0.03501518705810225,0,11.35122629909014
2023-02-24,22.1873,22.8954,2023-03-22,2023-04-19,0.7083333333333334,0.29166666666666663,17,24,26,54,0.036961261732239015,0,11.770781945312686
2023-02-27,21.3317,22.25,2023-03-22,2023-04-19,0.6666666666666666,0.33333333333333337,16,24,23,51,-0.035469220594438244,0,11.35328148392536
2023-02-28,20.7757,21.7518,2023-03-22,2023-04-19,0.625,0.375,15,24,22,50,-0.024805356058995587,0,11.071659294278588
2023-03-01,21.0322,22.0497,2023-03-22,2023-04-19,0.5833333333333334,0.41666666666666663,14,24,21,49,0.01286672866882399,0,11.214115330331735
2023-03-02,20.2009,21.2499,2023-03-22,2023-04-19,0.5416666666666666,0.45833333333333337,13,24,20,48,-0.038132408760654934,0,10.786494100666397
2023-03-03,19.4984,20.7153,2023-03-22,2023-04-19,0.5,0.5,12,24,19,47,-0.03024635718467583,0,10.460241947327242
2023-03-06,19.2202,20.3629,2023-03-22,2023-04-19,0.4583333333333333,0.5416666666666667,11,24,16,44,-0.015681223065771133,0,10.296212560029268
2023-03-07,19.7516,20.8009,2023-03-22,2023-04-19,0.4166666666666667,0.5833333333333333,10,24,15,43,0.024235314032703625,0,10.545744504769045
2023-03-08,19.3052,20.4505,2023-03-22,2023-04-19,0.375,0.625,9,24,14,42,-0.01917137650630618,0,10.343568066328809
2023-03-09,21.7964,22.4264,2023-03-22,2023-04-19,0.3333333333333333,0.6666666666666667,8,24,13,41,0.10834304708615505,0,11.46422174837792
2023-03-10,24.1808,24.7848,2023-03-22,2023-04-19,0.2916666666666667,0.7083333333333333,7,24,12,40,0.10654591502973787,0,12.685687744662667
2023-03-13,25.3724,25.5333,2023-03-22,2023-04-19,0.25,0.75,6,24,9,37,0.03566786859354254,0,13.13815918815801
2023-03-14,23.7017,23.9083,2023-03-22,2023-04-19,0.20833333333333334,0.7916666666666666,5,24,8,36,-0.06419096166311833,0,12.294808115387013
2023-03-15,25.8129,25.8726,2023-03-22,2023-04-19,0.16666666666666666,0.8333333333333334,4,24,7,35,0.08359030264006484,0,13.322534846653738
2023-03-16,23.0155,23.5506,2023-03-22,2023-04-19,0.125,0.875,3,24,6,34,-0.09284560295767597,0,12.085596065891522
2023-03-17,25.6342,26.1463,2023-03-22,2023-04-19,0.08333333333333333,0.9166666666666666,2,24,5,33,0.11065435245811317,0,13.42291987263307
2023-03-20,24.1683,24.942,2023-03-22,2023-04-19,0.041666666666666664,0.9583333333333334,1,24,2,30,-0.046970487815389705,0,12.792438778308608
2023-03-21,21.5908,22.7699,2023-03-22,2023-04-19,0.0,1.0,0,24,1,29,-0.0878768581862901,0,11.668279449930383
2023-03-22,23.5,23.7107,2023-04-19,2023-05-17,0.9473684210526315,0.052631578947368474,18,19,28,56,0.03206426027343112,0,12.04241419915608
2023-03-23,24.2236,24.4969,2023-04-19,2023-05-17,0.8947368421052632,0.10526315789473684,17,19,27,55,0.030917101381274348,0,12.414730739826686
2023-03-24,23.2241,23.959,2023-04-19,2023-05-17,0.8421052631578947,0.1578947368421053,16,19,26,54,-0.03920897579183813,0,11.927961862786631
2023-03-27,22.2674,23.0993,2023-04-19,2023-05-17,0.7894736842105263,0.21052631578947367,15,19,23,51,-0.0403332772594579,0,11.446868069834618
2023-03-28,21.6995,22.7125,2023-04-19,2023-05-17,0.7368421052631579,0.26315789473684215,14,19,22,50,-0.023605784316530487,0,11.176655771078323
2023-03-29,20.9309,22.1493,2023-04-19,2023-05-17,0.6842105263157895,0.3157894736842105,13,19,21,49,-0.03252958209488055,0,10.81308382962681
2023-03-30,20.8277,22.1587,2023-04-19,2023-05-17,0.631578947368421,0.368421052631579,12,19,20,48,-0.0031733529219315493,0,10.778770098460972
2023-03-31,20.7642,22.1285,2023-04-19,2023-05-17,0.5789473684210527,0.42105263157894735,11,19,19,47,-0.0024031998554226996,0,10.752866559718717
2023-04-03,20.2095,21.5513,2023-04-19,2023-05-17,0.5263157894736842,0.4736842105263158,10,19,16,44,-0.026439062121547563,0,10.468570852761601
2023-04-04,20.5997,21.9997,2023-04-19,2023-05-17,0.47368421052631576,0.5263157894736843,9,19,15,43,0.020041574855317323,0,10.678377499135417
2023-04-05,20.4184,21.8447,2023-04-19,2023-05-17,0.42105263157894735,0.5789473684210527,8,19,14,42,-0.007848408327398748,0,10.594569232248094
2023-04-06,19.9781,21.4985,2023-04-19,2023-05-17,0.3684210526315789,0.631578947368421,7,19,13,41,-0.018161282274825385,0,10.402158269841058
2023-04-10,19.804,21.2259,2023-04-19,2023-05-17,0.3157894736842105,0.6842105263157895,6,19,9,37,-0.011286013301704978,0,10.28475937324119
2023-04-11,19.7666,20.971,2023-04-19,2023-05-17,0.2631578947368421,0.736842105263158,5,19,8,36,-0.008962644964404909,0,10.192580726434494
2023-04-12,19.9518,21.0517,2023-04-19,2023-05-17,0.21052631578947367,0.7894736842105263,4,19,7,35,0.0052386813343627825,0,10.245976408835052
2023-04-13,18.7342,20.4359,2023-04-19,2023-05-17,0.15789473684210525,0.8421052631578947,3,19,6,34,-0.03566232800372715,0,9.880581037424726
2023-04-14,18.3523,20.09,2023-04-19,2023-05-17,0.10526315789473684,0.8947368421052632,2,19,5,33,-0.017433457644900563,0,9.708328346401775
2023-04-17,17.416,19.5767,2023-04-19,2023-05-17,0.05263157894736842,0.9473684210526316,1,19,2,30,-0.028021497768845216,0,9.436286445303862
2023-04-18,17.0513,19.4442,2023-04-19,2023-05-17,0.0,1.0,0,19,1,29,-0.007435709252059053,0,9.366120962877437
2023-04-19,19.4007,21.3612,2023-05-17,2023-06-21,0.95,0.050000000000000044,19,20,28,63,-0.0022371709815779406,0,9.345167348849337
2023-04-20,19.8376,21.8001,2023-05-17,2023-06-21,0.9,0.09999999999999998,18,20,27,62,0.022411721792065853,0,9.554608639572047
2023-04-21,19.4083,21.638,2023-05-17,2023-06-21,0.85,0.15000000000000002,17,20,26,61,-0.020094989230726834,0,9.362608881856037
2023-04-24,19.3262,21.5595,2023-05-17,2023-06-21,0.8,0.19999999999999996,16,20,23,58,-0.004131135700159327,0,9.323930674057571
2023-04-25,21.0194,22.9737,2023-05-17,2023-06-21,0.75,0.25,15,20,22,57,0.08281047860552304,0,10.096049835660997
2023-04-26,20.4248,22.4992,2023-05-17,2023-06-21,0.7,0.30000000000000004,14,20,21,56,-0.026249565568120747,0,9.831032913520797
2023-04-27,19.4461,21.8142,2023-05-17,2023-06-21,0.65,0.35,13,20,20,55,-0.04231410283212145,0,9.415041575872108
2023-04-28,18.4361,21.3015,2023-05-17,2023-06-21,0.6,0.4,12,20,19,54,-0.04123046510383377,0,9.026855032726969
2023-05-01,18.1693,20.8044,2023-05-17,2023-06-21,0.55,0.44999999999999996,11,20,16,51,-0.01832883436334709,0,8.861403302010169
2023-05-02,19.3402,21.4668,2023-05-17,2023-06-21,0.5,0.5,10,20,15,50,0.04867323048530636,0,9.292716427352165
2023-05-03,19.9541,21.9995,2023-05-17,2023-06-21,0.45,0.55,9,20,14,49,0.02809812042051618,0,9.553824292561615
2023-05-04,21.1905,22.9204,2023-05-17,2023-06-21,0.4,0.6,8,20,13,48,0.05042323973495999,0,10.035559065251134
2023-05-05,19.2868,21.347,2023-05-17,2023-06-21,0.35,0.65,7,20,12,47,-0.07672693180448109,0,9.265561409231768
2023-05-08,19.0021,20.9454,2023-05-17,2023-06-21,0.3,0.7,6,20,9,44,-0.017486969072424863,0,9.103534823429879
2023-05-09,19.4202,21.3303,2023-05-17,2023-06-21,0.25,0.75,5,20,8,43,0.019391614253912115,0,9.280067059072886
2023-05-10,18.8504,20.7546,2023-05-17,2023-06-21,0.2,0.8,4,20,7,42,-0.02753710237606255,0,9.02452090241047
2023-05-11,18.6032,20.5239,2023-05-17,2023-06-21,0.15,0.85,3,20,6,41,-0.011485361563108532,0,8.920871016912455
2023-05-12,18.5431,20.5509,2023-05-17,2023-06-21,0.1,0.9,2,20,5,40,0.0006886312101896941,0,8.927014207116779
2023-05-15,17.801,20.0649,2023-05-17,2023-06-21,0.05,0.95,1,20,2,37,-0.025140392292526736,0,8.702585567948903
2023-05-16,18.282,20.6437,2023-05-17,2023-06-21,0.0,1.0,0,20,1,36,0.028764960187612987,0,8.952915095340249
2023-05-17,19.9815,21.742,2023-06-21,2023-07-19,0.9565217391304348,0.04347826086956519,22,23,35,63,-0.03207758299142105,0,8.665727218354327
2023-05-18,19.1473,20.9557,2023-06-21,2023-07-19,0.9130434782608695,0.08695652173913049,21,23,34,62,-0.04148547151202486,0,8.306225438706308
2023-05-19,19.6485,21.4995,2023-06-21,2023-07-19,0.8695652173913043,0.13043478260869568,20,23,33,61,0.026154678092371375,0,8.52347209121834
2023-05-22,19.671,21.4467,2023-06-21,2023-07-19,0.8260869565217391,0.17391304347826086,19,23,30,58,0.0006374209371795558,0,8.528905130786749
2023-05-23,20.0458,21.6473,2023-06-21,2023-07-19,0.782608695652174,0.21739130434782605,18,23,29,57,0.017242617441339814,0,8.675965779150385
2023-05-24,20.9965,22.2087,2023-06-21,2023-07-19,0.7391304347826086,0.26086956521739135,17,23,28,56,0.04246698030042606,0,9.044407846980734
2023-05-25,20.4261,21.811,2023-06-21,2023-07-19,0.6956521739130435,0.30434782608695654,16,23,27,55,-0.02464948988428428,0,8.821467807247242
2023-05-26,19.5822,21.0499,2023-06-21,2023-07-19,0.6521739130434783,0.34782608695652173,15,23,26,54,-0.039270723799600615,0,8.475042381481767
2023-05-30,18.967,20.6501,2023-06-21,2023-07-19,0.6086956521739131,0.3913043478260869,14,23,22,50,-0.02688927540647479,0,8.247154632804557
2023-05-31,18.8651,20.446,2023-06-21,2023-07-19,0.5652173913043478,0.4347826086956522,13,23,21,49,-0.0072299075143406055,0,8.187528467552914
2023-06-01,17.7047,19.393,2023-06-21,2023-07-19,0.5217391304347826,0.4782608695652174,12,23,20,48,-0.05695984245717722,0,7.721168135927447
2023-06-02,16.9463,18.7589,2023-06-21,2023-07-19,0.4782608695652174,0.5217391304347826,11,23,19,47,-0.03775640625168786,0,7.429644575049783
2023-06-05,16.5014,18.3393,2023-06-21,2023-07-19,0.43478260869565216,0.5652173913043479,10,23,16,44,-0.024128096081781458,0,7.2503813968894955
2023-06-06,15.4181,17.372,2023-06-21,2023-07-19,0.391304347826087,0.6086956521739131,9,23,15,43,-0.05802294305582023,0,6.829692929964797
2023-06-07,15.4509,17.4953,2023-06-21,2023-07-19,0.34782608695652173,0.6521739130434783,8,23,14,42,0.0052920261726743245,0,6.8658358437014995
2023-06-08,15.0127,17.0487,2023-06-21,2023-07-19,0.30434782608695654,0.6956521739130435,7,23,13,41,-0.02643427425423539,0,6.684342456024535
2023-06-09,15.2378,17.1289,2023-06-21,2023-07-19,0.2608695652173913,0.7391304347826086,6,23,12,40,0.007565867560664685,0,6.734915305776944
2023-06-12,15.5628,17.1041,2023-06-21,2023-07-19,0.21739130434782608,0.782608695652174,5,23,9,37,0.003994583633131432,0,6.761818488227927
2023-06-13,15.3191,17.1144,2023-06-21,2023-07-19,0.17391304347826086,0.8260869565217391,4,23,8,36,-0.002678591337345937,0,6.743706339800654
2023-06-14,14.778,16.6008,2023-06-21,2023-07-19,0.13043478260869565,0.8695652173913043,3,23,7,35,-0.030852115409496728,0,6.53564873351737
2023-06-15,15.103,17.0878,2023-06-21,2023-07-19,0.08695652173913043,0.9130434782608696,2,23,6,34,0.028470838315398206,0,6.72172413189558
2023-06-16,14.3454,16.4772,2023-06-21,2023-07-19,0.043478260869565216,0.9565217391304348,1,23,5,33,-0.03685337969586422,0,6.474005880251979
2023-06-20,14.0254,16.5246,2023-06-21,2023-07-19,0.0,1.0,0,23,1,29,0.00191803606693286,0,6.4864232570278375
2023-06-21,16.179,17.5018,2023-07-19,2023-08-16,0.9473684210526315,0.052631578947368474,18,19,28,56,-0.020914273265313588,0,6.350764428515872
2023-06-22,15.7789,17.3498,2023-07-19,2023-08-16,0.8947368421052632,0.10526315789473684,17,19,27,55,-0.02381999703294646,0,6.199489238671682
2023-06-23,15.9547,17.569,2023-07-19,2023-08-16,0.8421052631578947,0.1578947368421053,16,19,26,54,0.011312437508438133,0,6.269620573268391
2023-06-26,15.9957,17.3156,2023-07-19,2023-08-16,0.7894736842105263,0.21052631578947367,15,19,23,51,-0.0003383312412212902,0,6.26749936475785
2023-06-27,15.5616,16.8875,2023-07-19,2023-08-16,0.7368421052631579,0.26315789473684215,14,19,22,50,-0.026597528637807732,0,6.100799370916261
2023-06-28,14.9918,16.3695,2023-07-19,2023-08-16,0.6842105263157895,0.3157894736842105,13,19,21,49,-0.03495601553291949,0,5.887539733343287
2023-06-29,15.3281,16.692,2023-07-19,2023-08-16,0.631578947368421,0.368421052631579,12,19,20,48,0.021517148487395943,0,6.014222800011078
2023-06-30,15.011,16.4003,2023-07-19,2023-08-16,0.5789473684210527,0.42105263157894735,11,19,19,47,-0.01943971232244568,0,5.897308038935769
2023-07-03,14.8946,16.3515,2023-07-19,2023-08-16,0.5263157894736842,0.4736842105263158,10,19,16,44,-0.005638434224229161,0,5.864056455458211
2023-07-05,15.2825,16.4596,2023-07-19,2023-08-16,0.47368421052631576,0.5263157894736843,9,19,14,42,0.016385492528946166,0,5.96014190869844
2023-07-06,16.1652,17.2288,2023-07-19,2023-08-16,0.42105263157894735,0.5789473684210527,8,19,13,41,0.05175209382452084,0,6.26859173196486
2023-07-07,15.8619,16.8278,2023-07-19,2023-08-16,0.3684210526315789,0.631578947368421,7,19,12,40,-0.02144471933117209,0,6.1341635416711675
2023-07-10,15.7747,16.6988,2023-07-19,2023-08-16,0.3157894736842105,0.6842105263157895,6,19,9,37,-0.006896575963784124,0,6.091858816831757
2023-07-11,15.5525,16.5759,2023-07-19,2023-08-16,0.2631578947368421,0.736842105263158,5,19,8,36,-0.009401968225331458,0,6.0345833538027
2023-07-12,14.2934,15.7668,2023-07-19,2023-08-16,0.21052631578947367,0.7894736842105263,4,19,7,35,-0.05688015593313778,0,5.691335311646885
2023-07-13,14.1923,15.9364,2023-07-19,2023-08-16,0.15789473684210525,0.8421052631578947,3,19,6,34,0.007285589950271731,0,5.732800046997046
2023-07-14,13.8048,15.7526,2023-07-19,2023-08-16,0.10526315789473684,0.8947368421052632,2,19,5,33,-0.013789856341240303,0,5.653745557915901
2023-07-17,13.699,15.7475,2023-07-19,2023-08-16,0.05263157894736842,0.9473684210526316,1,19,2,30,-0.0010098042069871527,0,5.648036381866283
2023-07-18,13.3001,15.5365,2023-07-19,2023-08-16,0.0,1.0,0,19,1,29,-0.014123653055318153,0,5.5682654755649885
2023-07-19,15.905,17.3468,2023-08-16,2023-09-20,0.95,0.050000000000000044,19,20,28,63,0.023718340681620598,0,5.700335493120145
2023-07-20,15.846,17.2747,2023-08-16,2023-09-20,0.9,0.09999999999999998,18,20,27,62,-0.0037337838116953126,0,5.679051672734701
2023-07-21,15.611,17.0242,2023-08-16,2023-09-20,0.85,0.15000000000000002,17,20,26,61,-0.014794666539911794,0,5.595031996973663
2023-07-24,15.3804,16.6594,2023-08-16,2023-09-20,0.8,0.19999999999999996,16,20,23,58,-0.015845940524477742,0,5.506373452717068
2023-07-25,15.3462,16.7516,2023-08-16,2023-09-20,0.75,0.25,15,20,22,57,-0.0005704710863254636,0,5.503232225871784
2023-07-26,14.8878,16.3968,2023-08-16,2023-09-20,0.7,0.30000000000000004,14,20,21,56,-0.027552070227519487,0,5.351606785106216
2023-07-27,15.6879,16.9633,2023-08-16,2023-09-20,0.65,0.35,13,20,20,55,0.04758775789576619,0,5.6062777531491905
2023-07-28,14.9886,16.5351,2023-08-16,2023-09-20,0.6,0.4,12,20,19,54,-0.03746151829426636,0,5.396258076536853
2023-07-31,14.8634,16.3393,2023-08-16,2023-09-20,0.55,0.44999999999999996,11,20,16,51,-0.009831359885181024,0,5.343205521353105
2023-08-01,15.0724,16.5652,2023-08-16,2023-09-20,0.5,0.5,10,20,15,50,0.013949717131898742,0,5.4177417269535795
2023-08-02,16.7022,17.7566,2023-08-16,2023-09-20,0.45,0.55,9,20,14,49,0.08917237717146675,0,5.900854635647078
2023-08-03,16.7483,17.6502,2023-08-16,2023-09-20,0.4,0.6,8,20,13,48,-0.0021857850772935006,0,5.887956635641203
2023-08-04,17.5076,18.1354,2023-08-16,2023-09-20,0.35,0.65,7,20,12,47,0.034404815887617124,0,6.090530699644711
2023-08-07,16.2943,17.4,2023-08-16,2023-09-20,0.3,0.7,6,20,9,44,-0.05038410508789248,0,5.783664760832777
2023-08-08,16.4955,17.7233,2023-08-16,2023-09-20,0.25,0.75,5,20,8,43,0.016795472774367104,0,5.88080414485941
2023-08-09,16.3469,17.5875,2023-08-16,2023-09-20,0.2,0.8,4,20,7,42,-0.00798100635322574,0,5.833869409617211
2023-08-10,16.0072,17.6997,2023-08-16,2023-09-20,0.15,0.85,3,20,6,41,0.0012584071633472416,0,5.841210792672306
2023-08-11,15.3536,17.0503,2023-08-16,2023-09-20,0.1,0.9,2,20,5,40,-0.037259917487421856,0,5.6235677605106975
2023-08-14,14.8456,16.7773,2023-08-16,2023-09-20,0.05,0.95,1,20,2,37,-0.017564510329294514,0,5.52479254649372
2023-08-15,16.1726,17.696,2023-08-16,2023-09-20,0.0,1.0,0,20,1,36,0.05629944519764307,0,5.83583530169339
2023-08-16,18.0118,18.5461,2023-09-20,2023-10-18,0.9583333333333334,0.04166666666666663,23,24,35,63,0.01784584086799268,0,5.939980689819224
2023-08-17,18.8548,19.2015,2023-09-20,2023-10-18,0.9166666666666666,0.08333333333333337,22,24,34,62,0.046311436113373405,0,6.215069726050459
2023-08-18,18.4487,18.925,2023-09-20,2023-10-18,0.875,0.125,21,24,33,61,-0.020933406824142464,0,6.084967143034633
2023-08-21,17.8493,18.5019,2023-09-20,2023-10-18,0.8333333333333334,0.16666666666666663,20,24,30,58,-0.03119489362506822,0,5.895147240295632
2023-08-22,17.901,18.6903,2023-09-20,2023-10-18,0.7916666666666666,0.20833333333333337,19,24,29,57,0.004147625393973398,0,5.919598102690695
2023-08-23,17.2933,18.1989,2023-09-20,2023-10-18,0.75,0.25,18,24,28,56,-0.032297630950445355,0,5.728409107795034
2023-08-24,18.0102,18.7774,2023-09-20,2023-10-18,0.7083333333333334,0.29166666666666663,17,24,27,55,0.03894473078876959,0,5.951500458346047
2023-08-25,17.1776,18.0894,2023-09-20,2023-10-18,0.6666666666666666,0.33333333333333337,16,24,26,54,-0.043349042720636666,0,5.693508610725315
2023-08-28,16.4326,17.5005,2023-09-20,2023-10-18,0.625,0.375,15,24,23,51,-0.039639924796833204,0,5.467818357566042
2023-08-29,15.9027,17.1967,2023-09-20,2023-10-18,0.5833333333333334,0.41666666666666663,14,24,22,50,-0.026442752172992856,0,5.3232341918099815
2023-08-30,15.3029,16.7006,2023-09-20,2023-10-18,0.5416666666666666,0.45833333333333337,13,24,21,49,-0.033852097085489086,0,5.1430315511400355
2023-08-31,15.0438,16.3736,2023-09-20,2023-10-18,0.5,0.5,12,24,20,48,-0.01820306744409894,0,5.049412600947504
2023-09-01,14.7971,16.2094,2023-09-20,2023-10-18,0.4583333333333333,0.5416666666666667,11,24,19,47,-0.013078739806604012,0,4.983372647363525
2023-09-05,14.9927,16.1975,2023-09-20,2023-10-18,0.4166666666666667,0.5833333333333333,10,24,15,43,0.005346591330484429,0,5.010016704356492
2023-09-06,15.3467,16.4978,2023-09-20,2023-10-18,0.375,0.625,9,24,14,42,0.020558440317288484,0,5.113014833761623
2023-09-07,15.3022,16.439,2023-09-20,2023-10-18,0.3333333333333333,0.6666666666666667,8,24,13,41,-0.0033260950243952925,0,5.0960084605633895
2023-09-08,14.9405,16.1484,2023-09-20,2023-10-18,0.2916666666666667,0.7083333333333333,7,24,12,40,-0.01957027990751381,0,4.996278148579105
2023-09-11,14.5844,15.8099,2023-09-20,2023-10-18,0.25,0.75,6,24,9,37,-0.021754320621946932,0,4.887587511818488
2023-09-12,14.6385,15.8595,2023-09-20,2023-10-18,0.20833333333333334,0.7916666666666666,5,24,8,36,0.003271836566200337,0,4.903578899360159
2023-09-13,13.9985,15.665,2023-09-20,2023-10-18,0.16666666666666666,0.8333333333333334,4,24,7,35,-0.01841141932538204,0,4.813297052048944
2023-09-14,13.3689,15.2378,2023-09-20,2023-10-18,0.125,0.875,3,24,6,34,-0.029955536780992942,0,4.669112155168446
2023-09-15,14.2528,15.7721,2023-09-20,2023-10-18,0.08333333333333333,0.9166666666666666,2,24,5,33,0.03852257911333079,0,4.848978397554938
2023-09-18,14.0971,15.6816,2023-09-20,2023-10-18,0.041666666666666664,0.9583333333333334,1,24,2,30,-0.006131691823896057,0,4.819245956360402
2023-09-19,14.0519,15.5728,2023-09-20,2023-10-18,0.0,1.0,0,24,1,29,-0.006797698559051213,0,4.786486175067137
2023-09-20,16.1696,16.8653,2023-10-18,2023-11-15,0.95,0.050000000000000044,19,20,28,56,0.038323230247611084,0,4.969919786831243
2023-09-21,17.4859,17.7975,2023-10-18,2023-11-15,0.9,0.09999999999999998,18,20,27,55,0.08004592584044401,0,5.367741617520891
2023-09-22,17.4916,17.8893,2023-10-18,2023-11-15,0.85,0.15000000000000002,17,20,26,54,0.000816917907457082,0,5.372126621770847
2023-09-25,17.4974,17.9872,2023-10-18,2023-11-15,0.8,0.19999999999999996,16,20,23,51,0.0011175838992711906,0,5.378130423988185
2023-09-26,19.1742,19.2555,2023-10-18,2023-11-15,0.75,0.25,15,20,22,50,0.09065458166243823,0,5.8656825877008645
2023-09-27,18.3022,18.75,2023-10-18,2023-11-15,0.7,0.30000000000000004,14,20,21,49,-0.04065612459802992,0,5.627206665562803
2023-09-28,17.3515,18.0194,2023-10-18,2023-11-15,0.65,0.35,13,20,20,48,-0.04798460014731609,0,5.35718740376946
2023-09-29,17.7712,18.2463,2023-10-18,2023-11-15,0.6,0.4,12,20,19,47,0.020029268822505664,0,5.4644879504121
2023-10-02,17.8507,18.238,2023-10-18,2023-11-15,0.55,0.44999999999999996,11,20,16,44,0.0024708761755869446,0,5.477990023500555
2023-10-03,19.6564,19.7982,2023-10-18,2023-11-15,0.5,0.5,10,20,15,43,0.0940486219544705,0,5.9931874362911195
2023-10-04,18.5177,18.9066,2023-10-18,2023-11-15,0.45,0.55,9,20,14,42,-0.05145914544818597,0,5.684783132308774
2023-10-05,18.1998,18.7461,2023-10-18,2023-11-15,0.4,0.6,8,20,13,41,-0.012349722487594028,0,5.614577638222605
2023-10-06,18.0342,18.4171,2023-10-18,2023-11-15,0.35,0.65,7,20,12,40,-0.014229597173511133,0,5.534684460131294
2023-10-09,17.6467,18.2263,2023-10-18,2023-11-15,0.3,0.7,6,20,9,37,-0.01420137794032017,0,5.456084314332553
2023-10-10,16.9878,17.6168,2023-10-18,2023-11-15,0.25,0.75,5,20,8,36,-0.03458372894049644,0,5.2673925733291815
2023-10-11,16.5021,17.3537,2023-10-18,2023-11-15,0.2,0.8,4,20,7,35,-0.018256484273649787,0,5.171228503651058
2023-10-12,16.9479,17.7476,2023-10-18,2023-11-15,0.15,0.85,3,20,6,34,0.023527385182658955,0,5.292893988524002
2023-10-13,19.2567,19.9214,2023-10-18,2023-11-15,0.1,0.9,2,20,5,33,0.12446642759143378,0,5.951681594895759
2023-10-16,17.1597,17.978,2023-10-18,2023-11-15,0.05,0.95,1,20,2,30,-0.09865358376987465,0,5.36452687610209
2023-10-17,17.8484,18.4362,2023-10-18,2023-11-15,0.0,1.0,0,20,1,29,0.026187365449848787,0,5.505009701872111
2023-10-18,19.5967,19.6143,2023-11-15,2023-12-20,0.95,0.050000000000000044,19,20,28,63,0.06294681116499046,0,5.8515325080372955
2023-10-19,20.5549,20.5479,2023-11-15,2023-12-20,0.9,0.09999999999999998,18,20,27,62,0.04883102913727133,0,6.137268862434954
2023-10-20,20.725,20.6987,2023-11-15,2023-12-20,0.85,0.15000000000000002,17,20,26,61,0.00818178279864945,0,6.187482663244312
2023-10-23,20.0003,20.0471,2023-11-15,2023-12-20,0.8,0.19999999999999996,16,20,23,58,-0.03444491605277822,0,5.974355342330841
2023-10-24,19.0875,19.2673,2023-11-15,2023-12-20,0.75,0.25,15,20,22,57,-0.04428860860204531,0,5.709759456924812
2023-10-25,20.3008,20.3601,2023-11-15,2023-12-20,0.7,0.30000000000000004,14,20,21,56,0.061841269675342314,0,6.062858231281835
2023-10-26,20.5375,20.4999,2023-11-15,2023-12-20,0.65,0.35,13,20,20,55,0.010218720885652344,0,6.124812887316583
2023-10-27,21.1865,21.2116,2023-11-15,2023-12-20,0.6,0.4,12,20,19,54,0.03269021074490075,0,6.325034311376047
2023-10-30,19.5901,19.707,2023-11-15,2023-12-20,0.55,0.44999999999999996,11,20,16,51,-0.07358182042918326,0,5.859626772467952
2023-10-31,18.1268,18.6006,2023-11-15,2023-12-20,0.5,0.5,10,20,15,50,-0.06631953185673767,0,5.471019068062671
2023-11-01,17.3005,17.8499,2023-11-15,2023-12-20,0.45,0.55,9,20,14,49,-0.042937970016935556,0,5.236104615356113
2023-11-02,16.5565,17.3431,2023-11-15,2023-12-20,0.4,0.6,8,20,13,48,-0.03485493961995545,0,5.0536005051441055
2023-11-03,16.1519,16.9746,2023-11-15,2023-12-20,0.35,0.65,7,20,12,47,-0.022488234402876173,0,4.939953952405931
2023-11-06,15.6461,16.3841,2023-11-15,2023-12-20,0.3,0.7,6,20,9,44,-0.03361099033928605,0,4.7739172078350975
2023-11-07,15.5014,16.3245,2023-11-15,2023-12-20,0.25,0.75,5,20,8,43,-0.005267065527418291,0,4.74877267307896
2023-11-08,15.1093,16.046,2023-11-15,2023-12-20,0.2,0.8,4,20,7,42,-0.019039967491225385,0,4.658356195760317
2023-11-09,15.8874,16.6544,2023-11-15,2023-12-20,0.15,0.85,3,20,6,41,0.040504052675320645,0,4.8470385004938
2023-11-10,14.8991,15.997,2023-11-15,2023-12-20,0.1,0.9,2,20,5,40,-0.042748656990752254,0,4.63983411421522
2023-11-13,14.8035,15.8467,2023-11-15,2023-12-20,0.05,0.95,1,20,2,37,-0.009116138075848323,0,4.597536745781002
2023-11-14,14.2701,15.7429,2023-11-15,2023-12-20,0.0,1.0,0,20,1,36,-0.00793185493214743,0,4.56106975126825
2023-11-15,15.3507,16.8307,2023-12-20,2024-01-17,0.9583333333333334,0.04166666666666663,23,24,35,63,-0.024912817841693746,0,4.447440651391644
2023-11-16,15.1459,16.6024,2023-12-20,2024-01-17,0.9166666666666666,0.08333333333333337,22,24,34,62,-0.013351561841032367,0,4.388060372500267
2023-11-17,14.9042,16.4004,2023-12-20,2024-01-17,0.875,0.125,21,24,33,61,-0.015614552476893695,0,4.319542773542084
2023-11-20,14.776,16.3301,2023-12-20,2024-01-17,0.8333333333333334,0.16666666666666663,20,24,30,58,-0.008015419556729131,0,4.284919825918907
2023-11-21,14.4523,16.0213,2023-12-20,2024-01-17,0.7916666666666666,0.20833333333333337,19,24,29,57,-0.021364570042600617,0,4.193374356171135
2023-11-22,14.5628,16.2486,2023-12-20,2024-01-17,0.75,0.25,18,24,28,56,0.009123197562335816,0,4.231631338875316
2023-11-24,13.8496,15.6449,2023-12-20,2024-01-17,0.7083333333333334,0.29166666666666663,17,24,26,54,-0.0457697248777883,0,4.0379507367107665
2023-11-27,13.9533,15.7645,2023-12-20,2024-01-17,0.6666666666666666,0.33333333333333337,16,24,23,51,0.0075374502656122555,0,4.068386589563716
2023-11-28,13.7842,15.5543,2023-12-20,2024-01-17,0.625,0.375,15,24,22,50,-0.01255750370382247,0,4.0172978098966885
2023-11-29,13.9997,15.8501,2023-12-20,2024-01-17,0.5833333333333334,0.41666666666666663,14,24,21,49,0.016999772459659113,0,4.085590958567619
2023-11-30,13.7578,15.5681,2023-12-20,2024-01-17,0.5416666666666666,0.45833333333333337,13,24,20,48,-0.01750819753521049,0,4.014059625016947
2023-12-01,13.6982,15.5089,2023-12-20,2024-01-17,0.5,0.5,12,24,19,47,-0.0040731161480773714,0,3.997709893938945
2023-12-04,13.8006,15.549,2023-12-20,2024-01-17,0.4583333333333333,0.5416666666666667,11,24,16,44,0.0048789506661051085,0,4.017214523288873
2023-12-05,13.663,15.417,2023-12-20,2024-01-17,0.4166666666666667,0.5833333333333333,10,24,15,43,-0.009124617594441609,0,3.9805589769690255
2023-12-06,13.737,15.5667,2023-12-20,2024-01-17,0.375,0.625,9,24,14,42,0.008045553071484468,0,4.012584775472404
2023-12-07,13.7485,15.5478,2023-12-20,2024-01-17,0.3333333333333333,0.6666666666666667,8,24,13,41,-0.0005040132051460366,0,4.010562379758798
2023-12-08,13.3417,15.0638,2023-12-20,2024-01-17,0.2916666666666667,0.7083333333333333,7,24,12,40,-0.030657321698952633,0,3.887609278688815
2023-12-11,12.9471,14.7916,2023-12-20,2024-01-17,0.25,0.75,6,24,9,37,-0.021144769390788798,0,3.805406677009449
2023-12-12,12.4035,14.3962,2023-12-20,2024-01-17,0.20833333333333334,0.7916666666666666,5,24,8,36,-0.030176948077436316,0,3.6905711173038056
2023-12-13,12.1843,14.2146,2023-12-20,2024-01-17,0.16666666666666666,0.8333333333333334,4,24,7,35,-0.013549288277916571,0,3.6405665053253036
2023-12-14,12.3048,14.1515,2023-12-20,2024-01-17,0.125,0.875,3,24,6,34,-0.0023421369657677937,0,3.632039799936845
2023-12-15,12.4649,14.6252,2023-12-20,2024-01-17,0.08333333333333333,0.9166666666666666,2,24,5,33,0.031212594946540717,0,3.745405187041989
2023-12-18,12.4176,14.6414,2023-12-20,2024-01-17,0.041666666666666664,0.9583333333333334,1,24,2,30,0.0007551541143209217,0,3.7482335451787825
2023-12-19,12.409,14.8894,2023-12-20,2024-01-17,0.0,1.0,0,24,1,29,0.016311261741421834,0,3.809371963602171
2023-12-20,15.8061,16.8908,2024-01-17,2024-02-14,0.9411764705882353,0.05882352941176472,16,17,28,56,0.06156728948110746,0,4.043904670026481
2023-12-21,15.4414,16.5186,2024-01-17,2024-02-14,0.8823529411764706,0.11764705882352944,15,17,27,55,-0.023008402140344164,0,3.9508608851612954
2023-12-22,15.0372,16.296,2024-01-17,2024-02-14,0.8235294117647058,0.17647058823529416,14,17,26,54,-0.024590962985465703,0,3.8537054113735696
2023-12-26,14.6063,15.9198,2024-01-17,2024-02-14,0.7647058823529411,0.23529411764705888,13,17,22,50,-0.027605848375228614,0,3.7473206041043925
2023-12-27,13.9935,15.3641,2024-01-17,2024-02-14,0.7058823529411765,0.2941176470588235,12,17,21,49,-0.04018439737010149,0,3.5967367838758926
2023-12-28,13.9837,15.3042,2024-01-17,2024-02-14,0.6470588235294118,0.3529411764705882,11,17,20,48,-0.0017042401707915156,0,3.590607080565048
2023-12-29,14.0512,15.2954,2024-01-17,2024-02-14,0.5882352941176471,0.4117647058823529,10,17,19,47,0.0028077000267459074,0,3.600688428161184
2024-01-02,14.1016,15.1958,2024-01-17,2024-02-14,0.5294117647058824,0.47058823529411764,9,17,15,43,-0.0007803544554120245,0,3.5978786149037187
2024-01-03,14.6997,15.6212,2024-01-17,2024-02-14,0.47058823529411764,0.5294117647058824,8,17,14,42,0.03535927121934579,0,3.725096980662383
2024-01-04,14.6618,15.6042,2024-01-17,2024-02-14,0.4117647058823529,0.5882352941176471,7,17,13,41,-0.0017669267867959082,0,3.7185150070238384
2024-01-05,14.2034,15.0979,2024-01-17,2024-02-14,0.35294117647058826,0.6470588235294117,6,17,12,40,-0.03197762749029098,0,3.5996057193121733
2024-01-08,13.7975,14.7882,2024-01-17,2024-02-14,0.29411764705882354,0.7058823529411764,5,17,9,37,-0.0232477627097466,0,3.5159229397009573
2024-01-09,13.4039,14.4285,2024-01-17,2024-02-14,0.23529411764705882,0.7647058823529411,4,17,8,36,-0.025500119904611984,0,3.4262664831632073
2024-01-10,13.3453,14.2977,2024-01-17,2024-02-14,0.17647058823529413,0.8235294117647058,3,17,7,35,-0.00802202116954509,0,3.3987809009027696
2024-01-11,13.0512,14.2522,2024-01-17,2024-02-14,0.11764705882352941,0.8823529411764706,2,17,6,34,-0.006325048281937362,0,3.377283447604833
2024-01-12,13.1811,14.4647,2024-01-17,2024-02-14,0.058823529411764705,0.9411764705882353,1,17,5,33,0.01437061196721423,0,3.4258170775336576
2024-01-16,13.9544,14.9876,2024-01-17,2024-02-14,0.0,1.0,0,17,1,29,0.0373634136400558,0,3.553817298056715
2024-01-17,15.5187,16.3519,2024-02-14,2024-03-20,0.95,0.050000000000000044,19,20,28,63,0.0354359603939256,0,3.6797502270779003
2024-01-18,15.0037,15.9966,2024-02-14,2024-03-20,0.9,0.09999999999999998,18,20,27,62,-0.03258375770226396,0,3.5598501372739433
2024-01-19,14.6052,15.6997,2024-02-14,2024-03-20,0.85,0.15000000000000002,17,20,26,61,-0.025712789321849505,0,3.4683164606768617
2024-01-22,14.0804,15.1727,2024-02-14,2024-03-20,0.8,0.19999999999999996,16,20,23,58,-0.03555532986331522,0,3.34499932484713
2024-01-23,13.7002,14.7723,2024-02-14,2024-03-20,0.75,0.25,15,20,22,57,-0.026872072319051865,0,3.255112261082658
2024-01-24,14.038,15.1205,2024-02-14,2024-03-20,0.7,0.30000000000000004,14,20,21,56,0.024369595993764426,0,3.334438031799592
2024-01-25,14.2261,15.309,2024-02-14,2024-03-20,0.65,0.35,13,20,20,55,0.013104732728760338,0,3.378134951006939
2024-01-26,14.1173,15.1767,2024-02-14,2024-03-20,0.6,0.4,12,20,19,54,-0.008012603803530638,0,3.351067294049661
2024-01-29,14.2508,15.2503,2024-02-14,2024-03-20,0.55,0.44999999999999996,11,20,16,51,0.007533150953231704,0,3.3763113898301746
2024-01-30,13.9929,15.0432,2024-02-14,2024-03-20,0.5,0.5,10,20,15,50,-0.015988490246129916,0,3.3223292681059777
2024-01-31,14.8735,15.6748,2024-02-14,2024-03-20,0.45,0.55,9,20,14,49,0.05207999696928978,0,3.4953561663199193
2024-02-01,14.6977,15.5533,2024-02-14,2024-03-20,0.4,0.6,8,20,13,48,-0.009529381688842764,0,3.4620475832726068
2024-02-02,14.5473,15.5485,2024-02-14,2024-03-20,0.35,0.65,7,20,12,47,-0.004144352859038025,0,3.4476996364727452
2024-02-05,13.9557,15.0004,2024-02-14,2024-03-20,0.3,0.7,6,20,9,44,-0.037065537225754897,0,3.3199087972538432
2024-02-06,13.5521,14.6468,2024-02-14,2024-03-20,0.25,0.75,5,20,8,43,-0.025097041667489273,0,3.2365889078368992
2024-02-07,13.3847,14.6441,2024-02-14,2024-03-20,0.2,0.8,4,20,7,42,-0.003052572074618509,0,3.2267089869198164
2024-02-08,13.3452,14.5328,2024-02-14,2024-03-20,0.15,0.85,3,20,6,41,-0.006735583530546263,0,3.2049752190096537
2024-02-09,13.3705,14.6955,2024-02-14,2024-03-20,0.1,0.9,2,20,5,40,0.009898527725491268,0,3.236699755074533
2024-02-12,13.8034,14.9534,2024-02-14,2024-03-20,0.05,0.95,1,20,2,37,0.018910938680217093,0,3.2979087856690215
2024-02-13,15.7525,16.0148,2024-02-14,2024-03-20,0.0,1.0,0,20,1,36,0.07423418524560454,0,3.5427263573874828
2024-02-14,15.1396,16.0462,2024-03-20,2024-04-17,0.9583333333333334,0.04166666666666663,23,24,35,63,-0.054649449259435046,0,3.349118313079372
2024-02-15,15.0189,15.9688,2024-03-20,2024-04-17,0.9166666666666666,0.08333333333333337,22,24,34,62,-0.007833754739099086,0,3.322882141622483
2024-02-16,14.9515,15.8956,2024-03-20,2024-04-17,0.875,0.125,21,24,33,61,-0.004496163137975295,0,3.3079419214254835
2024-02-20,15.5273,16.2898,2024-03-20,2024-04-17,0.8333333333333334,0.16666666666666663,20,24,29,57,0.03670324438166128,0,3.429354122167905
2024-02-21,15.3494,16.0978,2024-03-20,2024-04-17,0.7916666666666666,0.20833333333333337,19,24,28,56,-0.011514346886867699,0,3.389867349207354
2024-02-22,15.0348,15.9232,2024-03-20,2024-04-17,0.75,0.25,18,24,27,55,-0.01840873936789411,0,3.3274641646840615
2024-02-23,14.4301,15.4033,2024-03-20,2024-04-17,0.7083333333333334,0.29166666666666663,17,24,26,54,-0.038244990791051814,0,3.2002053283481646
2024-02-26,14.2522,15.2524,2024-03-20,2024-04-17,0.6666666666666666,0.33333333333333337,16,24,23,51,-0.011555360729104014,0,3.163225801371901
2024-02-27,13.9981,15.0229,2024-03-20,2024-04-17,0.625,0.375,15,24,22,50,-0.01685909390083362,0,3.109896680557033
2024-02-28,14.2232,15.2325,2024-03-20,2024-04-17,0.5833333333333334,0.41666666666666663,14,24,21,49,0.015246933752363967,0,3.1573130692221825
2024-02-29,14.0088,15.0507,2024-03-20,2024-04-17,0.5416666666666666,0.45833333333333337,13,24,20,48,-0.013713480559670255,0,3.1140153178266115
2024-03-01,14.0481,15.0964,2024-03-20,2024-04-17,0.5,0.5,12,24,19,47,0.0029153906798962126,0,3.1230938890612574
2024-03-04,14.0297,15.051,2024-03-20,2024-04-17,0.4583333333333333,0.5416666666666667,11,24,16,44,-0.00218909228156261,0,3.1162571483341175
2024-03-05,14.703,15.6063,2024-03-20,2024-04-17,0.4166666666666667,0.5833333333333333,10,24,15,43,0.0417875154611691,0,3.2464777921011083
2024-03-06,14.7897,15.6097,2024-03-20,2024-04-17,0.375,0.625,9,24,14,42,0.002502200984793701,0,3.2546011320296144
2024-03-07,14.6174,15.6174,2024-03-20,2024-04-17,0.3333333333333333,0.6666666666666667,8,24,13,41,-0.003907934806759883,0,3.2418823629836355
2024-03-08,15.0773,15.9453,2024-03-20,2024-04-17,0.2916666666666667,0.7083333333333333,7,24,12,40,0.024332529300665984,0,3.3207655605702473
2024-03-11,14.8956,15.8192,2024-03-20,2024-04-17,0.25,0.75,6,24,9,37,-0.009069300116406498,0,3.290648541085209
2024-03-12,13.9606,15.1004,2024-03-20,2024-04-17,0.20833333333333334,0.7916666666666666,5,24,8,36,-0.0495788508047702,0,3.1275019680158107
2024-03-13,13.7973,15.0363,2024-03-20,2024-04-17,0.16666666666666666,0.8333333333333334,4,24,7,35,-0.005703222724527945,0,3.109665127720817
2024-03-14,14.342,15.4042,2024-03-20,2024-04-17,0.125,0.875,3,24,6,34,0.026795146709103657,0,3.1929890610342797
2024-03-15,14.5984,15.6778,2024-03-20,2024-04-17,0.08333333333333333,0.9166666666666666,2,24,5,33,0.017775027543271094,0,3.2497445295395275
2024-03-18,14.3579,15.3308,2024-03-20,2024-04-17,0.041666666666666664,0.9583333333333334,1,24,2,30,-0.021691573886071347,0,3.179252455966165
2024-03-19,13.9448,14.9214,2024-03-20,2024-04-17,0.0,1.0,0,24,1,29,-0.02678529336345048,0,3.094095246256641
2024-03-20,14.5645,15.5459,2024-04-17,2024-05-22,0.9473684210526315,0.052631578947368474,18,19,28,63,-0.023918667149195105,0,3.0200886119335215
2024-03-21,14.4567,15.5371,2024-04-17,2024-05-22,0.8947368421052632,0.10526315789473684,17,19,27,62,-0.007018910945316925,0,2.9988908789193944
2024-03-22,14.4814,15.5795,2024-04-17,2024-05-22,0.8421052631578947,0.1578947368421053,16,19,26,61,0.0018230872123454755,0,3.004358118531972
2024-03-25,14.4005,15.4969,2024-04-17,2024-05-22,0.7894736842105263,0.21052631578947367,15,19,23,58,-0.005538697799066239,0,2.987717886833252
2024-03-26,14.3463,15.3954,2024-04-17,2024-05-22,0.7368421052631579,0.26315789473684215,14,19,22,57,-0.004384969375359482,0,2.9746168353972746
2024-03-27,14.0661,15.1988,2024-04-17,2024-05-22,0.6842105263157895,0.3157894736842105,13,19,21,56,-0.017657865449210552,0,2.9220914515548735
2024-03-28,14.3687,15.4185,2024-04-17,2024-05-22,0.631578947368421,0.368421052631579,12,19,20,55,0.019164239208530054,0,2.978091111121672
2024-04-01,14.5022,15.4306,2024-04-17,2024-05-22,0.5789473684210527,0.42105263157894735,11,19,16,51,0.006016324367166037,0,2.9960082732411535
2024-04-02,14.9996,15.7777,2024-04-17,2024-05-22,0.5263157894736842,0.4736842105263158,10,19,15,50,0.029148776014333633,0,3.08333824733495
2024-04-03,14.9446,15.644,2024-04-17,2024-05-22,0.47368421052631576,0.5263157894736843,9,19,14,49,-0.00600454870335243,0,3.064824192659918
2024-04-04,15.8308,16.2118,2024-04-17,2024-05-22,0.42105263157894735,0.5789473684210527,8,19,13,48,0.046929725367376385,0,3.208655550320739
2024-04-05,16.0774,16.5142,2024-04-17,2024-05-22,0.3684210526315789,0.631578947368421,7,19,12,47,0.017375782110210514,0,3.2644084500298294
2024-04-08,15.347,15.9546,2024-04-17,2024-05-22,0.3157894736842105,0.6842105263157895,6,19,9,44,-0.038067381969552394,0,3.1401409666579094
2024-04-09,15.0753,15.8977,2024-04-17,2024-05-22,0.2631578947368421,0.736842105263158,5,19,8,43,-0.007913071409634487,0,3.115292806952427
2024-04-10,15.3171,16.1527,2024-04-17,2024-05-22,0.21052631578947367,0.7894736842105263,4,19,7,42,0.0160399108155449,0,3.1652618257402523
2024-04-11,15.0239,15.8992,2024-04-17,2024-05-22,0.15789473684210525,0.8421052631578947,3,19,6,41,-0.016389899950223663,0,3.1133835011001074
2024-04-12,17.0882,17.1165,2024-04-17,2024-05-22,0.10526315789473684,0.8947368421052632,2,19,5,40,0.08572027747380351,0,3.3802635986967706
2024-04-15,18.4081,18.0133,2024-04-17,2024-05-22,0.05263157894736842,0.9473684210526316,1,19,2,37,0.05500544506359861,0,3.566196502375368
2024-04-16,18.2475,17.4557,2024-04-17,2024-05-22,0.0,1.0,0,19,1,36,-0.02976061404212782,0,3.460064304669788
2024-04-17,17.2093,17.5233,2024-05-22,2024-06-18,0.96,0.040000000000000036,24,25,35,62,-0.01411573296974633,0,3.4112229608869185
2024-04-18,17.3829,17.6459,2024-05-22,2024-06-18,0.92,0.07999999999999996,23,25,34,61,0.009961757905359692,0,3.445204738184478
2024-04-19,17.8354,17.9513,2024-05-22,2024-06-18,0.88,0.12,22,25,33,60,0.02532369107225141,0,3.5324500386549187
2024-04-22,16.4697,16.8052,2024-05-22,2024-06-18,0.84,0.16000000000000003,21,25,30,57,-0.07503641037512498,0,3.2673876679247824
2024-04-23,15.7943,16.2121,2024-05-22,2024-06-18,0.8,0.19999999999999996,20,25,29,56,-0.040078482731741305,0,3.136435727697955
2024-04-24,15.6252,16.0272,2024-05-22,2024-06-18,0.76,0.24,19,25,28,55,-0.01084906908109784,0,3.102408319819736
2024-04-25,16.0018,16.2415,2024-05-22,2024-06-18,0.72,0.28,18,25,27,54,0.021476585199546205,0,3.169037456424126
2024-04-26,15.3964,15.9111,2024-05-22,2024-06-18,0.68,0.31999999999999995,17,25,26,53,-0.03288336313414053,0,3.064828846958838
2024-04-29,15.1678,15.6545,2024-05-22,2024-06-18,0.64,0.36,16,25,23,50,-0.015266269025642432,0,3.018040345263615
2024-04-30,15.6634,15.952,2024-05-22,2024-06-18,0.6,0.4,15,25,22,49,0.027653240445878247,0,3.101498940606551
2024-05-01,15.7081,16.0814,2024-05-22,2024-06-18,0.56,0.43999999999999995,14,25,21,48,0.004980087256097221,0,3.116944675955465
2024-05-02,15.1632,15.6452,2024-05-22,2024-06-18,0.52,0.48,13,25,20,47,-0.03131684579575855,0,3.019331800184657
2024-05-03,14.5915,15.1674,2024-05-22,2024-06-18,0.48,0.52,12,25,19,46,-0.03420870749147753,0,2.916044361812424
2024-05-06,14.1983,14.7946,2024-05-22,2024-06-18,0.44,0.56,11,25,16,43,-0.025692889810790098,0,2.8411227553410017
2024-05-07,14.0973,14.7108,2024-05-22,2024-06-18,0.4,0.6,10,25,15,42,-0.00628726716921868,0,2.823259857517626
2024-05-08,13.9112,14.6128,2024-05-22,2024-06-18,0.36,0.64,9,25,14,41,-0.009210944737096827,0,2.7972549669915674
2024-05-09,13.8112,14.5709,2024-05-22,2024-06-18,0.32,0.6799999999999999,8,25,13,40,-0.004374305024768321,0,2.785018920533898
2024-05-10,13.5511,14.3785,2024-05-22,2024-06-18,0.28,0.72,7,25,12,39,-0.014940469560007719,0,2.7434094301276155
2024-05-13,13.8191,14.5261,2024-05-22,2024-06-18,0.24,0.76,6,25,9,36,0.0128164419614063,0,2.778570177865221
2024-05-14,13.5162,14.2591,2024-05-22,2024-06-18,0.2,0.8,5,25,8,35,-0.019198100919309957,0,2.72522690717918
2024-05-15,12.879,13.7759,2024-05-22,2024-06-18,0.16,0.84,4,25,7,34,-0.036426722757205265,0,2.625955822180888
2024-05-16,12.8347,13.7394,2024-05-22,2024-06-18,0.12,0.88,3,25,6,33,-0.0027689923326756904,0,2.6186845706433237
2024-05-17,12.6503,13.6146,2024-05-22,2024-06-18,0.08,0.92,2,25,5,32,-0.009680404048585056,0,2.5933346459237008
2024-05-20,12.5725,13.6021,2024-05-22,2024-06-18,0.04,0.96,1,25,2,29,-0.0013092563329475393,0,2.589939306115073
2024-05-21,12.1979,13.3887,2024-05-22,2024-06-18,0.0,1.0,0,25,1,28,-0.01621188421195152,0,2.547951509968353
2024-05-22,13.6649,14.514,2024-06-18,2024-07-17,0.9444444444444444,0.05555555555555558,17,18,27,56,0.02062933667943856,0,2.6005140595103744
2024-05-23,13.8561,14.6702,2024-06-18,2024-07-17,0.8888888888888888,0.11111111111111116,16,18,26,55,0.013802111926514149,0,2.6364066456262103
2024-05-24,13.4272,14.3147,2024-06-18,2024-07-17,0.8333333333333334,0.16666666666666663,15,18,25,54,-0.03016834104796884,0,2.5568706307998275
2024-05-28,13.7256,14.5635,2024-06-18,2024-07-17,0.7777777777777778,0.2222222222222222,14,18,21,50,0.0213724375603892,0,2.6115171887065896
2024-05-29,14.3394,14.9519,2024-06-18,2024-07-17,0.7222222222222222,0.2777777777777778,13,18,20,49,0.040520357618073266,0,2.7173367991187263
2024-05-30,14.2928,14.903,2024-06-18,2024-07-17,0.6666666666666666,0.33333333333333337,12,18,19,48,-0.00325571262123725,0,2.708489931405683
2024-05-31,13.7896,14.5813,2024-06-18,2024-07-17,0.6111111111111112,0.38888888888888884,11,18,18,47,-0.030539037816807113,0,2.6257752549640436
2024-06-03,13.6535,14.5124,2024-06-18,2024-07-17,0.5555555555555556,0.4444444444444444,10,18,15,44,-0.0078004466518256654,0,2.6052930351680126
2024-06-04,13.7165,14.5892,2024-06-18,2024-07-17,0.5,0.5,9,18,14,43,0.004925698895874131,0,2.6181259241947683
2024-06-05,13.3525,14.3946,2024-06-18,2024-07-17,0.4444444444444444,0.5555555555555556,8,18,13,42,-0.019734541099495906,0,2.5664584105400907
2024-06-06,13.2562,14.3165,2024-06-18,2024-07-17,0.3888888888888889,0.6111111111111112,7,18,12,41,-0.006186644122408991,0,2.550580645699116
2024-06-07,13.0098,14.2232,2024-06-18,2024-07-17,0.3333333333333333,0.6666666666666667,6,18,11,40,-0.0109923128527869,0,2.522543865285328
2024-06-10,13.0295,14.2355,2024-06-18,2024-07-17,0.2777777777777778,0.7222222222222222,5,18,8,37,0.0010685977007058867,0,2.525239449859702
2024-06-11,12.9694,14.2445,2024-06-18,2024-07-17,0.2222222222222222,0.7777777777777778,4,18,7,36,-0.0007333868885612826,0,2.523387472356697
2024-06-12,12.5556,13.9677,2024-06-18,2024-07-17,0.16666666666666666,0.8333333333333334,3,18,6,35,-0.02200711020984436,0,2.4678550061504025
2024-06-13,12.4105,13.9653,2024-06-18,2024-07-17,0.1111111111111111,0.8888888888888888,2,18,5,34,-0.0019066899207588195,0,2.4631495718842813
2024-06-14,12.9549,14.4134,2024-06-18,2024-07-17,0.05555555555555555,0.9444444444444444,1,18,4,33,0.03326434813010892,0,2.545084636739969
2024-06-17,12.8015,14.3193,2024-06-18,2024-07-17,0.0,1.0,0,18,1,30,-0.00679541690198604,0,2.5277897255824815
2024-06-18,14.2961,15.2964,2024-07-17,2024-08-21,0.9473684210526315,0.052631578947368474,18,19,29,64,-0.0016201909311209794,0,2.5236942235933117
2024-06-20,14.7681,15.6549,2024-07-17,2024-08-21,0.8947368421052632,0.10526315789473684,17,19,27,62,0.03247853654564392,0,2.6056601186643173
2024-06-21,14.4458,15.3433,2024-07-17,2024-08-21,0.8421052631578947,0.1578947368421053,16,19,26,61,-0.02161119817259427,0,2.5493486814694375
2024-06-24,14.3967,15.2751,2024-07-17,2024-08-21,0.7894736842105263,0.21052631578947367,15,19,23,58,-0.003572630804938859,0,2.5402407998374894
2024-06-25,14.077,14.9865,2024-07-17,2024-08-21,0.7368421052631579,0.26315789473684215,14,19,22,57,-0.021475837111520013,0,2.485687002196142
2024-06-26,13.9083,14.8901,2024-07-17,2024-08-21,0.6842105263157895,0.3157894736842105,13,19,21,56,-0.010454743474976103,0,2.459699782229099
2024-06-27,13.7587,14.818,2024-07-17,2024-08-21,0.631578947368421,0.368421052631579,12,19,20,55,-0.008800344995437692,0,2.43805357556028
2024-06-28,14.0228,14.9402,2024-07-17,2024-08-21,0.5789473684210527,0.42105263157894735,11,19,19,54,0.014970777114493128,0,2.474553132233186
2024-07-01,13.4175,14.4308,2024-07-17,2024-08-21,0.5263157894736842,0.4736842105263158,10,19,16,51,-0.03920592433715009,0,2.377535989362594
2024-07-02,13.206,14.296,2024-07-17,2024-08-21,0.47368421052631576,0.5263157894736843,9,19,15,50,-0.012604325962821017,0,2.3475687507643297
2024-07-03,13.2699,14.3482,2024-07-17,2024-08-21,0.42105263157894735,0.5789473684210527,8,19,14,49,0.004190379429671598,0,2.3574059545672723
2024-07-05,13.3033,14.3738,2024-07-17,2024-08-21,0.3684210526315789,0.631578947368421,7,19,12,47,0.002078871348622391,0,2.3623066982632936
2024-07-08,13.082,14.1818,2024-07-17,2024-08-21,0.3157894736842105,0.6842105263157895,6,19,9,44,-0.014506678433349518,0,2.3280374746306407
2024-07-09,12.9957,14.2194,2024-07-17,2024-08-21,0.2631578947368421,0.736842105263158,5,19,8,43,-0.00011032681847134018,0,2.3277806296627825
2024-07-10,12.9335,14.1545,2024-07-17,2024-08-21,0.21052631578947367,0.7894736842105263,4,19,7,42,-0.004618820443544669,0,2.3170290289024087
2024-07-11,13.1184,14.1965,2024-07-17,2024-08-21,0.15789473684210525,0.8421052631578947,3,19,6,41,0.005186866955877889,0,2.3290471502082326
2024-07-12,12.8311,14.0232,2024-07-17,2024-08-21,0.10526315789473684,0.8947368421052632,2,19,5,40,-0.013638690097381279,0,2.2972819979043533
2024-07-15,13.1369,14.219,2024-07-17,2024-08-21,0.05263157894736842,0.9473684210526316,1,19,2,37,0.014921800856331657,0,2.3315615823879177
2024-07-16,13.1593,14.3356,2024-07-17,2024-08-21,0.0,1.0,0,19,1,36,0.007883189651808564,0,2.3499417245267527
2024-07-17,14.808,15.7843,2024-08-21,2024-09-18,0.96,0.040000000000000036,24,25,35,63,0.032952928374117674,0,2.4273791858584337
2024-07-18,15.2934,16.0481,2024-08-21,2024-09-18,0.92,0.07999999999999996,23,25,34,62,0.032096338047445494,0,2.505289168777079
2024-07-19,15.9169,16.5074,2024-08-21,2024-09-18,0.88,0.12,22,25,33,61,0.03975334797120911,0,2.604882800871975
2024-07-22,15.0439,15.7971,2024-08-21,2024-09-18,0.84,0.16000000000000003,21,25,30,58,-0.05338308806236769,0,2.4658261129208796
2024-07-23,14.9323,15.6963,2024-08-21,2024-09-18,0.8,0.19999999999999996,20,25,29,57,-0.007245384786432885,0,2.4479602539163334
2024-07-24,17.072,17.4566,2024-08-21,2024-09-18,0.76,0.24,19,25,28,56,0.1368118209358904,0,2.782870153833312
2024-07-25,17.1444,17.5661,2024-08-21,2024-09-18,0.72,0.28,18,25,27,55,0.004736807271649379,0,2.7960520734140455
2024-07-26,16.1771,16.718,2024-08-21,2024-09-18,0.68,0.31999999999999995,17,25,26,54,-0.054101393102588546,0,2.6447817610549644
2024-07-29,15.9722,16.3991,2024-08-21,2024-09-18,0.64,0.36,16,25,23,51,-0.014763132998837691,0,2.60573649616361
2024-07-30,16.4855,16.8294,2024-08-21,2024-09-18,0.6,0.4,15,25,22,50,0.029977891444586735,0,2.6838509819788
2024-07-31,15.9994,16.4934,2024-08-21,2024-09-18,0.56,0.43999999999999995,14,25,21,49,-0.025630660058978294,0,2.6150621098107467
2024-08-01,17.4669,17.8469,2024-08-21,2024-09-18,0.52,0.48,13,25,20,48,0.08739970252997509,0,2.843617760305615
2024-08-02,21.8527,21.9844,2024-08-21,2024-09-18,0.48,0.52,12,25,19,47,0.2417442051526122,0,3.5310458755285477
2024-08-05,32.0986,30.3911,2024-08-21,2024-09-18,0.44,0.56,11,25,16,44,0.4237688986142354,0,5.0273932971576185
2024-08-06,25.7702,24.8657,2024-08-21,2024-09-18,0.4,0.6,10,25,15,43,-0.18876900945334985,0,4.078377244320764
2024-08-07,25.0766,23.5773,2024-08-21,2024-09-18,0.36,0.64,9,25,14,42,-0.041640273511049486,0,3.908552500386007
2024-08-08,22.6885,21.7279,2024-08-21,2024-09-18,0.32,0.6799999999999999,8,25,13,41,-0.08472562645312132,0,3.5773979412658887
2024-08-09,19.4971,18.8533,2024-08-21,2024-09-18,0.28,0.72,7,25,12,40,-0.13505498361446722,0,3.094252520925796
2024-08-12,19.4647,18.8303,2024-08-21,2024-09-18,0.24,0.76,6,25,9,37,-0.0013466736970544346,0,3.0900855724438205
2024-08-13,17.5452,17.4046,2024-08-21,2024-09-18,0.2,0.8,5,25,8,36,-0.08134900273703927,0,2.838710192753403
2024-08-14,16.2453,16.2629,2024-08-21,2024-09-18,0.16,0.84,4,25,7,35,-0.06730676566823768,0,2.6476457910097118
2024-08-15,15.3485,15.7452,2024-08-21,2024-09-18,0.12,0.88,3,25,6,34,-0.03556906594086473,0,2.5534715032812345
2024-08-16,15.2799,15.6896,2024-08-21,2024-09-18,0.08,0.92,2,25,5,33,-0.003641321894129468,0,2.5441734915903007
2024-08-19,14.7848,15.3728,2024-08-21,2024-09-18,0.04,0.96,1,25,2,30,-0.02114502915789307,0,2.4903768689278856
2024-08-20,15.8801,16.0407,2024-08-21,2024-09-18,0.0,1.0,0,25,1,29,0.04462723984447492,0,2.6015155147606626
2024-08-21,16.228,18.4791,2024-09-18,2024-10-16,0.9473684210526315,0.052631578947368474,18,19,28,56,0.01167654778158056,0,2.6318922349732885
2024-08-22,17.0095,19.0438,2024-09-18,2024-10-16,0.8947368421052632,0.10526315789473684,17,19,27,55,0.047110419079467114,0,2.755881781134876
2024-08-23,15.9286,18.0591,2024-09-18,2024-10-16,0.8421052631578947,0.1578947368421053,16,19,26,54,-0.06216884935665212,0,2.5845517818387598
2024-08-26,15.947,17.9583,2024-09-18,2024-10-16,0.7894736842105263,0.21052631578947367,15,19,23,51,-2.5887043825889577e-05,0,2.5844848754335126
2024-08-27,15.5794,17.6572,2024-09-18,2024-10-16,0.7368421052631579,0.26315789473684215,14,19,22,50,-0.021599919238215803,0,2.5286602108517586
2024-08-28,16.5703,18.3952,2024-09-18,2024-10-16,0.6842105263157895,0.3157894736842105,13,19,21,49,0.05731963957942221,0,2.6736021027566075
2024-08-29,15.9351,17.8579,2024-09-18,2024-10-16,0.631578947368421,0.368421052631579,12,19,20,48,-0.03524225018271232,0,2.579378348562233
2024-08-30,15.411,17.4021,2024-09-18,2024-10-16,0.5789473684210527,0.42105263157894735,11,19,19,47,-0.02997787977920907,0,2.50205405452394
2024-09-03,19.1208,20.1829,2024-09-18,2024-10-16,0.5263157894736842,0.4736842105263158,10,19,15,43,0.20423219962051942,0,3.013054057648803
2024-09-04,19.5445,20.5578,2024-09-18,2024-10-16,0.47368421052631576,0.5263157894736843,9,19,14,42,0.02041307846688567,0,3.0745597665525564
2024-09-05,18.7523,19.6891,2024-09-18,2024-10-16,0.42105263157894735,0.5789473684210527,8,19,13,41,-0.041461838609515356,0,2.947082865716445
2024-09-06,20.4643,20.9192,2024-09-18,2024-10-16,0.3684210526315789,0.631578947368421,7,19,12,40,0.07426953465439712,0,3.1659613387411523
2024-09-09,18.7253,19.7187,2024-09-18,2024-10-16,0.3157894736842105,0.6842105263157895,6,19,9,37,-0.06741139873770052,0,2.9525394565471283
2024-09-10,18.2864,19.3349,2024-09-18,2024-10-16,0.2631578947368421,0.736842105263158,5,19,8,36,-0.02067508934894402,0,2.891495439476734
2024-09-11,17.2328,18.6085,2024-09-18,2024-10-16,0.21052631578947367,0.7894736842105263,4,19,7,35,-0.04263110135131776,0,2.768227804339528
2024-09-12,16.9479,18.5068,2024-09-18,2024-10-16,0.15789473684210525,0.8421052631578947,3,19,6,34,-0.007657041757611616,0,2.747031368447119
2024-09-13,16.703,18.4866,2024-09-18,2024-10-16,0.10526315789473684,0.8947368421052632,2,19,5,33,-0.0030491205568485835,0,2.738655338631279
2024-09-16,17.0904,18.6622,2024-09-18,2024-10-16,0.05263157894736842,0.9473684210526316,1,19,2,30,0.010814598096745787,0,2.7682727954440836
2024-09-17,17.8331,19.032,2024-09-18,2024-10-16,0.0,1.0,0,19,1,29,0.020960029460921792,0,2.8262958747924594
2024-09-18,18.7393,18.4054,2024-10-16,2024-11-20,0.95,0.050000000000000044,19,20,28,63,-0.015379361076082398,0,2.782829250026184
2024-09-19,18.0222,17.7952,2024-10-16,2024-11-20,0.9,0.09999999999999998,18,20,27,62,-0.038015810299901975,0,2.6770377411601705
2024-09-20,17.9542,17.7076,2024-10-16,2024-11-20,0.85,0.15000000000000002,17,20,26,61,-0.0038867746326289865,0,2.6666326987772386
2024-09-23,18.0066,17.7088,2024-10-16,2024-11-20,0.8,0.19999999999999996,16,20,23,58,0.002495924309644071,0,2.6732884121550082
2024-09-24,18.0531,17.6609,2024-10-16,2024-11-20,0.75,0.25,15,20,22,57,0.0015389724433667595,0,2.6774025293544863
2024-09-25,18.3144,17.9062,2024-10-16,2024-11-20,0.7,0.30000000000000004,14,20,21,56,0.01433023021378399,0,2.7157703239751037
2024-09-26,18.2977,17.844,2024-10-16,2024-11-20,0.65,0.35,13,20,20,55,-0.0016683212455624874,0,2.711239546645548
2024-09-27,19.2552,18.5204,2024-10-16,2024-11-20,0.6,0.4,12,20,19,54,0.04736311260244186,0,2.8396522905855144
2024-09-30,18.8425,18.0975,2024-10-16,2024-11-20,0.55,0.44999999999999996,11,20,16,51,-0.021980583589293556,0,2.7772350760477704
2024-10-01,20.4666,19.2892,2024-10-16,2024-11-20,0.5,0.5,10,20,15,50,0.07724108119790918,0,2.991751716062458
2024-10-02,20.1015,19.1061,2024-10-16,2024-11-20,0.45,0.55,9,20,14,49,-0.013789182961982949,0,2.950497904272846
2024-10-03,21.0732,19.9132,2024-10-16,2024-11-20,0.4,0.6,8,20,13,48,0.04506334499844766,0,3.0834572092502905
2024-10-04,20.2031,19.1629,2024-10-16,2024-11-20,0.35,0.65,7,20,12,47,-0.03917221208016808,0,2.9626713695094145
2024-10-07,22.5656,20.6485,2024-10-16,2024-11-20,0.3,0.7,6,20,9,44,0.09179688400197272,0,3.234635369552236
2024-10-08,21.4558,19.894,2024-10-16,2024-11-20,0.25,0.75,5,20,8,43,-0.04057223010389821,0,3.103398999036555
2024-10-09,20.8987,19.3484,2024-10-16,2024-11-20,0.2,0.8,4,20,7,42,-0.027039185188654224,0,3.0194856187873214
2024-10-10,21.3948,19.5553,2024-10-16,2024-11-20,0.15,0.85,3,20,6,41,0.013466975541318815,0,3.0601489577628938
2024-10-11,21.1276,19.3402,2024-10-16,2024-11-20,0.1,0.9,2,20,5,40,-0.011240606669532416,0,3.0257510269785017
2024-10-14,20.2002,18.6485,2024-10-16,2024-11-20,0.05,0.95,1,20,2,37,-0.0366449202671868,0,2.914872621846516
2024-10-15,20.9675,19.305,2024-10-16,2024-11-20,0.0,1.0,0,20,1,36,0.03535389271169076,0,3.0179247157875224
2024-10-16,19.0531,18.4942,2024-11-20,2024-12-18,0.96,0.040000000000000036,24,25,35,63,-0.01304843304843295,0,2.978545527188358
2024-10-17,18.7641,18.3153,2024-11-20,2024-12-18,0.92,0.07999999999999996,23,25,34,62,-0.014954538824126007,0,2.9340027524625927
2024-10-18,18.3002,17.9419,2024-11-20,2024-12-18,0.88,0.12,22,25,33,61,-0.024383555148611347,0,2.862461334541744
2024-10-21,18.3564,17.9371,2024-11-20,2024-12-18,0.84,0.16000000000000003,21,25,30,58,0.0026772993279806645,0,2.870125000349083
2024-10-22,18.2834,17.844,2024-11-20,2024-12-18,0.8,0.19999999999999996,20,25,29,57,-0.004167242595019327,0,2.8581644931945984
2024-10-23,19.274,18.6272,2024-11-20,2024-12-18,0.76,0.24,19,25,28,56,0.0521622904978809,0,3.0072528997793433
2024-10-24,18.9021,18.3654,2024-11-20,2024-12-18,0.72,0.28,18,25,27,55,-0.018069992794514822,0,2.9529118615490466
2024-10-25,19.8968,19.0437,2024-11-20,2024-12-18,0.68,0.31999999999999995,17,25,26,54,0.04832105932734865,0,3.0955996907993897
2024-10-28,18.7978,18.2452,2024-11-20,2024-12-18,0.64,0.36,16,25,23,51,-0.0511032313402171,0,2.937404543663764
2024-10-29,18.7575,18.1953,2024-11-20,2024-12-18,0.6,0.4,15,25,22,50,-0.002352616804983221,0,2.9304939563713064
2024-10-30,19.3182,18.5536,2024-11-20,2024-12-18,0.56,0.43999999999999995,14,25,21,49,0.025886248139766588,0,3.0063534500980205
2024-10-31,20.9579,19.7307,2024-11-20,2024-12-18,0.52,0.48,13,25,20,48,0.07565972751970107,0,3.2338133329603505
2024-11-01,20.488,19.4768,2024-11-20,2024-12-18,0.48,0.52,12,25,19,47,-0.01797941994155361,0,3.175671245034461
2024-11-04,19.5077,18.7211,2024-11-20,2024-12-18,0.44,0.56,11,25,16,44,-0.04325720803182975,0,3.038300573347305
2024-11-05,18.3442,17.8957,2024-11-20,2024-12-18,0.4,0.6,10,25,15,43,-0.05109107764305654,0,2.883070522851475
2024-11-06,16.246,16.2785,2024-11-20,2024-12-18,0.36,0.64,9,25,14,42,-0.10011562868255208,0,2.5944301049200655
2024-11-07,15.6411,15.8303,2024-11-20,2024-12-18,0.32,0.6799999999999999,8,25,13,41,-0.031020975237907922,0,2.5139483528788573
2024-11-08,15.4969,15.7606,2024-11-20,2024-12-18,0.28,0.72,7,25,12,40,-0.005931607312123166,0,2.4990365984466214
2024-11-11,15.4861,15.7216,2024-11-20,2024-12-18,0.24,0.76,6,25,9,37,-0.0019828181261603017,0,2.4940814633812836
2024-11-12,15.2572,15.7362,2024-11-20,2024-12-18,0.2,0.8,5,25,8,36,-0.002798581303127712,0,2.487101573629387
2024-11-13,14.544,15.4598,2024-11-20,2024-12-18,0.16,0.84,4,25,7,35,-0.023257717193933658,0,2.4292572685973277
2024-11-14,14.64,15.4412,2024-11-20,2024-12-18,0.12,0.88,3,25,6,34,-1.7239947151748147e-05,0,2.429215388330399
2024-11-15,16.3884,16.3703,2024-11-20,2024-12-18,0.08,0.92,2,25,5,33,0.06695420336035274,0,2.591861569446771
2024-11-18,15.6117,15.8517,2024-11-20,2024-12-18,0.04,0.96,1,25,2,30,-0.03293771685222624,0,2.5064915669521666
2024-11-19,16.4181,16.4057,2024-11-20,2024-12-18,0.0,1.0,0,25,1,29,0.03560740053402012,0,2.595741216111776
2024-11-20,16.9522,17.409,2024-12-18,2025-01-22,0.9473684210526315,0.052631578947368474,18,19,28,63,0.03331159292197228,0,2.6822094908336767
2024-11-21,16.7716,17.2813,2024-12-18,2025-01-22,0.8947368421052632,0.10526315789473684,17,19,27,62,-0.01047439052595478,0,2.654114981154262
2024-11-22,16.0654,16.8433,2024-12-18,2025-01-22,0.8421052631578947,0.1578947368421053,16,19,26,61,-0.04029469487906345,0,2.5471682278146996
2024-11-25,15.4492,16.4269,2024-12-18,2025-01-22,0.7894736842105263,0.21052631578947367,15,19,23,58,-0.03611591660345759,0,2.4551749125239675
2024-11-26,15.2541,16.3418,2024-12-18,2025-01-22,0.7368421052631579,0.26315789473684215,14,19,22,57,-0.010983184824384762,0,2.428209272683524
2024-11-27,15.169,16.2576,2024-12-18,2025-01-22,0.6842105263157895,0.3157894736842105,13,19,21,56,-0.005460831303527702,0,2.4149492314757373
2024-11-29,14.8517,16.0529,2024-12-18,2025-01-22,0.631578947368421,0.368421052631579,12,19,19,54,-0.018161948764786606,0,2.371089047264114
2024-12-02,14.7128,16.0326,2024-12-18,2025-01-22,0.5789473684210527,0.42105263157894735,11,19,16,51,-0.006224906715872391,0,2.3563292391298685
2024-12-03,14.5309,15.937,2024-12-18,2025-01-22,0.5263157894736842,0.4736842105263158,10,19,15,50,-0.009533556519509045,0,2.333865041150052
2024-12-04,14.6572,16.0881,2024-12-18,2025-01-22,0.47368421052631576,0.5263157894736843,9,19,14,49,0.0090838880384565,0,2.355065609880727
2024-12-05,14.6032,16.201,2024-12-18,2025-01-22,0.42105263157894735,0.5789473684210527,8,19,13,48,0.002196069752366858,0,2.3602374982314256
2024-12-06,14.2855,15.9521,2024-12-18,2025-01-22,0.3684210526315789,0.631578947368421,7,19,12,47,-0.017894390051946152,0,2.318002487822843
2024-12-09,14.7355,16.2983,2024-12-18,2025-01-22,0.3157894736842105,0.6842105263157895,6,19,9,44,0.025064536617989575,0,2.37610214605947
2024-12-10,14.6523,16.2662,2024-12-18,2025-01-22,0.2631578947368421,0.736842105263158,5,19,8,43,-0.0030520405380249915,0,2.368850185987208
2024-12-11,14.2842,16.1838,2024-12-18,2025-01-22,0.21052631578947367,0.7894736842105263,4,19,7,42,-0.009947562745794447,0,2.3452859001267137
2024-12-12,14.4062,16.2991,2024-12-18,2025-01-22,0.15789473684210525,0.8421052631578947,3,19,6,41,0.007394284243288807,0,2.362627610704028
2024-12-13,14.519,16.2782,2024-12-18,2025-01-22,0.10526315789473684,0.8947368421052632,2,19,5,40,1.3157712952738265e-05,0,2.3626586974799437
2024-12-16,14.6997,16.6091,2024-12-18,2025-01-22,0.05263157894736842,0.9473684210526316,1,19,2,37,0.01957926188337944,0,2.4089178108589477
2024-12-17,15.7483,16.9531,2024-12-18,2025-01-22,0.0,1.0,0,19,1,36,0.02308397374893789,0,2.4645252063681644
2024-12-18,19.762,19.6754,2025-01-22,2025-02-19,0.9545454545454546,0.045454545454545414,21,22,35,63,0.16568651161144587,0,2.8728637905897845
2024-12-19,21.7113,21.0178,2025-01-22,2025-02-19,0.9090909090909091,0.09090909090909094,20,22,34,62,0.09726224551817042,0,3.15228497393039
2024-12-20,18.2606,18.5862,2025-01-22,2025-02-19,0.8636363636363636,0.13636363636363635,19,22,33,61,-0.15511895143341392,0,2.6633058341550013
2024-12-23,17.0257,17.56,2025-01-22,2025-02-19,0.8181818181818182,0.18181818181818177,18,22,30,58,-0.06590772516202725,0,2.4877734052150897
2024-12-24,15.9878,16.8502,2025-01-22,2025-02-19,0.7727272727272727,0.2272727272727273,17,22,29,57,-0.05713100997975595,0,2.3456443979743753
2024-12-26,16.0329,16.9782,2025-01-22,2025-02-19,0.7272727272727273,0.2727272727272727,16,22,27,55,0.0039509206175873945,0,2.3549118527878603
2024-12-27,16.9415,17.5586,2025-01-22,2025-02-19,0.6818181818181818,0.31818181818181823,15,22,26,54,0.050279635129448996,0,2.4733159615080487
2024-12-30,17.3868,17.7923,2025-01-22,2025-02-19,0.6363636363636364,0.36363636363636365,14,22,23,51,0.02205485094528936,0,2.5278645763797134
2024-12-31,17.5177,17.8708,2025-01-22,2025-02-19,0.5909090909090909,0.40909090909090906,13,22,22,50,0.006378683180144007,0,2.5439890236347487
2025-01-02,17.9098,18.2685,2025-01-22,2025-02-19,0.5454545454545454,0.4545454545454546,12,22,20,48,0.022329722547419717,0,2.600795592696194
2025-01-03,16.6858,17.4356,2025-01-22,2025-02-19,0.5,0.5,11,22,19,47,-0.057889460481395205,0,2.450236939012621
2025-01-06,16.5686,17.3787,2025-01-22,2025-02-19,0.45454545454545453,0.5454545454545454,10,22,16,44,-0.005102369773807736,0,2.4377349241163357
2025-01-07,17.8805,18.2637,2025-01-22,2025-02-19,0.4090909090909091,0.5909090909090908,9,22,15,43,0.06343418386106503,0,2.592370649497271
2025-01-08,17.7197,18.1515,2025-01-22,2025-02-19,0.36363636363636365,0.6363636363636364,8,22,14,42,-0.007294542573589413,0,2.5734604914279893
2025-01-09,17.9667,18.325,2025-01-22,2025-02-19,0.3181818181818182,0.6818181818181819,7,22,13,41,0.011127148575346135,0,2.602095768668892
2025-01-10,19.0119,19.2947,2025-01-22,2025-02-19,0.2727272727272727,0.7272727272727273,6,22,12,40,0.05456718331257915,0,2.744084805474734
2025-01-13,18.5959,18.9083,2025-01-22,2025-02-19,0.22727272727272727,0.7727272727272727,5,22,9,37,-0.02052666759069477,0,2.6877578888320777
2025-01-14,18.2081,18.5544,2025-01-22,2025-02-19,0.18181818181818182,0.8181818181818181,4,22,8,36,-0.019196198258484176,0,2.636163155527252
2025-01-15,16.101,17.063,2025-01-22,2025-02-19,0.13636363636363635,0.8636363636363636,3,22,7,35,-0.08670745868603569,0,2.4075881476297236
2025-01-16,16.189,17.0997,2025-01-22,2025-02-19,0.09090909090909091,0.9090909090909091,2,22,6,34,0.0025806711409397387,0,2.4138013408815806
2025-01-17,16.1792,17.2382,2025-01-22,2025-02-19,0.045454545454545456,0.9545454545454546,1,22,5,33,0.00734670327909126,0,2.43153482310771
2025-01-21,15.2423,16.5367,2025-01-22,2025-02-19,0.0,1.0,0,22,1,29,-0.041430911197642195,0,2.3307941197775595
2025-01-22,16.7432,17.5879,2025-02-19,2025-03-18,0.9473684210526315,0.052631578947368474,18,19,28,55,0.012487376562434038,0,2.359899623640729
2025-01-23,16.4733,17.3441,2025-02-19,2025-03-18,0.8947368421052632,0.10526315789473684,17,19,27,54,-0.01599546032407928,0,2.322151942841974
2025-01-24,16.382,17.2994,2025-02-19,2025-03-18,0.8421052631578947,0.1578947368421053,16,19,26,53,-0.005215510352700514,0,2.3100407353435384
2025-01-27,17.6133,18.0353,2025-02-19,2025-03-18,0.7894736842105263,0.21052631578947367,15,19,23,50,0.06977002657875442,0,2.4712123388464624
2025-01-28,16.939,17.4803,2025-02-19,2025-03-18,0.7368421052631579,0.26315789473684215,14,19,22,49,-0.036672635812436516,0,2.3805864687287466
2025-01-29,16.8431,17.4988,2025-02-19,2025-03-18,0.6842105263157895,0.3157894736842105,13,19,21,48,-0.0038518244632913534,0,2.371416867531517
2025-01-30,16.7092,17.5228,2025-02-19,2025-03-18,0.631578947368421,0.368421052631579,12,19,20,47,-0.004928799878747836,0,2.3597286283623666
2025-01-31,17.3586,17.986,2025-02-19,2025-03-18,0.5789473684210527,0.42105263157894735,11,19,19,46,0.0341467339171333,0,2.440305653951698
2025-02-03,17.9108,18.1335,2025-02-19,2025-03-18,0.5263157894736842,0.4736842105263158,10,19,16,43,0.021665154468232917,0,2.4931752528942637
2025-02-04,17.2011,17.7673,2025-02-19,2025-03-18,0.47368421052631576,0.5263157894736843,9,19,15,42,-0.030360828431580167,0,2.4174803867912797
2025-02-05,16.7703,17.491,2025-02-19,2025-03-18,0.42105263157894735,0.5789473684210527,8,19,14,41,-0.019971553424251165,0,2.3691995480943984
2025-02-06,16.5795,17.4335,2025-02-19,2025-03-18,0.3684210526315789,0.631578947368421,7,19,13,40,-0.0066109674262333495,0,2.3535368470556994
2025-02-07,17.3458,17.9512,2025-02-19,2025-03-18,0.3157894736842105,0.6842105263157895,6,19,12,39,0.03559169091660963,0,2.437303203076958
2025-02-10,16.7021,17.5244,2025-02-19,2025-03-18,0.2631578947368421,0.736842105263158,5,19,9,36,-0.027888184105993252,0,2.3693312426274207
2025-02-11,16.7694,17.5614,2025-02-19,2025-03-18,0.21052631578947367,0.7894736842105263,4,19,8,35,0.0025984325476406944,0,2.375487790044406
2025-02-12,16.8012,17.4799,2025-02-19,2025-03-18,0.15789473684210525,0.8421052631578947,3,19,7,34,-0.0033140836300061816,0,2.36761522484614
2025-02-13,16.1349,17.2427,2025-02-19,2025-03-18,0.10526315789473684,0.8947368421052632,2,19,6,33,-0.017553517004865404,0,2.326055250735825
2025-02-14,16.0117,17.1818,2025-02-19,2025-03-18,0.05263157894736842,0.9473684210526316,1,19,5,32,-0.003938896549647186,0,2.316893159734413
2025-02-18,15.6602,17.1256,2025-02-19,2025-03-18,0.0,1.0,0,19,1,28,-0.004190490712580264,0,2.3071842404665053
2025-02-19,16.9066,17.8409,2025-03-18,2025-04-16,0.9473684210526315,0.052631578947368474,18,19,27,56,-0.012787873125613025,0,2.277680261122006
2025-02-20,17.0326,17.8579,2025-03-18,2025-04-16,0.8947368421052632,0.10526315789473684,17,19,26,55,0.0070927555494990635,0,2.2938352904340635
2025-02-21,18.3007,18.699,2025-03-18,2025-04-16,0.8421052631578947,0.1578947368421053,16,19,25,54,0.07144802779229575,0,2.457725298015945
2025-02-24,18.4302,18.7684,2025-03-18,2025-04-16,0.7894736842105263,0.21052631578947367,15,19,22,51,0.006535243367739696,0,2.47378713096953
2025-02-25,18.4836,18.7907,2025-03-18,2025-04-16,0.7368421052631579,0.26315789473684215,14,19,21,50,0.0025323830401453584,0,2.480051707544927
2025-02-26,18.1337,18.6034,2025-03-18,2025-04-16,0.6842105263157895,0.3157894736842105,13,19,20,49,-0.016542967459817648,0,2.439024292848346
2025-02-27,19.3063,19.4276,2025-03-18,2025-04-16,0.631578947368421,0.368421052631579,12,19,19,48,0.05812150847035569,0,2.5807840639445345
2025-02-28,18.8291,19.0461,2025-03-18,2025-04-16,0.5789473684210527,0.42105263157894735,11,19,18,47,-0.02283821743917336,0,2.5218435563286157
2025-03-03,20.6577,20.4435,2025-03-18,2025-04-16,0.5263157894736842,0.4736842105263158,10,19,15,44,0.08705081019191407,0,2.74137208108428
2025-03-04,21.2409,20.7993,2025-03-18,2025-04-16,0.47368421052631576,0.5263157894736843,9,19,14,43,0.023130897653036442,0,2.8047824781207313
2025-03-05,20.1269,19.9017,2025-03-18,2025-04-16,0.42105263157894735,0.5789473684210527,8,19,13,42,-0.047604839249115405,0,2.6712612591210583
2025-03-06,22.8281,21.7923,2025-03-18,2025-04-16,0.3684210526315789,0.631578947368421,7,19,12,41,0.11161467823745141,0,2.969413225046025
2025-03-07,21.6254,20.7863,2025-03-18,2025-04-16,0.3157894736842105,0.6842105263157895,6,19,11,40,-0.04863681666671804,0,2.8249904184117334
2025-03-10,24.9344,22.7978,2025-03-18,2025-04-16,0.2631578947368421,0.736842105263158,5,19,8,37,0.11501613978698111,0,3.1499099112726596
2025-03-11,24.6115,22.7661,2025-03-18,2025-04-16,0.21052631578947367,0.7894736842105263,4,19,7,36,-0.004637469437267172,0,3.1353023003289877
2025-03-12,23.0749,21.7139,2025-03-18,2025-04-16,0.15789473684210525,0.8421052631578947,3,19,6,35,-0.04984662594118483,0,2.979018059351952
2025-03-13,24.4101,22.6331,2025-03-18,2025-04-16,0.10526315789473684,0.8947368421052632,2,19,5,34,0.044912829106454666,0,3.1128141883566687
2025-03-14,21.5211,20.6804,2025-03-18,2025-04-16,0.05263157894736842,0.9473684210526316,1,19,4,33,-0.08988800065685232,0,2.8330095445490056
2025-03-17,20.8352,19.9169,2025-03-18,2025-04-16,0.0,1.0,0,19,1,30,-0.03664312236409084,0,2.729199229149459
2025-03-18,20.4806,20.3031,2025-04-16,2025-05-21,0.9523809523809523,0.04761904761904767,20,21,29,64,0.028302597291747222,0,2.806442655861023
2025-03-19,19.7513,19.7468,2025-04-16,2025-05-21,0.9047619047619048,0.09523809523809523,19,21,28,63,-0.03522160538208585,0,2.7075952401088332
2025-03-20,19.4005,19.4706,2025-04-16,2025-05-21,0.8571428571428571,0.1428571428571429,18,21,27,62,-0.0174015227296781,0,2.660478959995311
2025-03-21,19.4179,19.4739,2025-04-16,2025-05-21,0.8095238095238095,0.19047619047619047,17,21,26,61,0.0007926484615110585,0,2.662587784549834
2025-03-24,18.0635,18.4989,2025-04-16,2025-05-21,0.7619047619047619,0.23809523809523814,16,21,23,58,-0.06599217303729721,0,2.4868778307448274
2025-03-25,18.2072,18.6554,2025-04-16,2025-05-21,0.7142857142857143,0.2857142857142857,15,21,22,57,0.008077628269733017,0,2.506965905413824
2025-03-26,18.8445,19.1501,2025-04-16,2025-05-21,0.6666666666666666,0.33333333333333337,14,21,21,56,0.03253606634524586,0,2.5885327144376378
2025-03-27,18.9763,19.1588,2025-04-16,2025-05-21,0.6190476190476191,0.38095238095238093,13,21,20,55,0.004790716249905458,0,2.600933640176106
2025-03-28,20.9817,20.5492,2025-04-16,2025-05-21,0.5714285714285714,0.4285714285714286,12,21,19,54,0.09299226452093112,0,2.842800349244751
2025-03-31,20.8435,20.4872,2025-04-16,2025-05-21,0.5238095238095238,0.47619047619047616,11,21,16,51,-0.005075068143849504,0,2.8283729437529743
2025-04-01,20.8794,20.5138,2025-04-16,2025-05-21,0.47619047619047616,0.5238095238095238,10,21,15,50,0.0015222831713888052,0,2.832678528287661
2025-04-02,20.1562,20.0227,2025-04-16,2025-05-21,0.42857142857142855,0.5714285714285714,9,21,14,49,-0.029080957854811684,0,2.7503015233902977
2025-04-03,26.3753,24.1926,2025-04-16,2025-05-21,0.38095238095238093,0.6190476190476191,8,21,13,48,0.25140189841447835,0,3.4417325475828506
2025-04-04,32.4976,28.5193,2025-04-16,2025-05-21,0.3333333333333333,0.6666666666666667,7,21,12,47,0.20023645772400034,0,4.1308928813442405
2025-04-07,33.1708,28.1411,2025-04-16,2025-05-21,0.2857142857142857,0.7142857142857143,6,21,9,44,-0.0009292330923135195,0,4.127054318978092
2025-04-08,39.1728,31.4333,2025-04-16,2025-05-21,0.23809523809523808,0.7619047619047619,5,21,8,43,0.13748079543253677,0,4.694445029544487
2025-04-09,28.6489,25.1944,2025-04-16,2025-05-21,0.19047619047619047,0.8095238095238095,4,21,7,42,-0.21814911001309678,0,3.6703560243439513
2025-04-10,35.8622,29.871,2025-04-16,2025-05-21,0.14285714285714285,0.8571428571428572,3,21,6,41,0.1995861487668824,0,4.402908247846087
2025-04-11,34.6376,28.8917,2025-04-16,2025-05-21,0.09523809523809523,0.9047619047619048,2,21,5,40,-0.03301157385667819,0,4.257561317038138
2025-04-14,29.8594,25.6983,2025-04-16,2025-05-21,0.047619047619047616,0.9523809523809523,1,21,2,37,-0.11360241339010957,0,3.773892076266232
2025-04-15,29.9025,25.4674,2025-04-16,2025-05-21,0.0,1.0,0,21,1,36,-0.008412442670018616,0,3.7421444255318046
2025-04-16,27.6258,26.318,2025-05-21,2025-06-18,0.9583333333333334,0.04166666666666663,23,24,35,63,0.08475148621374773,0,4.059296727222116
2025-04-17,26.7284,25.7621,2025-05-21,2025-06-18,0.9166666666666666,0.08333333333333337,22,24,34,62,-0.032032242454943294,0,3.9292683502591794
2025-04-21,28.4469,27.0167,2025-05-21,2025-06-18,0.875,0.125,21,24,30,58,0.06303848493235065,0,4.176963473952155
2025-04-22,26.5397,25.7021,2025-05-21,2025-06-18,0.8333333333333334,0.16666666666666663,20,24,29,57,-0.06484777465785219,0,3.906096687839226
2025-04-23,25.4379,24.8708,2025-05-21,2025-06-18,0.7916666666666666,0.20833333333333337,19,24,28,56,-0.04002699484724159,0,3.749747375842258
2025-04-24,24.5677,24.0525,2025-05-21,2025-06-18,0.75,0.25,18,24,27,55,-0.033941384041215494,0,3.6224757601012554
2025-04-25,23.4981,23.2525,2025-05-21,2025-06-18,0.7083333333333334,0.29166666666666663,17,24,26,54,-0.04100839235808462,0,3.4739238528233725
2025-04-28,23.682,23.3132,2025-05-21,2025-06-18,0.6666666666666666,0.33333333333333337,16,24,23,51,0.0063162178390823165,0,3.4958659126341893
2025-04-29,23.3847,23.1101,2025-05-21,2025-06-18,0.625,0.375,15,24,22,50,-0.011286525216052778,0,3.456409733859304
2025-04-30,24.0109,23.5652,2025-05-21,2025-06-18,0.5833333333333334,0.41666666666666663,14,24,21,49,0.024140715518287337,0,3.539849937959041
2025-05-01,23.5699,23.261,2025-05-21,2025-06-18,0.5416666666666666,0.45833333333333337,13,24,20,48,-0.016117393948911984,0,3.482796781988924
2025-05-02,22.4818,22.4001,2025-05-21,2025-06-18,0.5,0.5,12,24,19,47,-0.041999026463164,0,3.336522707776348
2025-05-05,23.1838,22.8084,2025-05-21,2025-06-18,0.4583333333333333,0.5416666666666667,11,24,16,44,0.024738257515835915,0,3.4190624657287536
2025-05-06,24.1076,23.5229,2025-05-21,2025-06-18,0.4166666666666667,0.5833333333333333,10,24,15,43,0.03526601405904639,0,3.5396391707139014
2025-05-07,23.3234,22.9534,2025-05-21,2025-06-18,0.375,0.625,9,24,14,42,-0.027726322351851573,0,3.441497994057447
2025-05-08,22.2923,22.229,2025-05-21,2025-06-18,0.3333333333333333,0.6666666666666667,8,24,13,41,-0.03635055635789641,0,3.3163976272688744
2025-05-09,22.0058,22.092,2025-05-21,2025-06-18,0.2916666666666667,0.7083333333333333,7,24,12,40,-0.008396966006145368,0,3.2885499491298367
2025-05-12,18.571,19.4058,2025-05-21,2025-06-18,0.25,0.75,6,24,9,37,-0.13162461202187425,0,2.8556958379610675
2025-05-13,18.4379,19.2945,2025-05-21,2025-06-18,0.20833333333333334,0.7916666666666666,5,24,8,36,-0.00608164774887876,0,2.8383285017966493
2025-05-14,18.7805,19.744,2025-05-21,2025-06-18,0.16666666666666666,0.8333333333333334,4,24,7,35,0.022349248558693136,0,2.9017630109745256
2025-05-15,18.2334,19.4628,2025-05-21,2025-06-18,0.125,0.875,3,24,6,34,-0.01662205692741725,0,2.8535297410162332
2025-05-16,17.9271,19.4121,2025-05-21,2025-06-18,0.08333333333333333,0.9166666666666666,2,24,5,33,-0.00428035967450624,0,2.8413156073827834
2025-05-19,18.2044,19.6515,2025-05-21,2025-06-18,0.041666666666666664,0.9583333333333334,1,24,2,30,0.012575380130147806,0,2.8770462312153433
2025-05-20,18.0043,19.4966,2025-05-21,2025-06-18,0.0,1.0,0,24,1,29,-0.008002741026000182,0,2.8540219753070972
2025-05-21,20.7904,21.3693,2025-06-18,2025-07-16,0.9473684210526315,0.052631578947368474,18,19,28,56,0.06636028846055209,0,3.043415696861231
2025-05-22,20.6395,21.2388,2025-06-18,2025-07-16,0.8947368421052632,0.10526315789473684,17,19,27,55,-0.007195968619540305,0,3.021515373010401
2025-05-23,22.0425,22.2839,2025-06-18,2025-07-16,0.8421052631578947,0.1578947368421053,16,19,26,54,0.06594955981849204,0,3.220782981845244
2025-05-27,19.7008,20.522,2025-06-18,2025-07-16,0.7894736842105263,0.21052631578947367,15,19,22,50,-0.10190624451024788,0,2.8925650837828774
2025-05-28,19.92,20.7911,2025-06-18,2025-07-16,0.7368421052631579,0.26315789473684215,14,19,21,49,0.01155826271186422,0,2.9259981109324054
2025-05-29,19.9594,20.8552,2025-06-18,2025-07-16,0.6842105263157895,0.3157894736842105,13,19,20,48,0.002278001909436389,0,2.932663540216117
2025-05-30,20.0219,21.0379,2025-06-18,2025-07-16,0.631578947368421,0.368421052631579,12,19,19,47,0.004962774640057788,0,2.9472176884613233
2025-06-02,19.7059,20.8963,2025-06-18,2025-07-16,0.5789473684210527,0.42105263157894735,11,19,16,44,-0.012342846880006753,0,2.910840631810598
2025-06-03,19.204,20.574,2025-06-18,2025-07-16,0.5263157894736842,0.4736842105263158,10,19,15,43,-0.021095481452213405,0,2.849435047251888
2025-06-04,19.1474,20.498,2025-06-18,2025-07-16,0.47368421052631576,0.5263157894736843,9,19,14,42,-0.0033138391223894725,0,2.839992477915597
2025-06-05,19.5782,20.8932,2025-06-18,2025-07-16,0.42105263157894735,0.5789473684210527,8,19,13,41,0.02075023336458992,0,2.898922984586026
2025-06-06,18.5314,20.1545,2025-06-18,2025-07-16,0.3684210526315789,0.631578947368421,7,19,12,40,-0.0426965088440755,0,2.7751490937363545
2025-06-09,18.3048,20.0001,2025-06-18,2025-07-16,0.3157894736842105,0.6842105263157895,6,19,9,37,-0.009255227359948326,0,2.74946445791607
2025-06-10,18.1408,19.971,2025-06-18,2025-07-16,0.2631578947368421,0.736842105263158,5,19,8,36,-0.00368358335354535,0,2.7393365764077258
2025-06-11,18.3462,20.0947,2025-06-18,2025-07-16,0.21052631578947367,0.7894736842105263,4,19,7,35,0.007450215772162094,0,2.7597452249745396
2025-06-12,18.7455,20.2997,2025-06-18,2025-07-16,0.15789473684210525,0.8421052631578947,3,19,6,34,0.012465672176994236,0,2.7941473042410974
2025-06-13,21.2716,21.8201,2025-06-18,2025-07-16,0.10526315789473684,0.8947368421052632,2,19,5,33,0.08373240336696375,0,3.0281079733865273
2025-06-16,19.1942,20.2816,2025-06-18,2025-07-16,0.05263157894736842,0.9473684210526316,1,19,2,30,-0.0733020722159381,0,2.80614138404369
2025-06-17,20.9935,21.4052,2025-06-18,2025-07-16,0.0,1.0,0,19,1,29,0.057315172160733674,0,2.9669758605775134
2025-06-18,20.8053,21.4621,2025-07-16,2025-08-20,0.9444444444444444,0.05555555555555558,17,18,28,63,-0.028025900248537794,0,2.8838236910691486
2025-06-20,21.1254,21.6516,2025-07-16,2025-08-20,0.8888888888888888,0.11111111111111116,16,18,26,61,0.015010441095640648,0,2.927111156714155
2025-06-23,20.7581,21.499,2025-07-16,2025-08-20,0.8333333333333334,0.16666666666666663,15,18,23,58,-0.016212547494214635,0,2.879655228065081
2025-06-24,19.2484,20.446,2025-07-16,2025-08-20,0.7777777777777778,0.2222222222222222,14,18,22,57,-0.06865299965280414,0,2.6819582586925335
2025-06-25,19.0176,20.2389,2025-07-16,2025-08-20,0.7222222222222222,0.2777777777777778,13,18,21,56,-0.011557198395725443,0,2.6509623350077693
2025-06-26,18.9112,20.1218,2025-07-16,2025-08-20,0.6666666666666666,0.33333333333333337,12,18,20,55,-0.005650310986664797,0,2.6359835734010404
2025-06-27,18.8523,20.1951,2025-07-16,2025-08-20,0.6111111111111112,0.38888888888888884,11,18,19,54,-0.0007679802292551718,0,2.633959190132027
2025-06-30,18.7125,20.0976,2025-07-16,2025-08-20,0.5555555555555556,0.4444444444444444,10,18,16,51,-0.006366615912668849,0,2.6171897836388123
2025-07-01,18.6524,20.1918,2025-07-16,2025-08-20,0.5,0.5,9,18,15,50,0.0004386244782352833,0,2.6183377471421037
2025-07-02,18.5591,20.1827,2025-07-16,2025-08-20,0.4444444444444444,0.5555555555555556,8,18,14,49,-0.002636172195591646,0,2.6114353579744196
2025-07-03,18.3205,20.0767,2025-07-16,2025-08-20,0.3888888888888889,0.6111111111111112,7,18,13,48,-0.008475026248944695,0,2.589303374768164
2025-07-07,18.729,20.2403,2025-07-16,2025-08-20,0.3333333333333333,0.6666666666666667,6,18,9,44,0.013346522015129869,0,2.6238615692633576
2025-07-08,18.0173,19.8183,2025-07-16,2025-08-20,0.2777777777777778,0.7222222222222222,5,18,8,43,-0.026274455493703663,0,2.554921035240108
2025-07-09,17.0818,19.2593,2025-07-16,2025-08-20,0.2222222222222222,0.7777777777777778,4,18,7,42,-0.03435047986278783,0,2.4671582716680795
2025-07-10,16.8712,19.1121,2025-07-16,2025-08-20,0.16666666666666666,0.8333333333333334,3,18,6,41,-0.008590431811819954,0,2.445964316766348
2025-07-11,17.1231,19.1936,2025-07-16,2025-08-20,0.1111111111111111,0.8888888888888888,2,18,5,40,0.005864893975631391,0,2.46030963815236
2025-07-14,17.3381,19.4824,2025-07-16,2025-08-20,0.05555555555555555,0.9444444444444444,1,18,2,37,0.014796811894635331,0,2.4967143770706586
2025-07-15,16.9855,19.3911,2025-07-16,2025-08-20,0.0,1.0,0,18,1,36,-0.005464813253269529,0,2.4830702992532143
2025-07-16,19.5255,20.9535,2025-08-20,2025-09-17,0.96,0.040000000000000036,24,25,35,63,0.006931014743877251,0,2.500280496107422
2025-07-17,19.4451,20.9494,2025-08-20,2025-09-17,0.92,0.07999999999999996,23,25,34,62,-0.003949828981004488,0,2.4904048157432563
2025-07-18,19.141,20.8192,2025-08-20,2025-09-17,0.88,0.12,22,25,33,61,-0.014831659327536939,0,2.453467979928495
2025-07-21,19.0016,20.6923,2025-08-20,2025-09-17,0.84,0.16000000000000003,21,25,30,58,-0.007129421068261199,0,2.4359761736220884
2025-07-22,18.8975,20.705,2025-08-20,2025-09-17,0.8,0.19999999999999996,20,25,29,57,-0.004431896203176855,0,2.4251801800671835
2025-07-23,18.0956,20.0524,2025-08-20,2025-09-17,0.76,0.24,19,25,28,56,-0.04008723194350694,0,2.3279614196840344
2025-07-24,18.0782,19.8785,2025-08-20,2025-09-17,0.72,0.28,18,25,27,55,-0.0029603723777866797,0,2.321069787000649
2025-07-25,17.8844,19.7887,2025-08-20,2025-09-17,0.68,0.31999999999999995,17,25,26,54,-0.008862204452369848,0,2.300499992000031
2025-07-28,17.3948,19.3055,2025-08-20,2025-09-17,0.64,0.36,16,25,23,51,-0.026363031540989845,0,2.2398518381508867
2025-07-29,17.8434,19.7103,2025-08-20,2025-09-17,0.6,0.4,15,25,22,50,0.023936311996713755,0,2.2934656305752794
2025-07-30,17.9038,19.7879,2025-08-20,2025-09-17,0.56,0.43999999999999995,14,25,21,49,0.003619118931735832,0,2.3017659554581797
2025-07-31,17.9566,19.8708,2025-08-20,2025-09-17,0.52,0.48,13,25,20,48,0.003525580046638943,0,2.3098810155827763
2025-08-01,19.8518,21.1103,2025-08-20,2025-09-17,0.48,0.52,12,25,19,47,0.08373134663628079,0,2.503290463587102
2025-08-04,18.1045,19.9853,2025-08-20,2025-09-17,0.44,0.56,11,25,16,44,-0.06942791016579364,0,2.3294922381622882
2025-08-05,18.3111,20.1609,2025-08-20,2025-09-17,0.4,0.6,10,25,15,43,0.009877987746785388,0,2.352502933947087
2025-08-06,17.6048,19.5688,2025-08-20,2025-09-17,0.36,0.64,9,25,14,42,-0.03283974341150653,0,2.2752473412214487
2025-08-07,17.7978,19.7075,2025-08-20,2025-09-17,0.32,0.6799999999999999,8,25,13,41,0.008389885143273768,0,2.294336405086835
2025-08-08,16.868,19.1604,2025-08-20,2025-09-17,0.28,0.72,7,25,12,40,-0.035062322754513486,0,2.2138916415442504
2025-08-11,16.9014,19.2976,2025-08-20,2025-09-17,0.24,0.76,6,25,9,37,0.005839341010257293,0,2.2268193097989855
2025-08-12,15.8937,18.5508,2025-08-20,2025-09-17,0.2,0.8,5,25,8,36,-0.04323223293968259,0,2.1305489386831726
2025-08-13,15.6455,18.4996,2025-08-20,2025-09-17,0.16,0.84,4,25,7,35,-0.0050279199395316665,0,2.1198367091922194
2025-08-14,15.7256,18.5444,2025-08-20,2025-09-17,0.12,0.88,3,25,6,34,0.002795996041444093,0,2.125763764239629
2025-08-15,15.7742,18.4744,2025-08-20,2025-09-17,0.08,0.92,2,25,5,33,-0.003063141761374455,0,2.1192522484785696
2025-08-18,15.3206,18.009,2025-08-20,2025-09-17,0.04,0.96,1,25,2,30,-0.02543795770753854,0,2.065342799410166
2025-08-19,15.5738,18.3931,2025-08-20,2025-09-17,0.0,1.0,0,25,1,29,0.02116385564890111,0,2.1090534162823804
2025-08-20,18.3008,20.1469,2025-09-17,2025-10-22,0.9473684210526315,0.052631578947368474,18,19,28,63,-0.005018186167639049,0,2.09846979360198
2025-08-21,18.6088,20.3754,2025-09-17,2025-10-22,0.8947368421052632,0.10526315789473684,17,19,27,62,0.016513555705394145,0,2.133122991434713
2025-08-22,16.9975,19.0513,2025-09-17,2025-10-22,0.8421052631578947,0.1578947368421053,16,19,26,61,-0.08412284052328134,0,1.953678626209706
2025-08-25,17.0172,19.1565,2025-09-17,2025-10-22,0.7894736842105263,0.21052631578947367,15,19,23,58,0.0019166616785253332,0,1.957423167164716
2025-08-26,16.8867,19.0898,2025-09-17,2025-10-22,0.7368421052631579,0.26315789473684215,14,19,22,57,-0.006702040471971982,0,1.9443044378776024
2025-08-27,16.9045,19.1748,2025-09-17,2025-10-22,0.6842105263157895,0.3157894736842105,13,19,21,56,0.0020315624408639987,0,1.9482544137471995
2025-08-28,16.6525,19.0363,2025-09-17,2025-10-22,0.631578947368421,0.368421052631579,12,19,20,55,-0.012266757624460167,0,1.924355649062978
2025-08-29,17.149,19.3442,2025-09-17,2025-10-22,0.5789473684210527,0.42105263157894735,11,19,19,54,0.024358112560761702,0,1.9712293205697917
2025-09-02,17.7246,19.8497,2025-09-17,2025-10-22,0.5263157894736842,0.4736842105263158,10,19,15,50,0.030214978424112582,0,2.030789971959786
2025-09-03,17.1889,19.4266,2025-09-17,2025-10-22,0.47368421052631576,0.5263157894736843,9,19,14,49,-0.025751819435768764,0,1.9784934352899077
2025-09-04,16.5962,18.8515,2025-09-17,2025-10-22,0.42105263157894735,0.5789473684210527,8,19,13,48,-0.03176612284115854,0,1.9156443697840626
2025-09-05,16.7106,18.8991,2025-09-17,2025-10-22,0.3684210526315789,0.631578947368421,7,19,12,47,0.004230071433170446,0,1.9237476823087998
2025-09-08,16.3618,18.5378,2025-09-17,2025-10-22,0.3157894736842105,0.6842105263157895,6,19,9,44,-0.019714722393367023,0,1.8858215307971986
2025-09-09,16.2916,18.4396,2025-09-17,2025-10-22,0.2631578947368421,0.736842105263158,5,19,8,43,-0.005005864450696729,0,1.8763813638358227
2025-09-10,16.1314,18.3931,2025-09-17,2025-10-22,0.21052631578947367,0.7894736842105263,4,19,7,42,-0.004275462262273155,0,1.8683589661251099
2025-09-11,15.6473,17.995,2025-09-17,2025-10-22,0.15789473684210525,0.8421052631578947,3,19,6,41,-0.023229690434316663,0,1.8249575657218438
2025-09-12,15.5928,17.9471,2025-09-17,2025-10-22,0.10526315789473684,0.8947368421052632,2,19,5,40,-0.002776965668533804,0,1.8198897212153033
2025-09-15,15.7566,18.1366,2025-09-17,2025-10-22,0.05263157894736842,0.9473684210526316,1,19,2,37,0.01055380489779112,0,1.8390964822685052
2025-09-16,16.1034,18.4512,2025-09-17,2025-10-22,0.0,1.0,0,19,1,36,0.017560869557594394,0,1.8713926156974532
2025-09-17,17.7786,19.2488,2025-10-22,2025-11-19,0.96,0.040000000000000036,24,25,35,63,-0.03645291363163372,0,1.8031749023065566
2025-09-18,17.677,19.25,2025-10-22,2025-11-19,0.92,0.07999999999999996,23,25,34,62,-0.00546536806244502,0,1.793319887784488
2025-09-19,17.7179,19.2825,2025-10-22,2025-11-19,0.88,0.12,22,25,33,61,0.002259639473252806,0,1.797372144191095
2025-09-22,18.0476,19.534,2025-10-22,2025-11-19,0.84,0.16000000000000003,21,25,30,58,0.017889100045058504,0,1.8295255142967308
2025-09-23,18.34,19.708,2025-10-22,2025-11-19,0.8,0.19999999999999996,20,25,29,57,0.014954862408440794,0,1.8568858166357705
2025-09-24,18.0413,19.5247,2025-10-22,2025-11-19,0.76,0.24,19,25,28,56,-0.014807452615292038,0,1.8293900678939283
2025-09-25,18.3333,19.7125,2025-10-22,2025-11-19,0.72,0.28,18,25,27,55,0.014512551722218436,0,1.8559391858743515
2025-09-26,17.4931,19.0568,2025-10-22,2025-11-19,0.68,0.31999999999999995,17,25,26,54,-0.04212404236101486,0,1.777759524989113
2025-09-29,17.7466,19.2967,2025-10-22,2025-11-19,0.64,0.36,16,25,23,51,0.013846568013176519,0,1.802375393162947
2025-09-30,17.588,19.2492,2025-10-22,2025-11-19,0.6,0.4,15,25,22,50,-0.006479451435144723,0,1.7906969893350475
2025-10-01,17.5014,19.1491,2025-10-22,2025-11-19,0.56,0.43999999999999995,14,25,21,49,-0.00504041094689589,0,1.7816711406274297
2025-10-02,17.842,19.3483,2025-10-22,2025-11-19,0.52,0.48,13,25,20,48,0.015273679019671693,0,1.8088838137479855
2025-10-03,17.7273,19.2466,2025-10-22,2025-11-19,0.48,0.52,12,25,19,47,-0.005842168585399987,0,1.7983160095566684
2025-10-06,17.602,19.1017,2025-10-22,2025-11-19,0.44,0.56,11,25,16,44,-0.0073170352366019875,0,1.7851576679481969
2025-10-07,18.1013,19.491,2025-10-22,2025-11-19,0.4,0.6,10,25,15,43,0.02373408455298809,0,1.8275267509796944
2025-10-08,17.6497,19.2059,2025-10-22,2025-11-19,0.36,0.64,9,25,14,42,-0.018573951472185102,0,1.7935823577928776
2025-10-09,17.7004,19.2535,2025-10-22,2025-11-19,0.32,0.6799999999999999,8,25,13,41,0.002612724843110925,0,1.7982684949772483
2025-10-10,21.0095,21.2344,2025-10-22,2025-11-19,0.28,0.72,7,25,12,40,0.128271424510362,0,2.028934956480085
2025-10-13,19.0245,19.6943,2025-10-22,2025-11-19,0.24,0.76,6,25,9,37,-0.07862823424097798,0,1.86940338346226
2025-10-14,20.2857,20.4843,2025-10-22,2025-11-19,0.2,0.8,5,25,8,36,0.0462326659754797,0,1.9558308856633022
2025-10-15,20.7228,20.6812,2025-10-22,2025-11-19,0.16,0.84,4,25,7,35,0.011980681432438356,0,1.979263072440158
2025-10-16,24.0259,22.4142,2025-10-22,2025-11-19,0.12,0.88,3,25,6,34,0.09591211385075371,0,2.169098377584631
2025-10-17,20.9137,20.7096,2025-10-22,2025-11-19,0.08,0.92,2,25,5,33,-0.08287087831156303,0,1.989343289890006
2025-10-20,18.4487,19.1805,2025-10-22,2025-11-19,0.04,0.96,1,25,2,30,-0.07738963485736328,0,1.8353887390794725
2025-10-21,18.018,19.0436,2025-10-22,2025-11-19,0.0,1.0,0,25,1,29,-0.007762008786068142,0,1.8211424355608872
2025-10-22,19.3039,19.8626,2025-11-19,2025-12-17,0.95,0.050000000000000044,19,20,28,56,0.013668634081791087,0,1.8460349651233907
2025-10-23,18.9203,19.6218,2025-11-19,2025-12-17,0.9,0.09999999999999998,18,20,27,55,-0.019473578167824912,0,1.8100860589295222
2025-10-24,18.6373,19.3431,2025-11-19,2025-12-17,0.85,0.15000000000000002,17,20,26,54,-0.0148795842120647,0,1.783152730984596
2025-10-27,18.0336,18.9361,2025-11-19,2025-12-17,0.8,0.19999999999999996,16,20,23,51,-0.030634892603545683,0,1.7285260385751637
2025-10-28,18.5732,19.4043,2025-11-19,2025-12-17,0.75,0.25,15,20,22,50,0.028841392108311714,0,1.778379135823137
2025-10-29,18.9367,19.6877,2025-11-19,2025-12-17,0.7,0.30000000000000004,14,20,21,49,0.01828845414042668,0,1.8109029410929298
2025-10-30,19.108,19.9203,2025-11-19,2025-12-17,0.65,0.35,13,20,20,48,0.009899279824653107,0,1.828829576042096
2025-10-31,19.1308,19.9632,2025-11-19,2025-12-17,0.6,0.4,12,20,19,47,0.001538496841917647,0,1.8316432245692424
2025-11-03,18.938,19.8978,2025-11-19,2025-12-17,0.55,0.44999999999999996,11,20,16,44,-0.0072873894869235345,0,1.8182953269907218
2025-11-04,19.7605,20.5025,2025-11-19,2025-12-17,0.5,0.5,10,20,15,43,0.0374028583509165,0,1.8863047695462891
2025-11-05,18.9114,19.7592,2025-11-19,2025-12-17,0.45,0.55,9,20,14,42,-0.039549959019447245,0,1.8117014932125455
2025-11-06,20.053,20.3851,2025-11-19,2025-12-17,0.4,0.6,8,20,13,41,0.04427591730490055,0,1.891916238707189
2025-11-07,19.8557,20.2058,2025-11-19,2025-12-17,0.35,0.65,7,20,12,40,-0.009208848790209223,0,1.8744938681411933
2025-11-10,18.5012,19.2457,2025-11-19,2025-12-17,0.3,0.7,6,20,9,37,-0.0546793561704233,0,1.7719977502858264
2025-11-11,18.3268,19.2449,2025-11-19,2025-12-17,0.25,0.75,5,20,8,36,-0.0027798878687438355,0,1.7670717952363653
2025-11-12,18.3384,19.3997,2025-11-19,2025-12-17,0.2,0.8,4,20,7,35,0.006258093779375917,0,1.7781302962458447
2025-11-13,20.4452,20.5383,2025-11-19,2025-12-17,0.15,0.85,3,20,6,34,0.06943292070229279,0,1.9015910761034267
2025-11-14,20.0738,20.1248,2025-11-19,2025-12-17,0.1,0.9,2,20,5,33,-0.01983913242499702,0,1.8638651589264184
2025-11-17,22.0493,21.1688,2025-11-19,2025-12-17,0.05,0.95,1,20,2,30,0.056519232394121266,0,1.9692093869950862
2025-11-18,23.9669,21.7706,2025-11-19,2025-12-17,0.0,1.0,0,20,1,29,0.03147105583532617,0,2.031182485564657
2025-11-19,21.2323,22.1568,2025-12-17,2026-01-21,0.9473684210526315,0.052631578947368474,18,19,28,63,-0.024726006632798447,0,1.9809594539541615
2025-11-20,22.867,23.2206,2025-12-17,2026-01-21,0.8947368421052632,0.10526315789473684,17,19,27,62,0.07540321443781495,0,2.130330164453284
2025-11-21,21.5533,22.4099,2025-12-17,2026-01-21,0.8421052631578947,0.1578947368421053,16,19,26,61,-0.055044553957188436,0,2.0130670907694093
2025-11-24,19.8948,21.1013,2025-12-17,2026-01-21,0.7894736842105263,0.21052631578947367,15,19,23,58,-0.07392160550375226,0,1.8642579394329666
2025-11-25,19.3179,20.5594,2025-12-17,2026-01-21,0.7368421052631579,0.26315789473684215,14,19,22,57,-0.028266277840237164,0,1.8115623065510862
2025-11-26,18.7431,20.1608,2025-12-17,2026-01-21,0.6842105263157895,0.3157894736842105,13,19,21,56,-0.02689957015128852,0,1.7628320592025852
2025-11-28,18.2687,19.867,2025-12-17,2026-01-21,0.631578947368421,0.368421052631579,12,19,19,54,-0.021748365650088308,0,1.7244933429993492
2025-12-01,18.3442,19.8539,2025-12-17,2026-01-21,0.5789473684210527,0.42105263157894735,11,19,16,51,0.0022727183922450767,0,1.7284126307372882
2025-12-02,17.9472,19.5901,2025-12-17,2026-01-21,0.5263157894736842,0.4736842105263158,10,19,15,50,-0.01796197299409308,0,1.6973669297413359
2025-12-03,17.7946,19.5796,2025-12-17,2026-01-21,0.47368421052631576,0.5263157894736843,9,19,14,49,-0.004554743918271598,0,1.689635858041021
2025-12-04,17.5422,19.4156,2025-12-17,2026-01-21,0.42105263157894735,0.5789473684210527,8,19,13,48,-0.010989264144084188,0,1.6710680032896919
2025-12-05,17.2631,19.2329,2025-12-17,2026-01-21,0.3684210526315789,0.631578947368421,7,19,12,47,-0.011987538046482005,0,1.651036012021998
2025-12-08,17.6046,19.4845,2025-12-17,2026-01-21,0.3157894736842105,0.6842105263157895,6,19,9,44,0.015384352875768004,0,1.6764361326415451
2025-12-09,17.609,19.4999,2025-12-17,2026-01-21,0.2631578947368421,0.736842105263158,5,19,8,43,0.0006313277301372988,0,1.6774945132598857
2025-12-10,16.6644,18.8164,2025-12-17,2026-01-21,0.21052631578947367,0.7894736842105263,4,19,7,42,-0.039585246767980364,0,1.61109047900056
2025-12-11,16.2564,18.5716,2025-12-17,2026-01-21,0.15789473684210525,0.8421052631578947,3,19,6,41,-0.015201906773102847,0,1.5865988317357598
2025-12-12,16.5715,18.5508,2025-12-17,2026-01-21,0.10526315789473684,0.8947368421052632,2,19,5,40,0.00177066722788366,0,1.5894081702909129
2025-12-15,16.5036,18.5302,2025-12-17,2026-01-21,0.05263157894736842,0.9473684210526316,1,19,2,37,-0.0013945216532483817,0,1.587191706181592
2025-12-16,16.3399,18.5123,2025-12-17,2026-01-21,0.0,1.0,0,19,1,36,-0.0013880985192854522,0,1.5849885277244196
2025-12-17,18.8033,20.0573,2026-01-21,2026-02-18,0.9545454545454546,0.045454545454545414,21,22,35,63,0.015719278533731673,0,1.6099034038644888
2025-12-18,18.1867,19.6653,2026-01-21,2026-02-18,0.9090909090909091,0.09090909090909094,20,22,34,62,-0.032151710688107404,0,1.5581422553876385
2025-12-19,17.4453,19.1272,2026-01-21,2026-02-18,0.8636363636363636,0.13636363636363635,19,22,33,61,-0.03945819106912396,0,1.4966607805616774
2025-12-22,16.8537,18.6258,2026-01-21,2026-02-18,0.8181818181818182,0.18181818181818177,18,22,30,58,-0.03277575510689035,0,1.4476065933399005
2025-12-23,16.9364,18.7306,2026-01-21,2026-02-18,0.7727272727272727,0.2272727272727273,17,22,29,57,0.005048828988185816,0,1.4549153114718438
2025-12-24,16.8532,18.8012,2026-01-21,2026-02-18,0.7272727272727273,0.2727272727272727,16,22,28,56,-0.0027816521032214547,0,1.450868243235679
2025-12-26,16.8173,18.8394,2026-01-21,2026-02-18,0.6818181818181818,0.31818181818181823,15,22,26,54,-0.0009025818232780702,0,1.4495587159313632
2025-12-29,16.6251,18.5604,2026-01-21,2026-02-18,0.6363636363636364,0.36363636363636365,14,22,23,51,-0.01258931423381282,0,1.4313097657561409
2025-12-30,16.3736,18.3952,2026-01-21,2026-02-18,0.5909090909090909,0.40909090909090906,13,22,22,50,-0.012702414733605005,0,1.4131286754992476
2025-12-31,16.5325,18.534,2026-01-21,2026-02-18,0.5454545454545454,0.4545454545454546,12,22,21,49,0.008759991712771642,0,1.4255076709857009
2026-01-02,16.1271,18.2916,2026-01-21,2026-02-18,0.5,0.5,11,22,19,47,-0.018994605582049906,0,1.398430715021141
2026-01-05,16.4125,18.406,2026-01-21,2026-02-18,0.45454545454545453,0.5454545454545454,10,22,16,44,0.011615778631964613,0,1.4146745766389666
2026-01-06,16.2426,18.1904,2026-01-21,2026-02-18,0.4090909090909091,0.5909090909090908,9,22,15,43,-0.011133073764211243,0,1.3989249002248907
2026-01-07,16.6914,18.3472,2026-01-21,2026-02-18,0.36363636363636365,0.6363636363636364,8,22,14,42,0.015882564771835694,0,1.4211434155636464
2026-01-08,16.5193,18.1492,2026-01-21,2026-02-18,0.3181818181818182,0.6818181818181819,7,22,13,41,-0.010627266952191516,0,1.4060405451091023
2026-01-09,16.1552,17.8657,2026-01-21,2026-02-18,0.2727272727272727,0.7272727272727273,6,22,12,40,-0.017534600878483242,0,1.381386185331649
2026-01-12,16.1224,17.9274,2026-01-21,2026-02-18,0.22727272727272727,0.7727272727272727,5,22,9,37,0.002064880725968443,0,1.3842385830408594
2026-01-13,16.5992,18.3897,2026-01-21,2026-02-18,0.18181818181818182,0.8181818181818181,4,22,8,36,0.026579372241992028,0,1.4210307756112301
2026-01-14,17.287,18.8191,2026-01-21,2026-02-18,0.13636363636363635,0.8636363636363636,3,22,7,35,0.026371664225032232,0,1.4585057220790867
2026-01-15,16.5041,18.2809,2026-01-21,2026-02-18,0.09090909090909091,0.9090909090909091,2,22,6,34,-0.03071266723803867,0,1.4137111211720963
2026-01-16,16.6389,18.3596,2026-01-21,2026-02-18,0.045454545454545456,0.9545454545454546,1,22,5,33,0.004624884164663445,0,1.4202493713498139
2026-01-20,20.2228,20.3916,2026-01-21,2026-02-18,0.0,1.0,0,22,1,29,0.11500992688788014,0,1.5835921477113137
2026-01-21,18.4095,19.2998,2026-02-18,2026-03-18,0.9473684210526315,0.052631578947368474,18,19,28,56,-0.09720178897192955,0,1.4296641579518738
2026-01-22,17.9803,19.0033,2026-02-18,2026-03-18,0.8947368421052632,0.10526315789473684,17,19,27,55,-0.022876441380348833,0,1.396958529648902
2026-01-23,18.346,19.2365,2026-02-18,2026-03-18,0.8421052631578947,0.1578947368421053,16,19,26,54,0.019446756890369565,0,1.4241248425609123
2026-01-26,18.2753,19.2337,2026-02-18,2026-03-18,0.7894736842105263,0.21052631578947367,15,19,23,51,-0.0032444543773514356,0,1.4195043344815705
2026-01-27,18.594,19.5249,2026-02-18,2026-03-18,0.7368421052631579,0.26315789473684215,14,19,22,50,0.01693507428696117,0,1.4435437458366793
2026-01-28,18.6005,19.5362,2026-02-18,2026-03-18,0.6842105263157895,0.3157894736842105,13,19,21,49,0.00041207966128453677,0,1.4441386008545132
2026-01-29,18.7805,19.6838,2026-02-18,2026-03-18,0.631578947368421,0.368421052631579,12,19,20,48,0.008984365099017122,0,1.4571132692981739
2026-01-30,19.0448,19.8981,2026-02-18,2026-03-18,0.5789473684210527,0.42105263157894735,11,19,19,47,0.012864289006880192,0,1.4758579955101854
2026-02-02,17.9118,19.0652,2026-02-18,2026-03-18,0.5263157894736842,0.4736842105263158,10,19,16,44,-0.05187784666060513,0,1.39929366072628
2026-02-03,18.9085,19.6359,2026-02-18,2026-03-18,0.47368421052631576,0.5263157894736843,9,19,15,43,0.043065563972891185,0,1.4595550313891488
2026-02-04,19.2928,19.8792,2026-02-18,2026-03-18,0.42105263157894735,0.5789473684210527,8,19,14,42,0.016074022843626468,0,1.4830159523052278
2026-02-05,20.8475,20.8342,2026-02-18,2026-03-18,0.3684210526315789,0.631578947368421,7,19,13,41,0.06150606841144657,0,1.57423043292298
2026-02-06,19.1365,19.7066,2026-02-18,2026-03-18,0.3157894736842105,0.6842105263157895,6,19,12,40,-0.06442393587560213,0,1.4728123124589283
2026-02-09,18.2983,19.128,2026-02-18,2026-03-18,0.2631578947368421,0.736842105263158,5,19,9,37,-0.03382975098974483,0,1.4229874386738124
2026-02-10,18.8064,19.5156,2026-02-18,2026-03-18,0.21052631578947367,0.7894736842105263,4,19,8,36,0.022174411015256634,0,1.454541347008513
2026-02-11,18.6671,19.4505,2026-02-18,2026-03-18,0.15789473684210525,0.8421052631578947,3,19,7,35,-0.004168120630634431,0,1.4484786432119359
2026-02-12,20.6575,20.6289,2026-02-18,2026-03-18,0.10526315789473684,0.8947368421052632,2,19,6,34,0.06760613089047585,0,1.546404679956981
2026-02-13,21.029,20.8254,2026-02-18,2026-03-18,0.05263157894736842,0.9473684210526316,1,19,5,33,0.010416924421877916,0,1.5625134606337314
2026-02-17,20.0571,20.2175,2026-02-18,2026-03-18,0.0,1.0,0,19,1,29,-0.030094759554639583,0,1.5154899937350714
2026-02-18,20.1587,20.7646,2026-03-18,2026-04-15,0.95,0.050000000000000044,19,20,28,56,-0.0029083714603685973,0,1.5110823858888183
2026-02-19,20.7531,21.242,2026-03-18,2026-04-15,0.9,0.09999999999999998,18,20,27,55,0.029152020692461367,0,1.555133490870263
2026-02-20,20.2231,20.8381,2026-03-18,2026-04-15,0.85,0.15000000000000002,17,20,26,54,-0.0248721396366407,0,1.5164539935317212
2026-02-23,21.0977,21.4043,2026-03-18,2026-04-15,0.8,0.19999999999999996,16,20,23,51,0.040774094465515054,0,1.5782860319165912
2026-02-24,20.2524,20.9235,2026-03-18,2026-04-15,0.75,0.25,15,20,22,50,-0.036504526202064014,0,1.5206714481101404
2026-02-25,19.4492,20.3214,2026-03-18,2026-04-15,0.7,0.30000000000000004,14,20,21,49,-0.03687162328432547,0,1.4646018233361935
2026-02-26,19.7561,20.5453,2026-03-18,2026-04-15,0.65,0.35,13,20,20,48,0.01430683389765841,0,1.4855556383488722
2026-02-27,20.6361,21.1511,2026-03-18,2026-04-15,0.6,0.4,12,20,19,47,0.03913825258382442,0,1.5436976901498947
2026-03-02,20.932,21.2758,2026-03-18,2026-04-15,0.55,0.44999999999999996,11,20,16,44,0.01091156841201224,0,1.5605418531034307
2026-03-03,22.1056,22.0885,2026-03-18,2026-04-15,0.5,0.5,10,20,15,43,0.04795413793806613,0,1.635376292385278
2026-03-04,21.2017,21.3553,2026-03-18,2026-04-15,0.45,0.55,9,20,14,42,-0.03704340624653513,0,1.574796384020498
2026-03-05,22.9737,22.4869,2026-03-18,2026-04-15,0.4,0.6,8,20,13,41,0.06669961449165607,0,1.6798346957375192
2026-03-06,26.9657,25.0027,2026-03-18,2026-04-15,0.35,0.65,7,20,12,40,0.13695141705045755,0,1.9098904377292967
2026-03-09,23.5673,22.9911,2026-03-18,2026-04-15,0.3,0.7,6,20,9,37,-0.0971975204118376,0,1.7242538229237296
2026-03-10,25.0953,23.9178,2026-03-18,2026-04-15,0.25,0.75,5,20,8,36,0.04779364150171217,0,1.8066621919945034
2026-03-11,23.5823,22.9478,2026-03-18,2026-04-15,0.2,0.8,4,20,7,35,-0.045669172637319844,0,1.7241534244509877
2026-03-12,25.8135,24.3687,2026-03-18,2026-04-15,0.15,0.85,3,20,6,34,0.06860154194854107,0,1.842433007924183
2026-03-13,26.3706,24.7996,2026-03-18,2026-04-15,0.1,0.9,2,20,5,33,0.018296616449912317,0,1.87614329800483
2026-03-16,23.3145,22.99,2026-03-18,2026-04-15,0.05,0.95,1,20,2,30,-0.07750423733907152,0,1.7307342425541554
2026-03-17,22.3122,22.7161,2026-03-18,2026-04-15,0.0,1.0,0,20,1,29,-0.01348852321491234,0,1.70738919354462
2026-03-18,24.6547,24.1579,2026-04-15,2026-05-19,0.9473684210526315,0.052631578947368474,18,19,28,62,0.08534035331769085,0,1.8530983905725251
2026-03-19,23.9468,23.5295,2026-04-15,2026-05-19,0.8947368421052632,0.10526315789473684,17,19,27,61,-0.02857316871196769,0,1.8001494976188206
2026-03-20,25.7467,24.7511,2026-04-15,2026-05-19,0.8421052631578947,0.1578947368421053,16,19,26,60,0.07275385958878333,0,1.9311173214073993
2026-03-23,24.3024,23.6039,2026-04-15,2026-05-19,0.7894736842105263,0.21052631578947367,15,19,23,57,-0.054607924097157534,0,1.8256630132972778
2026-03-24,24.9404,24.1512,2026-04-15,2026-05-19,0.7368421052631579,0.26315789473684215,14,19,22,56,0.025621873853364896,0,1.8724399207227347
2026-03-25,24.2885,23.8017,2026-04-15,2026-05-19,0.6842105263157895,0.3157894736842105,13,19,21,55,-0.02314024296818873,0,1.8291112060138743
2026-03-26,26.2588,25.0986,2026-04-15,2026-05-19,0.631578947368421,0.368421052631579,12,19,20,54,0.07282634556341194,0,1.9623186907769499
2026-03-27,28.49,26.4912,2026-04-15,2026-05-19,0.5789473684210527,0.42105263157894735,11,19,19,53,0.074415062231584,0,2.1083447582693173
2026-03-30,28.2082,26.4497,2026-04-15,2026-05-19,0.5263157894736842,0.4736842105263158,10,19,16,50,-0.006532784994125351,0,2.0945713952700524
2026-03-31,25.0224,24.412,2026-04-15,2026-05-19,0.47368421052631576,0.5263157894736843,9,19,15,49,-0.09650927182913949,0,1.892425835118395
2026-04-01,24.4503,23.9092,2026-04-15,2026-05-19,0.42105263157894735,0.5789473684210527,8,19,14,48,-0.021684277902402127,0,1.8513899474000024
2026-04-02,24.4806,23.9468,2026-04-15,2026-05-19,0.3684210526315789,0.631578947368421,7,19,13,47,0.0014304292421605247,0,1.8540382297194054
2026-04-06,23.843,23.3132,2026-04-15,2026-05-19,0.3157894736842105,0.6842105263157895,6,19,9,43,-0.026304166890111835,0,1.8052692987042187
2026-04-07,24.9752,23.9995,2026-04-15,2026-05-19,0.2631578947368421,0.736842105263158,5,19,8,42,0.035225414319068005,0,1.868860657708568
2026-04-08,21.6653,21.9085,2026-04-15,2026-05-19,0.21052631578947367,0.7894736842105263,4,19,7,41,-0.09942847099718155,0,1.6830427000058181
2026-04-09,20.2766,21.2162,2026-04-15,2026-05-19,0.15789473684210525,0.8421052631578947,3,19,6,40,-0.038381251404143835,0,1.6184454150129859
2026-04-10,20.4077,21.5654,2026-04-15,2026-05-19,0.10526315789473684,0.8947368421052632,2,19,5,39,0.014940455520886298,0,1.64262572674897
2026-04-13,19.304,20.7147,2026-04-15,2026-05-19,0.05263157894736842,0.9473684210526316,1,19,2,36,-0.04091356688998682,0,1.5754200492024129
2026-04-14,18.5981,20.4795,2026-04-15,2026-05-19,0.0,1.0,0,19,1,35,-0.012595348021233632,0,1.5555770854030793
2026-04-15,20.5903,21.079,2026-05-19,2026-06-17,0.9583333333333334,0.04166666666666663,23,24,34,63,0.00541028833711743,0,1.5639932059657229
2026-04-16,20.4999,21.021,2026-05-19,2026-06-17,0.9166666666666666,0.08333333333333337,22,24,33,62,-0.004320579214763032,0,1.5572358494279965
2026-04-17,20.2916,20.945,2026-05-19,2026-06-17,0.875,0.125,21,24,32,61,-0.009602875873306882,0,1.5422819068604758
2026-04-20,20.5949,21.2929,2026-05-19,2026-06-17,0.8333333333333334,0.16666666666666663,20,24,29,58,0.01516079275423321,0,1.5656641232189912
2026-04-21,20.9532,21.5196,2026-05-19,2026-06-17,0.7916666666666666,0.20833333333333337,19,24,28,57,0.016240783986789742,0,1.5910917360400574
2026-04-22,20.6508,21.3167,2026-05-19,2026-06-17,0.75,0.25,18,24,27,56,-0.013367574382727732,0,1.5698226989087984
2026-04-23,20.6595,21.3194,2026-05-19,2026-06-17,0.7083333333333334,0.29166666666666663,17,24,26,55,0.0003458665939706229,0,1.5703656481388077
2026-04-24,20.8574,21.5145,2026-05-19,2026-06-17,0.6666666666666666,0.33333333333333337,16,24,25,54,0.009451544648157784,0,1.585208029176125
2026-04-27,20.0502,21.0997,2026-05-19,2026-06-17,0.625,0.375,15,24,22,51,-0.03209271650959289,0,1.5343343972870453
2026-04-28,19.7201,20.7805,2026-05-19,2026-06-17,0.5833333333333334,0.41666666666666663,14,24,21,50,-0.015946795507920664,0,1.50986668041274
2026-04-29,20.2515,21.1753,2026-05-19,2026-06-17,0.5416666666666666,0.45833333333333337,13,24,20,49,0.023533622767657913,0,1.5453993132990294
2026-04-30,19.4774,20.6453,2026-05-19,2026-06-17,0.5,0.5,12,24,19,48,-0.032030170226470256,0,1.4958999102261912
2026-05-01,19.6928,20.7897,2026-05-19,2026-06-17,0.4583333333333333,0.5416666666666667,11,24,18,47,0.008967492217622608,0,1.509314381029487
2026-05-04,19.9531,21.045,2026-05-19,2026-06-17,0.4166666666666667,0.5833333333333333,10,24,15,44,0.012697404674473889,0,1.5284787565064215
2026-05-05,19.7775,21.0615,2026-05-19,2026-06-17,0.375,0.625,9,24,14,43,-0.0030860387606468365,0,1.5237618118190173
2026-05-06,19.3268,20.6964,2026-05-19,2026-06-17,0.3333333333333333,0.6666666666666667,8,24,13,42,-0.01930029154518942,0,1.4943527646054842
2026-05-07,19.0668,20.5952,2026-05-19,2026-06-17,0.2916666666666667,0.7083333333333333,7,24,12,41,-0.007615333434344174,0,1.4829727700344795
2026-05-08,19.2159,20.6846,2026-05-19,2026-06-17,0.25,0.75,6,24,11,40,0.00530102194852633,0,1.4908340412374992
2026-05-11,19.4709,20.99,2026-05-19,2026-06-17,0.20833333333333334,0.7916666666666666,5,24,8,37,0.01441127505084916,0,1.512318860660942
2026-05-12,19.0069,20.5673,2026-05-19,2026-06-17,0.16666666666666666,0.8333333333333334,4,24,7,36,-0.020862637290656627,0,1.4807679008031536
2026-05-13,19.0526,20.9198,2026-05-19,2026-06-17,0.125,0.875,3,24,6,35,0.014840360659666318,0,1.5027430305043292
2026-05-14,18.3627,20.5377,2026-05-19,2026-06-17,0.08333333333333333,0.9166666666666666,2,24,5,34,-0.020330990409157645,0,1.4721907763637172
2026-05-15,19.106,20.6563,2026-05-19,2026-06-17,0.041666666666666664,0.9583333333333334,1,24,4,33,0.00838350170748492,0,1.4845328902511061
2026-05-18,17.6228,20.281,2026-05-19,2026-06-17,0.0,1.0,0,24,1,30,-0.02046758716950947,0,1.4541480839138878
2026-05-19,20.4174,21.7247,2026-06-17,2026-07-22,0.95,0.050000000000000044,19,20,29,64,0.0067255066318230305,0,1.4639279664959035
2026-05-20,19.9922,21.491,2026-06-17,2026-07-22,0.9,0.09999999999999998,18,20,28,63,-0.020291449909228487,0,1.434222745493033
2026-05-21,19.3516,21.129,2026-06-17,2026-07-22,0.85,0.15000000000000002,17,20,27,62,-0.030420889997457956,0,1.3905924131205374
2026-05-22,19.5327,21.2031,2026-06-17,2026-07-22,0.8,0.19999999999999996,16,20,26,61,0.008413101908889553,0,1.4022916088058492
2026-05-26,18.8709,20.7092,2026-06-17,2026-07-22,0.75,0.25,15,20,22,57,-0.031621631688678264,0,1.3579488600320666
2026-05-27,18.3995,20.4518,2026-06-17,2026-07-22,0.7,0.30000000000000004,14,20,21,56,-0.02161871345634303,0,1.3285917527386657
2026-05-28,17.9751,20.2218,2026-06-17,2026-07-22,0.65,0.35,13,20,20,55,-0.019251976972094464,0,1.3030137349096262
2026-05-29,17.5883,19.9449,2026-06-17,2026-07-22,0.6,0.4,12,20,19,54,-0.018566533654523876,0,1.2788212865481199
2026-06-01,18.0701,20.4065,2026-06-17,2026-07-22,0.55,0.44999999999999996,11,20,16,51,0.025563732870539813,0,1.311512732306596
2026-06-02,17.6984,20.2431,2026-06-17,2026-07-22,0.5,0.5,10,20,15,50,-0.014536793177097218,0,1.2924475429679254
2026-06-03,17.6055,20.3183,2026-06-17,2026-07-22,0.45,0.55,9,20,14,49,-0.00046650764993472205,0,1.2918446063019915
2026-06-04,16.997,19.6678,2026-06-17,2026-07-22,0.4,0.6,8,20,13,48,-0.03307232240382807,0,1.2491203049867259
2026-06-05,19.1698,20.4832,2026-06-17,2026-07-22,0.35,0.65,7,20,12,47,0.07303214928589408,0,1.340346245576558
2026-06-08,18.7394,20.1442,2026-06-17,2026-07-22,0.3,0.7,6,20,9,44,-0.01852772066435915,0,1.315512684744993
2026-06-09,19.0027,20.5199,2026-06-17,2026-07-22,0.25,0.75,5,20,8,43,0.01733935818313448,0,1.3383228303802432
2026-06-10,20.6899,21.4626,2026-06-17,2026-07-22,0.2,0.8,4,20,7,42,0.05604723791744037,0,1.413332128464907
2026-06-11,19.2403,20.4894,2026-06-17,2026-07-22,0.15,0.85,3,20,6,41,-0.05014440545033183,0,1.3424614291791823
2026-06-12,17.9717,19.6632,2026-06-17,2026-07-22,0.1,0.9,2,20,5,40,-0.04396406567124933,0,1.2834413667456295
2026-06-15,16.1117,18.36,2026-06-17,2026-07-22,0.05,0.95,1,20,2,37,-0.06970742354718484,0,1.193975975795914
2026-06-16,16.1227,18.4177,2026-06-17,2026-07-22,0.0,1.0,0,20,1,36,0.0030341001288662905,0,1.1975986184579397
2026-06-17,19.255,20.3117,2026-07-22,2026-08-19,0.9565217391304348,0.04347826086956519,22,23,35,63,0.045461702601302,0,1.2520434906860045
2026-06-18,18.4931,19.9209,2026-07-22,2026-08-19,0.9130434782608695,0.08695652173913049,21,23,34,62,-0.038638795985868724,0,1.203666037683953
2026-06-22,18.4508,19.6583,2026-07-22,2026-08-19,0.8695652173913043,0.13043478260869568,20,23,30,58,-0.003301051455533388,0,1.1996926741582803
2026-06-23,19.5058,20.2839,2026-07-22,2026-08-19,0.8260869565217391,0.17391304347826086,19,23,29,57,0.053685253588335424,0,1.264098479598536
2026-06-24,19.4291,20.1412,2026-07-22,2026-08-19,0.782608695652174,0.21739130434782605,18,23,28,56,-0.004489471733882366,0,1.2584233452055344
2026-06-25,19.1066,19.8393,2026-07-22,2026-08-19,0.7391304347826086,0.26086956521739135,17,23,27,55,-0.016238934457710963,0,1.2379878909826885
2026-06-26,19.0598,19.8178,2026-07-22,2026-08-19,0.6956521739130435,0.30434782608695654,16,23,26,54,-0.0020831455813703492,0,1.2354089819777978
2026-06-29,18.415,19.2634,2026-07-22,2026-08-19,0.6521739130434783,0.34782608695652173,15,23,23,51,-0.031999538407514905,0,1.1958764648100104
2026-06-30,17.9507,18.949,2026-07-22,2026-08-19,0.6086956521739131,0.3913043478260869,14,23,22,50,-0.02202879542827607,0,1.1695327468092207
2026-07-01,18.1033,19.0954,2026-07-22,2026-08-19,0.5652173913043478,0.4347826086956522,13,23,21,49,0.008187728931650762,0,1.1791085639167838
2026-07-02,17.9017,18.9641,2026-07-22,2026-08-19,0.5217391304347826,0.4782608695652174,12,23,20,48,-0.009227840971867463,0,1.1682279376003926
2026-07-06,17.2517,18.6039,2026-07-22,2026-08-19,0.4782608695652174,0.5217391304347826,11,23,16,44,-0.027778676532235425,0,1.1357761116058707
2026-07-07,17.5525,18.6997,2026-07-22,2026-08-19,0.43478260869565216,0.5652173913043479,10,23,15,43,0.010794752255060658,0,1.1480365333478724
2026-07-08,17.927,18.8545,2026-07-22,2026-08-19,0.391304347826087,0.6086956521739131,9,23,14,42,0.013753248462631484,0,1.1638257650351838
2026-07-09,17.4187,18.6556,2026-07-22,2026-08-19,0.34782608695652173,0.6521739130434783,8,23,13,41,-0.01730354145015589,0,1.143687457669138
2026-07-10,16.9545,18.2982,2026-07-22,2026-08-19,0.30434782608695654,0.6956521739130435,7,23,12,40,-0.021648270590738705,0,1.1189286021142826
2026-07-13,17.7668,18.7312,2026-07-22,2026-08-19,0.2608695652173913,0.7391304347826086,6,23,9,37,0.030657472900287086,0,1.1532321254109572
2026-07-14,17.3067,18.5165,2026-07-22,2026-08-19,0.21739130434782608,0.782608695652174,5,23,8,36,-0.01508242218453626,0,1.135838591618739
2026-07-15,16.5489,18.0542,2026-07-22,2026-08-19,0.17391304347826086,0.8260869565217391,4,23,7,35,-0.02884592710629641,0,1.1030742744003865
2026-07-16,17.2746,18.508,2026-07-22,2026-08-19,0.13043478260869565,0.8695652173913043,3,23,6,34,0.02816296349151326,0,1.134140114918752
2026-07-17,18.8036,19.3004,2026-07-22,2026-08-19,0.08695652173913043,0.9130434782608696,2,23,5,33,0.048426029624834,0,1.1890620177225202
2026-07-20,18.4507,18.9656,2026-07-22,2026-08-19,0.043478260869565216,0.9565217391304348,1,23,2,30,-0.0174674362339009,0,1.1682921527497987
2026-07-21,17.0397,18.4089,2026-07-22,2026-08-19,0.0,1.0,0,23,1,29,-0.031348614245000905,0,1.1316678127277835
2026-07-22,18.5033,19.5928,2026-08-19,2026-09-16,0.95,0.050000000000000044,19,20,28,56,0.005127954413354452,0,1.137470953682512
2026-07-23,19.5133,20.2246,2026-08-19,2026-09-16,0.9,0.09999999999999998,18,20,27,55,0.05340564803700887,0,1.198218327087201
2026-07-24,19.231,19.9851,2026-08-19,2026-09-16,0.85,0.15000000000000002,17,20,26,54,-0.014195970983071682,0,1.1812084544844865
2026-07-27,19.1398,19.8291,2026-08-19,2026-09-16,0.8,0.19999999999999996,16,20,23,51,-0.005217090572507521,0,1.1750459829924293
2026-07-28,18.9983,19.7005,2026-08-19,2026-09-16,0.75,0.25,15,20,22,50,-0.007206268810633798,0,1.1665782857741305
2026-07-29,20.3094,20.5776,2026-08-19,2026-09-16,0.7,0.30000000000000004,14,20,21,49,0.06272084114562282,0,1.2397470571201026
2026-07-30,18.7716,19.6787,2026-08-19,2026-09-16,0.65,0.35,13,20,20,48,-0.06601958032080646,0,1.1578994767050785
2026-07-31,18.1046,19.2499,2026-08-19,2026-09-16,0.6,0.4,12,20,19,47,-0.030574016512577518,0,1.1224978389843927
2026-08-03,17.9466,19.1787,2026-08-19,2026-09-16,0.55,0.44999999999999996,11,20,16,44,-0.006641268090021191,0,1.1150430299052279
2026-08-04,18.0473,19.2542,2026-08-19,2026-09-16,0.5,0.5,10,20,15,43,0.004829997440685352,0,1.1204286848859242
2026-08-05,17.4302,18.7083,2026-08-19,2026-09-16,0.45,0.55,9,20,14,42,-0.031178370842995684,0,1.0854955438454208
2026-08-06,17.0952,18.5409,2026-08-19,2026-09-16,0.4,0.6,8,20,13,41,-0.013390940517521766,0,1.070959737585752
2026-08-07,16.9913,18.6639,2026-08-19,2026-09-16,0.35,0.65,7,20,12,40,0.0017948383921719824,0,1.0728819372392413
2026-08-10,16.9577,18.5975,2026-08-19,2026-09-16,0.3,0.7,6,20,9,37,-0.003037864334908602,0,1.0696226674665346
2026-08-11,16.7881,18.4293,2026-08-19,2026-09-16,0.25,0.75,5,20,8,36,-0.009313161260960712,0,1.0596610990760396
2026-08-12,16.0226,17.9686,2026-08-19,2026-09-16,0.2,0.8,4,20,7,35,-0.029796326100227644,0,1.0280870914122444
2026-08-13,16.001,18.1145,2026-08-19,2026-09-16,0.15,0.85,3,20,6,34,0.006393847344050574,0,1.0346605233311232
2026-08-14,15.5594,17.9201,2026-08-19,2026-09-16,0.1,0.9,2,20,5,33,-0.013006339382412246,0,1.0212033774190945
2026-08-17,15.6125,18.0529,2026-08-19,2026-09-16,0.05,0.95,1,20,2,30,0.00705891134543446,0,1.0284119615259542
2026-08-18,15.8653,18.1906,2026-08-19,2026-09-16,0.0,1.0,0,20,1,29,0.008000443926901468,0,1.036639713757897
2026-08-19,17.6066,19.3886,2026-09-16,2026-10-21,0.9473684210526315,0.052631578947368474,18,19,28,63,-0.03210449352962519,0,1.0033589207750042
2026-08-20,17.8009,19.4505,2026-09-16,2026-10-21,0.8947368421052632,0.10526315789473684,17,19,27,62,0.010583472144829464,0,1.0139779419642927
2026-08-21,17.5022,19.1499,2026-09-16,2026-10-21,0.8421052631578947,0.1578947368421053,16,19,26,61,-0.01662907451269524,0,0.9971164272131391
2026-08-24,17.589,19.1282,2026-09-16,2026-10-21,0.7894736842105263,0.21052631578947367,15,19,23,58,0.003922249558424795,0,1.001027366679474
2026-08-25,17.2042,18.9246,2026-09-16,2026-10-21,0.7368421052631579,0.26315789473684215,14,19,22,57,-0.019351968780171425,0,0.9816555163313957
2026-08-26,17.1549,18.8535,2026-09-16,2026-10-21,0.6842105263157895,0.3157894736842105,13,19,21,56,-0.0031170096261555758,0,0.978595686637422
2026-08-27,16.6614,18.5279,2026-09-16,2026-10-21,0.631578947368421,0.368421052631579,12,19,20,55,-0.024898054262175284,0,0.9542305581307928
2026-08-28,16.9353,18.7002,2026-09-16,2026-10-21,0.5789473684210527,0.42105263157894735,11,19,19,54,0.013630043918659629,0,0.9672367625466425
2026-08-31,16.5603,18.4425,2026-09-16,2026-10-21,0.5263157894736842,0.4736842105263158,10,19,16,51,-0.018418535359354338,0,0.9494216780348098
2026-09-01,17.2528,18.8535,2026-09-16,2026-10-21,0.47368421052631576,0.5263157894736843,9,19,15,50,0.032040001749171765,0,0.9798411502597468
2026-09-02,16.5528,18.385,2026-09-16,2026-10-21,0.42105263157894735,0.5789473684210527,8,19,14,49,-0.03195076818546971,0,0.9485344728092137
2026-09-03,16.1381,18.1013,2026-09-16,2026-10-21,0.3684210526315789,0.631578947368421,7,19,13,48,-0.01923848090614455,0,0.9302861104652537
2026-09-04,16.2669,18.1384,2026-09-16,2026-10-21,0.3157894736842105,0.6842105263157895,6,19,12,47,0.004078958805484145,0,0.9340807091871556
2026-09-08,16.6283,18.402,2026-09-16,2026-10-21,0.2631578947368421,0.736842105263158,5,19,8,43,0.016782213349346264,0,0.9497566509342431
2026-09-09,17.052,18.6248,2026-09-16,2026-10-21,0.21052631578947367,0.7894736842105263,4,19,7,42,0.015370213590124804,0,0.964354613517744
2026-09-10,18.1289,19.1305,2026-09-16,2026-10-21,0.15789473684210525,0.8421052631578947,3,19,6,41,0.034216870936187416,0,0.9973518108651975
2026-09-11,16.6044,18.3595,2026-09-16,2026-10-21,0.10526315789473684,0.8947368421052632,2,19,5,40,-0.046908978632897225,0,0.9505670560798406
2026-09-14,16.8509,18.5041,2026-09-16,2026-10-21,0.05263157894736842,0.9473684210526316,1,19,2,37,0.008546268493337728,0,0.9586908573620205
2026-09-15,17.032,18.5473,2026-09-16,2026-10-21,0.0,1.0,0,19,1,36,0.0027397322909756827,0,0.9613174136609984
2026-09-16,18.7253,19.1712,2026-10-21,2026-11-18,0.96,0.040000000000000036,24,25,35,63,0.009597084211718121,0,0.970543257834094
2026-09-17,17.9719,18.6528,2026-10-21,2026-11-18,0.92,0.07999999999999996,23,25,34,62,-0.03969453137404544,0,0.9320179980361302
2026-09-18,18.0411,18.7049,2026-10-21,2026-11-18,0.88,0.12,22,25,33,61,0.003762931331939612,0,0.935525117762872
