date,symbol,assets_lower,assets_central,assets_upper,is_anchor
2014-12-31,SVXY,506556124.0,506556124.0,506556124.0,True
2015-01-02,SVXY,515749675.4751495,517271137.6048236,793416514.1406724,False
2015-01-05,SVXY,480052200.0739727,483592586.4154977,738500403.0053028,False
2015-01-06,SVXY,467794141.97215056,471934121.7259234,719642910.3266668,False
2015-01-07,SVXY,483033895.85998136,488021222.75898516,743087369.8794622,False
2015-01-08,SVXY,513016443.8062643,519070040.17882407,789211778.3043039,False
2015-01-09,SVXY,494132412.6217183,500692022.93015176,760161052.9081845,False
2015-01-12,SVXY,470113224.652321,478434231.93914306,723210529.626494,False
2015-01-13,SVXY,456529971.93395406,465283937.5233111,702314390.4043615,False
2015-01-14,SVXY,448081844.4053067,457334738.0623001,689318000.4626324,False
2015-01-15,SVXY,434664244.9633994,444281195.0937014,668676698.1340828,False
2015-01-16,SVXY,442449759.3862085,452891577.73646694,680653740.5014797,False
2015-01-20,SVXY,446590996.51230234,459765435.9924804,687024517.0255527,False
2015-01-21,SVXY,467876984.4079463,482369479.59159017,719770353.0760422,False
2015-01-22,SVXY,498356460.58847606,514528133.97405344,766659223.5764652,False
2015-01-23,SVXY,485352978.5401518,501818584.6900152,746654989.1792895,False
2015-01-26,SVXY,507135894.6700426,526584563.7344762,780165287.3053604,False
2015-01-27,SVXY,482868242.5835218,502098477.7639702,742832532.9858792,False
2015-01-28,SVXY,441124564.7696637,459343016.3238361,678615093.957983,False
2015-01-29,SVXY,451560500.02069414,470876007.86153954,694669478.0175408,False
2015-01-30,SVXY,404598854.5813208,422502360.8042149,622424846.9598658,False
2015-02-02,SVXY,429611930.61434376,450523299.4051846,660904342.9978869,False
2015-02-03,SVXY,450400958.680609,472988575.47337234,692885668.3676273,False
2015-02-04,SVXY,437397476.6322847,459978130.0756705,672881433.9704514,False
2015-02-05,SVXY,452388734.8078602,476410585.89445585,695943613.8802884,False
2015-02-06,SVXY,433339050.3468546,456988538.14416444,666638051.5905861,False
2015-02-09,SVXY,431185620.94314384,456625582.39423406,663325269.1843419,False
2015-02-10,SVXY,447336420.45880455,474389100.9237273,688171258.7440926,False
2015-02-11,SVXY,444189102.99146813,471706628.53881633,683329503.5815177,False
2015-02-12,SVXY,472183843.2153679,502132115.0261788,726395917.8885306,False
2015-02-13,SVXY,478230077.22318107,509267221.2099589,735697294.3862246,False
2015-02-17,SVXY,476739229.3301767,510492379.7896574,733403810.949145,False
2015-02-18,SVXY,479969389.23330885,514659190.2244363,738373008.8610951,False
2015-02-19,SVXY,491896140.7822118,528173495.1617122,756720827.752565,False
2015-02-20,SVXY,508709553.4037108,546977244.3232445,782586164.8866478,False
2015-02-23,SVXY,506224817.4470808,546545639.7136354,778763708.6932375,False
2015-02-24,SVXY,527759269.4598482,570573756.7137984,811891775.7815177,False
2015-02-25,SVXY,523618032.3337543,566868898.4919095,805520999.2574447,False
2015-02-26,SVXY,529498581.469976,574016191.8831965,814567490.2563882,False
2015-02-27,SVXY,532811583.8089039,578393632.3905778,819664130.9177135,False
2015-03-02,SVXY,550453231.2175689,599980279.8052825,846803603.914544,False
2015-03-03,SVXY,538195204.7108787,587413175.1713505,827946159.8410755,False
2015-03-04,SVXY,539520367.7322916,589655317.2472727,829984757.7794046,False
2015-03-05,SVXY,546063529.9743515,597611947.0927434,840050596.3526802,False
2015-03-06,SVXY,521630224.6113712,571641541.6917436,802463005.1396159,False
2015-03-09,SVXY,529084464.07639295,582151656.298054,813930422.3250144,False
2015-03-10,SVXY,511856902.4661791,563951158.8140874,787427968.6543902,False
2015-03-11,SVXY,499101884.5349782,550634173.9958053,767805965.2950051,False
2015-03-12,SVXY,528753157.5234738,584126853.3098316,813420748.5378484,False
2015-03-13,SVXY,516660752.6981113,571530145.8047887,794818092.7527953,False
2015-03-16,SVXY,528918810.7999334,587430476.8201042,813675585.4314313,False
2015-03-17,SVXY,531486357.5972272,591066001.27136,817625435.7690494,False
2015-03-18,SVXY,554842932.4607862,617859242.8284652,853556611.4764076,False
2015-03-19,SVXY,553766233.5564967,617477063.3085818,851900244.5758693,False
2015-03-20,SVXY,563042627.467442,628651194.9466958,866170818.9855136,False
2015-03-23,SVXY,573147192.9752896,642469372.7120758,881715432.0475702,False
2015-03-24,SVXY,575466338.8457237,645917832.5610572,885283148.5577326,False
2015-03-25,SVXY,549624996.4304029,617723559.7624495,845529468.0517963,False
2015-03-26,SVXY,554097540.1094159,623567546.0040945,852409918.3630354,False
2015-03-27,SVXY,560972008.9043951,632131335.6891651,862985430.723477,False
2015-03-30,SVXY,577619736.6543026,653446796.8397851,888595882.3588092,False
2015-03-31,SVXY,563539555.7016889,638349460.5848302,866935281.0610951,False
2015-04-01,SVXY,563373870.8300974,638992757.8181372,866680395.5623444,False
2015-04-02,SVXY,575135032.2928046,653180886.2871993,884773474.7705666,False
2015-04-06,SVXY,587972829.4695374,671229814.2452843,904522823.6689918,False
2015-04-07,SVXY,589049591.5640906,673327894.3940362,906179287.7798653,False
2015-04-08,SVXY,599982455.0493679,686709952.3886348,922998133.9150046,False
2015-04-09,SVXY,620026027.573999,710565363.1830863,953832668.9610375,False
2015-04-10,SVXY,648849002.5850649,744554267.392115,998173219.130798,False
2015-04-13,SVXY,628722650.8149018,724241376.3937367,967211338.5457249,False
2015-04-14,SVXY,635679898.855413,733193232.9631898,977914196.4452066,False
2015-04-15,SVXY,649760079.8080267,750391710.994777,999574797.7429209,False
2015-04-16,SVXY,662680782.610819,766290962.9477098,1019451686.6010565,False
2015-04-17,SVXY,639324207.74726,740225589.765531,983520510.8936981,False
2015-04-20,SVXY,661604020.5162657,768949314.2618297,1017795222.490183,False
2015-04-21,SVXY,661024249.8462231,769250486.9089885,1016903317.6652262,False
2015-04-22,SVXY,668726953.4283683,779200688.7585746,1028752965.8884155,False
2015-04-23,SVXY,675104493.9891007,787627578.9392698,1038564016.1732755,False
2015-04-24,SVXY,681730435.4766927,796363452.4307048,1048757200.2855912,False
2015-04-27,SVXY,661935327.0691849,776168860.2126238,1018304896.2773491,False
2015-04-28,SVXY,684712131.2627013,803886323.6896925,1053344167.1597506,False
2015-04-29,SVXY,665910942.5139511,782795005.7958349,1024420884.5130067,False
2015-04-30,SVXY,647523839.563652,762135603.3868247,996134621.1924689,False
2015-05-01,SVXY,678831582.1264796,799986095.4912841,1044297676.1608071,False
2015-05-04,SVXY,678086189.7751094,802108201.7361186,1043150983.0474349,False
2015-05-05,SVXY,654729614.9115503,775445434.2363881,1007219807.3400766,False
2015-05-06,SVXY,643796751.426273,763446423.8430173,990400961.2049372,False
2015-05-07,SVXY,648849002.5850649,770394688.8900186,998173219.130798,False
2015-05-08,SVXY,682889976.8167778,811819654.1844411,1050541009.9355049,False
2015-05-11,SVXY,664254409.7493553,792605017.5944088,1021872515.5771763,False
2015-05-12,SVXY,667153326.289832,797048129.03549,1026332136.9122956,False
2015-05-13,SVXY,678914424.5622754,812100513.1876771,1044425118.9101825,False
2015-05-14,SVXY,692746141.3977656,829667469.0730906,1065703489.1701059,False
2015-05-15,SVXY,698212604.7355362,837244243.295773,1074112960.842843,False
2015-05-18,SVXY,721817643.7162187,868743681.7828071,1110426367.5879922,False
2015-05-19,SVXY,731259659.3084917,881186228.8040557,1124951730.286052,False
2015-05-20,SVXY,729271883.1812404,879866585.1617912,1121893784.7733908,False
2015-05-21,SVXY,749563919.8229951,905454536.1951182,1153110550.8572145,False
2015-05-22,SVXY,748073071.9299906,904757037.298759,1150817067.4201348,False
2015-05-26,SVXY,719001569.6115377,873838617.3678218,1106094189.0022483,False
2015-05-27,SVXY,745836831.685616,907552965.1104319,1147376890.8696828,False
2015-05-28,SVXY,738713898.7735134,899975205.0948687,1136419147.4714503,False
2015-05-29,SVXY,732998971.3186195,894093882.3950663,1127627444.7609224,False
2015-06-01,SVXY,740453210.7836412,906462884.6924831,1139094861.9463208,False
2015-06-02,SVXY,729189040.7454447,893748841.0074209,1121766342.0240154,False
2015-06-03,SVXY,741281445.5708072,909663590.8987312,1140368997.8090684,False
2015-06-04,SVXY,715854252.1442013,879516493.6861141,1101252433.8396735,False
2015-06-05,SVXY,727366886.2995212,894734071.4119562,1118963184.7997696,False
2015-06-08,SVXY,712209943.2523543,879241044.6388572,1095646119.391182,False
2015-06-09,SVXY,720823724.0574611,890938188.569914,1108897346.226494,False
2015-06-10,SVXY,751800160.0673697,930333971.9626787,1156550727.4076662,False
2015-06-11,SVXY,767536873.7845793,950939880.5373855,1180759697.6412108,False
2015-06-12,SVXY,758260543.0638977,940565404.4683214,1166489220.4419017,False
2015-06-15,SVXY,724882118.7477593,902369574.002745,1115140680.0011919,False
2015-06-16,SVXY,738051285.6676751,919851838.7534751,1135399799.8971183,False
2015-06-17,SVXY,739873440.1135986,923214149.3116933,1138202957.1213639,False
2015-06-18,SVXY,761325018.0954384,951104385.2033372,1171203532.8551013,False
2015-06-19,SVXY,752794079.7261271,941557268.0475417,1158079748.7691646,False
2015-06-22,SVXY,785923976.7348783,986472204.8752853,1209045960.9617486,False
2015-06-23,SVXY,806713004.8011435,1013755977.3662945,1241027286.3314888,False
2015-06-24,SVXY,790562142.0952191,994626073.7570881,1216181199.561403,False
2015-06-25,SVXY,783522051.6189122,986924454.6974863,1205350898.912546,False
2015-06-26,SVXY,787911752.8621296,993615893.1069888,1212103906.4744098,False
2015-06-29,SVXY,657959774.8146825,832648162.4276195,1012189005.2520267,False
2015-06-30,SVXY,654812394.1570823,829631000.53705,1007347152.8791167,False
2015-07-01,SVXY,701856850.4371195,890270394.6321499,1079719178.0809994,False
2015-07-02,SVXY,658208238.9318058,835875166.3743157,1012571236.2898175,False
2015-07-06,SVXY,641560447.9916346,818518926.8344302,986960687.4441501,False
2015-07-07,SVXY,675104493.9891007,862311042.4017715,1038564016.1732755,False
2015-07-08,SVXY,607436631.3241259,776774843.5569013,934465453.8900678,False
2015-07-09,SVXY,601970231.1766192,770672453.5538764,926056079.4276658,False
2015-07-10,SVXY,646695604.7764859,828885994.3262612,994860485.3297213,False
2015-07-13,SVXY,709642396.4550605,912706646.5485116,1091696269.053564,False
2015-07-14,SVXY,714860332.4854438,920472114.9473139,1099723412.4781754,False
2015-07-15,SVXY,716185558.6971204,923234883.6018462,1101762107.6268396,False
2015-07-16,SVXY,765963246.646043,988533102.9138579,1178338868.665091,False
2015-07-17,SVXY,771264025.112222,996511770.5530915,1186493454.8390775,False
2015-07-20,SVXY,774080036.0266392,1003575503.2533715,1190825536.2144864,False
2015-07-21,SVXY,779960585.1628609,1012349931.1744087,1199872027.2134297,False
2015-07-22,SVXY,783439209.1831164,1018020584.9007906,1205223456.1631706,False
2015-07-23,SVXY,774494185.0153542,1007539575.2018676,1191462652.7510278,False
2015-07-24,SVXY,747244837.1428246,973193081.9510036,1149542931.557387,False
2015-07-27,SVXY,708482855.1149752,925845478.9287955,1089912459.4036503,False
2015-07-28,SVXY,760828089.8611915,995372459.7568917,1170439070.7795198,False
2015-07-29,SVXY,772092259.8993881,1011247929.6761327,1187767590.7018251,False
2015-07-30,SVXY,778055651.4714054,1020206115.0289774,1196941524.4501438,False
2015-07-31,SVXY,778718201.3869799,1022223476.9117967,1197960774.8141408,False
2015-08-03,SVXY,791224755.2010574,1042142002.5050457,1217200547.1357353,False
2015-08-04,SVXY,786586589.8407166,1037193174.0549595,1210065308.5360806,False
2015-08-05,SVXY,793792301.9983512,1047865471.0889688,1221150397.4733531,False
2015-08-06,SVXY,764720862.870162,1010616951.1996127,1176427616.265802,False
2015-08-07,SVXY,772589188.1336349,1022154906.9198979,1188532052.7774067,False
2015-08-10,SVXY,801412226.3349644,1063834761.0982614,1232872700.1575022,False
2015-08-11,SVXY,764555177.9985706,1016036586.9502726,1176172730.7670515,False
2015-08-12,SVXY,765631940.0931238,1018596830.7007824,1177829194.877925,False
2015-08-13,SVXY,773914414.3453115,1030757359.7033138,1190570747.926071,False
2015-08-14,SVXY,775736568.7912351,1034328453.769735,1193373905.1503167,False
2015-08-17,SVXY,785095741.9477123,1050281558.5001647,1207771825.099001,False
2015-08-18,SVXY,775819348.036767,1039016163.4068921,1193501250.6893568,False
2015-08-19,SVXY,760662404.9896001,1019839202.9272989,1170184185.280769,False
2015-08-20,SVXY,696556071.9709405,934917651.7659234,1071564591.9070128,False
2015-08-21,SVXY,583003357.5562775,783367113.7703412,896877911.2821711,False
2015-08-24,SVXY,473260573.7147892,638002642.9869798,728052333.3942364,False
2015-08-25,SVXY,423731381.47812206,571857336.3094499,651857851.9989434,False
2015-08-26,SVXY,463984211.39897585,626865931.6548843,713781807.5897598,False
2015-08-27,SVXY,453879582.70086455,613883544.3264655,698237097.3173681,False
2015-08-28,SVXY,431682549.1773907,584498230.5467272,664089731.2599233,False
2015-08-31,SVXY,414620672.43876827,563231144.2956872,637842163.0880499,False
2015-09-01,SVXY,355152504.7804494,482971940.5672266,546357808.313948,False
2015-09-02,SVXY,396647686.8820522,539986300.0330775,610192967.6988858,False
2015-09-03,SVXY,396896150.9991756,540909974.9537653,610575198.7366766,False
2015-09-04,SVXY,367741869.4351906,501719477.7094541,565724974.7797501,False
2015-09-08,SVXY,399463729.3916013,547355245.6662673,614525097.6794622,False
2015-09-09,SVXY,389938902.9586645,534879249.11041695,599872340.8371948,False
2015-09-10,SVXY,399877846.7851843,549102319.8341976,615162165.610836,False
2015-09-11,SVXY,408988587.41967,562216220.8159322,629177903.1268971,False
2015-09-14,SVXY,408077510.19670826,562769552.0590177,627776324.5147743,False
2015-09-15,SVXY,449489881.4576472,620543321.8435297,691484089.7555044,False
2015-09-16,SVXY,476490733.61792135,658522176.3611014,733021531.3061867,False
2015-09-17,SVXY,476242269.5007979,658881250.3215525,732639300.2683959,False
2015-09-18,SVXY,419424491.0755686,580892496.8262333,645232238.5812874,False
2015-09-21,SVXY,449655534.7341068,624751467.5164489,691738926.6490874,False
2015-09-22,SVXY,419507333.51136434,583482325.7637317,645359681.3306627,False
2015-09-23,SVXY,427706965.3277564,595517857.9202114,657973791.6294334,False
2015-09-24,SVXY,417271061.67185783,581602900.9385715,641919456.1750431,False
2015-09-25,SVXY,406586662.3037039,567310431.9240587,625482841.0776945,False
2015-09-28,SVXY,377349538.3039232,528185640.6992225,580505174.3713927,False
2015-09-29,SVXY,376769767.6338806,527929856.7303602,579613269.546436,False
2015-09-30,SVXY,394577068.31900525,553463450.6071461,607007579.4368494,False
2015-10-01,SVXY,399463729.3916013,560907057.9145434,614525097.6794622,False
2015-10-02,SVXY,420335568.29853034,590834248.972755,646633817.1934103,False
2015-10-05,SVXY,444354756.2679277,626562494.3764048,683584340.4751008,False
2015-10-06,SVXY,438971135.3659529,619618801.5463207,675302311.5517387,False
2015-10-07,SVXY,448910110.78760463,634310058.0753417,690592184.9305475,False
2015-10-08,SVXY,471107144.3110784,666369353.2870039,724739550.9879923,False
2015-10-09,SVXY,471107144.3110784,667064236.592968,724739550.9879923,False
2015-10-12,SVXY,500344268.31085914,710676571.2540891,769717217.6942941,False
2015-10-13,SVXY,472183843.2153679,671374674.3291336,726395917.8885306,False
2015-10-14,SVXY,461168168.8894267,656392259.3074273,709449677.6091835,False
2015-10-15,SVXY,494463719.17463744,704511988.1224879,760670726.6953506,False
2015-10-16,SVXY,498273649.7478122,710675331.7445374,766531829.4322575,False
2015-10-19,SVXY,534219589.2661125,764308055.1375568,821830171.605418,False
2015-10-20,SVXY,513264939.5185196,735085300.3394006,789594057.9472622,False
2015-10-21,SVXY,478395698.90450877,685852073.7768885,735952082.67464,False
2015-10-22,SVXY,518068758.1553199,743493513.522794,796984133.4404998,False
2015-10-23,SVXY,511194320.95547265,734381847.5965873,786408669.6852257,False
2015-10-26,SVXY,494877836.5682205,713131418.6490222,761307794.6267244,False
2015-10-27,SVXY,504568316.27761686,727839882.3748425,776215388.3625748,False
2015-10-28,SVXY,519476795.20766044,750111594.3453017,799150222.7333717,False
2015-10-29,SVXY,512353862.2955578,740581978.311869,788192479.3351393,False
2015-10-30,SVXY,503988545.6075743,729233713.2590901,775323483.537618,False
2015-11-02,SVXY,529912698.863559,769088887.7764524,815204558.1877619,False
2015-11-03,SVXY,519642448.48412,754949631.0069973,799405059.6269547,False
2015-11-04,SVXY,502663350.9910295,731023399.4539125,773284836.9941213,False
2015-11-05,SVXY,512685168.84847695,746354341.8364576,788702153.1223054,False
2015-11-06,SVXY,523369536.621499,762680349.5744472,805138719.6144863,False
2015-11-09,SVXY,494795025.72755665,723229607.3667415,761180400.4825166,False
2015-11-10,SVXY,508543931.7223831,744076144.5744836,782331376.5982324,False
2015-11-11,SVXY,496782801.85480785,727600600.2225244,764238345.9951779,False
2015-11-12,SVXY,453382654.46661764,664704391.2473118,697472635.2417866,False
2015-11-13,SVXY,422074880.3086581,619426618.6127688,649309531.6682807,False
2015-11-16,SVXY,465143752.73906106,684691688.7395979,715565617.2396735,False
2015-11-17,SVXY,438971135.3659529,646813073.8745482,675302311.5517387,False
2015-11-18,SVXY,469781949.69453365,692904972.7890205,722700904.4444956,False
2015-11-19,SVXY,454128078.41311985,670486131.6480451,698619376.9603264,False
2015-11-20,SVXY,469202179.0244911,693433986.8951635,721808999.6195388,False
2015-11-23,SVXY,481708701.24343663,714048940.2140037,741048723.3359655,False
2015-11-24,SVXY,479223965.28680664,711072609.146219,737226267.1425552,False
2015-11-25,SVXY,485684285.0930709,721374817.4775738,747164662.9664555,False
2015-11-27,SVXY,481046119.73273015,715904952.1543121,740029424.366801,False
2015-11-30,SVXY,483862130.6471474,722236901.2820811,744361505.7422098,False
2015-12-01,SVXY,504402694.59628916,753640772.2266631,775960600.0741594,False
2015-12-02,SVXY,484524743.7529857,724655299.4060128,745380853.3165419,False
2015-12-03,SVXY,448910110.78760463,672052190.2017739,690592184.9305475,False
2015-12-04,SVXY,492061794.05867136,737379296.1369374,756975664.6461481,False
2015-12-07,SVXY,478230077.22318107,718767943.1207094,735697294.3862246,False
2015-12-08,SVXY,464149864.6754354,698290354.248872,714036644.4833429,False
2015-12-09,SVXY,444520377.9492554,669414436.9336154,683839128.7635162,False
2015-12-10,SVXY,438888324.52528906,661580346.3101966,675174917.407531,False
2015-12-11,SVXY,373870882.68853575,564124501.5218022,575153696.8164843,False
2015-12-14,SVXY,397724417.38147354,601876439.5909122,611849383.2045918,False
2015-12-15,SVXY,414620672.43876827,628057111.4431498,637842163.0880499,False
2015-12-16,SVXY,442118484.4284212,670362240.0773829,680144115.3194813,False
2015-12-17,SVXY,424062688.03104126,643610627.8996136,652367525.7861094,False
2015-12-18,SVXY,390767137.7458305,593653513.9426726,601146476.6999424,False
2015-12-21,SVXY,407746203.6437891,621252391.9033939,627266650.7276082,False
2015-12-22,SVXY,427789807.7635521,652422322.4896654,658101234.3788087,False
2015-12-23,SVXY,437397476.6322847,667720141.7548203,672881433.9704514,False
2015-12-24,SVXY,429363466.49722034,656088932.4580683,660522111.9600961,False
2015-12-28,SVXY,434001663.452693,665736941.0631739,667657399.1649182,False
2015-12-29,SVXY,442284137.7048808,679094213.5034304,680398952.2130642,False
2015-12-30,SVXY,428286735.997799,658233973.2750571,658865696.4543902,False
2015-12-31,SVXY,642811361.0,642811361.0,642811361.0,True
2016-01-04,SVXY,118474851.71566086,596865053.2148226,602165775.669107,False
2016-01-05,SVXY,122485855.53802247,615702064.583608,622552289.7092412,False
2016-01-06,SVXY,118800747.98766331,595849235.9443392,603822191.1748128,False
2016-01-07,SVXY,106141037.19579169,531166798.42559004,539477358.002709,False
2016-01-08,SVXY,99949055.84256826,499061999.0102154,508005706.4201347,False
2016-01-11,SVXY,102882103.16466106,510254872.8664639,522913348.7611527,False
2016-01-12,SVXY,107820638.05348772,533542058.92426175,548014175.2144864,False
2016-01-13,SVXY,96765324.96537489,477753347.82660776,491823928.21636915,False
2016-01-14,SVXY,100350155.26850796,494330054.9698458,510044352.96363133,False
2016-01-15,SVXY,90322660.05705088,443923805.94718444,459078140.7710473,False
2016-01-19,SVXY,90272521.43343785,439638468.6269533,458823303.8774643,False
2016-01-20,SVXY,88016340.7486388,427666094.5000501,447355935.2972334,False
2016-01-21,SVXY,88367301.55096544,428382974.23120236,449139744.947147,False
2016-01-22,SVXY,95737507.08871913,463041064.6462152,486599893.410836,False
2016-01-25,SVXY,90773898.10660362,435988218.3107624,461371624.20812696,False
2016-01-26,SVXY,95085724.10767886,455634409.4722089,483287111.00459176,False
2016-01-27,SVXY,91200071.62583217,435994929.0335209,463537713.500999,False
2016-01-28,SVXY,94308589.78612366,449800769.80504143,479337212.06180614,False
2016-01-29,SVXY,98068900.49042006,466638476.9952182,498449541.6340252,False
2016-02-01,SVXY,99171931.08397771,468559183.20593244,504055856.0825167,False
2016-02-02,SVXY,92403369.90365125,435546093.27801317,469653653.1314889,False
2016-02-03,SVXY,93606668.18147035,440170854.5818767,475769592.7619789,False
2016-02-04,SVXY,92578850.30481459,434302175.03094685,470545557.95644575,False
2016-02-05,SVXY,88918816.84774427,416137786.9065945,451942902.1713928,False
2016-02-08,SVXY,84632055.37699324,393235939.89846843,430154809.5191357,False
2016-02-09,SVXY,84005336.92627718,389384316.1249544,426969421.2570992,False
2016-02-10,SVXY,83353553.9452369,385430812.87515545,423656638.850855,False
2016-02-11,SVXY,78289667.71589532,361139465.22510713,397918695.8609799,False
2016-02-12,SVXY,81673953.08754088,375837157.6727322,415119821.6390776,False
2016-02-16,SVXY,85409189.69854844,389204189.6074596,434104708.46192133,False
2016-02-17,SVXY,88743336.44658095,403405058.3787838,451050997.34643596,False
2016-02-18,SVXY,88943881.37806848,403321818.6938496,452070296.3156005,False
2016-02-19,SVXY,91325413.40338245,413099525.5379905,464174781.43237275,False
2016-02-22,SVXY,96514641.41027431,433333729.33993006,490549792.3536216,False
2016-02-23,SVXY,91676374.20570911,410585331.59917635,465958591.08228636,False
2016-02-24,SVXY,92202815.40919909,411911752.2471906,468634305.5571568,False
2016-02-25,SVXY,95411620.3796813,425179727.21354556,484943526.51029766,False
2016-02-26,SVXY,94007767.60741004,417872275.232079,477808239.3054756,False
2016-02-29,SVXY,92453508.5272643,407861095.80625427,469908490.025072,False
2016-03-01,SVXY,100500571.13934709,442236792.8421694,510808863.64438045,False
2016-03-02,SVXY,102180171.99704312,448484690.310226,519345680.85615784,False
2016-03-03,SVXY,105439115.59113838,461609329.78222466,535909738.7028817,False
2016-03-04,SVXY,104160604.59641741,454846975.4587128,529411519.4294334,False
2016-03-07,SVXY,103809643.79409075,449830968.90000266,527627709.7795198,False
2016-03-08,SVXY,99748510.91108073,431117429.46545655,506986407.4509702,False
2016-03-09,SVXY,101127289.59006315,435945428.8931884,513994251.90641695,False
2016-03-10,SVXY,102882103.16466106,442359411.24949676,522913348.7611527,False
2016-03-11,SVXY,108171608.41877902,463892619.28160596,549798033.4695675,False
2016-03-14,SVXY,109876283.3697639,467516088.65123874,558462293.4307203,False
2016-03-15,SVXY,108322014.7266535,459691163.8701158,550562495.5451491,False
2016-03-16,SVXY,112257805.83211324,475138022.4563631,570566729.9423249,False
2016-03-17,SVXY,115541813.9565327,487745413.8943312,587258181.9332565,False
2016-03-18,SVXY,116444290.05563818,490252636.5262141,591845148.807416,False
2016-03-21,SVXY,119703224.08676879,499956608.3203736,608409158.0489722,False
2016-03-22,SVXY,121257483.16691454,505091875.0517818,616308907.3293759,False
2016-03-23,SVXY,115441536.70930661,479574594.0933424,586748508.1460905,False
2016-03-24,SVXY,116043190.62969847,480776041.504263,589806502.2639192,False
2016-03-28,SVXY,117672652.86378147,482262200.3486527,598088482.5821136,False
2016-03-29,SVXY,124491352.66772096,508815053.63617283,632745522.4267244,False
2016-03-30,SVXY,127549741.76736405,519888467.8118348,648290232.6991161,False
2016-03-31,SVXY,126672330.19858277,514895295.56060857,643830659.9691645,False
2016-04-01,SVXY,130357437.74894193,528416359.847626,662560758.5035927,False
2016-04-04,SVXY,126747542.91548465,509530165.12943625,644212939.6121229,False
2016-04-05,SVXY,119427466.43837938,478767330.5386216,607007579.4368494,False
2016-04-06,SVXY,127349187.27291189,509099913.3668893,647270885.124784,False
2016-04-07,SVXY,115516749.4262085,460505648.72176564,587130787.7890488,False
2016-04-08,SVXY,118625267.58649999,471570842.9044526,602930286.349856,False
2016-04-11,SVXY,116845389.48157787,460574432.6148245,593883795.3509126,False
2016-04-12,SVXY,120680903.33981152,474343184.3993486,613378355.9609224,False
2016-04-13,SVXY,126772607.44580886,496868981.6020997,644340333.7563306,False
2016-04-14,SVXY,127198780.9650374,497116553.4085523,646506423.0492026,False
2016-04-15,SVXY,128878381.82273343,502239199.18028367,655043240.2609799,False
2016-04-18,SVXY,136950518.52810505,529100813.74454075,696071056.6296637,False
2016-04-19,SVXY,135747220.25028595,522933559.0748514,689955116.9991738,False
2016-04-20,SVXY,135020224.55234382,518622736.66466534,686260054.9499712,False
2016-04-21,SVXY,132513350.74947955,507511441.82220125,673518501.9018252,False
2016-04-22,SVXY,135822423.4042232,518665604.2465542,690337348.0369645,False
2016-04-25,SVXY,133967332.5823992,507086154.3861066,680908577.3950627,False
2016-04-26,SVXY,136975583.05842927,516940709.6157708,696198450.7738714,False
2016-04-27,SVXY,140936448.25717783,530312445.1799764,716330127.9204226,False
2016-04-28,SVXY,132588553.90341678,497418132.1031565,673900732.939616,False
2016-04-29,SVXY,128176460.21808012,479432061.2648,651475620.9611527,False
2016-05-02,SVXY,136123245.58293682,504588517.3662429,691866320.7932951,False
2016-05-03,SVXY,129881135.169065,479997183.7349031,660139880.9223053,False
2016-05-04,SVXY,128226598.84169316,472448314.35711837,651730457.8547357,False
2016-05-05,SVXY,128452217.86646953,471842822.32654256,652877199.5732756,False
2016-05-06,SVXY,134268164.32407746,491704672.2553954,682437598.7565609,False
2016-05-09,SVXY,137276405.23714286,498114732.0833591,697727423.530202,False
2016-05-10,SVXY,144044966.41746932,521063625.19807196,732129626.4812298,False
2016-05-11,SVXY,138780535.25664023,500467934.9247858,705372384.5221902,False
2016-05-12,SVXY,140384932.960399,504683433.6582085,713526970.6961769,False
2016-05-13,SVXY,135195704.95350716,484515964.85418725,687151959.774928,False
2016-05-16,SVXY,141513028.08428085,502407451.30249375,719260679.288876,False
2016-05-17,SVXY,135321046.73105744,478910722.570456,687789027.7063018,False
2016-05-18,SVXY,135897626.55816045,479431219.0752849,690719579.0747553,False
2016-05-19,SVXY,135321046.73105744,475883500.75689304,687789027.7063018,False
2016-05-20,SVXY,140033972.15807235,490891118.2154826,711743161.0462632,False
2016-05-23,SVXY,140961512.78750202,489412521.14433867,716457522.0646303,False
2016-05-24,SVXY,146526775.6900094,507095932.2185982,744743785.3851681,False
2016-05-25,SVXY,149309407.14126307,515055913.0837675,758886917.045437,False
2016-05-26,SVXY,150838592.12811998,518643791.1849399,766659223.5764652,False
2016-05-27,SVXY,155100279.50558215,531562339.4845054,788319873.479347,False
2016-05-31,SVXY,155225621.28313243,525046912.2069032,788956941.4107208,False
2016-06-01,SVXY,156278513.25307706,526860266.708039,794308418.9656293,False
2016-06-02,SVXY,160615403.7844765,539684647.8439426,816351299.9063017,False
2016-06-03,SVXY,161392528.54306704,540490639.6586261,820301150.2439198,False
2016-06-06,SVXY,163423109.329019,541807066.4585913,830621874.315946,False
2016-06-07,SVXY,163322832.08179292,539647790.7121472,830112200.5287799,False
2016-06-08,SVXY,162244875.5815241,534271267.1318491,824633328.8296638,False
2016-06-09,SVXY,159161421.9515568,522337201.95744044,808961224.4130642,False
2016-06-10,SVXY,144771962.11541146,473494437.3544505,735824688.5304323,False
2016-06-13,SVXY,123012296.74151246,398198985.7511558,625228004.1841116,False
2016-06-14,SVXY,125644512.32192701,405314266.99452746,638606625.1636313,False
2016-06-15,SVXY,126872884.69303495,407857734.89684707,644850007.5434966,False
2016-06-16,SVXY,130282234.5950047,417360507.7334898,662178527.4658021,False
2016-06-17,SVXY,130482779.52649222,416543462.24994695,663197826.4349666,False
2016-06-20,SVXY,139231773.30619296,439801034.3145323,707665867.9592699,False
2016-06-21,SVXY,138329297.2070875,435403061.43881464,703078901.0851105,False
2016-06-22,SVXY,133766787.65091167,419545954.0564526,679889278.4258982,False
2016-06-23,SVXY,146551840.22033358,458005742.87435555,744871179.5293758,False
2016-06-24,SVXY,107795573.52316353,335678417.97906697,547886781.0702786,False
2016-06-27,SVXY,105012942.07190984,323489412.112695,533743649.41000974,False
2016-06-28,SVXY,113887277.62916087,349552685.9271261,578848758.8656869,False
2016-06-29,SVXY,119552808.21592967,365604584.665305,607644647.3682232,False
2016-06-30,SVXY,122987232.21118826,374731747.67051685,625100610.0399039,False
2016-07-01,SVXY,126872884.69303495,385151888.4157309,644850007.5434966,False
2016-07-05,SVXY,124416149.51378372,372127358.42824036,632363291.3889337,False
2016-07-06,SVXY,127825499.41575347,380894916.4171259,649691811.311239,False
2016-07-07,SVXY,129881135.169065,385567544.08021647,660139880.9223053,False
2016-07-08,SVXY,138404500.3610247,409322063.5345272,703461132.1229013,False
2016-07-11,SVXY,138379435.83070052,404604476.84290546,703333737.9786935,False
2016-07-12,SVXY,141588231.2382181,412402889.11253244,719642910.3266668,False
2016-07-13,SVXY,143919624.63991904,417583730.8445473,731492558.5498561,False
2016-07-14,SVXY,144019901.88714513,416263775.4379101,732002232.3370221,False
2016-07-15,SVXY,144721823.49179843,416673792.6106164,735569851.6368493,False
2016-07-18,SVXY,147203632.7643385,418879693.95095253,748184010.5407876,False
2016-07-19,SVXY,147328974.54188877,417588440.4174086,748821078.4721614,False
2016-07-20,SVXY,151590661.91935098,427972151.8707971,770481728.3750432,False
2016-07-21,SVXY,147228697.2946627,414010611.25968707,748311404.6849954,False
2016-07-22,SVXY,150587908.57301942,421772417.72823155,765385087.7137177,False
2016-07-25,SVXY,151515449.20244908,419286057.21801746,770099448.7320849,False
2016-07-26,SVXY,152994505.12865758,421667728.44325566,777616966.9746977,False
2016-07-27,SVXY,156378790.50030315,429245999.13424504,794818092.7527953,False
2016-07-28,SVXY,159236625.10549405,435309388.6768117,809343455.450855,False
2016-07-29,SVXY,164751749.3843884,448543427.20353055,837374881.8778098,False
2016-08-01,SVXY,167434103.58841598,450227828.6857776,851008339.7509125,False
2016-08-02,SVXY,161141844.98796645,431505613.23174965,819027014.3811722,False
2016-08-03,SVXY,165278190.58787835,440733227.461729,840050596.3526802,False
2016-08-04,SVXY,169790571.08340576,450866842.93746203,862985430.723477,False
2016-08-05,SVXY,175606517.5410137,464346459.7814659,892545829.9067624,False
2016-08-08,SVXY,179492160.45989573,468598008.79338074,912295178.8051877,False
2016-08-09,SVXY,182400143.25166434,474149637.98124707,927075427.001998,False
2016-08-10,SVXY,178038169.06401142,460819258.8209251,904905054.7067826,False
2016-08-11,SVXY,178990793.34969458,461282881.119365,909746907.0796925,False
2016-08-12,SVXY,180770671.4546167,463847881.6665693,918793398.0786359,False
2016-08-15,SVXY,183603431.9665188,464955597.41947716,933191318.0273203,False
2016-08-16,SVXY,177336247.45935813,447101073.65353125,901337435.4069552,False
2016-08-17,SVXY,181848627.9548855,456443673.56060326,924272269.7777522,False
2016-08-18,SVXY,185057423.3624031,462427885.0453762,940581442.1257254,False
2016-08-19,SVXY,184104818.2026492,457988208.73729765,935739686.9631506,False
2016-08-22,SVXY,183528228.81258154,450395383.77971375,932809086.9895295,False
2016-08-23,SVXY,184029615.04871196,449567399.90648615,935357455.9253598,False
2016-08-24,SVXY,179843121.26222238,437328576.0586293,914078988.4551013,False
2016-08-25,SVXY,179667640.86105907,434892214.0985217,913187083.6301445,False
2016-08-26,SVXY,179116125.56428024,431553777.3616609,910383926.4058987,False
2016-08-29,SVXY,182801233.1146394,434298420.49699444,929114024.9403269,False
2016-08-30,SVXY,184205095.4498753,435573315.6324886,936249360.7503166,False
2016-08-31,SVXY,183026861.7023804,430740035.34884655,930260815.2640344,False
2016-09-01,SVXY,184054670.01607153,431100192.68401515,935484801.4643999,False
2016-09-02,SVXY,190773092.57278493,444702489.61097157,969632167.5218447,False
2016-09-06,SVXY,195761766.08522463,447572718.0033253,994987830.8687614,False
2016-09-07,SVXY,198243584.92072934,451029512.84980804,1007602038.3778673,False
2016-09-08,SVXY,197541663.31607604,447222982.2232046,1004034419.07804,False
2016-09-09,SVXY,165879834.9453056,373686999.80843985,843108541.8653414,False
2016-09-12,SVXY,177235970.21213204,393322286.0023639,900827761.6197892,False
2016-09-13,SVXY,153997258.47498915,340028397.4048293,782713607.6360232,False
2016-09-14,SVXY,155526453.0248107,341665268.2110372,790485962.772219,False
2016-09-15,SVXY,161141844.98796645,352198907.8802399,819027014.3811722,False
2016-09-16,SVXY,163172406.64798915,354811857.69582963,829347641.2428633,False
2016-09-19,SVXY,167308752.24790105,358191963.31250364,850371223.2143712,False
2016-09-20,SVXY,168537134.1819736,358936667.11830366,856614654.199404,False
2016-09-21,SVXY,181071503.19629496,383606000.7973468,920322419.4401342,False
2016-09-22,SVXY,187464019.91804126,395051912.64515835,952813321.3867054,False
2016-09-23,SVXY,185834548.12099364,389539427.4238711,944531292.4633435,False
2016-09-26,SVXY,175932404.2500515,362879336.5594725,894202196.8073007,False
2016-09-27,SVXY,185308106.91750365,380144989.8782464,941855577.9884729,False
2016-09-28,SVXY,187313613.6101668,382163963.8846572,952048859.3111238,False
2016-09-29,SVXY,175531295.26114717,356161878.7914732,892163501.6586365,False
2016-09-30,SVXY,183528228.81258154,370335237.289574,932809086.9895295,False
2016-10-03,SVXY,184305353.5711721,365718820.339736,936758937.3271476,False
2016-10-04,SVXY,184806739.8073025,364646600.8529019,939307306.2629778,False
2016-10-05,SVXY,186461266.57170972,365825555.9339444,947716680.72538,False
2016-10-06,SVXY,187915257.967594,366576303.1258851,955106804.8237851,False
2016-10-07,SVXY,187664574.41249344,363988190.6921584,953832668.9610375,False
2016-10-10,SVXY,191625439.61124203,365240375.02549976,973964346.1075886,False
2016-10-11,SVXY,180946151.85578004,342861582.222424,919685302.9035928,False
2016-10-12,SVXY,180770671.4546167,340507097.2170757,918793398.0786359,False
2016-10-13,SVXY,175280611.70604658,328205222.1690814,890889365.7958889,False
2016-10-14,SVXY,177261044.30542088,329930771.22297776,900955204.3691645,False
2016-10-17,SVXY,178013114.09665185,325357168.98777705,904777709.1677424,False
2016-10-18,SVXY,185283051.9501441,336572088.05000186,941728232.4494328,False
2016-10-19,SVXY,189544729.76464164,342193429.7283139,963388833.747147,False
2016-10-20,SVXY,191901197.25963143,344301185.3409073,975365924.7197115,False
2016-10-21,SVXY,195987394.67296565,349440287.43013066,996134621.1924689,False
2016-10-24,SVXY,202906371.72413123,354967912.89593303,1031301334.8242457,False
2016-10-25,SVXY,200725384.63030475,348907276.2112856,1020216148.676638,False
2016-10-26,SVXY,195786840.17851347,338132999.55817246,995115273.6181368,False
2016-10-27,SVXY,192402564.36983258,330136110.81592554,977914196.4452066,False
2016-10-28,SVXY,184154947.26329762,313924509.6283961,935994475.251566,False
2016-10-31,SVXY,180043675.75667456,300874578.8152102,915098336.0294334,False
2016-11-01,SVXY,175055002.24423486,290579858.5616558,889742672.6825167,False
2016-11-02,SVXY,170843453.4903857,281678022.144096,868336859.673218,False
2016-11-03,SVXY,161618157.13080803,264660068.5168319,821447940.5676272,False
2016-11-04,SVXY,161242122.23519254,262240740.57014093,819536688.1683383,False
2016-11-07,SVXY,181698221.647011,289413038.25228083,923507807.7021706,False
2016-11-08,SVXY,186436211.60435015,294874464.82698977,947589335.1863397,False
2016-11-09,SVXY,190923518.0065887,299836212.9349718,970396726.8077614,False
2016-11-10,SVXY,185508661.41195583,289257464.7202913,942874925.562805,False
2016-11-11,SVXY,189995967.81419438,294129203.7570207,965682317.1842268,False
2016-11-14,SVXY,190722963.51213652,288854752.89071035,969377379.2334293,False
2016-11-15,SVXY,198870303.37144542,298969674.73331016,1010787426.6399038,False
2016-11-16,SVXY,197616866.47001326,294874922.58074194,1004416650.1158308,False
2016-11-17,SVXY,203307461.5871063,301092108.87627107,1033339932.7625748,False
2016-11-18,SVXY,204209937.68621176,300144492.2120252,1037926899.6367341,False
2016-11-21,SVXY,213510437.19972667,306649661.55763125,1085198049.7801156,False
2016-11-22,SVXY,212357277.54552063,302618174.64391005,1079336947.0432086,False
2016-11-23,SVXY,211855910.43531948,299534026.3275074,1076788675.3177135,False
2016-11-25,SVXY,213309882.7052745,296817851.69847405,1084178702.2057836,False
2016-11-28,SVXY,211379598.2924779,287038833.4345079,1074367749.1312585,False
2016-11-29,SVXY,212833589.6883622,286632638.4274865,1081757873.2296636,False
2016-11-30,SVXY,212257000.29829454,283481954.2400272,1078827273.2560427,False
2016-12-01,SVXY,204310214.93343782,270583268.07377595,1038436573.4239002,False
2016-12-02,SVXY,204510769.42789,268561356.3976696,1039455920.9982324,False
2016-12-05,SVXY,217646782.79963857,278508073.82374716,1106221631.7516236,False
2016-12-06,SVXY,224640963.0047414,284945375.94171333,1141770576.4211912,False
2016-12-07,SVXY,224089447.70796257,281739292.4867204,1138967419.1969454,False
2016-12-08,SVXY,223437655.16395766,278420593.5926555,1135654588.1855338,False
2016-12-09,SVXY,225894399.90617353,278955183.5056828,1148141352.9452643,False
2016-12-12,SVXY,224114521.8012514,269236839.9453919,1139094861.9463208,False
2016-12-13,SVXY,222184218.26252553,264432692.47562662,1129283811.6614606,False
2016-12-14,SVXY,222585327.25142986,262420381.6978385,1131322506.8101249,False
2016-12-15,SVXY,225819196.75223628,263707138.88190356,1147759121.9074736,False
2016-12-16,SVXY,228526625.0495527,264312673.17208865,1161520022.5299516,False
2016-12-19,SVXY,236749168.06279883,265878467.95875937,1203312300.974217,False
2016-12-20,SVXY,241336732.5863342,268331048.65718728,1226629269.1724694,False
2016-12-21,SVXY,245172265.57049713,269853265.44118434,1246123926.9928143,False
2016-12-22,SVXY,240810291.3828442,262358636.88015395,1223953554.697599,False
2016-12-23,SVXY,242113876.470854,261070746.00988683,1230579216.7204225,False
2016-12-27,SVXY,245222394.6311455,253451076.7186804,1246378715.2812297,False
2016-12-28,SVXY,236749168.06279883,242045404.40751898,1203312300.974217,False
2016-12-29,SVXY,232913654.2045652,235518870.87897512,1183817740.364207,False
2016-12-30,SVXY,228075386.99999997,228075386.99999997,228075386.99999997,True
2017-01-03,SVXY,244294844.4387512,244826697.61136216,292693483.146346,False
2017-01-04,SVXY,257029767.9475247,257729240.8419098,307951394.6587592,False
2017-01-05,SVXY,257857040.89269295,258699109.9440922,308942563.3442479,False
2017-01-06,SVXY,261341593.94859993,262337283.6994138,313117460.9909208,False
2017-01-09,SVXY,261868035.15208992,263293314.36357924,313748198.450302,False
2017-01-10,SVXY,263597784.19636363,265175947.3577082,315820637.89903736,False
2017-01-11,SVXY,269338527.50003433,271097654.476533,322698712.4538269,False
2017-01-12,SVXY,269463859.71461993,271370467.4014216,322848874.94506484,False
2017-01-13,SVXY,268736864.0166778,270784594.2468676,321977850.00161195,False
2017-01-17,SVXY,269488933.80790883,272129097.7925951,322878916.60934275,False
2017-01-18,SVXY,270742370.70934093,273542172.5163571,324380679.01217693,False
2017-01-19,SVXY,267658907.516409,270572502.3461982,320686333.4185716,False
2017-01-20,SVXY,278137640.7774188,281316684.65696394,333241068.0228681,False
2017-01-23,SVXY,280393831.0251825,284056495.6783123,335944244.93098474,False
2017-01-24,SVXY,293404512.18234545,297396822.1976533,351532546.00522745,False
2017-01-25,SVXY,300674450.03583765,304929330.21361214,360242772.5246807,False
2017-01-26,SVXY,299120181.39272726,303515870.21850014,358380578.8957391,False
2017-01-27,SVXY,302679937.6025715,307292679.21930987,362645578.6201699,False
2017-01-30,SVXY,294081359.6937099,299043244.2149155,352343487.6201246,False
2017-01-31,SVXY,295435073.8423681,300580596.4729287,353965393.76499456,False
2017-02-01,SVXY,300599246.8819004,305998320.9963118,360152670.4469228,False
2017-02-02,SVXY,298142502.13968456,303659721.73614526,357209206.0547345,False
2017-02-03,SVXY,304234206.2456819,310029741.4383194,364507772.24911153,False
2017-02-06,SVXY,304560092.9547197,310859128.4279303,364898222.22442114,False
2017-02-07,SVXY,302153496.3990815,308567211.90926445,362014841.16078866,False
2017-02-08,SVXY,303030898.40489817,309628170.0373003,363066070.2597574,False
2017-02-09,SVXY,309398360.15928495,316302654.9398449,370695026.015964,False
2017-02-10,SVXY,314361978.7043651,321548136.76314837,376642015.2138206,False
2017-02-13,SVXY,324314251.63595563,332257460.9803147,388565989.44366014,False
2017-02-14,SVXY,338277557.0788017,346746875.8327071,405295644.60970527,False
2017-02-15,SVXY,325843446.1857771,334178805.1842928,390398141.4083238,False
2017-02-16,SVXY,324138790.3607216,332606963.0435638,388355766.5389421,False
2017-02-17,SVXY,323512071.9100055,332139950.6406331,387604885.337525,False
2017-02-21,SVXY,319576280.80454576,328794942.31484306,382889352.3092288,False
2017-02-22,SVXY,318222566.65588754,327575378.4511003,381267446.16435885,False
2017-02-23,SVXY,309849598.2088377,319124964.8994454,371235661.3975873,False
2017-02-24,SVXY,313985943.80874956,323556026.59355044,376191481.90995514,False
2017-02-27,SVXY,314838271.72127736,324948407.5997904,377212669.34464604,False
2017-02-28,SVXY,307092040.8508728,317120570.7151851,367931788.69436735,False
2017-03-01,SVXY,314111295.1492645,324540011.3640647,376341667.31626886,False
2017-03-02,SVXY,313309096.2973851,323881704.8903953,375380540.295058,False
2017-03-03,SVXY,322860260.2400713,333930897.0448818,386823939.5567543,False
2017-03-06,SVXY,328851687.09884256,340664721.5605917,394002362.0090955,False
2017-03-07,SVXY,328575967.7023117,340557933.0554218,393672018.27741736,False
2017-03-08,SVXY,326169352.02074426,338241082.336408,390788614.29870915,False
2017-03-09,SVXY,327848952.87844026,340161285.873745,392800970.41888875,False
2017-03-10,SVXY,332361333.37396765,345024023.9241897,398207324.235122,False
2017-03-13,SVXY,339280291.299204,352760572.5567635,406497036.199912,False
2017-03-14,SVXY,332812552.29759115,346216998.5775411,398747936.70166963,False
2017-03-15,SVXY,344695147.89383686,358765789.28509134,412984660.7793919,False
2017-03-16,SVXY,352065362.9945552,366628480.49873304,421815031.0408809,False
2017-03-17,SVXY,356352095.77641225,371286486.29929775,426951032.79368895,False
2017-03-20,SVXY,356101431.347241,371606766.8338282,426650707.81121296,False
2017-03-21,SVXY,342514179.9259397,357614322.079763,410371608.8641089,False
2017-03-22,SVXY,340734282.69508827,355941408.7338845,408239086.0868178,False
2017-03-23,SVXY,329177592.93380964,344048101.4040039,394392834.8994809,False
2017-03-24,SVXY,335469870.66018844,350807218.54468465,401931711.4930052,False
2017-03-27,SVXY,342263477.2449098,358470277.2179091,410071238.05148154,False
2017-03-28,SVXY,360739124.93142474,378017121.39283174,432207201.20360845,False
2017-03-29,SVXY,362117913.1733718,379659039.5187158,433859149.01275635,False
2017-03-30,SVXY,360413257.3483162,378067973.03940207,431816774.14337456,False
2017-03-31,SVXY,353845221.973548,371370793.4771662,423947507.9880206,False
2017-04-03,SVXY,352115511.18113285,370130353.7627278,421875114.36943674,False
2017-04-04,SVXY,356953759.2597688,375410415.62977654,427671895.24590385,False
2017-04-05,SVXY,344970905.54222625,362995734.9397635,413315050.34122145,False
2017-04-06,SVXY,351037535.55493474,369570408.66946614,420583574.8713206,False
2017-04-07,SVXY,338177260.70564634,356215242.27213216,405175477.95259374,False
2017-04-10,SVXY,326344813.2959783,344284528.72084737,390998837.2034272,False
2017-04-11,SVXY,311052906.0496214,328321297.9408484,372677363.38694143,False
2017-04-12,SVXY,309899746.39541537,327272789.8791103,371295744.72614306,False
2017-04-13,SVXY,304133928.9984558,321349271.71520436,364387628.50707567,False
2017-04-17,SVXY,318974617.3211893,337724447.63401634,382168489.8570139,False
2017-04-18,SVXY,321431362.0634051,340500550.3827784,385111954.24920213,False
2017-04-19,SVXY,313634983.0064229,332412347.8389337,375770990.2703677,False
2017-04-20,SVXY,321782322.8657318,341222607.63375217,385532445.88878965,False
2017-04-21,SVXY,320579015.02494806,340121085.4478673,384090743.8994355,False
2017-04-24,SVXY,355148807.0615578,377378100.6485168,425509353.71941054,False
2017-04-25,SVXY,363847662.2176455,386819462.8887613,435931588.4614917,False
2017-04-26,SVXY,359861742.0515374,382777751.9341661,431155995.0197154,False
2017-04-27,SVXY,363747404.0963487,387108831.2872981,435811467.6345316,False
2017-04-28,SVXY,363622052.7558338,387173339.3141132,435661282.2282179,False
2017-05-01,SVXY,378011483.9030852,403111978.8705615,452901485.281457,False
2017-05-02,SVXY,376482289.3532637,401686153.1101706,451069333.3167933,False
2017-05-03,SVXY,368861409.82337403,393755850.21604526,441938638.0728283,False
2017-05-04,SVXY,378412592.8919895,404157602.28677344,453382060.2496003,False
2017-05-05,SVXY,376206569.9567328,402006253.6742498,450738989.5851152,False
2017-05-08,SVXY,386234065.1681899,413352070.79870695,462753088.8077884,False
2017-05-09,SVXY,386910893.55362505,414287005.68004817,463564007.5076098,False
2017-05-10,SVXY,385456902.1577408,412939930.36007094,461821957.620704,False
2017-05-11,SVXY,386434581.41078347,414197644.2534266,462993330.4617086,False
2017-05-12,SVXY,387186651.20201445,415214481.42280436,463894397.06943935,False
2017-05-15,SVXY,394983030.25899667,424220164.83960575,473235361.04827386,False
2017-05-16,SVXY,398868692.30380803,428610542.2110103,477890833.66309,False
2017-05-17,SVXY,326018945.71286976,350506160.24964076,390608410.1431933,False
2017-05-18,SVXY,334667652.6823798,359986620.6316465,400970561.55671865,False
2017-05-19,SVXY,356978814.2271283,384180006.4455813,427701913.995106,False
2017-05-22,SVXY,372421166.03321826,401407137.0833772,446203637.7972591,False
2017-05-23,SVXY,372721978.64896727,401934225.11639196,446564046.10829085,False
2017-05-24,SVXY,382799622.047002,413010055.9997907,458638228.65951985,False
2017-05-25,SVXY,378262186.584115,408320405.67327857,453201856.09408444,False
2017-05-26,SVXY,384780073.77230555,415565655.85153866,461011038.9208826,False
2017-05-30,SVXY,387662963.3448561,419523179.6260186,464465074.1153406,False
2017-05-31,SVXY,384429112.9699789,416232788.83624285,460590547.2812951,False
2017-06-01,SVXY,393554132.0823305,426326918.5651158,471523375.7407217,False
2017-06-02,SVXY,392701765.91794413,425617309.8463014,470502142.4758794,False
2017-06-05,SVXY,390696297.4771396,424081684.03064847,468099359.2954659,False
2017-06-06,SVXY,382223051.7828636,415092425.08670866,457947430.7866585,False
2017-06-07,SVXY,386183916.9816122,419604095.74842995,462693005.4792326,False
2017-06-08,SVXY,395359084.2805415,429788461.4175408,473685917.26721495,False
2017-06-09,SVXY,389342564.2025521,423459908.79405725,466477430.2355202,False
2017-06-12,SVXY,385131034.5746322,419508181.11770207,461431530.5604701,False
2017-06-13,SVXY,398442528.34754413,434224732.7807943,477380239.9457446,False
2017-06-14,SVXY,399670872.02975816,435780918.49336123,478851937.7692251,False
2017-06-15,SVXY,395133436.56687117,431048588.99095196,473415565.2037897,False
2017-06-16,SVXY,399470355.7871645,435997128.24630624,478611696.11530495,False
2017-06-19,SVXY,411077155.4831623,449336446.1792011,492517984.8010462,False
2017-06-20,SVXY,400548293.16150403,438045661.89486575,479903189.7832696,False
2017-06-21,SVXY,403857384.942177,441884343.64510894,483867864.52522445,False
2017-06-22,SVXY,408294524.0319086,446961505.00412095,489184070.43354833,False
2017-06-23,SVXY,412205241.0440795,451466933.7140252,493869561.79756665,False
2017-06-26,SVXY,421305205.1890715,462121566.7405333,504772371.50779104,False
2017-06-27,SVXY,406364258.74504125,445954303.73094076,486871389.33089274,False
2017-06-28,SVXY,418898627.7593626,459937829.42962885,501889013.3592343,False
2017-06-29,SVXY,396988536.9516598,436097293.02968013,475638190.0588388,False
2017-06-30,SVXY,404283548.8984409,444331003.5705054,484378458.2425699,False
2017-07-03,SVXY,398868692.30380803,439031044.36827826,477890833.66309,False
2017-07-05,SVXY,398592934.65541863,439161407.9146835,477560444.1012604,False
2017-07-06,SVXY,378537944.2325045,417271264.7478918,453532245.655914,False
2017-07-07,SVXY,391974789.3459313,432296356.2640546,469631140.4475022,False
2017-07-10,SVXY,401525972.4145468,443485668.34934807,481074562.6242742,False
2017-07-11,SVXY,403255721.45882046,445615658.7075526,483147002.07300955,False
2017-07-12,SVXY,414311044.109898,458057784.7443402,496392557.4652431,False
2017-07-13,SVXY,418873534.5401445,463330006.45428884,501858948.7798807,False
2017-07-14,SVXY,426168546.48692554,471631215.2051412,510599216.9636118,False
2017-07-17,SVXY,437299072.2919403,484663150.935322,523934874.4336033,False
2017-07-18,SVXY,443265444.183352,491517001.3005994,531083278.13674235,False
2017-07-19,SVXY,448128747.22934747,497153602.82590216,536910077.7624116,False
2017-07-20,SVXY,452390463.2957036,502127770.8415662,542016106.5961689,False
2017-07-21,SVXY,456050477.6268446,506438395.6287819,546401227.1475598,False
2017-07-24,SVXY,463871911.65118635,515881421.08588004,555772209.8755964,False
2017-07-25,SVXY,461715998.6506488,513735086.17313623,553189176.7095157,False
2017-07-26,SVXY,461314927.913603,513539910.5752721,552708647.5715238,False
2017-07-27,SVXY,457053250.0991054,509044534.78037417,547602664.5679181,False
2017-07-28,SVXY,452340315.10912585,504041685.2005608,541956023.2676132,False
2017-07-31,SVXY,456000329.4402669,508864597.1948576,546341143.819004,False
2017-08-01,SVXY,461264779.72702533,514990411.28310156,552648564.2429681,False
2017-08-02,SVXY,459810788.331141,513617329.801905,550906514.3560623,False
2017-08-03,SVXY,453844416.4397293,507199795.4233829,543758110.6529232,False
2017-08-04,SVXY,455097853.34116143,508848288.1710167,545259873.0557574,False
2017-08-07,SVXY,461114373.4191508,516328321.4054868,552468360.0874522,False
2017-08-08,SVXY,448128747.22934747,502031697.9101364,536910077.7624116,False
2017-08-09,SVXY,435794932.70947826,488451508.22849834,522132741.21814173,False
2017-08-10,SVXY,375680109.62731355,421277556.51491207,450108229.2106582,False
2017-08-11,SVXY,359385429.9086958,403200745.6410763,430585317.9738142,False
2017-08-14,SVXY,405211079.9649059,455274974.43841034,485489747.7550187,False
2017-08-15,SVXY,407216586.65756905,457749899.142809,487892576.76558363,False
2017-08-16,SVXY,410274975.75721216,461411119.2482371,491556880.69491106,False
2017-08-17,SVXY,342138125.90439487,384967997.1966415,409921052.6451678,False
2017-08-18,SVXY,354271424.1816705,398812998.61776567,424458147.5355175,False
2017-08-21,SVXY,368360042.7131729,415274406.71895635,441337942.2777249,False
2017-08-22,SVXY,395434287.4344787,446012053.9151549,473776019.3449729,False
2017-08-23,SVXY,390671204.25792146,440852383.7857595,468069294.71611226,False
2017-08-24,SVXY,379390272.1450323,428328923.63981444,454553433.0906049,False
2017-08-25,SVXY,390871758.75237364,441504181.77594185,468309582.20018387,False
2017-08-28,SVXY,393428780.74181557,445034832.1479001,471373190.334408,False
2017-08-29,SVXY,389116954.74074036,440369210.12888443,466207124.0022464,False
2017-08-30,SVXY,391072313.2468258,442794967.6817034,468549869.68425554,False
2017-08-31,SVXY,402102542.6786851,455502893.08445954,481765360.49713546,False
2017-09-01,SVXY,402654057.975464,456346805.2367442,482426139.62079465,False
2017-09-05,SVXY,379640974.8260621,431091509.002478,454853803.9032323,False
2017-09-06,SVXY,389969282.65326816,443031802.42227167,467228311.4369372,False
2017-09-07,SVXY,392024937.53250897,445580536.01363754,469691223.77605796,False
2017-09-08,SVXY,382699363.9257052,435189263.55352753,458518107.83255976,False
2017-09-11,SVXY,404559306.5468303,460708023.6366109,484708847.8043995,False
2017-09-12,SVXY,414787356.25273955,472581380.52238685,496963234.51114434,False
2017-09-13,SVXY,429277083.77314633,489323665.5182716,514323604.22149503,False
2017-09-14,SVXY,423461118.1896091,482924650.9174657,507355404.6738719,False
2017-09-15,SVXY,431382848.5871062,492193562.09596795,516846554.05902004,False
2017-09-18,SVXY,450033995.8007138,514208729.3668382,539192785.9460164,False
2017-09-19,SVXY,449883589.4928393,514281735.0265891,539012581.7905006,False
2017-09-20,SVXY,449432332.3173573,514010497.3464267,538471923.4938016,False
2017-09-21,SVXY,449833441.3062616,514714073.57619584,538952498.4619448,False
2017-09-22,SVXY,446775052.20661855,511457733.1371561,535288194.5326174,False
2017-09-25,SVXY,446574497.71216637,511957319.4470181,535047907.0485457,False
2017-09-26,SVXY,451237284.51556826,517548379.9448984,540634465.0202948,False
2017-09-27,SVXY,455097853.34116143,522223972.4143908,545259873.0557574,False
2017-09-28,SVXY,461515482.4080552,529839381.08973366,552948935.0555955,False
2017-09-29,SVXY,470038838.03705025,539880385.3063679,563160901.0628071,False
2017-10-02,SVXY,478913154.468372,550855287.3545825,573793358.7096063,False
2017-10-03,SVXY,481018957.5341905,553539229.3076426,576316354.3772827,False
2017-10-04,SVXY,480667996.7318638,553396971.318735,575895862.7376952,False
2017-10-05,SVXY,495659091.36247176,570926114.6858482,593856928.2431493,False
2017-10-06,SVXY,495358278.74672276,570849233.5047188,593496519.9321176,False
2017-10-09,SVXY,486032705.139919,560896078.1459141,582323403.9886193,False
2017-10-10,SVXY,496411161.15370274,573143306.1262257,594757994.8508801,False
2017-10-11,SVXY,506739468.9809088,585343904.4755454,607132502.384585,False
2017-10-12,SVXY,510399521.5639084,589849494.365652,611517668.7661275,False
2017-10-13,SVXY,519725095.1707122,600909581.153317,622690784.7096256,False
2017-10-16,SVXY,528449005.2941594,611859086.4561301,633143038.2009089,False
2017-10-17,SVXY,527596677.3816316,611159384.6753532,632121850.7662181,False
2017-10-18,SVXY,529702442.1955915,613886971.4680647,634644800.6037431,False
2017-10-19,SVXY,533212050.21885806,618244567.7099644,638849716.9996182,False
2017-10-20,SVXY,542437365.704365,629236299.3446579,649902712.1161562,False
2017-10-23,SVXY,525841835.11813974,610843815.753131,630019346.738129,False
2017-10-24,SVXY,519875501.4785866,604195982.9104365,622870988.8651415,False
2017-10-25,SVXY,502477791.1664112,584249960.7712349,602026519.3809792,False
2017-10-26,SVXY,504633704.16694885,587031381.4033042,604609552.54706,False
2017-10-27,SVXY,533111792.0975613,620449591.621199,638729596.172658,False
2017-10-30,SVXY,528749817.90990835,616236364.874243,633503446.5119406,False
2017-10-31,SVXY,538225797.8245866,627573175.516461,644856766.6109548,False
2017-11-01,SVXY,535017002.417069,624122904.5307145,641012258.5261114,False
2017-11-02,SVXY,540883077.9353254,631260350.5026379,648040495.5721389,False
2017-11-03,SVXY,542086404.9020383,632959787.3112564,649482220.4765687,False
2017-11-06,SVXY,546648895.3322849,639179697.0320776,654948611.7912062,False
2017-11-07,SVXY,543991615.2215462,636368701.743097,651764882.8300221,False
2017-11-08,SVXY,543339841.8034705,635901974.1022805,650983982.8794029,False
2017-11-09,SVXY,536621400.12082785,628331063.0564857,642934512.5685331,False
2017-11-10,SVXY,523184555.007401,612882590.0964293,626835617.7769449,False
2017-11-13,SVXY,521780711.7980944,612090037.9951249,625153651.2185949,False
2017-11-14,SVXY,517368627.67572236,607195904.6164271,619867464.0594732,False
2017-11-15,SVXY,497514191.7472604,584165058.8689641,596079553.0981984,False
2017-11-16,SVXY,519374096.1165269,610114932.6841052,622270247.2398866,False
2017-11-17,SVXY,526493646.78807396,618764910.3191891,630800292.5188998,False
2017-11-20,SVXY,543740912.5405163,639922697.7877291,651464512.0173947,False
2017-11-21,SVXY,563946347.5231634,664009193.1650038,675672960.4484085,False
2017-11-22,SVXY,569060353.2501888,670340318.3247515,681800130.8867052,False
2017-11-24,SVXY,571617375.2396308,673974665.5804198,684863739.0209292,False
2017-11-27,SVXY,572419554.9655809,675855147.4645163,685824843.1270643,False
2017-11-28,SVXY,580190879.0552036,685346524.1029981,695135788.3566967,False
2017-11-29,SVXY,567656510.0408822,670849346.6672996,680118164.3283552,False
2017-11-30,SVXY,565701151.5347967,668846424.8380083,677775418.646346,False
2017-12-01,SVXY,550308947.9152845,650947252.7683283,659333778.1727487,False
2017-12-04,SVXY,554921586.5321087,657309520.2415029,664860252.8159419,False
2017-12-05,SVXY,557027351.3460686,660106992.677155,667383202.653467,False
2017-12-06,SVXY,557729272.950722,661242364.5079602,668224185.932642,False
2017-12-07,SVXY,576029459.3620028,683252535.3284107,690149926.180051,False
2017-12-08,SVXY,593677872.355208,704509176.4313618,711294766.4768406,False
2017-12-11,SVXY,614635300.6253691,730382651.3768799,736404189.8552822,False
2017-12-12,SVXY,613081051.108188,728869391.5134909,734542019.1414163,False
2017-12-13,SVXY,615086557.8008511,731588439.7848986,736944848.1519812,False
2017-12-14,SVXY,618345501.3949463,735801200.3550603,740849439.5653803,False
2017-12-15,SVXY,638550898.125735,760192190.472377,765057842.1662427,False
2017-12-18,SVXY,647976768.1056942,772471679.9226965,776351124.7668525,False
2017-12-19,SVXY,644116161.0282423,768219915.1354969,771725670.9012384,False
2017-12-20,SVXY,646973957.3815747,771980462.5130106,775149641.5163428,False
2017-12-21,SVXY,651436189.6905245,777659434.5905368,780495912.0040202,False
2017-12-22,SVXY,647726065.4246643,773582971.4825027,776050753.9542251,False
2017-12-26,SVXY,647224660.0626045,774393209.9751265,775450012.3289702,False
2017-12-27,SVXY,643715052.039338,770544381.4062064,771245095.9330952,False
2017-12-28,SVXY,654193766.1744186,783443747.0688876,783799807.622316,False
2017-12-29,SVXY,770163871.0,770163871.0,770163871.0,True
2018-01-02,SVXY,796414648.470244,1266395306.5252323,7728629354.781321,False
2018-01-03,SVXY,814015259.8345149,1414474185.6884527,7899430584.910985,False
2018-01-04,SVXY,816297968.0181197,1538869288.5890262,7921582620.2987,False
2018-01-05,SVXY,816538209.6720399,1659786183.865133,7923913992.156683,False
2018-01-08,SVXY,826269692.3714112,2045266525.5459251,8018351008.101045,False
2018-01-09,SVXY,817379284.6115178,2143848166.996246,7932076017.402333,False
2018-01-10,SVXY,825548784.0890448,2287068715.50136,8011355113.5329275,False
2018-01-11,SVXY,830234367.113366,2422534067.4920583,8056825314.985892,False
2018-01-12,SVXY,830114200.4562545,2544650298.319466,8055659184.308359,False
2018-01-16,SVXY,779354649.5725207,2848964058.384104,7563074378.454931,False
2018-01-17,SVXY,797976448.3714825,3034762412.733505,7743785495.60092,False
2018-01-18,SVXY,794732681.911894,3139673156.953349,7712307083.284188,False
2018-01-19,SVXY,797556002.5620464,3268490524.056551,7739705372.475179,False
2018-01-22,SVXY,816478172.1736356,3707401507.519869,7923331371.566459,False
2018-01-23,SVXY,801820956.4563258,3759139903.639337,7781093671.808233,False
2018-01-24,SVXY,780916449.4737592,3776342988.707997,7578230519.274529,False
2018-01-25,SVXY,767881162.8163952,3826592778.161888,7451732470.423213,False
2018-01-26,SVXY,774128454.0816519,3971932269.933807,7512357923.198692,False
2018-01-29,SVXY,717061528.6041056,3996495345.3741784,6958564599.231018,False
2018-01-30,SVXY,694414925.9044818,3972723123.4412365,6738795665.112873,False
2018-01-31,SVXY,709492633.261379,4163653699.0744653,6885113932.745381,False
2018-02-01,SVXY,730877715.212089,4396978428.966691,7092640718.492135,False
2018-02-02,SVXY,634344429.7911156,3909816716.488366,6155854855.93791,False
2018-02-05,SVXY,431426301.25298923,2850064839.442194,4186680873.7046485,False
2018-02-06,SVXY,73526285.86785555,496572672.2674134,713519537.0876994,False
2018-02-07,SVXY,74066921.24947888,511151051.4296593,718766013.265245,False
2018-02-08,SVXY,57547534.818303205,405637365.20604724,558457290.7421299,False
2018-02-09,SVXY,65236556.716758765,469459606.97794247,633073698.7503263,False
2018-02-12,SVXY,68119943.50916018,520358459.3491582,661054886.4993799,False
2018-02-13,SVXY,67819589.88283956,528069534.7436834,658140171.3347914,False
2018-02-14,SVXY,75989175.29190053,602891777.4210374,737420101.3689021,False
2018-02-15,SVXY,77551009.5657526,626724351.546082,752576575.7499075,False
2018-02-16,SVXY,76229457.04720324,627290437.7488667,739751862.3818593,False
2018-02-20,SVXY,72805440.60194743,642078273.0203316,706524254.048828,False
2018-02-21,SVXY,72384948.96235994,649048877.9362242,702443686.1745449,False
2018-02-22,SVXY,73406147.85458867,669035207.3255697,712353684.3780048,False
2018-02-23,SVXY,79172915.71062256,733274830.2873616,768316004.282544,False
2018-02-26,SVXY,795714182.2863985,795714182.2863985,795714182.2863985,True
2014-12-31,UVXY,351789952.99999994,351789952.99999994,351789952.99999994,True
2015-01-02,UVXY,340320044.27592844,351333200.41385394,2350221039.447338,False
2015-01-05,UVXY,389276913.24049085,420770557.9619521,2688312977.9071593,False
2015-01-06,UVXY,406621626.1875836,446097885.6696449,2808094078.0129795,False
2015-01-07,UVXY,380884310.201575,424024832.1088662,2630354381.081763,False
2015-01-08,UVXY,334025600.94885147,377263443.19985294,2306752153.6507936,False
2015-01-09,UVXY,357664757.22302127,409749788.56814796,2470002139.5531583,False
2015-01-12,UVXY,391514940.7175351,467534239.22744405,2703768603.7272654,False
2015-01-13,UVXY,414734457.8876491,501972868.356188,2864120597.9658566,False
2015-01-14,UVXY,430400650.22695875,527898542.2782326,2972309978.7065973,False
2015-01-15,UVXY,455998098.4477621,566672851.6970278,3149083760.846561,False
2015-01-16,UVXY,436695093.5540358,549750820.4997499,3015778864.503142,False
2015-01-20,UVXY,429281636.48843664,568202213.4368262,2964582165.7965446,False
2015-01-21,UVXY,388577502.7975848,520613156.3264585,2683482909.370867,False
2015-01-22,UVXY,338781427.2417903,459378438.7713195,2339595482.163525,False
2015-01-23,UVXY,354867222.87671596,486932301.8937849,2450682607.278026,False
2015-01-26,UVXY,323394970.43289137,459445701.87092537,2233337931.005291,False
2015-01-27,UVXY,350810807.0266832,504071575.7593473,2422669347.3015876,False
2015-01-28,UVXY,408440014.56057215,593486391.3634344,2820651712.1693125,False
2015-01-29,UVXY,379485525.1242025,557554182.7107084,2620694491.29919,False
2015-01-30,UVXY,452641057.23219573,672360996.8117195,3125900322.116402,False
2015-02-02,UVXY,406062119.3183226,622882792.5345083,2804230171.5579534,False
2015-02-03,UVXY,368155519.973776,570692581.7073199,2542450447.4074078,False
2015-02-04,UVXY,388577502.7975848,608636925.3457077,2683482909.370867,False
2015-02-05,UVXY,358224264.0922823,566890302.8565905,2473866046.008185,False
2015-02-06,UVXY,388857274.13643515,621659014.8157699,2685414986.2433863,False
2015-02-09,UVXY,393892835.9597846,648829527.2889726,2720190144.3386245,False
2015-02-10,UVXY,364099104.12374324,605643929.9198973,2514437187.430969,False
2015-02-11,UVXY,367316241.7656646,616938722.1415448,2536654464.079861,False
2015-02-12,UVXY,324234248.6410028,549825168.1608628,2239133914.3328376,False
2015-02-13,UVXY,315701742.0284419,540464279.533922,2180209155.426174,False
2015-02-17,UVXY,317240394.8710197,563630913.0249679,2190834960.0,False
2015-02-18,UVXY,312344700.81287557,559986809.7944478,2157025716.6960154,False
2015-02-19,UVXY,298916535.9506102,540748786.0635923,2064291961.7753804,False
2015-02-20,UVXY,277095768.04942894,505757948.7096369,1913599610.0293486,False
2015-02-23,UVXY,279054059.99606246,522878018.07449484,1927123406.2669477,False
2015-02-24,UVXY,255694639.2523034,483245553.1926137,1765805249.9470901,False
2015-02-25,UVXY,258632041.36381403,492981862.50458395,1786090697.0134757,False
2015-02-26,UVXY,252477465.8019424,485335780.40949255,1743587726.0081847,False
2015-02-27,UVXY,249540063.69043174,483726936.2509231,1723302278.941799,False
2015-03-02,UVXY,233314364.48186108,463599329.5862842,1611248991.7460318,False
2015-03-03,UVXY,242825981.25929907,486428129.3518342,1676935401.4814816,False
2015-03-04,UVXY,242266474.390038,489227340.96563876,1673071495.0264552,False
2015-03-05,UVXY,235972031.062961,480334652.98812485,1629602609.2299109,False
2015-03-06,UVXY,257093406.42545605,527488350.611341,1775465016.0846562,False
2015-03-09,UVXY,249540063.69043174,524103983.2441112,1723302278.941799,False
2015-03-10,UVXY,264646749.16048032,560114391.025207,1827627753.2275133,False
2015-03-11,UVXY,277235653.7188541,591244145.8620673,1914565648.4656086,False
2015-03-12,UVXY,244784255.30171275,525997713.1998981,1690459074.0740743,False
2015-03-13,UVXY,254995264.61783698,552065324.3821495,1760975428.7008102,False
2015-03-16,UVXY,243385488.12856013,538744492.1986864,1680799307.936508,False
2015-03-17,UVXY,241007592.88631055,537380560.7146714,1664377767.3251488,False
2015-03-18,UVXY,219606446.18496516,493215258.4611151,1516583283.5978837,False
2015-03-19,UVXY,219886199.6195957,497401445.9265888,1518515236.825397,False
2015-03-20,UVXY,213451870.62309355,486300218.33703995,1474080312.5925927,False
2015-03-23,UVXY,205618774.45343873,478435436.14396,1419985622.2222223,False
2015-03-24,UVXY,203380746.9763945,476518795.4759423,1404529996.4021165,False
2015-03-25,UVXY,221284966.79274833,522048701.14424974,1528175002.962963,False
2015-03-26,UVXY,218627318.1158682,519316376.29586524,1509821509.1240907,False
2015-03-27,UVXY,213172117.188463,509807615.3451453,1472148359.3650794,False
2015-03-30,UVXY,200163591.43025333,488413622.70789397,1382312596.1082177,False
2015-03-31,UVXY,210514450.60736308,517076714.20913124,1453794741.8812006,False
2015-04-01,UVXY,209815075.97289667,518753804.3680862,1448964920.6349208,False
2015-04-02,UVXY,201562340.69918615,501610862.9099982,1391972238.6007771,False
2015-04-06,UVXY,193169737.66027027,493227312.4412308,1334013641.7753804,False
2015-04-07,UVXY,191910856.1565428,493118194.8359963,1325319914.074074,False
2015-04-08,UVXY,184497399.0909437,477054467.5706705,1274123215.367477,False
2015-04-09,UVXY,172328115.73240578,448376751.8122921,1190083188.1481483,False
2015-04-10,UVXY,156941676.8277267,410882521.70641,1083825760.6349206,False
2015-04-13,UVXY,164914658.66680667,439761504.0635153,1138886489.441551,False
2015-04-14,UVXY,161557617.45124033,433423713.503448,1115703050.7113922,False
2015-04-15,UVXY,154423895.91605192,416784169.87627447,1066438181.5873016,False
2015-04-16,UVXY,147989566.91954976,401812720.85408247,1022003257.3544974,False
2015-04-17,UVXY,157920804.89682364,431332695.67126817,1090587535.1087136,False
2015-04-20,UVXY,147569936.767604,410224438.0882029,1019105327.5132276,False
2015-04-21,UVXY,147569936.767604,412612206.2820265,1019105327.5132276,False
2015-04-22,UVXY,144352772.2693529,405952581.66737187,996887865.3968254,False
2015-04-23,UVXY,141555237.9230476,400375730.40920365,977568333.1216931,False
2015-04-24,UVXY,138897580.29405758,395106239.13502645,959214777.4603175,False
2015-04-27,UVXY,147150306.6156582,425724771.4200063,1016207397.6719577,False
2015-04-28,UVXY,136379799.38238284,396771013.3154711,941827198.4126985,False
2015-04-29,UVXY,143513511.9654613,419847322.25617397,991092005.7142857,False
2015-04-30,UVXY,151346608.13511613,445211842.52948546,1045186696.0846561,False
2015-05-01,UVXY,136659552.81701335,404218597.9063476,943759151.6402117,False
2015-05-04,UVXY,137219059.6862744,412534390.6526074,947623058.0952381,False
2015-05-05,UVXY,146171169.59445134,441813084.58801645,1009445561.3756614,False
2015-05-06,UVXY,150926986.93528023,458629978.66803855,1042288828.0658896,False
2015-05-07,UVXY,148968703.94075662,455089639.5384956,1028765093.6507937,False
2015-05-08,UVXY,133162634.88413174,408957782.7766169,919609736.2962964,False
2015-05-11,UVXY,140576100.90184075,438549201.90454173,970806496.8253969,False
2015-05-12,UVXY,139457087.16331863,437314760.5092566,963078683.915344,False
2015-05-13,UVXY,134981032.20923018,425462651.9592713,932167432.2751323,False
2015-05-14,UVXY,129246086.79930434,409477277.97131014,892562391.1111112,False
2015-05-15,UVXY,126868182.60494484,403996406.7686737,876140788.6772487,False
2015-05-18,UVXY,118475579.56602898,383022189.1425867,818182191.8518519,False
2015-05-19,UVXY,115118538.35046263,374031825.6195066,794998753.1216931,False
2015-05-20,UVXY,115510193.15894537,377173374.6038146,797703487.6402117,False
2015-05-21,UVXY,109075864.1624432,357928386.33652526,753268563.4074074,False
2015-05-22,UVXY,109439543.6274629,360892583.0097946,755780102.6031747,False
2015-05-26,UVXY,117999998.72715709,396759147.782326,814897871.3650794,False
2015-05-27,UVXY,109355617.59707373,369463015.29176825,755200516.6349207,False
2015-05-28,UVXY,111817447.82182239,379589694.58306015,772201705.0370371,False
2015-05-29,UVXY,113356091.7122903,386647138.4392338,782827447.7883599,False
2015-06-01,UVXY,111062113.54831997,384213741.77219284,766985431.3227514,False
2015-06-02,UVXY,114670932.85505378,398553711.8980691,791907627.957672,False
2015-06-03,UVXY,110670458.73983723,386440257.81358224,764280696.8042328,False
2015-06-04,UVXY,118055949.41408318,414139205.4482129,815284262.0105821,False
2015-06-05,UVXY,113943573.9250144,401556703.2401246,786884549.5661376,False
2015-06-08,UVXY,118699382.3137334,424078864.96332383,819727754.4338624,False
2015-06-09,UVXY,116069700.02820642,416561839.89320666,801567394.0952381,False
2015-06-10,UVXY,105970601.03804433,382031911.5273007,731823882.5820106,False
2015-06-11,UVXY,101410620.05356672,367233723.71668035,700333044.973545,False
2015-06-12,UVXY,103928400.96524148,378032873.1792562,717720624.0211641,False
2015-06-15,UVXY,112768609.49956618,415662549.9401926,778770346.0105821,False
2015-06-16,UVXY,108544332.6366452,401848271.75891197,749597852.2751323,False
2015-06-17,UVXY,108012801.1108472,401628168.57763535,745927141.1428572,False
2015-06-18,UVXY,101746324.17512335,379973600.69422734,702651388.8465608,False
2015-06-19,UVXY,103368894.09598042,387705688.58893037,713856717.5661376,False
2015-06-22,UVXY,93885252.66200548,356692752.2100001,648363503.1534392,False
2015-06-23,UVXY,88989567.55597124,339532765.40852374,614554321.6719577,False
2015-06-24,UVXY,92318633.42807452,353728326.68554264,637544565.0793651,False
2015-06-25,UVXY,93689425.25776412,360496606.2769674,647011135.8941799,False
2015-06-26,UVXY,92710288.23655728,358229206.0747895,640249299.5978836,False
2015-06-29,UVXY,124490278.41058534,487068917.8897749,859719186.2433863,False
2015-06-30,UVXY,122979609.8635805,483148300.93254876,849286638.8148148,False
2015-07-01,UVXY,105830724.32072908,417488113.5257963,730857905.968254,False
2015-07-02,UVXY,119146987.80914225,471946867.8018537,822818879.5978837,False
2015-07-06,UVXY,125049785.2798464,503421644.1490845,863583092.6984128,False
2015-07-07,UVXY,112544806.75186177,454900520.76616704,777224783.4285715,False
2015-07-08,UVXY,134421525.33996913,545500150.2461221,928303525.8201059,False
2015-07-09,UVXY,137051207.6254961,558389314.2592344,946463886.1587303,False
2015-07-10,UVXY,115566143.84587148,472722399.40206325,798089878.2857144,False
2015-07-13,UVXY,92850164.95387253,384309977.5127956,641215276.2116402,False
2015-07-14,UVXY,90947841.59838493,377907786.1734596,628077994.2645503,False
2015-07-15,UVXY,90444285.41604999,377278843.86985654,624600478.4550265,False
2015-07-16,UVXY,78582739.78771555,329071166.0854903,542685661.6084657,False
2015-07-17,UVXY,76988145.21032155,323639394.0713109,531673528.21164024,False
2015-07-20,UVXY,76820293.14954323,326662777.22692245,530514356.2751323,False
2015-07-21,UVXY,75281649.25907531,321338106.1946269,519888613.52380955,False
2015-07-22,UVXY,74722142.38981426,320158911.2386654,516024707.0687831,False
2015-07-23,UVXY,76512564.37144965,329068277.3689765,528389207.72486776,False
2015-07-24,UVXY,81436224.82094696,351561837.8077182,562391584.5291005,False
2015-07-27,UVXY,89940729.23371503,392641837.58892554,621122962.6455027,False
2015-07-28,UVXY,76820293.14954323,336606756.69268876,530514356.2751323,False
2015-07-29,UVXY,74078709.49016404,325792479.579537,511581214.6455027,False
2015-07-30,UVXY,73155523.1558833,322916076.2298346,505205768.994709,False
2015-07-31,UVXY,72847794.37778972,322736449.5178741,503080620.4444445,False
2015-08-03,UVXY,70637742.24420854,316374170.3431661,487818189.94708997,False
2015-08-04,UVXY,71197249.1134696,320032117.6459291,491682096.4021164,False
2015-08-05,UVXY,70134186.06187358,316388454.3150936,484340674.13756615,False
2015-08-06,UVXY,75337599.94600143,341081035.8930747,520275004.1693122,False
2015-08-07,UVXY,73882882.08592267,335690461.2661151,510228847.3862434,False
2015-08-10,UVXY,68343764.08023821,313840736.37359715,471976173.4814815,False
2015-08-11,UVXY,74498339.64210984,343308529.99925995,514479144.48677254,False
2015-08-12,UVXY,74470364.2986468,344384586.2434245,514285949.1640212,False
2015-08-13,UVXY,72540065.59969614,336631754.4113642,500955471.89417994,False
2015-08-14,UVXY,72232336.82160255,336372459.9833634,498830323.34391534,False
2015-08-17,UVXY,70693692.93113464,332638879.9844878,488204580.5925926,False
2015-08-18,UVXY,72204361.4781395,340915419.84771657,498637128.02116406,False
2015-08-19,UVXY,74973920.48098174,355205111.65298754,517763464.973545,False
2015-08-20,UVXY,87730677.10013385,417062530.17174846,605860532.1481482,False
2015-08-21,UVXY,117244664.45365465,559266049.2068968,809681597.6507937,False
2015-08-24,UVXY,160298718.04329306,772418371.7198453,1107009199.3650794,False
2015-08-25,UVXY,185420576.47311455,896471237.8026178,1280498599.1957672,False
2015-08-26,UVXY,152633473.93441656,740421882.8802755,1054073680.931217,False
2015-08-27,UVXY,159907063.2348103,778293307.0299017,1104304464.846561,False
2015-08-28,UVXY,176384531.58243856,861345791.774536,1218096448.1245868,False
2015-08-31,UVXY,188973454.04503217,931994895.5516773,1305034467.0076885,False
2015-09-01,UVXY,244896156.67556497,1211761664.8406103,1691231855.3650794,False
2015-09-02,UVXY,194148883.63358703,963802392.6304234,1340775539.89418,False
2015-09-03,UVXY,191183497.22650343,952174952.7338594,1320296835.6825397,False
2015-09-04,UVXY,219382643.43726075,1096168408.2644312,1515037721.0158732,False
2015-09-08,UVXY,180440965.3366911,913270788.538731,1246109831.7460318,False
2015-09-09,UVXY,188218110.81941983,955678946.9952359,1299818131.4708996,False
2015-09-10,UVXY,178790429.0244809,910702752.1667733,1234711369.526207,False
2015-09-11,UVXY,170034137.56843546,868852183.2259218,1174241171.6825397,False
2015-09-14,UVXY,170090088.25536156,877394556.3010575,1174627562.3280425,False
2015-09-15,UVXY,136911330.90818083,708460200.191174,945497909.5449736,False
2015-09-16,UVXY,120238026.20420131,624128182.3249543,830353497.1851852,False
2015-09-17,UVXY,118195826.13139845,615440065.1674654,816250238.6243386,False
2015-09-18,UVXY,148017542.26301283,773115338.477028,1022196452.6772487,False
2015-09-21,UVXY,129078234.73852602,680458497.4539353,891403219.1746032,False
2015-09-22,UVXY,142674251.6615697,754440832.5056703,985296146.031746,False
2015-09-23,UVXY,136379799.38238284,723363383.333243,941827198.4126985,False
2015-09-24,UVXY,143149832.5004416,761588131.9054458,988580466.5185186,False
2015-09-25,UVXY,150954953.3266334,805555605.9518036,1042481961.5661377,False
2015-09-28,UVXY,172048362.29777527,926469947.1766657,1188151234.920635,False
2015-09-29,UVXY,172328115.73240578,930764772.4367399,1190083188.1481483,False
2015-09-30,UVXY,156550022.01924396,848078471.6590363,1081121026.1164021,False
2015-10-01,UVXY,153248931.49060372,832675130.8118997,1058323978.0317461,False
2015-10-02,UVXY,137079182.96895915,747035133.9030514,946657081.4814816,False
2015-10-05,UVXY,121776670.09466922,669552873.9742067,840979239.9365079,False
2015-10-06,UVXY,124406352.38019618,686024369.2642707,859139600.2751323,False
2015-10-07,UVXY,118111900.1010093,653225463.7049028,815670652.6560847,False
2015-10-08,UVXY,106865812.02886203,592757401.5291761,738006132.9100529,False
2015-10-09,UVXY,106614033.93769455,593085930.3241664,736267375.0052911,False
2015-10-12,UVXY,93773351.28815328,526206092.6954683,647590721.8624339,False
2015-10-13,UVXY,102641535.16594104,577630416.6631393,708833639.1746032,False
2015-10-14,UVXY,106893787.37232508,603290198.9530306,738199328.2328043,False
2015-10-15,UVXY,91843052.58920263,519832508.19735694,634260244.5925926,False
2015-10-16,UVXY,89297296.33406481,506868387.4400305,616679470.2222222,False
2015-10-19,UVXY,77155997.27109987,441697359.57273847,532832700.1481482,False
2015-10-20,UVXY,82331435.81176464,472657526.00435597,568573834.8571429,False
2015-10-21,UVXY,93717400.60122718,539539750.1930546,647204331.2169312,False
2015-10-22,UVXY,76568515.05837575,442050952.2557413,528775598.3703704,False
2015-10-23,UVXY,77603602.76650871,449282468.1734006,535923825.3121693,False
2015-10-26,UVXY,82555238.55946907,481957111.17597765,570119397.4391534,False
2015-10-27,UVXY,79142246.65697663,463312647.8130168,546549568.0634921,False
2015-10-28,UVXY,74638216.3594251,438152951.502089,515445121.10052913,False
2015-10-29,UVXY,76568515.05837575,450723416.8672042,528775598.3703704,False
2015-10-30,UVXY,78918443.9092722,465833307.3514076,545004005.4814816,False
2015-11-02,UVXY,70805594.30498686,421382473.42568547,488977361.8835979,False
2015-11-03,UVXY,74134660.17709015,442394150.99893117,511967605.2910053,False
2015-11-04,UVXY,78554764.4442525,470041921.0666367,542492466.2857143,False
2015-11-05,UVXY,75281649.25907531,451674942.2941517,519888613.52380955,False
2015-11-06,UVXY,72092460.1042873,433706939.15639734,497864346.73015875,False
2015-11-09,UVXY,79449975.4350702,481826260.3362452,548674716.6137567,False
2015-11-10,UVXY,74973920.48098174,455894240.94855666,517763464.973545,False
2015-11-11,UVXY,78191084.97923282,476722044.6090273,539980927.0899471,False
2015-11-12,UVXY,92262682.74114843,564007820.7545667,637158174.4338624,False
2015-11-13,UVXY,104655759.89528085,641460904.4925996,722743702.4126985,False
2015-11-16,UVXY,83702227.64145423,517094602.90107375,578040405.6719577,False
2015-11-17,UVXY,92542436.17577896,573204926.4959887,639090127.6613756,False
2015-11-18,UVXY,80904693.29514895,502430200.1245732,558720873.3968254,False
2015-11-19,UVXY,86443811.30083342,538227659.8713636,596973547.3015873,False
2015-11-20,UVXY,80820767.2647598,504524461.8759241,558141287.4285715,False
2015-11-23,UVXY,76484589.0279866,481168521.7494673,528196012.4021164,False
2015-11-24,UVXY,77155997.27109987,486640815.19896793,532832700.1481482,False
2015-11-25,UVXY,74834043.76366648,473206573.2763353,516797488.3597884,False
2015-11-27,UVXY,76036983.53257775,483273904.42717034,525104887.2380953,False
2015-11-30,UVXY,75169747.8852231,481410822.3293111,519115832.23280424,False
2015-12-01,UVXY,68931246.29296231,442572834.5223034,476033275.2592593,False
2015-12-02,UVXY,74022758.80323794,476460605.12135315,511194824.0,False
2015-12-03,UVXY,84485537.25841972,545173158.4114164,583449874.7089947,False
2015-12-04,UVXY,69294925.757982,448271535.0171629,478544814.4550265,False
2015-12-07,UVXY,72679942.3170114,473697349.47072506,501921448.50793654,False
2015-12-08,UVXY,77072071.2407107,503570473.117973,532253114.1798942,False
2015-12-09,UVXY,83394498.86336066,546229074.4321498,575915257.1216931,False
2015-12-10,UVXY,85520624.96655267,561538849.5675908,590598101.6507937,False
2015-12-11,UVXY,111369842.32641354,733069991.514298,769110579.8730159,False
2015-12-14,UVXY,94808438.99628623,628659993.5529039,654738948.8042328,False
2015-12-15,UVXY,87171170.2308728,579428934.4947766,601996625.6931217,False
2015-12-16,UVXY,75337599.94600143,501989905.36561453,520275004.1693122,False
2015-12-17,UVXY,81715978.25557749,545812562.8716426,564323537.7566137,False
2015-12-18,UVXY,94976291.05706455,635920082.9711852,655898120.7407408,False
2015-12-21,UVXY,86052156.49235068,580345068.7751039,594268812.7830688,False
2015-12-22,UVXY,77351824.67534123,522920686.07976747,534185067.40740746,False
2015-12-23,UVXY,73575153.3078291,498579785.5093345,508103698.83597887,False
2015-12-24,UVXY,76148884.90642996,517252732.95277536,525877668.52910054,False
2015-12-28,UVXY,74330487.58133152,509711839.79709524,513319972.5502646,False
2015-12-29,UVXY,71924608.04350898,494377610.044335,496705174.7936508,False
2015-12-30,UVXY,76036983.53257775,523874564.21424454,525104887.2380953,False
2015-12-31,UVXY,547708740.0,547708740.0,547708740.0,True
2016-01-04,UVXY,617452251.5132276,713910072.8060142,9419228444.48,False
2016-01-05,UVXY,582097507.4497355,695765927.1756295,8879892147.44,False
2016-01-06,UVXY,616872665.5449736,761423583.9059877,9410386865.84,False
2016-01-07,UVXY,750370633.5661376,955509498.1866226,11446897145.92,False
2016-01-08,UVXY,827262372.0211641,1085730701.6680427,12619879912.16,False
2016-01-11,UVXY,770849337.7777778,1102008112.5384474,11759299591.2,False
2016-01-12,UVXY,698787482.3915344,1026279290.5417306,10659996646.960001,False
2016-01-13,UVXY,839626872.6772487,1265915513.7441962,12808500256.48,False
2016-01-14,UVXY,773940462.941799,1197105391.7109356,11806454677.28,False
2016-01-15,UVXY,930235479.0476191,1475187461.437443,14190733717.2,False
2016-01-19,UVXY,934292580.8253969,1627575626.168513,14252624767.68,False
2016-01-20,UVXY,978341114.4126985,1742518847.558304,14924584744.32,False
2016-01-21,UVXY,972545254.7301588,1770178399.2972457,14836168957.92,False
2016-01-22,UVXY,808715621.0370371,1503568067.727846,12336949395.68,False
2016-01-25,UVXY,887539312.7195767,1754105393.4045374,13539404090.720001,False
2016-01-26,UVXY,803112956.6772487,1618613131.9719107,12251480802.16,False
2016-01-27,UVXY,869765343.026455,1786914436.3793473,13268262345.76,False
2016-01-28,UVXY,811613550.8783069,1699140193.7935052,12381157288.880001,False
2016-01-29,UVXY,743222406.6243386,1584987418.8964872,11337851009.36,False
2016-02-01,UVXY,725255241.6084657,1631644881.4911206,11063762071.52,False
2016-02-02,UVXY,819727754.4338624,1876198943.38839,12504939389.84,False
2016-02-03,UVXY,802919761.3544974,1869086530.7502978,12248533609.28,False
2016-02-04,UVXY,817216215.2380953,1934282895.6508808,12466625882.4,False
2016-02-05,UVXY,880970671.7460318,2119590504.617108,13439199532.800001,False
2016-02-08,UVXY,967135785.6931218,2440215125.670898,14753647557.28,False
2016-02-09,UVXY,982398216.1904763,2517091649.462753,14986475794.800001,False
2016-02-10,UVXY,1000365381.2063493,2602195993.2851977,15260564732.64,False
2016-02-11,UVXY,1121305653.2486773,2960583671.1538706,17105507475.52,False
2016-02-12,UVXY,1028958288.9735451,2756944624.7707443,15696749278.880001,False
2016-02-16,UVXY,934292580.8253969,2649255903.516264,14252624767.68,False
2016-02-17,UVXY,861651139.4708995,2476927295.7881513,13144480244.800001,False
2016-02-18,UVXY,855275693.8201059,2492002850.288749,13047222879.76,False
2016-02-19,UVXY,810454378.941799,2393059824.5114155,12363474131.6,False
2016-02-22,UVXY,719266186.6031747,2208077266.0518093,10972399092.24,False
2016-02-23,UVXY,791134846.6666667,2459604654.432146,12068754843.6,False
2016-02-24,UVXY,780509103.915344,2457052274.382895,11906659235.2,False
2016-02-25,UVXY,726800804.1904762,2316362923.041691,11087339614.56,False
2016-02-26,UVXY,745927141.1428572,2406451854.5856442,11379111709.68,False
2016-02-29,UVXY,767758212.6137567,2566835411.3819065,11712144505.12,False
2016-03-01,UVXY,636578588.4656085,2153125818.655192,9711000539.6,False
2016-03-02,UVXY,612235977.7989419,2094701545.0677242,9339654236.72,False
2016-03-03,UVXY,571471764.6984128,1977549739.4477828,8717796539.04,False
2016-03-04,UVXY,584415851.3227514,2045166336.4825978,8915258462.0,False
2016-03-07,UVXY,586927390.5185186,2122722422.8136947,8953571969.44,False
2016-03-08,UVXY,631169119.4285715,2307380301.149495,9628479138.960001,False
2016-03-09,UVXY,615133907.6402117,2272783900.345158,9383862129.92,False
2016-03-10,UVXY,592336859.5555556,2211687423.217778,9036093370.08,False
2016-03-11,UVXY,533605481.4391535,2013234053.9640305,8140146734.56,False
2016-03-14,UVXY,515831511.74603176,2006611888.0780694,7869004989.6,False
2016-03-15,UVXY,529161989.0158731,2079134449.8317895,8072361298.32,False
2016-03-16,UVXY,491295705.7566138,1949541184.919182,7494711493.84,False
2016-03-17,UVXY,461543626.0529101,1849505578.5147347,7040843790.32,False
2016-03-18,UVXY,454009008.4656085,1837043946.1195335,6925903268.0,False
2016-03-21,UVXY,427927639.89417994,1781649480.260677,6528032229.2,False
2016-03-22,UVXY,416529115.8518519,1750459899.8000934,6354147849.28,False
2016-03-23,UVXY,455554571.04761904,1932255606.443147,6949480811.04,False
2016-03-24,UVXY,450724687.978836,1929372384.6614053,6875800989.04,False
2016-03-28,UVXY,439132968.61375666,1948353810.7811797,6698969416.24,False
2016-03-29,UVXY,388515794.0529101,1738947927.7482827,5926804881.68,False
2016-03-30,UVXY,369196261.7777778,1666895001.1509285,5632085593.68,False
2016-03-31,UVXY,373446558.8783069,1700669661.1049209,5696923837.04,False
2016-04-01,UVXY,352001878.0529101,1616758279.5220945,5369785427.36,False
2016-04-04,UVXY,370355433.71428573,1744449310.805636,5649768750.96,False
2016-04-05,UVXY,412858404.7195767,1960771026.266647,6298151184.56,False
2016-04-06,UVXY,360888862.8994709,1728048702.3055842,5505356299.84,False
2016-04-07,UVXY,426382077.3121693,2058302942.1535046,6504454686.16,False
2016-04-08,UVXY,404164615.1957672,1966835645.5701756,6165527504.96,False
2016-04-11,UVXY,416722311.1746032,2076771677.09381,6357095042.16,False
2016-04-12,UVXY,387936208.0846561,1948464402.0035613,5917963303.04,False
2016-04-13,UVXY,348910752.8888889,1766080169.8551235,5322630341.28,False
2016-04-14,UVXY,346399213.69312173,1766896063.3244154,5284316833.84,False
2016-04-15,UVXY,336932642.8783069,1731768271.4350724,5139904382.72,False
2016-04-18,UVXY,294236476.55026454,1546792291.580898,4488574756.24,False
2016-04-19,UVXY,301191508.1693122,1595117648.1489716,4594673699.92,False
2016-04-20,UVXY,304475828.65608466,1624402723.6556864,4644775978.88,False
2016-04-21,UVXY,315874352.6984127,1697551154.5706809,4818660358.8,False
2016-04-22,UVXY,299645945.5873016,1622040120.5902467,4571096156.88,False
2016-04-25,UVXY,306987367.8518519,1697748589.0636468,4683089486.32,False
2016-04-26,UVXY,294429671.8730159,1639798977.1823232,4491521949.12,False
2016-04-27,UVXY,275882920.8888889,1547279097.290618,4208591432.64,False
2016-04-28,UVXY,308532930.43386245,1742445143.5084116,4706667029.36,False
2016-04-29,UVXY,328818439.32275134,1869849839.5760934,5016122281.76,False
2016-05-02,UVXY,290758960.7407408,1687488434.1930392,4435525284.4,False
2016-05-03,UVXY,316067548.02116406,1846716754.7436178,4821607551.68,False
2016-05-04,UVXY,324374946.8994709,1907923542.3174605,4948336845.52,False
2016-05-05,UVXY,323795360.93121696,1917160259.971071,4939495266.88,False
2016-05-06,UVXY,295009257.84126985,1758242113.4020338,4500363527.76,False
2016-05-09,UVXY,280905999.2804233,1707099473.9958892,4285218447.52,False
2016-05-10,UVXY,253665458.77248678,1551462285.7298684,3869664251.44,False
2016-05-11,UVXY,270087061.2063492,1662447864.5609848,4120175646.2400002,False
2016-05-12,UVXY,263325224.91005293,1631111315.8154857,4017023895.44,False
2016-05-13,UVXY,282644757.1851852,1761820617.7828434,4311743183.440001,False
2016-05-16,UVXY,256949779.25925928,1631760450.235373,3919766530.4,False
2016-05-17,UVXY,279940022.6666667,1788693062.509297,4270482483.12,False
2016-05-18,UVXY,277814874.11640215,1785964298.0560737,4238063361.44,False
2016-05-19,UVXY,280519608.63492066,1814307618.0527596,4279324061.76,False
2016-05-20,UVXY,260813685.71428573,1697042274.8164384,3978710388.0,False
2016-05-23,UVXY,258108951.19576722,1709684474.6306427,3937449687.6800003,False
2016-05-24,UVXY,235698293.75661376,1570443959.1738496,3595575313.6,False
2016-05-25,UVXY,226811308.91005293,1520088561.7940319,3460004441.12,False
2016-05-26,UVXY,221981425.84126985,1496388136.559005,3386324619.12,False
2016-05-27,UVXY,209616925.1851852,1421224946.3988638,3197704274.8,False
2016-05-31,UVXY,209616925.1851852,1453971109.1343684,3197704274.8,False
2016-06-01,UVXY,206139409.37566137,1437900656.5493705,3144654802.96,False
2016-06-02,UVXY,195127275.978836,1368707495.3061218,2976664808.8,False
2016-06-03,UVXY,193002127.42857143,1361338433.5989041,2944245687.12,False
2016-06-06,UVXY,188172244.35978836,1349317976.0861266,2870565865.12,False
2016-06-07,UVXY,189138220.97354499,1363631409.3540556,2885301829.52,False
2016-06-08,UVXY,190297392.91005293,1379420721.738523,2902984986.8,False
2016-06-09,UVXY,197638815.1746032,1440355690.9870112,3014978316.2400002,False
2016-06-10,UVXY,233573145.20634922,1711360689.2272027,3563156191.92,False
2016-06-13,UVXY,303316656.7195767,2257900402.4874396,4627092821.6,False
2016-06-14,UVXY,289986179.44973546,2169993180.4070616,4423736512.88,False
2016-06-15,UVXY,284576710.41269845,2140627705.2213545,4341215112.24,False
2016-06-16,UVXY,269314279.91534394,2036339474.236391,4108386874.7200003,False
2016-06-17,UVXY,268927889.2698413,2043920813.5099423,4102492488.96,False
2016-06-20,UVXY,230868410.6878307,1781708569.3642504,3521895491.6,False
2016-06-21,UVXY,233186754.56084657,1808707258.4694865,3557261806.16,False
2016-06-22,UVXY,249608356.994709,1945829405.898711,3807773200.96,False
2016-06-23,UVXY,200923135.66137567,1574149314.8922231,3065080595.2000003,False
2016-06-24,UVXY,288827007.5132275,2274119712.3441095,4406053355.6,False
2016-06-27,UVXY,284383515.0899471,2272452853.074439,4338267919.36,False
2016-06-28,UVXY,220822253.9047619,1773171452.338578,3368641461.84,False
2016-06-29,UVXY,194934080.65608466,1572906189.923944,2973717615.92,False
2016-06-30,UVXY,182183189.35449737,1477135476.3691864,2779202885.84,False
2016-07-01,UVXY,170977860.63492066,1392960530.1807003,2608265698.8,False
2016-07-05,UVXY,176966915.64021164,1469399106.2600484,2699628678.08,False
2016-07-06,UVXY,167886735.4708995,1400560951.6978333,2561110612.7200003,False
2016-07-07,UVXY,160738508.52910054,1347205927.3845525,2452064476.16,False
2016-07-08,UVXY,141418976.25396827,1190805223.5475192,2157345188.16,False
2016-07-11,UVXY,141612171.57671958,1209023898.772372,2160292381.04,False
2016-07-12,UVXY,135236725.92592594,1159874721.1981735,2063035016.0,False
2016-07-13,UVXY,130986428.82539684,1128537160.4523768,1998196772.64,False
2016-07-14,UVXY,130213647.53439154,1126964588.0899513,1986408001.1200001,False
2016-07-15,UVXY,129247670.92063493,1123652054.6534429,1971672036.72,False
2016-07-18,UVXY,124417787.85185187,1096239391.6152208,1897992214.72,False
2016-07-19,UVXY,123838201.8835979,1095969158.797233,1889150636.08,False
2016-07-20,UVXY,117462756.23280424,1044133890.4548688,1791893271.04,False
2016-07-21,UVXY,123838201.8835979,1105642103.642145,1889150636.08,False
2016-07-22,UVXY,117849146.87830688,1056773683.9304312,1797787656.8,False
2016-07-25,UVXY,116689974.94179896,1060051088.8806692,1780104499.52,False
2016-07-26,UVXY,114487548.26243387,1044514786.9049482,1746506500.688,False
2016-07-27,UVXY,109155357.35449736,1000130156.1153468,1665163977.2,False
2016-07-28,UVXY,105252811.83492064,968483914.6560347,1605630681.024,False
2016-07-29,UVXY,97950028.63492064,905112759.2699666,1494226790.16,False
2016-08-01,UVXY,94395234.6962963,883324237.9427198,1439998441.168,False
2016-08-02,UVXY,101659378.83174604,955270353.1994572,1550812893.456,False
2016-08-03,UVXY,96752217.63386244,912937496.9783821,1475954194.3040001,False
2016-08-04,UVXY,91458665.7904762,866560337.7398753,1395201109.392,False
2016-08-05,UVXY,85121859.20423281,809844238.8529485,1298533182.928,False
2016-08-08,UVXY,81296591.81375661,782975934.3670272,1240178763.904,False
2016-08-09,UVXY,78630496.35978836,760369387.5588211,1199507502.16,False
2016-08-10,UVXY,82378485.62116402,799830311.7187433,1256683044.032,False
2016-08-11,UVXY,81528426.20105821,794760977.1369567,1243715395.3600001,False
2016-08-12,UVXY,79982863.61904763,782818130.626484,1220137852.32,False
2016-08-15,UVXY,77432685.35873017,766931058.990296,1181234906.3040001,False
2016-08-16,UVXY,82880793.46031746,824128667.4922826,1264345745.52,False
2016-08-17,UVXY,78475940.10158731,783393681.9742309,1197149747.856,False
2016-08-18,UVXY,75771205.58306879,759352634.3258828,1155889047.536,False
2016-08-19,UVXY,76312152.48677249,767754169.3258649,1164141187.6,False
2016-08-22,UVXY,76930377.51957673,782987444.4090548,1173572204.816,False
2016-08-23,UVXY,76543986.87407407,782044218.0930728,1167677819.056,False
2016-08-24,UVXY,79866946.42539683,819113833.7390542,1218369536.592,False
2016-08-25,UVXY,79866946.42539683,822233018.9175929,1218369536.592,False
2016-08-26,UVXY,80485171.45820107,831740997.1612201,1227800553.808,False
2016-08-29,UVXY,77239490.03597884,807249544.994612,1178287713.424,False
2016-08-30,UVXY,75925761.84126985,796484700.7993286,1158246801.84,False
2016-08-31,UVXY,76698543.13227513,807586859.2297132,1170035573.3600001,False
2016-09-01,UVXY,75848483.71216932,801598519.435672,1157067924.688,False
2016-09-02,UVXY,70593570.93333334,748819417.577147,1076904278.352,False
2016-09-06,UVXY,66845581.67195768,719505276.7459593,1019728736.48,False
2016-09-07,UVXY,64913628.44444445,701245513.3434155,990256807.6800001,False
2016-09-08,UVXY,65415936.28359789,709226622.2202262,997919509.168,False
2016-09-09,UVXY,86628782.72169313,942595368.1507002,1321521287.392,False
2016-09-12,UVXY,74959785.22751324,824409290.3409286,1143510837.44,False
2016-09-13,UVXY,95168015.98730159,1050376601.061492,1451787212.688,False
2016-09-14,UVXY,94665708.14814815,1048529738.7984982,1444124511.2,False
2016-09-15,UVXY,87440203.07724868,971914058.563234,1333899497.488,False
2016-09-16,UVXY,85315054.52698413,951624598.4531872,1301480375.808,False
2016-09-19,UVXY,80871562.10370371,911536077.9204432,1233694939.568,False
2016-09-20,UVXY,79557833.90899472,899835629.0755739,1213654027.984,False
2016-09-21,UVXY,67231972.31746033,763050204.4530028,1025623122.24,False
2016-09-22,UVXY,62595284.571428575,712870696.8287437,954890493.12,False
2016-09-23,UVXY,63715817.44338625,728120368.949205,971984211.824,False
2016-09-26,UVXY,70632209.9978836,815433872.6585177,1077493716.928,False
2016-09-27,UVXY,63290787.733333334,733150517.9621407,965500387.488,False
2016-09-28,UVXY,61938420.47407408,719903899.3350818,944870037.3280001,False
2016-09-29,UVXY,69550316.1904762,811092452.9751337,1060989436.8000001,False
2016-09-30,UVXY,64334042.47619048,752773070.1980639,981415229.04,False
2016-10-03,UVXY,63561261.18518519,751177862.2392775,969626457.52,False
2016-10-04,UVXY,63329426.7978836,750911319.9375558,966089826.064,False
2016-10-05,UVXY,62363450.18412699,741893107.1783313,951353861.664,False
2016-10-06,UVXY,61165639.18306879,730032421.2515092,933081265.808,False
2016-10-07,UVXY,61397473.570370376,735197306.6057401,936617897.264,False
2016-10-10,UVXY,58692739.051851854,709686454.2336876,895357196.944,False
2016-10-11,UVXY,64990906.57354498,788379295.0767223,991435684.832,False
2016-10-12,UVXY,65338658.154497355,795149519.8651543,996740632.016,False
2016-10-13,UVXY,69434398.9968254,847705054.4367572,1059221121.072,False
2016-10-14,UVXY,67927475.47936508,831960340.8082606,1036233016.608,False
2016-10-17,UVXY,67270611.38201058,831796932.7115748,1026212560.816,False
2016-10-18,UVXY,61899781.409523815,767804435.2835047,944280598.752,False
2016-10-19,UVXY,58963212.503703706,733682050.7513279,899483266.9760001,False
2016-10-20,UVXY,57379010.85714286,716210678.5388962,875316285.36,False
2016-10-21,UVXY,54983388.85502646,688455643.4137311,838771093.648,False
2016-10-24,UVXY,51119482.400000006,646064442.9126137,779827236.048,False
2016-10-25,UVXY,51969541.82010582,658837425.4559095,792794884.72,False
2016-10-26,UVXY,54596998.20952381,694278951.3699151,832876707.888,False
2016-10-27,UVXY,56567590.5015873,721547086.1549742,862938075.264,False
2016-10-28,UVXY,61358834.50582011,785058085.199021,936028458.688,False
2016-10-31,UVXY,64102208.08888889,827668780.1327488,977878597.584,False
2016-11-01,UVXY,67888836.41481481,879211989.661003,1035643578.0320001,False
2016-11-02,UVXY,70786766.25608467,919506942.7700738,1079851471.232,False
2016-11-03,UVXY,78746413.55343916,1025976705.430274,1201275817.888,False
2016-11-04,UVXY,78785052.61798942,1029557060.805434,1201865256.464,False
2016-11-07,UVXY,59117768.76190477,779472987.352715,901841021.28,False
2016-11-08,UVXY,55137945.11322752,729152061.7941475,841128847.952,False
2016-11-09,UVXY,52355932.46560847,694407078.0451124,798689270.48,False
2016-11-10,UVXY,54790193.53227513,728832981.9685856,835823900.768,False
2016-11-11,UVXY,52317293.401058204,697981080.1597694,798099831.904,False
2016-11-14,UVXY,51853624.62645503,697870526.688397,791026568.992,False
2016-11-15,UVXY,47526049.3968254,641484097.9081017,725009448.48,False
2016-11-16,UVXY,47873800.97777778,648047584.2497704,730314395.664,False
2016-11-17,UVXY,44859953.942857146,609002394.9274927,684338186.7360001,False
2016-11-18,UVXY,44512202.36190476,606019859.9301261,679033239.552,False
2016-11-21,UVXY,40571017.77777778,557115326.7346119,618910504.8000001,False
2016-11-22,UVXY,41189242.81058201,567213339.5233811,628341522.016,False
2016-11-23,UVXY,41305160.00423281,570422788.2196949,630109837.744,False
2016-11-25,UVXY,40841491.22962963,567209649.0071151,623036574.832,False
2016-11-28,UVXY,41536994.391534396,581735501.5455592,633646469.2,False
2016-11-29,UVXY,40918769.35873016,574675185.7884291,624215451.984,False
2016-11-30,UVXY,40957408.423280425,576817426.2747902,624804890.5600001,False
2016-12-01,UVXY,44164450.78095239,623708151.529577,673728292.368,False
2016-12-02,UVXY,44203089.845502645,625980169.4350742,674317730.944,False
2016-12-05,UVXY,38368591.0984127,547850593.990631,585312505.968,False
2016-12-06,UVXY,35586578.450793654,509517113.69850695,542872928.496,False
2016-12-07,UVXY,35818412.83809524,514235323.28454846,546409559.952,False
2016-12-08,UVXY,35972969.096296296,517859161.94500417,548767314.256,False
2016-12-09,UVXY,35316104.9989418,509782349.3605309,538746858.464,False
2016-12-12,UVXY,35741134.70899471,520105170.83934766,545230682.8,False
2016-12-13,UVXY,36436637.870899476,531649160.81717616,555840577.168,False
2016-12-14,UVXY,36204803.48359788,529680421.66911113,552303945.712,False
2016-12-15,UVXY,35084270.611640215,514657105.5122592,535210227.008,False
2016-12-16,UVXY,34195572.12698413,502956137.1658569,521653139.76,False
2016-12-19,UVXY,31799950.124867726,471446611.12428916,485107948.04800004,False
2016-12-20,UVXY,30563500.059259262,454309409.13499343,466245913.616,False
2016-12-21,UVXY,29636162.510052912,441682486.3466917,452099387.792,False
2016-12-22,UVXY,30486221.93015873,455541977.515313,465067036.464,False
2016-12-23,UVXY,30254387.542857144,453259358.0977096,461530405.008,False
2016-12-27,UVXY,29481606.251851853,446287441.48331934,449741633.48800004,False
2016-12-28,UVXY,31529476.673015874,478519125.1319288,480981878.01600003,False
2016-12-29,UVXY,32379536.093121696,492684951.3713017,493949526.688,False
2016-12-30,UVXY,515758754.0,515758754.0,515758754.0,True
2017-01-03,UVXY,442078932.0,500835855.5658641,5788958976.493634,False
2017-01-04,UVXY,396692161.648,462597844.2477109,5194625854.906955,False
2017-01-05,UVXY,393744968.768,472244218.65199447,5156032795.0636635,False
2017-01-06,UVXY,383724512.976,472976279.87254757,5024816391.596475,False
2017-01-09,UVXY,381956197.248,508871152.15026647,5001660555.6905,False
2017-01-10,UVXY,376061811.48800004,513513841.3497448,4924474436.003918,False
2017-01-11,UVXY,360736408.512,504573357.4012354,4723790524.818806,False
2017-01-12,UVXY,359793306.7904,515209286.75034827,4711440745.668952,False
2017-01-13,UVXY,361090071.6576,529064364.74769235,4728421692.0,False
2017-01-17,UVXY,358378654.208,572723911.3762722,4692916076.944173,False
2017-01-18,UVXY,355903012.18880004,580593405.0329021,4660497906.675808,False
2017-01-19,UVXY,363212050.5312,604585492.5397698,4756208695.08717,False
2017-01-20,UVXY,334801111.168,568418639.2658757,4384171598.197845,False
2017-01-23,UVXY,329496163.984,592257126.1705443,4314704090.479922,False
2017-01-24,UVXY,298727470.3168,546877544.1766328,3911792545.715965,False
2017-01-25,UVXY,284109393.632,529556649.007803,3720370968.8932424,False
2017-01-26,UVXY,287763912.8032,545930083.5668937,3768226363.0989227,False
2017-01-27,UVXY,280926425.3216,542292889.8555145,3678690464.262488,False
2017-01-30,UVXY,297077042.304,603083100.2350203,3890180432.203722,False
2017-01-31,UVXY,293776186.2784,606143660.4674845,3846956205.1792364,False
2017-02-01,UVXY,284580944.4928,596627214.1663911,3726545858.4681687,False
2017-02-02,UVXY,288471239.0944,614368474.2165841,3777488697.461313,False
2017-02-03,UVXY,277389793.8656,599984889.8833826,3632378792.450539,False
2017-02-06,UVXY,276682467.5744,626035466.5840771,3623116458.088149,False
2017-02-07,UVXY,280808537.6064,644701916.6345097,3677146741.8687563,False
2017-02-08,UVXY,278450783.3024,648541059.2025894,3646272293.9941235,False
2017-02-09,UVXY,267015674.928,630779788.7242647,3496531221.802155,False
2017-02-10,UVXY,258291984.0032,618753958.6950631,3382295764.6660137,False
2017-02-13,UVXY,242023479.30560002,603907371.547757,3169262074.331048,False
2017-02-14,UVXY,221039466.0,558891776.5037187,2894479488.246817,False
2017-02-15,UVXY,233535563.8112,598247622.640994,3058114061.9823704,False
2017-02-16,UVXY,237072195.2672,615184749.7982488,3104425733.7943196,False
2017-02-17,UVXY,238722623.28,627399672.6681911,3126037847.3065624,False
2017-02-21,UVXY,243909682.7488,673450213.9129307,3193961632.6307545,False
2017-02-22,UVXY,246031661.62240002,687484179.7574502,3221748635.7179236,False
2017-02-23,UVXY,258999310.2944,732325500.8998126,3391558099.0284038,False
2017-02-24,UVXY,252751261.3888,723057346.1229273,3309740812.160627,False
2017-02-27,UVXY,249921956.224,739876356.1985523,3272691474.7110677,False
2017-02-28,UVXY,262889604.896,787001363.1035079,3442500938.021548,False
2017-03-01,UVXY,251572384.23680001,761480635.4543197,3294303588.2233105,False
2017-03-02,UVXY,252633373.67360002,773086534.1070733,3308197089.7668953,False
2017-03-03,UVXY,237307970.6976,734074256.6775547,3107513178.581783,False
2017-03-06,UVXY,228702167.488,730251267.0462161,2994821443.8393736,False
2017-03-07,UVXY,228702167.488,737850495.827401,2994821443.8393736,False
2017-03-08,UVXY,231767248.0832,755440287.9280827,3034958226.076396,False
2017-03-09,UVXY,229763156.9248,756542479.4621981,3008714945.382958,False
2017-03-10,UVXY,222807781.72800002,741043847.5789214,2917635324.1527915,False
2017-03-13,UVXY,213966203.088,732966108.9452777,2801856144.622919,False
2017-03-14,UVXY,221864680.00640002,767395295.4177842,2905285545.0029383,False
2017-03-15,UVXY,205360399.8784,717133204.1370764,2689164409.8805094,False
2017-03-16,UVXY,196872484.384,694034400.3159649,2578016397.5318317,False
2017-03-17,UVXY,192392751.2064,684634754.0717832,2519354946.5700297,False
2017-03-20,UVXY,192746414.352,705106787.846335,2523986113.7512245,False
2017-03-21,UVXY,207010827.8912,764167479.9121499,2710776523.392752,False
2017-03-22,UVXY,209014919.0496,778510525.0193813,2737019804.08619,False
2017-03-23,UVXY,223632995.7344,840388753.8923246,2928441380.908913,False
2017-03-24,UVXY,214791417.09440002,814300059.6216247,2812662201.3790402,False
2017-03-27,UVXY,206421389.3152,803144953.6654028,2703057911.424094,False
2017-03-28,UVXY,184258498.8576,723035985.1871476,2412838101.402547,False
2017-03-29,UVXY,182608070.8448,722627286.8257061,2391225987.8903036,False
2017-03-30,UVXY,184376386.5728,735751357.3148688,2414381823.7962785,False
2017-03-31,UVXY,190624435.4784,767018104.2748138,2496199110.664055,False
2017-04-03,UVXY,192392751.2064,793311559.8992054,2519354946.5700297,False
2017-04-04,UVXY,187795130.3136,780593732.169603,2459149773.2144957,False
2017-04-05,UVXY,199701789.5488,836720852.0804724,2615065734.981391,False
2017-04-06,UVXY,192156975.776,811494121.442585,2516267501.782566,False
2017-04-07,UVXY,206303501.6,878090994.3697131,2701514189.0303626,False
2017-04-10,UVXY,221039466.0,962845626.0190344,2894479488.246817,False
2017-04-11,UVXY,241080377.584,1058154156.6909064,3156912295.1811953,False
2017-04-12,UVXY,243556019.60320002,1077113074.33445,3189330465.4495597,False
2017-04-13,UVXY,252987036.8192,1127227385.4274542,3312828256.94809,False
2017-04-17,UVXY,227051739.4752,1041845749.9477508,2973209330.3271303,False
2017-04-18,UVXY,223515108.0192,1033044498.1402493,2926897658.5151815,False
2017-04-19,UVXY,234007114.672,1089312065.379095,3064288951.5572968,False
2017-04-20,UVXY,221982567.7216,1040713292.0730636,2906829267.3966703,False
2017-04-21,UVXY,223868771.16480002,1056994941.7899005,2931528825.6963763,False
2017-04-24,UVXY,176006358.7936,848557691.5696691,2304777533.841332,False
2017-04-25,UVXY,167636331.0144,813774468.0834944,2195173243.886386,False
2017-04-26,UVXY,170819299.3248,834901800.8509095,2236853748.5171404,False
2017-04-27,UVXY,167400555.584,823754563.0970794,2192085799.0989227,False
2017-04-28,UVXY,167164780.1536,828148833.2436694,2188998354.3114595,False
2017-05-01,UVXY,154432906.912,780468341.8650936,2022276335.7884429,False
2017-05-02,UVXY,155258120.9184,789797641.2755929,2033082392.5445642,False
2017-05-03,UVXY,161388282.1088,826344303.2319218,2113355957.0186093,False
2017-05-04,UVXY,153489805.1904,791002425.8800256,2009926556.6385899,False
2017-05-05,UVXY,155022345.488,804051323.196535,2029994947.757101,False
2017-05-08,UVXY,147241756.2848,778373375.0751727,1928109269.770813,False
2017-05-09,UVXY,146534429.9936,779503181.9274654,1918846935.4084232,False
2017-05-10,UVXY,147477531.7152,789420424.4416918,1931196714.5582764,False
2017-05-11,UVXY,146652317.70880002,789876111.3690276,1920390657.8021548,False
2017-05-12,UVXY,146298654.5632,792832421.5843046,1915759490.62096,False
2017-05-15,UVXY,139814830.2272,771631946.4591745,1830854758.96572,False
2017-05-16,UVXY,137103412.7776,761223372.0224464,1795349143.9098923,False
2017-05-17,UVXY,186852028.592,1043645488.0294304,2446799994.0646424,False
2017-05-18,UVXY,178364113.0976,1002163601.3886788,2335651981.715965,False
2017-05-19,UVXY,152664591.18400002,862839940.6834109,1999120499.8824682,False
2017-05-22,UVXY,138400177.6448,796015500.4504266,1812330090.2409403,False
2017-05-23,UVXY,137928626.784,797886392.2757856,1806155200.6660137,False
2017-05-24,UVXY,130973251.5872,762003025.043392,1715075579.4358473,False
2017-05-25,UVXY,133566781.3216,781530300.1494739,1749037472.0979433,False
2017-05-26,UVXY,129087048.14400001,759607594.9292878,1690376021.136141,False
2017-05-30,UVXY,127200844.7008,765414631.3449782,1665676462.836435,False
2017-05-31,UVXY,129558599.0048,783907036.8601645,1696550910.7110677,False
2017-06-01,UVXY,123428437.8144,750917127.3436892,1616277346.2370226,False
2017-06-02,UVXY,123899988.6752,757902862.4638247,1622452235.8119493,False
2017-06-05,UVXY,124725202.6816,775383705.7370282,1633258292.5680707,False
2017-06-06,UVXY,130619588.44160001,816367726.2505623,1710444412.2546525,False
2017-06-07,UVXY,127908170.992,803671548.9230032,1674938797.198825,False
2017-06-08,UVXY,122013785.23200001,770690221.3991398,1597752677.512243,False
2017-06-09,UVXY,125432528.9728,796452264.607919,1642520626.9304605,False
2017-06-12,UVXY,128497609.568,828723453.3435912,1682657409.1674829,False
2017-06-13,UVXY,119538143.2128,774912868.6664482,1565334507.2438786,False
2017-06-14,UVXY,118477153.77600001,771971657.6755406,1551441005.700294,False
2017-06-15,UVXY,121542234.3712,795981622.9578524,1591577787.9373164,False
2017-06-16,UVXY,119184480.0672,784500876.9881924,1560703340.0626838,False
2017-06-19,UVXY,111639666.2944,745967661.7267557,1461905106.863859,False
2017-06-20,UVXY,118005602.9152,792425405.8606638,1545266116.1253674,False
2017-06-21,UVXY,115529960.896,779639882.3197734,1512847945.857003,False
2017-06-22,UVXY,113525869.7376,769887711.5071548,1486604665.1635652,False
2017-06-23,UVXY,111050227.7184,756788817.7072465,1454186494.895201,False
2017-06-26,UVXY,106452606.8256,736068296.9879735,1393981321.5396671,False
2017-06-27,UVXY,113525869.7376,788748683.9717972,1486604665.1635652,False
2017-06-28,UVXY,106806269.9712,745611542.9792746,1398612488.720862,False
2017-06-29,UVXY,117769827.4848,826061038.3018656,1542178671.3379042,False
2017-06-30,UVXY,114822634.6048,809204123.0497066,1503585611.4946132,False
2017-07-03,UVXY,117887715.2,842556439.1789907,1543722393.7316358,False
2017-07-05,UVXY,117416164.3392,846989132.8718215,1537547504.1567092,False
2017-07-06,UVXY,129087048.14400001,935467067.161919,1690376021.136141,False
2017-07-07,UVXY,120363357.2192,876247676.1246154,1576140564.0,False
2017-07-10,UVXY,114586859.1744,845616999.4114549,1500498166.70715,False
2017-07-11,UVXY,113643757.4528,842433300.3378766,1488148387.5572968,False
2017-07-12,UVXY,107159933.1168,797929829.3265249,1403243655.902057,False
2017-07-13,UVXY,104920066.528,784737672.1850477,1373912930.421156,False
2017-07-14,UVXY,100911884.2112,758111991.4236279,1321426369.0342803,False
2017-07-17,UVXY,95665880.8848,728237044.3025365,1252730722.5132225,False
2017-07-18,UVXY,93308126.5808,713389526.6125525,1221856274.6385896,False
2017-07-19,UVXY,91068259.992,699290554.2840424,1192525549.1576886,False
2017-07-20,UVXY,89653607.4096,691406764.4170407,1174000880.432909,False
2017-07-21,UVXY,87796875.8952,680004970.669366,1149687252.7316358,False
2017-07-24,UVXY,84584435.656,663555574.8328364,1107620817.5024486,False
2017-07-25,UVXY,85586481.2352,674260347.0568793,1120742457.8491676,False
2017-07-26,UVXY,85792784.7368,678736320.3375988,1123443972.038198,False
2017-07-27,UVXY,87119021.5328,692123394.9775518,1140810848.9676788,False
2017-07-28,UVXY,88975753.04720001,709830785.9059031,1165124476.668952,False
2017-07-31,UVXY,87767403.9664,708939724.2123588,1149301322.1332028,False
2017-08-01,UVXY,85350705.8048,692254886.4448482,1117655013.0617044,False
2017-08-02,UVXY,86293807.5264,702771449.5794462,1130004792.2115574,False
2017-08-03,UVXY,88474730.2576,723472554.6186067,1158563656.4955926,False
2017-08-04,UVXY,87796875.8952,720846908.2399982,1149687252.7316358,False
2017-08-07,UVXY,85586481.2352,711230203.364521,1120742457.8491676,False
2017-08-08,UVXY,90508293.3448,755138213.5421313,1185192867.7874634,False
2017-08-09,UVXY,95194330.024,797398323.559642,1246555832.9382958,False
2017-08-10,UVXY,120628604.5784,1014457532.221454,1579613939.3858962,False
2017-08-11,UVXY,126994541.1992,1072213253.4750183,1662974948.6474047,False
2017-08-14,UVXY,93396542.3672,797855822.4857117,1223014066.4338884,False
2017-08-15,UVXY,92040833.6424,789332748.3679358,1205261258.9059746,False
2017-08-16,UVXY,90979844.20560001,783256855.5047892,1191367757.3623898,False
2017-08-17,UVXY,121276987.01200001,1048118492.1605347,1588104412.5514202,False
2017-08-18,UVXY,114852106.5336,996408671.4078639,1503971542.0930462,False
2017-08-21,UVXY,105715808.6056,927684039.4455429,1384333056.5788443,False
2017-08-22,UVXY,90243045.9856,794905037.490414,1181719492.4015672,False
2017-08-23,UVXY,91628226.6392,810150976.4132013,1199858230.5279138,False
2017-08-24,UVXY,96491094.8912,856353257.5220244,1263536779.2693439,False
2017-08-25,UVXY,91009316.1344,810726790.0209072,1191753687.9608228,False
2017-08-28,UVXY,89594663.552,807055871.573578,1173229019.2360432,False
2017-08-29,UVXY,91922945.9272,831083085.8216516,1203717536.512243,False
2017-08-30,UVXY,90803012.6328,823974842.7338308,1189052173.7717924,False
2017-08-31,UVXY,85881200.5232,782166413.2916406,1124601763.8334966,False
2017-09-01,UVXY,85291761.9472,779632120.5456105,1116883151.8648384,False
2017-09-05,UVXY,94604891.448,877335248.7306587,1238837220.9696376,False
2017-09-06,UVXY,90331461.772,840706339.8110563,1182877284.1968658,False
2017-09-07,UVXY,89624135.4808,837101317.9059997,1173614949.834476,False
2017-09-08,UVXY,93809149.3704,879306957.7530109,1228417094.8119493,False
2017-09-11,UVXY,83140311.1448,787591757.0068363,1088710218.1792362,False
2017-09-12,UVXY,78984769.184,750850604.5184674,1034294003.8001959,False
2017-09-13,UVXY,73355630.7832,699775923.5856498,960581259.4995103,False
2017-09-14,UVXY,75448137.728,722244352.341032,987982331.9882469,False
2017-09-15,UVXY,72766192.2072,698988670.0336447,952862647.5308522,False
2017-09-18,UVXY,66341311.7288,643884657.6629858,868729777.072478,False
2017-09-19,UVXY,66547615.2304,648098183.3517777,871431291.2615083,False
2017-09-20,UVXY,66636031.0168,651173409.4194425,872589083.0568072,False
2017-09-21,UVXY,66547615.2304,652520621.1321685,871431291.2615083,False
2017-09-22,UVXY,67402301.1656,663140707.7640151,882623278.6160628,False
2017-09-25,UVXY,67343357.308,669273764.3681978,881851417.419197,False
2017-09-26,UVXY,65899232.7968,657111397.7165247,862940818.0959843,False
2017-09-27,UVXY,64956131.0752,649865636.6604263,850591038.9461313,False
2017-09-28,UVXY,63217287.276,634569612.0304626,827821133.6385896,False
2017-09-29,UVXY,60712173.328,611440817.9108442,795017032.7717924,False
2017-10-02,UVXY,58295475.1664,592912971.3074844,763370723.7002939,False
2017-10-03,UVXY,57794452.3768,589737529.2135781,756809903.5269344,False
2017-10-04,UVXY,58207059.38,595881874.1106281,762212931.9049952,False
2017-10-05,UVXY,54257820.9208,557255278.6449146,710498231.7149854,False
2017-10-06,UVXY,54287292.8496,559361807.8217679,710884162.3134183,False
2017-10-09,UVXY,56527159.4384,588075585.6052274,740214887.7943194,False
2017-10-10,UVXY,54051517.4192,564116453.7662287,707796717.525955,False
2017-10-11,UVXY,51723235.044,541535639.1199347,677308200.2497551,False
2017-10-12,UVXY,51163268.396800004,537372893.7760878,669975518.87953,False
2017-10-13,UVXY,49277064.953600004,519199271.12043023,645275960.5798237,False
2017-10-16,UVXY,47567693.0832,505930453.8205059,622891985.870715,False
2017-10-17,UVXY,47803468.5136,510026559.1291832,625979430.6581783,False
2017-10-18,UVXY,47361389.5816,506883620.2772723,620190471.6816846,False
2017-10-19,UVXY,46654063.2904,500863688.8136588,610928137.3192948,False
2017-10-20,UVXY,44974163.3488,484323183.62019235,588930093.208619,False
2017-10-23,UVXY,47862412.3712,520197569.5324684,626751291.8550441,False
2017-10-24,UVXY,48805514.0928,532069459.0373192,639101071.0048972,False
2017-10-25,UVXY,52017954.332,568819371.965855,681167506.2340842,False
2017-10-26,UVXY,51723235.044,567315239.3344575,677308200.2497551,False
2017-10-27,UVXY,46035152.7856,506456364.41183,602823594.7522037,False
2017-10-30,UVXY,46713007.148,518570274.66426605,611699998.5161606,False
2017-10-31,UVXY,45150994.9216,502730330.01136106,591245676.7992165,False
2017-11-01,UVXY,45534129.996,508509309.23322624,596262774.5788443,False
2017-11-02,UVXY,44591028.2744,499458731.3415964,583912995.4289912,False
2017-11-03,UVXY,44325780.9152,497960567.86957276,580439620.043095,False
2017-11-06,UVXY,43500566.9088,493026286.3418,569633563.2869736,False
2017-11-07,UVXY,43972117.769600004,499831833.5630001,575808452.8619001,False
2017-11-08,UVXY,44119477.4136,502972858.46268094,577738105.8540647,False
2017-11-09,UVXY,45268882.6368,517580537.02864206,592789399.1929481,False
2017-11-10,UVXY,47331917.6528,542740918.6983832,619804541.0832517,False
2017-11-13,UVXY,47803468.5136,552913237.6399075,625979430.6581783,False
2017-11-14,UVXY,48363435.1608,560997028.3497163,633312112.0284035,False
2017-11-15,UVXY,52047426.260800004,605459303.6864854,681553436.8325171,False
2017-11-16,UVXY,47803468.5136,557678424.141099,625979430.6581783,False
2017-11-17,UVXY,46329872.0736,542026782.0446559,606682900.7365328,False
2017-11-20,UVXY,43353207.2648,511523477.82730806,567703910.2948091,False
2017-11-21,UVXY,40052351.2392,473907599.157184,524479683.2703232,False
2017-11-22,UVXY,39227137.2328,465446922.9333999,513673626.5142018,False
2017-11-24,UVXY,38961889.8736,464888870.2384301,510200251.1283056,False
2017-11-27,UVXY,38814530.2296,466999735.0234781,508270598.13614106,False
2017-11-28,UVXY,37724068.864,455133253.87589866,493991165.99412346,False
2017-11-29,UVXY,39403968.8056,476710206.7010191,515989210.1047993,False
2017-11-30,UVXY,39639744.236,480879758.1641537,519076654.8922625,False
2017-12-01,UVXY,41820666.9672,508726684.39098257,547635519.1762978,False
2017-12-04,UVXY,41172284.5336,504943620.08514374,539145046.0107738,False
2017-12-05,UVXY,40818621.388000004,501962543.17409015,534513878.8295789,False
2017-12-06,UVXY,40671261.744,501501813.2710722,532584225.8374143,False
2017-12-07,UVXY,38107203.9384,471151606.31117505,499008263.77375126,False
2017-12-08,UVXY,35543146.1328,440631004.27293694,465432301.7100882,False
2017-12-11,UVXY,33185391.8288,414709765.05490655,434557853.8354555,False
2017-12-12,UVXY,33303279.544,417289567.8675162,436101576.2291871,False
2017-12-13,UVXY,33155919.900000002,416544846.1672633,434171923.2370226,False
2017-12-14,UVXY,32772784.825600002,412820400.7060845,429154825.4573947,False
2017-12-15,UVXY,30562390.1656,385992813.6361063,400210030.57492656,False
2017-12-18,UVXY,29707704.2304,378159763.74540055,389018043.2203722,False
2017-12-19,UVXY,30002423.518400002,382908257.839693,392877349.2047013,False
2017-12-20,UVXY,29796120.0168,381265347.55690765,390175835.01567096,False
2017-12-21,UVXY,29383513.0136,376962052.931588,384772806.6376102,False
2017-12-22,UVXY,29648760.3728,381350077.7609928,388246182.0235064,False
2017-12-26,UVXY,29619288.444000002,384907716.0158888,387860251.4250735,False
2017-12-27,UVXY,29943479.6608,390115586.86307156,392105488.0078355,False
2017-12-28,UVXY,29029849.868,379177046.6278757,380141639.4564153,False
2017-12-29,UVXY,394035141.0,394035141.0,394035141.0,True
2018-01-02,UVXY,219512129.60888818,354860870.71162707,364704415.51909894,False
2018-01-03,UVXY,210220610.89528444,337483583.0490285,349267191.5817826,False
2018-01-04,UVXY,209059171.05608398,333275331.72180104,347337538.589618,False
2018-01-05,UVXY,208826883.08824387,330563928.76541245,346951607.9911851,False
2018-01-08,UVXY,203716547.79576182,315623069.2273731,338461134.8256611,False
2018-01-09,UVXY,208130019.1847236,320127684.5497374,345793816.19588643,False
2018-01-10,UVXY,203948835.76360193,311410137.35755324,338847065.424094,False
2018-01-11,UVXY,201393668.1173609,305250878.1733384,334601828.8413321,False
2018-01-12,UVXY,201393668.1173609,302993112.7373389,334601828.8413321,False
2018-01-16,UVXY,226480768.64409098,330580161.1516809,376282333.4720862,False
2018-01-17,UVXY,216956961.96264714,314246600.5888775,360459178.93633693,False
2018-01-18,UVXY,219047553.673208,314818994.78019077,363932554.32223314,False
2018-01-19,UVXY,216956961.96264714,309382118.657566,360459178.93633693,False
2018-01-22,UVXY,207200867.31336322,288501255.90840906,344250093.8021548,False
2018-01-23,UVXY,214866370.2520863,296765704.6952058,356985803.5504408,False
2018-01-24,UVXY,225319328.8048905,308676966.1824503,374352680.4799217,False
2018-01-25,UVXY,233681695.64713386,317513281.47838676,388246182.0235064,False
2018-01-26,UVXY,230429664.09737256,310511328.0972076,382843153.64544564,False
2018-01-29,UVXY,263182267.5628257,345795128.79886776,437259368.0244858,False
2018-01-30,UVXY,279442425.3116322,364026599.6215517,464274509.91478944,False
2018-01-31,UVXY,268292602.85530776,346494097.71466804,445749841.19000983,False
2018-02-01,UVXY,250871005.26730075,321182039.6063859,416805046.30754167,False
2018-02-02,UVXY,319628243.7479684,405626451.0818183,531040503.4436827,False
2018-02-05,UVXY,531242582.45029336,656310287.8652282,882623278.6160628,False
2018-02-06,UVXY,353542287.052622,432811467.9889832,587386370.8148874,False
2018-02-07,UVXY,433217060.021774,525493782.31086594,719760566.0773752,False
2018-02-08,UVXY,648315718.2417004,779141116.1352915,1077132300.2262487,False
2018-02-09,UVXY,542160116.9387778,645486088.0686377,900762016.7424095,False
2018-02-12,UVXY,495005659.46723884,572696748.299545,822418105.2605289,False
2018-02-13,UVXY,496167099.3064393,568478091.955614,824347758.2526935,False
2018-02-14,UVXY,383275146.93615395,434836572.1181497,636785487.4142997,False
2018-02-15,UVXY,365853549.348147,410969796.38239324,607840692.5318316,False
2018-02-16,UVXY,376074219.9331111,418234799.4127328,624821638.8628795,False
2018-02-20,UVXY,406968519.65584344,434342949.0251939,676150408.4544564,False
2018-02-21,UVXY,419512069.9192085,443027204.7370581,696990660.7698336,False
2018-02-22,UVXY,406039367.7844831,424247321.5659232,674606686.0607249,False
2018-02-23,UVXY,344250768.3390183,355828651.993521,571949146.877571,False
2018-02-26,UVXY,315679348.2946868,315679348.2946868,315679348.2946868,True
2014-12-31,VIXY,111459325.0,111459325.0,111459325.0,True
2015-01-02,VIXY,109441481.09814197,109733671.10687365,162766157.69167292,False
2015-01-05,VIXY,117619059.01619819,118404115.8688676,174928209.26106527,False
2015-01-06,VIXY,120167914.47117674,121130397.71682417,178718978.58139536,False
2015-01-07,VIXY,116185327.82277274,117271010.05803096,172795901.5183796,False
2015-01-08,VIXY,108751166.07908528,109912554.02257383,161739491.00075018,False
2015-01-09,VIXY,112999258.50404954,114356857.49658449,168057439.86796698,False
2015-01-12,VIXY,118362475.19056693,120258520.40006594,176033850.3128282,False
2015-01-13,VIXY,121760949.13053834,123873974.83900087,181088209.40660164,False
2015-01-14,VIXY,123938096.49833253,126254350.91980664,184326158.20105025,False
2015-01-15,VIXY,127761379.68080038,130319637.18083099,190012312.18154538,False
2015-01-16,VIXY,125053220.75988565,127724186.1963266,185984619.77869466,False
2015-01-20,VIXY,123938096.49833253,127247031.38615268,184326158.20105025,False
2015-01-21,VIXY,117937665.94807051,121243836.30160135,175402055.4261065,False
2015-01-22,VIXY,110503504.20438303,113748783.91805445,164345644.90847713,False
2015-01-23,VIXY,113317865.43592186,116797067.28176567,168531286.03300825,False
2015-01-26,VIXY,108220154.52596474,111976235.11370713,160949747.39234808,False
2015-01-27,VIXY,112893056.19342543,116962025.35432202,167899491.14628658,False
2015-01-28,VIXY,122451264.14959504,127028198.76477866,182114876.09752437,False
2015-01-29,VIXY,118309374.03525488,122889427.6122008,175954875.95198798,False
2015-01-30,VIXY,130363336.291091,135584052.96821082,193882055.86271566,False
2015-02-02,VIXY,123247781.47927584,128677114.16699669,183299491.5101275,False
2015-02-03,VIXY,117406654.39494997,122735400.56583668,174612311.8177044,False
2015-02-04,VIXY,120698926.02429728,126338221.54701647,179508722.18979743,False
2015-02-05,VIXY,116185327.82277274,121768836.46124355,172795901.5183796,False
2015-02-06,VIXY,121176836.42210576,127161982.27296709,180219491.43735933,False
2015-02-09,VIXY,121760949.13053834,128262566.69503844,181088209.40660164,False
2015-02-10,VIXY,117141148.61838971,123552458.06277233,174217440.01350337,False
2015-02-11,VIXY,117619059.01619819,124213536.57862125,174928209.26106527,False
2015-02-12,VIXY,110662807.6703192,117014998.61220735,164582567.99099773,False
2015-02-13,VIXY,109335278.78751786,115757221.05609015,162608208.9699925,False
2015-02-17,VIXY,109600784.56407812,116623552.28486043,163003080.77419356,False
2015-02-18,VIXY,108644963.76846117,115751518.14385794,161581542.27906975,False
2015-02-19,VIXY,106255411.77941877,113347505.51391761,158027696.0412603,False
2015-02-20,VIXY,102432128.59695093,109405772.66997702,152341542.06076518,False
2015-02-23,VIXY,102803836.6841353,110214489.83135617,152894362.58664665,False
2015-02-24,VIXY,98502643.10385898,105734735.69018826,146497439.35858965,False
2015-02-25,VIXY,99192958.12291567,106608147.94179079,147524106.0495124,False
2015-02-26,VIXY,97971631.55073844,105426304.59010446,145707695.75018755,False
2015-02-27,VIXY,97599923.46355407,105156600.72964618,145154875.22430608,False
2015-03-02,VIXY,94201449.52358265,101872252.43597703,140100516.13053262,False
2015-03-03,VIXY,96272394.58075273,104240349.48650064,143180516.20330083,False
2015-03-04,VIXY,96006888.80419247,104081030.1808477,142785644.39909977,False
2015-03-05,VIXY,94732461.07670319,102825883.307889,140890259.73893473,False
2015-03-06,VIXY,99086755.81229156,107684457.45204534,147366157.32783195,False
2015-03-09,VIXY,97706125.77417818,106575318.8582411,145312823.94598648,False
2015-03-10,VIXY,100839093.93758933,110127291.18021919,149972311.2355589,False
2015-03-11,VIXY,103016241.30538352,112642491.47174975,153210260.0300075,False
2015-03-12,VIXY,96909608.44449738,106094596.406993,144128208.53338334,False
2015-03-13,VIXY,99139856.96760362,108668568.69340345,147445131.68867216,False
2015-03-16,VIXY,96909608.44449738,106612060.51755613,144128208.53338334,False
2015-03-17,VIXY,96272394.58075273,106039565.11037919,143180516.20330083,False
2015-03-18,VIXY,92130504.46641257,101600452.11719093,137020516.05776444,False
2015-03-19,VIXY,92289807.93234873,101899329.12198992,137257439.14028507,False
2015-03-20,VIXY,90802975.58361124,100378897.04881313,135046157.0367592,False
2015-03-23,VIXY,89156839.76893759,98916212.89415829,132597951.85071267,False
2015-03-24,VIXY,88678929.37112911,98504367.77731486,131887182.60315078,False
2015-03-25,VIXY,92767718.33015722,103170022.89137895,137968208.38784695,False
2015-03-26,VIXY,91971201.00047642,102406963.51514827,136783592.9752438,False
2015-03-27,VIXY,90856076.7389233,101286593.72699493,135125131.3975994,False
2015-03-30,VIXY,88041715.50738446,98501720.86120874,130939490.27306826,False
2015-03-31,VIXY,90325065.18580276,101176925.55376306,134335387.7891973,False
2015-04-01,VIXY,90271964.03049071,101237950.04475328,134256413.4283571,False
2015-04-02,VIXY,88466524.7498809,99331286.27785797,131571285.15978995,False
2015-04-06,VIXY,86342478.53739876,97407420.70211971,128412310.72618154,False
2015-04-07,VIXY,86395579.69271082,97582657.56462358,128491285.08702175,False
2015-04-08,VIXY,84696342.72272511,95776454.38328996,125964105.54013503,False
2015-04-09,VIXY,81775779.18056217,92582981.68692592,121620515.69392347,False
2015-04-10,VIXY,78164900.61934254,88599245.42412245,116250259.1567892,False
2015-04-13,VIXY,80182744.52120057,91207565.49597922,119251284.86871718,False
2015-04-14,VIXY,79386227.19151977,90407503.89156854,118066669.45611402,False
2015-04-15,VIXY,77633889.06622201,88515521.34191333,115460515.5483871,False
2015-04-16,VIXY,76040854.40686041,86800705.40283291,113091284.72318079,False
2015-04-17,VIXY,78536608.70652692,89754450.88309509,116803079.68267067,False
2015-04-20,VIXY,75987753.25154835,87145838.95617066,113012310.36234058,False
2015-04-21,VIXY,75987753.25154835,87247276.09893997,113012310.36234058,False
2015-04-22,VIXY,75191235.92186755,86433108.28110434,111827694.94973743,False
2015-04-23,VIXY,74500920.90281086,85739036.33083397,110801028.2588147,False
2015-04-24,VIXY,73704403.57313006,84920757.15431167,109616412.84621155,False
2015-04-27,VIXY,75987753.25154835,87855898.95555572,113012310.36234058,False
2015-04-28,VIXY,73173392.02000953,84699656.98357224,108826669.23780945,False
2015-04-29,VIXY,75191235.92186755,87135725.30355664,111827694.94973743,False
2015-04-30,VIXY,77209079.82372558,89577180.92113046,114828720.66166541,False
2015-05-01,VIXY,73385796.64125773,85239410.81887259,109142566.68117028,False
2015-05-04,VIXY,73598201.26250595,85780865.90604328,109458464.12453113,False
2015-05-05,VIXY,75987753.25154835,88667396.09771007,113012310.36234058,False
2015-05-06,VIXY,77368383.28966174,90381684.15889479,115065643.74418604,False
2015-05-07,VIXY,76678068.27060504,89677617.35388614,114038977.0532633,False
2015-05-08,VIXY,72748582.7775131,85179063.11016394,108194874.35108776,False
2015-05-11,VIXY,74713325.52405907,87778727.23182142,111116925.70217554,False
2015-05-12,VIXY,74394718.59218675,87503714.87912668,110643079.53713427,False
2015-05-13,VIXY,73067189.70938542,86039802.30471939,108668720.51612903,False
2015-05-14,VIXY,71527256.20533587,84321946.20922965,106378464.05176294,False
2015-05-15,VIXY,70890042.34159124,83665380.60545984,105430771.72168042,False
2015-05-18,VIXY,68606692.66317293,81245292.8079626,102034874.20555139,False
2015-05-19,VIXY,67597770.71224393,80140746.3248213,100534361.3495874,False
2015-05-20,VIXY,67757074.17818008,80420058.93311135,100771284.43210803,False
2015-05-21,VIXY,65792331.43163411,78175956.45235588,97849233.08102025,False
2015-05-22,VIXY,65951634.89757027,78453284.26679718,98086156.16354088,False
2015-05-26,VIXY,68606692.66317293,81977965.28012432,102034874.20555139,False
2015-05-27,VIXY,66004736.05288232,78957004.51126675,98165130.52438109,False
2015-05-28,VIXY,66801253.38256312,79998998.30873935,99349745.93698424,False
2015-05-29,VIXY,67172961.4697475,80533813.91899301,99902566.46286571,False
2015-06-01,VIXY,66588848.76131491,80100191.11559133,99033848.4936234,False
2015-06-02,VIXY,67597770.71224393,81404067.60954133,100534361.3495874,False
2015-06-03,VIXY,66429545.29537875,80085919.37160204,98796925.41110277,False
2015-06-04,VIXY,68659793.81848499,82866310.21828096,102113848.5663916,False
2015-06-05,VIXY,67438467.24630776,81482301.43600202,100297438.26706676,False
2015-06-08,VIXY,68872198.4397332,83490417.79215254,102429746.00975244,False
2015-06-09,VIXY,68022579.95474035,82551270.9274828,101166156.23630908,False
2015-06-10,VIXY,65208218.72320152,79222848.08912154,96980515.11177795,False
2015-06-11,VIXY,63774487.52977608,77566111.12969175,94848207.36909227,False
2015-06-12,VIXY,64571004.85945688,78621076.97267574,96032822.78169543,False
2015-06-15,VIXY,67385366.09099571,82317679.06997742,100218463.90622656,False
2015-06-16,VIXY,66004736.05288232,80719217.90696532,98165130.52438109,False
2015-06-17,VIXY,65792331.43163411,80547288.9031324,97849233.08102025,False
2015-06-18,VIXY,63986892.1510243,78422368.6983708,95164104.8124531,False
2015-06-19,VIXY,64677207.17008099,79354757.68147859,96190771.50337584,False
2015-06-22,VIXY,61650441.31729395,75888005.5637237,91689232.93548387,False
2015-06-23,VIXY,60004305.502620295,73941811.45041801,89241027.74943736,False
2015-06-24,VIXY,61278733.23010957,75594058.86411299,91136412.4096024,False
2015-06-25,VIXY,61703542.472606,76200476.74376869,91768207.29632407,False
2015-06-26,VIXY,61331834.385421626,75823310.4735003,91215386.7704426,False
2015-06-29,VIXY,71792761.98189613,89043455.94718987,106773335.85596399,False
2015-06-30,VIXY,71261750.42877561,88479978.83754359,105983592.24756189,False
2015-07-01,VIXY,66323342.984754644,82436891.84571224,98638976.68942235,False
2015-07-02,VIXY,70571435.40971892,87811283.8943392,104956925.55663916,False
2015-07-06,VIXY,72376874.69032873,90444240.43888244,107642053.8252063,False
2015-07-07,VIXY,68553591.50786088,85758068.13067691,101955899.84471117,False
2015-07-08,VIXY,75456741.69842783,94494388.09703471,112222566.75393848,False
2015-07-09,VIXY,75934652.0962363,95194240.97842856,112933336.00150037,False
2015-07-10,VIXY,70146626.16722248,88031816.19466014,104325130.66991748,False
2015-07-13,VIXY,63402779.44259171,79822411.86922212,94295386.8432108,False
2015-07-14,VIXY,62765565.578847066,79103963.22866854,93347694.51312828,False
2015-07-15,VIXY,62606262.11291091,78986765.74652341,93110771.43060765,False
2015-07-16,VIXY,58517473.1538828,73906288.71807362,87029745.64591147,False
2015-07-17,VIXY,58039562.75607432,73380176.1839387,86318976.39834958,False
2015-07-20,VIXY,57827158.13482611,73343213.16181979,86003078.95498875,False
2015-07-21,VIXY,57296146.58170557,72746207.2132288,85213335.34658664,False
2015-07-22,VIXY,56977539.649833255,72417747.1976074,84739489.18154539,False
2015-07-23,VIXY,57720955.824202,73439672.48025046,85845130.23330833,False
2015-07-24,VIXY,59685698.57074797,76019134.23594761,88767181.5843961,False
2015-07-27,VIXY,62818666.73415912,80261035.076845,93426668.8739685,False
2015-07-28,VIXY,58039562.75607432,74232432.48548673,86318976.39834958,False
2015-07-29,VIXY,57136843.11576941,73154129.47506335,84976412.26406601,False
2015-07-30,VIXY,56765135.02858504,72753996.30454531,84423591.73818454,False
2015-07-31,VIXY,56658932.71796093,72693515.1379367,84265643.01650412,False
2015-08-03,VIXY,55862415.38828013,71895296.55638556,83081027.60390097,False
2015-08-04,VIXY,56074820.00952835,72243517.78528294,83396925.04726182,False
2015-08-05,VIXY,55490707.30109576,71565056.48354083,82528207.0780195,False
2015-08-06,VIXY,57614753.51357789,74381299.5507694,85687181.51162791,False
2015-08-07,VIXY,57083741.96045736,73771959.52611843,84897437.90322581,False
2015-08-10,VIXY,54959695.74797522,71247055.84168635,81738463.4696174,False
2015-08-11,VIXY,57508551.202953786,74628036.1177472,85529232.78994748,False
2015-08-12,VIXY,57349247.737017624,74497866.59009069,85292309.70742686,False
2015-08-13,VIXY,56712033.873272985,73745818.22509778,84344617.37734434,False
2015-08-14,VIXY,56605831.56264888,73683281.37914586,84186668.65566391,False
2015-08-17,VIXY,55915516.543592185,73008632.05439526,83160001.96474119,False
2015-08-18,VIXY,56552730.40733682,73916132.30904087,84107694.2948237,False
2015-08-19,VIXY,57614753.51357789,75381139.45206982,85687181.51162791,False
2015-08-20,VIXY,62659363.26822296,82064976.26928645,93189745.79144786,False
2015-08-21,VIXY,73067189.70938542,95793646.36136149,108668720.51612903,False
2015-08-24,VIXY,86130073.91615054,113264474.16418932,128096413.2828207,False
2015-08-25,VIXY,93882842.59171033,123584998.99605583,139626669.96549138,False
2015-08-26,VIXY,85014949.65459743,112025016.74511187,126437951.7051763,False
2015-08-27,VIXY,87245198.17770366,115080301.53984062,129754874.86046511,False
2015-08-28,VIXY,91546391.75797999,120875974.00272001,136151798.08852214,False
2015-08-31,VIXY,94997966.85326345,125813805.26323323,141285131.5431358,False
2015-09-01,VIXY,108485660.30252501,143821512.27551648,161344619.19654915,False
2015-09-02,VIXY,97228215.3763697,129027093.82542025,144602054.6984246,False
2015-09-03,VIXY,96591001.51262505,128310417.3222316,143654362.36834207,False
2015-09-04,VIXY,103653455.16912815,137830471.0764366,154157952.36009002,False
2015-09-08,VIXY,94732461.07670319,126473851.38963503,140890259.73893473,False
2015-09-09,VIXY,96644102.66793711,129155025.91022144,143733336.7291823,False
2015-09-10,VIXY,94307651.83420676,126158489.35079741,140258464.85221305,False
2015-09-11,VIXY,92130504.46641257,123369033.08066839,137020516.05776444,False
2015-09-14,VIXY,92342909.08766079,124023266.98974402,137336413.50112528,False
2015-09-15,VIXY,83050206.90805145,111653354.60415436,123515900.35408852,False
2015-09-16,VIXY,78430406.39590281,105547156.15578677,116645130.96099025,False
2015-09-17,VIXY,77686990.22153406,104650414.65660322,115539489.90922731,False
2015-09-18,VIXY,87192097.02239162,117570926.35816666,129675900.49962491,False
2015-09-21,VIXY,81404071.0933778,110092281.38299794,121067695.168042,False
2015-09-22,VIXY,86130073.91615054,116598786.05907546,128096413.2828207,False
2015-09-23,VIXY,84271533.48022868,114195277.94068655,125332310.65341336,False
2015-09-24,VIXY,86554883.15864697,117404959.26250744,128728208.16954239,False
2015-09-25,VIXY,88785131.68175322,120548638.26899952,132045131.3248312,False
2015-09-28,VIXY,94997966.85326345,129364601.4586207,141285131.5431358,False
2015-09-29,VIXY,95104169.16388756,129636179.62814122,141443080.2648162,False
2015-09-30,VIXY,90696773.27298713,123749545.23597622,134888208.31507877,False
2015-10-01,VIXY,89634750.16674607,122420142.04411267,133308721.09827456,False
2015-10-02,VIXY,85068050.80990948,116296655.45492163,126516926.0660165,False
2015-10-05,VIXY,80288946.83182468,110084672.08903912,119409233.5903976,False
2015-10-06,VIXY,81085464.16150548,111285024.08144297,120593849.00300075,False
2015-10-07,VIXY,79120721.4149595,108694149.76111558,117671797.65191297,False
2015-10-08,VIXY,75297438.23249166,103542330.63889785,111985643.67141785,False
2015-10-09,VIXY,75244337.07717961,103569755.40544878,111906669.31057765,False
2015-10-12,VIXY,70571435.40971892,97420379.77101281,104956925.55663916,False
2015-10-13,VIXY,74500920.90281086,102944292.69409057,110801028.2588147,False
2015-10-14,VIXY,75828449.7856122,104879877.3495509,112775387.27981995,False
2015-10-15,VIXY,70465233.09909481,97555967.88246141,104798976.83495873,False
2015-10-16,VIXY,69668715.76941401,96546226.98503076,103614361.42235559,False
2015-10-19,VIXY,64677207.17008099,89888058.63671687,96190771.50337584,False
2015-10-20,VIXY,67119860.31443544,93372445.00967897,99823592.10202551,False
2015-10-21,VIXY,71792761.98189613,99968895.45854259,106773335.85596399,False
2015-10-22,VIXY,65261319.878513575,90961210.37237892,97059489.47261815,False
2015-10-23,VIXY,65792331.43163411,91789161.26236917,97849233.08102025,False
2015-10-26,VIXY,68022579.95474035,95173071.2100528,101166156.23630908,False
2015-10-27,VIXY,66588848.76131491,93255971.82896572,99033848.4936234,False
2015-10-28,VIXY,64677207.17008099,90665105.42849675,96190771.50337584,False
2015-10-29,VIXY,65473724.49976179,91869072.58112507,97375386.915979,False
2015-10-30,VIXY,66535747.60600286,93448063.59946708,98954874.13278319,False
2015-11-02,VIXY,63084172.51071939,88853034.59082828,93821540.67816953,False
2015-11-03,VIXY,64411701.39352072,90808821.61224894,95795899.69917479,False
2015-11-04,VIXY,66535747.60600286,93892161.2231216,98954874.13278319,False
2015-11-05,VIXY,65102016.41257741,91955851.87299855,96822566.39009753,False
2015-11-06,VIXY,63721386.37446403,90090790.36480455,94769233.00825205,False
2015-11-09,VIXY,67226062.62505955,95315006.94335082,99981540.82370593,False
2015-11-10,VIXY,65208218.72320152,92541098.35611384,96980515.11177795,False
2015-11-11,VIXY,66641949.91662696,94664758.0684586,99112822.8544636,False
2015-11-12,VIXY,72536178.15626489,103134327.21232519,107878976.90772693,False
2015-11-13,VIXY,77527686.7555979,110334911.36530058,115302566.82670668,False
2015-11-16,VIXY,69721816.92472605,99505066.33489132,103693335.7831958,False
2015-11-17,VIXY,73545100.1071939,105059727.72290772,109379489.76369092,False
2015-11-18,VIXY,68659793.81848499,98172685.95225467,102113848.5663916,False
2015-11-19,VIXY,71102446.96283944,101760210.7198564,105746669.16504125,False
2015-11-20,VIXY,68606692.66317293,98279927.78572257,102034874.20555139,False
2015-11-23,VIXY,66854354.537875175,96037416.46528178,99428720.29782446,False
2015-11-24,VIXY,67172961.4697475,96584770.88822085,99902566.46286571,False
2015-11-25,VIXY,66164039.51881848,95222413.86122777,98402053.60690172,False
2015-11-27,VIXY,66748152.22725107,96241267.30802798,99270771.57614404,False
2015-11-30,VIXY,66323342.984754644,95894361.22409442,98638976.68942235,False
2015-12-01,VIXY,63562082.908527866,91986811.8147284,94532309.92573144,False
2015-12-02,VIXY,65951634.89757027,95533002.4191213,98086156.16354088,False
2015-12-03,VIXY,70783840.03096713,102627092.79963583,105272823.0,False
2015-12-04,VIXY,64199296.77227251,93166087.05566157,95480002.25581396,False
2015-12-07,VIXY,65845432.58694616,95818655.12263322,97928207.44186047,False
2015-12-08,VIXY,67810175.33349213,98768280.9311195,100850258.79294823,False
2015-12-09,VIXY,70677637.72034302,103039205.22551003,105114874.27831958,False
2015-12-10,VIXY,71527256.20533587,104373326.06607808,106378464.05176294,False
2015-12-11,VIXY,82253689.57837065,120135252.31884894,122331284.94148538,False
2015-12-14,VIXY,76306360.18342067,111754494.7798549,113486156.52738184,False
2015-12-15,VIXY,73173392.02000953,107263785.8529196,108826669.23780945,False
2015-12-16,VIXY,68181883.42067651,100037824.6928782,101403079.3188297,False
2015-12-17,VIXY,71155548.1181515,104495831.6472288,105825643.52588147,False
2015-12-18,VIXY,76943574.04716532,113098578.79572769,114433848.85746436,False
2015-12-21,VIXY,73226493.17532158,107928132.62814751,108905643.59864967,False
2015-12-22,VIXY,69509412.30347784,102542336.32797958,103377438.33983496,False
2015-12-23,VIXY,67916377.64411624,100282907.1339051,101008207.51462865,False
2015-12-24,VIXY,69084603.06098142,102100089.25381212,102745643.45311327,False
2015-12-28,VIXY,68341186.88661267,101366313.50670867,101640002.40135033,False
2015-12-29,VIXY,67226062.62505955,99802058.75138457,99981540.82370593,False
2015-12-30,VIXY,69190805.37160553,102811228.3753329,102903592.17479369,False
2015-12-31,VIXY,105272823.0,105272823.0,105272823.0,True
2016-01-04,VIXY,112143592.39309826,117288605.72405684,581626058.843068,False
2016-01-05,VIXY,108273848.71192798,114483191.38511829,561555863.8548213,False
2016-01-06,VIXY,111827694.94973743,119523475.4532276,579987675.5787214,False
2016-01-07,VIXY,123831797.79744937,133773992.57220311,642246239.6238949,False
2016-01-08,VIXY,130228721.02550638,142178195.6490989,675423500.726915,False
2016-01-11,VIXY,126122054.26181546,142034457.28733468,654124518.2904083,False
2016-01-12,VIXY,119962054.11627907,136473199.01006654,622176044.6356481,False
2016-01-13,VIXY,132361028.76819204,152096865.11589018,686482587.761255,False
2016-01-14,VIXY,127385644.03525881,147840695.27464378,660678051.3477949,False
2016-01-15,VIXY,140100516.13053262,164204178.93630862,726622977.7377484,False
2016-01-19,VIXY,140021541.76969242,170535637.55842507,726213381.9216617,False
2016-01-20,VIXY,143733336.7291823,176704901.03321257,745464385.2777351,False
2016-01-21,VIXY,143101541.8424606,177569507.91105843,742187618.7490418,False
2016-01-22,VIXY,131097438.99474868,164177700.76351756,679929054.7038683,False
2016-01-25,VIXY,137336413.50112528,176716599.16369992,712287124.174715,False
2016-01-26,VIXY,130939490.27306826,169987242.85598415,679109863.071695,False
2016-01-27,VIXY,136388721.17104277,178625838.53182927,707371974.381675,False
2016-01-28,VIXY,131966156.963991,174347298.4655561,684434608.6808217,False
2016-01-29,VIXY,126280002.98349588,168283420.79509446,654943709.9225816,False
2016-02-01,VIXY,124700515.76669167,170469394.91927525,646751793.6008482,False
2016-02-02,VIXY,132992823.65491372,183330619.57534152,689759354.2899483,False
2016-02-03,VIXY,131492310.79894973,182770339.7893661,681977033.7843016,False
2016-02-04,VIXY,132755900.57239309,186049361.7215036,688530566.8416883,False
2016-02-05,VIXY,138047182.74868718,195048133.25758877,715973486.519495,False
2016-02-08,VIXY,144681029.0592648,209399499.56460428,750379535.0707752,False
2016-02-09,VIXY,145944618.83270818,212902257.111662,756933068.1281618,False
2016-02-10,VIXY,146971285.52363092,216085662.66543904,762257813.7372885,False
2016-02-11,VIXY,156053337.02025506,231228503.63344413,809361332.5872552,False
2016-02-12,VIXY,149577439.43135783,223348597.12500715,775774475.6681485,False
2016-02-16,VIXY,142627695.67741936,219514847.36024076,739730043.8525218,False
2016-02-17,VIXY,136862567.336084,212211649.89285478,709829549.278195,False
2016-02-18,VIXY,136546669.89272317,213287985.8103537,708191166.0138483,False
2016-02-19,VIXY,132992823.65491372,209262211.41313764,689759354.2899483,False
2016-02-22,VIXY,125490259.37509377,201775045.9408223,650847751.7617149,False
2016-02-23,VIXY,131887182.60315078,213573327.35417968,684025012.864735,False
2016-02-24,VIXY,130939490.27306826,213540505.35231337,679109863.071695,False
2016-02-25,VIXY,126280002.98349588,207390051.17141038,654943709.9225816,False
2016-02-26,VIXY,128254362.00450112,212103586.3038274,665183605.3247483,False
2016-02-29,VIXY,129991797.94298574,219449811.4228218,674194713.2786549,False
2016-03-01,VIXY,118856413.06451613,202014502.65054637,616441703.2104348,False
2016-03-02,VIXY,116645130.96099025,199593977.92739877,604973020.3600081,False
2016-03-03,VIXY,112933336.00150037,194537957.65397534,585722017.0039347,False
2016-03-04,VIXY,114196925.77494374,198024410.58132228,592275550.0613214,False
2016-03-07,VIXY,114512823.21830457,202512479.04623157,593913933.3256681,False
2016-03-08,VIXY,118856413.06451613,211557234.24238592,616441703.2104348,False
2016-03-09,VIXY,117276925.84771192,210090973.55135104,608249786.8887014,False
2016-03-10,VIXY,114986669.38334583,207307049.43463066,596371508.2221881,False
2016-03-11,VIXY,109379489.76369092,198452533.05591124,567290205.2800347,False
2016-03-14,VIXY,107484105.10352588,198712075.63418815,557459905.6939547,False
2016-03-15,VIXY,109063592.32033008,202883091.57280087,565651822.0156881,False
2016-03-16,VIXY,105193848.63915978,196891029.8926102,545581627.0274413,False
2016-03-17,VIXY,101876925.48387097,191851251.9212152,528378602.75180125,False
2016-03-18,VIXY,101087181.87546887,191523472.53795195,524282644.5909346,False
2016-03-21,VIXY,98244104.8852213,189517366.02619132,509537195.2118146,False
2016-03-22,VIXY,96822566.39009753,187885679.09923968,502164470.5222545,False
2016-03-23,VIXY,101561028.04051012,198245611.3010482,526740219.4874546,False
2016-03-24,VIXY,101008207.51462865,198325047.6950627,523873048.7748479,False
2016-03-28,VIXY,99586669.01950487,200102837.91207725,516500324.0852879,False
2016-03-29,VIXY,93742566.31732933,189435285.212128,486190233.6948745,False
2016-03-30,VIXY,91531284.21380346,186016555.43779793,474721550.8444478,False
2016-03-31,VIXY,92242053.46136534,188519021.22913378,478407913.1892278,False
2016-04-01,VIXY,89398976.47111778,183733882.8688906,463662463.81010777,False
2016-04-04,VIXY,91926156.01800449,192090869.77458882,476769529.92488116,False
2016-04-05,VIXY,97059489.47261815,203930836.8035717,503393257.97051454,False
2016-04-06,VIXY,90662566.24456114,191530190.2731215,470215996.86749446,False
2016-04-07,VIXY,99033848.4936234,210350922.13238415,513633153.37268126,False
2016-04-08,VIXY,96585643.3075769,206258667.79216692,500935683.0739945,False
2016-04-11,VIXY,97928207.44186047,212495335.2763042,507898811.94746786,False
2016-04-12,VIXY,94611284.28657164,206383075.65282205,490695787.67182785,False
2016-04-13,VIXY,90030771.35783947,197423866.51953813,466939230.33880115,False
2016-04-14,VIXY,89635899.55363841,197586069.2221222,464891251.2583678,False
2016-04-15,VIXY,88451284.14103526,195989309.25571865,458747314.0170678,False
2016-04-18,VIXY,82923078.88222055,186593285.8766235,430075606.89100105,False
2016-04-19,VIXY,83712822.49062265,189330525.72825816,434171565.0518677,False
2016-04-20,VIXY,84186668.65566391,191367803.7611224,436629139.94838774,False
2016-04-21,VIXY,85766155.87246811,195941906.13147396,444821056.27012104,False
2016-04-22,VIXY,83554873.76894224,191848346.26355866,433352373.41969436,False
2016-04-25,VIXY,84502566.09902476,196931977.12694344,438267523.2127344,False
2016-04-26,VIXY,82765130.16054013,193832199.63040215,429256415.2588277,False
2016-04-27,VIXY,80316924.97449362,189019824.58629194,416558944.960141,False
2016-04-28,VIXY,84976412.26406601,200960230.38893566,440725098.10925436,False
2016-04-29,VIXY,87661540.53263316,208315726.39243633,454651355.8562011,False
2016-05-02,VIXY,82528207.0780195,198956778.99611107,428027627.8105677,False
2016-05-03,VIXY,86240002.03750938,208894221.24850208,447278631.16664106,False
2016-05-04,VIXY,87345643.08927232,212574180.5901566,453012972.5918544,False
2016-05-05,VIXY,87345643.08927232,213576008.89016366,453012972.5918544,False
2016-05-06,VIXY,83396925.04726182,204877211.63907805,432533181.78752106,False
2016-05-09,VIXY,81580514.74793698,203222035.91244876,423112478.0175277,False
2016-05-10,VIXY,77552822.34508628,194078316.16923642,402223091.3971076,False
2016-05-11,VIXY,80237950.6136534,201718237.20546964,416149349.14405435,False
2016-05-12,VIXY,79132309.56189047,199846279.02729982,410415007.71884096,False
2016-05-13,VIXY,81975386.55213803,207966617.93060455,425160457.097961,False
2016-05-16,VIXY,78184617.23180795,201039926.75256696,405499857.925801,False
2016-05-17,VIXY,81659489.1087772,210911644.42940056,423522073.83361435,False
2016-05-18,VIXY,81422566.02625656,211233607.47807735,422293286.38535434,False
2016-05-19,VIXY,81817437.83045761,213196440.21113217,424341265.4657877,False
2016-05-20,VIXY,78895386.47936983,206487188.0261117,409186220.270581,False
2016-05-23,VIXY,78421540.31432858,207945439.29679835,406728645.374061,False
2016-05-24,VIXY,75104617.15903977,200011591.32673913,389525621.0984209,False
2016-05-25,VIXY,73762053.0247562,197282228.70483276,382562492.2249476,False
2016-05-26,VIXY,72972309.41635409,196006969.75393173,378466534.0640809,False
2016-05-27,VIXY,70997950.39534883,191518076.04864112,368226638.6619142,False
2016-05-31,VIXY,70918976.03450863,194558718.9257976,367817042.8458275,False
2016-06-01,VIXY,70129232.42610653,193196502.00310573,363721084.68496084,False
2016-06-02,VIXY,68391796.4876219,189194535.54923445,354709976.7310542,False
2016-06-03,VIXY,67996924.68342085,188882092.65579346,352661997.6506208,False
2016-06-06,VIXY,67207181.07501875,189000878.69016448,348566039.48975414,False
2016-06-07,VIXY,67286155.43585896,189994723.37922093,348975635.30584085,False
2016-06-08,VIXY,67760001.60090022,192109901.26181448,351433210.20236087,False
2016-06-09,VIXY,68944617.01350337,196259240.0251619,357577147.44366086,False
2016-06-10,VIXY,75183591.51987997,214881573.20187908,389935216.9145076,False
2016-06-13,VIXY,86397950.7591898,249906112.0921708,448097822.7988144,False
2016-06-14,VIXY,84502566.09902476,245392930.1562187,438267523.2127344,False
2016-06-15,VIXY,83554873.76894224,243599209.22558773,433352373.41969436,False
2016-06-16,VIXY,81422566.02625656,238316486.6298961,422293286.38535434,False
2016-06-17,VIXY,81422566.02625656,239250379.01444155,422293286.38535434,False
2016-06-20,VIXY,75657437.68492123,224913549.7662645,392392791.8110276,False
2016-06-21,VIXY,76131283.84996249,227195397.09479052,394850366.7075476,False
2016-06-22,VIXY,78816412.11852963,236112513.34170184,408776624.4544943,False
2016-06-23,VIXY,70918976.03450863,213267364.23171633,367817042.8458275,False
2016-06-24,VIXY,87977437.97599399,265574602.36350486,456289739.1205478,False
2016-06-27,VIXY,87898463.61515379,268360712.0107319,455880143.3044611,False
2016-06-28,VIXY,78974360.84021005,242020557.94805217,409595816.08666766,False
2016-06-29,VIXY,74788719.71567892,230051272.53603387,387887237.83407426,False
2016-06-30,VIXY,72340514.5296324,223350279.04209113,375189767.5353876,False
2016-07-01,VIXY,70208206.78694673,217572077.16963288,364130680.50104755,False
2016-07-05,VIXY,71471796.5603901,224766925.2689771,370684213.55843425,False
2016-07-06,VIXY,69734360.62190548,220102810.0924067,361673105.60452753,False
2016-07-07,VIXY,68470770.84846212,216899876.38558617,355119572.54714084,False
2016-07-08,VIXY,63969232.28057014,203373730.80777514,331772611.0302008,False
2016-07-11,VIXY,64048206.64141035,205828650.58535907,332182206.8462875,False
2016-07-12,VIXY,62547693.78544636,201723927.6367004,324399886.3406408,False
2016-07-13,VIXY,61678975.81620405,199629645.7525308,319894332.36368746,False
2016-07-14,VIXY,61442052.73368342,199567544.425798,318665544.91542745,False
2016-07-15,VIXY,61284104.012003,199757427.591281,317846353.2832541,False
2016-07-18,VIXY,60178462.96024006,198224243.17821306,312112011.85804075,False
2016-07-19,VIXY,60020514.23855964,198392386.8507483,311292820.2258674,False
2016-07-20,VIXY,58362052.660915226,193579887.17127332,302691308.0880474,False
2016-07-21,VIXY,60099488.59939985,200032075.64279306,311702416.0419541,False
2016-07-22,VIXY,58598975.74343586,195709957.7646572,303920095.5363074,False
2016-07-25,VIXY,58204103.93923481,196393908.29798636,301872116.4558741,False
2016-07-26,VIXY,57682875.0857744,195296768.64368042,299168794.0695999,False
2016-07-27,VIXY,56371897.80369944,191504764.81814912,292369488.52271444,False
2016-07-28,VIXY,55313644.260568105,188544131.43467954,286880919.5869999,False
2016-07-29,VIXY,53386667.927981995,182588097.7650607,276886771.6745873,False
2016-08-01,VIXY,52470567.27032054,181260400.77343753,272135470.20787984,False
2016-08-02,VIXY,54587079.17679568,189198021.88634488,283112633.0790536,False
2016-08-03,VIXY,53212923.37009104,185045554.11523584,275985655.8792477,False
2016-08-04,VIXY,51665027.825707905,180255399.14794394,267957587.8838469,False
2016-08-05,VIXY,49959178.739431895,174876836.67019072,259110303.2565281,False
2016-08-08,VIXY,48821950.83546034,172576009.67082447,253212138.50472686,False
2016-08-09,VIXY,48032207.22705825,170335336.08166108,249116180.34386018,False
2016-08-10,VIXY,49185230.967240326,174988413.2659362,255096269.2588277,False
2016-08-11,VIXY,48948307.8847197,174706924.21181548,253867481.81056768,False
2016-08-12,VIXY,48427079.03125929,173401991.60230783,251164159.42429352,False
2016-08-15,VIXY,47668922.2750658,172327517.69371882,247232024.59001473,False
2016-08-16,VIXY,49295797.0005016,178774226.74233904,255669713.40124688,False
2016-08-17,VIXY,48063794.07926685,174857569.98603857,249280003.67044806,False
2016-08-18,VIXY,47195076.11002454,172238460.48750842,244774449.69349474,False
2016-08-19,VIXY,47400412.34033656,173531503.68872184,245839413.81516686,False
2016-08-22,VIXY,47574156.89822751,175804561.24722904,246740529.61050645,False
2016-08-23,VIXY,47447795.02875571,175881818.1552626,246085161.304921,False
2016-08-24,VIXY,48474461.71967844,180243504.21574834,251409906.9140477,False
2016-08-25,VIXY,48569231.91672918,181152964.53158945,251901426.8933006,False
2016-08-26,VIXY,48711384.802199066,182241869.69224277,252638694.36230767,False
2016-08-29,VIXY,47668922.2750658,179981992.85100454,247232024.59001473,False
2016-08-30,VIXY,47337233.81570689,179272591.4272387,245511742.16224644,False
2016-08-31,VIXY,47542565.22580645,180595508.56345487,246576681.28417394,False
2016-09-01,VIXY,47305642.14328582,180238112.45751566,245347893.83591393,False
2016-09-02,VIXY,45615588.89322034,174322077.50067544,236582533.37176138,False
2016-09-06,VIXY,44478360.98924879,172016722.38014698,230684368.61996016,False
2016-09-07,VIXY,43830770.26631658,170014939.64469403,227325677.92810056,False
2016-09-08,VIXY,43972923.15178647,171070691.93485752,228062945.39710763,False
2016-09-09,VIXY,51112207.299826436,199431350.03261462,265090417.17124024,False
2016-09-12,VIXY,47605743.75043613,187387781.97450328,246904352.93709433,False
2016-09-13,VIXY,54050054.48712474,213374093.76087692,280327386.5296132,False
2016-09-14,VIXY,53718361.207553364,212680797.4179454,278607079.10210025,False
2016-09-15,VIXY,51680823.66191844,205206577.88586238,268039512.04701316,False
2016-09-16,VIXY,51033232.93898623,203220556.19433832,264680821.35515356,False
2016-09-19,VIXY,49769643.16554286,199901316.23341936,258127288.29776686,False
2016-09-20,VIXY,49374771.36134181,198881615.18047008,256079309.21733356,False
2016-09-21,VIXY,45505027.68017152,183816213.80472648,236009114.22908682,False
2016-09-22,VIXY,44051897.51262668,178451599.49714994,228472541.21319428,False
2016-09-23,VIXY,44367794.95598751,180240166.4142198,230110924.47754097,False
2016-09-26,VIXY,46816000.142034024,191796675.6248622,242808394.77622765,False
2016-09-27,VIXY,44304616.43135784,182016151.94525972,229783252.82462054,False
2016-09-28,VIXY,43830770.26631658,180572180.9074268,227325677.92810056,False
2016-09-29,VIXY,46563281.22330286,192363532.53845108,241497683.1648014,False
2016-09-30,VIXY,44746870.92397803,185372760.57057372,232076979.39480802,False
2016-10-03,VIXY,44462565.153038256,185724884.51506653,230602444.45679387,False
2016-10-04,VIXY,44367794.95598751,185837904.5641844,230110924.47754097,False
2016-10-05,VIXY,44020310.66041806,184887339.74564147,228308717.8866064,False
2016-10-06,VIXY,43609643.02000648,183662706.18285605,226178814.6430068,False
2016-10-07,VIXY,43704413.21705722,184563108.87421313,226670334.62225974,False
2016-10-10,VIXY,42709333.378343105,181830490.707196,221509412.33972093,False
2016-10-11,VIXY,45062768.36733887,192366848.8417704,233715362.6591547,False
2016-10-12,VIXY,45141742.72817908,193221741.91628817,234124958.47524136,False
2016-10-13,VIXY,46563281.22330286,199840468.5033305,241497683.1648014,False
2016-10-14,VIXY,46042052.36984246,198131545.0320376,238794360.77852723,False
2016-10-17,VIXY,45852511.97574098,198893644.50638646,237811320.8200214,False
2016-10-18,VIXY,44004514.82420753,191382337.94359362,228226793.72344014,False
2016-10-19,VIXY,42946256.46086373,187272391.78920716,222738199.78798094,False
2016-10-20,VIXY,42409231.7711928,185417051.2544811,219952953.23854053,False
2016-10-21,VIXY,41493131.11353134,181887688.90585735,215201651.77183303,False
2016-10-24,VIXY,40071590.208301336,177035104.3548263,207828914.5824007,False
2016-10-25,VIXY,40419076.91397701,179033885.05373028,209631133.67320758,False
2016-10-26,VIXY,41429947.76868921,183986666.13894573,214873955.11916798,False
2016-10-27,VIXY,42203900.36109323,187907785.95126164,218888014.11661303,False
2016-10-28,VIXY,43972923.15178647,196288503.20133987,228062945.39710763,False
2016-10-31,VIXY,44889028.629660375,201922451.05798724,232814271.86355975,False
2016-11-01,VIXY,46200001.09152288,208349444.11527184,239613552.41070056,False
2016-11-02,VIXY,47242463.61865614,213592523.56181115,245020222.1829935,False
2016-11-03,VIXY,49848617.52638307,225947209.60567325,258536884.11385354,False
2016-11-04,VIXY,49896000.21480222,226734271.71929783,258782631.60360768,False
2016-11-07,VIXY,43625438.85621701,199741092.51206985,226260738.80617306,False
2016-11-08,VIXY,42314461.57414205,194224056.47126687,219461433.2592876,False
2016-11-09,VIXY,41319386.55564039,190130567.15330577,214300535.97649345,False
2016-11-10,VIXY,42314461.57414205,195194724.80926767,219461433.2592876,False
2016-11-11,VIXY,41350973.407849,191224480.10070768,214464359.30308133,False
2016-11-14,VIXY,41177233.6701705,191837905.21292055,213563268.50748637,False
2016-11-15,VIXY,39424001.89547535,184122070.49377725,204470236.3904134,False
2016-11-16,VIXY,39613539.87947061,185461625.89107063,205453263.84904695,False
2016-11-17,VIXY,38428924.466867454,180356292.9308762,199309326.60774693,False
2016-11-18,VIXY,38223590.64666166,179831024.45923483,198244374.98594713,False
2016-11-21,VIXY,36517743.97049188,173062048.07320657,189397102.85850066,False
2016-11-22,VIXY,36770462.88922305,174681460.05878514,190707814.46992692,False
2016-11-23,VIXY,36802052.15153788,175253636.23786816,190871650.29638714,False
2016-11-25,VIXY,36628307.59364693,175266485.34554338,189970534.50104752,False
2016-11-28,VIXY,36912615.77469293,177897030.11083615,191445081.938934,False
2016-11-29,VIXY,36659899.266068,177099563.6755974,190134382.82738006,False
2016-11-30,VIXY,36707281.95448714,177749485.2462317,190380130.3171342,False
2016-12-01,VIXY,38128820.44961092,185070397.4665424,197752855.00669423,False
2016-12-02,VIXY,38144616.28582145,185584574.8938246,197834779.16986048,False
2016-12-05,VIXY,35617436.73893473,174514680.43069312,184727713.05508712,False
2016-12-06,VIXY,34385436.22780621,168872640.72741404,178338015.82416064,False
2016-12-07,VIXY,34511795.687171794,169889053.1458131,178993371.62987375,False
2016-12-08,VIXY,34559180.78569716,170518696.22677785,179239131.61950022,False
2016-12-09,VIXY,34227487.50612579,169274665.09499252,177518824.1919873,False
2016-12-12,VIXY,34448617.16254211,171553624.6600783,178665699.97695336,False
2016-12-13,VIXY,34780308.03200726,173604360.173542,180385994.90459397,False
2016-12-14,VIXY,34653948.57264168,173371112.93882653,179730639.09888083,False
2016-12-15,VIXY,34180102.40760042,171392531.52586383,177273064.20236084,False
2016-12-16,VIXY,33706256.24255916,169403080.3664273,174815489.30584082,False
2016-12-19,VIXY,32537436.66616654,164648335.30941406,168753476.22770706,False
2016-12-20,VIXY,31953026.877970234,162057553.44725198,165722469.6886402,False
2016-12-21,VIXY,31431795.6144036,159774515.48004767,163019134.80249372,False
2016-12-22,VIXY,31905641.779444862,162549124.6487218,165476709.69901374,False
2016-12-23,VIXY,31810871.58239412,162431161.70068803,164985189.7197608,False
2016-12-27,VIXY,31305436.155038018,161286587.13780737,162363778.9967806,False
2016-12-28,VIXY,32395283.780696653,167273080.40265617,168016208.75869998,False
2016-12-29,VIXY,32948104.306578122,170505474.60784164,170883379.47130668,False
2016-12-30,VIXY,174160146.0,174160146.0,174160146.0,True
2017-01-03,VIXY,161708423.19106746,165094141.39031446,469808779.32254404,False
2017-01-04,VIXY,153516506.8693341,157534260.0956008,446008941.7415505,False
2017-01-05,VIXY,152861163.56349328,157661885.87487978,444104983.78760713,False
2017-01-06,VIXY,150977020.30952016,156508827.8781995,438631013.8808446,False
2017-01-09,VIXY,150485500.33026722,158362354.96679056,437203009.09971696,False
2017-01-10,VIXY,149502472.87163368,158110412.9617339,434347035.8531318,False
2017-01-11,VIXY,146307630.50610662,155497437.6451189,425065113.7228123,False
2017-01-12,VIXY,146389542.16940054,156350740.31725124,425303090.3092202,False
2017-01-13,VIXY,146635302.159027,157380755.64136383,426017092.699784,False
2017-01-17,VIXY,145979946.3533139,159733783.54392767,424113098.4301705,False
2017-01-18,VIXY,145406514.710767,159867425.2730898,422447117.062635,False
2017-01-19,VIXY,147044897.9751137,162438424.71158183,427207084.5788337,False
2017-01-20,VIXY,141310556.54990035,156843439.7261833,410547198.27213824,False
2017-01-23,VIXY,140081769.10164034,157679271.5324106,406977222.6349892,False
2017-01-24,VIXY,133528236.04425365,151001389.65180454,387937352.57019436,False
2017-01-25,VIXY,130251469.51556031,147977608.66000578,378417417.537797,False
2017-01-26,VIXY,131152585.31089991,149687850.09098512,381035414.1979743,False
2017-01-27,VIXY,129678037.87301344,148683683.89587867,376751436.17026144,False
2017-01-30,VIXY,133282476.0546272,154909308.74109727,387223350.1796305,False
2017-01-31,VIXY,132545208.58562012,154746190.62852025,385081379.3236092,False
2017-02-01,VIXY,130333393.67872657,152846105.80267683,378655430.43987495,False
2017-02-02,VIXY,131398332.80065405,154782771.30080593,381749380.27286804,False
2017-02-03,VIXY,128531162.08804739,152078111.6103044,373419437.11952025,False
2017-02-06,VIXY,128776922.07767385,154391064.00743094,374133439.5100841,False
2017-02-07,VIXY,129596113.70984718,156051539.73395464,376513423.26818347,False
2017-02-08,VIXY,129022682.0673003,156036391.93909675,374847441.90064794,False
2017-02-09,VIXY,126401271.3443201,153527753.27161488,367231501.13786405,False
2017-02-10,VIXY,124189456.43742655,151491313.64704618,360805552.2541298,False
2017-02-13,VIXY,120339245.76631403,148684344.44694474,349619599.5385268,False
2017-02-14,VIXY,115178348.48351987,142910709.9995907,334625730.915037,False
2017-02-15,VIXY,119110458.31805402,148413042.88513154,346049623.90137774,False
2017-02-16,VIXY,119683902.46047321,149754021.90541083,347715641.5845834,False
2017-02-17,VIXY,120011574.11339362,150792195.7506461,348667620.5615551,False
2017-02-21,VIXY,121158437.39848736,154769922.92761198,351999583.2966261,False
2017-02-22,VIXY,121895717.36736676,156349775.46476057,354141590.4683176,False
2017-02-23,VIXY,125008648.0695999,160996914.10488728,363185536.01222914,False
2017-02-24,VIXY,123534100.63171342,159744478.6859908,358901557.9845163,False
2017-02-27,VIXY,122878744.82600029,160826575.36019054,356997563.7149028,False
2017-02-28,VIXY,125827839.70177323,165345039.71307355,365565519.7703285,False
2017-03-01,VIXY,123288340.64208697,162653318.97193256,358187555.5939525,False
2017-03-02,VIXY,123452176.46854717,163515651.3423418,358663545.08243835,False
2017-03-03,VIXY,119683902.46047321,159150934.23195386,347715641.5845834,False
2017-03-06,VIXY,117553999.21687362,158164609.7241409,341527669.287257,False
2017-03-07,VIXY,117553999.21687362,158779922.0045541,341527669.287257,False
2017-03-08,VIXY,118455115.01221322,160617086.06604573,344145665.94743437,False
2017-03-09,VIXY,117799759.20650008,160345066.79034936,342241671.67782086,False
2017-03-10,VIXY,116161375.94215341,158722977.52282047,337481704.16162217,False
2017-03-13,VIXY,113867636.8720936,157376861.32750925,330817742.3758099,False
2017-03-14,VIXY,115915615.95252694,160814116.915635,336767701.7710583,False
2017-03-15,VIXY,111410061.9755736,155146544.6251488,323677791.1015119,False
2017-03-16,VIXY,109280158.731974,152752505.34045774,317489818.8041855,False
2017-03-17,VIXY,108051371.283714,151600471.10518605,313919843.1670365,False
2017-03-20,VIXY,107805623.79395986,152948536.60674733,313205877.09214276,False
2017-03-21,VIXY,112147329.44458067,159695315.80048496,325819761.95753324,False
2017-03-22,VIXY,112720773.58699986,161101901.32438064,327485779.6407389,False
2017-03-23,VIXY,116570971.75824007,167214818.22923416,338671696.0406718,False
2017-03-24,VIXY,114441068.51464048,164758604.33664933,332483723.74334544,False
2017-03-27,VIXY,112147329.44458067,163217388.86388528,325819761.95753324,False
2017-03-28,VIXY,106003392.20328066,154830456.09896377,307969883.7717881,False
2017-03-29,VIXY,105593796.387194,154784902.1564068,306779891.8927384,False
2017-03-30,VIXY,106003392.20328066,155940162.09659293,307969883.7717881,False
2017-03-31,VIXY,107887535.4572538,159276615.012578,313443853.67855066,False
2017-04-03,VIXY,108379055.43650672,161704119.95347962,314871858.4596783,False
2017-04-04,VIXY,107068343.82508045,160308934.42689428,311063869.9204513,False
2017-04-05,VIXY,110508946.180234,166038840.2271177,321059794.44133455,False
2017-04-06,VIXY,108542891.26296693,163653003.3466596,315347847.94816417,False
2017-04-07,VIXY,112393089.43420714,170046348.06486982,326533764.3480971,False
2017-04-10,VIXY,116407135.93177988,177947371.1863431,338195706.55218595,False
2017-04-11,VIXY,121731881.54090655,186724297.42763835,353665600.97983176,False
2017-04-12,VIXY,122223389.02028716,188117973.04164767,355093569.4452893,False
2017-04-13,VIXY,124680963.91680717,192553123.00331578,362233520.7195873,False
2017-04-17,VIXY,118455115.01221322,185418245.50947663,344145665.94743437,False
2017-04-18,VIXY,117472075.05370736,184494372.7601096,341289656.38517904,False
2017-04-19,VIXY,120093498.27655987,189240022.64627978,348905633.46363306,False
2017-04-20,VIXY,117226327.5639532,185335611.25857648,340575690.31028533,False
2017-04-21,VIXY,117553999.21687362,186468974.62314543,341527669.287257,False
2017-04-24,VIXY,105102288.90781339,168367970.14335942,305351923.4272809,False
2017-04-25,VIXY,102562789.84812711,164836678.9984629,297973959.25090486,False
2017-04-26,VIXY,103381981.48030046,166694397.68595523,300353943.0090042,False
2017-04-27,VIXY,102398954.02166691,165645338.2453173,297497969.762419,False
2017-04-28,VIXY,102480871.93489702,166314267.58335865,297735964.50666195,False
2017-05-01,VIXY,98548755.8504267,161480410.511062,286312053.36248606,False
2017-05-02,VIXY,98712591.6768869,162265560.06812993,286788042.85097194,False
2017-05-03,VIXY,100678652.84409013,166024389.04622757,292500007.5019774,False
2017-05-04,VIXY,98302995.86080024,162621352.6984108,285598050.9719222,False
2017-05-05,VIXY,98712591.6768869,163815632.46791634,286788042.85097194,False
2017-05-08,VIXY,96255016.7803669,161248716.3647724,279648091.57667387,False
2017-05-09,VIXY,95927338.87751032,161201894.4362092,278696094.4418671,False
2017-05-10,VIXY,96336934.693597,162394459.04298955,279886086.3209168,False
2017-05-11,VIXY,96173098.86713679,162621680.54685885,279410096.83243096,False
2017-05-12,VIXY,96009256.79074043,162847176.3198178,278934089.18611,False
2017-05-15,VIXY,93879359.797077,160708704.39580688,272746135.0466187,False
2017-05-16,VIXY,93060168.16490366,159793464.0108799,270366151.2885194,False
2017-05-17,VIXY,109853602.8743932,189204449.6837166,319155836.4873912,False
2017-05-18,VIXY,107232179.65154067,185250771.6468102,311539859.4089371,False
2017-05-19,VIXY,99613701.22229034,172610747.4265303,289406021.35331416,False
2017-05-22,VIXY,95190065.1585671,166440223.8358485,276554105.4280107,False
2017-05-23,VIXY,95026229.33210689,166651151.50647005,276078115.9395248,False
2017-05-24,VIXY,92650572.34881699,162969830.9306704,269176159.4094697,False
2017-05-25,VIXY,93387846.06776023,164755494.81477293,271318148.42332613,False
2017-05-26,VIXY,91913298.62987375,162635189.15065318,267034170.39561328,False
2017-05-30,VIXY,91339866.98732689,163532934.64708894,265368189.02807775,False
2017-05-31,VIXY,92077140.70627011,165334892.56072325,267510178.0419342,False
2017-06-01,VIXY,89947243.71260668,161981232.6385543,261322223.90244287,False
2017-06-02,VIXY,90029161.62583677,162599993.44234982,261560218.6466858,False
2017-06-05,VIXY,90520675.35515355,164909142.92830604,262988205.2699784,False
2017-06-06,VIXY,92568654.43558688,169124650.63416684,268938164.66522676,False
2017-06-07,VIXY,91503702.81378709,167657921.59604385,265844178.5165636,False
2017-06-08,VIXY,89537647.89652002,164524278.28195876,260132232.0233932,False
2017-06-09,VIXY,90766435.34478001,167257257.7152133,263702207.66054222,False
2017-06-12,VIXY,91749462.80341356,170509434.69629562,266558180.90712744,False
2017-06-13,VIXY,88636532.10118042,165188238.25018,257514235.36321586,False
2017-06-14,VIXY,88226936.28509375,164886697.26049492,256324243.48416618,False
2017-06-15,VIXY,89373805.82012364,167497882.46575668,259656224.3770723,False
2017-06-16,VIXY,88390778.36149012,166118227.33179644,256800251.13048708,False
2017-06-19,VIXY,85687443.47534364,162383223.78396493,248946297.4656252,False
2017-06-20,VIXY,88063100.45863354,167346194.9871282,255848253.99568033,False
2017-06-21,VIXY,87243908.82646021,166246146.5300973,253468270.23758098,False
2017-06-22,VIXY,86424717.19428687,165137522.29215473,251088286.47948164,False
2017-06-23,VIXY,85523607.64888343,163863367.4220834,248470307.97713935,False
2017-06-26,VIXY,83721382.3081404,161724967.9953748,243234332.81461975,False
2017-06-27,VIXY,86424717.19428687,167399384.50761068,251088286.47948164,False
2017-06-28,VIXY,83967142.29776686,163078721.2080279,243948335.2051836,False
2017-06-29,VIXY,88308860.44826001,171973323.81302688,256562256.38624418,False
2017-06-30,VIXY,87080073.0,170036176.87454757,252992280.74909514,False
2017-07-03,VIXY,88226936.28509375,173661007.2516553,256324243.48416618,False
2017-07-05,VIXY,88063100.45863354,174260418.3471713,255848253.99568033,False
2017-07-06,VIXY,92404818.60912669,183335541.23196045,268462175.17674094,False
2017-07-07,VIXY,89373805.82012364,177789676.9939239,259656224.3770723,False
2017-07-10,VIXY,87080073.0,174594204.55996227,252992280.74909514,False
2017-07-11,VIXY,86834313.01037355,174555975.9559627,252278278.35853133,False
2017-07-12,VIXY,84458656.02708364,170222466.92123243,245376321.8284762,False
2017-07-13,VIXY,83557546.4816802,168843687.64835185,242758343.3261339,False
2017-07-14,VIXY,81919163.21733353,165961816.15181136,237998375.8099352,False
2017-07-17,VIXY,79727823.1012954,162774289.281585,231631911.9938854,False
2017-07-18,VIXY,78765276.68345343,161221411.45783052,228835441.97281972,False
2017-07-19,VIXY,77843686.09725842,159742502.31618044,226157960.24495792,False
2017-07-20,VIXY,77126893.41910675,158675281.79706797,224075474.456621,False
2017-07-21,VIXY,76410100.74095508,157600557.46965778,221992988.66828406,False
2017-07-24,VIXY,75058433.29788184,155991293.6792612,218066011.83585313,False
2017-07-25,VIXY,75365630.15994684,157024216.00097725,218958505.74514037,False
2017-07-26,VIXY,75488510.15476008,157675365.46085277,219315506.9404223,False
2017-07-27,VIXY,76102903.87889008,159357015.12598434,221100494.7589968,False
2017-07-28,VIXY,76881133.42948028,161389021.1044285,223361472.06605718,False
2017-07-31,VIXY,76348657.61858039,161470141.00451425,221814478.9917256,False
2017-08-01,VIXY,75365630.15994684,159785617.45453864,218958505.74514037,False
2017-08-02,VIXY,75775225.97603351,161050647.41656554,220148497.62419006,False
2017-08-03,VIXY,76737778.64381164,163498099.37569162,222944985.80309084,False
2017-08-04,VIXY,76410100.74095508,163199899.31301662,221992988.66828406,False
2017-08-07,VIXY,75468029.11396852,162372848.92772,219256003.71490282,False
2017-08-08,VIXY,77618407.14842352,167405761.32111394,225503461.07991362,False
2017-08-09,VIXY,79645905.18806529,172195516.93990633,231393917.2496425,False
2017-08-10,VIXY,90500194.31436199,196136340.53362468,262928702.0444589,False
2017-08-11,VIXY,93183048.15971689,202438496.9745381,270723152.4838013,False
2017-08-14,VIXY,81038534.71272166,177327298.56225106,235439900.53311244,False
2017-08-15,VIXY,80465096.82023863,176493688.45416924,233773901.00774184,False
2017-08-16,VIXY,79994064.13171342,175879228.81995648,232405417.60996875,False
2017-08-17,VIXY,93244485.03215542,205500382.1837624,270901644.00252473,False
2017-08-18,VIXY,90500194.31436199,199925978.06615427,262928702.0444589,False
2017-08-21,VIXY,86916230.92360364,193373400.8959276,252516273.10277423,False
2017-08-22,VIXY,80526539.94261332,179578956.4928783,233952410.68430033,False
2017-08-23,VIXY,81222851.57997343,181556917.0564736,235975393.24711776,False
2017-08-24,VIXY,83475628.5684501,187029470.99478385,242520348.58189097,False
2017-08-25,VIXY,81161408.45759873,182269219.10838065,235796883.57055926,False
2017-08-28,VIXY,80444615.77944706,181922685.731834,233714397.78222233,False
2017-08-29,VIXY,81407168.4472252,184525574.04712436,236510885.9611231,False
2017-08-30,VIXY,80977091.59034696,183974577.08949065,235261390.85655394,False
2017-08-31,VIXY,78765276.68345343,179361761.10819346,228835441.97281972,False
2017-09-01,VIXY,78539997.73461851,179259864.61078182,228180942.80777538,False
2017-09-05,VIXY,82820272.76273696,190763196.67986768,240616354.31227747,False
2017-09-06,VIXY,80895173.67711686,186752469.3056843,235023396.112311,False
2017-09-07,VIXY,80485577.86103019,186228172.41990387,233833404.23326135,False
2017-09-08,VIXY,82451639.02823342,191208836.62087193,239545368.8842668,False
2017-09-11,VIXY,77864167.13804999,181792987.3709319,226217463.47047743,False
2017-09-12,VIXY,75775225.97603351,177312471.97034144,220148497.62419006,False
2017-09-13,VIXY,73133334.21226174,171513300.94817275,212473053.63588667,False
2017-09-14,VIXY,74116361.67089528,174206657.34283692,215329026.88247186,False
2017-09-15,VIXY,72846618.3909883,171603492.40563893,211640062.9521189,False
2017-09-18,VIXY,69631288.7347335,165122609.18630603,202298619.4384449,False
2017-09-19,VIXY,69631288.7347335,165487079.87505248,202298619.4384449,False
2017-09-20,VIXY,69692725.60717204,165997884.21266386,202477110.95716834,False
2017-09-21,VIXY,69692725.60717204,166362676.48010892,202477110.95716834,False
2017-09-22,VIXY,70081846.6324033,167658371.69342163,203607617.7685336,False
2017-09-25,VIXY,70225201.41807194,169104060.76700637,204024104.03149995,False
2017-09-26,VIXY,69365053.95425163,167395881.06140867,201525131.98019665,False
2017-09-27,VIXY,68975932.92902038,166817871.38228628,200394625.1688314,False
2017-09-28,VIXY,67931468.5979483,164647414.122993,197360160.4035228,False
2017-09-29,VIXY,66620756.98652203,161819318.14485234,193552171.86429578,False
2017-10-02,VIXY,65207652.671010256,159410889.02383497,189446703.5131414,False
2017-10-03,VIXY,65064297.88534162,159401000.25912973,189030217.25017506,False
2017-10-04,VIXY,65187171.63021869,160043237.47296074,189387200.28762192,False
2017-10-05,VIXY,62975356.72332515,154942567.2065036,182961251.4038877,False
2017-10-06,VIXY,63118717.758929946,155625670.11720622,183377755.8246891,False
2017-10-09,VIXY,64306543.12560682,159564173.54733604,186828725.01079914,False
2017-10-10,VIXY,62934394.64174202,156488871.2581,182842244.9528487,False
2017-10-11,VIXY,61623689.28025191,153552306.88462934,179034274.57145673,False
2017-10-12,VIXY,61255055.545748375,152954381.94393942,177963289.14344606,False
2017-10-13,VIXY,60169622.883157015,150558993.12027934,174809799.7692634,False
2017-10-16,VIXY,59084196.47050181,148770785.21747997,171656328.55291575,False
2017-10-17,VIXY,59268513.33775358,149545113.90750015,172191821.2669211,False
2017-10-18,VIXY,58940835.43489701,149026837.35684058,171239824.13211435,False
2017-10-19,VIXY,58531239.61881034,148297579.2941854,170049832.25306466,False
2017-10-20,VIXY,57445813.206155136,145848178.76160902,166896361.03671706,False
2017-10-23,VIXY,59288994.37854514,151458807.68576205,172251324.4924406,False
2017-10-24,VIXY,59903388.10267514,153341880.9985139,174036312.31101513,False
2017-10-25,VIXY,61889930.31066994,158751021.28095615,179807780.18754008,False
2017-10-26,VIXY,61603208.23946035,158338012.99754572,178974771.34593725,False
2017-10-27,VIXY,58224042.756745346,149957344.87679112,169157338.34377742,False
2017-10-30,VIXY,58736037.52685368,152198324.236699,170644828.19258952,False
2017-10-31,VIXY,57671092.15499004,149740678.01835617,167550860.2017614,False
2017-11-01,VIXY,57978289.017055035,150841777.8048629,168443354.11104864,False
2017-11-02,VIXY,57343414.252133474,149490180.14815024,166598863.06695464,False
2017-11-03,VIXY,57220534.25732024,149469349.93100312,166241861.87167272,False
2017-11-06,VIXY,56667583.655564934,148914797.45513237,164635383.7296567,False
2017-11-07,VIXY,57015736.34927691,150128133.1345949,165646865.9321479,False
2017-11-08,VIXY,57036217.39006847,150480606.13528404,165706369.1576674,False
2017-11-09,VIXY,57896371.103824936,153053025.8141985,168205359.36680573,False
2017-11-10,VIXY,59186595.42452347,156773622.3363881,171953826.5226782,False
2017-11-13,VIXY,59370912.29177524,158194135.94144788,172489319.23668352,False
2017-11-14,VIXY,59841951.230236605,159762452.30247718,173857820.7922917,False
2017-11-15,VIXY,62033285.096338585,165937444.52857405,180224266.45050642,False
2017-11-16,VIXY,59514273.32738004,159510667.98662093,172905823.65748495,False
2017-11-17,VIXY,58572201.700393476,157292303.66521406,170168838.70410368,False
2017-11-20,VIXY,56729020.52800347,153233355.09976834,164813875.24838012,False
2017-11-21,VIXY,54517205.621109925,147544279.6936174,158387926.3646459,False
2017-11-22,VIXY,54046166.68264856,146552362.85663006,157019424.80903774,False
2017-11-24,VIXY,53800412.94295826,146449187.91925603,156305440.57630897,False
2017-11-27,VIXY,53677532.948145024,146957590.46385065,155948439.38102704,False
2017-11-28,VIXY,52960740.26999336,145272377.73279014,153865953.5926901,False
2017-11-29,VIXY,54169046.677461796,148870323.31254566,157376426.00431964,False
2017-11-30,VIXY,54332882.503922,149604980.17226258,157852415.49280548,False
2017-12-01,VIXY,55827910.98260003,154013743.99500418,162195896.74603784,False
2017-12-04,VIXY,55377353.08493023,153640363.70914844,160886898.4159492,False
2017-12-05,VIXY,55131599.34523993,153247113.20489204,160172914.18322042,False
2017-12-06,VIXY,55111118.304448366,153478650.70763278,160113410.9577009,False
2017-12-07,VIXY,53267937.13205836,148624405.66643283,154758447.50197738,False
2017-12-08,VIXY,51588591.78612856,144208845.7415506,149879473.53473967,False
2017-12-11,VIXY,49806850.61114517,140010343.42067024,144703010.67665708,False
2017-12-12,VIXY,49929730.6059584,140617114.12050584,145060011.871939,False
2017-12-13,VIXY,49745410.61373855,140358395.81680614,144524510.07901615,False
2017-12-14,VIXY,49520134.78987174,139981975.27298477,143870019.99288934,False
2017-12-15,VIXY,47840792.56891001,135485275.7762746,138991055.10456917,False
2017-12-18,VIXY,47185436.76319688,134370253.5141058,137087060.83495566,False
2017-12-19,VIXY,47390234.67124022,135201512.21120468,137682056.7744805,False
2017-12-20,VIXY,47246876.760603495,135039824.72367373,137265561.43259662,False
2017-12-21,VIXY,46878239.90113188,134231570.72732696,136194566.92566842,False
2017-12-22,VIXY,47164958.847373396,135299439.6144887,137027566.6883537,False
2017-12-26,VIXY,47164958.847373396,136286940.79955444,137027566.6883537,False
2017-12-27,VIXY,47431196.752823345,137304525.49764755,137801063.2255195,False
2017-12-28,VIXY,46652964.07726506,135295881.4748101,135540076.8395416,False
2017-12-29,VIXY,137741560.0,137741560.0,137741560.0,True
