date,realised_vol,move_quantile,floor,w_vol_target,w_stress_budget,stress_move,weight,binding,stress_source
2008-01-02,,,,,,,,signal_off,undefined
2008-01-03,,0.19391537176687176,-0.0084798345398138,,1.031377750911069,0.19391537176687176,,signal_off,model
2008-01-04,,0.2128430882751786,0.041335306084705,,0.9396593594875201,0.2128430882751786,,signal_off,model
2008-01-07,,0.1966000012037423,0.041335306084705,,1.0172939917367254,0.1966000012037423,,signal_off,model
2008-01-08,,0.22578408353728244,0.048820179007323,,0.8858020320417102,0.22578408353728244,,signal_off,model
2008-01-09,,0.2067613583710121,0.048820179007323,,0.9672987330694572,0.2067613583710121,,signal_off,model
2008-01-10,,0.1931863133611047,0.048820179007323,,1.0352700277796552,0.1931863133611047,,signal_off,model
2008-01-11,,0.2194833054547371,0.048820179007323,,0.9112310368464219,0.2194833054547371,,signal_off,model
2008-01-14,,0.20596729921604268,0.048820179007323,,0.9710279290025381,0.20596729921604268,,signal_off,model
2008-01-15,,0.19146688765047523,0.048820179007323,,1.0445670395243591,0.19146688765047523,,signal_off,model
2008-01-16,0.5243783391330623,0.17779440962519322,0.048820179007323,0.28605300563709424,1.1248947614360778,0.17779440962519322,,signal_off,model
2008-01-17,0.6180794010975885,0.26774040306299407,0.0785166054345058,0.24268726596231688,0.746992227216988,0.26774040306299407,,signal_off,model
2008-01-18,0.5893213336278371,0.2444325457336976,0.0785166054345058,0.2545300694896049,0.818221646383761,0.2444325457336976,,signal_off,model
2008-01-22,0.5646658735537909,0.22680069925149973,0.0785166054345058,0.2656438205765073,0.8818314963756775,0.22680069925149973,,signal_off,model
2008-01-23,0.5922887811529248,0.21304907270579604,0.0785166054345058,0.25325483914791735,0.9387508589449917,0.21304907270579604,,signal_off,model
2008-01-24,0.5709846264793789,0.19609499851399873,0.0785166054345058,0.26270409577378917,1.0199138250113122,0.19609499851399873,,signal_off,model
2008-01-25,0.5527020296411184,0.18647389045326096,0.0785166054345058,0.2713939735256596,1.0725362114441932,0.18647389045326096,0.0,signal_off,model
2008-01-28,0.5443889880834254,0.1744485406162424,0.0785166054345058,0.2755382700302033,1.1464698947523244,0.1744485406162424,0.0,signal_off,model
2008-01-29,0.5282973354745643,0.1635766752513762,0.0785166054345058,0.28393101749274674,1.2226682055534526,0.1635766752513762,0.0,signal_off,model
2008-01-30,0.5134395601282385,0.15485286486246494,0.0785166054345058,0.292147336606738,1.2915485947104255,0.15485286486246494,0.0,signal_off,model
2008-01-31,0.5041292656052898,0.1476169805193468,0.0785166054345058,0.297542734044413,1.3548576816593796,0.1476169805193468,0.0,signal_off,model
2008-02-01,0.5016146311081865,0.14321583317547776,0.0785166054345058,0.29903433970539134,1.3964936387651108,0.14321583317547776,0.0,signal_off,model
2008-02-04,0.5137054882693177,0.16795304729788774,0.0785166054345058,0.29199610170674345,1.1908089982152728,0.16795304729788774,0.0,signal_off,model
2008-02-05,0.5301913660165491,0.21890698436333114,0.0785166054345058,0.28291671576431887,0.9136300542519454,0.21890698436333114,0.0,signal_off,model
2008-02-06,0.5275422919154902,0.21514220675257856,0.0785166054345058,0.2843373930369725,0.9296176841302337,0.21514220675257856,0.0,signal_off,model
2008-02-07,0.5091034585481835,0.1980420340168387,0.0785166054345058,0.2946355941634276,1.0098866182266883,0.1980420340168387,0.0,signal_off,model
2008-02-08,0.5088079296953247,0.19076014331240693,0.0785166054345058,0.294806726164469,1.0484370399767473,0.19076014331240693,0.0,signal_off,model
2008-02-11,0.5008276729671794,0.17828856934027595,0.0785166054345058,0.299504216912211,1.12177690774043,0.17828856934027595,0.0,signal_off,model
2008-02-12,0.48138978414700007,0.16693195072840136,0.0785166054345058,0.31159780481381194,1.1980929901514206,0.16693195072840136,0.0,signal_off,model
2008-02-13,0.4727091010113436,0.16071084209558362,0.0785166054345058,0.3173198901376778,1.2444711096781444,0.16071084209558362,0.0,signal_off,model
2008-02-14,0.4741298769880645,0.15778267058796233,0.0785166054345058,0.3163690104341938,1.2675663255965866,0.15778267058796233,0.0,signal_off,model
2008-02-15,0.47398386260029257,0.14966094923315262,0.0785166054345058,0.31646647035005493,1.3363539455334175,0.14966094923315262,0.0,signal_off,model
2008-02-19,0.3889193339322271,0.14312854095420974,0.0785166054345058,0.38568409156573047,1.3973453419327793,0.14312854095420974,0.0,signal_off,model
2008-02-20,0.38738259559615007,0.13746152972781922,0.0785166054345058,0.38721409197323975,1.4549525266888135,0.13746152972781922,0.0,signal_off,model
2008-02-21,0.3831382746284302,0.13284021990560566,0.0785166054345058,0.39150356394299396,1.5055681189184806,0.13284021990560566,0.0,signal_off,model
2008-02-22,0.3558604347460121,0.13052054669508267,0.0785166054345058,0.42151356361675707,1.5323257913348516,0.13052054669508267,0.0,signal_off,model
2008-02-25,0.3661126104594396,0.12946252012031176,0.0785166054345058,0.4097100064697662,1.5448486543760815,0.12946252012031176,0.4097100064697662,vol_target,model
2008-02-26,0.3637690723153988,0.12699155288523192,0.0785166054345058,0.4123495135120928,1.5749079010062124,0.12699155288523192,0.4123495135120928,vol_target,model
2008-02-27,0.36122428615599245,0.1272779454834001,0.0785166054345058,0.41525447138740673,1.5713641451423688,0.1272779454834001,0.41525447138740673,vol_target,model
2008-02-28,0.3770021738951257,0.1467265860207694,0.0785166054345058,0.39787568981426336,1.3630794897094496,0.1467265860207694,0.39787568981426336,vol_target,model
2008-02-29,0.42862119085457706,0.2070243570193408,0.0785166054345058,0.34995936552024587,0.9660699005639971,0.2070243570193408,0.0,signal_off,model
2008-03-03,0.4246959935004334,0.19082170238143598,0.0785166054345058,0.35319381933337435,1.0480988142544574,0.19082170238143598,0.0,signal_off,model
2008-03-04,0.4181937093073603,0.17775227344207367,0.0785166054345058,0.35868545284538067,1.1251614177816773,0.17775227344207367,0.0,signal_off,model
2008-03-05,0.4098301555631561,0.16776461594266986,0.0785166054345058,0.3660052779519894,1.1921465016696127,0.16776461594266986,0.0,signal_off,model
2008-03-06,0.4343546264477699,0.2433821539292273,0.0785166054345058,0.3453399385353091,0.8217529378023242,0.2433821539292273,0.0,signal_off,model
2008-03-07,0.4233692753811192,0.22158596392324448,0.0785166054345058,0.3543006276612048,0.9025842452244779,0.22158596392324448,0.0,signal_off,model
2008-03-10,0.4322986395469194,0.21903033881738018,0.0785166054345058,0.3469823549692661,0.9131155121243409,0.21903033881738018,0.0,signal_off,model
2008-03-11,0.4696551040258025,0.20929092488769574,0.0785166054345058,0.3193833064183182,0.9556076074837876,0.20929092488769574,0.0,signal_off,model
2008-03-12,0.4764960523965679,0.21016072344681488,0.0785166054345058,0.314797990970891,0.9516526053005036,0.21016072344681488,0.0,signal_off,model
2008-03-13,0.47434390406578164,0.19406860141359653,0.0785166054345058,0.3162262626636351,1.030563411820352,0.19406860141359653,0.0,signal_off,model
2008-03-14,0.49807030972138727,0.24200293891043445,0.0785166054345058,0.30116229992489946,0.8264362445367667,0.24200293891043445,0.0,signal_off,model
2008-03-17,0.4970175513982463,0.22150695933046552,0.0785166054345058,0.3018002072120169,0.9029061687475952,0.22150695933046552,0.0,signal_off,model
2008-03-18,0.5860470031949729,0.2233663470531791,0.0785166054345058,0.2559521662635245,0.895390029154141,0.2233663470531791,0.0,signal_off,model
2008-03-19,0.6040162849203408,0.2416125311095174,0.0785166054345058,0.24833767523301525,0.8277716353600245,0.2416125311095174,0.0,signal_off,model
2008-03-20,0.606583083560386,0.22042927042516705,0.0785166054345058,0.24728681703347785,0.907320518796062,0.22042927042516705,0.0,signal_off,model
2008-03-24,0.613386193103382,0.20326279089383123,0.0785166054345058,0.2445441414993156,0.9839479184582511,0.20326279089383123,0.0,signal_off,model
2008-03-25,0.6070693693715029,0.1876936570315866,0.0785166054345058,0.24708873082378469,1.0655661100275882,0.1876936570315866,0.0,signal_off,model
2008-03-26,0.6003492891108153,0.18629733384185418,0.0785166054345058,0.2498545475454245,1.0735526691422104,0.18629733384185418,0.0,signal_off,model
2008-03-27,0.5970626501851487,0.17335258626399083,0.0785166054345058,0.25122991691656665,1.1537180050802878,0.17335258626399083,0.0,signal_off,model
2008-03-28,0.597319188044185,0.16266050398650655,0.0785166054345058,0.2511220181811808,1.2295547788084498,0.16266050398650655,0.0,signal_off,model
2008-03-31,0.5968348420283975,0.15437660290197366,0.0785166054345058,0.25132580981735475,1.2955331069630829,0.15437660290197366,0.0,signal_off,model
2008-04-01,0.6121652174352792,0.16247389550918728,0.0785166054345058,0.2450318896399217,1.230966977022415,0.16247389550918728,0.2450318896399217,vol_target,model
2008-04-02,0.6159475755419962,0.16164569348016994,0.0785166054345058,0.24352721880268652,1.237273914906587,0.16164569348016994,0.0,signal_off,model
2008-04-03,0.6139801525549745,0.1528392784278244,0.0785166054345058,0.2443075714675798,1.3085641469738187,0.1528392784278244,0.0,signal_off,model
2008-04-04,0.6081818980636611,0.14542480308796865,0.0785166054345058,0.24663673890586404,1.3752812158117098,0.14542480308796865,0.24663673890586404,vol_target,model
2008-04-07,0.5614461395119881,0.1425913151157243,0.0785166054345058,0.26716721238902946,1.4026099684800857,0.1425913151157243,0.26716721238902946,vol_target,model
2008-04-08,0.5612181037201288,0.1369918075655638,0.0785166054345058,0.26727576855717894,1.4599413173249844,0.1369918075655638,0.26727576855717894,vol_target,model
2008-04-09,0.5586887561014686,0.14957278866484744,0.0785166054345058,0.26848580423687124,1.3371416136938281,0.14957278866484744,0.26848580423687124,vol_target,model
2008-04-10,0.5299537950494264,0.14351664609021417,0.0785166054345058,0.28304354342063004,1.393566568398488,0.14351664609021417,0.28304354342063004,vol_target,model
2008-04-11,0.5301324348223415,0.1600731989341378,0.0785166054345058,0.2829481656791442,1.2494283948326048,0.1600731989341378,0.2829481656791442,vol_target,model
2008-04-14,0.5295055759783142,0.15139989432067816,0.0785166054345058,0.28328313582507625,1.3210048850918126,0.15139989432067816,0.28328313582507625,vol_target,model
2008-04-15,0.47829056414773385,0.1453304589962711,0.0785166054345058,0.31361689157988104,1.3761740063391092,0.1453304589962711,0.31361689157988104,vol_target,model
2008-04-16,0.5075103363637831,0.15164079264331062,0.0785166054345058,0.29556048271789304,1.3189063214041612,0.15164079264331062,0.29556048271789304,vol_target,model
2008-04-17,0.43027109739559083,0.14526491154677543,0.0785166054345058,0.34861742029139864,1.3767949732003921,0.14526491154677543,0.34861742029139864,vol_target,model
2008-04-18,0.39573141306173854,0.14332847712221553,0.0785166054345058,0.37904496597695747,1.395396113986901,0.14332847712221553,0.37904496597695747,vol_target,model
2008-04-21,0.39551904774707053,0.13800117088514993,0.0785166054345058,0.37924848589320814,1.4492630657927386,0.13800117088514993,0.37924848589320814,vol_target,model
2008-04-22,0.3977552205174889,0.1360315346639932,0.0785166054345058,0.3771163576554607,1.4702473253280066,0.1360315346639932,0.3771163576554607,vol_target,model
2008-04-23,0.39645474702983136,0.1318431605270211,0.0785166054345058,0.3783533962546126,1.5169539261690426,0.1318431605270211,0.3783533962546126,vol_target,model
2008-04-24,0.3824002110485077,0.13035783803712467,0.0785166054345058,0.39225919773609225,1.534238393421667,0.13035783803712467,0.39225919773609225,vol_target,model
2008-04-25,0.3847255168991519,0.1290423362422343,0.0785166054345058,0.38988835783231784,1.5498789453452406,0.1290423362422343,0.38988835783231784,vol_target,model
2008-04-28,0.38224060161832873,0.12601992410997387,0.0785166054345058,0.39242299055864444,1.5870506303865564,0.12601992410997387,0.39242299055864444,vol_target,model
2008-04-29,0.3918751964232666,0.12939233756304858,0.0785166054345058,0.3827749277552748,1.5456865821173273,0.12939233756304858,0.3827749277552748,vol_target,model
2008-04-30,0.3510340294572588,0.141207583658129,0.0785166054345058,0.4273089997340662,1.416354524444031,0.141207583658129,0.4273089997340662,vol_target,model
2008-05-01,0.38360318873065763,0.14871285046036734,0.0785166054345058,0.3910290748529744,1.3448736903425904,0.14871285046036734,0.3910290748529744,vol_target,model
2008-05-02,0.38358614493878296,0.14237039194527343,0.0785166054345058,0.39104644935478233,1.4047864676588033,0.14237039194527343,0.39104644935478233,vol_target,model
2008-05-05,0.39003024819834153,0.14048771925210524,0.0785166054345058,0.38458555635849223,1.4236119787886938,0.14048771925210524,0.38458555635849223,vol_target,model
2008-05-06,0.3954670208595839,0.14037850536399202,0.0785166054345058,0.37929837910114783,1.4247195429343935,0.14037850536399202,0.37929837910114783,vol_target,model
2008-05-07,0.44275084408588233,0.18401615785057432,0.0785166054345058,0.3387909972474357,1.08686107967978,0.18401615785057432,0.3387909972474357,vol_target,model
2008-05-08,0.42755380010464944,0.17160232931507882,0.0785166054345058,0.35083304127640896,1.1654853450898108,0.17160232931507882,0.35083304127640896,vol_target,model
2008-05-09,0.43112112777706385,0.16385379898809876,0.0785166054345058,0.347930060336932,1.2206003231852236,0.16385379898809876,0.347930060336932,vol_target,model
2008-05-12,0.4168692951444413,0.15793310436818833,0.0785166054345058,0.35982501409231016,1.2663589486200526,0.15793310436818833,0.35982501409231016,vol_target,model
2008-05-13,0.4167796761298871,0.14962941633651589,0.0785166054345058,0.35990238629883026,1.3366355687052933,0.14962941633651589,0.35990238629883026,vol_target,model
2008-05-14,0.41737824899205467,0.14415618758288026,0.0785166054345058,0.3593862410469201,1.3873840821783197,0.14415618758288026,0.3593862410469201,vol_target,model
2008-05-15,0.38310662804838963,0.1402494688894259,0.0785166054345058,0.3915359041531741,1.426030355649204,0.1402494688894259,0.3915359041531741,vol_target,model
2008-05-16,0.38652998803490357,0.13876823962834808,0.0785166054345058,0.3880682085304466,1.4412519790958225,0.13876823962834808,0.3880682085304466,vol_target,model
2008-05-19,0.37667597665519303,0.13496548568941089,0.0785166054345058,0.3982202457718962,1.4818603362066187,0.13496548568941089,0.3982202457718962,vol_target,model
2008-05-20,0.4325038072230993,0.19228673157670562,0.0785166054345058,0.3468177562715077,1.040113367989811,0.19228673157670562,0.3468177562715077,vol_target,model
2008-05-21,0.4923546715050969,0.2473704000207596,0.0785166054345058,0.30465842751417294,0.8085041701966597,0.2473704000207596,0.30465842751417294,vol_target,model
2008-05-22,0.494510711739289,0.22552559518145218,0.0785166054345058,0.3033301330772416,0.8868173026617447,0.22552559518145218,0.3033301330772416,vol_target,model
2008-05-23,0.49525199345431686,0.21734514798719595,0.0785166054345058,0.30287611555840477,0.9201953752001045,0.21734514798719595,0.30287611555840477,vol_target,model
2008-05-27,0.4986565711875329,0.20165121414133574,0.0785166054345058,0.30080822888341835,0.9918115338488446,0.20165121414133574,0.30080822888341835,vol_target,model
2008-05-28,0.49911567845144095,0.18636837743389342,0.0785166054345058,0.3005315330213445,1.0731434310573522,0.18636837743389342,0.3005315330213445,vol_target,model
2008-05-29,0.5361314371087866,0.1842161654252981,0.0785166054345058,0.27978213851608824,1.0856810505107515,0.1842161654252981,0.27978213851608824,vol_target,model
2008-05-30,0.5307261801664638,0.17304832672301154,0.0785166054345058,0.2826316198551804,1.155746511898543,0.17304832672301154,0.2826316198551804,vol_target,model
2008-06-02,0.539072518560899,0.22493787083949907,0.0785166054345058,0.27825569813953427,0.8891344052185277,0.22493787083949907,0.27825569813953427,vol_target,model
2008-06-03,0.5417036409524064,0.2136892124396384,0.0785166054345058,0.2769041753831942,0.9359386827095671,0.2136892124396384,0.2769041753831942,vol_target,model
2008-06-04,0.5407170231400104,0.1970516233408518,0.0785166054345058,0.2774094278166637,1.0149624581069714,0.1970516233408518,0.2774094278166637,vol_target,model
2008-06-05,0.5548254251362487,0.19013618770855276,0.0785166054345058,0.2703553103449872,1.0518776168299264,0.19013618770855276,0.2703553103449872,vol_target,model
2008-06-06,0.6575457105717604,0.3454725279844238,0.1104268580368008,0.2281210227492313,0.5789172330629351,0.3454725279844238,0.2281210227492313,vol_target,model
2008-06-09,0.6613565942951551,0.308937987626036,0.1104268580368008,0.22680653870226156,0.6473791117008779,0.308937987626036,0.22680653870226156,vol_target,model
2008-06-10,0.6607729948187954,0.27753608811939273,0.1104268580368008,0.22700685587360406,0.7206270051409039,0.27753608811939273,0.22700685587360406,vol_target,model
2008-06-11,0.6553183271450761,0.2657724451495835,0.1104268580368008,0.22889639093947178,0.7525234600126998,0.2657724451495835,0.22889639093947178,vol_target,model
2008-06-12,0.6575874101425733,0.24084055939450433,0.1104268580368008,0.22810655691762421,0.8304249105832452,0.24084055939450433,0.22810655691762421,vol_target,model
2008-06-13,0.6688692141528639,0.22308455818858433,0.1104268580368008,0.22425908806399164,0.8965210394837377,0.22308455818858433,0.22425908806399164,vol_target,model
2008-06-16,0.6638031312790195,0.20465378744028417,0.1104268580368008,0.22597061226719312,0.9772601939182675,0.20465378744028417,0.22597061226719312,vol_target,model
2008-06-17,0.6636330085843182,0.1887412912190613,0.1104268580368008,0.22602853996063954,1.0596515405199352,0.1887412912190613,0.22602853996063954,vol_target,model
2008-06-18,0.6644483242421962,0.19413433609435063,0.1104268580368008,0.22575119016377246,1.030214458831222,0.19413433609435063,0.22575119016377246,vol_target,model
2008-06-19,0.6449098294368532,0.18056060767020632,0.1104268580368008,0.23259065555099803,1.1076613142845626,0.18056060767020632,0.23259065555099803,vol_target,model
2008-06-20,0.611015549807074,0.18176721546749558,0.1104268580368008,0.24549293393165195,1.1003084328799926,0.18176721546749558,0.24549293393165195,vol_target,model
2008-06-23,0.6075162334843309,0.16967899606854817,0.1104268580368008,0.2469069824516365,1.1786962713947373,0.16967899606854817,0.2469069824516365,vol_target,model
2008-06-24,0.6024764074997794,0.16091011568509775,0.1104268580368008,0.2489724047825971,1.24292993730364,0.16091011568509775,0.0,signal_off,model
2008-06-25,0.6116533649519371,0.1577708786985036,0.1104268580368008,0.24523694071688265,1.2676610642588564,0.1577708786985036,0.24523694071688265,vol_target,model
2008-06-26,0.6774829943968373,0.26948021857495796,0.1104268580368008,0.22140777147261814,0.7421695034152145,0.26948021857495796,0.0,signal_off,model
2008-06-27,0.637604749569405,0.2437174934990719,0.1104268580368008,0.23525546210454018,0.8206222587003654,0.2437174934990719,0.0,signal_off,model
2008-06-30,0.6319175154433674,0.22207985167627045,0.1104268580368008,0.23737275250988518,0.9005769703572362,0.22207985167627045,0.0,signal_off,model
2008-07-01,0.6047100799732937,0.20345977824112293,0.1104268580368008,0.24805275282764355,0.982995271738561,0.20345977824112293,0.0,signal_off,model
2008-07-02,0.6250417746683185,0.23519327605346246,0.1104268580368008,0.23998395959949756,0.8503644464501503,0.23519327605346246,0.0,signal_off,model
2008-07-03,0.6269275306259714,0.21465649580237237,0.1104268580368008,0.23926210394721184,0.9317211633983528,0.21465649580237237,0.0,signal_off,model
2008-07-07,0.5909578656591491,0.19959934371323804,0.1104268580368008,0.2538252026355404,1.0020073026258924,0.19959934371323804,0.0,signal_off,model
2008-07-08,0.504866097430789,0.19394979200335657,0.1104268580368008,0.29710848235469633,1.0311947124776433,0.19394979200335657,0.0,signal_off,model
2008-07-09,0.5314333359876247,0.22993506748904308,0.1104268580368008,0.28225553393491487,0.8698107782516925,0.22993506748904308,0.0,signal_off,model
2008-07-10,0.5314790605303876,0.211554241556367,0.1104268580368008,0.2822312507482572,0.9453840231641564,0.211554241556367,0.0,signal_off,model
2008-07-11,0.5276037057251808,0.20577636417873538,0.1104268580368008,0.28430429576651284,0.9719289229266483,0.20577636417873538,0.0,signal_off,model
2008-07-14,0.5294492288386266,0.2040687284270929,0.1104268580368008,0.28331328450327997,0.9800619700115076,0.2040687284270929,0.0,signal_off,model
2008-07-15,0.5038435322504612,0.19079321135940708,0.1104268580368008,0.29771147270663945,1.0482553261460106,0.19079321135940708,0.0,signal_off,model
2008-07-16,0.5426015677427815,0.18545971426936772,0.1104268580368008,0.276445939188858,1.0784013163608863,0.18545971426936772,0.0,signal_off,model
2008-07-17,0.548830379106577,0.1734535501142419,0.1104268580368008,0.2733084860283793,1.1530464488520056,0.1734535501142419,0.0,signal_off,model
2008-07-18,0.543043228405389,0.16263842141336957,0.1104268580368008,0.2762211038713533,1.22972172419007,0.16263842141336957,0.0,signal_off,model
2008-07-21,0.5476365650489443,0.1553951024114846,0.1104268580368008,0.2739042817321629,1.2870418494297338,0.1553951024114846,0.0,signal_off,model
2008-07-22,0.5595383309430795,0.1521621277123271,0.1104268580368008,0.2680781489039026,1.3143875089477828,0.1521621277123271,0.2680781489039026,vol_target,model
2008-07-23,0.5595409710678328,0.14490333983325865,0.1104268580368008,0.2680768840103678,1.380230436580285,0.14490333983325865,0.2680768840103678,vol_target,model
2008-07-24,0.5837095128516141,0.18864650225904073,0.1104268580368008,0.2569771379383563,1.0601839822366237,0.18864650225904073,0.2569771379383563,vol_target,model
2008-07-25,0.5619650431434899,0.17526732137723258,0.1104268580368008,0.26692051726373944,1.1411140332859575,0.17526732137723258,0.26692051726373944,vol_target,model
2008-07-28,0.4909588082188426,0.18597005776997916,0.1104268580368008,0.3055246132444134,1.0754419415590766,0.18597005776997916,0.3055246132444134,vol_target,model
2008-07-29,0.5344300524841957,0.1838532820959196,0.1104268580368008,0.28067283885468963,1.0878239306908666,0.1838532820959196,0.28067283885468963,vol_target,model
2008-07-30,0.5540190984029679,0.17710988679722728,0.1104268580368008,0.2707487890442667,1.1292424359628188,0.17710988679722728,0.2707487890442667,vol_target,model
2008-07-31,0.5814226131525172,0.2103150286600412,0.1104268580368008,0.2579879017547816,0.9509543910116158,0.2103150286600412,0.2579879017547816,vol_target,model
2008-08-01,0.550257132060952,0.19491835997097096,0.1104268580368008,0.2725998288076428,1.0260706073547194,0.19491835997097096,0.2725998288076428,vol_target,model
2008-08-04,0.5499318104685128,0.18054027211928497,0.1104268580368008,0.2727610899107799,1.1077860781546722,0.18054027211928497,0.2727610899107799,vol_target,model
2008-08-05,0.5692466308920688,0.1751907719698276,0.1104268580368008,0.26350617089280676,1.1416126417574393,0.1751907719698276,0.26350617089280676,vol_target,model
2008-08-06,0.5439901483809868,0.16622337503339463,0.1104268580368008,0.2757402876622438,1.203200211521512,0.16622337503339463,0.2757402876622438,vol_target,model
2008-08-07,0.5311477433845883,0.19371092695910455,0.1104268580368008,0.28240729979227164,1.0324662792111008,0.19371092695910455,0.28240729979227164,vol_target,model
2008-08-08,0.5358315436700232,0.18163686429216822,0.1104268580368008,0.27993872658675223,1.1010980660748149,0.18163686429216822,0.27993872658675223,vol_target,model
2008-08-11,0.525815845403965,0.16982781749205317,0.1104268580368008,0.2852709771132144,1.1776633707805773,0.16982781749205317,0.2852709771132144,vol_target,model
2008-08-12,0.5379604570678935,0.1917415949885588,0.1104268580368008,0.27883090295811314,1.0430704929305192,0.1917415949885588,0.27883090295811314,vol_target,model
2008-08-13,0.5427515055228843,0.1864676253237529,0.1104268580368008,0.27636956963480125,1.0725722476100161,0.1864676253237529,0.27636956963480125,vol_target,model
2008-08-14,0.5253324106251873,0.1765854284538299,0.1104268580368008,0.2855334964417826,1.1325962835732626,0.1765854284538299,0.2855334964417826,vol_target,model
2008-08-15,0.5237749792324767,0.16547954369726048,0.1104268580368008,0.28638252292960853,1.2086086021961338,0.16547954369726048,0.28638252292960853,vol_target,model
2008-08-18,0.5280377280669754,0.16163579577262943,0.1104268580368008,0.28407061091849534,1.237349678912318,0.16163579577262943,0.28407061091849534,vol_target,model
2008-08-19,0.5366227843672731,0.1761850186780401,0.1104268580368008,0.2795259619415221,1.1351702971152124,0.1761850186780401,0.2795259619415221,vol_target,model
2008-08-20,0.5251273637316961,0.16593632472413342,0.1104268580368008,0.28564498893003726,1.205281606257683,0.16593632472413342,0.28564498893003726,vol_target,model
2008-08-21,0.5262063631122426,0.15649312700182144,0.1104268580368008,0.2850592666968647,1.2780113978914371,0.15649312700182144,0.2850592666968647,vol_target,model
2008-08-22,0.5003640517419514,0.1503495725343937,0.1104268580368008,0.2997817278795205,1.330233246617634,0.1503495725343937,0.2997817278795205,vol_target,model
2008-08-25,0.5288344090727664,0.1864927998030599,0.1104268580368008,0.283642662857364,1.0724274621390422,0.1864927998030599,0.283642662857364,vol_target,model
2008-08-26,0.5144714601991968,0.17363587812688558,0.1104268580368008,0.2915613626884607,1.151835681412851,0.17363587812688558,0.2915613626884607,vol_target,model
2008-08-27,0.47908479235319296,0.16409436977624037,0.1104268580368008,0.3130969765565348,1.2188108603160528,0.16409436977624037,0.3130969765565348,vol_target,model
2008-08-28,0.4616570940214689,0.15644831871378964,0.1104268580368008,0.3249164844264787,1.2783774325238029,0.15644831871378964,0.3249164844264787,vol_target,model
2008-08-29,0.4346349238998825,0.1612570139519676,0.1104268580368008,0.3451172277047674,1.2402561296314993,0.1612570139519676,0.3451172277047674,vol_target,model
2008-09-02,0.43742679053675093,0.15799734078705413,0.1104268580368008,0.34291452477325474,1.265844089550572,0.15799734078705413,0.34291452477325474,vol_target,model
2008-09-03,0.43860643247311865,0.1499938976243616,0.1104268580368008,0.3419922483904593,1.333387578879186,0.1499938976243616,0.3419922483904593,vol_target,model
2008-09-04,0.48291816148313843,0.24158166716606083,0.1104268580368008,0.31061163560160987,0.8278773896469636,0.24158166716606083,0.31061163560160987,vol_target,model
2008-09-05,0.4770867630242341,0.2208184289679535,0.1104268580368008,0.31440822010897124,0.90572150583059,0.2208184289679535,0.31440822010897124,vol_target,model
2008-09-08,0.47026333420124294,0.20501737472769954,0.1104268580368008,0.31897022176900036,0.9755270755253621,0.20501737472769954,0.31897022176900036,vol_target,model
2008-09-09,0.517964029986898,0.2680580517840831,0.1104268580368008,0.28959539913185534,0.7461070416235701,0.2680580517840831,0.0,signal_off,model
2008-09-10,0.5201434953952576,0.24314046837999784,0.1104268580368008,0.28838195868625605,0.8225697734834716,0.24314046837999784,0.0,signal_off,model
2008-09-11,0.5047341268122862,0.22314578385716333,0.1104268580368008,0.2971861660065358,0.8962750563462178,0.22314578385716333,0.0,signal_off,model
2008-09-12,0.5016998018464559,0.20640945632406507,0.1104268580368008,0.2989835743365654,0.9689478552087161,0.20640945632406507,0.0,signal_off,model
2008-09-15,0.5223764936453379,0.25100131673815207,0.1104268580368008,0.28714921483783484,0.7968085689711448,0.25100131673815207,0.0,signal_off,model
2008-09-16,0.5256429830658939,0.22867234238082493,0.1104268580368008,0.285364790993883,0.8746138598034967,0.22867234238082493,0.0,signal_off,model
2008-09-17,0.5543485375761174,0.26208501181287075,0.1104268580368008,0.270587888002507,0.7631111699848003,0.26208501181287075,0.0,signal_off,model
2008-09-18,0.5801786282718484,0.24288178626731835,0.1104268580368008,0.25854106423533413,0.8234458543543394,0.24288178626731835,0.0,signal_off,model
2008-09-19,0.5811986194194312,0.2221812424431699,0.1104268580368008,0.2580873301967535,0.9001659987168203,0.2221812424431699,0.0,signal_off,model
2008-09-22,0.6207044723354447,0.27919438533753693,0.1104268580368008,0.24166089771451837,0.7163467838302211,0.27919438533753693,0.0,signal_off,model
2008-09-23,0.6647708047380101,0.35034532311038546,0.1104268580368008,0.2256416782008287,0.570865334306132,0.35034532311038546,0.0,signal_off,model
2008-09-24,0.6602009478152864,0.3127493263286568,0.1104268580368008,0.2272035514283563,0.6394897867496199,0.3127493263286568,0.0,signal_off,model
2008-09-25,0.671901289994552,0.28232737892312615,0.1104268580368008,0.2232470784528725,0.7083974666674366,0.28232737892312615,0.0,signal_off,model
2008-09-26,0.6632063206542359,0.2666808680794376,0.1104268580368008,0.22617396024215944,0.7499600606535636,0.2666808680794376,0.0,signal_off,model
2008-09-29,0.782463846712353,0.45857473686986805,0.1400097577775225,0.19170214781200304,0.4361339252248319,0.45857473686986805,0.0,signal_off,model
2008-09-30,0.8293436301544775,0.41082374601459076,0.1400097577775225,0.1808659216108771,0.4868267765439655,0.41082374601459076,0.0,signal_off,model
2008-10-01,0.8313026690056754,0.3784178113142973,0.1400097577775225,0.18043969494217507,0.5285163489143716,0.3784178113142973,0.0,signal_off,model
2008-10-02,0.841188849588457,0.38979200686681537,0.1400097577775225,0.17831905412605736,0.5130941540018195,0.38979200686681537,0.0,signal_off,model
2008-10-03,0.8206513467167685,0.36134277714614155,0.1400097577775225,0.18278164119283352,0.5534910690054058,0.36134277714614155,0.0,signal_off,model
2008-10-06,0.8099497418777469,0.34000215759393787,0.1400097577775225,0.1851966760952939,0.588231561279851,0.34000215759393787,0.0,signal_off,model
2008-10-07,0.8237994079250796,0.4099479446515262,0.1400097577775225,0.18208316072696396,0.4878668197007521,0.4099479446515262,0.0,signal_off,model
2008-10-08,0.8166426209257788,0.4021818323299932,0.1400097577775225,0.18367887758534326,0.4972875051101227,0.4021818323299932,0.0,signal_off,model
2008-10-09,0.8356815903339615,0.4619604135071752,0.1400097577775225,0.17949420178091496,0.4329375291740092,0.4619604135071752,0.0,signal_off,model
2008-10-10,0.831457026484742,0.4297708363512558,0.1400097577775225,0.18040619685923437,0.4653642897177372,0.4297708363512558,0.0,signal_off,model
2008-10-13,0.9125016927556608,0.3910287882028813,0.1400097577775225,0.16438325670061552,0.5114712932497237,0.3910287882028813,0.0,signal_off,model
2008-10-14,0.9061609651524669,0.3570653327659902,0.1400097577775225,0.16553350427620947,0.5601215846150877,0.3570653327659902,0.0,signal_off,model
2008-10-15,0.9664499472801992,0.5150151668794931,0.1402818584731837,0.1552072100807007,0.38833807790906755,0.5150151668794931,0.0,signal_off,model
2008-10-16,0.9646335666970012,0.45860729501154235,0.1402818584731837,0.1554994613276983,0.4361029625465647,0.45860729501154235,0.0,signal_off,model
2008-10-17,0.927768713997705,0.47366407568135427,0.1402818584731837,0.16167822619676206,0.4222401703407734,0.47366407568135427,0.0,signal_off,model
2008-10-20,0.9629592307260889,0.4228002435134185,0.1402818584731837,0.1557698344995325,0.4730366244305452,0.4228002435134185,0.0,signal_off,model
2008-10-21,0.9816787386674273,0.37532630418136337,0.1402818584731837,0.1527994791897158,0.5328696597384152,0.37532630418136337,0.0,signal_off,model
2008-10-22,0.9942221990588127,0.44943737250464844,0.1402818584731837,0.15087170668890568,0.4450008215503517,0.44943737250464844,0.0,signal_off,model
2008-10-23,0.9794961535514415,0.4113564167048522,0.1402818584731837,0.15313995818782175,0.48619637831856116,0.4113564167048522,0.0,signal_off,model
2008-10-24,0.9803178926800068,0.4949005905618115,0.1402818584731837,0.15301159054633584,0.4041215626212122,0.4949005905618115,0.0,signal_off,model
2008-10-27,0.979143244640761,0.47222265311254746,0.1402818584731837,0.15319515384598673,0.4235290253056388,0.47222265311254746,0.0,signal_off,model
2008-10-28,1.019126683807929,0.42986880391806453,0.1402818584731837,0.14718484206451213,0.46525823269120303,0.42986880391806453,0.0,signal_off,model
2008-10-29,0.9594947711894753,0.4065683318408622,0.1402818584731837,0.1563322745511647,0.4919222289016928,0.4065683318408622,0.0,signal_off,model
2008-10-30,0.9773328295123099,0.36069502243213664,0.1402818584731837,0.1534789331438402,0.5544850567978914,0.36069502243213664,0.0,signal_off,model
2008-10-31,0.9824737257605605,0.3214133096377943,0.1402818584731837,0.152675838617344,0.6222517674373321,0.3214133096377943,0.0,signal_off,model
2008-11-03,1.0097453718084122,0.2899721206266944,0.1402818584731837,0.14855230257837795,0.6897214793193063,0.2899721206266944,0.0,signal_off,model
2008-11-04,1.0919006876954933,0.27988829906847107,0.1402818584731837,0.13737513098978069,0.714570779363208,0.27988829906847107,0.0,signal_off,model
2008-11-05,1.0719152230789066,0.31240924037106316,0.1402818584731837,0.1399364397206234,0.6401859297197823,0.31240924037106316,0.0,signal_off,model
2008-11-06,1.1150139878099607,0.4351091179871309,0.1402818584731837,0.13452746031878973,0.45965481239562384,0.4351091179871309,0.0,signal_off,model
2008-11-07,1.0967848182972049,0.3858074165007805,0.1402818584731837,0.13676338101842075,0.5183933523465467,0.3858074165007805,0.0,signal_off,model
2008-11-10,1.0937329995291074,0.34900103549715694,0.1402818584731837,0.13714498882687143,0.5730642022740625,0.34900103549715694,0.0,signal_off,model
2008-11-11,1.036556727364253,0.3241724855759602,0.1402818584731837,0.14470988035687984,0.616955506401656,0.3241724855759602,0.0,signal_off,model
2008-11-12,1.052340503418233,0.36485438806813025,0.1402818584731837,0.14253941524893043,0.5481638882267011,0.36485438806813025,0.0,signal_off,model
2008-11-13,1.0160749685112063,0.3338953134380651,0.1402818584731837,0.14762690219579566,0.5989901383779033,0.3338953134380651,0.0,signal_off,model
2008-11-14,1.0359274419101365,0.36946434115212345,0.1402818584731837,0.1447977859563373,0.5413242300361861,0.36946434115212345,0.0,signal_off,model
2008-11-17,1.020193022695444,0.3665471429517481,0.1402818584731837,0.1470309996863987,0.545632407306276,0.3665471429517481,0.0,signal_off,model
2008-11-18,0.9835373884672253,0.3309655714935552,0.1402818584731837,0.15251072481724826,0.6042924618940148,0.3309655714935552,0.0,signal_off,model
2008-11-19,1.0005400774080233,0.4072455387822691,0.1402818584731837,0.14991903211772048,0.4911042134384892,0.4072455387822691,0.0,signal_off,model
2008-11-20,0.9673509670686038,0.3948502398359209,0.1402818584731837,0.1550626454166372,0.5065211561809094,0.3948502398359209,0.0,signal_off,model
2008-11-21,1.0029760080865269,0.3554259284518795,0.1402818584731837,0.14955492333876394,0.5627051489212826,0.3554259284518795,0.0,signal_off,model
2008-11-24,0.9858888076246035,0.3250314197785393,0.1402818584731837,0.15214697523690263,0.6153251280638357,0.3250314197785393,0.0,signal_off,model
2008-11-25,0.9803350823344411,0.2921937079473491,0.1402818584731837,0.15300890756945035,0.6844774358934462,0.2921937079473491,0.0,signal_off,model
2008-11-26,0.952154668202807,0.27142693414688845,0.1402818584731837,0.15753743063942033,0.7368465499881665,0.27142693414688845,0.0,signal_off,model
2008-11-28,0.9435705846348196,0.2453923165305277,0.1402818584731837,0.15897061909581778,0.8150214433267281,0.2453923165305277,0.0,signal_off,model
2008-12-01,1.025828423485692,0.4166287892380896,0.1402818584731837,0.14622328312010566,0.4800436387647389,0.4166287892380896,0.0,signal_off,model
2008-12-02,1.0365694602745024,0.3707016589714928,0.1402818584731837,0.1447081027838475,0.5395174128837124,0.3707016589714928,0.0,signal_off,model
2008-12-03,1.0248612491960272,0.32992539086134764,0.1402818584731837,0.1463612758484824,0.6061976602584392,0.32992539086134764,0.0,signal_off,model
2008-12-04,0.9568312403676663,0.32428311508099056,0.1402818584731837,0.15676745665448996,0.6167450314212305,0.32428311508099056,0.0,signal_off,model
2008-12-05,0.9553307178677749,0.2914059354033981,0.1402818584731837,0.15701368876192792,0.686327818694347,0.2914059354033981,0.0,signal_off,model
2008-12-08,0.9028428034990336,0.2662551168077194,0.1402818584731837,0.1661418792049557,0.7511592730983396,0.2662551168077194,0.0,signal_off,model
2008-12-09,0.8934509974274887,0.24588122006851187,0.1402818584731837,0.1678883345946164,0.8134008768309853,0.24588122006851187,0.0,signal_off,model
2008-12-10,0.8985123396234689,0.22425366432428992,0.1402818584731837,0.16694261546019398,0.8918471883285838,0.22425366432428992,0.0,signal_off,model
2008-12-11,0.8957527072289636,0.20892218321295727,0.1402818584731837,0.1674569317954162,0.9572942275648022,0.20892218321295727,0.0,signal_off,model
2008-12-12,0.8633496854296848,0.19274980138457412,0.1402818584731837,0.17374188296060564,1.0376145581647593,0.19274980138457412,0.0,signal_off,model
2008-12-15,0.8234260008665474,0.1810260862482801,0.1402818584731837,0.18216573176234993,1.1048131467953017,0.1810260862482801,0.0,signal_off,model
2008-12-16,0.8067481186867955,0.17568864143326807,0.1402818584731837,0.18593163904015822,1.1383775204156619,0.17568864143326807,0.0,signal_off,model
2008-12-17,0.7840428315380161,0.16440477441021245,0.1402818584731837,0.1913160786200325,1.2165096829911557,0.16440477441021245,0.0,signal_off,model
2008-12-18,0.7893042711839441,0.1582972266520769,0.1402818584731837,0.19004078081954673,1.2634460137421235,0.1582972266520769,0.0,signal_off,model
2008-12-19,0.7201013557307,0.16110492473970223,0.1402818584731837,0.2083040099928603,1.2414269788657342,0.16110492473970223,0.0,signal_off,model
2008-12-22,0.6869959421573767,0.15630384662779176,0.1402818584731837,0.21834190101466142,1.2795590403879338,0.15630384662779176,0.0,signal_off,model
2008-12-23,0.6804578262065372,0.15504758916565717,0.1402818584731837,0.2204398189322478,1.289926538530789,0.15504758916565717,0.0,signal_off,model
2008-12-24,0.6536507297973977,0.14741793770944495,0.1402818584731837,0.22948035267472774,1.3566870023252684,0.14741793770944495,0.0,signal_off,model
2008-12-26,0.6508872857969391,0.1411964381475749,0.1402818584731837,0.23045464748376776,1.4164663260907837,0.1411964381475749,0.0,signal_off,model
2008-12-29,0.631251417320801,0.15349596196458534,0.1402818584731837,0.23762322885014645,1.302965872458222,0.15349596196458534,0.0,signal_off,model
2008-12-30,0.6451300774331657,0.15191349794395093,0.1402818584731837,0.2325112488892439,1.3165387059535076,0.15191349794395093,0.0,signal_off,model
2008-12-31,0.4428886437997311,0.15285426402511418,0.1402818584731837,0.3386855863204932,1.3084358573545565,0.15285426402511418,0.0,signal_off,model
2009-01-02,0.4858375071114184,0.16444362312681968,0.1402818584731837,0.3087452034978438,1.2162222906373152,0.16444362312681968,0.0,signal_off,model
2009-01-05,0.4993523378013846,0.16480482865241802,0.1402818584731837,0.30038910133161706,1.2135566757076666,0.16480482865241802,0.0,signal_off,model
2009-01-06,0.4476077883500793,0.15571129492908697,0.1402818584731837,0.3351148123514849,1.2844283395824478,0.15571129492908697,0.0,signal_off,model
2009-01-07,0.5725976399109906,0.2699830576457741,0.1402818584731837,0.2619640556382965,0.740787224739139,0.2699830576457741,0.0,signal_off,model
2009-01-08,0.5634789239319561,0.24415156760300746,0.1402818584731837,0.26620339045389657,0.8191632843627763,0.24415156760300746,0.0,signal_off,model
2009-01-09,0.5784670936186503,0.24325756372092067,0.1402818584731837,0.25930602043698314,0.8221738183214387,0.24325756372092067,0.0,signal_off,model
2009-01-12,0.6569079956732982,0.31330806236412584,0.1402818584731837,0.22834247868494495,0.6383493565114853,0.31330806236412584,0.0,signal_off,model
2009-01-13,0.6559857476932226,0.2818379628216714,0.1402818584731837,0.22866350454636522,0.7096276101262728,0.2818379628216714,0.0,signal_off,model
2009-01-14,0.7290079406086368,0.34914065480540957,0.1402818584731837,0.20575907564843182,0.57283503724729,0.34914065480540957,0.0,signal_off,model
2009-01-15,0.7281030221886561,0.3115915211476214,0.1402818584731837,0.20601480206620273,0.6418659893676852,0.3115915211476214,0.0,signal_off,model
2009-01-16,0.7177430704637829,0.2815387973059552,0.1402818584731837,0.20898843356728575,0.7103816664481061,0.2815387973059552,0.0,signal_off,model
2009-01-20,0.8479309511277038,0.43924703946584365,0.1402818584731837,0.1769011967312997,0.4553246397362508,0.43924703946584365,0.0,signal_off,model
2009-01-21,0.8719189197166611,0.3957655171384714,0.1402818584731837,0.1720343447172175,0.505349737001022,0.3957655171384714,0.0,signal_off,model
2009-01-22,0.8456255671931675,0.3514042745893363,0.1402818584731837,0.1773834730398298,0.569145040235288,0.3514042745893363,0.0,signal_off,model
2009-01-23,0.8337640127648784,0.31352658288081153,0.1402818584731837,0.17990702129560493,0.6379044423037994,0.31352658288081153,0.0,signal_off,model
2009-01-26,0.8545833413823736,0.2862939369134498,0.1402818584731837,0.1755241329152989,0.6985827298901636,0.2862939369134498,0.0,signal_off,model
2009-01-27,0.872982112769403,0.2634546920807966,0.1402818584731837,0.17182482642645197,0.7591438149018191,0.2634546920807966,0.0,signal_off,model
2009-01-28,0.900464584083911,0.2482496858340838,0.1402818584731837,0.16658067696532755,0.8056404958903707,0.2482496858340838,0.0,signal_off,model
2009-01-29,0.8980858857822619,0.23265941450100014,0.1402818584731837,0.16702188774445012,0.8596256481989052,0.23265941450100014,0.0,signal_off,model
2009-01-30,0.8937218633190359,0.2349186210032867,0.1402818584731837,0.1678374516238659,0.8513586498415631,0.2349186210032867,0.0,signal_off,model
2009-02-02,0.8738375747307774,0.21556021779888274,0.1402818584731837,0.17165661484196745,0.92781498386961,0.21556021779888274,0.0,signal_off,model
2009-02-03,0.8431837365375179,0.2022898531151483,0.1402818584731837,0.17789716938323047,0.9886803362606386,0.2022898531151483,0.0,signal_off,model
2009-02-04,0.8419414722957533,0.18908196837666116,0.1402818584731837,0.17815965234612968,1.0577423205241314,0.18908196837666116,0.0,signal_off,model
2009-02-05,0.8419510114302768,0.17597934602333853,0.1402818584731837,0.17815763383333344,1.1364970067196172,0.17597934602333853,0.0,signal_off,model
2009-02-06,0.7920838473650522,0.1649265957779215,0.1402818584731837,0.18937389078061662,1.2126606934233086,0.1649265957779215,0.0,signal_off,model
2009-02-09,0.7921894050408224,0.15698529180631887,0.1402818584731837,0.18934865708317614,1.2740047025981942,0.15698529180631887,0.0,signal_off,model
2009-02-10,0.8129904008839225,0.22408108740993468,0.1402818584731837,0.18450402346314634,0.8925340478829404,0.22408108740993468,0.0,signal_off,model
2009-02-11,0.7645580728380647,0.20578285370919408,0.1402818584731837,0.196191767936208,0.9718982723537977,0.20578285370919408,0.0,signal_off,model
2009-02-12,0.7639156289362692,0.1905370605656539,0.1402818584731837,0.1963567628651226,1.0496645608274482,0.1905370605656539,0.0,signal_off,model
2009-02-13,0.7003008093296741,0.1853700881641075,0.1402818584731837,0.21419366935128858,1.0789227214637818,0.1853700881641075,0.0,signal_off,model
2009-02-17,0.7198960328658082,0.20956012268159374,0.1402818584731837,0.2083634207607318,0.9543800482684418,0.20956012268159374,0.0,signal_off,model
2009-02-18,0.7150003572563985,0.2004633572287342,0.1402818584731837,0.20979010496663306,0.9976885689477629,0.2004633572287342,0.0,signal_off,model
2009-02-19,0.5418518588037744,0.18523043569886277,0.1402818584731837,0.27682843117148154,1.0797361634734195,0.18523043569886277,0.0,signal_off,model
2009-02-20,0.5288405129766678,0.21492450089063883,0.1402818584731837,0.2836393890394285,0.930559332096656,0.21492450089063883,0.0,signal_off,model
2009-02-23,0.5560470368857261,0.2408744384536692,0.1402818584731837,0.2697613511981122,0.8303081110803248,0.2408744384536692,0.0,signal_off,model
2009-02-24,0.6356539835001633,0.2395763887147106,0.1402818584731837,0.2359774403898807,0.834806806601303,0.2395763887147106,0.0,signal_off,model
2009-02-25,0.6166814936367029,0.21924599395350597,0.1402818584731837,0.24323739490773083,0.9122173518135646,0.21924599395350597,0.0,signal_off,model
2009-02-26,0.5917872186822009,0.2049292988395734,0.1402818584731837,0.253469482382573,0.9759463440928853,0.2049292988395734,0.0,signal_off,model
2009-02-27,0.541940479512424,0.1909771048303231,0.1402818584731837,0.27678316285757587,1.0472459522186885,0.1909771048303231,0.0,signal_off,model
2009-03-02,0.5793102187112262,0.2504847508141524,0.1402818584731837,0.2589286277975562,0.7984517993607937,0.2504847508141524,0.0,signal_off,model
2009-03-03,0.5707966991041215,0.23004239499758042,0.1402818584731837,0.2627905876740851,0.869404963385569,0.23004239499758042,0.0,signal_off,model
2009-03-04,0.6376895080451256,0.22552038507249436,0.1402818584731837,0.23522419313410653,0.8868377904538841,0.22552038507249436,0.0,signal_off,model
2009-03-05,0.6339392813425773,0.243322990147267,0.1402818584731837,0.23661572080266915,0.8219527463432597,0.243322990147267,0.0,signal_off,model
2009-03-06,0.6366048284768626,0.22161420147102084,0.1402818584731837,0.23562498003492874,0.9024692401138958,0.22161420147102084,0.0,signal_off,model
2009-03-09,0.6332128565179985,0.2077572727662286,0.1402818584731837,0.23688716749189437,0.9626618473426094,0.2077572727662286,0.0,signal_off,model
2009-03-10,0.6943539176632406,0.20812979428314146,0.1402818584731837,0.21602816112106896,0.9609388251636783,0.20812979428314146,0.0,signal_off,model
2009-03-11,0.6947646192075254,0.191667731484795,0.1402818584731837,0.2159004587353565,1.0434724637822825,0.191667731484795,0.0,signal_off,model
2009-03-12,0.6634523160629443,0.17844542143784906,0.1402818584731837,0.22609009927062929,1.120790874814674,0.17844542143784906,0.0,signal_off,model
2009-03-13,0.6619344605252153,0.1721614423687357,0.1402818584731837,0.2266085374690747,1.1617003043668723,0.1721614423687357,0.0,signal_off,model
2009-03-16,0.6668207081313359,0.18755947933722214,0.1402818584731837,0.22494802301559036,1.0663284026312019,0.18755947933722214,0.0,signal_off,model
2009-03-17,0.6838737475307063,0.1796759962114316,0.1402818584731837,0.21933873107662305,1.1131147410734397,0.1796759962114316,0.0,signal_off,model
2009-03-18,0.6668436393223482,0.1678486733003385,0.1402818584731837,0.2249402875799058,1.1915494836359644,0.1678486733003385,0.0,signal_off,model
2009-03-19,0.7050368761287333,0.23825786607317373,0.1402818584731837,0.21275482897239456,0.8394266401201462,0.23825786607317373,0.0,signal_off,model
2009-03-20,0.7505752245713789,0.3013810864384899,0.1402818584731837,0.19984672433820141,0.6636116498333045,0.3013810864384899,0.0,signal_off,model
2009-03-23,0.7836729413104454,0.28402067923942487,0.1402818584731837,0.19140637897893015,0.7041740782240832,0.28402067923942487,0.0,signal_off,model
2009-03-24,0.7639419248854774,0.2602812806006022,0.1402818584731837,0.19635000399079616,0.768399477436478,0.2602812806006022,0.0,signal_off,model
2009-03-25,0.7058269254374429,0.23728401575418534,0.1402818584731837,0.21251668729842813,0.8428717769476316,0.23728401575418534,0.0,signal_off,model
2009-03-26,0.7089649916732931,0.21817920731067264,0.1402818584731837,0.2115760323312598,0.9166776360829534,0.21817920731067264,0.0,signal_off,model
2009-03-27,0.7173153432110134,0.22143052975060212,0.1402818584731837,0.2091130510725383,0.9032178183616352,0.22143052975060212,0.0,signal_off,model
2009-03-30,0.7570353854820903,0.28038815474858403,0.1402818584731837,0.19814133246159688,0.7132968943689303,0.28038815474858403,0.0,signal_off,model
2009-03-31,0.7254197272478903,0.2534270624170742,0.1402818584731837,0.2067768415522315,0.789181700219737,0.2534270624170742,0.0,signal_off,model
2009-04-01,0.7287832252737203,0.23115726352414157,0.1402818584731837,0.20582252005548315,0.8652118343627668,0.23115726352414157,0.0,signal_off,model
2009-04-02,0.6806380022518915,0.2117019884436503,0.1402818584731837,0.22038146489576668,0.944724239343812,0.2117019884436503,0.0,signal_off,model
2009-04-03,0.6643025810040427,0.19569546328492893,0.1402818584731837,0.2258007183613323,1.0219960986464145,0.19569546328492893,0.0,signal_off,model
2009-04-06,0.6644171798776182,0.1831707835147656,0.1402818584731837,0.2257617721860069,1.091877187847907,0.1831707835147656,0.0,signal_off,model
2009-04-07,0.6623996612229822,0.1713883247181474,0.1402818584731837,0.2264493911773089,1.1669406322099551,0.1713883247181474,0.0,signal_off,model
2009-04-08,0.6097709170733994,0.162093515919695,0.1402818584731837,0.2459940213612126,1.2338556472492384,0.162093515919695,0.0,signal_off,model
2009-04-09,0.6279244082084425,0.15872071134073049,0.1402818584731837,0.23888225722578818,1.2600749978410444,0.15872071134073049,0.0,signal_off,model
2009-04-13,0.625772747346985,0.15036686855786238,0.1402818584731837,0.23970363144757795,1.3300802358801427,0.15036686855786238,0.23970363144757795,vol_target,model
2009-04-14,0.6235487747969154,0.14340405249058052,0.1402818584731837,0.24055856744944087,1.394660726293889,0.14340405249058052,0.24055856744944087,vol_target,model
2009-04-15,0.612694037345406,0.13881757772359019,0.1402818584731837,0.24482040114165102,1.425701100461483,0.1402818584731837,0.24482040114165102,vol_target,floor
2009-04-16,0.608264779722429,0.13861430370222377,0.1402818584731837,0.24660313238660617,1.425701100461483,0.1402818584731837,0.0,signal_off,floor
2009-04-17,0.6108387121678872,0.13493243492281728,0.1402818584731837,0.2455640040685125,1.425701100461483,0.1402818584731837,0.2455640040685125,vol_target,floor
2009-04-20,0.6269090845392986,0.24124489780174663,0.1402818584731837,0.2392691439624481,0.8290330772688864,0.24124489780174663,0.0,signal_off,model
2009-04-21,0.5668425853534899,0.22341238068073294,0.1402818584731837,0.26462373130709327,0.8952055360164201,0.22341238068073294,0.0,signal_off,model
2009-04-22,0.5165256121308355,0.2091454562312514,0.1402818584731837,0.29040186290318,0.9562722690894165,0.2091454562312514,0.0,signal_off,model
2009-04-23,0.5132216868158012,0.19313093409004176,0.1402818584731837,0.29227135924565095,1.0355668859694727,0.19313093409004176,0.0,signal_off,model
2009-04-24,0.5088353350608202,0.17942113324158257,0.1402818584731837,0.2947908481671595,1.1146958910949967,0.17942113324158257,0.0,signal_off,model
2009-04-27,0.510752006455937,0.18095747400926032,0.1402818584731837,0.29368460251548834,1.1052320502095714,0.18095747400926032,0.0,signal_off,model
2009-04-28,0.4944816390627694,0.1690901604573736,0.1402818584731837,0.3033479671445577,1.1828009356607037,0.1690901604573736,0.0,signal_off,model
2009-04-29,0.42806765858096346,0.1644872033205699,0.1402818584731837,0.35041189632790126,1.2159000576489774,0.1644872033205699,0.35041189632790126,vol_target,model
2009-04-30,0.433667786033486,0.15912019044896827,0.1402818584731837,0.34588688583942373,1.2569115172354093,0.15912019044896827,0.0,signal_off,model
2009-05-01,0.431023554412755,0.15108600442386824,0.1402818584731837,0.3480088233330228,1.3237493490059125,0.15108600442386824,0.0,signal_off,model
2009-05-04,0.4497897368517818,0.15105164356361778,0.1402818584731837,0.3334891566221511,1.3240504722861017,0.15105164356361778,0.0,signal_off,model
2009-05-05,0.44861359746025936,0.1439484163954584,0.1402818584731837,0.3343634719259436,1.389386594226611,0.1439484163954584,0.3343634719259436,vol_target,model
2009-05-06,0.453296190514963,0.1421648657609386,0.1402818584731837,0.33090946524301,1.4068173520194205,0.1421648657609386,0.33090946524301,vol_target,model
2009-05-07,0.45873166927035425,0.14270946226949563,0.1402818584731837,0.3269885426453896,1.401448767442734,0.14270946226949563,0.3269885426453896,vol_target,model
2009-05-08,0.469479265202628,0.14283088381616202,0.1402818584731837,0.3195029282821676,1.4002573859125629,0.14283088381616202,0.3195029282821676,vol_target,model
2009-05-11,0.4591610097780829,0.13914054404364437,0.1402818584731837,0.3266827905803598,1.425701100461483,0.1402818584731837,0.3266827905803598,vol_target,floor
2009-05-12,0.4591889567477344,0.13421489940293185,0.1402818584731837,0.32666290814656024,1.425701100461483,0.1402818584731837,0.32666290814656024,vol_target,floor
2009-05-13,0.4815900537592883,0.15847426668087147,0.1402818584731837,0.31146822661535706,1.2620345510274626,0.15847426668087147,0.31146822661535706,vol_target,model
2009-05-14,0.49479567038752265,0.15573387191118213,0.1402818584731837,0.3031554416846865,1.2842421340045,0.15573387191118213,0.3031554416846865,vol_target,model
2009-05-15,0.49574181121886357,0.16341163001136638,0.1402818584731837,0.30257685877089946,1.2239030966528432,0.16341163001136638,0.30257685877089946,vol_target,model
2009-05-18,0.546876991237289,0.1719305375474496,0.1402818584731837,0.27428471558225653,1.1632604821281605,0.1719305375474496,0.0,signal_off,model
2009-05-19,0.4509686167870721,0.16184674805100263,0.1402818584731837,0.33261738049240686,1.23573690796045,0.16184674805100263,0.33261738049240686,vol_target,model
2009-05-20,0.4428320267460609,0.15363085883852579,0.1402818584731837,0.33872888802149914,1.301821792262521,0.15363085883852579,0.33872888802149914,vol_target,model
2009-05-21,0.491773887744379,0.20737398586110656,0.1402818584731837,0.30501822837321746,0.9644411239409487,0.20737398586110656,0.30501822837321746,vol_target,model
2009-05-22,0.4976185863901452,0.19713521719919125,0.1402818584731837,0.30143568609070465,1.0145320701268414,0.19713521719919125,0.0,signal_off,model
2009-05-26,0.5146694678769257,0.18836463223582767,0.1402818584731837,0.2914491909123117,1.0617704482315191,0.18836463223582767,0.2914491909123117,vol_target,model
2009-05-27,0.5199845252910492,0.1943380384792618,0.1402818584731837,0.28847012305999103,1.029134602597846,0.1943380384792618,0.0,signal_off,model
2009-05-28,0.5206036281899022,0.18065224251334774,0.1402818584731837,0.2881270737999621,1.1070994592564924,0.18065224251334774,0.0,signal_off,model
2009-05-29,0.5148025862282138,0.1719776627545122,0.1402818584731837,0.29137382758505503,1.1629417262489956,0.1719776627545122,0.0,signal_off,model
2009-06-01,0.5122984593131713,0.16291277621765346,0.1402818584731837,0.29279806970550354,1.2276507996696193,0.16291277621765346,0.29279806970550354,vol_target,model
2009-06-02,0.514240432333007,0.1545671595410768,0.1402818584731837,0.2916923496650773,1.2939359214067025,0.1545671595410768,0.2916923496650773,vol_target,model
2009-06-03,0.5388718442707368,0.2035794084117957,0.1402818584731837,0.2783593197432633,0.9824176303501416,0.2035794084117957,0.2783593197432633,vol_target,model
2009-06-04,0.5392962583865041,0.18807844096181758,0.1402818584731837,0.27814025717289076,1.0633861009120267,0.18807844096181758,0.27814025717289076,vol_target,model
2009-06-05,0.5281820802566619,0.17479148711512818,0.1402818584731837,0.283992974405928,1.1442204840803716,0.17479148711512818,0.283992974405928,vol_target,model
2009-06-08,0.5244841744502424,0.1637304634085107,0.1402818584731837,0.2859952831889124,1.2215197821861417,0.1637304634085107,0.2859952831889124,vol_target,model
2009-06-09,0.5191010603925317,0.15801000752267896,0.1402818584731837,0.28896107414339245,1.2657426142536845,0.15801000752267896,0.28896107414339245,vol_target,model
2009-06-10,0.5189680995999572,0.1513345658144535,0.1402818584731837,0.28903510661951365,1.321575139979677,0.1513345658144535,0.28903510661951365,vol_target,model
2009-06-11,0.5225887975888596,0.14558809507912215,0.1402818584731837,0.2870325592360108,1.3737386967753569,0.14558809507912215,0.2870325592360108,vol_target,model
2009-06-12,0.5045935405949354,0.14018842219808902,0.1402818584731837,0.2972689658752749,1.425701100461483,0.1402818584731837,0.2972689658752749,vol_target,floor
2009-06-15,0.5237721122552111,0.18696236744480663,0.1402818584731837,0.2863840905048255,1.0697339937088797,0.18696236744480663,0.2863840905048255,vol_target,model
2009-06-16,0.5314192669359722,0.1986868023643534,0.1402818584731837,0.2822630065049423,1.0066093853241367,0.1986868023643534,0.0,signal_off,model
2009-06-17,0.4664209807427613,0.18570399799337794,0.1402818584731837,0.32159788301360187,1.0769827368344103,0.18570399799337794,0.0,signal_off,model
2009-06-18,0.4635620132113184,0.17287033084727121,0.1402818584731837,0.32358130244727645,1.1569365258905968,0.17287033084727121,0.0,signal_off,model
2009-06-19,0.4765161721681768,0.16470091591769911,0.1402818584731837,0.3147846993681056,1.214322330180239,0.16470091591769911,0.3147846993681056,vol_target,model
2009-06-22,0.4602666316346987,0.1941940922122038,0.1402818584731837,0.3258980549323223,1.0298974480719623,0.1941940922122038,0.0,signal_off,model
2009-06-23,0.46067940935642904,0.1808507762001224,0.1402818584731837,0.32560604392879333,1.1058841117645402,0.1808507762001224,0.32560604392879333,vol_target,model
2009-06-24,0.4548325128845957,0.17362090035470837,0.1402818584731837,0.3297917271759756,1.1519350469407716,0.17362090035470837,0.3297917271759756,vol_target,model
2009-06-25,0.4626645809508105,0.16896693390282613,0.1402818584731837,0.32420895433953195,1.1836635451704485,0.16896693390282613,0.32420895433953195,vol_target,model
2009-06-26,0.46284147510130313,0.15951802888313074,0.1402818584731837,0.3240850443819218,1.253776776207083,0.15951802888313074,0.3240850443819218,vol_target,model
2009-06-29,0.4635737118313389,0.15487175508499829,0.1402818584731837,0.32357313663759735,1.2913910602371232,0.15487175508499829,0.32357313663759735,vol_target,model
2009-06-30,0.46510756580541907,0.15569135160555003,0.1402818584731837,0.32250604167284935,1.2845928687593877,0.15569135160555003,0.32250604167284935,vol_target,model
2009-07-01,0.4646247872065352,0.14790307955773097,0.1402818584731837,0.3228411486650236,1.3522368878190536,0.14790307955773097,0.3228411486650236,vol_target,model
2009-07-02,0.4680318670079239,0.20327185028517072,0.1402818584731837,0.32049099767273,0.9839040660052997,0.20327185028517072,0.32049099767273,vol_target,model
2009-07-06,0.46759567517943124,0.18769615569084425,0.1402818584731837,0.3207899644119682,1.0655519249388439,0.18769615569084425,0.3207899644119682,vol_target,model
2009-07-07,0.49029683246097877,0.20415738416333382,0.1402818584731837,0.30593711822916586,0.9796363762184191,0.20415738416333382,0.30593711822916586,vol_target,model
2009-07-08,0.4930060646219353,0.1933074690310965,0.1402818584731837,0.3042558920954216,1.0346211711448507,0.1933074690310965,0.3042558920954216,vol_target,model
2009-07-09,0.4804168464979664,0.17954616720059316,0.1402818584731837,0.3122288510351707,1.1139196292425186,0.17954616720059316,0.3122288510351707,vol_target,model
2009-07-10,0.48023663894729457,0.16875168872255522,0.1402818584731837,0.312346014100066,1.1851733248656264,0.16875168872255522,0.312346014100066,vol_target,model
2009-07-13,0.5016699782962265,0.16547957424145202,0.1402818584731837,0.29900134847500853,1.2086083791113644,0.16547957424145202,0.29900134847500853,vol_target,model
2009-07-14,0.5022885443670717,0.15674525469629888,0.1402818584731837,0.2986331296665612,1.2759556924865711,0.15674525469629888,0.2986331296665612,vol_target,model
2009-07-15,0.47714615052877923,0.15149509356617563,0.1402818584731837,0.3143690876134454,1.3201747679876947,0.15149509356617563,0.3143690876134454,vol_target,model
2009-07-16,0.45493052075225265,0.14460611615914387,0.1402818584731837,0.32972067855980897,1.3830673647295342,0.14460611615914387,0.32972067855980897,vol_target,model
2009-07-17,0.4525157997990253,0.13881488631692246,0.1402818584731837,0.3314801385202884,1.425701100461483,0.1402818584731837,0.0,signal_off,floor
2009-07-20,0.45525024085318766,0.13537708361072334,0.1402818584731837,0.3294891172795075,1.425701100461483,0.1402818584731837,0.3294891172795075,vol_target,floor
2009-07-21,0.4500736528829333,0.13218579067882316,0.1402818584731837,0.3332787845704353,1.425701100461483,0.1402818584731837,0.0,signal_off,floor
2009-07-22,0.4124643206612215,0.13020896333727305,0.1402818584731837,0.3636678192177568,1.425701100461483,0.1402818584731837,0.3636678192177568,vol_target,floor
2009-07-23,0.419378710569988,0.13103575007243168,0.1402818584731837,0.3576719471432665,1.425701100461483,0.1402818584731837,0.3576719471432665,vol_target,floor
2009-07-24,0.40581547198566387,0.12765128491141012,0.1402818584731837,0.369626124075671,1.425701100461483,0.1402818584731837,0.369626124075671,vol_target,floor
2009-07-27,0.3925773759448151,0.13123605931921034,0.1402818584731837,0.3820902812827543,1.425701100461483,0.1402818584731837,0.3820902812827543,vol_target,floor
2009-07-28,0.4171008205106192,0.15879081475222984,0.1402818584731837,0.3596252815239453,1.2595186964187517,0.15879081475222984,0.3596252815239453,vol_target,model
2009-07-29,0.405065154714314,0.15443749649704683,0.1402818584731837,0.3703107963107629,1.2950222875687734,0.15443749649704683,0.3703107963107629,vol_target,model
2009-07-30,0.40378429614581707,0.14820449987612333,0.1402818584731837,0.3714854723964576,1.3494866901286393,0.14820449987612333,0.3714854723964576,vol_target,model
2009-07-31,0.4064465226787522,0.14502070984340462,0.1402818584731837,0.3690522408985086,1.3791133708831158,0.14502070984340462,0.3690522408985086,vol_target,model
2009-08-03,0.3519170145695261,0.14096248255927965,0.1402818584731837,0.4262368507060786,1.4188172368196836,0.14096248255927965,0.4262368507060786,vol_target,model
2009-08-04,0.3518734861795889,0.13570373311842082,0.1402818584731837,0.42628957819073393,1.425701100461483,0.1402818584731837,0.42628957819073393,vol_target,floor
2009-08-05,0.31036625795932754,0.1313439088564965,0.1402818584731837,0.4832999598160474,1.425701100461483,0.1402818584731837,0.4832999598160474,vol_target,floor
2009-08-06,0.307630920929037,0.1322926156660087,0.1402818584731837,0.4875972790609087,1.425701100461483,0.1402818584731837,0.4875972790609087,vol_target,floor
2009-08-07,0.3177881206613241,0.13228094439539317,0.1402818584731837,0.4720126091807544,1.425701100461483,0.1402818584731837,0.4720126091807544,vol_target,floor
2009-08-10,0.3155109622569562,0.12880051144762875,0.1402818584731837,0.47541929740570493,1.425701100461483,0.1402818584731837,0.47541929740570493,vol_target,floor
2009-08-11,0.3031700813129757,0.13730703145510031,0.1402818584731837,0.4947717774470907,1.425701100461483,0.1402818584731837,0.4947717774470907,vol_target,floor
2009-08-12,0.30124205058792375,0.13302046163750667,0.1402818584731837,0.497938450847915,1.425701100461483,0.1402818584731837,0.497938450847915,vol_target,floor
2009-08-13,0.29270681172064394,0.13028337377986465,0.1402818584731837,0.5124581799727923,1.425701100461483,0.1402818584731837,0.5124581799727923,vol_target,floor
2009-08-14,0.3027277089378794,0.13557568573858642,0.1402818584731837,0.4954947815192577,1.425701100461483,0.1402818584731837,0.4954947815192577,vol_target,floor
2009-08-17,0.37836398412739464,0.20555976376591337,0.1402818584731837,0.39644365291780836,0.9729530543134663,0.20555976376591337,0.39644365291780836,vol_target,model
2009-08-18,0.37878084335974693,0.19072761784975892,0.1402818584731837,0.3960073552545992,1.0486158336940232,0.19072761784975892,0.3960073552545992,vol_target,model
2009-08-19,0.3870638703237967,0.1795356269979939,0.1402818584731837,0.3875329409446511,1.1139850253912822,0.1795356269979939,0.3875329409446511,vol_target,model
2009-08-20,0.3845758411562459,0.16851738603639058,0.1402818584731837,0.3900401011904901,1.1868211625167917,0.16851738603639058,0.3900401011904901,vol_target,model
2009-08-21,0.37007711947073657,0.15891764078613896,0.1402818584731837,0.4053209239590968,1.2585135231723394,0.15891764078613896,0.4053209239590968,vol_target,model
2009-08-24,0.3695422465772391,0.1507226841071981,0.1402818584731837,0.405907582662942,1.3269402756771138,0.1507226841071981,0.405907582662942,vol_target,model
2009-08-25,0.3683357611176129,0.1478123609308645,0.1402818584731837,0.40723713479480383,1.3530668121426257,0.1478123609308645,0.40723713479480383,vol_target,model
2009-08-26,0.35095745472385326,0.15024535755802287,0.1402818584731837,0.42740223346452555,1.3311559388632859,0.15024535755802287,0.42740223346452555,vol_target,model
2009-08-27,0.34914229218302806,0.1436940579521591,0.1402818584731837,0.42962426311094587,1.3918460014998477,0.1436940579521591,0.42962426311094587,vol_target,model
2009-08-28,0.3450391222545914,0.14144494513992212,0.1402818584731837,0.43473331087748546,1.4139777126863973,0.14144494513992212,0.43473331087748546,vol_target,model
2009-08-31,0.3474981388412115,0.1427395124885233,0.1402818584731837,0.4316569881502075,1.401153727606297,0.1427395124885233,0.4316569881502075,vol_target,model
2009-09-01,0.37728131601538994,0.188008148942277,0.1402818584731837,0.39758131037128075,1.0637836770650022,0.188008148942277,0.0,signal_off,model
2009-09-02,0.37813788149835653,0.17973756691791823,0.1402818584731837,0.3966807012448234,1.1127334336918844,0.17973756691791823,0.0,signal_off,model
2009-09-03,0.41362629566526565,0.1741196874541616,0.1402818584731837,0.36264618949997834,1.148635188382426,0.1741196874541616,0.36264618949997834,vol_target,model
2009-09-04,0.4274368118574907,0.1662221927844864,0.1402818584731837,0.35092906328809753,1.203208769236415,0.1662221927844864,0.35092906328809753,vol_target,model
2009-09-08,0.42736945070076027,0.15969149488111167,0.1402818584731837,0.3509843760569317,1.2524148524559653,0.15969149488111167,0.3509843760569317,vol_target,model
2009-09-09,0.4374225232892555,0.15351519948594786,0.1402818584731837,0.3429178700540052,1.3028025932917944,0.15351519948594786,0.3429178700540052,vol_target,model
2009-09-10,0.4542005478677318,0.1531043783793584,0.1402818584731837,0.3302505923962066,1.3062983705432953,0.1531043783793584,0.3302505923962066,vol_target,model
2009-09-11,0.45809995744320603,0.15079375231193257,0.1402818584731837,0.32743945412524206,1.3263148965633484,0.15079375231193257,0.32743945412524206,vol_target,model
2009-09-14,0.46056069927966886,0.14552802269974743,0.1402818584731837,0.32568996928006366,1.3743057611154303,0.14552802269974743,0.32568996928006366,vol_target,model
2009-09-15,0.45496909426318194,0.14007970562251157,0.1402818584731837,0.3296927239484773,1.425701100461483,0.1402818584731837,0.3296927239484773,vol_target,floor
2009-09-16,0.405614772045758,0.1417249174833038,0.1402818584731837,0.3698090166772286,1.4111844519053005,0.1417249174833038,0.3698090166772286,vol_target,model
2009-09-17,0.4069346170998875,0.13788999896061885,0.1402818584731837,0.3686095841858067,1.425701100461483,0.1402818584731837,0.3686095841858067,vol_target,floor
2009-09-18,0.4154118899542145,0.14978602883676634,0.1402818584731837,0.36108740175090454,1.3352380162101487,0.14978602883676634,0.36108740175090454,vol_target,model
2009-09-21,0.41328310491293035,0.14292029217716984,0.1402818584731837,0.3629473313011469,1.3993814101084527,0.14292029217716984,0.3629473313011469,vol_target,model
2009-09-22,0.41542842444943595,0.13850085635820547,0.1402818584731837,0.3610730300864555,1.425701100461483,0.1402818584731837,0.3610730300864555,vol_target,floor
2009-09-23,0.4177960874349038,0.1364592822839358,0.1402818584731837,0.3590268183719439,1.425701100461483,0.1402818584731837,0.3590268183719439,vol_target,floor
2009-09-24,0.42255032074605753,0.14251875435680664,0.1402818584731837,0.3549873059737809,1.4033240811190693,0.14251875435680664,0.3549873059737809,vol_target,model
2009-09-25,0.4155567966193716,0.13769887945321416,0.1402818584731837,0.36096148882722323,1.425701100461483,0.1402818584731837,0.36096148882722323,vol_target,floor
2009-09-28,0.4272238376869497,0.13724114802524348,0.1402818584731837,0.3511040039622349,1.425701100461483,0.1402818584731837,0.3511040039622349,vol_target,floor
2009-09-29,0.4236038742975942,0.13273954293512452,0.1402818584731837,0.3541044100428141,1.425701100461483,0.1402818584731837,0.3541044100428141,vol_target,floor
2009-09-30,0.4212061440095471,0.13309892379287813,0.1402818584731837,0.3561201614300291,1.425701100461483,0.1402818584731837,0.3561201614300291,vol_target,floor
2009-10-01,0.414412981161159,0.17464422524847312,0.1402818584731837,0.36195777357096653,1.1451853029520573,0.17464422524847312,0.36195777357096653,vol_target,model
2009-10-02,0.40862218814804474,0.16393363414164328,0.1402818584731837,0.36708726141335885,1.2200058947463728,0.16393363414164328,0.36708726141335885,vol_target,model
2009-10-05,0.39611546751680965,0.1579486211753558,0.1402818584731837,0.37867746225697324,1.2662345420411012,0.1579486211753558,0.37867746225697324,vol_target,model
2009-10-06,0.3896638231197601,0.1511325010160957,0.1402818584731837,0.38494720602763954,1.3233420915776408,0.1511325010160957,0.38494720602763954,vol_target,model
2009-10-07,0.37908509157875203,0.14426097623636353,0.1402818584731837,0.3956895254711926,1.3863763106130047,0.14426097623636353,0.3956895254711926,vol_target,model
2009-10-08,0.37110953972735833,0.13866322694553382,0.1402818584731837,0.4041933282291798,1.425701100461483,0.1402818584731837,0.4041933282291798,vol_target,floor
2009-10-09,0.3450422425364066,0.1349626105240492,0.1402818584731837,0.43472937950249085,1.425701100461483,0.1402818584731837,0.43472937950249085,vol_target,floor
2009-10-12,0.3469419252775098,0.13295783448201695,0.1402818584731837,0.4323490159917079,1.425701100461483,0.1402818584731837,0.4323490159917079,vol_target,floor
2009-10-13,0.340707246241803,0.12926640579313847,0.1402818584731837,0.44026066851992823,1.425701100461483,0.1402818584731837,0.44026066851992823,vol_target,floor
2009-10-14,0.3394561470429904,0.1262456635373636,0.1402818584731837,0.44188329275122323,1.425701100461483,0.1402818584731837,0.44188329275122323,vol_target,floor
2009-10-15,0.3163449808083473,0.1253057984559191,0.1402818584731837,0.4741658919851021,1.425701100461483,0.1402818584731837,0.4741658919851021,vol_target,floor
2009-10-16,0.3214233504795766,0.13002472835655884,0.1402818584731837,0.4666742468342575,1.425701100461483,0.1402818584731837,0.4666742468342575,vol_target,floor
2009-10-19,0.3115965286169469,0.12913502921357686,0.1402818584731837,0.48139175576117726,1.425701100461483,0.1402818584731837,0.48139175576117726,vol_target,floor
2009-10-20,0.3110737428642403,0.12600084110047255,0.1402818584731837,0.48220077534947536,1.425701100461483,0.1402818584731837,0.48220077534947536,vol_target,floor
2009-10-21,0.30804632474543947,0.12363582996696079,0.1402818584731837,0.48693974883146435,1.425701100461483,0.1402818584731837,0.48693974883146435,vol_target,floor
2009-10-22,0.3194433640471827,0.12626320391617818,0.1402818584731837,0.4695668055193801,1.425701100461483,0.1402818584731837,0.4695668055193801,vol_target,floor
2009-10-23,0.3172260535485261,0.1327269570780995,0.1402818584731837,0.4728489300361153,1.425701100461483,0.1402818584731837,0.4728489300361153,vol_target,floor
2009-10-26,0.33079050361088735,0.14152535300320906,0.1402818584731837,0.45345920866110084,1.413174358911262,0.14152535300320906,0.45345920866110084,vol_target,model
2009-10-27,0.31646145338924486,0.13670195088841705,0.1402818584731837,0.4739913768123326,1.425701100461483,0.1402818584731837,0.4739913768123326,vol_target,floor
2009-10-28,0.4129166761914473,0.2279277355241987,0.1402818584731837,0.363269416443847,0.8774710964421719,0.2279277355241987,0.363269416443847,vol_target,model
2009-10-29,0.44676620744360873,0.21608354918856074,0.1402818584731837,0.33574607367530845,0.925567914591565,0.21608354918856074,0.33574607367530845,vol_target,model
2009-10-30,0.5498975763490755,0.3323141037280123,0.1402818584731837,0.27277807077436517,0.6018402401713686,0.3323141037280123,0.27277807077436517,vol_target,model
2009-11-02,0.5512577841584572,0.2990195583821002,0.1402818584731837,0.2721050011638167,0.6688525696517527,0.2990195583821002,0.2721050011638167,vol_target,model
2009-11-03,0.5402669470617237,0.26972198969177197,0.1402818584731837,0.27764052717972953,0.7415042437902538,0.26972198969177197,0.27764052717972953,vol_target,model
2009-11-04,0.5362669335450688,0.24418687575523604,0.1402818584731837,0.2797114470743211,0.8190448376122911,0.24418687575523604,0.2797114470743211,vol_target,model
2009-11-05,0.5555945257263447,0.22671439042345776,0.1402818584731837,0.26998106182543946,0.8821672044127391,0.22671439042345776,0.26998106182543946,vol_target,model
2009-11-06,0.5638453437679757,0.20968285245104315,0.1402818584731837,0.2660303958486274,0.953821438721109,0.20968285245104315,0.2660303958486274,vol_target,model
2009-11-09,0.5943108667433041,0.20271414642874705,0.1402818584731837,0.25239316390421696,0.9866109668389569,0.20271414642874705,0.25239316390421696,vol_target,model
2009-11-10,0.5900084753154513,0.1883901611187893,0.1402818584731837,0.25423363608429805,1.0616265669728373,0.1883901611187893,0.25423363608429805,vol_target,model
2009-11-11,0.5899443157648029,0.17567692497677223,0.1402818584731837,0.254261285330871,1.1384534424566217,0.17567692497677223,0.254261285330871,vol_target,model
2009-11-12,0.6115139726163975,0.2044573678833007,0.1402818584731837,0.24529284156536343,0.9781990351854434,0.2044573678833007,0.24529284156536343,vol_target,model
2009-11-13,0.6089855004884002,0.18912349637231402,0.1402818584731837,0.24631128307603634,1.0575100600206448,0.18912349637231402,0.24631128307603634,vol_target,model
2009-11-16,0.6096605101253906,0.1763451463496818,0.1402818584731837,0.24603856984135167,1.1341395220677755,0.1763451463496818,0.24603856984135167,vol_target,model
2009-11-17,0.6027702499482847,0.16497664513065402,0.1402818584731837,0.24885103405960962,1.2122928056974918,0.16497664513065402,0.24885103405960962,vol_target,model
2009-11-18,0.6164064435172766,0.15975955765406383,0.1402818584731837,0.24334593120747577,1.2518812829531678,0.15975955765406383,0.24334593120747577,vol_target,model
2009-11-19,0.6183633666409193,0.15598555181241827,0.1402818584731837,0.24257581883421028,1.282170032263704,0.15598555181241827,0.24257581883421028,vol_target,model
2009-11-20,0.6091247345305253,0.1489734626627543,0.1402818584731837,0.24625498111747257,1.342520986121934,0.1489734626627543,0.24625498111747257,vol_target,model
2009-11-23,0.6290741148863698,0.15072062594002045,0.1402818584731837,0.23844567190162422,1.3269583957247522,0.15072062594002045,0.23844567190162422,vol_target,model
2009-11-24,0.6230150367747052,0.14376490686627108,0.1402818584731837,0.2407646543758189,1.3911600846097882,0.14376490686627108,0.2407646543758189,vol_target,model
2009-11-25,0.623129132530947,0.13839666699841008,0.1402818584731837,0.24072057005383296,1.425701100461483,0.1402818584731837,0.24072057005383296,vol_target,floor
2009-11-27,0.6188242279037315,0.22293232695839077,0.1402818584731837,0.24239516366081099,0.8971332364791089,0.22293232695839077,0.24239516366081099,vol_target,model
2009-11-30,0.5934397063762324,0.20444837206910543,0.1402818584731837,0.25276367318923904,0.9782420763536243,0.20444837206910543,0.25276367318923904,vol_target,model
2009-12-01,0.476360157840292,0.1924011018087831,0.1402818584731837,0.31488779557061547,1.039495086669353,0.1924011018087831,0.31488779557061547,vol_target,model
2009-12-02,0.4714983047668611,0.1786067583345541,0.1402818584731837,0.31813475994186147,1.1197784555575077,0.1786067583345541,0.31813475994186147,vol_target,model
2009-12-03,0.48145920313209617,0.17785731710579852,0.1402818584731837,0.31155287722030534,1.1244968902855421,0.17785731710579852,0.31155287722030534,vol_target,model
2009-12-04,0.4832925128237013,0.16750583567386326,0.1402818584731837,0.31037104035319085,1.193988252381866,0.16750583567386326,0.0,signal_off,model
2009-12-07,0.46840831205970185,0.1575806195807971,0.1402818584731837,0.3202334291217306,1.269191608283105,0.1575806195807971,0.3202334291217306,vol_target,model
2009-12-08,0.4755891634559473,0.16662113053606117,0.1402818584731837,0.3153982712936522,1.2003279497417332,0.16662113053606117,0.3153982712936522,vol_target,model
2009-12-09,0.43421866945777476,0.15691650752726377,0.1402818584731837,0.3454480669550912,1.2745631619748523,0.15691650752726377,0.3454480669550912,vol_target,model
2009-12-10,0.43486720083054764,0.14934800504673906,0.1402818584731837,0.3449328891981662,1.3391541449610205,0.14934800504673906,0.3449328891981662,vol_target,model
2009-12-11,0.43409256876682195,0.14255795219448067,0.1402818584731837,0.3455484170717843,1.4029382221144397,0.14255795219448067,0.3455484170717843,vol_target,model
2009-12-14,0.3978288239166263,0.1380800803304474,0.1402818584731837,0.37704658632637383,1.425701100461483,0.1402818584731837,0.37704658632637383,vol_target,floor
2009-12-15,0.39679236606779195,0.1335242598046236,0.1402818584731837,0.3780314663976487,1.425701100461483,0.1402818584731837,0.3780314663976487,vol_target,floor
2009-12-16,0.41718740841632734,0.1370500253602091,0.1402818584731837,0.35955064072861287,1.425701100461483,0.1402818584731837,0.35955064072861287,vol_target,floor
2009-12-17,0.42468406838676087,0.1391320879166425,0.1402818584731837,0.3532037370033731,1.425701100461483,0.1402818584731837,0.3532037370033731,vol_target,floor
2009-12-18,0.4116616678194978,0.1346513478277739,0.1402818584731837,0.3643768942455211,1.425701100461483,0.1402818584731837,0.3643768942455211,vol_target,floor
2009-12-21,0.4160382053567197,0.13451274168507182,0.1402818584731837,0.36054381080551706,1.425701100461483,0.1402818584731837,0.36054381080551706,vol_target,floor
2009-12-22,0.4183621416880427,0.1323630506809729,0.1402818584731837,0.35854104626859257,1.425701100461483,0.1402818584731837,0.35854104626859257,vol_target,floor
2009-12-23,0.3912523826351752,0.1287519598099427,0.1402818584731837,0.3833842467353562,1.425701100461483,0.1402818584731837,0.3833842467353562,vol_target,floor
2009-12-24,0.3917144394763365,0.12609965293670228,0.1402818584731837,0.38293201598727766,1.425701100461483,0.1402818584731837,0.38293201598727766,vol_target,floor
2009-12-28,0.391096181291049,0.12368950857221121,0.1402818584731837,0.38353736798153965,1.425701100461483,0.1402818584731837,0.38353736798153965,vol_target,floor
2009-12-29,0.2860067339687801,0.1234106994676422,0.1402818584731837,0.5244631758089083,1.425701100461483,0.1402818584731837,0.5244631758089083,vol_target,floor
2009-12-30,0.2972611856179169,0.1295959212707035,0.1402818584731837,0.5046067473901611,1.425701100461483,0.1402818584731837,0.5046067473901611,vol_target,floor
2009-12-31,0.30413970627509923,0.146775399016332,0.1402818584731837,0.49319440015609994,1.3626261712819163,0.146775399016332,0.49319440015609994,vol_target,model
2010-01-04,0.3218717234632066,0.14489488086645147,0.1402818584731837,0.4660241613834917,1.380311014468058,0.14489488086645147,0.4660241613834917,vol_target,model
2010-01-05,0.306452200026031,0.13998523427622073,0.1402818584731837,0.48947274644221356,1.425701100461483,0.1402818584731837,0.48947274644221356,vol_target,floor
2010-01-06,0.3171158534291955,0.13922921399463267,0.1402818584731837,0.4730132485586737,1.425701100461483,0.1402818584731837,0.4730132485586737,vol_target,floor
2010-01-07,0.31705935881361846,0.13500891182221894,0.1402818584731837,0.47309753151988376,1.425701100461483,0.1402818584731837,0.47309753151988376,vol_target,floor
2010-01-08,0.29034656169582196,0.13299562142652038,0.1402818584731837,0.516623992803282,1.425701100461483,0.1402818584731837,0.516623992803282,vol_target,floor
2010-01-11,0.28957651675745766,0.12973786518061947,0.1402818584731837,0.5179978047931159,1.425701100461483,0.1402818584731837,0.5179978047931159,vol_target,floor
2010-01-12,0.3228245721111226,0.14736794447187462,0.1402818584731837,0.46464864498718217,1.3571472460767768,0.14736794447187462,0.46464864498718217,vol_target,model
2010-01-13,0.3227433087746618,0.14176867345031563,0.1402818584731837,0.46476563857975894,1.4107488991218655,0.14176867345031563,0.46476563857975894,vol_target,model
2010-01-14,0.32359155670406614,0.13779616281913704,0.1402818584731837,0.4635473234463263,1.425701100461483,0.1402818584731837,0.4635473234463263,vol_target,floor
2010-01-15,0.3498785566197921,0.15126580760981578,0.1402818584731837,0.4287201863674166,1.3221758648583173,0.15126580760981578,0.4287201863674166,vol_target,model
2010-01-19,0.3507446650483893,0.15124158619889314,0.1402818584731837,0.4276615297321935,1.3223876119428304,0.15124158619889314,0.4276615297321935,vol_target,model
2010-01-20,0.3392172479387018,0.14415212196965818,0.1402818584731837,0.4421944960390273,1.387423211446703,0.14415212196965818,0.4421944960390273,vol_target,model
2010-01-21,0.4164694648000907,0.20708880913505787,0.1402818584731837,0.3601704630902566,0.9657692312555879,0.20708880913505787,0.3601704630902566,vol_target,model
2010-01-22,0.5206107367574659,0.30355427002409496,0.1402818584731837,0.2881231396306751,0.6588607697204352,0.30355427002409496,0.2881231396306751,vol_target,model
2010-01-25,0.5162774955481219,0.2730553582934281,0.1402818584731837,0.29054142644886716,0.7324522076767963,0.2730553582934281,0.29054142644886716,vol_target,model
2010-01-26,0.5171565735929325,0.2489431425754316,0.1402818584731837,0.2900475555359931,0.8033963013839538,0.2489431425754316,0.2900475555359931,vol_target,model
2010-01-27,0.5255484895562773,0.22826872678277702,0.1402818584731837,0.2854160995242239,0.8761603169159574,0.22826872678277702,0.2854160995242239,vol_target,model
2010-01-28,0.5264333412545898,0.21128991189589522,0.1402818584731837,0.2849363599245476,0.9465667253368071,0.21128991189589522,0.2849363599245476,vol_target,model
2010-01-29,0.5329923987607906,0.20625400849511158,0.1402818584731837,0.2814299047204999,0.969678123878694,0.20625400849511158,0.2814299047204999,vol_target,model
2010-02-01,0.5627360472753289,0.198743119294965,0.1402818584731837,0.26655480971278483,1.0063241470169824,0.198743119294965,0.26655480971278483,vol_target,model
2010-02-02,0.5625520464927676,0.1874820324066198,0.1402818584731837,0.26664199505659153,1.0667688921049814,0.1874820324066198,0.26664199505659153,vol_target,model
2010-02-03,0.5524902266823065,0.17498660446005637,0.1402818584731837,0.2714980152694233,1.14294463063116,0.17498660446005637,0.2714980152694233,vol_target,model
2010-02-04,0.6897322244957412,0.35154373562519725,0.1402818584731837,0.21747570241431596,0.5689192545112866,0.35154373562519725,0.21747570241431596,vol_target,model
2010-02-05,0.6765680578021623,0.316389449109232,0.1402818584731837,0.22170718565590636,0.6321323310972703,0.316389449109232,0.22170718565590636,vol_target,model
2010-02-08,0.6728200759486741,0.28693147547887443,0.1402818584731837,0.22294221793025495,0.6970305354831146,0.28693147547887443,0.0,signal_off,model
2010-02-09,0.6715340081147725,0.2596531130669355,0.1402818584731837,0.22336917890592276,0.7702584330211453,0.2596531130669355,0.22336917890592276,vol_target,model
2010-02-10,0.6682797398337498,0.23534269302392793,0.1402818584731837,0.2244569018915881,0.8498245576703138,0.23534269302392793,0.2244569018915881,vol_target,model
2010-02-11,0.6724874506776132,0.21623917930964037,0.1402818584731837,0.2230524894536793,0.9249017714482402,0.21623917930964037,0.2230524894536793,vol_target,model
2010-02-12,0.668324825277489,0.19853235564469132,0.1402818584731837,0.22444175994467938,1.0073924693561551,0.19853235564469132,0.22444175994467938,vol_target,model
2010-02-16,0.6921714001318555,0.19169762945387256,0.1402818584731837,0.2167093294687207,1.0433097194252223,0.19169762945387256,0.0,signal_off,model
2010-02-17,0.699305908294811,0.18138233330490847,0.1402818584731837,0.2144984022310927,1.10264321974398,0.18138233330490847,0.2144984022310927,vol_target,model
2010-02-18,0.6950493281914923,0.17401137929544405,0.1402818584731837,0.21581202069541983,1.149350121870084,0.17401137929544405,0.21581202069541983,vol_target,model
2010-02-19,0.6982508137918654,0.1640398795150024,0.1402818584731837,0.21482252084379524,1.2192157211485202,0.1640398795150024,0.21482252084379524,vol_target,model
2010-02-22,0.666886335005536,0.15560175515750518,0.1402818584731837,0.22492588635626312,1.2853325452373816,0.15560175515750518,0.22492588635626312,vol_target,model
2010-02-23,0.5952178425726863,0.17224647640284177,0.1402818584731837,0.25200857446016905,1.1611268002501813,0.17224647640284177,0.25200857446016905,vol_target,model
2010-02-24,0.5967586064803362,0.16272060771890787,0.1402818584731837,0.2513579165362949,1.2291006210196223,0.16272060771890787,0.2513579165362949,vol_target,model
2010-02-25,0.593908821832531,0.15359510591415076,0.1402818584731837,0.2525640207484519,1.3021248223350712,0.15359510591415076,0.2525640207484519,vol_target,model
2010-02-26,0.5901668284271757,0.14717190666886795,0.1402818584731837,0.25416542030963946,1.3589550106868804,0.14717190666886795,0.25416542030963946,vol_target,model
2010-03-01,0.5882200593120045,0.14179077423854428,0.1402818584731837,0.25500660445929607,1.4105290070814225,0.14179077423854428,0.25500660445929607,vol_target,model
2010-03-02,0.5763399302037292,0.1365394970184678,0.1402818584731837,0.2602630706967966,1.425701100461483,0.1402818584731837,0.2602630706967966,vol_target,floor
2010-03-03,0.5521685605502569,0.1321905919008863,0.1402818584731837,0.2716561766039691,1.425701100461483,0.1402818584731837,0.2716561766039691,vol_target,floor
2010-03-04,0.5420769083041489,0.12846942747699125,0.1402818584731837,0.276713502645344,1.425701100461483,0.1402818584731837,0.276713502645344,vol_target,floor
2010-03-05,0.5567607460699294,0.13293308990640043,0.1402818584731837,0.26941554529269907,1.425701100461483,0.1402818584731837,0.26941554529269907,vol_target,floor
2010-03-08,0.3216548847939524,0.12963769143172377,0.1402818584731837,0.4663383243692627,1.425701100461483,0.1402818584731837,0.4663383243692627,vol_target,floor
2010-03-09,0.31286322443283904,0.1269926806956946,0.1402818584731837,0.4794427349904138,1.425701100461483,0.1402818584731837,0.4794427349904138,vol_target,floor
2010-03-10,0.3064642114982465,0.12645368386806688,0.1402818584731837,0.4894535621848891,1.425701100461483,0.1402818584731837,0.4894535621848891,vol_target,floor
2010-03-11,0.31521139719169,0.12650843552723604,0.1402818584731837,0.4758711180382233,1.425701100461483,0.1402818584731837,0.4758711180382233,vol_target,floor
2010-03-12,0.31371500770929706,0.12397180875380584,0.1402818584731837,0.47814097608934597,1.425701100461483,0.1402818584731837,0.47814097608934597,vol_target,floor
2010-03-15,0.31491743722935855,0.12215409080817459,0.1402818584731837,0.4763153203572942,1.425701100461483,0.1402818584731837,0.4763153203572942,vol_target,floor
2010-03-16,0.31626367596783406,0.1231701220905215,0.1402818584731837,0.4742877902148203,1.425701100461483,0.1402818584731837,0.4742877902148203,vol_target,floor
2010-03-17,0.2964346015427033,0.12661260148761785,0.1402818584731837,0.5060138027725875,1.425701100461483,0.1402818584731837,0.5060138027725875,vol_target,floor
2010-03-18,0.28517283389817716,0.12456896861715666,0.1402818584731837,0.525996806741972,1.425701100461483,0.1402818584731837,0.525996806741972,vol_target,floor
2010-03-19,0.2865669814370182,0.1341848410270474,0.1402818584731837,0.5234378337930291,1.425701100461483,0.1402818584731837,0.5234378337930291,vol_target,floor
2010-03-22,0.28437452236095295,0.13053545315158088,0.1402818584731837,0.5274734134220608,1.425701100461483,0.1402818584731837,0.5274734134220608,vol_target,floor
2010-03-23,0.2854206739863853,0.12851293489290358,0.1402818584731837,0.5255400665445666,1.425701100461483,0.1402818584731837,0.5255400665445666,vol_target,floor
2010-03-24,0.2668979110036186,0.13887676843963495,0.1402818584731837,0.562012641597507,1.425701100461483,0.1402818584731837,0.562012641597507,vol_target,floor
2010-03-25,0.27318170533029,0.13833393459588622,0.1402818584731837,0.5490850853963397,1.425701100461483,0.1402818584731837,0.5490850853963397,vol_target,floor
2010-03-26,0.2726056561804158,0.1337122233333056,0.1402818584731837,0.5502453694531085,1.425701100461483,0.1402818584731837,0.5502453694531085,vol_target,floor
2010-03-29,0.2726232943743888,0.13096750819688785,0.1402818584731837,0.5502097696538272,1.425701100461483,0.1402818584731837,0.5502097696538272,vol_target,floor
2010-03-30,0.27159686595557997,0.1283217319538323,0.1402818584731837,0.5522891417478016,1.425701100461483,0.1402818584731837,0.5522891417478016,vol_target,floor
2010-03-31,0.27193462597186446,0.12534186475900366,0.1402818584731837,0.5516031636791986,1.425701100461483,0.1402818584731837,0.5516031636791986,vol_target,floor
2010-04-01,0.272579589080523,0.12292055080846025,0.1402818584731837,0.5502979900512226,1.425701100461483,0.1402818584731837,0.5502979900512226,vol_target,floor
2010-04-05,0.29002962055061876,0.12622548081264792,0.1402818584731837,0.5171885537595308,1.425701100461483,0.1402818584731837,0.5171885537595308,vol_target,floor
2010-04-06,0.2685654146524268,0.12615639578569754,0.1402818584731837,0.5585231448886584,1.425701100461483,0.1402818584731837,0.5585231448886584,vol_target,floor
2010-04-07,0.2829942241184624,0.13365050103312318,0.1402818584731837,0.5300461536529786,1.425701100461483,0.1402818584731837,0.5300461536529786,vol_target,floor
2010-04-08,0.2825010823059603,0.1304695431916056,0.1402818584731837,0.5309714170848514,1.425701100461483,0.1402818584731837,0.5309714170848514,vol_target,floor
2010-04-09,0.2772587032113674,0.12738023330719606,0.1402818584731837,0.5410109701250673,1.425701100461483,0.1402818584731837,0.5410109701250673,vol_target,floor
2010-04-12,0.2719681235493665,0.12460059025799863,0.1402818584731837,0.5515352242108352,1.425701100461483,0.1402818584731837,0.5515352242108352,vol_target,floor
2010-04-13,0.2763942450530953,0.12367501903382781,0.1402818584731837,0.5427030507497904,1.425701100461483,0.1402818584731837,0.5427030507497904,vol_target,floor
2010-04-14,0.27815646759496815,0.12341389724914127,0.1402818584731837,0.5392648292414305,1.425701100461483,0.1402818584731837,0.5392648292414305,vol_target,floor
2010-04-15,0.27225156535986283,0.12155161571297014,0.1402818584731837,0.5509610194590786,1.425701100461483,0.1402818584731837,0.5509610194590786,vol_target,floor
2010-04-16,0.2991735906619479,0.16008989277695024,0.1402818584731837,0.5013811535574106,1.2492981070245057,0.16008989277695024,0.5013811535574106,vol_target,model
2010-04-19,0.3046770942752508,0.1530711729582874,0.1402818584731837,0.49232450623441776,1.306581743216281,0.1530711729582874,0.49232450623441776,vol_target,model
2010-04-20,0.3229337000994432,0.15307692929964523,0.1402818584731837,0.464491627705035,1.306532610204793,0.15307692929964523,0.464491627705035,vol_target,model
2010-04-21,0.32613833851181934,0.14704008972907803,0.1402818584731837,0.4599275285587559,1.3601732722586122,0.14704008972907803,0.4599275285587559,vol_target,model
2010-04-22,0.32303252159545803,0.14062174483650428,0.1402818584731837,0.46434953130771417,1.4222551443415288,0.14062174483650428,0.0,signal_off,model
2010-04-23,0.30643603372075967,0.1354282653743159,0.1402818584731837,0.4894985690119189,1.425701100461483,0.1402818584731837,0.4894985690119189,vol_target,floor
2010-04-26,0.3079428938790258,0.1368187512107685,0.1402818584731837,0.4871033005844484,1.425701100461483,0.1402818584731837,0.4871033005844484,vol_target,floor
2010-04-27,0.5149801380775577,0.3211100359647679,0.1402818584731837,0.2912733694156754,0.6228394556373938,0.3211100359647679,0.2912733694156754,vol_target,model
2010-04-28,0.5119416106941411,0.2878283660453634,0.1402818584731837,0.2930021644394468,0.6948585462507155,0.2878283660453634,0.2930021644394468,vol_target,model
2010-04-29,0.5317544536433976,0.26388972202672895,0.1402818584731837,0.2820850845202177,0.7578923440593202,0.26388972202672895,0.2820850845202177,vol_target,model
2010-04-30,0.6144589968689933,0.3368538195230627,0.1402818584731837,0.2441171840014265,0.5937293520470442,0.3368538195230627,0.2441171840014265,vol_target,model
2010-05-03,0.6273145091164712,0.30350218471415763,0.1402818584731837,0.23911450766739722,0.6589738396392851,0.30350218471415763,0.23911450766739722,vol_target,model
2010-05-04,0.7045611111711625,0.39538557952756254,0.1402818584731837,0.21289849471064512,0.5058353423991223,0.39538557952756254,0.21289849471064512,vol_target,model
2010-05-05,0.7064312920634075,0.37694486069908884,0.1402818584731837,0.2123348748635789,0.5305815806297939,0.37694486069908884,0.2123348748635789,vol_target,model
2010-05-06,0.9042397695682365,0.6044662090266341,0.1721294992961994,0.1658852055043135,0.33087043909709696,0.6044662090266341,0.1658852055043135,vol_target,model
2010-05-07,0.9292475000396272,0.6016245991213662,0.1721294992961994,0.16142093467413507,0.3324332154836871,0.6016245991213662,0.0,signal_off,model
2010-05-10,1.0831170585548997,0.5602398929913369,0.1721294992961994,0.1384891862012872,0.35698992967480925,0.5602398929913369,0.0,signal_off,model
2010-05-11,1.0836109223396226,0.49082178291732687,0.1721294992961994,0.13842606871859064,0.4074798775458742,0.49082178291732687,0.0,signal_off,model
2010-05-12,1.1094277151428096,0.43679139931400107,0.1721294992961994,0.1352048429587785,0.4578844737192817,0.43679139931400107,0.0,signal_off,model
2010-05-13,1.1021891884854866,0.3946123380213301,0.1721294992961994,0.13609278839517047,0.5068265249962594,0.3946123380213301,0.13609278839517047,vol_target,model
2010-05-14,1.1389280541762492,0.4572357195410432,0.1721294992961994,0.1317027879416758,0.4374111458325103,0.4572357195410432,0.0,signal_off,model
2010-05-17,1.1371556554204416,0.4049148488612524,0.1721294992961994,0.1319080631442143,0.4939310093528621,0.4049148488612524,0.0,signal_off,model
2010-05-18,1.1385055175271905,0.41224901789032675,0.1721294992961994,0.13175166715555034,0.48514366637789613,0.41224901789032675,0.0,signal_off,model
2010-05-19,1.1096247868615785,0.3726231412124801,0.1721294992961994,0.1351808302915208,0.5367353174824815,0.3726231412124801,0.0,signal_off,model
2010-05-20,1.1681612108548758,0.5126531000256412,0.1721294992961994,0.12840693442493953,0.3901273590074783,0.5126531000256412,0.0,signal_off,model
2010-05-21,1.16911126334679,0.45056135692473603,0.1721294992961994,0.12830258736076,0.4438907086153174,0.45056135692473603,0.0,signal_off,model
2010-05-24,1.1742692917540756,0.39830432834929813,0.1721294992961994,0.12773901272333887,0.5021286131357514,0.39830432834929813,0.0,signal_off,model
2010-05-25,1.1963232630363594,0.35571737651520735,0.1721294992961994,0.12538417051198067,0.5622441106456596,0.35571737651520735,0.0,signal_off,model
2010-05-26,1.1726943980843583,0.3184125065965027,0.1721294992961994,0.12791056241509366,0.6281160314266271,0.3184125065965027,0.0,signal_off,model
2010-05-27,1.2293669663318998,0.30274019386024614,0.1721294992961994,0.1220140154306892,0.660632463267583,0.30274019386024614,0.0,signal_off,model
2010-05-28,1.2066513790776918,0.27909923378444534,0.1721294992961994,0.12431096719472778,0.7165910034509967,0.27909923378444534,0.12431096719472778,vol_target,model
2010-06-01,1.1924846506296036,0.30203266649951166,0.1721294992961994,0.12578778261070578,0.6621800294582486,0.30203266649951166,0.0,signal_off,model
2010-06-02,1.2164305454299018,0.2816688059535075,0.1721294992961994,0.12331160259296853,0.7100537786673196,0.2816688059535075,0.12331160259296853,vol_target,model
2010-06-03,1.1821283277263364,0.25417105248744276,0.1721294992961994,0.12688977709256377,0.7868716678894067,0.25417105248744276,0.12688977709256377,vol_target,model
2010-06-04,1.2110301516936928,0.3497612144621907,0.1721294992961994,0.12386149080616753,0.5718186915251007,0.3497612144621907,0.0,signal_off,model
2010-06-07,1.0782669070824016,0.34061591969016713,0.1721294992961994,0.13911212429385716,0.5871716160005823,0.34061591969016713,0.0,signal_off,model
2010-06-08,1.0521313291151864,0.3075634618415035,0.1721294992961994,0.1425677535200343,0.6502723008855515,0.3075634618415035,0.0,signal_off,model
2010-06-09,0.9101651191122475,0.2778645021620825,0.1721294992961994,0.16480526099078185,0.7197752805550419,0.2778645021620825,0.0,signal_off,model
2010-06-10,0.9421428334255073,0.2591995311691867,0.1721294992961994,0.15921152788969348,0.7716063339229363,0.2591995311691867,0.0,signal_off,model
2010-06-11,0.9229948555220191,0.23615936348873107,0.1721294992961994,0.1625144485937187,0.8468857514071997,0.23615936348873107,0.1625144485937187,vol_target,model
2010-06-14,0.9270000282015596,0.21621798252470742,0.1721294992961994,0.16181229281191045,0.9249924435732159,0.21621798252470742,0.16181229281191045,vol_target,model
2010-06-15,0.8912528270452458,0.20819017519758942,0.1721294992961994,0.16830241144624725,0.9606601263012711,0.20819017519758942,0.0,signal_off,model
2010-06-16,0.89536162820572,0.19339269913692328,0.1721294992961994,0.1675300741897951,1.0341652031982795,0.19339269913692328,0.1675300741897951,vol_target,model
2010-06-17,0.8604173303986032,0.1799612527624576,0.1721294992961994,0.17433400595326212,1.1113503430874245,0.1799612527624576,0.17433400595326212,vol_target,model
2010-06-18,0.8550648636395544,0.1686420053622489,0.1721294992961994,0.1754252880436814,1.1619158878504678,0.1721294992961994,0.1754252880436814,vol_target,floor
2010-06-21,0.6862027716587086,0.16123835542113057,0.1721294992961994,0.21859427882725654,1.1619158878504678,0.1721294992961994,0.21859427882725654,vol_target,floor
2010-06-22,0.714978734173924,0.19474020559614968,0.1721294992961994,0.20979644964309016,1.0270092885429012,0.19474020559614968,0.20979644964309016,vol_target,model
2010-06-23,0.7194570135853818,0.1853713338012134,0.1721294992961994,0.20849056603462895,1.07891547144217,0.1853713338012134,0.20849056603462895,vol_target,model
2010-06-24,0.7507421620360191,0.23667773681093124,0.1721294992961994,0.19980228577172052,0.8450308959974928,0.23667773681093124,0.19980228577172052,vol_target,model
2010-06-25,0.7500801790045891,0.217208665294357,0.1721294992961994,0.19997862121761556,0.9207735783881543,0.217208665294357,0.19997862121761556,vol_target,model
2010-06-28,0.6889481835203215,0.20576497784592435,0.1721294992961994,0.21772319542747665,0.9719827061617788,0.20576497784592435,0.21772319542747665,vol_target,model
2010-06-29,0.7661161959361572,0.32628634838923026,0.1721294992961994,0.1957927541483537,0.6129585285665032,0.32628634838923026,0.1957927541483537,vol_target,model
2010-06-30,0.7412954529799042,0.2965449482843128,0.1721294992961994,0.20234846901734113,0.6744340146649531,0.2965449482843128,0.20234846901734113,vol_target,model
2010-07-01,0.6985959530653296,0.2668266908344331,0.1721294992961994,0.21471638840995785,0.749550201947753,0.2668266908344331,0.21471638840995785,vol_target,model
2010-07-02,0.7077300724807769,0.24340501506609571,0.1721294992961994,0.21194521164574964,0.8216757569505738,0.24340501506609571,0.21194521164574964,vol_target,model
2010-07-06,0.6533718133662814,0.229477461602827,0.1721294992961994,0.22957831502888806,0.8715452864218721,0.229477461602827,0.22957831502888806,vol_target,model
2010-07-07,0.6598047789414082,0.22069320874107612,0.1721294992961994,0.227339972045459,0.9062354076995908,0.22069320874107612,0.227339972045459,vol_target,model
2010-07-08,0.6505176450226949,0.20304072139267845,0.1721294992961994,0.23058559771236778,0.9850240810226549,0.20304072139267845,0.23058559771236778,vol_target,model
2010-07-09,0.6483957528045579,0.18793480100342155,0.1721294992961994,0.2313401951681408,1.0641988547738894,0.18793480100342155,0.2313401951681408,vol_target,model
2010-07-12,0.6244761560446401,0.17622744326780643,0.1721294992961994,0.24020132481932166,1.1348970188262182,0.17622744326780643,0.24020132481932166,vol_target,model
2010-07-13,0.6214060551720555,0.16488682511382505,0.1721294992961994,0.2413880565719107,1.1619158878504678,0.1721294992961994,0.2413880565719107,vol_target,floor
2010-07-14,0.6316259760292398,0.17642871346064096,0.1721294992961994,0.2374823165807482,1.1336023262711006,0.17642871346064096,0.2374823165807482,vol_target,model
2010-07-15,0.5993078241922544,0.16763353940071465,0.1721294992961994,0.2502887396842676,1.1619158878504678,0.1721294992961994,0.2502887396842676,vol_target,floor
2010-07-16,0.6127647703754969,0.20121159469077593,0.1721294992961994,0.2447921408864307,0.9939785046053737,0.20121159469077593,0.2447921408864307,vol_target,model
2010-07-19,0.6108622633963985,0.18613271240564955,0.1721294992961994,0.2455545365758869,1.0745021517987052,0.18613271240564955,0.2455545365758869,vol_target,model
2010-07-20,0.6464350191717171,0.18418314394276933,0.1721294992961994,0.23204188441430096,1.085875698061411,0.18418314394276933,0.23204188441430096,vol_target,model
2010-07-21,0.6470816913452828,0.1758322133499594,0.1721294992961994,0.23180998938194342,1.1374480033527155,0.1758322133499594,0.23180998938194342,vol_target,model
2010-07-22,0.6523725275100226,0.1731594567474124,0.1721294992961994,0.22992997662320397,1.1550047785824362,0.1731594567474124,0.22992997662320397,vol_target,model
2010-07-23,0.6532296958392144,0.16398819384481875,0.1721294992961994,0.2296282623944287,1.1619158878504678,0.1721294992961994,0.2296282623944287,vol_target,floor
2010-07-26,0.6165814241542609,0.15901293412892,0.1721294992961994,0.24327687167311077,1.1619158878504678,0.1721294992961994,0.24327687167311077,vol_target,floor
2010-07-27,0.6143244836263375,0.15054035969595242,0.1721294992961994,0.24417063619954532,1.1619158878504678,0.1721294992961994,0.24417063619954532,vol_target,floor
2010-07-28,0.6120170902019686,0.14821964058130033,0.1721294992961994,0.24509119500322984,1.1619158878504678,0.1721294992961994,0.24509119500322984,vol_target,floor
2010-07-29,0.47321605680322476,0.14169515856237236,0.1721294992961994,0.3169799457214399,1.1619158878504678,0.1721294992961994,0.3169799457214399,vol_target,floor
2010-07-30,0.46120345169898797,0.13639614419918905,0.1721294992961994,0.32523607411745903,1.1619158878504678,0.1721294992961994,0.32523607411745903,vol_target,floor
2010-08-02,0.4831203795805695,0.14404416193257188,0.1721294992961994,0.3104816239178845,1.1619158878504678,0.1721294992961994,0.0,signal_off,floor
2010-08-03,0.4909592576773228,0.14282842459835085,0.1721294992961994,0.30552433354579034,1.1619158878504678,0.1721294992961994,0.30552433354579034,vol_target,floor
2010-08-04,0.4683339671128734,0.13734853061031374,0.1721294992961994,0.3202842640791169,1.1619158878504678,0.1721294992961994,0.3202842640791169,vol_target,floor
2010-08-05,0.4346183892071356,0.13503374637604693,0.1721294992961994,0.345130357400757,1.1619158878504678,0.1721294992961994,0.345130357400757,vol_target,floor
2010-08-06,0.43485911259614823,0.1310730481993912,0.1721294992961994,0.34493930483481516,1.1619158878504678,0.1721294992961994,0.34493930483481516,vol_target,floor
2010-08-09,0.4349332622968426,0.12835578819945392,0.1721294992961994,0.3448804977753685,1.1619158878504678,0.1721294992961994,0.3448804977753685,vol_target,floor
2010-08-10,0.43388826346565856,0.12712819112636678,0.1721294992961994,0.34571112572136264,1.1619158878504678,0.1721294992961994,0.34571112572136264,vol_target,floor
2010-08-11,0.5319772004821106,0.24616020899550653,0.1721294992961994,0.2819669712612885,0.8124789981944274,0.24616020899550653,0.2819669712612885,vol_target,model
2010-08-12,0.5227988891352171,0.22916855873265718,0.1721294992961994,0.28691721255973035,0.8727200672990899,0.22916855873265718,0.28691721255973035,vol_target,model
2010-08-13,0.5287713474862742,0.21926439714833398,0.1721294992961994,0.2836764902506252,0.9121407880217715,0.21926439714833398,0.2836764902506252,vol_target,model
2010-08-16,0.49748567912206887,0.20137541797683117,0.1721294992961994,0.3015162170390723,0.9931698814549976,0.20137541797683117,0.3015162170390723,vol_target,model
2010-08-17,0.5045166984502285,0.18846638244957423,0.1721294992961994,0.297314242443846,1.0611972140628936,0.18846638244957423,0.297314242443846,vol_target,model
2010-08-18,0.4672219179872978,0.17561623094242776,0.1721294992961994,0.32104658241670503,1.1388468988698772,0.17561623094242776,0.32104658241670503,vol_target,model
2010-08-19,0.4804551560225543,0.18592606051203828,0.1721294992961994,0.3122039551865241,1.075696432491509,0.18592606051203828,0.3122039551865241,vol_target,model
2010-08-20,0.44705212621462903,0.17308777918736912,0.1721294992961994,0.3355313423293847,1.1554830788111168,0.17308777918736912,0.3355313423293847,vol_target,model
2010-08-23,0.442860976194713,0.16295994584812631,0.1721294992961994,0.3387067455996606,1.1619158878504678,0.1721294992961994,0.3387067455996606,vol_target,floor
2010-08-24,0.4325680182385188,0.17058576830363048,0.1721294992961994,0.346766274147641,1.1619158878504678,0.1721294992961994,0.346766274147641,vol_target,floor
2010-08-25,0.4386102808469097,0.16121649294069543,0.1721294992961994,0.34198924774486816,1.1619158878504678,0.1721294992961994,0.34198924774486816,vol_target,floor
2010-08-26,0.43837442230335755,0.15640219277673517,0.1721294992961994,0.34217324818326,1.1619158878504678,0.1721294992961994,0.34217324818326,vol_target,floor
2010-08-27,0.4868787434733356,0.16066475121203957,0.1721294992961994,0.30808492260294146,1.1619158878504678,0.1721294992961994,0.30808492260294146,vol_target,floor
2010-08-30,0.49885115267588553,0.1736184896746149,0.1721294992961994,0.3006908958621937,1.1519510414750624,0.1736184896746149,0.3006908958621937,vol_target,model
2010-08-31,0.45848696622452484,0.16341954982050194,0.1721294992961994,0.3271630625297727,1.1619158878504678,0.1721294992961994,0.3271630625297727,vol_target,floor
2010-09-01,0.5038382842296555,0.16601477011469054,0.1721294992961994,0.2977145736937057,1.1619158878504678,0.1721294992961994,0.2977145736937057,vol_target,floor
2010-09-02,0.509252604094389,0.1579800574756301,0.1721294992961994,0.29454930381111566,1.1619158878504678,0.1721294992961994,0.29454930381111566,vol_target,floor
2010-09-03,0.5317546228569832,0.15730761946929936,0.1721294992961994,0.28208499475582915,1.1619158878504678,0.1721294992961994,0.28208499475582915,vol_target,floor
2010-09-07,0.544949683951331,0.17004516784637366,0.1721294992961994,0.27525477015121336,1.1619158878504678,0.1721294992961994,0.27525477015121336,vol_target,floor
2010-09-08,0.5485982899332633,0.16154016895666798,0.1721294992961994,0.27342411150834506,1.1619158878504678,0.1721294992961994,0.27342411150834506,vol_target,floor
2010-09-09,0.5476410385159391,0.15277907908705468,0.1721294992961994,0.27390204431444237,1.1619158878504678,0.1721294992961994,0.27390204431444237,vol_target,floor
2010-09-10,0.4509280136591153,0.14663575135286747,0.1721294992961994,0.33264733051913337,1.1619158878504678,0.1721294992961994,0.33264733051913337,vol_target,floor
2010-09-13,0.46046876507554796,0.14856562725838887,0.1721294992961994,0.3257549944248441,1.1619158878504678,0.1721294992961994,0.3257549944248441,vol_target,floor
2010-09-14,0.44568871630378853,0.1420416170143388,0.1721294992961994,0.3365577689379006,1.1619158878504678,0.1721294992961994,0.3365577689379006,vol_target,floor
2010-09-15,0.4460638882942096,0.13760733550341936,0.1721294992961994,0.3362746995135924,1.1619158878504678,0.1721294992961994,0.3362746995135924,vol_target,floor
2010-09-16,0.44318379202009145,0.13288744608612027,0.1721294992961994,0.3384600310320009,1.1619158878504678,0.1721294992961994,0.3384600310320009,vol_target,floor
2010-09-17,0.444952451609974,0.12909107096569483,0.1721294992961994,0.3371146724942275,1.1619158878504678,0.1721294992961994,0.3371146724942275,vol_target,floor
2010-09-20,0.417898902960114,0.1282909467143524,0.1721294992961994,0.35893848712571663,1.1619158878504678,0.1721294992961994,0.35893848712571663,vol_target,floor
2010-09-21,0.4224382212838207,0.12632684428491708,0.1721294992961994,0.355081506460611,1.1619158878504678,0.1721294992961994,0.355081506460611,vol_target,floor
2010-09-22,0.43688456045148955,0.13405446334557083,0.1721294992961994,0.3433401259247649,1.1619158878504678,0.1721294992961994,0.3433401259247649,vol_target,floor
2010-09-23,0.4423252118764467,0.1548565369442326,0.1721294992961994,0.3391170025413316,1.1619158878504678,0.1721294992961994,0.3391170025413316,vol_target,floor
2010-09-24,0.4652177234462942,0.15707080759293965,0.1721294992961994,0.3224296763433957,1.1619158878504678,0.1721294992961994,0.3224296763433957,vol_target,floor
2010-09-27,0.46128614368129367,0.1500905985292053,0.1721294992961994,0.3251777710098229,1.1619158878504678,0.1721294992961994,0.3251777710098229,vol_target,floor
2010-09-28,0.4316069258521174,0.14318061707790847,0.1721294992961994,0.34753844532002454,1.1619158878504678,0.1721294992961994,0.34753844532002454,vol_target,floor
2010-09-29,0.4163374893469938,0.14507412886016138,0.1721294992961994,0.3602846340723918,1.1619158878504678,0.1721294992961994,0.3602846340723918,vol_target,floor
2010-09-30,0.4358341605204711,0.1561159593356585,0.1721294992961994,0.3441676068274931,1.1619158878504678,0.1721294992961994,0.3441676068274931,vol_target,floor
2010-10-01,0.3985834410230293,0.14919148643848554,0.1721294992961994,0.37633274381645304,1.1619158878504678,0.1721294992961994,0.37633274381645304,vol_target,floor
2010-10-04,0.40152507094324275,0.1486755218319059,0.1721294992961994,0.3735756764767576,1.1619158878504678,0.1721294992961994,0.3735756764767576,vol_target,floor
2010-10-05,0.4017251119866539,0.14997888451119662,0.1721294992961994,0.3733896525865759,1.1619158878504678,0.1721294992961994,0.3733896525865759,vol_target,floor
2010-10-06,0.37989220411499447,0.1433707350729364,0.1721294992961994,0.3948488502138216,1.1619158878504678,0.1721294992961994,0.3948488502138216,vol_target,floor
2010-10-07,0.37468890603337035,0.13766783052658477,0.1721294992961994,0.4003321090767517,1.1619158878504678,0.1721294992961994,0.4003321090767517,vol_target,floor
2010-10-08,0.39033173379116715,0.13827017475729447,0.1721294992961994,0.38428850901539063,1.1619158878504678,0.1721294992961994,0.38428850901539063,vol_target,floor
2010-10-11,0.39195694348650884,0.13538648152023505,0.1721294992961994,0.3826950957054879,1.1619158878504678,0.1721294992961994,0.3826950957054879,vol_target,floor
2010-10-12,0.37506326191972855,0.1348205900798343,0.1721294992961994,0.3999325320007033,1.1619158878504678,0.1721294992961994,0.3999325320007033,vol_target,floor
2010-10-13,0.3773257838002357,0.1324089353134208,0.1721294992961994,0.39753445547578375,1.1619158878504678,0.1721294992961994,0.39753445547578375,vol_target,floor
2010-10-14,0.39921465668629275,0.15236953332119224,0.1721294992961994,0.37573770774120563,1.1619158878504678,0.1721294992961994,0.37573770774120563,vol_target,floor
2010-10-15,0.3990028062454794,0.1451422080509767,0.1721294992961994,0.3759372055837501,1.1619158878504678,0.1721294992961994,0.3759372055837501,vol_target,floor
2010-10-18,0.4075364484338177,0.1425297259529438,0.1721294992961994,0.3680652382785816,1.1619158878504678,0.1721294992961994,0.3680652382785816,vol_target,floor
2010-10-19,0.41836759604697143,0.1533318151394219,0.1721294992961994,0.3585363718827761,1.1619158878504678,0.1721294992961994,0.3585363718827761,vol_target,floor
2010-10-20,0.4452768413553112,0.15504365190621364,0.1721294992961994,0.33686908024104184,1.1619158878504678,0.1721294992961994,0.33686908024104184,vol_target,floor
2010-10-21,0.4373693064862372,0.14921930508935474,0.1721294992961994,0.3429595945016779,1.1619158878504678,0.1721294992961994,0.0,signal_off,floor
2010-10-22,0.41937472645208257,0.14756333972827426,0.1721294992961994,0.3576753450762343,1.1619158878504678,0.1721294992961994,0.3576753450762343,vol_target,floor
2010-10-25,0.39385480289653835,0.14114517035175447,0.1721294992961994,0.3808510113291762,1.1619158878504678,0.1721294992961994,0.3808510113291762,vol_target,floor
2010-10-26,0.40430189822645723,0.1459993456452472,0.1721294992961994,0.37100988310468463,1.1619158878504678,0.1721294992961994,0.37100988310468463,vol_target,floor
2010-10-27,0.41661068439702964,0.14987977351250928,0.1721294992961994,0.3600483751805321,1.1619158878504678,0.1721294992961994,0.3600483751805321,vol_target,floor
2010-10-28,0.40686453853685206,0.14297963427013433,0.1721294992961994,0.36867307369529734,1.1619158878504678,0.1721294992961994,0.36867307369529734,vol_target,floor
2010-10-29,0.3863163089809725,0.13736918596374462,0.1721294992961994,0.38828285659404566,1.1619158878504678,0.1721294992961994,0.38828285659404566,vol_target,floor
2010-11-01,0.3861331362537497,0.13273731046349008,0.1721294992961994,0.3884670490994241,1.1619158878504678,0.1721294992961994,0.3884670490994241,vol_target,floor
2010-11-02,0.37512833054931977,0.13046608094252976,0.1721294992961994,0.39986316090908747,1.1619158878504678,0.1721294992961994,0.39986316090908747,vol_target,floor
2010-11-03,0.3874624901048067,0.13975669881111288,0.1721294992961994,0.3871342486841132,1.1619158878504678,0.1721294992961994,0.3871342486841132,vol_target,floor
2010-11-04,0.4215784774043923,0.14884693777278335,0.1721294992961994,0.35580564008753923,1.1619158878504678,0.1721294992961994,0.0,signal_off,floor
2010-11-05,0.42401500689493,0.14221787440758624,0.1721294992961994,0.3537610640209479,1.1619158878504678,0.1721294992961994,0.3537610640209479,vol_target,floor
2010-11-08,0.42242627323834925,0.1383506571633679,0.1721294992961994,0.35509154970425855,1.1619158878504678,0.1721294992961994,0.35509154970425855,vol_target,floor
2010-11-09,0.425595235352159,0.13477669324308655,0.1721294992961994,0.3524475547191745,1.1619158878504678,0.1721294992961994,0.3524475547191745,vol_target,floor
2010-11-10,0.41928582842210127,0.13080906251902974,0.1721294992961994,0.357751180297448,1.1619158878504678,0.1721294992961994,0.357751180297448,vol_target,floor
2010-11-11,0.4228557138114496,0.1305700691481039,0.1721294992961994,0.35473092854288507,1.1619158878504678,0.1721294992961994,0.35473092854288507,vol_target,floor
2010-11-12,0.4680482951232309,0.20130085182240212,0.1721294992961994,0.3204797486988111,0.9935377728875694,0.20130085182240212,0.3204797486988111,vol_target,model
2010-11-15,0.46850025403294976,0.1863674208842206,0.1721294992961994,0.3201705841325978,1.0731489390747568,0.1863674208842206,0.3201705841325978,vol_target,model
2010-11-16,0.49318482842186384,0.20921813845834578,0.1721294992961994,0.30414560902042176,0.9559400608079636,0.20921813845834578,0.30414560902042176,vol_target,model
2010-11-17,0.483331361952989,0.19369374683967647,0.1721294992961994,0.31034609340038993,1.0325578562200222,0.19369374683967647,0.31034609340038993,vol_target,model
2010-11-18,0.5046678485273058,0.1934351087103274,0.1721294992961994,0.29722519561672456,1.0339384682203874,0.1934351087103274,0.29722519561672456,vol_target,model
2010-11-19,0.500954344369359,0.17956155800556942,0.1721294992961994,0.29942848422411,1.1138241515692164,0.17956155800556942,0.29942848422411,vol_target,model
2010-11-22,0.49637191961217714,0.17074482863714863,0.1721294992961994,0.3021927592463273,1.1619158878504678,0.1721294992961994,0.3021927592463273,vol_target,floor
2010-11-23,0.5298735821998146,0.20275402414807595,0.1721294992961994,0.2830863908656522,0.9864169199124521,0.20275402414807595,0.2830863908656522,vol_target,model
2010-11-24,0.5378249351848409,0.1921240565034567,0.1721294992961994,0.2789011631609227,1.040994051655377,0.1921240565034567,0.2789011631609227,vol_target,model
2010-11-26,0.5870308105690445,0.24851419015911613,0.1721294992961994,0.25552321496480895,0.8047830181123502,0.24851419015911613,0.25552321496480895,vol_target,model
2010-11-29,0.5893961047480455,0.22830836974173582,0.1721294992961994,0.2544977796623238,0.8760081823817565,0.22830836974173582,0.2544977796623238,vol_target,model
2010-11-30,0.6464924697854254,0.28584675903450335,0.1721294992961994,0.23202126399057033,0.6996755907799496,0.28584675903450335,0.23202126399057033,vol_target,model
2010-12-01,0.6674842219589846,0.26317646874586625,0.1721294992961994,0.22472441305019664,0.7599463620477712,0.26317646874586625,0.22472441305019664,vol_target,model
2010-12-02,0.7200260419392901,0.255742441331875,0.1721294992961994,0.20832579832251044,0.7820367982663524,0.255742441331875,0.20832579832251044,vol_target,model
2010-12-03,0.7056245137725583,0.235443931707577,0.1721294992961994,0.2125776486959593,0.849459141076532,0.235443931707577,0.2125776486959593,vol_target,model
2010-12-06,0.6788818815439701,0.2160720470552452,0.1721294992961994,0.22095154411671353,0.9256171852200027,0.2160720470552452,0.22095154411671353,vol_target,model
2010-12-07,0.6787493282895007,0.1983823963769625,0.1721294992961994,0.22099469384081935,1.0081539675524624,0.1983823963769625,0.22099469384081935,vol_target,model
2010-12-08,0.6832131079771886,0.18574360935187215,0.1721294992961994,0.21955082279394478,1.0767530613724674,0.18574360935187215,0.21955082279394478,vol_target,model
2010-12-09,0.6835803132292982,0.17375099692125062,0.1721294992961994,0.21943288461802793,1.1510725322091029,0.17375099692125062,0.21943288461802793,vol_target,model
2010-12-10,0.6835548286972967,0.16279229990884492,0.1721294992961994,0.21944106559215829,1.1619158878504678,0.1721294992961994,0.21944106559215829,vol_target,floor
2010-12-13,0.6848691829941174,0.15869333609813632,0.1721294992961994,0.21901992924287908,1.1619158878504678,0.1721294992961994,0.21901992924287908,vol_target,floor
2010-12-14,0.6453551473874228,0.15409838337449305,0.1721294992961994,0.23243015974574888,1.1619158878504678,0.1721294992961994,0.23243015974574888,vol_target,floor
2010-12-15,0.6513477547386259,0.15509850345721665,0.1721294992961994,0.2302917280496227,1.1619158878504678,0.1721294992961994,0.2302917280496227,vol_target,floor
2010-12-16,0.6257473521656073,0.14807178491785622,0.1721294992961994,0.23971335952261724,1.1619158878504678,0.1721294992961994,0.23971335952261724,vol_target,floor
2010-12-17,0.6246757880840057,0.142114163244328,0.1721294992961994,0.2401245619909126,1.1619158878504678,0.1721294992961994,0.2401245619909126,vol_target,floor
2010-12-20,0.5932623411194267,0.13970543789786016,0.1721294992961994,0.2528392409283303,1.1619158878504678,0.1721294992961994,0.2528392409283303,vol_target,floor
2010-12-21,0.5944426471273166,0.13572871532983966,0.1721294992961994,0.2523372115457814,1.1619158878504678,0.1721294992961994,0.2523372115457814,vol_target,floor
2010-12-22,0.5882952553558076,0.13152512591016402,0.1721294992961994,0.2549740094525806,1.1619158878504678,0.1721294992961994,0.2549740094525806,vol_target,floor
2010-12-23,0.5727145201867221,0.15186770950735326,0.1721294992961994,0.2619105936952594,1.1619158878504678,0.1721294992961994,0.2619105936952594,vol_target,floor
2010-12-27,0.5705411866038642,0.1638503315445981,0.1721294992961994,0.26290827642588294,1.1619158878504678,0.1721294992961994,0.26290827642588294,vol_target,floor
2010-12-28,0.5151640702108976,0.1558614642999475,0.1721294992961994,0.291169374328829,1.1619158878504678,0.1721294992961994,0.291169374328829,vol_target,floor
2010-12-29,0.5116001149689745,0.1482002807887495,0.1721294992961994,0.2931977449010085,1.1619158878504678,0.1721294992961994,0.2931977449010085,vol_target,floor
2010-12-30,0.4223551547722208,0.1416545929355511,0.1721294992961994,0.3551513419574483,1.1619158878504678,0.1721294992961994,0.3551513419574483,vol_target,floor
2010-12-31,0.39956605077051066,0.13674244240859945,0.1721294992961994,0.3754072692380764,1.1619158878504678,0.1721294992961994,0.3754072692380764,vol_target,floor
2011-01-03,0.3005099629497822,0.1329617664761812,0.1721294992961994,0.4991515040886224,1.1619158878504678,0.1721294992961994,0.4991515040886224,vol_target,floor
2011-01-04,0.27788222938731016,0.1291581661302713,0.1721294992961994,0.5397970223958838,1.1619158878504678,0.1721294992961994,0.5397970223958838,vol_target,floor
2011-01-05,0.2737363118875036,0.12705155995149617,0.1721294992961994,0.5479726053357691,1.1619158878504678,0.1721294992961994,0.5479726053357691,vol_target,floor
2011-01-06,0.2738812095036924,0.12430250423605174,0.1721294992961994,0.5476826989037294,1.1619158878504678,0.1721294992961994,0.5476826989037294,vol_target,floor
2011-01-07,0.2604871028003472,0.12323114936170222,0.1721294992961994,0.5758442486688828,1.1619158878504678,0.1721294992961994,0.5758442486688828,vol_target,floor
2011-01-10,0.2540800526842724,0.1213078795667548,0.1721294992961994,0.5903651168806807,1.1619158878504678,0.1721294992961994,0.5903651168806807,vol_target,floor
2011-01-11,0.27206412198220775,0.12311158975690831,0.1721294992961994,0.5513406137756363,1.1619158878504678,0.1721294992961994,0.5513406137756363,vol_target,floor
2011-01-12,0.3038944239149546,0.12988030496931005,0.1721294992961994,0.4935924722395623,1.1619158878504678,0.1721294992961994,0.4935924722395623,vol_target,floor
2011-01-13,0.2970177644174914,0.12666935198826287,0.1721294992961994,0.5050202983453823,1.1619158878504678,0.1721294992961994,0.5050202983453823,vol_target,floor
2011-01-14,0.3102606612315175,0.1319473830536733,0.1721294992961994,0.4834644501968282,1.1619158878504678,0.1721294992961994,0.4834644501968282,vol_target,floor
2011-01-18,0.3162303129897836,0.13121650035152968,0.1721294992961994,0.474337828596609,1.1619158878504678,0.1721294992961994,0.474337828596609,vol_target,floor
2011-01-19,0.3811700647813076,0.1846507719509211,0.1721294992961994,0.3935251318491156,1.0831257182783867,0.1846507719509211,0.3935251318491156,vol_target,model
2011-01-20,0.37214288858794464,0.17192722416400252,0.1721294992961994,0.4030709832160398,1.1619158878504678,0.1721294992961994,0.4030709832160398,vol_target,floor
2011-01-21,0.37382193302713457,0.16469723063753203,0.1721294992961994,0.4012605648505701,1.1619158878504678,0.1721294992961994,0.4012605648505701,vol_target,floor
2011-01-24,0.37821360013475,0.1567587275967425,0.1721294992961994,0.39660128548142626,1.1619158878504678,0.1721294992961994,0.39660128548142626,vol_target,floor
2011-01-25,0.35395729306471196,0.14887427464901085,0.1721294992961994,0.42377993882040554,1.1619158878504678,0.1721294992961994,0.42377993882040554,vol_target,floor
2011-01-26,0.33830238917252836,0.14585580749828952,0.1721294992961994,0.44339030642642785,1.1619158878504678,0.1721294992961994,0.44339030642642785,vol_target,floor
2011-01-27,0.3331481518390025,0.14046083248112712,0.1721294992961994,0.45025013397789804,1.1619158878504678,0.1721294992961994,0.45025013397789804,vol_target,floor
2011-01-28,0.5183332420934301,0.30068251452898226,0.1721294992961994,0.2893891184639906,0.665153410444565,0.30068251452898226,0.2893891184639906,vol_target,model
2011-01-31,0.518725173875437,0.27051645751490017,0.1721294992961994,0.28917046550746334,0.7393265527624467,0.27051645751490017,0.28917046550746334,vol_target,model
2011-02-01,0.5403774556128699,0.25072866306900077,0.1721294992961994,0.2775837489924099,0.7976750545866382,0.25072866306900077,0.2775837489924099,vol_target,model
2011-02-02,0.5408656230872193,0.22801351999718758,0.1721294992961994,0.2773332110549226,0.8771409695463098,0.22801351999718758,0.2773332110549226,vol_target,model
2011-02-03,0.541179817304423,0.20885415456634215,0.1721294992961994,0.2771721989691689,0.9576060405179556,0.20885415456634215,0.2771721989691689,vol_target,model
2011-02-04,0.5433579369322967,0.19386675119765467,0.1721294992961994,0.2760611188397718,1.031636414003205,0.19386675119765467,0.2760611188397718,vol_target,model
2011-02-07,0.544042507110128,0.18058617142266303,0.1721294992961994,0.2757137503772958,1.107504513908204,0.18058617142266303,0.2757137503772958,vol_target,model
2011-02-08,0.5416680804536831,0.16874917356250474,0.1721294992961994,0.27692235413680827,1.1619158878504678,0.1721294992961994,0.27692235413680827,vol_target,floor
2011-02-09,0.5424328995272749,0.1590869916249833,0.1721294992961994,0.2765318993938671,1.1619158878504678,0.1721294992961994,0.2765318993938671,vol_target,floor
2011-02-10,0.5390724951989866,0.15122411611532777,0.1721294992961994,0.27825571019836737,1.1619158878504678,0.1721294992961994,0.27825571019836737,vol_target,floor
2011-02-11,0.5207768023920244,0.1445652494437196,0.1721294992961994,0.2880312627425457,1.1619158878504678,0.1721294992961994,0.2880312627425457,vol_target,floor
2011-02-14,0.52091861778254,0.13884301872710159,0.1721294992961994,0.28795284883178857,1.1619158878504678,0.1721294992961994,0.28795284883178857,vol_target,floor
2011-02-15,0.5051103554322558,0.13851448019783108,0.1721294992961994,0.2969648085548261,1.1619158878504678,0.1721294992961994,0.2969648085548261,vol_target,floor
2011-02-16,0.5007115092737077,0.13996612723467086,0.1721294992961994,0.2995737010670637,1.1619158878504678,0.1721294992961994,0.2995737010670637,vol_target,floor
2011-02-17,0.4644201707099187,0.13779095883953227,0.1721294992961994,0.3229833875878131,1.1619158878504678,0.1721294992961994,0.3229833875878131,vol_target,floor
2011-02-18,0.4665207226711798,0.13577190852710952,0.1721294992961994,0.32152912552552415,1.1619158878504678,0.1721294992961994,0.32152912552552415,vol_target,floor
2011-02-22,0.6565683234782438,0.36717063786109566,0.1721294992961994,0.2284606104744108,0.5447058652758122,0.36717063786109566,0.2284606104744108,vol_target,model
2011-02-23,0.670677579172508,0.359560946460686,0.1721294992961994,0.22365441257939803,0.5562339346602755,0.359560946460686,0.22365441257939803,vol_target,model
2011-02-24,0.672350391260137,0.3207825164385122,0.1721294992961994,0.2230979589658095,0.6234753758418631,0.3207825164385122,0.2230979589658095,vol_target,model
2011-02-25,0.709201498053163,0.2980743096003053,0.1721294992961994,0.21150547539982173,0.6709736248930162,0.2980743096003053,0.21150547539982173,vol_target,model
2011-02-28,0.7251629245549056,0.27226551987111375,0.1721294992961994,0.20685006764799482,0.7345770411717095,0.27226551987111375,0.20685006764799482,vol_target,model
2011-03-01,0.703531937618462,0.3490478182217984,0.1721294992961994,0.21320993686195336,0.5729873947325816,0.3490478182217984,0.21320993686195336,vol_target,model
2011-03-02,0.7019824665487768,0.3114852473265617,0.1721294992961994,0.21368055065172675,0.6420849838526049,0.3114852473265617,0.21368055065172675,vol_target,model
2011-03-03,0.7036379119797217,0.28550846747812436,0.1721294992961994,0.21317782547840156,0.7005046181872837,0.28550846747812436,0.21317782547840156,vol_target,model
2011-03-04,0.7065696120021567,0.26475576658927114,0.1721294992961994,0.21229330762606038,0.7554131967605828,0.26475576658927114,0.21229330762606038,vol_target,model
2011-03-07,0.7139298138108892,0.2629825171498487,0.1721294992961994,0.21010468690096346,0.7605068282392287,0.2629825171498487,0.21010468690096346,vol_target,model
2011-03-08,0.7118066947213672,0.23907869456687678,0.1721294992961994,0.21073137006489756,0.8365446380001653,0.23907869456687678,0.21073137006489756,vol_target,model
2011-03-09,0.7078712503208152,0.22710069647596662,0.1721294992961994,0.21190294129337547,0.8806666078241878,0.22710069647596662,0.21190294129337547,vol_target,model
2011-03-10,0.7159423133932422,0.24212346013234073,0.1721294992961994,0.2095140868110839,0.8260248713226024,0.24212346013234073,0.2095140868110839,vol_target,model
2011-03-11,0.7293180871905574,0.22261058248225554,0.1721294992961994,0.20567157545457632,0.8984298849132303,0.22261058248225554,0.20567157545457632,vol_target,model
2011-03-14,0.7291661673930556,0.20762141547029378,0.1721294992961994,0.205714426570676,0.9632917661550948,0.20762141547029378,0.205714426570676,vol_target,model
2011-03-15,0.7417602002372825,0.24470865032971034,0.1721294992961994,0.20222168829227602,0.8172984474824583,0.24470865032971034,0.20222168829227602,vol_target,model
2011-03-16,0.7561972452184964,0.2811496082189183,0.1721294992961994,0.19836094477791816,0.7113650318312703,0.2811496082189183,0.0,signal_off,model
2011-03-17,0.7724608876514151,0.25549240394516387,0.1721294992961994,0.19418458901661545,0.7828021378002528,0.25549240394516387,0.19418458901661545,vol_target,model
2011-03-18,0.788961814019748,0.23422017444347587,0.1721294992961994,0.19012327001702703,0.8538974086037402,0.23422017444347587,0.19012327001702703,vol_target,model
2011-03-21,0.840987296247397,0.22779473751755872,0.1721294992961994,0.17836179056368745,0.8779834081311196,0.22779473751755872,0.0,signal_off,model
2011-03-22,0.8419296642174073,0.2083055163877658,0.1721294992961994,0.17816215103838678,0.9601281976022907,0.2083055163877658,0.17816215103838678,vol_target,model
2011-03-23,0.7297366955716279,0.19674831740543672,0.1721294992961994,0.20555359338548793,1.0165271176772637,0.19674831740543672,0.20555359338548793,vol_target,model
2011-03-24,0.7092991936974548,0.18384508789336526,0.1721294992961994,0.21147634359779233,1.0878724163465547,0.18384508789336526,0.21147634359779233,vol_target,model
2011-03-25,0.7083370163471435,0.1712948967061619,0.1721294992961994,0.2117636048071327,1.1619158878504678,0.1721294992961994,0.2117636048071327,vol_target,floor
2011-03-28,0.6742509088511274,0.17724968071046937,0.1721294992961994,0.2224691105801973,1.1283518209925152,0.17724968071046937,0.2224691105801973,vol_target,model
2011-03-29,0.6652119486458639,0.1686030514907907,0.1721294992961994,0.22549204100339285,1.1619158878504678,0.1721294992961994,0.22549204100339285,vol_target,floor
2011-03-30,0.5836940554870305,0.15904532872159932,0.1721294992961994,0.25698394319750434,1.1619158878504678,0.1721294992961994,0.25698394319750434,vol_target,floor
2011-03-31,0.5843691168527154,0.15140243081041094,0.1721294992961994,0.2566870761546525,1.1619158878504678,0.1721294992961994,0.2566870761546525,vol_target,floor
2011-04-01,0.557660578954267,0.1445732902852156,0.1721294992961994,0.2689808203428726,1.1619158878504678,0.1721294992961994,0.2689808203428726,vol_target,floor
2011-04-04,0.5535952198944514,0.13930700236738142,0.1721294992961994,0.27095609681853655,1.1619158878504678,0.1721294992961994,0.27095609681853655,vol_target,floor
2011-04-05,0.5326734053686115,0.13432342055902471,0.1721294992961994,0.2815984400351273,1.1619158878504678,0.1721294992961994,0.2815984400351273,vol_target,floor
2011-04-06,0.5296968985284742,0.13021311569180424,0.1721294992961994,0.28318081607936135,1.1619158878504678,0.1721294992961994,0.28318081607936135,vol_target,floor
2011-04-07,0.5230584962976109,0.1294064407134515,0.1721294992961994,0.2867748082896118,1.1619158878504678,0.1721294992961994,0.2867748082896118,vol_target,floor
2011-04-08,0.49627453336075106,0.1332655199964852,0.1721294992961994,0.3022520599318407,1.1619158878504678,0.1721294992961994,0.3022520599318407,vol_target,floor
2011-04-11,0.48907337558636965,0.12959974623775047,0.1721294992961994,0.3067024448430851,1.1619158878504678,0.1721294992961994,0.3067024448430851,vol_target,floor
2011-04-12,0.4895742524273789,0.13243222994952955,0.1721294992961994,0.3063886616918243,1.1619158878504678,0.1721294992961994,0.3063886616918243,vol_target,floor
2011-04-13,0.4354730343923758,0.12958748120427854,0.1721294992961994,0.3444530158091143,1.1619158878504678,0.1721294992961994,0.3444530158091143,vol_target,floor
2011-04-14,0.349131050633527,0.1266815333548444,0.1721294992961994,0.42963809643345285,1.1619158878504678,0.1721294992961994,0.42963809643345285,vol_target,floor
2011-04-15,0.34851942394109514,0.12693654848849684,0.1721294992961994,0.43039208060137324,1.1619158878504678,0.1721294992961994,0.43039208060137324,vol_target,floor
2011-04-18,0.3688063928768447,0.14639821709572365,0.1721294992961994,0.4067174617824193,1.1619158878504678,0.1721294992961994,0.4067174617824193,vol_target,floor
2011-04-19,0.3346654404079393,0.15068793375178013,0.1721294992961994,0.44820881360548614,1.1619158878504678,0.1721294992961994,0.44820881360548614,vol_target,floor
2011-04-20,0.36178138496740614,0.15198597940235073,0.1721294992961994,0.4146150306033958,1.1619158878504678,0.1721294992961994,0.0,signal_off,floor
2011-04-21,0.3436063910590709,0.14517059957238518,0.1721294992961994,0.43654601283074745,1.1619158878504678,0.1721294992961994,0.0,signal_off,floor
2011-04-25,0.34251017069261264,0.1409182079505649,0.1721294992961994,0.4379431994579168,1.1619158878504678,0.1721294992961994,0.4379431994579168,vol_target,floor
2011-04-26,0.3423363785059283,0.13583997859615837,0.1721294992961994,0.43816552787831287,1.1619158878504678,0.1721294992961994,0.43816552787831287,vol_target,floor
2011-04-27,0.31594604461235165,0.13247256432102694,0.1721294992961994,0.4747646079381741,1.1619158878504678,0.1721294992961994,0.4747646079381741,vol_target,floor
2011-04-28,0.30820900322969036,0.12940032516614094,0.1721294992961994,0.4866827329122948,1.1619158878504678,0.1721294992961994,0.4866827329122948,vol_target,floor
2011-04-29,0.3093506847189755,0.1262039207719104,0.1721294992961994,0.4848865944365535,1.1619158878504678,0.1721294992961994,0.4848865944365535,vol_target,floor
2011-05-02,0.33685753941185975,0.14766468433286004,0.1721294992961994,0.44529209665870684,1.1619158878504678,0.1721294992961994,0.44529209665870684,vol_target,floor
2011-05-03,0.36053816467351507,0.16042906759776268,0.1721294992961994,0.41604472063542103,1.1619158878504678,0.1721294992961994,0.41604472063542103,vol_target,floor
2011-05-04,0.3657101698558418,0.15640324743418965,0.1721294992961994,0.41016086607361246,1.1619158878504678,0.1721294992961994,0.41016086607361246,vol_target,floor
2011-05-05,0.3738653923721546,0.1556471868315613,0.1721294992961994,0.4012139210004396,1.1619158878504678,0.1721294992961994,0.4012139210004396,vol_target,floor
2011-05-06,0.37427032587687187,0.1479681599468529,0.1721294992961994,0.4007798364686472,1.1619158878504678,0.1721294992961994,0.4007798364686472,vol_target,floor
2011-05-09,0.3856305571664357,0.14581432876047634,0.1721294992961994,0.388973324889451,1.1619158878504678,0.1721294992961994,0.388973324889451,vol_target,floor
2011-05-10,0.38994451976214045,0.14438190173908827,0.1721294992961994,0.3846701066384968,1.1619158878504678,0.1721294992961994,0.3846701066384968,vol_target,floor
2011-05-11,0.41069574006771675,0.15712879891790194,0.1721294992961994,0.3652338833007314,1.1619158878504678,0.1721294992961994,0.3652338833007314,vol_target,floor
2011-05-12,0.4043045341358715,0.1499455472696267,0.1721294992961994,0.3710074642635362,1.1619158878504678,0.1721294992961994,0.3710074642635362,vol_target,floor
2011-05-13,0.4164753298742505,0.1542063609967069,0.1721294992961994,0.36016539093753913,1.1619158878504678,0.1721294992961994,0.36016539093753913,vol_target,floor
2011-05-16,0.4301805622770733,0.1604109838771172,0.1721294992961994,0.3486907897604799,1.1619158878504678,0.1721294992961994,0.3486907897604799,vol_target,floor
2011-05-17,0.4246687186219992,0.1525298207394839,0.1721294992961994,0.35321650364720203,1.1619158878504678,0.1721294992961994,0.35321650364720203,vol_target,floor
2011-05-18,0.4161185506994409,0.14898777470433375,0.1721294992961994,0.36047419599022823,1.1619158878504678,0.1721294992961994,0.36047419599022823,vol_target,floor
2011-05-19,0.384357724390125,0.14353442502608413,0.1721294992961994,0.390261442613156,1.1619158878504678,0.1721294992961994,0.390261442613156,vol_target,floor
2011-05-20,0.3655570623318097,0.151586156436241,0.1721294992961994,0.410332655162459,1.1619158878504678,0.1721294992961994,0.410332655162459,vol_target,floor
2011-05-23,0.3776421397883343,0.16108584042665477,0.1721294992961994,0.3972014354226303,1.1619158878504678,0.1721294992961994,0.3972014354226303,vol_target,floor
2011-05-24,0.3708128482701145,0.15254994120952248,0.1721294992961994,0.40451672777728065,1.1619158878504678,0.1721294992961994,0.40451672777728065,vol_target,floor
2011-05-25,0.3734992370167878,0.14594714217427873,0.1721294992961994,0.40160724610331106,1.1619158878504678,0.1721294992961994,0.40160724610331106,vol_target,floor
2011-05-26,0.3798574433282289,0.14213600365034992,0.1721294992961994,0.39488498286549917,1.1619158878504678,0.1721294992961994,0.39488498286549917,vol_target,floor
2011-05-27,0.38103278581853356,0.13753445245433044,0.1721294992961994,0.3936669115697496,1.1619158878504678,0.1721294992961994,0.3936669115697496,vol_target,floor
2011-05-31,0.39230016051178634,0.13569787826767196,0.1721294992961994,0.3823602819950755,1.1619158878504678,0.1721294992961994,0.3823602819950755,vol_target,floor
2011-06-01,0.45390432206822756,0.22431339491649074,0.1721294992961994,0.3304661196362283,0.8916097055838225,0.22431339491649074,0.3304661196362283,vol_target,model
2011-06-02,0.4415588965960964,0.2054770172630306,0.1721294992961994,0.33970553227740374,0.9733448668080504,0.2054770172630306,0.33970553227740374,vol_target,model
2011-06-03,0.4393763242065205,0.19094709940215837,0.1721294992961994,0.3413929967002394,1.0474105164529108,0.19094709940215837,0.0,signal_off,model
2011-06-06,0.43719453378785283,0.18101620615217956,0.1721294992961994,0.34309669588135105,1.104873448910209,0.18101620615217956,0.34309669588135105,vol_target,model
2011-06-07,0.4375113579468098,0.16916637545102267,0.1721294992961994,0.3428482421666323,1.1619158878504678,0.1721294992961994,0.3428482421666323,vol_target,floor
2011-06-08,0.42483373816264,0.1641475052342421,0.1721294992961994,0.3530793026202057,1.1619158878504678,0.1721294992961994,0.3530793026202057,vol_target,floor
2011-06-09,0.41777655394313334,0.15754878339139358,0.1721294992961994,0.35904360497075094,1.1619158878504678,0.1721294992961994,0.35904360497075094,vol_target,floor
2011-06-10,0.42736673706817835,0.1795130942599894,0.1721294992961994,0.35098660468765097,1.1141248543704525,0.1795130942599894,0.35098660468765097,vol_target,model
2011-06-13,0.4290657049906125,0.17910024045145187,0.1721294992961994,0.349596805932746,1.1166930848103098,0.17910024045145187,0.349596805932746,vol_target,model
2011-06-14,0.44698546748521334,0.17231948281554113,0.1721294992961994,0.335581379958314,1.160634866889018,0.17231948281554113,0.335581379958314,vol_target,model
2011-06-15,0.5463838035218846,0.2917742773632766,0.1721294992961994,0.2745322958571043,0.6854613840787203,0.2917742773632766,0.2745322958571043,vol_target,model
2011-06-16,0.5644418868589796,0.2965067633870372,0.1721294992961994,0.26574923564713415,0.6745208699976106,0.2965067633870372,0.26574923564713415,vol_target,model
2011-06-17,0.5549538473053199,0.26759362206111037,0.1721294992961994,0.27029274727682756,0.74740196892408,0.26759362206111037,0.27029274727682756,vol_target,model
2011-06-20,0.5754206825556902,0.24685820892940927,0.1721294992961994,0.2606788468808344,0.810181686350934,0.24685820892940927,0.2606788468808344,vol_target,model
2011-06-21,0.5784450828952642,0.2255854001435061,0.1721294992961994,0.25931588742912637,0.8865821984612926,0.2255854001435061,0.25931588742912637,vol_target,model
2011-06-22,0.5747074886996644,0.2128098004964176,0.1721294992961994,0.2610023411029333,0.9398063413125881,0.2128098004964176,0.2610023411029333,vol_target,model
2011-06-23,0.5777104795346016,0.19651743700053617,0.1721294992961994,0.2596456275483156,1.0177213943587833,0.19651743700053617,0.2596456275483156,vol_target,model
2011-06-24,0.600928325690683,0.2325041308887756,0.1721294992961994,0.24961379516866009,0.8601997703674142,0.2325041308887756,0.24961379516866009,vol_target,model
2011-06-27,0.5978197256228985,0.21341543362220414,0.1721294992961994,0.2509117608049942,0.9371393465106529,0.21341543362220414,0.2509117608049942,vol_target,model
2011-06-28,0.620049182005046,0.20218262869065337,0.1721294992961994,0.24191629366391018,0.9892046675582953,0.20218262869065337,0.24191629366391018,vol_target,model
2011-06-29,0.6347592472257061,0.1928588086304338,0.1721294992961994,0.2363100666206811,1.0370280798698208,0.1928588086304338,0.2363100666206811,vol_target,model
2011-06-30,0.5994246480625904,0.18266944112747927,0.1721294992961994,0.2502399600764121,1.0948738812882572,0.18266944112747927,0.2502399600764121,vol_target,model
2011-07-01,0.6147261529467669,0.17551324377202937,0.1721294992961994,0.2440110922253042,1.1395151482686743,0.17551324377202937,0.2440110922253042,vol_target,model
2011-07-05,0.614347328602893,0.16534169895009476,0.1721294992961994,0.2441615565271844,1.1619158878504678,0.1721294992961994,0.2441615565271844,vol_target,floor
2011-07-06,0.6157496334497644,0.16247345384690579,0.1721294992961994,0.24360550433399106,1.1619158878504678,0.1721294992961994,0.24360550433399106,vol_target,floor
2011-07-07,0.6206049749134873,0.15564984819988673,0.1721294992961994,0.24169964158103965,1.1619158878504678,0.1721294992961994,0.24169964158103965,vol_target,floor
2011-07-08,0.6245482102247999,0.16041584136941783,0.1721294992961994,0.24017361277203722,1.1619158878504678,0.1721294992961994,0.0,signal_off,floor
2011-07-11,0.6844773296108794,0.2648881418999464,0.1721294992961994,0.21914531498840722,0.7550356862541021,0.2648881418999464,0.21914531498840722,vol_target,model
2011-07-12,0.678044456507587,0.25123148112836924,0.1721294992961994,0.22122443235154088,0.7960785770227896,0.25123148112836924,0.22122443235154088,vol_target,model
2011-07-13,0.6737481227707487,0.229150673913284,0.1721294992961994,0.2226351286637119,0.872788181612264,0.229150673913284,0.2226351286637119,vol_target,model
2011-07-14,0.6653180955000504,0.22779431025523122,0.1721294992961994,0.22545606532355114,0.8779850549204271,0.22779431025523122,0.22545606532355114,vol_target,model
2011-07-15,0.5867499302768668,0.20936237686388093,0.1721294992961994,0.2556455352780702,0.9552814741400841,0.20936237686388093,0.2556455352780702,vol_target,model
2011-07-18,0.5792773547024234,0.22322585503350753,0.1721294992961994,0.2589433175357864,0.8959535622339931,0.22322585503350753,0.2589433175357864,vol_target,model
2011-07-19,0.6100890495643589,0.2143346575626633,0.1721294992961994,0.2458657471513531,0.9331202068500174,0.2143346575626633,0.2458657471513531,vol_target,model
2011-07-20,0.5948818691043749,0.19781532768922064,0.1721294992961994,0.252150902204891,1.011043999149609,0.19781532768922064,0.252150902204891,vol_target,model
2011-07-21,0.6142466781487171,0.19044952133228388,0.1721294992961994,0.244201564837251,1.0501470342424915,0.19044952133228388,0.244201564837251,vol_target,model
2011-07-22,0.6090845049635323,0.17680345958855678,0.1721294992961994,0.24627124607115222,1.1311995843600822,0.17680345958855678,0.24627124607115222,vol_target,model
2011-07-25,0.6405746708974257,0.22004232154625164,0.1721294992961994,0.23416473803101603,0.9089160603041591,0.22004232154625164,0.23416473803101603,vol_target,model
2011-07-26,0.6124007689882531,0.20790434007601338,0.1721294992961994,0.24493764148568084,0.9619808798934961,0.20790434007601338,0.24493764148568084,vol_target,model
2011-07-27,0.6669374771341209,0.28003121537648135,0.1721294992961994,0.2249086385796776,0.7142060920998209,0.28003121537648135,0.2249086385796776,vol_target,model
2011-07-28,0.6437310654484918,0.2528718876548942,0.1721294992961994,0.23301656242967547,0.7909143315802234,0.2528718876548942,0.23301656242967547,vol_target,model
2011-07-29,0.6223553071509091,0.2301417112827276,0.1721294992961994,0.241019877675162,0.8690297768504089,0.2301417112827276,0.241019877675162,vol_target,model
2011-08-01,0.6108919585228506,0.2112123081554898,0.1721294992961994,0.24554260030317487,0.946914513394572,0.2112123081554898,0.24554260030317487,vol_target,model
2011-08-02,0.6287903967430074,0.27791532058034246,0.1721294992961994,0.23855326159077206,0.719643665496239,0.27791532058034246,0.23855326159077206,vol_target,model
2011-08-03,0.63258568639626,0.25101376458098235,0.1721294992961994,0.23712202666887094,0.7967690550112274,0.25101376458098235,0.0,signal_off,model
2011-08-04,0.948449212556462,0.6464530561728067,0.2135280027375383,0.15815290688648273,0.309380546801123,0.6464530561728067,0.0,signal_off,model
2011-08-05,0.9336580059669052,0.5747121626795747,0.2135280027375383,0.1606583985156948,0.3480002912545077,0.5747121626795747,0.0,signal_off,model
2011-08-08,1.101181765168186,0.7833292927690765,0.2135280027375383,0.13621729376992556,0.2553204659218068,0.7833292927690765,0.0,signal_off,model
2011-08-09,1.2665765357442558,0.7200898661181626,0.2135280027375383,0.11842947959860804,0.27774311153433334,0.7200898661181626,0.0,signal_off,model
2011-08-10,1.3412491693448831,0.7906332606822771,0.2135280027375383,0.11183604316658453,0.25296178385843515,0.7906332606822771,0.0,signal_off,model
2011-08-11,1.3554543520161098,0.6858387449700494,0.2135280027375383,0.11066399969640381,0.2916137378746866,0.6858387449700494,0.0,signal_off,model
2011-08-12,1.3563133385464912,0.5971717054359791,0.2135280027375383,0.11059391346895492,0.3349120498835178,0.5971717054359791,0.0,signal_off,model
2011-08-15,1.3686130824423688,0.5251650279318161,0.2135280027375383,0.10960000450406068,0.38083267042291835,0.5251650279318161,0.0,signal_off,model
2011-08-16,1.3669345990693063,0.4627762601641247,0.2135280027375383,0.10973458430427417,0.4321742864015313,0.4627762601641247,0.0,signal_off,model
2011-08-17,1.3374098481746453,0.42653664053714396,0.2135280027375383,0.1121570924610182,0.4688928945193009,0.42653664053714396,0.0,signal_off,model
2011-08-18,1.4483553819626411,0.6873316731674511,0.2135280027375383,0.1035657421293506,0.29098033425163433,0.6873316731674511,0.0,signal_off,model
2011-08-19,1.4168958891063619,0.6289448629884696,0.2135280027375383,0.10586522351660234,0.317992898534361,0.6289448629884696,0.0,signal_off,model
2011-08-22,1.4081190066982603,0.5594391029134094,0.2135280027375383,0.10652508721668213,0.3575009307687887,0.5594391029134094,0.0,signal_off,model
2011-08-23,1.44431711860095,0.4947074559705709,0.2135280027375383,0.1038553085525281,0.4042793323331225,0.4947074559705709,0.0,signal_off,model
2011-08-24,1.4554680381854463,0.4358377388956322,0.2135280027375383,0.10305963172300728,0.45888637479347094,0.4358377388956322,0.0,signal_off,model
2011-08-25,1.4474889181448196,0.39676451913959154,0.2135280027375383,0.10362773636446775,0.5040773313947337,0.39676451913959154,0.0,signal_off,model
2011-08-26,1.4557649601418086,0.3528742820711823,0.2135280027375383,0.10303861138778078,0.5667740897016,0.3528742820711823,0.0,signal_off,model
2011-08-29,1.481049360328719,0.32214538223785133,0.2135280027375383,0.10127954139672124,0.6208377056677253,0.32214538223785133,0.0,signal_off,model
2011-08-30,1.470340715225846,0.30046230868899204,0.2135280027375383,0.10201717088202908,0.6656408947686667,0.30046230868899204,0.0,signal_off,model
2011-08-31,1.4717497322035187,0.27080325336712774,0.2135280027375383,0.10191950215300428,0.7385435644263113,0.27080325336712774,0.0,signal_off,model
2011-09-01,1.4664264804174048,0.2500853509152517,0.2135280027375383,0.10228947854058383,0.7997269702845391,0.2500853509152517,0.0,signal_off,model
2011-09-02,1.3081745220744236,0.28033499729857997,0.2135280027375383,0.11466359990113484,0.713432150560151,0.28033499729857997,0.0,signal_off,model
2011-09-06,1.3079409287799624,0.26835219376378866,0.2135280027375383,0.11468407838564917,0.7452892305253364,0.26835219376378866,0.0,signal_off,model
2011-09-07,1.1714136770457952,0.24898234772840783,0.2135280027375383,0.12805040861251263,0.8032697973358408,0.24898234772840783,0.0,signal_off,model
2011-09-08,0.9968731511235516,0.23958396606314225,0.2135280027375383,0.15047049850920213,0.834780404074662,0.23958396606314225,0.0,signal_off,model
2011-09-09,0.9206392630367745,0.32656371425053615,0.2135280027375383,0.1629302659819412,0.6124379141724307,0.32656371425053615,0.0,signal_off,model
2011-09-12,0.903614326847952,0.2938075616030034,0.2135280027375383,0.1660000240625224,0.6807176742109946,0.2938075616030034,0.0,signal_off,model
2011-09-13,0.9048426642032713,0.26444698119209875,0.2135280027375383,0.16577467656443615,0.7562952660621096,0.26444698119209875,0.0,signal_off,model
2011-09-14,0.8961226834997976,0.24220792378517533,0.2135280027375383,0.16738779495478967,0.8257368168408423,0.24220792378517533,0.0,signal_off,model
2011-09-15,0.925338296401701,0.22669841896215226,0.2135280027375383,0.1621028769513751,0.8822293552624662,0.22669841896215226,0.0,signal_off,model
2011-09-16,0.9290858263374316,0.20856075392382165,0.2135280027375383,0.1614490241351739,0.9366452991453,0.2135280027375383,0.0,signal_off,floor
2011-09-19,0.6675945950692271,0.22239991751788582,0.2135280027375383,0.2246872594653729,0.8992809090584111,0.22239991751788582,0.0,signal_off,model
2011-09-20,0.6385292629838606,0.2037407457955044,0.2135280027375383,0.23491484054943207,0.9366452991453,0.2135280027375383,0.0,signal_off,floor
2011-09-21,0.6954587335713686,0.2967809536445854,0.2135280027375383,0.21568497562710795,0.6738976930423678,0.2967809536445854,0.0,signal_off,model
2011-09-22,0.7078188502504684,0.3451258188399214,0.2135280027375383,0.21191862854022758,0.5794988061810739,0.3451258188399214,0.0,signal_off,model
2011-09-23,0.6999944906187232,0.3114260731305168,0.2135280027375383,0.21428740084427722,0.6422069866840636,0.3114260731305168,0.0,signal_off,model
2011-09-26,0.717992745005687,0.2826558772981444,0.2135280027375383,0.2089157600036918,0.707574177872271,0.2826558772981444,0.0,signal_off,model
2011-09-27,0.7161482301005042,0.25551633377428135,0.2135280027375383,0.20945384446310647,0.7827288261605871,0.25551633377428135,0.0,signal_off,model
2011-09-28,0.6995570990759723,0.2994506396404739,0.2135280027375383,0.2144213820403385,0.6678897070987184,0.2994506396404739,0.0,signal_off,model
2011-09-29,0.7081526909152803,0.2700367195068404,0.2135280027375383,0.21181872486585696,0.7406400150514855,0.2700367195068404,0.0,signal_off,model
2011-09-30,0.7407611756872619,0.3391820788648144,0.2135280027375383,0.20249441375060365,0.5896537950040477,0.3391820788648144,0.0,signal_off,model
2011-10-03,0.7640479942239808,0.3657037750592146,0.2135280027375383,0.19632274560494095,0.5468907176788539,0.3657037750592146,0.0,signal_off,model
2011-10-04,0.8226450901433452,0.33877741121310867,0.2135280027375383,0.18233865587633014,0.5903581330403094,0.33877741121310867,0.0,signal_off,model
2011-10-05,0.849992810216021,0.30832448779469435,0.2135280027375383,0.17647208093663558,0.6486672577663538,0.30832448779469435,0.0,signal_off,model
2011-10-06,0.8255225644108739,0.27702709316503155,0.2135280027375383,0.18170308900889465,0.7219510471521112,0.27702709316503155,0.0,signal_off,model
2011-10-07,0.8238818509533681,0.25043554895663567,0.2135280027375383,0.18206494029019463,0.7986086673127669,0.25043554895663567,0.0,signal_off,model
2011-10-10,0.817224395979208,0.24061196084787004,0.2135280027375383,0.18354811816437297,0.8312138735549084,0.24061196084787004,0.0,signal_off,model
2011-10-11,0.817222394994857,0.2191793808836075,0.2135280027375383,0.18354856758538043,0.9124945932127052,0.2191793808836075,0.0,signal_off,model
2011-10-12,0.8462963392948867,0.21153228328711426,0.2135280027375383,0.17724287939727626,0.9366452991453,0.2135280027375383,0.0,signal_off,floor
2011-10-13,0.8376907837630937,0.19460250494963618,0.2135280027375383,0.1790636866340663,0.9366452991453,0.2135280027375383,0.0,signal_off,floor
2011-10-14,0.8471524631826919,0.19133021039196627,0.2135280027375383,0.1770637594990406,0.9366452991453,0.2135280027375383,0.1770637594990406,vol_target,floor
2011-10-17,0.9482540965188485,0.38204555078733127,0.2135280027375383,0.1581854489747711,0.5234977860305763,0.38204555078733127,0.0,signal_off,model
2011-10-18,0.965623606527073,0.3463210064708226,0.2135280027375383,0.15534002999314048,0.5774988991805495,0.3463210064708226,0.15534002999314048,vol_target,model
2011-10-19,1.0147043461022636,0.4069347962189539,0.2135280027375383,0.14782631076351255,0.4914792292482865,0.4069347962189539,0.0,signal_off,model
2011-10-20,0.9733589826087717,0.36188709674930697,0.2135280027375383,0.15410552805294286,0.5526585551032996,0.36188709674930697,0.0,signal_off,model
2011-10-21,0.964838137140556,0.3326734657447172,0.2135280027375383,0.15546649145166228,0.6011901176196406,0.3326734657447172,0.0,signal_off,model
2011-10-24,0.9780312088499457,0.3039114292033082,0.2135280027375383,0.15336933897680327,0.6580864711942295,0.3039114292033082,0.15336933897680327,vol_target,model
2011-10-25,1.0174901660462357,0.35686058897610246,0.2135280027375383,0.1474215722230222,0.5604429465686759,0.35686058897610246,0.0,signal_off,model
2011-10-26,1.0313336836557838,0.32364470255623,0.2135280027375383,0.1454427430977458,0.6179616054900575,0.32364470255623,0.1454427430977458,vol_target,model
2011-10-27,1.0891964397950578,0.33161964919117454,0.2135280027375383,0.13771620482731642,0.6031005716573282,0.33161964919117454,0.0,signal_off,model
2011-10-28,1.0895014452349296,0.2966298404473075,0.2135280027375383,0.13767765123767728,0.6742409991469738,0.2966298404473075,0.13767765123767728,vol_target,model
2011-10-31,1.1446581671608205,0.44430164072124606,0.2135280027375383,0.13104348905495164,0.45014463524225334,0.44430164072124606,0.13104348905495164,vol_target,model
2011-11-01,1.2035043387682107,0.5368401405597137,0.2135280027375383,0.12463602761376441,0.37255038304601895,0.5368401405597137,0.0,signal_off,model
2011-11-02,1.1787408161337982,0.47252760969664503,0.2135280027375383,0.12725443791111885,0.423255691087335,0.47252760969664503,0.0,signal_off,model
2011-11-03,1.175310853814704,0.4198708246968084,0.2135280027375383,0.12762581023832573,0.47633697850861956,0.4198708246968084,0.12762581023832573,vol_target,model
2011-11-04,1.177737253207997,0.37667872164739946,0.2135280027375383,0.12736287282364575,0.5309564583985594,0.37667872164739946,0.0,signal_off,model
2011-11-07,1.1775437779172628,0.3350334957815807,0.2135280027375383,0.1273837990680117,0.596955237366435,0.3350334957815807,0.1273837990680117,vol_target,model
2011-11-08,1.1664630859786578,0.3055909028700665,0.2135280027375383,0.1285938679098024,0.654469744097839,0.3055909028700665,0.0,signal_off,model
2011-11-09,1.3639369945470443,0.6375876599794317,0.2135280027375383,0.10997575445177667,0.3136823570369162,0.6375876599794317,0.0,signal_off,model
2011-11-10,1.364710309308063,0.5620953256593111,0.2135280027375383,0.10991343655640233,0.3558115338628898,0.5620953256593111,0.10991343655640233,vol_target,model
2011-11-11,1.3753331810569005,0.495349031308149,0.2135280027375383,0.10906448129516493,0.4037557103358563,0.495349031308149,0.10906448129516493,vol_target,model
2011-11-14,1.3548934593388355,0.4406318902858854,0.2135280027375383,0.1107098118793764,0.45389361144568646,0.4406318902858854,0.1107098118793764,vol_target,model
2011-11-15,1.2861340772668142,0.3894467547323577,0.2135280027375383,0.11662858690344913,0.5135490219643696,0.3894467547323577,0.11662858690344913,vol_target,model
2011-11-16,1.2826537627999377,0.3940538724871708,0.2135280027375383,0.11694504343289117,0.507544815478273,0.3940538724871708,0.11694504343289117,vol_target,model
2011-11-17,1.2500324636602207,0.36498860444040326,0.2135280027375383,0.1199968835695554,0.5479623132525957,0.36498860444040326,0.0,signal_off,model
2011-11-18,1.259803224104137,0.32804705879284646,0.2135280027375383,0.11906621377847879,0.6096686272267268,0.32804705879284646,0.11906621377847879,vol_target,model
2011-11-21,1.2313979224903473,0.29944741776326655,0.2135280027375383,0.12181277656912387,0.6678968931971674,0.29944741776326655,0.12181277656912387,vol_target,model
2011-11-22,1.2142108356707964,0.2698269289281334,0.2135280027375383,0.12353702964372888,0.741215863051492,0.2698269289281334,0.12353702964372888,vol_target,model
2011-11-23,1.191253371143811,0.26887709646302316,0.2135280027375383,0.12591779686295776,0.7438342745846508,0.26887709646302316,0.12591779686295776,vol_target,model
2011-11-25,1.1721497507110614,0.253594837672747,0.2135280027375383,0.12796999693000444,0.7886595872195602,0.253594837672747,0.12796999693000444,vol_target,model
2011-11-28,1.0880052944662695,0.24133211378644678,0.2135280027375383,0.13786697616539065,0.8287334696657019,0.24133211378644678,0.13786697616539065,vol_target,model
2011-11-29,1.0924710644144555,0.22044897312373868,0.2135280027375383,0.13730340773867292,0.9072394267300098,0.22044897312373868,0.13730340773867292,vol_target,model
2011-11-30,1.06164665352534,0.22249379132204755,0.2135280027375383,0.14128994755637847,0.89890148759482,0.22249379132204755,0.0,signal_off,model
2011-12-01,0.9701904271660483,0.20462424989126013,0.2135280027375383,0.15460882296906797,0.9366452991453,0.2135280027375383,0.15460882296906797,vol_target,floor
2011-12-02,0.9647515770351728,0.1887392565879616,0.2135280027375383,0.15548044032327227,0.9366452991453,0.2135280027375383,0.0,signal_off,floor
2011-12-05,0.9522774174419298,0.17534062819373047,0.2135280027375383,0.15751712395211456,0.9366452991453,0.2135280027375383,0.0,signal_off,floor
2011-12-06,0.9506271091564156,0.16707157541243217,0.2135280027375383,0.1577905769309584,0.9366452991453,0.2135280027375383,0.1577905769309584,vol_target,floor
2011-12-07,0.9532287058247294,0.16769817487190397,0.2135280027375383,0.15735992745856373,0.9366452991453,0.2135280027375383,0.15735992745856373,vol_target,floor
2011-12-08,0.9469427621117952,0.20894537311121694,0.2135280027375383,0.158404505532607,0.9366452991453,0.2135280027375383,0.158404505532607,vol_target,floor
2011-12-09,0.6860039990821156,0.21339644219207218,0.2135280027375383,0.21865761744931866,0.9366452991453,0.2135280027375383,0.21865761744931866,vol_target,floor
2011-12-12,0.6609763051303922,0.20318319403903928,0.2135280027375383,0.22693703062534015,0.9366452991453,0.2135280027375383,0.22693703062534015,vol_target,floor
2011-12-13,0.6452566556357807,0.18762762827820875,0.2135280027375383,0.23246563780454588,0.9366452991453,0.2135280027375383,0.23246563780454588,vol_target,floor
2011-12-14,0.6413267480254774,0.17566584003105948,0.2135280027375383,0.23389013550708956,0.9366452991453,0.2135280027375383,0.23389013550708956,vol_target,floor
2011-12-15,0.6523052822250563,0.1686251130472577,0.2135280027375383,0.22995367979903536,0.9366452991453,0.2135280027375383,0.22995367979903536,vol_target,floor
2011-12-16,0.6028899858489479,0.15850703866095567,0.2135280027375383,0.24880161143957363,0.9366452991453,0.2135280027375383,0.24880161143957363,vol_target,floor
2011-12-19,0.5837920058592915,0.1508829926751384,0.2135280027375383,0.25694082566138077,0.9366452991453,0.2135280027375383,0.25694082566138077,vol_target,floor
2011-12-20,0.6040414301300933,0.1578164456262821,0.2135280027375383,0.248327337361105,0.9366452991453,0.2135280027375383,0.0,signal_off,floor
2011-12-21,0.633671182922579,0.169846624264182,0.2135280027375383,0.2367158299801157,0.9366452991453,0.2135280027375383,0.0,signal_off,floor
2011-12-22,0.6483365859040737,0.17287896386405513,0.2135280027375383,0.23136130716860953,0.9366452991453,0.2135280027375383,0.0,signal_off,floor
2011-12-23,0.6336029897925292,0.17481230759085498,0.2135280027375383,0.2367413071221727,0.9366452991453,0.2135280027375383,0.2367413071221727,vol_target,floor
2011-12-27,0.617997555096478,0.1638186825823593,0.2135280027375383,0.24271940683743143,0.9366452991453,0.2135280027375383,0.24271940683743143,vol_target,floor
2011-12-28,0.6260156425726097,0.19755823215554807,0.2135280027375383,0.23961062599582236,0.9366452991453,0.2135280027375383,0.23961062599582236,vol_target,floor
2011-12-29,0.6275627098747586,0.1844166093076042,0.2135280027375383,0.23901993799143226,0.9366452991453,0.2135280027375383,0.23901993799143226,vol_target,floor
2011-12-30,0.5801871152052681,0.1876498315882724,0.2135280027375383,0.2585372823161206,0.9366452991453,0.2135280027375383,0.2585372823161206,vol_target,floor
2012-01-03,0.6103871414708703,0.18606799667154786,0.2135280027375383,0.24574567484914572,0.9366452991453,0.2135280027375383,0.24574567484914572,vol_target,floor
2012-01-04,0.6120334450307873,0.17428945119231232,0.2135280027375383,0.24508464564784446,0.9366452991453,0.2135280027375383,0.24508464564784446,vol_target,floor
2012-01-05,0.6122272570550131,0.16393376423673472,0.2135280027375383,0.2450070595052278,0.9366452991453,0.2135280027375383,0.2450070595052278,vol_target,floor
2012-01-06,0.6098114840345065,0.15618380535401058,0.2135280027375383,0.24597765691062679,0.9366452991453,0.2135280027375383,0.24597765691062679,vol_target,floor
2012-01-09,0.5989729884015739,0.1483493613819132,0.2135280027375383,0.25042865522248625,0.9366452991453,0.2135280027375383,0.25042865522248625,vol_target,floor
2012-01-10,0.552459446712742,0.1429715445961501,0.2135280027375383,0.2715131416297318,0.9366452991453,0.2135280027375383,0.2715131416297318,vol_target,floor
2012-01-11,0.5071840392623713,0.15118348714532462,0.2135280027375383,0.2957506316999923,0.9366452991453,0.2135280027375383,0.2957506316999923,vol_target,floor
2012-01-12,0.4968182060661081,0.14506365973536198,0.2135280027375383,0.30192130273913625,0.9366452991453,0.2135280027375383,0.30192130273913625,vol_target,floor
2012-01-13,0.5060243483219524,0.14589354563135012,0.2135280027375383,0.29642842384446716,0.9366452991453,0.2135280027375383,0.29642842384446716,vol_target,floor
2012-01-17,0.5026474789989762,0.13972263062355397,0.2135280027375383,0.2984198792734928,0.9366452991453,0.2135280027375383,0.2984198792734928,vol_target,floor
2012-01-18,0.4988664083752875,0.13785366037656938,0.2135280027375383,0.3006817005148158,0.9366452991453,0.2135280027375383,0.3006817005148158,vol_target,floor
2012-01-19,0.500458946085306,0.1355769110166102,0.2135280027375383,0.29972488487483584,0.9366452991453,0.2135280027375383,0.29972488487483584,vol_target,floor
2012-01-20,0.5036293772621824,0.13421368625447033,0.2135280027375383,0.2978380665866362,0.9366452991453,0.2135280027375383,0.2978380665866362,vol_target,floor
2012-01-23,0.47184541798486146,0.13192111692892325,0.2135280027375383,0.3179007240138391,0.9366452991453,0.2135280027375383,0.3179007240138391,vol_target,floor
2012-01-24,0.40785465145441235,0.12829415709634598,0.2135280027375383,0.36777807845294647,0.9366452991453,0.2135280027375383,0.36777807845294647,vol_target,floor
2012-01-25,0.3966609691476716,0.12828092499080343,0.2135280027375383,0.37815669215530245,0.9366452991453,0.2135280027375383,0.37815669215530245,vol_target,floor
2012-01-26,0.3791948866002755,0.12537272908986377,0.2135280027375383,0.39557495446430163,0.9366452991453,0.2135280027375383,0.39557495446430163,vol_target,floor
2012-01-27,0.3795629086521917,0.12393556940736966,0.2135280027375383,0.3951914072232249,0.9366452991453,0.2135280027375383,0.3951914072232249,vol_target,floor
2012-01-30,0.34142107088498297,0.13693970869901634,0.2135280027375383,0.43934019541087904,0.9366452991453,0.2135280027375383,0.43934019541087904,vol_target,floor
2012-01-31,0.34734965181537447,0.13573248259592852,0.2135280027375383,0.431841515360807,0.9366452991453,0.2135280027375383,0.431841515360807,vol_target,floor
2012-02-01,0.33023779528283687,0.13700168573610558,0.2135280027375383,0.4542181486874643,0.9366452991453,0.2135280027375383,0.4542181486874643,vol_target,floor
2012-02-02,0.29114953641886065,0.13612947226575411,0.2135280027375383,0.5151991716868246,0.9366452991453,0.2135280027375383,0.5151991716868246,vol_target,floor
2012-02-03,0.31201991007868923,0.13955604912511,0.2135280027375383,0.4807385527486725,0.9366452991453,0.2135280027375383,0.4807385527486725,vol_target,floor
2012-02-06,0.312621210570647,0.13462939650956776,0.2135280027375383,0.47981389274961744,0.9366452991453,0.2135280027375383,0.47981389274961744,vol_target,floor
2012-02-07,0.32352877690064663,0.13540994768518805,0.2135280027375383,0.4636372734350735,0.9366452991453,0.2135280027375383,0.4636372734350735,vol_target,floor
2012-02-08,0.36008068025731554,0.15831339326951085,0.2135280027375383,0.41657330766207507,0.9366452991453,0.2135280027375383,0.41657330766207507,vol_target,floor
2012-02-09,0.405683624732766,0.19218825170735782,0.2135280027375383,0.36974625263420174,0.9366452991453,0.2135280027375383,0.36974625263420174,vol_target,floor
2012-02-10,0.48745314054464134,0.26921755224284,0.2135280027375383,0.30772188652308596,0.7428936127448174,0.26921755224284,0.30772188652308596,vol_target,model
2012-02-13,0.5415076087601568,0.2569107442181488,0.2135280027375383,0.2770044179867427,0.778480482039223,0.2569107442181488,0.2770044179867427,vol_target,model
2012-02-14,0.5481845172896119,0.24479519817897563,0.2135280027375383,0.2736304935090922,0.8170094899237984,0.24479519817897563,0.2736304935090922,vol_target,model
2012-02-15,0.6266445026501716,0.31373520079942835,0.2135280027375383,0.23937016819844104,0.6374802683612811,0.31373520079942835,0.23937016819844104,vol_target,model
2012-02-16,0.6489595003591137,0.2888326847102119,0.2135280027375383,0.2311392312108764,0.692442409004582,0.2888326847102119,0.2311392312108764,vol_target,model
2012-02-17,0.6436517897184775,0.2602256350769975,0.2135280027375383,0.23304526204395,0.7685637886552665,0.2602256350769975,0.23304526204395,vol_target,model
2012-02-21,0.6365745349408208,0.2359398661803211,0.2135280027375383,0.23563619304052863,0.8476736180190362,0.2359398661803211,0.23563619304052863,vol_target,model
2012-02-22,0.6404330561195043,0.21751775286889516,0.2135280027375383,0.23421651734980106,0.919465180943398,0.21751775286889516,0.23421651734980106,vol_target,model
2012-02-23,0.6771575161373299,0.21158957333163542,0.2135280027375383,0.2215141919351885,0.9366452991453,0.2135280027375383,0.2215141919351885,vol_target,floor
2012-02-24,0.6930422099865442,0.2313887282714138,0.2135280027375383,0.21643703347147114,0.8643463382771372,0.2313887282714138,0.21643703347147114,vol_target,model
2012-02-27,0.6953757406693319,0.2162220096910096,0.2135280027375383,0.21571071756920643,0.924975215454747,0.2162220096910096,0.21571071756920643,vol_target,model
2012-02-28,0.6993191373519837,0.20039972820288682,0.2135280027375383,0.21449434455345312,0.9366452991453,0.2135280027375383,0.21449434455345312,vol_target,floor
2012-02-29,0.6941607435673316,0.18583285420202322,0.2135280027375383,0.2160882783851208,0.9366452991453,0.2135280027375383,0.2160882783851208,vol_target,floor
2012-03-01,0.7032777977638964,0.17698504345499405,0.2135280027375383,0.21328698343233893,0.9366452991453,0.2135280027375383,0.21328698343233893,vol_target,floor
2012-03-02,0.6950487810978982,0.1733059635276661,0.2135280027375383,0.21581219056748818,0.9366452991453,0.2135280027375383,0.21581219056748818,vol_target,floor
2012-03-05,0.6860859715598855,0.16246908297574375,0.2135280027375383,0.2186314925795085,0.9366452991453,0.2135280027375383,0.2186314925795085,vol_target,floor
2012-03-06,0.7316639809667029,0.2825522099702804,0.2135280027375383,0.2050121420516207,0.7078337841386431,0.2825522099702804,0.2050121420516207,vol_target,model
2012-03-07,0.7700502576015619,0.26452238695780045,0.2135280027375383,0.19479248077547265,0.7560796736342252,0.26452238695780045,0.19479248077547265,vol_target,model
2012-03-08,0.7803100478899571,0.24217281261177898,0.2135280027375383,0.19223128089355795,0.8258565354345324,0.24217281261177898,0.19223128089355795,vol_target,model
2012-03-09,0.7761760045662986,0.22183548393769761,0.2135280027375383,0.19325513687300216,0.9015690206539271,0.22183548393769761,0.19325513687300216,vol_target,model
2012-03-12,0.7740391743086775,0.2098619390843151,0.2135280027375383,0.19378864142628238,0.9366452991453,0.2135280027375383,0.19378864142628238,vol_target,floor
2012-03-13,0.7207178411482145,0.1965042985878191,0.2135280027375383,0.20812583154737352,0.9366452991453,0.2135280027375383,0.20812583154737352,vol_target,floor
2012-03-14,0.7148641807510052,0.2298328544236293,0.2135280027375383,0.20983006847876545,0.870197607307086,0.2298328544236293,0.20983006847876545,vol_target,model
2012-03-15,0.7071653601806084,0.210816406064899,0.2135280027375383,0.21211446211348692,0.9366452991453,0.2135280027375383,0.21211446211348692,vol_target,floor
2012-03-16,0.6304724883624613,0.19416615147411176,0.2135280027375383,0.23791680488643996,0.9366452991453,0.2135280027375383,0.23791680488643996,vol_target,floor
2012-03-19,0.6439433481566784,0.19523735850797203,0.2135280027375383,0.23293974606521342,0.9366452991453,0.2135280027375383,0.23293974606521342,vol_target,floor
2012-03-20,0.6520782372365828,0.1860448727363062,0.2135280027375383,0.2300337466186254,0.9366452991453,0.2135280027375383,0.2300337466186254,vol_target,floor
2012-03-21,0.6624748089671695,0.1811971102107793,0.2135280027375383,0.22642370391993819,0.9366452991453,0.2135280027375383,0.22642370391993819,vol_target,floor
2012-03-22,0.668756652562632,0.17449331553058736,0.2135280027375383,0.2242968341701122,0.9366452991453,0.2135280027375383,0.2242968341701122,vol_target,floor
2012-03-23,0.6753471001018798,0.18017995974444967,0.2135280027375383,0.22210800931457567,0.9366452991453,0.2135280027375383,0.22210800931457567,vol_target,floor
2012-03-26,0.6786371023298524,0.19072866080615958,0.2135280027375383,0.22103123964933516,0.9366452991453,0.2135280027375383,0.22103123964933516,vol_target,floor
2012-03-27,0.8179668840696929,0.35406437926933554,0.2135280027375383,0.18338150715062398,0.5648690230085549,0.35406437926933554,0.18338150715062398,vol_target,model
2012-03-28,0.8199226018827003,0.3163596103097491,0.2135280027375383,0.18294409698619246,0.6321919533412598,0.3163596103097491,0.18294409698619246,vol_target,model
2012-03-29,0.8175284310311776,0.28457924916772576,0.2135280027375383,0.18347985746599624,0.7027919308414637,0.28457924916772576,0.18347985746599624,vol_target,model
2012-03-30,0.8140388058435901,0.2574395383488022,0.2135280027375383,0.18426639973822215,0.7768814428536694,0.2574395383488022,0.18426639973822215,vol_target,model
2012-04-02,0.8082284469350508,0.23395910984819365,0.2135280027375383,0.18559109193548837,0.8548502348541662,0.23395910984819365,0.18559109193548837,vol_target,model
2012-04-03,0.8170852811803972,0.2213495749516366,0.2135280027375383,0.1835793685859858,0.9035481547398438,0.2213495749516366,0.1835793685859858,vol_target,model
2012-04-04,0.748602353064045,0.22613279444883314,0.2135280027375383,0.20037340169456705,0.8844360699095939,0.22613279444883314,0.20037340169456705,vol_target,model
2012-04-05,0.7439098550711739,0.22191520552174349,0.2135280027375383,0.2016373341171138,0.9012451378885067,0.22191520552174349,0.2016373341171138,vol_target,model
2012-04-09,0.7738779958430935,0.2513878828354422,0.2135280027375383,0.19382900251167373,0.7955832944061167,0.2513878828354422,0.19382900251167373,vol_target,model
2012-04-10,0.8117104923543094,0.29027339070263647,0.2135280027375383,0.18479495018591605,0.689005628507248,0.29027339070263647,0.18479495018591605,vol_target,model
2012-04-11,0.7962735152725533,0.26188197896099713,0.2135280027375383,0.18837748226331136,0.7637027977010461,0.26188197896099713,0.18837748226331136,vol_target,model
2012-04-12,0.869685093841938,0.26739998092898215,0.2135280027375383,0.17247622278698263,0.7479432096635689,0.26739998092898215,0.17247622278698263,vol_target,model
2012-04-13,0.9070042923109686,0.34140188733170523,0.2135280027375383,0.165379592215394,0.5858198428929027,0.34140188733170523,0.165379592215394,vol_target,model
2012-04-16,0.9062356388824624,0.30529237623133804,0.2135280027375383,0.16551986433128438,0.6551097098096161,0.30529237623133804,0.16551986433128438,vol_target,model
2012-04-17,0.9310643528006187,0.28401833728328296,0.2135280027375383,0.16110594240752926,0.704179884697085,0.28401833728328296,0.16110594240752926,vol_target,model
2012-04-18,0.9088586795036673,0.2711363060761713,0.2135280027375383,0.16504216044007614,0.7376363678267908,0.2711363060761713,0.16504216044007614,vol_target,model
2012-04-19,0.8969145817857129,0.24515199995871748,0.2135280027375383,0.16724000595614952,0.8158203891205421,0.24515199995871748,0.16724000595614952,vol_target,model
2012-04-20,0.8854264085060758,0.22555433271650413,0.2135280027375383,0.16940990076531098,0.8867043146157473,0.22555433271650413,0.16940990076531098,vol_target,model
2012-04-23,0.8967741876186371,0.23901238986012324,0.2135280027375383,0.16726618815637578,0.8367767048270829,0.23901238986012324,0.16726618815637578,vol_target,model
2012-04-24,0.8693277563825097,0.22157444046536973,0.2135280027375383,0.17254711919493693,0.9026311860697596,0.22157444046536973,0.17254711919493693,vol_target,model
2012-04-25,0.8388921478982652,0.21163223225043729,0.2135280027375383,0.17880725236945585,0.9366452991453,0.2135280027375383,0.17880725236945585,vol_target,floor
2012-04-26,0.7441366994172705,0.19650915156091936,0.2135280027375383,0.20157586652756707,0.9366452991453,0.2135280027375383,0.20157586652756707,vol_target,floor
2012-04-27,0.7437780627083462,0.18192091750189662,0.2135280027375383,0.20167306286743591,0.9366452991453,0.2135280027375383,0.20167306286743591,vol_target,floor
2012-04-30,0.7437882480758368,0.17952661816092572,0.2135280027375383,0.20167030117516185,0.9366452991453,0.2135280027375383,0.20167030117516185,vol_target,floor
2012-05-01,0.7443270291978632,0.1690153039646173,0.2135280027375383,0.20152432212713015,0.9366452991453,0.2135280027375383,0.20152432212713015,vol_target,floor
2012-05-02,0.7442181467447238,0.15887124099199582,0.2135280027375383,0.20155380603941642,0.9366452991453,0.2135280027375383,0.20155380603941642,vol_target,floor
2012-05-03,0.751485742005917,0.17828422725295084,0.2135280027375383,0.1996045854437767,0.9366452991453,0.2135280027375383,0.1996045854437767,vol_target,floor
2012-05-04,0.7629808165430177,0.21700071856000236,0.2135280027375383,0.196597341306212,0.9216559342622568,0.21700071856000236,0.196597341306212,vol_target,model
2012-05-07,0.7632206002770262,0.20126992751373265,0.2135280027375383,0.19653557561936155,0.9366452991453,0.2135280027375383,0.19653557561936155,vol_target,floor
2012-05-08,0.7373650663138707,0.1880059247276541,0.2135280027375383,0.20342704971074696,0.9366452991453,0.2135280027375383,0.20342704971074696,vol_target,floor
2012-05-09,0.7151400973562286,0.2099861998574253,0.2135280027375383,0.2097491114741415,0.9366452991453,0.2135280027375383,0.2097491114741415,vol_target,floor
2012-05-10,0.7293306246434486,0.1993890348775338,0.2135280027375383,0.20566803988702823,0.9366452991453,0.2135280027375383,0.20566803988702823,vol_target,floor
2012-05-11,0.6424392873362867,0.2103991709094731,0.2135280027375383,0.23348509805796178,0.9366452991453,0.2135280027375383,0.23348509805796178,vol_target,floor
2012-05-14,0.6125683304330126,0.26669170746223214,0.2135280027375383,0.24487064144169504,0.7499295793751789,0.26669170746223214,0.24487064144169504,vol_target,model
2012-05-15,0.6236754184291111,0.26397400590815684,0.2135280027375383,0.2405097195874964,0.7576503577006936,0.26397400590815684,0.2405097195874964,vol_target,model
2012-05-16,0.5747885846296739,0.24735200820754266,0.2135280027375383,0.2609655167328042,0.8085642863759911,0.24735200820754266,0.2609655167328042,vol_target,model
2012-05-17,0.6149095806593199,0.3016598831156264,0.2135280027375383,0.24393830364322283,0.6629983341979214,0.3016598831156264,0.24393830364322283,vol_target,model
2012-05-18,0.6535118438569643,0.34361531902174897,0.2135280027375383,0.2295291224023032,0.5820462270698156,0.34361531902174897,0.2295291224023032,vol_target,model
2012-05-21,0.8118361654571071,0.34664860312342793,0.2135280027375383,0.18476634373087084,0.5769531398595824,0.34664860312342793,0.18476634373087084,vol_target,model
2012-05-22,0.8051513074005381,0.3213779480707244,0.2135280027375383,0.1863003867984525,0.6223202344797684,0.3213779480707244,0.1863003867984525,vol_target,model
2012-05-23,0.7892513353095946,0.2879214153804092,0.2135280027375383,0.19005352704428488,0.6946339845396872,0.2879214153804092,0.19005352704428488,vol_target,model
2012-05-24,0.7609496555908831,0.26010808936761953,0.2135280027375383,0.19712210774775088,0.768911111093255,0.26010808936761953,0.19712210774775088,vol_target,model
2012-05-25,0.7485998482243031,0.2381127081814991,0.2135280027375383,0.20037407215056696,0.839938370057729,0.2381127081814991,0.20037407215056696,vol_target,model
2012-05-29,0.7862903449897675,0.22580616235660148,0.2135280027375383,0.1907692253323447,0.8857154203088248,0.22580616235660148,0.1907692253323447,vol_target,model
2012-05-30,0.8531375298063381,0.352107752211712,0.2135280027375383,0.1758215935407858,0.568007942863314,0.352107752211712,0.1758215935407858,vol_target,model
2012-05-31,0.8430018993848132,0.31754426513784295,0.2135280027375383,0.1779355421493873,0.6298334498756635,0.31754426513784295,0.1779355421493873,vol_target,model
2012-06-01,0.8595250820772379,0.34277464693695214,0.2135280027375383,0.17451497708186814,0.5834737247553399,0.34277464693695214,0.17451497708186814,vol_target,model
2012-06-04,0.8703057461222471,0.3073548211269151,0.2135280027375383,0.1723532226098049,0.6507137232033677,0.3073548211269151,0.1723532226098049,vol_target,model
2012-06-05,0.8823737696222353,0.2799414155626743,0.2135280027375383,0.16999598714750833,0.7144351956569401,0.2799414155626743,0.16999598714750833,vol_target,model
2012-06-06,0.9214685777369807,0.2659937595624926,0.2135280027375383,0.1627836299837619,0.7518973389787815,0.2659937595624926,0.1627836299837619,vol_target,model
2012-06-07,0.9237147670737481,0.24088199897568346,0.2135280027375383,0.16238779041628573,0.8302820503419585,0.24088199897568346,0.16238779041628573,vol_target,model
2012-06-08,0.9407634228991444,0.22783839548429574,0.2135280027375383,0.1594449745269071,0.8778151705943937,0.22783839548429574,0.1594449745269071,vol_target,model
2012-06-11,0.9964058395262716,0.37369045727128086,0.2135280027375383,0.15054106875900644,0.5352023208203304,0.37369045727128086,0.15054106875900644,vol_target,model
2012-06-12,1.0035725867889553,0.33467803646543937,0.2135280027375383,0.1494660196727195,0.5975892595528989,0.33467803646543937,0.1494660196727195,vol_target,model
2012-06-13,0.9922665395977036,0.3335302600500427,0.2135280027375383,0.15116905993909133,0.5996457411989908,0.3335302600500427,0.15116905993909133,vol_target,model
2012-06-14,1.0144443884048227,0.30702781164745563,0.2135280027375383,0.14786419217702965,0.651406786006897,0.30702781164745563,0.14786419217702965,vol_target,model
2012-06-15,1.032056565950434,0.2831058859699811,0.2135280027375383,0.14534087079021982,0.7064494590593106,0.2831058859699811,0.14534087079021982,vol_target,model
2012-06-18,1.0282168752420382,0.27101293590415476,0.2135280027375383,0.14588362009200695,0.7379721537378242,0.27101293590415476,0.14588362009200695,vol_target,model
2012-06-19,0.9832065420244772,0.24555560750179514,0.2135280027375383,0.15256204427926365,0.8144794657093624,0.24555560750179514,0.15256204427926365,vol_target,model
2012-06-20,0.9052204524824787,0.23453079588802714,0.2135280027375383,0.16570549150611835,0.8527664746231737,0.23453079588802714,0.0,signal_off,model
2012-06-21,1.035908093771792,0.43770730788485857,0.2135280027375383,0.1448004904120815,0.45692634415098954,0.43770730788485857,0.1448004904120815,vol_target,model
2012-06-22,1.0539799371614844,0.3935870155914229,0.2135280027375383,0.14231769952279263,0.5081468444772507,0.3935870155914229,0.14231769952279263,vol_target,model
2012-06-25,1.058891052270015,0.3585595440902782,0.2135280027375383,0.14165763293441289,0.5577874115927701,0.3585595440902782,0.14165763293441289,vol_target,model
2012-06-26,1.0605131694884384,0.32108782310891487,0.2135280027375383,0.14144095925970987,0.6228825436714205,0.32108782310891487,0.14144095925970987,vol_target,model
2012-06-27,1.0439910788618583,0.287653178083948,0.2135280027375383,0.1436793886816806,0.6952817324397246,0.287653178083948,0.1436793886816806,vol_target,model
2012-06-28,0.9658996441508971,0.25957448908527,0.2135280027375383,0.1552956364652789,0.7704917409441581,0.25957448908527,0.1552956364652789,vol_target,model
2012-06-29,0.9860679541838201,0.24894231865158736,0.2135280027375383,0.1521193335241857,0.8033989603829246,0.24894231865158736,0.0,signal_off,model
2012-07-02,0.9553092812702334,0.2372518603364671,0.2135280027375383,0.15701721205990116,0.8429860137508003,0.2372518603364671,0.0,signal_off,model
2012-07-03,0.9551402884987606,0.21748220651979058,0.2135280027375383,0.15704499308239014,0.919615462802472,0.21748220651979058,0.15704499308239014,vol_target,model
2012-07-05,0.9786776870323779,0.2380453677695451,0.2135280027375383,0.1532680288797036,0.8401759793688683,0.2380453677695451,0.1532680288797036,vol_target,model
2012-07-06,0.9554122902457665,0.21783357340654036,0.2135280027375383,0.15700028305205765,0.9181321174341764,0.21783357340654036,0.0,signal_off,model
2012-07-09,0.956470907057406,0.19995821657770704,0.2135280027375383,0.15682651599040975,0.9366452991453,0.2135280027375383,0.15682651599040975,vol_target,floor
2012-07-10,0.9576235364246884,0.21249502034955034,0.2135280027375383,0.15663775408030253,0.9366452991453,0.2135280027375383,0.15663775408030253,vol_target,floor
2012-07-11,0.8522296825693718,0.19925898158975103,0.2135280027375383,0.1760088894671771,0.9366452991453,0.2135280027375383,0.1760088894671771,vol_target,floor
2012-07-12,0.8530674589264484,0.1863021579328967,0.2135280027375383,0.17583603550974627,0.9366452991453,0.2135280027375383,0.17583603550974627,vol_target,floor
2012-07-13,0.8339930260044373,0.18416272575111958,0.2135280027375383,0.17985761909620804,0.9366452991453,0.2135280027375383,0.17985761909620804,vol_target,floor
2012-07-16,0.8188020008938472,0.17149877951752038,0.2135280027375383,0.18319447172363051,0.9366452991453,0.2135280027375383,0.18319447172363051,vol_target,floor
2012-07-17,0.8088292608894116,0.16541069980759798,0.2135280027375383,0.18545323129761124,0.9366452991453,0.2135280027375383,0.0,signal_off,floor
2012-07-18,0.7748646134141698,0.15720055240269154,0.2135280027375383,0.19358220443062624,0.9366452991453,0.2135280027375383,0.19358220443062624,vol_target,floor
2012-07-19,0.7742150049453491,0.15066991756449027,0.2135280027375383,0.1937446304216079,0.9366452991453,0.2135280027375383,0.1937446304216079,vol_target,floor
2012-07-20,0.7782041209384878,0.19808616633943366,0.2135280027375383,0.1927514850719437,0.9366452991453,0.2135280027375383,0.1927514850719437,vol_target,floor
2012-07-23,0.6624809365892762,0.28993720091084263,0.2135280027375383,0.22642160961228797,0.6898045486115497,0.28993720091084263,0.22642160961228797,vol_target,model
2012-07-24,0.6641606457445508,0.29628449554286823,0.2135280027375383,0.22584897337878845,0.6750268846621533,0.29628449554286823,0.22584897337878845,vol_target,model
2012-07-25,0.6626199856297106,0.26886060466196976,0.2135280027375383,0.22637409564012748,0.7438799010790514,0.26886060466196976,0.22637409564012748,vol_target,model
2012-07-26,0.7144378260326238,0.2617524987468528,0.2135280027375383,0.20995528866797494,0.7640805759544052,0.2617524987468528,0.0,signal_off,model
2012-07-27,0.7154430192637093,0.23826827317740998,0.2135280027375383,0.20966030272315875,0.8393899755637372,0.23826827317740998,0.0,signal_off,model
2012-07-30,0.7378616811148548,0.2470978430698168,0.2135280027375383,0.2032901339629956,0.8093959765706679,0.2470978430698168,0.2032901339629956,vol_target,model
2012-07-31,0.7030058176445436,0.23262772251010183,0.2135280027375383,0.2133695002732446,0.8597427591258606,0.23262772251010183,0.2133695002732446,vol_target,model
2012-08-01,0.666465731642024,0.21261646945980262,0.2135280027375383,0.22506783601676442,0.9366452991453,0.2135280027375383,0.22506783601676442,vol_target,floor
2012-08-02,0.6769712948638772,0.19995385837005514,0.2135280027375383,0.22157512606226742,0.9366452991453,0.2135280027375383,0.22157512606226742,vol_target,floor
2012-08-03,0.6934801118905836,0.19969189908451115,0.2135280027375383,0.2163003630934218,0.9366452991453,0.2135280027375383,0.0,signal_off,floor
2012-08-06,0.6935383816968502,0.1855298802184032,0.2135280027375383,0.21628218993879114,0.9366452991453,0.2135280027375383,0.0,signal_off,floor
2012-08-07,0.7136301715688323,0.20647591991983094,0.2135280027375383,0.21019290660068723,0.9366452991453,0.2135280027375383,0.0,signal_off,floor
2012-08-08,0.7069824585136733,0.19535246494075306,0.2135280027375383,0.212169337716459,0.9366452991453,0.2135280027375383,0.0,signal_off,floor
2012-08-09,0.6991556712240661,0.18128126917869072,0.2135280027375383,0.21454449441478943,0.9366452991453,0.2135280027375383,0.21454449441478943,vol_target,floor
2012-08-10,0.6966730969962802,0.1691537177012996,0.2135280027375383,0.21530901745270192,0.9366452991453,0.2135280027375383,0.21530901745270192,vol_target,floor
2012-08-13,0.6731815724505988,0.16005966043071915,0.2135280027375383,0.22282249862240203,0.9366452991453,0.2135280027375383,0.22282249862240203,vol_target,floor
2012-08-14,0.69302724228814,0.18697628630615992,0.2135280027375383,0.2164417079835867,0.9366452991453,0.2135280027375383,0.2164417079835867,vol_target,floor
2012-08-15,0.6820574318161413,0.17386369885358186,0.2135280027375383,0.21992282907993402,0.9366452991453,0.2135280027375383,0.21992282907993402,vol_target,floor
2012-08-16,0.6822458110952974,0.16330253505823375,0.2135280027375383,0.21986210477303716,0.9366452991453,0.2135280027375383,0.21986210477303716,vol_target,floor
2012-08-17,0.685470829726209,0.15703397549882833,0.2135280027375383,0.21882769258016865,0.9366452991453,0.2135280027375383,0.21882769258016865,vol_target,floor
2012-08-20,0.6554772257115332,0.1491049754307085,0.2135280027375383,0.2288409026525248,0.9366452991453,0.2135280027375383,0.2288409026525248,vol_target,floor
2012-08-21,0.5827525859643585,0.16099823015224965,0.2135280027375383,0.2573991151867219,0.9366452991453,0.2135280027375383,0.2573991151867219,vol_target,floor
2012-08-22,0.5500228878873531,0.15755973973494275,0.2135280027375383,0.2727159238339198,0.9366452991453,0.2135280027375383,0.2727159238339198,vol_target,floor
2012-08-23,0.5512709273536669,0.15657405231937993,0.2135280027375383,0.2720985137381782,0.9366452991453,0.2135280027375383,0.2720985137381782,vol_target,floor
2012-08-24,0.48590654684278356,0.15268823928089045,0.2135280027375383,0.3087013356264428,0.9366452991453,0.2135280027375383,0.3087013356264428,vol_target,floor
2012-08-27,0.4857407673823386,0.14995125912469964,0.2135280027375383,0.3088066929369576,0.9366452991453,0.2135280027375383,0.3088066929369576,vol_target,floor
2012-08-28,0.4589728135448747,0.1464908178969792,0.2135280027375383,0.3268167428948037,0.9366452991453,0.2135280027375383,0.3268167428948037,vol_target,floor
2012-08-29,0.4544669379674774,0.14549603332544034,0.2135280027375383,0.3300570128838158,0.9366452991453,0.2135280027375383,0.3300570128838158,vol_target,floor
2012-08-30,0.4633641985071825,0.1507804320970236,0.2135280027375383,0.3237194424671868,0.9366452991453,0.2135280027375383,0.3237194424671868,vol_target,floor
2012-08-31,0.45960092585893614,0.14823971544174538,0.2135280027375383,0.32637009971132874,0.9366452991453,0.2135280027375383,0.32637009971132874,vol_target,floor
2012-09-04,0.3952346310730877,0.14252322433445702,0.2135280027375383,0.37952139870117213,0.9366452991453,0.2135280027375383,0.37952139870117213,vol_target,floor
2012-09-05,0.3967895537591975,0.13851930895954534,0.2135280027375383,0.378034145755338,0.9366452991453,0.2135280027375383,0.378034145755338,vol_target,floor
2012-09-06,0.4891915442949597,0.17007400415195917,0.2135280027375383,0.30662835805182476,0.9366452991453,0.2135280027375383,0.30662835805182476,vol_target,floor
2012-09-07,0.5032712483745869,0.1700532881953291,0.2135280027375383,0.29805000878642357,0.9366452991453,0.2135280027375383,0.29805000878642357,vol_target,floor
2012-09-10,0.5721872380820338,0.24365860497456965,0.2135280027375383,0.2621519496009708,0.8208205904358427,0.24365860497456965,0.2621519496009708,vol_target,model
2012-09-11,0.5721671720749782,0.22177975702204314,0.2135280027375383,0.26216114331764495,0.9017955591867729,0.22177975702204314,0.26216114331764495,vol_target,model
2012-09-12,0.5842484761732254,0.20786735817352808,0.2135280027375383,0.2567400791226473,0.9366452991453,0.2135280027375383,0.2567400791226473,vol_target,floor
2012-09-13,0.5890944869806157,0.2029000906230183,0.2135280027375383,0.2546280831260534,0.9366452991453,0.2135280027375383,0.2546280831260534,vol_target,floor
2012-09-14,0.632803566645454,0.24018263677596763,0.2135280027375383,0.23704038331383442,0.8326996600780584,0.24018263677596763,0.23704038331383442,vol_target,model
2012-09-17,0.6369973319756249,0.22094620639993465,0.2135280027375383,0.23547979319596246,0.9051977096994374,0.22094620639993465,0.23547979319596246,vol_target,model
2012-09-18,0.6391578777336958,0.2057577154877664,0.2135280027375383,0.23468380070956002,0.9366452991453,0.2135280027375383,0.23468380070956002,vol_target,floor
2012-09-19,0.6379687237295871,0.189943585454472,0.2135280027375383,0.2351212440683531,0.9366452991453,0.2135280027375383,0.2351212440683531,vol_target,floor
2012-09-20,0.6342077550829046,0.18731726818249458,0.2135280027375383,0.23651555629494275,0.9366452991453,0.2135280027375383,0.23651555629494275,vol_target,floor
2012-09-21,0.6284871901963288,0.17510103488564435,0.2135280027375383,0.23866834891756905,0.9366452991453,0.2135280027375383,0.23866834891756905,vol_target,floor
2012-09-24,0.6199811261019517,0.16411955542684717,0.2135280027375383,0.24194284903978436,0.9366452991453,0.2135280027375383,0.24194284903978436,vol_target,floor
2012-09-25,0.6794300469131864,0.24385868509089997,0.2135280027375383,0.2207732800182829,0.8201471271176939,0.24385868509089997,0.2207732800182829,vol_target,model
2012-09-26,0.6918664981779582,0.24210567723069593,0.2135280027375383,0.21680483213889884,0.8260855436670551,0.24210567723069593,0.21680483213889884,vol_target,model
2012-09-27,0.735278368299134,0.23852998836677583,0.2135280027375383,0.20400436959268106,0.8384689965794567,0.23852998836677583,0.20400436959268106,vol_target,model
2012-09-28,0.7377507588148446,0.2242622341221506,0.2135280027375383,0.20332069904064431,0.8918131079130537,0.2242622341221506,0.20332069904064431,vol_target,model
2012-10-01,0.7407495712982692,0.218092193375577,0.2135280027375383,0.20249758597511383,0.9170433700741393,0.218092193375577,0.20249758597511383,vol_target,model
2012-10-02,0.7355797708767461,0.2009493407883774,0.2135280027375383,0.20392077914433843,0.9366452991453,0.2135280027375383,0.20392077914433843,vol_target,floor
2012-10-03,0.7350958437006856,0.18578005044266613,0.2135280027375383,0.20405502396103412,0.9366452991453,0.2135280027375383,0.20405502396103412,vol_target,floor
2012-10-04,0.7363515506595186,0.17493605906126167,0.2135280027375383,0.20370704708321916,0.9366452991453,0.2135280027375383,0.20370704708321916,vol_target,floor
2012-10-05,0.6620789772140022,0.16382408896839398,0.2135280027375383,0.22655907401137107,0.9366452991453,0.2135280027375383,0.22655907401137107,vol_target,floor
2012-10-08,0.637365039170346,0.15736326368695952,0.2135280027375383,0.23534394072705028,0.9366452991453,0.2135280027375383,0.23534394072705028,vol_target,floor
2012-10-09,0.60403017663411,0.18595346324976747,0.2135280027375383,0.24833196386951736,0.9366452991453,0.2135280027375383,0.24833196386951736,vol_target,floor
2012-10-10,0.6048855683484768,0.17412878106911192,0.2135280027375383,0.24798078818369895,0.9366452991453,0.2135280027375383,0.24798078818369895,vol_target,floor
2012-10-11,0.5980040873776593,0.16623755517193667,0.2135280027375383,0.2508344059281823,0.9366452991453,0.2135280027375383,0.2508344059281823,vol_target,floor
2012-10-12,0.5640144448570442,0.17275937219872922,0.2135280027375383,0.2659506354274653,0.9366452991453,0.2135280027375383,0.2659506354274653,vol_target,floor
2012-10-15,0.5519237373782885,0.16908553441774615,0.2135280027375383,0.2717766782645009,0.9366452991453,0.2135280027375383,0.2717766782645009,vol_target,floor
2012-10-16,0.5478635435630018,0.16029546924868468,0.2135280027375383,0.27379080386419374,0.9366452991453,0.2135280027375383,0.27379080386419374,vol_target,floor
2012-10-17,0.5378690675624035,0.15240804355038862,0.2135280027375383,0.2788782792061137,0.9366452991453,0.2135280027375383,0.2788782792061137,vol_target,floor
2012-10-18,0.5401045042910287,0.15165951195986888,0.2135280027375383,0.2777240308278827,0.9366452991453,0.2135280027375383,0.2777240308278827,vol_target,floor
2012-10-19,0.5678133505571452,0.20278703629779732,0.2135280027375383,0.2641713158960039,0.9366452991453,0.2135280027375383,0.2641713158960039,vol_target,floor
2012-10-22,0.5659816791068604,0.18763765659606313,0.2135280027375383,0.26502624649742273,0.9366452991453,0.2135280027375383,0.26502624649742273,vol_target,floor
2012-10-23,0.6630036871009055,0.32211681026953737,0.2135280027375383,0.2262430856997192,0.6208927743716517,0.32211681026953737,0.2262430856997192,vol_target,model
2012-10-24,0.624278861512909,0.28934272606702466,0.2135280027375383,0.24027723706114668,0.6912218002455369,0.28934272606702466,0.24027723706114668,vol_target,model
2012-10-25,0.6166597030346511,0.26136462470649297,0.2135280027375383,0.2432459900684823,0.7652144976566582,0.26136462470649297,0.2432459900684823,vol_target,model
2012-10-26,0.5413521444418321,0.2368061246216587,0.2135280027375383,0.2770839675063251,0.8445727504706086,0.2368061246216587,0.2770839675063251,vol_target,model
2012-10-31,0.551452142842691,0.23906665377814357,0.2135280027375383,0.27200909806381784,0.8365867712592078,0.23906665377814357,0.27200909806381784,vol_target,model
2012-11-01,0.6458563898686965,0.24360497575335693,0.2135280027375383,0.2322497730966093,0.8210012926931931,0.24360497575335693,0.2322497730966093,vol_target,model
2012-11-02,0.6646652268255465,0.2579480130880249,0.2135280027375383,0.22567751996956842,0.7753500312163673,0.2579480130880249,0.22567751996956842,vol_target,model
2012-11-05,0.665729550194628,0.2395260250055791,0.2135280027375383,0.22531672201744246,0.8349823364510873,0.2395260250055791,0.22531672201744246,vol_target,model
2012-11-06,0.6819539478297748,0.22439266156886953,0.2135280027375383,0.21995620155489162,0.891294744675137,0.22439266156886953,0.21995620155489162,vol_target,model
2012-11-07,0.7467614647980647,0.31835875873939634,0.2135280027375383,0.20086735466533776,0.628222074969569,0.31835875873939634,0.20086735466533776,vol_target,model
2012-11-08,0.7493807874449181,0.28558621731874534,0.2135280027375383,0.20016525978927033,0.700313908275126,0.28558621731874534,0.20016525978927033,vol_target,model
2012-11-09,0.73808629332664,0.2605722340064385,0.2135280027375383,0.20322826931784996,0.767541487152688,0.2605722340064385,0.20322826931784996,vol_target,model
2012-11-12,0.7783985884949088,0.24776545802587452,0.2135280027375383,0.1927033299097267,0.8072150234077977,0.24776545802587452,0.1927033299097267,vol_target,model
2012-11-13,0.7701433874108254,0.22532353374687925,0.2135280027375383,0.19476892543905458,0.8876125661364479,0.22532353374687925,0.0,signal_off,model
2012-11-14,0.781437101503643,0.2426012959466918,0.2135280027375383,0.1919540289440694,0.8243979044693446,0.2426012959466918,0.1919540289440694,vol_target,model
2012-11-15,0.7605351072228843,0.2228540324078432,0.2135280027375383,0.19722955400143102,0.8974484232530366,0.2228540324078432,0.19722955400143102,vol_target,model
2012-11-16,0.7803525989331556,0.21133803813398291,0.2135280027375383,0.19222079891201707,0.9366452991453,0.2135280027375383,0.0,signal_off,floor
2012-11-19,0.8392822244351901,0.21668073363817456,0.2135280027375383,0.1787241474117305,0.9230169966747992,0.21668073363817456,0.0,signal_off,model
2012-11-20,0.8381867293510384,0.19913406956261417,0.2135280027375383,0.17895773668015083,0.9366452991453,0.2135280027375383,0.0,signal_off,floor
2012-11-21,0.8141417422460295,0.18469243346928554,0.2135280027375383,0.18424310192741689,0.9366452991453,0.2135280027375383,0.18424310192741689,vol_target,floor
2012-11-23,0.8154830688763774,0.17308992719475708,0.2135280027375383,0.18394005433697008,0.9366452991453,0.2135280027375383,0.0,signal_off,floor
2012-11-26,0.7230244629150526,0.16485329016571723,0.2135280027375383,0.20746186013573836,0.9366452991453,0.2135280027375383,0.20746186013573836,vol_target,floor
2012-11-27,0.7371107002466437,0.17959729388036677,0.2135280027375383,0.20349724939525185,0.9366452991453,0.2135280027375383,0.20349724939525185,vol_target,floor
2012-11-28,0.7430021511105861,0.17172817448772348,0.2135280027375383,0.20188366854091983,0.9366452991453,0.2135280027375383,0.20188366854091983,vol_target,floor
2012-11-29,0.7429400571461711,0.16174277441903215,0.2135280027375383,0.2019005417155586,0.9366452991453,0.2135280027375383,0.0,signal_off,floor
2012-11-30,0.7305303503683779,0.16003919609744308,0.2135280027375383,0.20533027809776946,0.9366452991453,0.2135280027375383,0.20533027809776946,vol_target,floor
2012-12-03,0.6827301288761718,0.1953713412100013,0.2135280027375383,0.2197061381294421,0.9366452991453,0.2135280027375383,0.2197061381294421,vol_target,floor
2012-12-04,0.6592575925883986,0.18320159512639797,0.2135280027375383,0.2275286651020053,0.9366452991453,0.2135280027375383,0.2275286651020053,vol_target,floor
2012-12-05,0.6581654611464725,0.17270619932843287,0.2135280027375383,0.2279062163771277,0.9366452991453,0.2135280027375383,0.2279062163771277,vol_target,floor
2012-12-06,0.6455388075066268,0.17031824787439398,0.2135280027375383,0.23236403180680992,0.9366452991453,0.2135280027375383,0.23236403180680992,vol_target,floor
2012-12-07,0.5501562819811331,0.16139027348756005,0.2135280027375383,0.2726497995439486,0.9366452991453,0.2135280027375383,0.2726497995439486,vol_target,floor
2012-12-10,0.5500665734972215,0.15257074965916417,0.2135280027375383,0.27269426507109445,0.9366452991453,0.2135280027375383,0.27269426507109445,vol_target,floor
2012-12-11,0.5488211918083797,0.14817109525480449,0.2135280027375383,0.2733130612280954,0.9366452991453,0.2135280027375383,0.2733130612280954,vol_target,floor
2012-12-12,0.5338921163942836,0.17557014545051602,0.2135280027375383,0.2809556376540009,0.9366452991453,0.2135280027375383,0.2809556376540009,vol_target,floor
2012-12-13,0.5393148967348471,0.1708661094402719,0.2135280027375383,0.27813064483873723,0.9366452991453,0.2135280027375383,0.27813064483873723,vol_target,floor
2012-12-14,0.5060733420286678,0.16039439393214386,0.2135280027375383,0.29639972617151383,0.9366452991453,0.2135280027375383,0.29639972617151383,vol_target,floor
2012-12-17,0.5144501701866804,0.1568264150458712,0.2135280027375383,0.2915734286676763,0.9366452991453,0.2135280027375383,0.2915734286676763,vol_target,floor
2012-12-18,0.4934958287143128,0.15008757785014026,0.2135280027375383,0.30395393693760225,0.9366452991453,0.2135280027375383,0.30395393693760225,vol_target,floor
2012-12-19,0.4573094246562374,0.211877918790332,0.2135280027375383,0.3280054858103045,0.9366452991453,0.2135280027375383,0.3280054858103045,vol_target,floor
2012-12-20,0.4634776484213648,0.206006733929934,0.2135280027375383,0.3236402025230555,0.9366452991453,0.2135280027375383,0.3236402025230555,vol_target,floor
2012-12-21,0.4844020539196031,0.22072466064394167,0.2135280027375383,0.30966012382948255,0.9061062747430234,0.22072466064394167,0.30966012382948255,vol_target,model
2012-12-24,0.48163167334518187,0.21239542588801227,0.2135280027375383,0.31144131148637333,0.9366452991453,0.2135280027375383,0.31144131148637333,vol_target,floor
2012-12-26,0.4828200364803265,0.22820240683975782,0.2135280027375383,0.31067476216081197,0.8764149457040507,0.22820240683975782,0.31067476216081197,vol_target,model
2012-12-27,0.48038932970932524,0.20921492068571193,0.2135280027375383,0.31224673556084653,0.9366452991453,0.2135280027375383,0.31224673556084653,vol_target,floor
2012-12-28,0.6913166061799316,0.4715192735134182,0.2135280027375383,0.21697728458870394,0.4241608163962115,0.4715192735134182,0.0,signal_off,model
2012-12-31,0.9824967973414278,0.4877127104652891,0.2135280027375383,0.15267225339145146,0.4100774814935527,0.4877127104652891,0.15267225339145146,vol_target,model
2013-01-02,1.0570253072368345,0.4506675393326418,0.2135280027375383,0.14190767143703908,0.4437861229059548,0.4506675393326418,0.0,signal_off,model
2013-01-03,1.0456039987154966,0.40158474958945617,0.2135280027375383,0.14345775282446507,0.49802688026490516,0.40158474958945617,0.0,signal_off,model
2013-01-04,1.0479273133795046,0.35717621984310316,0.2135280027375383,0.14313969879863014,0.5599476921723793,0.35717621984310316,0.14313969879863014,vol_target,model
2013-01-07,1.0466622027646149,0.31925257503028054,0.2135280027375383,0.14331271312157404,0.6264632320695623,0.31925257503028054,0.14331271312157404,vol_target,model
2013-01-08,1.043963075232271,0.2860913466845856,0.2135280027375383,0.14368324278770736,0.6990774181663701,0.2860913466845856,0.14368324278770736,vol_target,model
2013-01-09,1.0415399823690397,0.2578615845156175,0.2135280027375383,0.14401751496742043,0.7756099086092714,0.2578615845156175,0.14401751496742043,vol_target,model
2013-01-10,1.0434744886521523,0.23473833943175443,0.2135280027375383,0.14375051966412117,0.85201250244912,0.23473833943175443,0.14375051966412117,vol_target,model
2013-01-11,1.0387107752735667,0.21421073053894837,0.2135280027375383,0.14440978525566395,0.9336600435319251,0.21421073053894837,0.14440978525566395,vol_target,model
2013-01-14,1.0281816459443307,0.19680449564201108,0.2135280027375383,0.14588861860321664,0.9366452991453,0.2135280027375383,0.14588861860321664,vol_target,floor
2013-01-15,1.0257474975580716,0.18222777280965652,0.2135280027375383,0.14623481934598423,0.9366452991453,0.2135280027375383,0.14623481934598423,vol_target,floor
2013-01-16,1.0268372760124354,0.1707471123301972,0.2135280027375383,0.1460796208942686,0.9366452991453,0.2135280027375383,0.1460796208942686,vol_target,floor
2013-01-17,1.0206626553993488,0.1645475852290915,0.2135280027375383,0.14696334700451089,0.9366452991453,0.2135280027375383,0.14696334700451089,vol_target,floor
2013-01-18,1.0403812837252393,0.1685248198372454,0.2135280027375383,0.14417791087408144,0.9366452991453,0.2135280027375383,0.14417791087408144,vol_target,floor
2013-01-22,1.02085893493062,0.16423476226721828,0.2135280027375383,0.14693509050806744,0.9366452991453,0.2135280027375383,0.14693509050806744,vol_target,floor
2013-01-23,1.0146046750963973,0.1565199519465717,0.2135280027375383,0.14784083267283243,0.9366452991453,0.2135280027375383,0.14784083267283243,vol_target,floor
2013-01-24,1.001230818659056,0.1544342545857482,0.2135280027375383,0.14981560415898337,0.9366452991453,0.2135280027375383,0.14981560415898337,vol_target,floor
2013-01-25,0.996218337418285,0.14935198728472363,0.2135280027375383,0.15056940267605118,0.9366452991453,0.2135280027375383,0.15056940267605118,vol_target,floor
2013-01-28,0.9864197364126026,0.16097334357623325,0.2135280027375383,0.15206508392210183,0.9366452991453,0.2135280027375383,0.15206508392210183,vol_target,floor
2013-01-29,0.9882568749661398,0.15536857325750175,0.2135280027375383,0.1517823996975881,0.9366452991453,0.2135280027375383,0.1517823996975881,vol_target,floor
2013-01-30,0.8262895141205191,0.23262193299703532,0.2135280027375383,0.18153443488830434,0.8597641564716468,0.23262193299703532,0.18153443488830434,vol_target,model
2013-01-31,0.5553044941713509,0.21251179348856633,0.2135280027375383,0.27012207099788815,0.9366452991453,0.2135280027375383,0.27012207099788815,vol_target,floor
2013-02-01,0.43892816518783756,0.19752020863429132,0.2135280027375383,0.34174156934269206,0.9366452991453,0.2135280027375383,0.34174156934269206,vol_target,floor
2013-02-04,0.4705491969307397,0.22164394667964998,0.2135280027375383,0.3187764445851951,0.9023481263355558,0.22164394667964998,0.3187764445851951,vol_target,model
2013-02-05,0.47424770655047277,0.20543826735576332,0.2135280027375383,0.31629040673923836,0.9366452991453,0.2135280027375383,0.31629040673923836,vol_target,floor
2013-02-06,0.4720859853774676,0.18995957864773547,0.2135280027375383,0.3177387269398898,0.9366452991453,0.2135280027375383,0.3177387269398898,vol_target,floor
2013-02-07,0.47227814126954437,0.17643962460069484,0.2135280027375383,0.3176094485270496,0.9366452991453,0.2135280027375383,0.3176094485270496,vol_target,floor
2013-02-08,0.4740693436020211,0.166012671816867,0.2135280027375383,0.3164094072404822,0.9366452991453,0.2135280027375383,0.3164094072404822,vol_target,floor
2013-02-11,0.47130615143266036,0.1564333072847604,0.2135280027375383,0.31826446470947833,0.9366452991453,0.2135280027375383,0.31826446470947833,vol_target,floor
2013-02-12,0.4715556094419293,0.14864730945690163,0.2135280027375383,0.31809609937101607,0.9366452991453,0.2135280027375383,0.31809609937101607,vol_target,floor
2013-02-13,0.47153436495416345,0.14194671435187042,0.2135280027375383,0.31811043085816465,0.9366452991453,0.2135280027375383,0.31811043085816465,vol_target,floor
2013-02-14,0.4720043294661578,0.13686758310691105,0.2135280027375383,0.31779369517574485,0.9366452991453,0.2135280027375383,0.31779369517574485,vol_target,floor
2013-02-15,0.47017620569196106,0.1322842463061888,0.2135280027375383,0.31902933024703817,0.9366452991453,0.2135280027375383,0.31902933024703817,vol_target,floor
2013-02-19,0.4804409292145669,0.13483428549187496,0.2135280027375383,0.3122132001643211,0.9366452991453,0.2135280027375383,0.3122132001643211,vol_target,floor
2013-02-20,0.5742486498293405,0.296489290362058,0.2135280027375383,0.26121088842712664,0.6745606215852517,0.296489290362058,0.26121088842712664,vol_target,model
2013-02-21,0.5537485502523866,0.26805648169861623,0.2135280027375383,0.2708810703551878,0.7461114117914368,0.26805648169861623,0.2708810703551878,vol_target,model
2013-02-22,0.5638476104372953,0.24574916706364192,0.2135280027375383,0.2660293264055276,0.8138379567659157,0.24574916706364192,0.2660293264055276,vol_target,model
2013-02-25,0.8045094609363869,0.5133861333255861,0.2135280027375383,0.18644901928861293,0.3895703195262606,0.5133861333255861,0.0,signal_off,model
2013-02-26,0.812753401028388,0.45208643730931114,0.2135280027375383,0.18455782505518026,0.4423932759194075,0.45208643730931114,0.18455782505518026,vol_target,model
2013-02-27,0.8704438944022411,0.4132961711137131,0.2135280027375383,0.17232586840420003,0.48391447581297,0.4132961711137131,0.17232586840420003,vol_target,model
2013-02-28,0.8737885073378767,0.39008880310661154,0.2135280027375383,0.1716662541797405,0.5127037700319224,0.39008880310661154,0.1716662541797405,vol_target,model
2013-03-01,0.8441837609279423,0.35026734189734515,0.2135280027375383,0.17768643148870483,0.5709924280026516,0.35026734189734515,0.17768643148870483,vol_target,model
2013-03-04,0.88479904956137,0.3242298826498558,0.2135280027375383,0.16953001935791065,0.6168462893223977,0.3242298826498558,0.16953001935791065,vol_target,model
2013-03-05,0.8827087785868665,0.2913372448859969,0.2135280027375383,0.16993146962935596,0.6864896387630149,0.2913372448859969,0.16993146962935596,vol_target,model
2013-03-06,0.8666609380553042,0.2629740709006642,0.2135280027375383,0.17307806711190213,0.7605312543362801,0.2629740709006642,0.17307806711190213,vol_target,model
2013-03-07,0.8642735916202176,0.23940324892919326,0.2135280027375383,0.17355615334584187,0.8354105505859393,0.23940324892919326,0.17355615334584187,vol_target,model
2013-03-08,0.8641376217316675,0.2185985363104299,0.2135280027375383,0.1735834619714984,0.9149192093216111,0.2185985363104299,0.1735834619714984,vol_target,model
2013-03-11,0.8777056372018818,0.20634627704378952,0.2135280027375383,0.17090012145552436,0.9366452991453,0.2135280027375383,0.17090012145552436,vol_target,floor
2013-03-12,0.8810433044015371,0.2017224351478013,0.2135280027375383,0.1702526984208681,0.9366452991453,0.2135280027375383,0.1702526984208681,vol_target,floor
2013-03-13,0.8811898733465349,0.186415898847144,0.2135280027375383,0.17022438016716893,0.9366452991453,0.2135280027375383,0.17022438016716893,vol_target,floor
2013-03-14,0.8810850380013201,0.17357955452405677,0.2135280027375383,0.17024463420723218,0.9366452991453,0.2135280027375383,0.17024463420723218,vol_target,floor
2013-03-15,0.8816201231144439,0.16420796634589804,0.2135280027375383,0.17014130697255914,0.9366452991453,0.2135280027375383,0.17014130697255914,vol_target,floor
2013-03-18,0.8993889323207568,0.20644772631355396,0.2135280027375383,0.16677990423224845,0.9366452991453,0.2135280027375383,0.16677990423224845,vol_target,floor
2013-03-19,0.899276538591521,0.1908315025176747,0.2135280027375383,0.1668007487829443,0.9366452991453,0.2135280027375383,0.1668007487829443,vol_target,floor
2013-03-20,0.9110128190993748,0.18717959077664456,0.2135280027375383,0.16465190923250636,0.9366452991453,0.2135280027375383,0.0,signal_off,floor
2013-03-21,0.8422854122902885,0.19339826568725538,0.2135280027375383,0.1780869023863652,0.9366452991453,0.2135280027375383,0.0,signal_off,floor
2013-03-22,0.841731969340086,0.17941913858713623,0.2135280027375383,0.17820399540913162,0.9366452991453,0.2135280027375383,0.17820399540913162,vol_target,floor
2013-03-25,0.8338128157826032,0.16812306973279992,0.2135280027375383,0.17989649134765626,0.9366452991453,0.2135280027375383,0.0,signal_off,floor
2013-03-26,0.5641549194305634,0.15931629028443842,0.2135280027375383,0.2658844137199128,0.9366452991453,0.2135280027375383,0.2658844137199128,vol_target,floor
2013-03-27,0.5676246897452665,0.1553025705613563,0.2135280027375383,0.2642591182341199,0.9366452991453,0.2135280027375383,0.2642591182341199,vol_target,floor
2013-03-28,0.49339336063847006,0.14771562519257525,0.2135280027375383,0.30401706217913876,0.9366452991453,0.2135280027375383,0.30401706217913876,vol_target,floor
2013-04-01,0.4641607194224616,0.14621775627714295,0.2135280027375383,0.323163925173676,0.9366452991453,0.2135280027375383,0.323163925173676,vol_target,floor
2013-04-02,0.46671803388271016,0.14453994859783895,0.2135280027375383,0.32139319484212636,0.9366452991453,0.2135280027375383,0.32139319484212636,vol_target,floor
2013-04-03,0.44541788389565495,0.1873813833131488,0.2135280027375383,0.33676240991513373,0.9366452991453,0.2135280027375383,0.33676240991513373,vol_target,floor
2013-04-04,0.44324183282314716,0.17509230400184447,0.2135280027375383,0.3384157110004772,0.9366452991453,0.2135280027375383,0.3384157110004772,vol_target,floor
2013-04-05,0.44259274586946395,0.16416223235588992,0.2135280027375383,0.33891201652057856,0.9366452991453,0.2135280027375383,0.33891201652057856,vol_target,floor
2013-04-08,0.4489755594784424,0.15824335876699383,0.2135280027375383,0.33409390964231817,0.9366452991453,0.2135280027375383,0.33409390964231817,vol_target,floor
2013-04-09,0.44732280666165936,0.14987891151726251,0.2135280027375383,0.33532830825112653,0.9366452991453,0.2135280027375383,0.0,signal_off,floor
2013-04-10,0.43600863831743886,0.14730575229027246,0.2135280027375383,0.3440298811024738,0.9366452991453,0.2135280027375383,0.0,signal_off,floor
2013-04-11,0.4253069760142798,0.14110845912596237,0.2135280027375383,0.3526864322934682,0.9366452991453,0.2135280027375383,0.0,signal_off,floor
2013-04-12,0.4307208583963158,0.1377080234961378,0.2135280027375383,0.3482533921354272,0.9366452991453,0.2135280027375383,0.0,signal_off,floor
2013-04-15,0.8007761502032498,0.5314191101378165,0.2135280027375383,0.18731826611210586,0.3763507863842771,0.5314191101378165,0.18731826611210586,vol_target,model
2013-04-16,0.9029216647302629,0.49072608555644304,0.2135280027375383,0.16612736836346784,0.4075593409166673,0.49072608555644304,0.16612736836346784,vol_target,model
2013-04-17,0.975195226663405,0.5568612697591806,0.2135280027375383,0.15381535501688165,0.35915588111647934,0.5568612697591806,0.15381535501688165,vol_target,model
2013-04-18,0.9873629602292175,0.5101371414102523,0.2135280027375383,0.15191981676644759,0.3920514382605206,0.5101371414102523,0.15191981676644759,vol_target,model
2013-04-19,0.9972096528000856,0.4566904294670126,0.2135280027375383,0.15041972325359257,0.4379334163700628,0.4566904294670126,0.15041972325359257,vol_target,model
2013-04-22,1.0027781875960236,0.40581777374988154,0.2135280027375383,0.14958442640201164,0.4928320367832544,0.40581777374988154,0.0,signal_off,model
2013-04-23,1.0157394439593581,0.3639836588264523,0.2135280027375383,0.14767566711330923,0.5494752172249584,0.3639836588264523,0.0,signal_off,model
2013-04-24,1.0148930819022348,0.3250304543261231,0.2135280027375383,0.1477988200676784,0.6153269557914338,0.3250304543261231,0.1477988200676784,vol_target,model
2013-04-25,1.0129243062970659,0.29293447184110155,0.2135280027375383,0.14808609001432005,0.6827465499126623,0.29293447184110155,0.14808609001432005,vol_target,model
2013-04-26,1.0120043045627856,0.2639630952081139,0.2135280027375383,0.14822071341366896,0.7576816745625593,0.2639630952081139,0.14822071341366896,vol_target,model
2013-04-29,1.0113183685447646,0.2390068823589239,0.2135280027375383,0.1483212454806317,0.8367959869023937,0.2390068823589239,0.1483212454806317,vol_target,model
2013-04-30,1.0116803844039202,0.21831368447270613,0.2135280027375383,0.14826817077053409,0.9161129797385847,0.21831368447270613,0.14826817077053409,vol_target,model
2013-05-01,1.0143888768484675,0.23363643203568313,0.2135280027375383,0.14787228391741075,0.8560308777932979,0.23363643203568313,0.14787228391741075,vol_target,model
2013-05-02,1.008092968102073,0.21607773721230963,0.2135280027375383,0.1487958003341731,0.9255928101629819,0.21607773721230963,0.1487958003341731,vol_target,model
2013-05-03,1.007886859621464,0.19910192051715972,0.2135280027375383,0.1488262284283933,0.9366452991453,0.2135280027375383,0.0,signal_off,floor
2013-05-06,1.01024907954595,0.1852008853335631,0.2135280027375383,0.14847823476109134,0.9366452991453,0.2135280027375383,0.14847823476109134,vol_target,floor
2013-05-07,1.0039327254700454,0.17237065681937472,0.2135280027375383,0.14941240204095288,0.9366452991453,0.2135280027375383,0.14941240204095288,vol_target,floor
2013-05-08,1.0050185976370218,0.16623371062119827,0.2135280027375383,0.14925096943745794,0.9366452991453,0.2135280027375383,0.14925096943745794,vol_target,floor
2013-05-09,0.9977166706294578,0.16348950100811027,0.2135280027375383,0.15034328323427257,0.9366452991453,0.2135280027375383,0.15034328323427257,vol_target,floor
2013-05-10,1.0003053766397938,0.15515150378920042,0.2135280027375383,0.14995420748799437,0.9366452991453,0.2135280027375383,0.14995420748799437,vol_target,floor
2013-05-13,0.9960356471402951,0.1473206554230294,0.2135280027375383,0.15059701972581305,0.9366452991453,0.2135280027375383,0.15059701972581305,vol_target,floor
2013-05-14,0.7262110320270596,0.14086084709789715,0.2135280027375383,0.20655153031937248,0.9366452991453,0.2135280027375383,0.20655153031937248,vol_target,floor
2013-05-15,0.607946134623541,0.13794678415654016,0.2135280027375383,0.24673238541583067,0.9366452991453,0.2135280027375383,0.24673238541583067,vol_target,floor
2013-05-16,0.4417894625224443,0.1395883867185278,0.2135280027375383,0.33952824303132745,0.9366452991453,0.2135280027375383,0.33952824303132745,vol_target,floor
2013-05-17,0.4018335700201393,0.1357418753805865,0.2135280027375383,0.3732888717895875,0.9366452991453,0.2135280027375383,0.3732888717895875,vol_target,floor
2013-05-20,0.33645684153048966,0.13161228292175178,0.2135280027375383,0.44582241014233326,0.9366452991453,0.2135280027375383,0.44582241014233326,vol_target,floor
2013-05-21,0.3224128096335787,0.1398861733154037,0.2135280027375383,0.46524206085507147,0.9366452991453,0.2135280027375383,0.46524206085507147,vol_target,floor
2013-05-22,0.2783315953989059,0.13480473001132837,0.2135280027375383,0.5389255207804181,0.9366452991453,0.2135280027375383,0.5389255207804181,vol_target,floor
2013-05-23,0.2816721546145497,0.13631175332046105,0.2135280027375383,0.5325340028916432,0.9366452991453,0.2135280027375383,0.5325340028916432,vol_target,floor
2013-05-24,0.27933162797312,0.13195939696029338,0.2135280027375383,0.5369961185148516,0.9366452991453,0.2135280027375383,0.5369961185148516,vol_target,floor
2013-05-28,0.2848026903954519,0.12919456848368305,0.2135280027375383,0.5266804179122156,0.9366452991453,0.2135280027375383,0.0,signal_off,floor
2013-05-29,0.28826397466671216,0.1305595927909173,0.2135280027375383,0.5203563857517348,0.9366452991453,0.2135280027375383,0.0,signal_off,floor
2013-05-30,0.2832965343314926,0.12781570628655972,0.2135280027375383,0.5294805330180323,0.9366452991453,0.2135280027375383,0.5294805330180323,vol_target,floor
2013-05-31,0.27774924100383924,0.16475183902931523,0.2135280027375383,0.5400554811882513,0.9366452991453,0.2135280027375383,0.5400554811882513,vol_target,floor
2013-06-03,0.2500098806742165,0.15530537027008764,0.2135280027375383,0.5999762873190695,0.9366452991453,0.2135280027375383,0.5999762873190695,vol_target,floor
2013-06-04,0.24060049175590875,0.14913024074681178,0.2135280027375383,0.6234401222761268,0.9366452991453,0.2135280027375383,0.6234401222761268,vol_target,floor
2013-06-05,0.27169354669951384,0.19053462018178477,0.2135280027375383,0.5520926125120527,0.9366452991453,0.2135280027375383,0.5520926125120527,vol_target,floor
2013-06-06,0.29291295507199044,0.17877454260981737,0.2135280027375383,0.5120975272778012,0.9366452991453,0.2135280027375383,0.5120975272778012,vol_target,floor
2013-06-07,0.3145496449592019,0.16958717698726022,0.2135280027375383,0.4768722597650856,0.9366452991453,0.2135280027375383,0.0,signal_off,floor
2013-06-10,0.31403542091001163,0.15961422133101832,0.2135280027375383,0.47765312449573394,0.9366452991453,0.2135280027375383,0.47765312449573394,vol_target,floor
2013-06-11,0.3719515784656221,0.2252511550968615,0.2135280027375383,0.40327829933880455,0.8878977775452335,0.2252511550968615,0.40327829933880455,vol_target,model
2013-06-12,0.417726375194651,0.26515301704267186,0.2135280027375383,0.35908673454029183,0.7542814418280348,0.26515301704267186,0.35908673454029183,vol_target,model
2013-06-13,0.4662318028617494,0.24658878989595628,0.2135280027375383,0.32172837433931795,0.8110668781187759,0.24658878989595628,0.32172837433931795,vol_target,model
2013-06-14,0.4778300565217281,0.24627971707095242,0.2135280027375383,0.3139191391431006,0.8120847399803559,0.24627971707095242,0.3139191391431006,vol_target,model
2013-06-17,0.49169665791389516,0.2257070791620426,0.2135280027375383,0.3050661369886058,0.8861042406933696,0.2257070791620426,0.0,signal_off,model
2013-06-18,0.48571049051241333,0.2066238496552156,0.2135280027375383,0.30882594246987227,0.9366452991453,0.2135280027375383,0.30882594246987227,vol_target,floor
2013-06-19,0.4869418751968333,0.19042296895471808,0.2135280027375383,0.3080449795766004,0.9366452991453,0.2135280027375383,0.3080449795766004,vol_target,floor
2013-06-20,0.6206244861787421,0.3597418566673978,0.2135280027375383,0.24169204299941116,0.555954210757609,0.3597418566673978,0.24169204299941116,vol_target,model
2013-06-21,0.6334104692541644,0.32216367818284525,0.2135280027375383,0.23681326293299784,0.6208024477746658,0.32216367818284525,0.23681326293299784,vol_target,model
2013-06-24,0.6565058500191965,0.33410476837453096,0.2135280027375383,0.22848235091220273,0.5986146231106774,0.33410476837453096,0.22848235091220273,vol_target,model
2013-06-25,0.671390951165906,0.30053191490784104,0.2135280027375383,0.2234167734008286,0.6654867256322197,0.30053191490784104,0.0,signal_off,model
2013-06-26,0.6770390807100344,0.2715690466907525,0.2135280027375383,0.22155294173371762,0.7364609569357465,0.2715690466907525,0.0,signal_off,model
2013-06-27,0.6917037798749702,0.24771615731711832,0.2135280027375383,0.21685583390496063,0.8073756761209823,0.24771615731711832,0.0,signal_off,model
2013-06-28,0.6934725097427413,0.22527524279019234,0.2135280027375383,0.21630273427225796,0.8878028385314752,0.22527524279019234,0.0,signal_off,model
2013-07-01,0.6887851035314907,0.20732518224753185,0.2135280027375383,0.2177747445914996,0.9366452991453,0.2135280027375383,0.0,signal_off,floor
2013-07-02,0.6883266046031357,0.19101544161402984,0.2135280027375383,0.21791980579696552,0.9366452991453,0.2135280027375383,0.0,signal_off,floor
2013-07-03,0.6902748170566009,0.17753095855131276,0.2135280027375383,0.21730475499543012,0.9366452991453,0.2135280027375383,0.0,signal_off,floor
2013-07-05,0.7020507457030799,0.17700768315269333,0.2135280027375383,0.2136597687817853,0.9366452991453,0.2135280027375383,0.0,signal_off,floor
2013-07-08,0.7085470340158259,0.1700294466956541,0.2135280027375383,0.21170083678121734,0.9366452991453,0.2135280027375383,0.0,signal_off,floor
2013-07-09,0.7019788941656615,0.15981537335679127,0.2135280027375383,0.21368163807586096,0.9366452991453,0.2135280027375383,0.0,signal_off,floor
2013-07-10,0.7032233036057892,0.15198415500798712,0.2135280027375383,0.2133035114605453,0.9366452991453,0.2135280027375383,0.0,signal_off,floor
2013-07-11,0.6636414248834405,0.1457305744542863,0.2135280027375383,0.22602567346718214,0.9366452991453,0.2135280027375383,0.0,signal_off,floor
2013-07-12,0.6208760268065312,0.14290883353621361,0.2135280027375383,0.24159412430775157,0.9366452991453,0.2135280027375383,0.0,signal_off,floor
2013-07-15,0.6049179939129259,0.13992833483181413,0.2135280027375383,0.24796749560997774,0.9366452991453,0.2135280027375383,0.0,signal_off,floor
2013-07-16,0.5985952874345726,0.15521259587090927,0.2135280027375383,0.2505866704077506,0.9366452991453,0.2135280027375383,0.2505866704077506,vol_target,floor
2013-07-17,0.6031809605663598,0.15172330603926398,0.2135280027375383,0.24868158945062976,0.9366452991453,0.2135280027375383,0.24868158945062976,vol_target,floor
2013-07-18,0.6031878016488698,0.14464510874665654,0.2135280027375383,0.2486787690168155,0.9366452991453,0.2135280027375383,0.2486787690168155,vol_target,floor
2013-07-19,0.6097261646246015,0.14258018694778996,0.2135280027375383,0.24601207673669795,0.9366452991453,0.2135280027375383,0.24601207673669795,vol_target,floor
2013-07-22,0.40101161583841005,0.13745478945902978,0.2135280027375383,0.3740540026163316,0.9366452991453,0.2135280027375383,0.3740540026163316,vol_target,floor
2013-07-23,0.40006661350093525,0.1327615284379219,0.2135280027375383,0.3749375602412005,0.9366452991453,0.2135280027375383,0.3749375602412005,vol_target,floor
2013-07-24,0.3133942721436368,0.13206761901045486,0.2135280027375383,0.4786303175676774,0.9366452991453,0.2135280027375383,0.4786303175676774,vol_target,floor
2013-07-25,0.3095492772356934,0.12956793471030822,0.2135280027375383,0.48457551359678586,0.9366452991453,0.2135280027375383,0.48457551359678586,vol_target,floor
2013-07-26,0.31032259348046914,0.12634151218286002,0.2135280027375383,0.4833679633753144,0.9366452991453,0.2135280027375383,0.4833679633753144,vol_target,floor
2013-07-29,0.3172383080608996,0.1285640957526906,0.2135280027375383,0.4728306644833221,0.9366452991453,0.2135280027375383,0.4728306644833221,vol_target,floor
2013-07-30,0.3175749753389456,0.12688611672899777,0.2135280027375383,0.4723294076931157,0.9366452991453,0.2135280027375383,0.4723294076931157,vol_target,floor
2013-07-31,0.3180816837999753,0.12611751557943474,0.2135280027375383,0.4715769805039357,0.9366452991453,0.2135280027375383,0.4715769805039357,vol_target,floor
2013-08-01,0.3157518857774435,0.12513785728756321,0.2135280027375383,0.4750565452069126,0.9366452991453,0.2135280027375383,0.4750565452069126,vol_target,floor
2013-08-02,0.31955141562155487,0.12587842378547323,0.2135280027375383,0.46940802846464363,0.9366452991453,0.2135280027375383,0.46940802846464363,vol_target,floor
2013-08-05,0.2772384034010363,0.12363733547666293,0.2135280027375383,0.5410505837570384,0.9366452991453,0.2135280027375383,0.5410505837570384,vol_target,floor
2013-08-06,0.2950833874125358,0.14274428863168373,0.2135280027375383,0.5083308867886056,0.9366452991453,0.2135280027375383,0.5083308867886056,vol_target,floor
2013-08-07,0.30574167783633543,0.14243230741508744,0.2135280027375383,0.4906102467335039,0.9366452991453,0.2135280027375383,0.4906102467335039,vol_target,floor
2013-08-08,0.30530636048112514,0.13754868103612455,0.2135280027375383,0.4913097773777739,0.9366452991453,0.2135280027375383,0.4913097773777739,vol_target,floor
2013-08-09,0.32295716434990107,0.14802707527536765,0.2135280027375383,0.46445788035680696,0.9366452991453,0.2135280027375383,0.46445788035680696,vol_target,floor
2013-08-12,0.3176554442536585,0.14187994813934512,0.2135280027375383,0.4722097565569189,0.9366452991453,0.2135280027375383,0.4722097565569189,vol_target,floor
2013-08-13,0.3087525365361409,0.13655145810306316,0.2135280027375383,0.4858259682101164,0.9366452991453,0.2135280027375383,0.4858259682101164,vol_target,floor
2013-08-14,0.2952280629640947,0.1411673257968729,0.2135280027375383,0.5080817808916859,0.9366452991453,0.2135280027375383,0.5080817808916859,vol_target,floor
2013-08-15,0.32586921939222585,0.1790559238825038,0.2135280027375383,0.4603073597431599,0.9366452991453,0.2135280027375383,0.4603073597431599,vol_target,floor
2013-08-16,0.3254969970647231,0.16727896887572893,0.2135280027375383,0.46083374455885806,0.9366452991453,0.2135280027375383,0.46083374455885806,vol_target,floor
2013-08-19,0.3193478475375402,0.17139419971121986,0.2135280027375383,0.4697072523163542,0.9366452991453,0.2135280027375383,0.4697072523163542,vol_target,floor
2013-08-20,0.3217717900000522,0.16164094670115128,0.2135280027375383,0.466168895663525,0.9366452991453,0.2135280027375383,0.466168895663525,vol_target,floor
2013-08-21,0.3382033316147612,0.17242733390282827,0.2135280027375383,0.44352017256548254,0.9366452991453,0.2135280027375383,0.44352017256548254,vol_target,floor
2013-08-22,0.36356617333666386,0.16645868989424034,0.2135280027375383,0.41257963749311555,0.9366452991453,0.2135280027375383,0.41257963749311555,vol_target,floor
2013-08-23,0.3611898709320092,0.1572647624587114,0.2135280027375383,0.4152940380441515,0.9366452991453,0.2135280027375383,0.4152940380441515,vol_target,floor
2013-08-26,0.38965318596805915,0.18473891763671327,0.2135280027375383,0.38495771471068085,0.9366452991453,0.2135280027375383,0.38495771471068085,vol_target,floor
2013-08-27,0.48206862616962426,0.2796407572131168,0.2135280027375383,0.3111590173205337,0.7152033272731347,0.2796407572131168,0.3111590173205337,vol_target,model
2013-08-28,0.47405434595215545,0.2537618393362726,0.2135280027375383,0.31641941747990837,0.78814056724648,0.2537618393362726,0.31641941747990837,vol_target,model
2013-08-29,0.4626943131679957,0.2304475898666993,0.2135280027375383,0.3241881210360539,0.8678762928945732,0.2304475898666993,0.3241881210360539,vol_target,model
2013-08-30,0.45140806264180755,0.21305739998759676,0.2135280027375383,0.3322935773945736,0.9366452991453,0.2135280027375383,0.3322935773945736,vol_target,floor
2013-09-03,0.4548750878699851,0.1985687702973895,0.2135280027375383,0.32976085962938867,0.9366452991453,0.2135280027375383,0.32976085962938867,vol_target,floor
2013-09-04,0.45324005905129017,0.18367190608716652,0.2135280027375383,0.3309504466881765,0.9366452991453,0.2135280027375383,0.3309504466881765,vol_target,floor
2013-09-05,0.45239802120922723,0.17142452459042049,0.2135280027375383,0.33156643700399224,0.9366452991453,0.2135280027375383,0.33156643700399224,vol_target,floor
2013-09-06,0.45166600013894254,0.16234796259212442,0.2135280027375383,0.33210381112117504,0.9366452991453,0.2135280027375383,0.33210381112117504,vol_target,floor
2013-09-09,0.4738742994011034,0.15851196548869045,0.2135280027375383,0.3165396397094641,0.9366452991453,0.2135280027375383,0.3165396397094641,vol_target,floor
2013-09-10,0.4833832350254805,0.15303776587606513,0.2135280027375383,0.3103127893794105,0.9366452991453,0.2135280027375383,0.3103127893794105,vol_target,floor
2013-09-11,0.4994960737058288,0.1500651197482721,0.2135280027375383,0.3003026608139875,0.9366452991453,0.2135280027375383,0.3003026608139875,vol_target,floor
2013-09-12,0.4985965219386237,0.14478361813603136,0.2135280027375383,0.30084445719110875,0.9366452991453,0.2135280027375383,0.30084445719110875,vol_target,floor
2013-09-13,0.49511161629884426,0.13893227126875915,0.2135280027375383,0.3029619888971895,0.9366452991453,0.2135280027375383,0.3029619888971895,vol_target,floor
2013-09-16,0.4714032533286536,0.13455677023554888,0.2135280027375383,0.31819890707335186,0.9366452991453,0.2135280027375383,0.31819890707335186,vol_target,floor
2013-09-17,0.4713324720677887,0.1304468871162013,0.2135280027375383,0.3182466918562455,0.9366452991453,0.2135280027375383,0.3182466918562455,vol_target,floor
2013-09-18,0.48667959605990924,0.13576072296711036,0.2135280027375383,0.3082109897648869,0.9366452991453,0.2135280027375383,0.3082109897648869,vol_target,floor
2013-09-19,0.48556542503726174,0.1322171985080661,0.2135280027375383,0.3089182060038339,0.9366452991453,0.2135280027375383,0.3089182060038339,vol_target,floor
2013-09-20,0.47679612447266406,0.1374874059471469,0.2135280027375383,0.3145998725679656,0.9366452991453,0.2135280027375383,0.3145998725679656,vol_target,floor
2013-09-23,0.4687825306242686,0.14666060925241312,0.2135280027375383,0.3199777939682349,0.9366452991453,0.2135280027375383,0.3199777939682349,vol_target,floor
2013-09-24,0.46950218054912274,0.14112591437695038,0.2135280027375383,0.3194873340621384,0.9366452991453,0.2135280027375383,0.3194873340621384,vol_target,floor
2013-09-25,0.44297939821547516,0.13584605905035738,0.2135280027375383,0.33861619886673966,0.9366452991453,0.2135280027375383,0.33861619886673966,vol_target,floor
2013-09-26,0.3113605231044665,0.13218078924075766,0.2135280027375383,0.48175664180032407,0.9366452991453,0.2135280027375383,0.48175664180032407,vol_target,floor
2013-09-27,0.3500441325110734,0.16584873085613824,0.2135280027375383,0.4285173955751275,0.9366452991453,0.2135280027375383,0.4285173955751275,vol_target,floor
2013-09-30,0.38739977542263654,0.19105393756239192,0.2135280027375383,0.3871969203811655,0.9366452991453,0.2135280027375383,0.3871969203811655,vol_target,floor
2013-10-01,0.403089715127807,0.1824378331313625,0.2135280027375383,0.37212559480074986,0.9366452991453,0.2135280027375383,0.37212559480074986,vol_target,floor
2013-10-02,0.4383421393194784,0.21583773810004706,0.2135280027375383,0.3421984485289811,0.9266220159668936,0.21583773810004706,0.3421984485289811,vol_target,model
2013-10-03,0.4672750610034194,0.23085957885143585,0.2135280027375383,0.32101006991019865,0.86632749221424,0.23085957885143585,0.32101006991019865,vol_target,model
2013-10-04,0.47319718379119496,0.21240975367522658,0.2135280027375383,0.31699258816001247,0.9366452991453,0.2135280027375383,0.31699258816001247,vol_target,floor
2013-10-07,0.5660599151694542,0.30626479469593254,0.2135280027375383,0.26498961678835076,0.6530296771411976,0.30626479469593254,0.26498961678835076,vol_target,model
2013-10-08,0.5623868504465936,0.30251768513577376,0.2135280027375383,0.2667203187287974,0.6611183736588407,0.30251768513577376,0.2667203187287974,vol_target,model
2013-10-09,0.5563361226291742,0.27278003647437316,0.2135280027375383,0.2696211766568724,0.7331914849230156,0.27278003647437316,0.2696211766568724,vol_target,model
2013-10-10,0.6617766839593714,0.2742495305136303,0.2135280027375383,0.22666256402773022,0.729262871026355,0.2742495305136303,0.22666256402773022,vol_target,model
2013-10-11,0.6703985740879896,0.24950425250879543,0.2135280027375383,0.22374749260775206,0.8015895440216984,0.24950425250879543,0.22374749260775206,vol_target,model
2013-10-14,0.6722301033426042,0.23162342569908964,0.2135280027375383,0.22313787980356484,0.8634705207228358,0.23162342569908964,0.22313787980356484,vol_target,model
2013-10-15,0.6851862647976709,0.24501820733046784,0.2135280027375383,0.21891857397972447,0.8162658692961964,0.24501820733046784,0.21891857397972447,vol_target,model
2013-10-16,0.7761896522062496,0.2501434944497028,0.2135280027375383,0.19325173889350164,0.7995410811701709,0.2501434944497028,0.19325173889350164,vol_target,model
2013-10-17,0.7900201115822213,0.23753588649052723,0.2135280027375383,0.18986858410425259,0.8419780394234279,0.23753588649052723,0.18986858410425259,vol_target,model
2013-10-18,0.7911834959871784,0.21693690095193915,0.2135280027375383,0.1895893945725466,0.9219270632261342,0.21693690095193915,0.1895893945725466,vol_target,model
2013-10-21,0.7913265590653386,0.2059340508162748,0.2135280027375383,0.18955511890965704,0.9366452991453,0.2135280027375383,0.18955511890965704,vol_target,floor
2013-10-22,0.7866027222773413,0.19000390050260255,0.2135280027375383,0.19069346666602663,0.9366452991453,0.2135280027375383,0.19069346666602663,vol_target,floor
2013-10-23,0.7852972542312037,0.17765331253303945,0.2135280027375383,0.19101047303017524,0.9366452991453,0.2135280027375383,0.19101047303017524,vol_target,floor
2013-10-24,0.7864724778707989,0.16649874508013443,0.2135280027375383,0.19072504661077522,0.9366452991453,0.2135280027375383,0.19072504661077522,vol_target,floor
2013-10-25,0.7850895250134027,0.15751124224876378,0.2135280027375383,0.1910610130703747,0.9366452991453,0.2135280027375383,0.1910610130703747,vol_target,floor
2013-10-28,0.7712757713326,0.14981129620312145,0.2135280027375383,0.19448296650215266,0.9366452991453,0.2135280027375383,0.19448296650215266,vol_target,floor
2013-10-29,0.754715017314648,0.14291415212711092,0.2135280027375383,0.19875051716039135,0.9366452991453,0.2135280027375383,0.19875051716039135,vol_target,floor
2013-10-30,0.7431069457765679,0.13873959460233395,0.2135280027375383,0.20185519843748162,0.9366452991453,0.2135280027375383,0.20185519843748162,vol_target,floor
2013-10-31,0.7186325619955038,0.13381169266036472,0.2135280027375383,0.20872975694766593,0.9366452991453,0.2135280027375383,0.20872975694766593,vol_target,floor
2013-11-01,0.6977630939984988,0.13020939736830783,0.2135280027375383,0.21497267667229575,0.9366452991453,0.2135280027375383,0.21497267667229575,vol_target,floor
2013-11-04,0.7006383183276246,0.13072405906083656,0.2135280027375383,0.21409048873895403,0.9366452991453,0.2135280027375383,0.21409048873895403,vol_target,floor
2013-11-05,0.6128583488136481,0.12886637663631764,0.2135280027375383,0.24475476313631897,0.9366452991453,0.2135280027375383,0.24475476313631897,vol_target,floor
2013-11-06,0.5793705640703519,0.1267874997068844,0.2135280027375383,0.2589016586313587,0.9366452991453,0.2135280027375383,0.2589016586313587,vol_target,floor
2013-11-07,0.6019307462345884,0.15357529173883744,0.2135280027375383,0.24919810283547306,0.9366452991453,0.2135280027375383,0.24919810283547306,vol_target,floor
2013-11-08,0.5093168987315356,0.15084237821776245,0.2135280027375383,0.2945121207907653,0.9366452991453,0.2135280027375383,0.2945121207907653,vol_target,floor
2013-11-11,0.5041222077905522,0.14399685887226082,0.2135280027375383,0.2975468997039713,0.9366452991453,0.2135280027375383,0.2975468997039713,vol_target,floor
2013-11-12,0.4990362441695565,0.138997071024624,0.2135280027375383,0.3005793702411619,0.9366452991453,0.2135280027375383,0.3005793702411619,vol_target,floor
2013-11-13,0.4608040449580234,0.13421065187010003,0.2135280027375383,0.32551797589724746,0.9366452991453,0.2135280027375383,0.32551797589724746,vol_target,floor
2013-11-14,0.3243452724829492,0.13013715916614035,0.2135280027375383,0.46247012898233464,0.9366452991453,0.2135280027375383,0.46247012898233464,vol_target,floor
2013-11-15,0.2517917436939896,0.12754125826878546,0.2135280027375383,0.5957304151414102,0.9366452991453,0.2135280027375383,0.5957304151414102,vol_target,floor
2013-11-18,0.24920378089675876,0.1247487410925823,0.2135280027375383,0.6019170313557267,0.9366452991453,0.2135280027375383,0.6019170313557267,vol_target,floor
2013-11-19,0.24623645093192997,0.1295898979875488,0.2135280027375383,0.6091705733748829,0.9366452991453,0.2135280027375383,0.6091705733748829,vol_target,floor
2013-11-20,0.25540898508744747,0.1282642089295876,0.2135280027375383,0.5872933559821424,0.9366452991453,0.2135280027375383,0.5872933559821424,vol_target,floor
2013-11-21,0.2684783204527001,0.12882068984231856,0.2135280027375383,0.5587043294485547,0.9366452991453,0.2135280027375383,0.5587043294485547,vol_target,floor
2013-11-22,0.26717374918938425,0.12588386012639324,0.2135280027375383,0.561432402903002,0.9366452991453,0.2135280027375383,0.561432402903002,vol_target,floor
2013-11-25,0.26630575517772037,0.1237679089092771,0.2135280027375383,0.563262329422422,0.9366452991453,0.2135280027375383,0.563262329422422,vol_target,floor
2013-11-26,0.2675543307114086,0.12312469383769147,0.2135280027375383,0.560633795764622,0.9366452991453,0.2135280027375383,0.560633795764622,vol_target,floor
2013-11-27,0.27160069617339766,0.12357862454484558,0.2135280027375383,0.5522813531532176,0.9366452991453,0.2135280027375383,0.5522813531532176,vol_target,floor
2013-11-29,0.271885534185021,0.12338601794979373,0.2135280027375383,0.5517027614198974,0.9366452991453,0.2135280027375383,0.5517027614198974,vol_target,floor
2013-12-02,0.28283863572040746,0.13057280555102063,0.2135280027375383,0.5303377299142344,0.9366452991453,0.2135280027375383,0.5303377299142344,vol_target,floor
2013-12-03,0.29773061272416884,0.14183754166990373,0.2135280027375383,0.5038111419834641,0.9366452991453,0.2135280027375383,0.5038111419834641,vol_target,floor
2013-12-04,0.2826238303331008,0.13715785327431868,0.2135280027375383,0.5307408077486241,0.9366452991453,0.2135280027375383,0.5307408077486241,vol_target,floor
2013-12-05,0.2868231307058909,0.13835210882711294,0.2135280027375383,0.5229703742192618,0.9366452991453,0.2135280027375383,0.5229703742192618,vol_target,floor
2013-12-06,0.3046964495119898,0.13788773921018047,0.2135280027375383,0.4922932322980596,0.9366452991453,0.2135280027375383,0.4922932322980596,vol_target,floor
2013-12-09,0.27453812173508224,0.13359171788023927,0.2135280027375383,0.5463722089012604,0.9366452991453,0.2135280027375383,0.5463722089012604,vol_target,floor
2013-12-10,0.25150555055051355,0.1329493424588993,0.2135280027375383,0.5964083085708015,0.9366452991453,0.2135280027375383,0.5964083085708015,vol_target,floor
2013-12-11,0.30035703484872167,0.1756121560051672,0.2135280027375383,0.4994056492652128,0.9366452991453,0.2135280027375383,0.4994056492652128,vol_target,floor
2013-12-12,0.30217588055714706,0.16728206232755896,0.2135280027375383,0.4963996455422994,0.9366452991453,0.2135280027375383,0.4963996455422994,vol_target,floor
2013-12-13,0.300445992632082,0.15767579656322522,0.2135280027375383,0.4992577823585283,0.9366452991453,0.2135280027375383,0.4992577823585283,vol_target,floor
2013-12-16,0.30568941847557374,0.15770506981954535,0.2135280027375383,0.4906941193713116,0.9366452991453,0.2135280027375383,0.4906941193713116,vol_target,floor
2013-12-17,0.30254596582847887,0.14967097161872286,0.2135280027375383,0.4957924313723584,0.9366452991453,0.2135280027375383,0.4957924313723584,vol_target,floor
2013-12-18,0.3849835625411447,0.15871198623492477,0.2135280027375383,0.38962702461866516,0.9366452991453,0.2135280027375383,0.38962702461866516,vol_target,floor
2013-12-19,0.38037324944708445,0.15026622929044256,0.2135280027375383,0.39434949807338443,0.9366452991453,0.2135280027375383,0.39434949807338443,vol_target,floor
2013-12-20,0.372426346866331,0.1433486359215858,0.2135280027375383,0.4027642009275919,0.9366452991453,0.2135280027375383,0.4027642009275919,vol_target,floor
2013-12-23,0.37786944960062924,0.1421085842454251,0.2135280027375383,0.3969624963291825,0.9366452991453,0.2135280027375383,0.3969624963291825,vol_target,floor
2013-12-24,0.3935417877347461,0.14044694440788644,0.2135280027375383,0.38115393250462787,0.9366452991453,0.2135280027375383,0.38115393250462787,vol_target,floor
2013-12-26,0.39324392339920217,0.13523202887003946,0.2135280027375383,0.38144263922351135,0.9366452991453,0.2135280027375383,0.38144263922351135,vol_target,floor
2013-12-27,0.39988371442756,0.14173809192972156,0.2135280027375383,0.3751090494263499,0.9366452991453,0.2135280027375383,0.3751090494263499,vol_target,floor
2013-12-30,0.4028594021593321,0.142834042162245,0.2135280027375383,0.3723383373851966,0.9366452991453,0.2135280027375383,0.3723383373851966,vol_target,floor
2013-12-31,0.40182884838862454,0.13729517723864845,0.2135280027375383,0.3732932580662528,0.9366452991453,0.2135280027375383,0.3732932580662528,vol_target,floor
2014-01-02,0.40329764871166046,0.14334946610779128,0.2135280027375383,0.3719337330112807,0.9366452991453,0.2135280027375383,0.3719337330112807,vol_target,floor
2014-01-03,0.3936157498475828,0.1378090566147845,0.2135280027375383,0.38108231202151716,0.9366452991453,0.2135280027375383,0.38108231202151716,vol_target,floor
2014-01-06,0.3914799629666818,0.13328171946817083,0.2135280027375383,0.3831613727131323,0.9366452991453,0.2135280027375383,0.3831613727131323,vol_target,floor
2014-01-07,0.38998263034079445,0.1304771285378407,0.2135280027375383,0.384632515219766,0.9366452991453,0.2135280027375383,0.384632515219766,vol_target,floor
2014-01-08,0.3742004356248306,0.12750144362138366,0.2135280027375383,0.4008546910148133,0.9366452991453,0.2135280027375383,0.4008546910148133,vol_target,floor
2014-01-09,0.3729931441603996,0.12553866544375705,0.2135280027375383,0.40215216378211754,0.9366452991453,0.2135280027375383,0.40215216378211754,vol_target,floor
2014-01-10,0.3754723821311814,0.12447682297381467,0.2135280027375383,0.39949675965140213,0.9366452991453,0.2135280027375383,0.39949675965140213,vol_target,floor
2014-01-13,0.3469459590256855,0.1388038132850122,0.2135280027375383,0.4323439893095715,0.9366452991453,0.2135280027375383,0.4323439893095715,vol_target,floor
2014-01-14,0.3576400040475789,0.1380757041904625,0.2135280027375383,0.4194161679408902,0.9366452991453,0.2135280027375383,0.4194161679408902,vol_target,floor
2014-01-15,0.35850192106623263,0.13420619554466445,0.2135280027375383,0.4184077997514768,0.9366452991453,0.2135280027375383,0.4184077997514768,vol_target,floor
2014-01-16,0.3546398820106172,0.1353554638272691,0.2135280027375383,0.4229642733625467,0.9366452991453,0.2135280027375383,0.4229642733625467,vol_target,floor
2014-01-17,0.3546896719958465,0.13104732195459048,0.2135280027375383,0.42290489924881863,0.9366452991453,0.2135280027375383,0.42290489924881863,vol_target,floor
2014-01-21,0.27914768972666176,0.1278032284273095,0.2135280027375383,0.5373499603270164,0.9366452991453,0.2135280027375383,0.5373499603270164,vol_target,floor
2014-01-22,0.2829189391470141,0.12585345341562032,0.2135280027375383,0.5301871993873658,0.9366452991453,0.2135280027375383,0.5301871993873658,vol_target,floor
2014-01-23,0.3006116389603965,0.14069175699115927,0.2135280027375383,0.4989826758496249,0.9366452991453,0.2135280027375383,0.4989826758496249,vol_target,floor
2014-01-24,0.5479310924491613,0.3823857767899678,0.2135280027375383,0.2737570509633334,0.5230320062606658,0.3823857767899678,0.2737570509633334,vol_target,model
2014-01-27,0.531079866398711,0.3398849704645888,0.2135280027375383,0.2824433940927949,0.588434374507999,0.3398849704645888,0.2824433940927949,vol_target,model
2014-01-28,0.5687894719215343,0.3093913839420362,0.2135280027375383,0.26371796139836573,0.646430412675841,0.3093913839420362,0.26371796139836573,vol_target,model
2014-01-29,0.6167929144605826,0.3473710160311116,0.2135280027375383,0.24319345518290003,0.5757532746545768,0.3473710160311116,0.24319345518290003,vol_target,model
2014-01-30,0.6166345072949609,0.3133181156205514,0.2135280027375383,0.24325592912082844,0.6383288741663856,0.3133181156205514,0.24325592912082844,vol_target,model
2014-01-31,0.6369670856857961,0.3196964975220639,0.2135280027375383,0.2354909749198441,0.6255933410286955,0.3196964975220639,0.2354909749198441,vol_target,model
2014-02-03,0.6870941020483103,0.3715881468666688,0.2135280027375383,0.21831070817349751,0.5382303006337898,0.3715881468666688,0.0,signal_off,model
2014-02-04,0.6926717710170955,0.3314185722266415,0.2135280027375383,0.21655278340525574,0.6034664824493585,0.3314185722266415,0.21655278340525574,vol_target,model
2014-02-05,0.6896549161346995,0.30579856997232663,0.2135280027375383,0.21750008082404915,0.654025295206904,0.30579856997232663,0.21750008082404915,vol_target,model
2014-02-06,0.7889021829388961,0.29866812440371737,0.2135280027375383,0.19013764094454044,0.6696395887552261,0.29866812440371737,0.19013764094454044,vol_target,model
2014-02-07,0.8384899040193031,0.2808487071121166,0.2135280027375383,0.17889303053140496,0.7121271878248623,0.2808487071121166,0.17889303053140496,vol_target,model
2014-02-10,0.83859602577548,0.2535569931261498,0.2135280027375383,0.17887039216682382,0.7887772982877104,0.2535569931261498,0.17887039216682382,vol_target,model
2014-02-11,0.8458575678965419,0.23304890064444708,0.2135280027375383,0.17733482053369382,0.8581889871479446,0.23304890064444708,0.17733482053369382,vol_target,model
2014-02-12,0.8475861646027143,0.2138370846715051,0.2135280027375383,0.1769731577323574,0.9352914640939782,0.2138370846715051,0.1769731577323574,vol_target,model
2014-02-13,0.8369402167769466,0.19649071447396363,0.2135280027375383,0.17922427073423403,0.9366452991453,0.2135280027375383,0.17922427073423403,vol_target,floor
2014-02-14,0.8402273729172964,0.1825688598638882,0.2135280027375383,0.17852310557223955,0.9366452991453,0.2135280027375383,0.17852310557223955,vol_target,floor
2014-02-18,0.8418370818222362,0.1707375332766609,0.2135280027375383,0.17818174470921472,0.9366452991453,0.2135280027375383,0.17818174470921472,vol_target,floor
2014-02-19,0.8706291842153293,0.23788059343746068,0.2135280027375383,0.17228919351605504,0.8407579496499803,0.23788059343746068,0.17228919351605504,vol_target,model
2014-02-20,0.8769510463709627,0.21876114385316153,0.2135280027375383,0.17104717603193084,0.9142391399006649,0.21876114385316153,0.17104717603193084,vol_target,model
2014-02-21,0.8738831723293096,0.20450086906661677,0.2135280027375383,0.17164765811908184,0.9366452991453,0.2135280027375383,0.17164765811908184,vol_target,floor
2014-02-24,0.8722058841935216,0.18871901307579778,0.2135280027375383,0.17197774369373386,0.9366452991453,0.2135280027375383,0.17197774369373386,vol_target,floor
2014-02-25,0.7305882444578274,0.1753710337772111,0.2135280027375383,0.20531400708659858,0.9366452991453,0.2135280027375383,0.20531400708659858,vol_target,floor
2014-02-26,0.7374042412076709,0.17967656671160986,0.2135280027375383,0.20341624256776733,0.9366452991453,0.2135280027375383,0.20341624256776733,vol_target,floor
2014-02-27,0.7144497433022414,0.16796264085736867,0.2135280027375383,0.2099517865409098,0.9366452991453,0.2135280027375383,0.2099517865409098,vol_target,floor
2014-02-28,0.6647725896071371,0.16118214894125424,0.2135280027375383,0.22564107236829062,0.9366452991453,0.2135280027375383,0.22564107236829062,vol_target,floor
2014-03-03,0.7179875213113007,0.2539315093887592,0.2135280027375383,0.20891727996337126,0.7876139533901161,0.2539315093887592,0.20891727996337126,vol_target,model
2014-03-04,0.7393613769089529,0.24569267921808374,0.2135280027375383,0.202877787080392,0.8140250683760683,0.24569267921808374,0.0,signal_off,model
2014-03-05,0.6660320495856566,0.22376782690763156,0.2135280027375383,0.22521438734564814,0.8937835378924129,0.22376782690763156,0.22521438734564814,vol_target,model
2014-03-06,0.6648592637249271,0.20489889018066107,0.2135280027375383,0.22561165675817318,0.9366452991453,0.2135280027375383,0.22561165675817318,vol_target,floor
2014-03-07,0.6641943574269449,0.2005975959483523,0.2135280027375383,0.22583751024488127,0.9366452991453,0.2135280027375383,0.22583751024488127,vol_target,floor
2014-03-10,0.5731216108460236,0.18532801591815248,0.2135280027375383,0.26172455751332574,0.9366452991453,0.2135280027375383,0.26172455751332574,vol_target,floor
2014-03-11,0.5176051492112351,0.17751477967487078,0.2135280027375383,0.2897961896796835,0.9366452991453,0.2135280027375383,0.2897961896796835,vol_target,floor
2014-03-12,0.518855458409342,0.16614303804930708,0.2135280027375383,0.28909785484353545,0.9366452991453,0.2135280027375383,0.28909785484353545,vol_target,floor
2014-03-13,0.5282449863225155,0.2022677097210081,0.2135280027375383,0.2839591550963037,0.9366452991453,0.2135280027375383,0.2839591550963037,vol_target,floor
2014-03-14,0.5298468616842146,0.20964765627613127,0.2135280027375383,0.2831006670931252,0.9366452991453,0.2135280027375383,0.2831006670931252,vol_target,floor
2014-03-17,0.5730519832080371,0.20204535429921663,0.2135280027375383,0.26175635787922047,0.9366452991453,0.2135280027375383,0.26175635787922047,vol_target,floor
2014-03-18,0.5832500841614462,0.18957363004598066,0.2135280027375383,0.2571795599749615,0.9366452991453,0.2135280027375383,0.2571795599749615,vol_target,floor
2014-03-19,0.5842321582773274,0.19019562435342913,0.2135280027375383,0.256747250001252,0.9366452991453,0.2135280027375383,0.256747250001252,vol_target,floor
2014-03-20,0.5433350420111167,0.17711457491093463,0.2135280027375383,0.2760727514367295,0.9366452991453,0.2135280027375383,0.2760727514367295,vol_target,floor
2014-03-21,0.5347036358933049,0.17230511764253165,0.2135280027375383,0.28052923139264213,0.9366452991453,0.2135280027375383,0.28052923139264213,vol_target,floor
2014-03-24,0.533820343892919,0.16157695861793772,0.2135280027375383,0.2809934123269177,0.9366452991453,0.2135280027375383,0.2809934123269177,vol_target,floor
2014-03-25,0.5357499004432766,0.1531653440203677,0.2135280027375383,0.2799813866057479,0.9366452991453,0.2135280027375383,0.0,signal_off,floor
2014-03-26,0.539739477827269,0.15955284831022612,0.2135280027375383,0.27791185592691436,0.9366452991453,0.2135280027375383,0.27791185592691436,vol_target,floor
2014-03-27,0.537640520205921,0.15174319778285228,0.2135280027375383,0.27899682848039187,0.9366452991453,0.2135280027375383,0.27899682848039187,vol_target,floor
2014-03-28,0.537230790812151,0.14466397056245772,0.2135280027375383,0.27920961077684997,0.9366452991453,0.2135280027375383,0.27920961077684997,vol_target,floor
2014-03-31,0.5448160238329751,0.1409439394098045,0.2135280027375383,0.275322298607696,0.9366452991453,0.2135280027375383,0.0,signal_off,floor
2014-04-01,0.4782953711948053,0.13954346352623484,0.2135280027375383,0.31361373961301914,0.9366452991453,0.2135280027375383,0.0,signal_off,floor
2014-04-02,0.40256734936565414,0.1365251948236239,0.2135280027375383,0.3726084597679435,0.9366452991453,0.2135280027375383,0.3726084597679435,vol_target,floor
2014-04-03,0.40329171973400596,0.1322074949752804,0.2135280027375383,0.3719392009807035,0.9366452991453,0.2135280027375383,0.3719392009807035,vol_target,floor
2014-04-04,0.4138124291439936,0.14548003242380447,0.2135280027375383,0.3624830706759771,0.9366452991453,0.2135280027375383,0.3624830706759771,vol_target,floor
2014-04-07,0.4150958894392197,0.15568026853384948,0.2135280027375383,0.3613622871636836,0.9366452991453,0.2135280027375383,0.3613622871636836,vol_target,floor
2014-04-08,0.4190712694604817,0.14856155208190164,0.2135280027375383,0.35793434418234427,0.9366452991453,0.2135280027375383,0.35793434418234427,vol_target,floor
2014-04-09,0.42237122065102584,0.14368378883599614,0.2135280027375383,0.3551378329441956,0.9366452991453,0.2135280027375383,0.3551378329441956,vol_target,floor
2014-04-10,0.4737864621418669,0.20882789973495985,0.2135280027375383,0.3165983243208101,0.9366452991453,0.2135280027375383,0.3165983243208101,vol_target,floor
2014-04-11,0.45510553800758025,0.2103825305967929,0.2135280027375383,0.32959387982112753,0.9366452991453,0.2135280027375383,0.32959387982112753,vol_target,floor
2014-04-14,0.4369994815759897,0.19357264997042825,0.2135280027375383,0.34324983512346924,0.9366452991453,0.2135280027375383,0.34324983512346924,vol_target,floor
2014-04-15,0.39211994926397253,0.179745282550572,0.2135280027375383,0.3825360078760517,0.9366452991453,0.2135280027375383,0.0,signal_off,floor
2014-04-16,0.391459989139562,0.17095433785398936,0.2135280027375383,0.38318092311222773,0.9366452991453,0.2135280027375383,0.0,signal_off,floor
2014-04-17,0.3844211236065822,0.16132884995217472,0.2135280027375383,0.39019708020392363,0.9366452991453,0.2135280027375383,0.0,signal_off,floor
2014-04-21,0.38298517113563957,0.15274376442538165,0.2135280027375383,0.39166007277831494,0.9366452991453,0.2135280027375383,0.39166007277831494,vol_target,floor
2014-04-22,0.37778017603671055,0.14552691590944553,0.2135280027375383,0.3970563028839921,0.9366452991453,0.2135280027375383,0.3970563028839921,vol_target,floor
2014-04-23,0.37984182949260037,0.14179057330313669,0.2135280027375383,0.39490121506726295,0.9366452991453,0.2135280027375383,0.39490121506726295,vol_target,floor
2014-04-24,0.3795473785222794,0.13919584116163317,0.2135280027375383,0.3952075774676837,0.9366452991453,0.2135280027375383,0.3952075774676837,vol_target,floor
2014-04-25,0.3701631005759708,0.136480083603456,0.2135280027375383,0.4052267764307172,0.9366452991453,0.2135280027375383,0.4052267764307172,vol_target,floor
2014-04-28,0.37372996485958027,0.1336986686875125,0.2135280027375383,0.4013593077995733,0.9366452991453,0.2135280027375383,0.4013593077995733,vol_target,floor
2014-04-29,0.37467177497252174,0.13012184834007115,0.2135280027375383,0.40035041340117206,0.9366452991453,0.2135280027375383,0.40035041340117206,vol_target,floor
2014-04-30,0.3649540446581262,0.12716998302659402,0.2135280027375383,0.4110106524247834,0.9366452991453,0.2135280027375383,0.4110106524247834,vol_target,floor
2014-05-01,0.3458534785510004,0.12440279575915933,0.2135280027375383,0.4337096756361831,0.9366452991453,0.2135280027375383,0.4337096756361831,vol_target,floor
2014-05-02,0.34510787903647727,0.12298862106387821,0.2135280027375383,0.43464669777691534,0.9366452991453,0.2135280027375383,0.43464669777691534,vol_target,floor
2014-05-05,0.3488407888377822,0.12201135157080252,0.2135280027375383,0.42999558767123686,0.9366452991453,0.2135280027375383,0.42999558767123686,vol_target,floor
2014-05-06,0.33961118052632816,0.12547673481864027,0.2135280027375383,0.44168157175370537,0.9366452991453,0.2135280027375383,0.44168157175370537,vol_target,floor
2014-05-07,0.3325374594838173,0.12473775746042105,0.2135280027375383,0.4510770011680433,0.9366452991453,0.2135280027375383,0.4510770011680433,vol_target,floor
2014-05-08,0.32929550278699243,0.12282813141611143,0.2135280027375383,0.45551791242356793,0.9366452991453,0.2135280027375383,0.45551791242356793,vol_target,floor
2014-05-09,0.32582565574901007,0.12215567771602118,0.2135280027375383,0.46036890390101126,0.9366452991453,0.2135280027375383,0.46036890390101126,vol_target,floor
2014-05-12,0.24846389022832524,0.12353797817524396,0.2135280027375383,0.603709455978323,0.9366452991453,0.2135280027375383,0.0,signal_off,floor
2014-05-13,0.212261851071733,0.12218128334524431,0.2135280027375383,0.7066743234482965,0.9366452991453,0.2135280027375383,0.7066743234482965,vol_target,floor
2014-05-14,0.21154532308340931,0.12054444742470184,0.2135280027375383,0.7090679094846125,0.9366452991453,0.2135280027375383,0.7090679094846125,vol_target,floor
2014-05-15,0.22467929506772444,0.125941465854286,0.2135280027375383,0.667618259861399,0.9366452991453,0.2135280027375383,0.667618259861399,vol_target,floor
2014-05-16,0.20840269434404524,0.12447703460770974,0.2135280027375383,0.719760368128302,0.9366452991453,0.2135280027375383,0.719760368128302,vol_target,floor
2014-05-19,0.20966079339706453,0.12354883295158292,0.2135280027375383,0.7154413448961991,0.9366452991453,0.2135280027375383,0.7154413448961991,vol_target,floor
2014-05-20,0.2117347323997487,0.12245583927236729,0.2135280027375383,0.7084336060500673,0.9366452991453,0.2135280027375383,0.7084336060500673,vol_target,floor
2014-05-21,0.2174681783758997,0.12200898967125444,0.2135280027375383,0.6897560880871539,0.9366452991453,0.2135280027375383,0.6897560880871539,vol_target,floor
2014-05-22,0.21171621654687833,0.12023600884739545,0.2135280027375383,0.7084955628176309,0.9366452991453,0.2135280027375383,0.7084955628176309,vol_target,floor
2014-05-23,0.20406383928622734,0.11903269133776778,0.2135280027375383,0.7350640883983592,0.9366452991453,0.2135280027375383,0.7350640883983592,vol_target,floor
2014-05-27,0.2114823094825651,0.12146439690368832,0.2135280027375383,0.7092791844717687,0.9366452991453,0.2135280027375383,0.7092791844717687,vol_target,floor
2014-05-28,0.2088816854053963,0.12026131664308505,0.2135280027375383,0.7181098702305131,0.9366452991453,0.2135280027375383,0.7181098702305131,vol_target,floor
2014-05-29,0.208302773311024,0.11900166154303014,0.2135280027375383,0.7201056309319025,0.9366452991453,0.2135280027375383,0.7201056309319025,vol_target,floor
2014-05-30,0.2089618928599806,0.11847610156601397,0.2135280027375383,0.7178342325818742,0.9366452991453,0.2135280027375383,0.7178342325818742,vol_target,floor
2014-06-02,0.20850793452643646,0.11744521354828139,0.2135280027375383,0.7193970835722882,0.9366452991453,0.2135280027375383,0.7193970835722882,vol_target,floor
2014-06-03,0.20936842891571278,0.11782491290844171,0.2135280027375383,0.7164403954160002,0.9366452991453,0.2135280027375383,0.7164403954160002,vol_target,floor
2014-06-04,0.20673000331387337,0.11714945393597302,0.2135280027375383,0.7255840835655504,0.9366452991453,0.2135280027375383,0.7255840835655504,vol_target,floor
2014-06-05,0.21755001573611463,0.12176131779042224,0.2135280027375383,0.6894966175591919,0.9366452991453,0.2135280027375383,0.6894966175591919,vol_target,floor
2014-06-06,0.2593209543238779,0.13079037231824114,0.2135280027375383,0.5784337806063218,0.9366452991453,0.2135280027375383,0.5784337806063218,vol_target,floor
2014-06-09,0.2699565004376561,0.13336922395488454,0.2135280027375383,0.5556450752503405,0.9366452991453,0.2135280027375383,0.5556450752503405,vol_target,floor
2014-06-10,0.2683985972461478,0.12995563434421054,0.2135280027375383,0.558870283000903,0.9366452991453,0.2135280027375383,0.558870283000903,vol_target,floor
2014-06-11,0.28428539471098063,0.14249388626820875,0.2135280027375383,0.5276387840905363,0.9366452991453,0.2135280027375383,0.5276387840905363,vol_target,floor
2014-06-12,0.3473090185307187,0.19037843473720334,0.2135280027375383,0.4318920384923227,0.9366452991453,0.2135280027375383,0.4318920384923227,vol_target,floor
2014-06-13,0.3525682832745335,0.17814878710791082,0.2135280027375383,0.4254495004679699,0.9366452991453,0.2135280027375383,0.4254495004679699,vol_target,floor
2014-06-16,0.345725303961753,0.16669975449667726,0.2135280027375383,0.43387046965065146,0.9366452991453,0.2135280027375383,0.43387046965065146,vol_target,floor
2014-06-17,0.3501203302371348,0.1589347757966559,0.2135280027375383,0.4284241360631807,0.9366452991453,0.2135280027375383,0.4284241360631807,vol_target,floor
2014-06-18,0.3855834681938296,0.16073105768343335,0.2135280027375383,0.38902082784471514,0.9366452991453,0.2135280027375383,0.38902082784471514,vol_target,floor
2014-06-19,0.38773868523524774,0.1543041582160277,0.2135280027375383,0.3868584841076469,0.9366452991453,0.2135280027375383,0.3868584841076469,vol_target,floor
2014-06-20,0.3898052886852851,0.14900261722006347,0.2135280027375383,0.3848075035254451,0.9366452991453,0.2135280027375383,0.3848075035254451,vol_target,floor
2014-06-23,0.3921601905169202,0.14360936358609638,0.2135280027375383,0.3824967542021022,0.9366452991453,0.2135280027375383,0.3824967542021022,vol_target,floor
2014-06-24,0.4204765483428464,0.1672145070251292,0.2135280027375383,0.35673808822672703,0.9366452991453,0.2135280027375383,0.35673808822672703,vol_target,floor
2014-06-25,0.42077543721247807,0.16030159971839833,0.2135280027375383,0.35648468692400126,0.9366452991453,0.2135280027375383,0.35648468692400126,vol_target,floor
2014-06-26,0.42191717901039516,0.1529475663575585,0.2135280027375383,0.35552001070879435,0.9366452991453,0.2135280027375383,0.35552001070879435,vol_target,floor
2014-06-27,0.4218523928059003,0.14558419833863226,0.2135280027375383,0.35557460988260153,0.9366452991453,0.2135280027375383,0.35557460988260153,vol_target,floor
2014-06-30,0.4212379391786375,0.13989021636315763,0.2135280027375383,0.35609328137081303,0.9366452991453,0.2135280027375383,0.35609328137081303,vol_target,floor
2014-07-01,0.4257296341946936,0.13677364730042338,0.2135280027375383,0.35233629034008557,0.9366452991453,0.2135280027375383,0.35233629034008557,vol_target,floor
2014-07-02,0.42342000511950517,0.13254075529101614,0.2135280027375383,0.3542581790807553,0.9366452991453,0.2135280027375383,0.3542581790807553,vol_target,floor
2014-07-03,0.423393481113173,0.1289522373063439,0.2135280027375383,0.3542803720209028,0.9366452991453,0.2135280027375383,0.3542803720209028,vol_target,floor
2014-07-07,0.42395619033658205,0.1413830383453321,0.2135280027375383,0.35381014222463375,0.9366452991453,0.2135280027375383,0.35381014222463375,vol_target,floor
2014-07-08,0.39133398191186813,0.13906864827057958,0.2135280027375383,0.383304305103208,0.9366452991453,0.2135280027375383,0.383304305103208,vol_target,floor
2014-07-09,0.38950595426302936,0.13492232100696538,0.2135280027375383,0.3851032271992087,0.9366452991453,0.2135280027375383,0.3851032271992087,vol_target,floor
2014-07-10,0.4216275165605602,0.1746848368184858,0.2135280027375383,0.355764256620701,0.9366452991453,0.2135280027375383,0.355764256620701,vol_target,floor
2014-07-11,0.4130260017466511,0.16396853860987612,0.2135280027375383,0.3631732611643408,0.9366452991453,0.2135280027375383,0.3631732611643408,vol_target,floor
2014-07-14,0.3781551521061577,0.15844669441519493,0.2135280027375383,0.39666258456235765,0.9366452991453,0.2135280027375383,0.39666258456235765,vol_target,floor
2014-07-15,0.3844502042485094,0.16009946579252943,0.2135280027375383,0.3901675648559148,0.9366452991453,0.2135280027375383,0.3901675648559148,vol_target,floor
2014-07-16,0.3882491454352146,0.15290965360406739,0.2135280027375383,0.38634985231417546,0.9366452991453,0.2135280027375383,0.38634985231417546,vol_target,floor
2014-07-17,0.4781870872067171,0.2511757707940224,0.2135280027375383,0.3136847564751492,0.79625514581982,0.2511757707940224,0.3136847564751492,vol_target,model
2014-07-18,0.4704336136973498,0.23420120627533134,0.2135280027375383,0.3188547663953738,0.8539665665294492,0.23420120627533134,0.3188547663953738,vol_target,model
2014-07-21,0.4815214037112248,0.22982437127747313,0.2135280027375383,0.3115126323438721,0.8702297275450158,0.22982437127747313,0.3115126323438721,vol_target,model
2014-07-22,0.4894990009652393,0.21180825256871424,0.2135280027375383,0.30643576330945754,0.9366452991453,0.2135280027375383,0.30643576330945754,vol_target,floor
2014-07-23,0.4848881006428634,0.19591383848352228,0.2135280027375383,0.30934972378396247,0.9366452991453,0.2135280027375383,0.30934972378396247,vol_target,floor
2014-07-24,0.4699069815010086,0.18548716624007794,0.2135280027375383,0.3192121119819498,0.9366452991453,0.2135280027375383,0.3192121119819498,vol_target,floor
2014-07-25,0.46352844964275325,0.18338422981082433,0.2135280027375383,0.3236047326018645,0.9366452991453,0.2135280027375383,0.3236047326018645,vol_target,floor
2014-07-28,0.4647947283445197,0.17106444180568778,0.2135280027375383,0.32272310947729926,0.9366452991453,0.2135280027375383,0.32272310947729926,vol_target,floor
2014-07-29,0.46448618549756454,0.16209293690051602,0.2135280027375383,0.3229374837904334,0.9366452991453,0.2135280027375383,0.3229374837904334,vol_target,floor
2014-07-30,0.462153184755113,0.15517690313678986,0.2135280027375383,0.32456770817122554,0.9366452991453,0.2135280027375383,0.32456770817122554,vol_target,floor
2014-07-31,0.5734686980370479,0.31399873315830207,0.2135280027375383,0.2615661508874709,0.6369452449324701,0.31399873315830207,0.2615661508874709,vol_target,model
2014-08-01,0.5849752145680052,0.3137997935567504,0.2135280027375383,0.2564211205269143,0.6373490490006654,0.3137997935567504,0.2564211205269143,vol_target,model
2014-08-04,0.6270008610779881,0.28843501455392906,0.2135280027375383,0.23923412121334003,0.6933970908813006,0.28843501455392906,0.23923412121334003,vol_target,model
2014-08-05,0.6570181411124597,0.32022688672677696,0.2135280027375383,0.22830419833769092,0.6245571758334065,0.32022688672677696,0.22830419833769092,vol_target,model
2014-08-06,0.6572552674826536,0.28770717068825835,0.2135280027375383,0.22822183011862862,0.6951512523012768,0.28770717068825835,0.22822183011862862,vol_target,model
2014-08-07,0.6511385956797338,0.2690560287623507,0.2135280027375383,0.23036570247139573,0.7433395970348398,0.2690560287623507,0.23036570247139573,vol_target,model
2014-08-08,0.6582543456253861,0.2456708946773581,0.2135280027375383,0.2278754420641004,0.814097250969277,0.2456708946773581,0.2278754420641004,vol_target,model
2014-08-11,0.6948388063170603,0.23215471434931487,0.2135280027375383,0.21587740730121777,0.8614944588162323,0.23215471434931487,0.21587740730121777,vol_target,model
2014-08-12,0.6810733046763202,0.21213654614152977,0.2135280027375383,0.22024060988748845,0.9366452991453,0.2135280027375383,0.22024060988748845,vol_target,floor
2014-08-13,0.7120336176404353,0.20316236734532397,0.2135280027375383,0.2106642106268463,0.9366452991453,0.2135280027375383,0.2106642106268463,vol_target,floor
2014-08-14,0.719676870492497,0.1909315117175092,0.2135280027375383,0.2084268734346713,0.9366452991453,0.2135280027375383,0.2084268734346713,vol_target,floor
2014-08-15,0.6672369944686461,0.17771679896636083,0.2135280027375383,0.22480767889594075,0.9366452991453,0.2135280027375383,0.22480767889594075,vol_target,floor
2014-08-18,0.6566122782185998,0.17013022800095373,0.2135280027375383,0.228445316933385,0.9366452991453,0.2135280027375383,0.228445316933385,vol_target,floor
2014-08-19,0.648619386757752,0.16136327905101958,0.2135280027375383,0.2312604326395541,0.9366452991453,0.2135280027375383,0.2312604326395541,vol_target,floor
2014-08-20,0.6411211348594262,0.15262059031398031,0.2135280027375383,0.23396514612311034,0.9366452991453,0.2135280027375383,0.23396514612311034,vol_target,floor
2014-08-21,0.641398272765637,0.1452980473567919,0.2135280027375383,0.23386405353606102,0.9366452991453,0.2135280027375383,0.23386405353606102,vol_target,floor
2014-08-22,0.6404474243326487,0.1415213670822797,0.2135280027375383,0.2342112627844529,0.9366452991453,0.2135280027375383,0.2342112627844529,vol_target,floor
2014-08-25,0.6363703705895731,0.13632038503003815,0.2135280027375383,0.23571179132842193,0.9366452991453,0.2135280027375383,0.23571179132842193,vol_target,floor
2014-08-26,0.6365261824968512,0.13505279420336078,0.2135280027375383,0.235654092674722,0.9366452991453,0.2135280027375383,0.235654092674722,vol_target,floor
2014-08-27,0.6367189057480899,0.13319596880508958,0.2135280027375383,0.23558276445987247,0.9366452991453,0.2135280027375383,0.23558276445987247,vol_target,floor
2014-08-28,0.636165498135891,0.12993764098523625,0.2135280027375383,0.23578770058975845,0.9366452991453,0.2135280027375383,0.23578770058975845,vol_target,floor
2014-08-29,0.510765942907001,0.13169305238334136,0.2135280027375383,0.2936765892147818,0.9366452991453,0.2135280027375383,0.2936765892147818,vol_target,floor
2014-09-02,0.4739378046308403,0.1283877703309564,0.2135280027375383,0.3164972250247857,0.9366452991453,0.2135280027375383,0.3164972250247857,vol_target,floor
2014-09-03,0.4396842131944958,0.12594205789713864,0.2135280027375383,0.3411539361629229,0.9366452991453,0.2135280027375383,0.3411539361629229,vol_target,floor
2014-09-04,0.3550168377797298,0.12356365573085205,0.2135280027375383,0.4225151712186324,0.9366452991453,0.2135280027375383,0.4225151712186324,vol_target,floor
2014-09-05,0.35361366817318735,0.12288097986364577,0.2135280027375383,0.42419174794605324,0.9366452991453,0.2135280027375383,0.42419174794605324,vol_target,floor
2014-09-08,0.3373968615242068,0.1229946403861626,0.2135280027375383,0.44458030617821304,0.9366452991453,0.2135280027375383,0.44458030617821304,vol_target,floor
2014-09-09,0.3504092728014282,0.14058538242439397,0.2135280027375383,0.42807086353848517,0.9366452991453,0.2135280027375383,0.42807086353848517,vol_target,floor
2014-09-10,0.29779574940715814,0.13534759876817928,0.2135280027375383,0.5037009436790653,0.9366452991453,0.2135280027375383,0.5037009436790653,vol_target,floor
2014-09-11,0.2975700160033323,0.13104539060867174,0.2135280027375383,0.5040830457807961,0.9366452991453,0.2135280027375383,0.5040830457807961,vol_target,floor
2014-09-12,0.2536878946112904,0.14296852865613266,0.2135280027375383,0.5912777203257386,0.9366452991453,0.2135280027375383,0.5912777203257386,vol_target,floor
2014-09-15,0.2384983938540001,0.15613113758679772,0.2135280027375383,0.6289350530881329,0.9366452991453,0.2135280027375383,0.6289350530881329,vol_target,floor
2014-09-16,0.3077612403882855,0.1581087194406451,0.2135280027375383,0.48739080922195793,0.9366452991453,0.2135280027375383,0.48739080922195793,vol_target,floor
2014-09-17,0.28101381908460954,0.14998000696008054,0.2135280027375383,0.5337815787444851,0.9366452991453,0.2135280027375383,0.5337815787444851,vol_target,floor
2014-09-18,0.2841081197317841,0.143510242968174,0.2135280027375383,0.5279680149289975,0.9366452991453,0.2135280027375383,0.5279680149289975,vol_target,floor
2014-09-19,0.28553732620541,0.14004987875907907,0.2135280027375383,0.5253253646148277,0.9366452991453,0.2135280027375383,0.5253253646148277,vol_target,floor
2014-09-22,0.3344017467089276,0.19033065317277909,0.2135280027375383,0.44856225027605523,0.9366452991453,0.2135280027375383,0.44856225027605523,vol_target,floor
2014-09-23,0.35056417672977225,0.199137568781403,0.2135280027375383,0.42788171170046707,0.9366452991453,0.2135280027375383,0.42788171170046707,vol_target,floor
2014-09-24,0.3876514628241176,0.18992036093496692,0.2135280027375383,0.3869455280968639,0.9366452991453,0.2135280027375383,0.3869455280968639,vol_target,floor
2014-09-25,0.45601228511251374,0.26036174690457875,0.2135280027375383,0.3289385064768373,0.7681619991330715,0.26036174690457875,0.3289385064768373,vol_target,model
2014-09-26,0.4671426283318621,0.237211303855579,0.2135280027375383,0.3211010747095397,0.8431301407194562,0.237211303855579,0.3211010747095397,vol_target,model
2014-09-29,0.4990376547656099,0.26318495497777067,0.2135280027375383,0.3005785206137453,0.7599218580594493,0.26318495497777067,0.3005785206137453,vol_target,model
2014-09-30,0.49856165230034105,0.2390646710332519,0.2135280027375383,0.3008654983950465,0.8365937097087075,0.2390646710332519,0.3008654983950465,vol_target,model
2014-10-01,0.506472664825137,0.23615267196876846,0.2135280027375383,0.296166033070686,0.8469097483955224,0.23615267196876846,0.296166033070686,vol_target,model
2014-10-02,0.5085919155273624,0.21603107202381056,0.2135280027375383,0.29493193938103396,0.9257927488225229,0.21603107202381056,0.29493193938103396,vol_target,model
2014-10-03,0.5750620084335293,0.2123382293569992,0.2135280027375383,0.2608414358802809,0.9366452991453,0.2135280027375383,0.2608414358802809,vol_target,floor
2014-10-06,0.5755408822368325,0.21361571442996857,0.2135280027375383,0.2606244050240651,0.9362607078495983,0.21361571442996857,0.2606244050240651,vol_target,model
2014-10-07,0.619955498235271,0.2776303897622614,0.2135280027375383,0.24195285053037066,0.7203822325476065,0.2776303897622614,0.24195285053037066,vol_target,model
2014-10-08,0.7133612231425029,0.2730940138623592,0.2135280027375383,0.21027215263989138,0.7323485314504222,0.2730940138623592,0.21027215263989138,vol_target,model
2014-10-09,0.7855266604716693,0.36934725860993495,0.2135280027375383,0.19095469008007002,0.5414958290274428,0.36934725860993495,0.19095469008007002,vol_target,model
2014-10-10,0.8664433708251978,0.4671904756996367,0.2135280027375383,0.1731215276736903,0.4280909188067071,0.4671904756996367,0.0,signal_off,model
2014-10-13,0.9515902207315945,0.5626456472622355,0.2135280027375383,0.1576308759086218,0.35546351593258635,0.5626456472622355,0.0,signal_off,model
2014-10-14,0.9888234149750079,0.4985323843257436,0.2135280027375383,0.1516954369489634,0.40117754891790336,0.4985323843257436,0.0,signal_off,model
2014-10-15,1.0256206748600758,0.5808283420759234,0.2135280027375383,0.1462529019517516,0.3443358140637305,0.5808283420759234,0.0,signal_off,model
2014-10-16,1.0516534084614926,0.5121712162637656,0.2135280027375383,0.14263254299669054,0.3904944160255211,0.5121712162637656,0.0,signal_off,model
2014-10-17,1.0764125304201135,0.4546840240088774,0.2135280027375383,0.13935177802274043,0.4398659056384509,0.4546840240088774,0.0,signal_off,model
2014-10-20,1.1358207966557834,0.4149002143312521,0.2135280027375383,0.13206308639676925,0.4820436169751458,0.4149002143312521,0.13206308639676925,vol_target,model
2014-10-21,1.1689824403586533,0.37836417446182286,0.2135280027375383,0.12831672642916583,0.5285912713181045,0.37836417446182286,0.0,signal_off,model
2014-10-22,1.1843240451151942,0.39142878643564516,0.2135280027375383,0.12665452552338421,0.5109486244514672,0.39142878643564516,0.12665452552338421,vol_target,model
2014-10-23,1.1833012792097635,0.35108908968961067,0.2135280027375383,0.12676399716239092,0.5696559815538988,0.35108908968961067,0.0,signal_off,model
2014-10-24,1.1662063581581366,0.3138318641643459,0.2135280027375383,0.12862217647047,0.6372839180385617,0.3138318641643459,0.12862217647047,vol_target,model
2014-10-27,1.1612540159330256,0.2814791763188236,0.2135280027375383,0.12917070506703945,0.7105321346168273,0.2814791763188236,0.0,signal_off,model
2014-10-28,1.1777842938139804,0.2655522791361286,0.2135280027375383,0.1273577859611796,0.7531473676317992,0.2655522791361286,0.0,signal_off,model
2014-10-29,1.1835634515807092,0.2608073442413134,0.2135280027375383,0.12673591753755775,0.7668495708270735,0.2608073442413134,0.0,signal_off,model
2014-10-30,1.1791648381834923,0.23635836022749754,0.2135280027375383,0.1272086778224116,0.8461727345184566,0.23635836022749754,0.0,signal_off,model
2014-10-31,1.1794585467242127,0.21632997334018647,0.2135280027375383,0.12717700034189824,0.9245135887179766,0.21632997334018647,0.0,signal_off,model
2014-11-03,1.1504775112865218,0.20170183206526385,0.2135280027375383,0.1303806450177913,0.9366452991453,0.2135280027375383,0.0,signal_off,floor
2014-11-04,1.1468998439813696,0.18624709507956835,0.2135280027375383,0.13078735757717708,0.9366452991453,0.2135280027375383,0.0,signal_off,floor
2014-11-05,1.1231497360501626,0.17533524915521118,0.2135280027375383,0.1335529851322519,0.9366452991453,0.2135280027375383,0.0,signal_off,floor
2014-11-06,1.0751497970526138,0.16616651230685858,0.2135280027375383,0.139515442788722,0.9366452991453,0.2135280027375383,0.0,signal_off,floor
2014-11-07,1.0154201281243218,0.15654581867670475,0.2135280027375383,0.1477221061956681,0.9366452991453,0.2135280027375383,0.0,signal_off,floor
2014-11-10,0.9277058863218153,0.15409235634380927,0.2135280027375383,0.16168917564458132,0.9366452991453,0.2135280027375383,0.16168917564458132,vol_target,floor
2014-11-11,0.782649163301751,0.14643999733064378,0.2135280027375383,0.191656756351974,0.9366452991453,0.2135280027375383,0.191656756351974,vol_target,floor
2014-11-12,0.7776899478925403,0.15444875539529804,0.2135280027375383,0.19287892354335368,0.9366452991453,0.2135280027375383,0.19287892354335368,vol_target,floor
2014-11-13,0.6133935380339356,0.1601672647065265,0.2135280027375383,0.24454121326544093,0.9366452991453,0.2135280027375383,0.24454121326544093,vol_target,floor
2014-11-14,0.6012144213378697,0.15222433107319608,0.2135280027375383,0.2494950132204217,0.9366452991453,0.2135280027375383,0.2494950132204217,vol_target,floor
2014-11-17,0.5890461100499705,0.14560729229862776,0.2135280027375383,0.25464899511393946,0.9366452991453,0.2135280027375383,0.25464899511393946,vol_target,floor
2014-11-18,0.527392567942624,0.1394517037741037,0.2135280027375383,0.2844181149255762,0.9366452991453,0.2135280027375383,0.2844181149255762,vol_target,floor
2014-11-19,0.474449715376036,0.14013833270655718,0.2135280027375383,0.316155738192643,0.9366452991453,0.2135280027375383,0.316155738192643,vol_target,floor
2014-11-20,0.3953371276042927,0.13642228812744572,0.2135280027375383,0.37942300261295075,0.9366452991453,0.2135280027375383,0.37942300261295075,vol_target,floor
2014-11-21,0.37518287354437874,0.13224238007645311,0.2135280027375383,0.39980502996562595,0.9366452991453,0.2135280027375383,0.39980502996562595,vol_target,floor
2014-11-24,0.377361938427752,0.13043200705874916,0.2135280027375383,0.3974963681418504,0.9366452991453,0.2135280027375383,0.3974963681418504,vol_target,floor
2014-11-25,0.376720936510598,0.12708650804204283,0.2135280027375383,0.39817272007599225,0.9366452991453,0.2135280027375383,0.39817272007599225,vol_target,floor
2014-11-26,0.3041937201958159,0.12497475682683522,0.2135280027375383,0.49310682647702864,0.9366452991453,0.2135280027375383,0.49310682647702864,vol_target,floor
2014-11-28,0.3074291920832482,0.15737300812008578,0.2135280027375383,0.4879172305777057,0.9366452991453,0.2135280027375383,0.4879172305777057,vol_target,floor
2014-12-01,0.35932743920818816,0.19708823860103084,0.2135280027375383,0.4174465505070782,0.9366452991453,0.2135280027375383,0.4174465505070782,vol_target,floor
2014-12-02,0.43989491723075225,0.20026269301382205,0.2135280027375383,0.34099052779306305,0.9366452991453,0.2135280027375383,0.34099052779306305,vol_target,floor
2014-12-03,0.4370744645461853,0.1856703345232075,0.2135280027375383,0.3431909483793456,0.9366452991453,0.2135280027375383,0.3431909483793456,vol_target,floor
2014-12-04,0.4383303372787174,0.17337956093878776,0.2135280027375383,0.3422076622194205,0.9366452991453,0.2135280027375383,0.3422076622194205,vol_target,floor
2014-12-05,0.4324425617409032,0.16289481042428625,0.2135280027375383,0.3468668749813579,0.9366452991453,0.2135280027375383,0.3468668749813579,vol_target,floor
2014-12-08,0.4849737310282851,0.22567222069916307,0.2135280027375383,0.3092951028130048,0.886241112797902,0.22567222069916307,0.3092951028130048,vol_target,model
2014-12-09,0.4854097562472676,0.20726836699672488,0.2135280027375383,0.30901727472405816,0.9366452991453,0.2135280027375383,0.30901727472405816,vol_target,floor
2014-12-10,0.6128850467183923,0.3680313617764639,0.2135280027375383,0.2447441013664049,0.5434319483932368,0.3680313617764639,0.2447441013664049,vol_target,model
2014-12-11,0.667186873340951,0.4068604655057685,0.2135280027375383,0.22482456713944646,0.4915690192493387,0.4068604655057685,0.22482456713944646,vol_target,model
2014-12-12,0.6656787989931748,0.3612587092661741,0.2135280027375383,0.22533390011349594,0.5536198709403037,0.3612587092661741,0.22533390011349594,vol_target,model
2014-12-15,0.6702971238590406,0.3224158053376894,0.2135280027375383,0.22378135704419952,0.6203169841209415,0.3224158053376894,0.22378135704419952,vol_target,model
2014-12-16,0.7070456181027496,0.3645980585717732,0.2135280027375383,0.21215038486838006,0.5485492730911755,0.3645980585717732,0.0,signal_off,model
2014-12-17,0.8448136833336523,0.35689167862571164,0.2135280027375383,0.1775539423179048,0.5603941251030092,0.35689167862571164,0.1775539423179048,vol_target,model
2014-12-18,0.8511907224019427,0.31929003172371456,0.2135280027375383,0.17622372525010693,0.6263897401377766,0.31929003172371456,0.0,signal_off,model
2014-12-19,0.8622350978216913,0.2887720553124391,0.2135280027375383,0.17396647431652074,0.6925877913761721,0.2887720553124391,0.0,signal_off,model
2014-12-22,0.8585753869679476,0.2601756945140052,0.2135280027375383,0.17470801315388723,0.7687113139972191,0.2601756945140052,0.17470801315388723,vol_target,model
2014-12-23,0.8638982816006934,0.23745646208925483,0.2135280027375383,0.1736315526893619,0.8422596641098117,0.23745646208925483,0.1736315526893619,vol_target,model
2014-12-24,0.8598857773014477,0.22287596031870835,0.2135280027375383,0.17444177350012724,0.8973601267449565,0.22287596031870835,0.17444177350012724,vol_target,model
2014-12-26,0.8649163657442182,0.205482997802477,0.2135280027375383,0.17342717277748854,0.9366452991453,0.2135280027375383,0.17342717277748854,vol_target,floor
2014-12-29,0.8631350131598149,0.19475294119122086,0.2135280027375383,0.17378509469899878,0.9366452991453,0.2135280027375383,0.17378509469899878,vol_target,floor
2014-12-30,0.857250182382476,0.19005527513925477,0.2135280027375383,0.17497809050692634,0.9366452991453,0.2135280027375383,0.17497809050692634,vol_target,floor
2014-12-31,0.8915890162309307,0.2910304238620189,0.2135280027375383,0.1682389500872322,0.6872133756532014,0.2910304238620189,0.1682389500872322,vol_target,model
2015-01-02,0.8404549849249731,0.262069631614351,0.2135280027375383,0.1784747579471974,0.7631559550337765,0.262069631614351,0.1784747579471974,vol_target,model
2015-01-05,0.86061968624148,0.2958610141038773,0.2135280027375383,0.17429301513550519,0.6759930861650454,0.2958610141038773,0.17429301513550519,vol_target,model
2015-01-06,0.8566941148592607,0.2819399893441571,0.2135280027375383,0.17509166620648756,0.7093708149214158,0.2819399893441571,0.0,signal_off,model
2015-01-07,0.880073613431408,0.25983615838878965,0.2135280027375383,0.17044028784722887,0.769715813380917,0.25983615838878965,0.17044028784722887,vol_target,model
2015-01-08,0.8903431717928788,0.24274864207355237,0.2135280027375383,0.16847436443854102,0.8238975027485443,0.24274864207355237,0.16847436443854102,vol_target,model
2015-01-09,0.9035985802878401,0.2639303771820909,0.2135280027375383,0.16600291686184113,0.7577756002751286,0.2639303771820909,0.16600291686184113,vol_target,model
2015-01-12,0.8257549483755697,0.2664581901525693,0.2135280027375383,0.1816519541240182,0.7505867989476455,0.2664581901525693,0.1816519541240182,vol_target,model
2015-01-13,0.7793844532299958,0.24943456175660442,0.2135280027375383,0.19245957419134596,0.8018135040771049,0.24943456175660442,0.0,signal_off,model
2015-01-14,0.7797782682853337,0.2291504155202932,0.2135280027375383,0.19236237543505447,0.8727891657795764,0.2291504155202932,0.0,signal_off,model
2015-01-15,0.7887896255178268,0.2444434791700788,0.2135280027375383,0.19016477289686406,0.8181850490715855,0.2444434791700788,0.0,signal_off,model
2015-01-16,0.7536195259229518,0.22476328145276947,0.2135280027375383,0.19903942883684733,0.8898250582002956,0.22476328145276947,0.0,signal_off,model
2015-01-20,0.6081803690817066,0.2057789825838687,0.2135280027375383,0.2466373589573196,0.9366452991453,0.2135280027375383,0.2466373589573196,vol_target,floor
2015-01-21,0.6444180725593174,0.20060580291117838,0.2135280027375383,0.23276814600228768,0.9366452991453,0.2135280027375383,0.23276814600228768,vol_target,floor
2015-01-22,0.6595907282829491,0.19315229807811107,0.2135280027375383,0.22741374850808013,0.9366452991453,0.2135280027375383,0.22741374850808013,vol_target,floor
2015-01-23,0.6629999868052721,0.1952408267373207,0.2135280027375383,0.22624434839401603,0.9366452991453,0.2135280027375383,0.22624434839401603,vol_target,floor
2015-01-26,0.6924655141391337,0.19144056987405408,0.2135280027375383,0.21661728553584148,0.9366452991453,0.2135280027375383,0.21661728553584148,vol_target,floor
2015-01-27,0.6994897148901633,0.20278231256109253,0.2135280027375383,0.21444203796985578,0.9366452991453,0.2135280027375383,0.21444203796985578,vol_target,floor
2015-01-28,0.8261374202576357,0.4165420846534914,0.2135280027375383,0.18156785580929335,0.4801435614035827,0.4165420846534914,0.0,signal_off,model
2015-01-29,0.8701764695711054,0.37715558447589315,0.2135280027375383,0.17237882802546056,0.5302851349209798,0.37715558447589315,0.17237882802546056,vol_target,model
2015-01-30,0.9158104992364573,0.4286858523617018,0.2135280027375383,0.1637893430191728,0.46654210512935446,0.4286858523617018,0.0,signal_off,model
2015-02-02,0.8926552859840768,0.38229907695654686,0.2135280027375383,0.16803798997799885,0.523150622261985,0.38229907695654686,0.0,signal_off,model
2015-02-03,0.9075986506775299,0.34307339609253745,0.2135280027375383,0.16527129022065398,0.5829656344033562,0.34307339609253745,0.0,signal_off,model
2015-02-04,0.8938946014332252,0.3322218177618356,0.2135280027375383,0.16780501835395092,0.6020074218706994,0.3322218177618356,0.0,signal_off,model
2015-02-05,0.9030618159173407,0.30124638355978633,0.2135280027375383,0.16610158613298057,0.6639083850123876,0.30124638355978633,0.0,signal_off,model
2015-02-06,0.8887562812321521,0.2816632755888485,0.2135280027375383,0.1687751784910519,0.7100677203369082,0.2816632755888485,0.1687751784910519,vol_target,model
2015-02-09,0.864550761765102,0.2618061219058674,0.2135280027375383,0.17350051221255522,0.7639240768858345,0.2618061219058674,0.17350051221255522,vol_target,model
2015-02-10,0.8647890101137382,0.24136300356500712,0.2135280027375383,0.1734527130268131,0.8286274078708725,0.24136300356500712,0.1734527130268131,vol_target,model
2015-02-11,0.8534025715535427,0.2198157305774762,0.2135280027375383,0.17576698852329267,0.9098529912967629,0.2198157305774762,0.17576698852329267,vol_target,model
2015-02-12,0.8673828725890408,0.2083192458820202,0.2135280027375383,0.1729340118882758,0.9366452991453,0.2135280027375383,0.0,signal_off,floor
2015-02-13,0.8661068751683133,0.19185792360580828,0.2135280027375383,0.1731887880128535,0.9366452991453,0.2135280027375383,0.1731887880128535,vol_target,floor
2015-02-17,0.8483746249603352,0.1789058099036532,0.2135280027375383,0.17680868284693577,0.9366452991453,0.2135280027375383,0.17680868284693577,vol_target,floor
2015-02-18,0.8448290754385398,0.16815418717722444,0.2135280027375383,0.17755070742817053,0.9366452991453,0.2135280027375383,0.17755070742817053,vol_target,floor
2015-02-19,0.8451260594414852,0.15851569620833159,0.2135280027375383,0.17748831470080315,0.9366452991453,0.2135280027375383,0.17748831470080315,vol_target,floor
2015-02-20,0.8296115641156525,0.15500682969076054,0.2135280027375383,0.18080750858372696,0.9366452991453,0.2135280027375383,0.18080750858372696,vol_target,floor
2015-02-23,0.8117110438838283,0.14888173890116757,0.2135280027375383,0.18479482462415273,0.9366452991453,0.2135280027375383,0.18479482462415273,vol_target,floor
2015-02-24,0.8201592666658297,0.1504323634851426,0.2135280027375383,0.18289130672118203,0.9366452991453,0.2135280027375383,0.18289130672118203,vol_target,floor
2015-02-25,0.7993518353865293,0.1536071657756554,0.2135280027375383,0.1876520367623438,0.9366452991453,0.2135280027375383,0.1876520367623438,vol_target,floor
2015-02-26,0.7899682375590072,0.14717480989228818,0.2135280027375383,0.18988105200722788,0.9366452991453,0.2135280027375383,0.18988105200722788,vol_target,floor
2015-02-27,0.5992549746185847,0.140932743035835,0.2135280027375383,0.2503108131817719,0.9366452991453,0.2135280027375383,0.2503108131817719,vol_target,floor
2015-03-02,0.5689421314148815,0.13811457725000054,0.2135280027375383,0.26364720015895193,0.9366452991453,0.2135280027375383,0.26364720015895193,vol_target,floor
2015-03-03,0.4553855763545316,0.15062561911575995,0.2135280027375383,0.32939119679807427,0.9366452991453,0.2135280027375383,0.32939119679807427,vol_target,floor
2015-03-04,0.4441640060594374,0.14360721561769263,0.2135280027375383,0.3377130923569867,0.9366452991453,0.2135280027375383,0.3377130923569867,vol_target,floor
2015-03-05,0.43053161703128,0.13884087416124669,0.2135280027375383,0.3484064678787617,0.9366452991453,0.2135280027375383,0.3484064678787617,vol_target,floor
2015-03-06,0.4375418319924885,0.1844088806150967,0.2135280027375383,0.342824363368701,0.9366452991453,0.2135280027375383,0.342824363368701,vol_target,floor
2015-03-09,0.4187370453052759,0.17225111325038114,0.2135280027375383,0.3582200373283048,0.9366452991453,0.2135280027375383,0.3582200373283048,vol_target,floor
2015-03-10,0.4544470004726426,0.21425393262707149,0.2135280027375383,0.33007149314220174,0.933471780646931,0.21425393262707149,0.33007149314220174,vol_target,model
2015-03-11,0.44804963388700136,0.19983778371382552,0.2135280027375383,0.3347843378392988,0.9366452991453,0.2135280027375383,0.3347843378392988,vol_target,floor
2015-03-12,0.47294756483149764,0.19612881016868486,0.2135280027375383,0.3171598949947912,0.9366452991453,0.2135280027375383,0.3171598949947912,vol_target,floor
2015-03-13,0.4886149904134072,0.19728889963807528,0.2135280027375383,0.30699017210480595,0.9366452991453,0.2135280027375383,0.30699017210480595,vol_target,floor
2015-03-16,0.4658618979331108,0.18368854995582423,0.2135280027375383,0.3219838339763456,0.9366452991453,0.2135280027375383,0.3219838339763456,vol_target,floor
2015-03-17,0.46588459918103897,0.1711576887492836,0.2135280027375383,0.32196814460851325,0.9366452991453,0.2135280027375383,0.32196814460851325,vol_target,floor
2015-03-18,0.48761450661043904,0.16804328893334744,0.2135280027375383,0.3076200522472084,0.9366452991453,0.2135280027375383,0.3076200522472084,vol_target,floor
2015-03-19,0.4863227842050426,0.15824821612104312,0.2135280027375383,0.3084371221578573,0.9366452991453,0.2135280027375383,0.3084371221578573,vol_target,floor
2015-03-20,0.4876799518246668,0.15086943626557517,0.2135280027375383,0.30757877054156363,0.9366452991453,0.2135280027375383,0.30757877054156363,vol_target,floor
2015-03-23,0.47359942599753013,0.14380056101765903,0.2135280027375383,0.3167233568411932,0.9366452991453,0.2135280027375383,0.3167233568411932,vol_target,floor
2015-03-24,0.47184546219101603,0.1381843390637832,0.2135280027375383,0.31790069423042555,0.9366452991453,0.2135280027375383,0.31790069423042555,vol_target,floor
2015-03-25,0.47104433861369105,0.17103741556371937,0.2135280027375383,0.3184413604066617,0.9366452991453,0.2135280027375383,0.3184413604066617,vol_target,floor
2015-03-26,0.46496492839419745,0.16063401689146337,0.2135280027375383,0.3226049769345828,0.9366452991453,0.2135280027375383,0.3226049769345828,vol_target,floor
2015-03-27,0.46203610051430816,0.1521460598196774,0.2135280027375383,0.3246499566441451,0.9366452991453,0.2135280027375383,0.3246499566441451,vol_target,floor
2015-03-30,0.46735776682963587,0.1465805649756206,0.2135280027375383,0.32095326246001793,0.9366452991453,0.2135280027375383,0.32095326246001793,vol_target,floor
2015-03-31,0.47195265171405165,0.16141524572761987,0.2135280027375383,0.31782849286941295,0.9366452991453,0.2135280027375383,0.31782849286941295,vol_target,floor
2015-04-01,0.46321059809422394,0.1527986319973007,0.2135280027375383,0.3238267876796026,0.9366452991453,0.2135280027375383,0.3238267876796026,vol_target,floor
2015-04-02,0.4657617788281433,0.146140728301235,0.2135280027375383,0.3220530468974934,0.9366452991453,0.2135280027375383,0.3220530468974934,vol_target,floor
2015-04-03,0.47839898339601256,0.16581400389539838,0.2135280027375383,0.3135458167891463,0.9366452991453,0.2135280027375383,,signal_off,floor
2015-04-06,0.4735590525281423,0.1644615676108552,0.2135280027375383,0.31675035921963696,0.9366452991453,0.2135280027375383,0.31675035921963696,vol_target,floor
2015-04-07,0.472364668010413,0.15504739351568067,0.2135280027375383,0.3175512695134373,0.9366452991453,0.2135280027375383,0.3175512695134373,vol_target,floor
2015-04-08,0.4265497089934036,0.14867874566970604,0.2135280027375383,0.3516588965773264,0.9366452991453,0.2135280027375383,0.3516588965773264,vol_target,floor
2015-04-09,0.43053753731849465,0.14621060620778942,0.2135280027375383,0.348401676969309,0.9366452991453,0.2135280027375383,0.348401676969309,vol_target,floor
2015-04-10,0.40857037210802966,0.14727402203999057,0.2135280027375383,0.36713381644897797,0.9366452991453,0.2135280027375383,0.36713381644897797,vol_target,floor
2015-04-13,0.4321599539285859,0.1843244565481305,0.2135280027375383,0.34709370601420275,0.9366452991453,0.2135280027375383,0.34709370601420275,vol_target,floor
2015-04-14,0.4354444062448212,0.17391612752403465,0.2135280027375383,0.3444756617579904,0.9366452991453,0.2135280027375383,0.3444756617579904,vol_target,floor
2015-04-15,0.43651010795962797,0.1638448180793672,0.2135280027375383,0.34363465419195566,0.9366452991453,0.2135280027375383,0.34363465419195566,vol_target,floor
2015-04-16,0.41361488794407303,0.1548830032817486,0.2135280027375383,0.36265619147703954,0.9366452991453,0.2135280027375383,0.36265619147703954,vol_target,floor
2015-04-17,0.44000916848455424,0.1758954351279497,0.2135280027375383,0.340901987375896,0.9366452991453,0.2135280027375383,0.340901987375896,vol_target,floor
2015-04-20,0.44539775212996807,0.16711613727058508,0.2135280027375383,0.33677763141523365,0.9366452991453,0.2135280027375383,0.33677763141523365,vol_target,floor
2015-04-21,0.445574429122362,0.1572509462195688,0.2135280027375383,0.33664409399671263,0.9366452991453,0.2135280027375383,0.33664409399671263,vol_target,floor
2015-04-22,0.44588579758614977,0.14943738155569936,0.2135280027375383,0.3364090105853135,0.9366452991453,0.2135280027375383,0.0,signal_off,floor
2015-04-23,0.4113002560203908,0.1429429656519995,0.2135280027375383,0.364697074228331,0.9366452991453,0.2135280027375383,0.0,signal_off,floor
2015-04-24,0.41167718343660964,0.13727026392591762,0.2135280027375383,0.36436316131932805,0.9366452991453,0.2135280027375383,0.36436316131932805,vol_target,floor
2015-04-27,0.432760623050249,0.1544690413816782,0.2135280027375383,0.34661194205412516,0.9366452991453,0.2135280027375383,0.34661194205412516,vol_target,floor
2015-04-28,0.44193096003362003,0.15141911794766136,0.2135280027375383,0.3394195328351485,0.9366452991453,0.2135280027375383,0.0,signal_off,floor
2015-04-29,0.4515068558671887,0.17602824604505027,0.2135280027375383,0.3322208689653268,0.9366452991453,0.2135280027375383,0.3322208689653268,vol_target,floor
2015-04-30,0.4618085881198099,0.17493762738831267,0.2135280027375383,0.32480989712795155,0.9366452991453,0.2135280027375383,0.32480989712795155,vol_target,floor
2015-05-01,0.48856666652499536,0.17260802445561405,0.2135280027375383,0.30702053635156445,0.9366452991453,0.2135280027375383,0.0,signal_off,floor
2015-05-04,0.4667226091548365,0.16197724795620302,0.2135280027375383,0.3213900442312558,0.9366452991453,0.2135280027375383,0.3213900442312558,vol_target,floor
2015-05-05,0.47422327866605796,0.19018715712793333,0.2135280027375383,0.3163066992871687,0.9366452991453,0.2135280027375383,0.3163066992871687,vol_target,floor
2015-05-06,0.48045231461959936,0.18369341471780815,0.2135280027375383,0.31220580156589167,0.9366452991453,0.2135280027375383,0.31220580156589167,vol_target,floor
2015-05-07,0.47716731175131877,0.17147455225351416,0.2135280027375383,0.3143551461005657,0.9366452991453,0.2135280027375383,0.3143551461005657,vol_target,floor
2015-05-08,0.48348430429300154,0.16649309717835917,0.2135280027375383,0.31024792049732575,0.9366452991453,0.2135280027375383,0.0,signal_off,floor
2015-05-11,0.4721366586287889,0.17717406499907054,0.2135280027375383,0.31770462483392015,0.9366452991453,0.2135280027375383,0.31770462483392015,vol_target,floor
2015-05-12,0.4449427630809063,0.16626741913546253,0.2135280027375383,0.3371220130907595,0.9366452991453,0.2135280027375383,0.3371220130907595,vol_target,floor
2015-05-13,0.4370931406576364,0.15698067920022893,0.2135280027375383,0.3431762845198504,0.9366452991453,0.2135280027375383,0.3431762845198504,vol_target,floor
2015-05-14,0.4386170348341757,0.1502171736741025,0.2135280027375383,0.34198398166799254,0.9366452991453,0.2135280027375383,0.0,signal_off,floor
2015-05-15,0.4373931115670175,0.14328264568802374,0.2135280027375383,0.3429409289565754,0.9366452991453,0.2135280027375383,0.3429409289565754,vol_target,floor
2015-05-18,0.42776243040736117,0.14159259035051652,0.2135280027375383,0.350661931336873,0.9366452991453,0.2135280027375383,0.350661931336873,vol_target,floor
2015-05-19,0.4188995668805901,0.13621294068351802,0.2135280027375383,0.35808105775091054,0.9366452991453,0.2135280027375383,0.35808105775091054,vol_target,floor
2015-05-20,0.4192318461435377,0.13191979011432164,0.2135280027375383,0.35779724603422086,0.9366452991453,0.2135280027375383,0.35779724603422086,vol_target,floor
2015-05-21,0.43259285853157664,0.13294262571435447,0.2135280027375383,0.3467463621779852,0.9366452991453,0.2135280027375383,0.3467463621779852,vol_target,floor
2015-05-22,0.4344834034257428,0.1316690385804577,0.2135280027375383,0.34523758287958717,0.9366452991453,0.2135280027375383,0.34523758287958717,vol_target,floor
2015-05-26,0.45261533349802385,0.15402409379712964,0.2135280027375383,0.3314072434107116,0.9366452991453,0.2135280027375383,0.3314072434107116,vol_target,floor
2015-05-27,0.4426380442418868,0.14822457774516098,0.2135280027375383,0.338877333187452,0.9366452991453,0.2135280027375383,0.338877333187452,vol_target,floor
2015-05-28,0.42694659210835434,0.1416234573151564,0.2135280027375383,0.35133199976902885,0.9366452991453,0.2135280027375383,0.35133199976902885,vol_target,floor
2015-05-29,0.4030646909101039,0.139348060939023,0.2135280027375383,0.3721486981687878,0.9366452991453,0.2135280027375383,0.3721486981687878,vol_target,floor
2015-06-01,0.3921607811128433,0.13430937625446254,0.2135280027375383,0.38249617816024767,0.9366452991453,0.2135280027375383,0.38249617816024767,vol_target,floor
2015-06-02,0.36208696798290235,0.14063697612429538,0.2135280027375383,0.414265116570235,0.9366452991453,0.2135280027375383,0.414265116570235,vol_target,floor
2015-06-03,0.37163702983900015,0.13784513311623459,0.2135280027375383,0.40361962871402424,0.9366452991453,0.2135280027375383,0.40361962871402424,vol_target,floor
2015-06-04,0.35886626380190095,0.1602944277096642,0.2135280027375383,0.41798300684736983,0.9366452991453,0.2135280027375383,0.41798300684736983,vol_target,floor
2015-06-05,0.35026925023452443,0.15179278281097064,0.2135280027375383,0.42824198784097317,0.9366452991453,0.2135280027375383,0.42824198784097317,vol_target,floor
2015-06-08,0.36448432257586194,0.15967283563162804,0.2135280027375383,0.411540334409801,0.9366452991453,0.2135280027375383,0.411540334409801,vol_target,floor
2015-06-09,0.3406004237433341,0.15185758207490097,0.2135280027375383,0.44039874745732943,0.9366452991453,0.2135280027375383,0.44039874745732943,vol_target,floor
2015-06-10,0.3479176196861826,0.15137099296057102,0.2135280027375383,0.43113654357401654,0.9366452991453,0.2135280027375383,0.43113654357401654,vol_target,floor
2015-06-11,0.3496684680813957,0.14538238816559831,0.2135280027375383,0.42897777092409445,0.9366452991453,0.2135280027375383,0.42897777092409445,vol_target,floor
2015-06-12,0.36206625853660324,0.15188748756156537,0.2135280027375383,0.41428881168399645,0.9366452991453,0.2135280027375383,0.41428881168399645,vol_target,floor
2015-06-15,0.39894631450849033,0.19171258376726802,0.2135280027375383,0.3759904391767673,0.9366452991453,0.2135280027375383,0.3759904391767673,vol_target,floor
2015-06-16,0.4059768239136382,0.1792832378025131,0.2135280027375383,0.36947921941452716,0.9366452991453,0.2135280027375383,0.36947921941452716,vol_target,floor
2015-06-17,0.3888974782686194,0.16743335431175807,0.2135280027375383,0.3857057666401013,0.9366452991453,0.2135280027375383,0.3857057666401013,vol_target,floor
2015-06-18,0.41224272569523773,0.16266987405793548,0.2135280027375383,0.3638633034628531,0.9366452991453,0.2135280027375383,0.3638633034628531,vol_target,floor
2015-06-19,0.4274334572068231,0.17423073183702648,0.2135280027375383,0.35093181750491564,0.9366452991453,0.2135280027375383,0.35093181750491564,vol_target,floor
2015-06-22,0.4532265542986798,0.17322563273055266,0.2135280027375383,0.3309603079901378,0.9366452991453,0.2135280027375383,0.3309603079901378,vol_target,floor
2015-06-23,0.4605053681730424,0.16469418695607146,0.2135280027375383,0.32572910191056675,0.9366452991453,0.2135280027375383,0.32572910191056675,vol_target,floor
2015-06-24,0.461741948010507,0.17960854609313684,0.2135280027375383,0.32485677475546737,0.9366452991453,0.2135280027375383,0.32485677475546737,vol_target,floor
2015-06-25,0.45593382475322,0.16822389919382794,0.2135280027375383,0.32899511257185055,0.9366452991453,0.2135280027375383,0.32899511257185055,vol_target,floor
2015-06-26,0.45619981936276666,0.15825838468860695,0.2135280027375383,0.32880328670345466,0.9366452991453,0.2135280027375383,0.32880328670345466,vol_target,floor
2015-06-29,0.7591295311422062,0.48917240586768806,0.2135280027375383,0.19759473692757817,0.4088538061447731,0.48917240586768806,0.19759473692757817,vol_target,model
2015-06-30,0.7590731143064151,0.4306483834973084,0.2135280027375383,0.19760942282491312,0.4644160007656224,0.4306483834973084,0.19760942282491312,vol_target,model
2015-07-01,0.8062302542096931,0.391670284823365,0.2135280027375383,0.18605106818651632,0.5106335807175052,0.391670284823365,0.18605106818651632,vol_target,model
2015-07-02,0.8234934940436309,0.3886513323992144,0.2135280027375383,0.18215080153632954,0.514600062645776,0.3886513323992144,0.18215080153632954,vol_target,model
2015-07-06,0.8188326515536489,0.3508756111673184,0.2135280027375383,0.18318761436221523,0.5700025696702757,0.3508756111673184,0.18318761436221523,vol_target,model
2015-07-07,0.8353762622356605,0.31709251995300053,0.2135280027375383,0.1795598064979309,0.6307307407618572,0.31709251995300053,0.0,signal_off,model
2015-07-08,0.9077394074356059,0.413465373259844,0.2135280027375383,0.16524566276543506,0.48371644382976947,0.413465373259844,0.16524566276543506,vol_target,model
2015-07-09,0.9060237839712163,0.3752554870576999,0.2135280027375383,0.16555856772603816,0.5329702213501483,0.3752554870576999,0.0,signal_off,model
2015-07-10,0.9510764140669477,0.350387189289868,0.2135280027375383,0.15771603393945724,0.5707971241909309,0.350387189289868,0.0,signal_off,model
2015-07-13,1.0236769886954482,0.33694932147586276,0.2135280027375383,0.1465305967179713,0.5935610706203097,0.33694932147586276,0.0,signal_off,model
2015-07-14,1.0214547572819406,0.30119947338335024,0.2135280027375383,0.14684938214899046,0.6640117851250389,0.30119947338335024,0.0,signal_off,model
2015-07-15,1.0079611330772003,0.2709551358069784,0.2135280027375383,0.1488152618961265,0.7381295778149597,0.2709551358069784,0.0,signal_off,model
2015-07-16,1.0250154603441504,0.2534057969249875,0.2135280027375383,0.14633925614120716,0.7892479273439963,0.2534057969249875,0.0,signal_off,model
2015-07-17,1.0249792732764185,0.2300314637660413,0.2135280027375383,0.14634442267355752,0.8694462780248815,0.2300314637660413,0.14634442267355752,vol_target,model
2015-07-20,1.0172300223943522,0.2106275495242889,0.2135280027375383,0.14745927341677406,0.9366452991453,0.2135280027375383,0.14745927341677406,vol_target,floor
2015-07-21,1.010339315616148,0.19386656836543636,0.2135280027375383,0.14846497377816442,0.9366452991453,0.2135280027375383,0.14846497377816442,vol_target,floor
2015-07-22,0.9923926459951087,0.1796502358562897,0.2135280027375383,0.1511498504199308,0.9366452991453,0.2135280027375383,0.1511498504199308,vol_target,floor
2015-07-23,0.9879304812867833,0.16958497558818966,0.2135280027375383,0.1518325457522319,0.9366452991453,0.2135280027375383,0.1518325457522319,vol_target,floor
2015-07-24,0.9921928664764351,0.19563370045642445,0.2135280027375383,0.1511802846685378,0.9366452991453,0.2135280027375383,0.1511802846685378,vol_target,floor
2015-07-27,1.0101052080897828,0.23452106147166316,0.2135280027375383,0.14849938283524552,0.8528018709490862,0.23452106147166316,0.14849938283524552,vol_target,model
2015-07-28,1.050811611597042,0.231674975741992,0.2135280027375383,0.1427468047978908,0.863278389733092,0.231674975741992,0.0,signal_off,model
2015-07-29,0.8427004233172943,0.2121619611926748,0.2135280027375383,0.17799919858770719,0.9366452991453,0.2135280027375383,0.0,signal_off,floor
2015-07-30,0.8423390598225108,0.195164847585832,0.2135280027375383,0.1780755602519566,0.9366452991453,0.2135280027375383,0.0,signal_off,floor
2015-07-31,0.8083122503576824,0.18120006480308315,0.2135280027375383,0.18557185040016924,0.9366452991453,0.2135280027375383,0.0,signal_off,floor
2015-08-03,0.7735071857440841,0.16917323158448455,0.2135280027375383,0.19392192181861348,0.9366452991453,0.2135280027375383,0.0,signal_off,floor
2015-08-04,0.7707767875542124,0.16375228174217227,0.2135280027375383,0.1946088704564806,0.9366452991453,0.2135280027375383,0.1946088704564806,vol_target,floor
2015-08-05,0.7597227332878927,0.1545697825198222,0.2135280027375383,0.1974404521908104,0.9366452991453,0.2135280027375383,0.0,signal_off,floor
2015-08-06,0.6514909693868253,0.16428535422040205,0.2135280027375383,0.2302411039422051,0.9366452991453,0.2135280027375383,0.2302411039422051,vol_target,floor
2015-08-07,0.6371999993539901,0.15528834068800498,0.2135280027375383,0.23540489666050518,0.9366452991453,0.2135280027375383,0.23540489666050518,vol_target,floor
2015-08-10,0.5789052077415632,0.15053566345490893,0.2135280027375383,0.25910977824017695,0.9366452991453,0.2135280027375383,0.0,signal_off,floor
2015-08-11,0.5014338972189674,0.192002083741138,0.2135280027375383,0.2991421218867013,0.9366452991453,0.2135280027375383,0.2991421218867013,vol_target,floor
2015-08-12,0.502235859635151,0.17837206938070616,0.2135280027375383,0.29866445639498423,0.9366452991453,0.2135280027375383,0.0,signal_off,floor
2015-08-13,0.5021387223186131,0.16697229097888186,0.2135280027375383,0.2987222321898991,0.9366452991453,0.2135280027375383,0.2987222321898991,vol_target,floor
2015-08-14,0.45966033042783216,0.15802347026943864,0.2135280027375383,0.3263279210115574,0.9366452991453,0.2135280027375383,0.3263279210115574,vol_target,floor
2015-08-17,0.460452863428348,0.14983672997828162,0.2135280027375383,0.3257662443081794,0.9366452991453,0.2135280027375383,0.3257662443081794,vol_target,floor
2015-08-18,0.45943470475532494,0.14709812235691028,0.2135280027375383,0.3264881787279947,0.9366452991453,0.2135280027375383,0.3264881787279947,vol_target,floor
2015-08-19,0.47627741735543505,0.17166330533838015,0.2135280027375383,0.31494249891772297,0.9366452991453,0.2135280027375383,0.31494249891772297,vol_target,floor
2015-08-20,0.583671322064406,0.31041971035517674,0.2135280027375383,0.256993952468763,0.6442889846497297,0.31041971035517674,0.256993952468763,vol_target,model
2015-08-21,0.7463267429995549,0.48676826838569986,0.2135280027375383,0.2009843562581402,0.4108731258577568,0.48676826838569986,0.0,signal_off,model
2015-08-24,1.1197477851336968,0.8969898776686293,0.2544252220960523,0.1339587378438888,0.22296795647217446,0.8969898776686293,0.0,signal_off,model
2015-08-25,1.1150098247246694,0.7736054590356342,0.2544252220960523,0.13452796260072386,0.2585297164905186,0.7736054590356342,0.0,signal_off,model
2015-08-26,1.092215994116182,0.6749793533759393,0.2544252220960523,0.13733547284425143,0.29630535956350534,0.6749793533759393,0.0,signal_off,model
2015-08-27,1.08347652851489,0.5901559364572213,0.2544252220960523,0.13844323901100417,0.33889348161203736,0.5901559364572213,0.0,signal_off,model
2015-08-28,1.0782705481470478,0.5181588249403254,0.2544252220960523,0.13911165454511137,0.3859820394317,0.5181588249403254,0.0,signal_off,model
2015-08-31,1.0902919551458197,0.5155216526537739,0.2544252220960523,0.13757782884854766,0.38795654648151257,0.5155216526537739,0.0,signal_off,model
2015-09-01,1.1211407579203443,0.5749134962754351,0.2544252220960523,0.1337922994417239,0.3478784222247273,0.5749134962754351,0.0,signal_off,model
2015-09-02,1.2139413641407526,0.5204673201820441,0.2544252220960523,0.12356445247763052,0.3842700439482846,0.5204673201820441,0.0,signal_off,model
2015-09-03,1.2129889527125957,0.4571893732888223,0.2544252220960523,0.12366147248460625,0.4374554871240481,0.4571893732888223,0.0,signal_off,model
2015-09-04,1.228549546366749,0.4786550317749824,0.2544252220960523,0.12209519790520658,0.4178374543736559,0.4786550317749824,0.0,signal_off,model
2015-09-08,1.2995348262819224,0.43901811231040305,0.2544252220960523,0.11542591777179417,0.45556206997353255,0.43901811231040305,0.0,signal_off,model
2015-09-09,1.28167977640954,0.40218175111635357,0.2544252220960523,0.11703391343210984,0.4972876055287223,0.40218175111635357,0.0,signal_off,model
2015-09-10,1.3007587447755085,0.3590884754066269,0.2544252220960523,0.11531731045628123,0.5569658000678599,0.3590884754066269,0.0,signal_off,model
2015-09-11,1.3048633429146448,0.3208284270286455,0.2544252220960523,0.11495456655633246,0.623386156433522,0.3208284270286455,0.0,signal_off,model
2015-09-14,1.301509088963519,0.28743167428176364,0.2544252220960523,0.11525082788277359,0.6958175382019447,0.28743167428176364,0.0,signal_off,model
2015-09-15,1.3764677441057631,0.28521425512906556,0.2544252220960523,0.10897458414287005,0.701227222704895,0.28521425512906556,0.0,signal_off,model
2015-09-16,1.4100251434961433,0.26888454870398626,0.2544252220960523,0.10638108170757614,0.743813658925337,0.26888454870398626,0.0,signal_off,model
2015-09-17,1.423204987445628,0.32099032304111147,0.2544252220960523,0.10539592070234406,0.6230717428026159,0.32099032304111147,0.0,signal_off,model
2015-09-18,1.4266228781214991,0.3263167214679189,0.2544252220960523,0.10514341407275901,0.6129014752915828,0.3263167214679189,0.0,signal_off,model
2015-09-21,1.4414426897107395,0.306992829636247,0.2544252220960523,0.104062409883324,0.6514810141884362,0.306992829636247,0.0,signal_off,model
2015-09-22,1.4024575401610782,0.3949046946998091,0.2544252220960523,0.10695510965898608,0.5064513101117526,0.3949046946998091,0.0,signal_off,model
2015-09-23,1.0936866522158615,0.3518436786086922,0.2544252220960523,0.13715080063937218,0.5684342569145111,0.3518436786086922,0.0,signal_off,model
2015-09-24,1.0999695501907263,0.3293826597782784,0.2544252220960523,0.13636741123787577,0.6071965055313737,0.3293826597782784,0.0,signal_off,model
2015-09-25,1.0809628236693132,0.3022872661883347,0.2544252220960523,0.1387651792601221,0.661622312186295,0.3022872661883347,0.0,signal_off,model
2015-09-28,1.1043465643514716,0.3350633305116586,0.2544252220960523,0.1358269268380326,0.596902083240771,0.3350633305116586,0.0,signal_off,model
2015-09-29,1.104871717745625,0.29958684355087967,0.2544252220960523,0.135762367332616,0.6675860582844101,0.29958684355087967,0.0,signal_off,model
2015-09-30,1.0788166050061267,0.27126763861737074,0.2544252220960523,0.13904124139723278,0.7372792457640133,0.27126763861737074,0.0,signal_off,model
2015-10-01,0.9987874964087504,0.24761791962164034,0.2544252220960523,0.1501820963311429,0.786085586768181,0.2544252220960523,0.0,signal_off,floor
2015-10-02,0.951670698344851,0.23077222912191245,0.2544252220960523,0.15761754592305985,0.786085586768181,0.2544252220960523,0.0,signal_off,floor
2015-10-05,0.9661497551671039,0.21799889389191726,0.2544252220960523,0.15525543446839274,0.786085586768181,0.2544252220960523,0.0,signal_off,floor
2015-10-06,0.9142289576620144,0.21102376870744882,0.2544252220960523,0.1640726852314978,0.786085586768181,0.2544252220960523,0.0,signal_off,floor
2015-10-07,0.8650557825646751,0.19815234756308536,0.2544252220960523,0.17339922236608526,0.786085586768181,0.2544252220960523,0.0,signal_off,floor
2015-10-08,0.8596180894130545,0.18790894564135935,0.2544252220960523,0.17449609523971243,0.786085586768181,0.2544252220960523,0.0,signal_off,floor
2015-10-09,0.8542938761027873,0.17480470353959202,0.2544252220960523,0.17558360676104418,0.786085586768181,0.2544252220960523,0.17558360676104418,vol_target,floor
2015-10-12,0.8784601338601626,0.17892961531479795,0.2544252220960523,0.1707533378217909,0.786085586768181,0.2544252220960523,0.1707533378217909,vol_target,floor
2015-10-13,0.9445919143916712,0.28982932169589376,0.2544252220960523,0.1587987338390482,0.6900613051492835,0.28982932169589376,0.1587987338390482,vol_target,model
2015-10-14,0.877020870707723,0.26143859224020916,0.2544252220960523,0.1710335580485737,0.7649979992863505,0.26143859224020916,0.1710335580485737,vol_target,model
2015-10-15,0.8918091808261671,0.25495702986374935,0.2544252220960523,0.16819741624664686,0.7844459127362806,0.25495702986374935,0.16819741624664686,vol_target,model
2015-10-16,0.8455427078087955,0.2314362797763312,0.2544252220960523,0.1774008558227905,0.786085586768181,0.2544252220960523,0.0,signal_off,floor
2015-10-19,0.8387014723266023,0.2224547851504477,0.2544252220960523,0.17884790351433633,0.786085586768181,0.2544252220960523,0.0,signal_off,floor
2015-10-20,0.8414139584960806,0.2739238990703781,0.2544252220960523,0.17827134727846175,0.7301297940002484,0.2739238990703781,0.17827134727846175,vol_target,model
2015-10-21,0.799843200069239,0.31667605692173445,0.2544252220960523,0.1875367571881778,0.6315602194372069,0.31667605692173445,0.1875367571881778,vol_target,model
2015-10-22,0.8882319864553008,0.31719738807758985,0.2544252220960523,0.16887480105125505,0.6305222158735995,0.31719738807758985,0.0,signal_off,model
2015-10-23,0.8893672813048437,0.3024546584703039,0.2544252220960523,0.16865922904193875,0.6612561400492919,0.3024546584703039,0.0,signal_off,model
2015-10-26,0.8884046404645596,0.27840295507053714,0.2544252220960523,0.1688419816465196,0.7183831793356048,0.27840295507053714,0.1688419816465196,vol_target,model
2015-10-27,0.8399020065104146,0.25255309556650724,0.2544252220960523,0.17859226295126138,0.786085586768181,0.2544252220960523,0.17859226295126138,vol_target,floor
2015-10-28,0.8401632582535966,0.23097490033255583,0.2544252220960523,0.17853672905406165,0.786085586768181,0.2544252220960523,0.0,signal_off,floor
2015-10-29,0.8438443130945875,0.21428635272110325,0.2544252220960523,0.17775790826854374,0.786085586768181,0.2544252220960523,0.17775790826854374,vol_target,floor
2015-10-30,0.8518359576860395,0.21004158391370062,0.2544252220960523,0.17609024207837606,0.786085586768181,0.2544252220960523,0.17609024207837606,vol_target,floor
2015-11-02,0.8492818489099716,0.19824296134874206,0.2544252220960523,0.17661981142364058,0.786085586768181,0.2544252220960523,0.17661981142364058,vol_target,floor
2015-11-03,0.8409629783041301,0.19023450404480274,0.2544252220960523,0.1783669482127348,0.786085586768181,0.2544252220960523,0.1783669482127348,vol_target,floor
2015-11-04,0.8465695272773763,0.19961036184833753,0.2544252220960523,0.17718568312092442,0.786085586768181,0.2544252220960523,0.17718568312092442,vol_target,floor
2015-11-05,0.8458210311665421,0.18830745867591886,0.2544252220960523,0.17734248082377727,0.786085586768181,0.2544252220960523,0.17734248082377727,vol_target,floor
2015-11-06,0.8386734959266022,0.1760772531024169,0.2544252220960523,0.17885386950767246,0.786085586768181,0.2544252220960523,0.17885386950767246,vol_target,floor
2015-11-09,0.8789035476565221,0.24813242697843468,0.2544252220960523,0.17066719141133835,0.786085586768181,0.2544252220960523,0.17066719141133835,vol_target,floor
2015-11-10,0.854489599232058,0.22855319842429392,0.2544252220960523,0.17554338886606358,0.786085586768181,0.2544252220960523,0.17554338886606358,vol_target,floor
2015-11-11,0.7981448781738476,0.22446941321491837,0.2544252220960523,0.1879358047666727,0.786085586768181,0.2544252220960523,0.1879358047666727,vol_target,floor
2015-11-12,0.8541351464833374,0.30671898534418107,0.2544252220960523,0.17561623663138443,0.6520626682941468,0.30671898534418107,0.17561623663138443,vol_target,model
2015-11-13,0.8260957401951938,0.3341255109520405,0.2544252220960523,0.1815770166839951,0.5985774609970068,0.3341255109520405,0.1815770166839951,vol_target,model
2015-11-16,0.9068308157971618,0.3217384196188556,0.2544252220960523,0.16541122929103427,0.6216229949687953,0.3217384196188556,0.16541122929103427,vol_target,model
2015-11-17,0.8801400807592787,0.30848998232546226,0.2544252220960523,0.17042741636149336,0.6483192695346475,0.30848998232546226,0.17042741636149336,vol_target,model
2015-11-18,0.8668643714956819,0.28028267079159336,0.2544252220960523,0.1730374496083984,0.7135653425705786,0.28028267079159336,0.1730374496083984,vol_target,model
2015-11-19,0.8345459015795487,0.2621906243569821,0.2544252220960523,0.1797384658124788,0.7628037825170008,0.2621906243569821,0.1797384658124788,vol_target,model
2015-11-20,0.7303263590678423,0.24112477684604847,0.2544252220960523,0.20538762997881338,0.786085586768181,0.2544252220960523,0.20538762997881338,vol_target,floor
2015-11-23,0.7268049632113083,0.22075067043637606,0.2544252220960523,0.20638274033963858,0.786085586768181,0.2544252220960523,0.20638274033963858,vol_target,floor
2015-11-24,0.7287071563890395,0.21461593434338086,0.2544252220960523,0.20584400562675215,0.786085586768181,0.2544252220960523,0.20584400562675215,vol_target,floor
2015-11-25,0.7341062099482172,0.20030561646735534,0.2544252220960523,0.2043301064168641,0.786085586768181,0.2544252220960523,0.2043301064168641,vol_target,floor
2015-11-27,0.7296967745029276,0.1947888126545536,0.2544252220960523,0.20556483904177952,0.786085586768181,0.2544252220960523,0.20556483904177952,vol_target,floor
2015-11-30,0.7308704946368658,0.18072344293762344,0.2544252220960523,0.20523471818974953,0.786085586768181,0.2544252220960523,0.20523471818974953,vol_target,floor
2015-12-01,0.7422612544019974,0.17439017754105593,0.2544252220960523,0.20208518107394338,0.786085586768181,0.2544252220960523,0.20208518107394338,vol_target,floor
2015-12-02,0.7355760320271773,0.18778720263447962,0.2544252220960523,0.20392181565053763,0.786085586768181,0.2544252220960523,0.20392181565053763,vol_target,floor
2015-12-03,0.773131426715536,0.26026531029873917,0.2544252220960523,0.19401617217558872,0.7684466276755627,0.26026531029873917,0.19401617217558872,vol_target,model
2015-12-04,0.8256670939391885,0.25439231814678864,0.2544252220960523,0.18167128265262766,0.786085586768181,0.2544252220960523,0.18167128265262766,vol_target,floor
2015-12-07,0.8160569039755928,0.23518770870082079,0.2544252220960523,0.18381071132324653,0.786085586768181,0.2544252220960523,0.18381071132324653,vol_target,floor
2015-12-08,0.8317013629693703,0.2629763596777352,0.2544252220960523,0.18035319728762325,0.760524635161466,0.2629763596777352,0.18035319728762325,vol_target,model
2015-12-09,0.812563135593956,0.27135578836410906,0.2544252220960523,0.18460104012761433,0.7370397410931112,0.27135578836410906,0.18460104012761433,vol_target,model
2015-12-10,0.7994427159955436,0.24701787945024983,0.2544252220960523,0.187630704487945,0.786085586768181,0.2544252220960523,0.187630704487945,vol_target,floor
2015-12-11,0.9572138519929468,0.4947449534891642,0.2544252220960523,0.15670479453227268,0.4042486913499773,0.4947449534891642,0.0,signal_off,model
2015-12-14,0.9577406052492026,0.4429022890518611,0.2544252220960523,0.15661860756229526,0.4515668691352852,0.4429022890518611,0.0,signal_off,model
2015-12-15,0.9701744596749515,0.4019979072438222,0.2544252220960523,0.1546113675784211,0.49751502780509455,0.4019979072438222,0.1546113675784211,vol_target,model
2015-12-16,0.9116849291225081,0.35933639610492296,0.2544252220960523,0.16453052497464687,0.556581526858754,0.35933639610492296,0.0,signal_off,model
2015-12-17,0.9285588042784667,0.36931633306925543,0.2544252220960523,0.16154065774709547,0.5415411724086824,0.36931633306925543,0.16154065774709547,vol_target,model
2015-12-18,0.9343214750673023,0.37193342940657553,0.2544252220960523,0.16054431371086167,0.5377306372247919,0.37193342940657553,0.16054431371086167,vol_target,model
2015-12-21,0.9756833256473754,0.34271320528691596,0.2544252220960523,0.15373840677299014,0.5835783299699878,0.34271320528691596,0.15373840677299014,vol_target,model
2015-12-22,0.9824505608902455,0.3112757226383407,0.2544252220960523,0.1526794385094328,0.6425171815675851,0.3112757226383407,0.0,signal_off,model
2015-12-23,0.9781445204184099,0.2798044213124807,0.2544252220960523,0.15335157215401685,0.7147849882495013,0.2798044213124807,0.15335157215401685,vol_target,model
2015-12-24,0.9766042348569367,0.25860894833699993,0.2544252220960523,0.15359343595512218,0.7733684440778704,0.25860894833699993,0.15359343595512218,vol_target,model
2015-12-28,0.9715938882969458,0.2355740607647544,0.2544252220960523,0.15438549151737344,0.786085586768181,0.2544252220960523,0.15438549151737344,vol_target,floor
2015-12-29,0.9721051728682514,0.21548989005847943,0.2544252220960523,0.15430429153814346,0.786085586768181,0.2544252220960523,0.15430429153814346,vol_target,floor
2015-12-30,0.9820302726721004,0.23451846116787226,0.2544252220960523,0.15274478208482373,0.786085586768181,0.2544252220960523,0.15274478208482373,vol_target,floor
2015-12-31,0.965907305662195,0.21574629362042583,0.2544252220960523,0.15529440467081343,0.786085586768181,0.2544252220960523,0.15529440467081343,vol_target,floor
2016-01-04,0.9744961047569052,0.2447460744191987,0.2544252220960523,0.15392570505699305,0.786085586768181,0.2544252220960523,0.0,signal_off,floor
2016-01-05,0.9491011152168569,0.22316389383653423,0.2544252220960523,0.15804427746955813,0.786085586768181,0.2544252220960523,0.15804427746955813,vol_target,floor
2016-01-06,0.8969675923633224,0.2281673169815514,0.2544252220960523,0.16723012211041127,0.786085586768181,0.2544252220960523,0.0,signal_off,floor
2016-01-07,0.9757272549024661,0.38923561091120085,0.2544252220960523,0.15373148515257373,0.5138276005419953,0.38923561091120085,0.0,signal_off,model
2016-01-08,0.9814451449135088,0.3954011650773154,0.2544252220960523,0.1528358469929758,0.5058154038592494,0.3954011650773154,0.0,signal_off,model
2016-01-11,1.0030624329585804,0.3564897439373561,0.2544252220960523,0.14954203753555784,0.5610259576924739,0.3564897439373561,0.0,signal_off,model
2016-01-12,1.0214404118812135,0.3217771162764004,0.2544252220960523,0.1468514445436333,0.6215482390867219,0.3217771162764004,0.0,signal_off,model
2016-01-13,0.9300120938507804,0.40799356893638683,0.2544252220960523,0.1612882251658841,0.4902038052251344,0.40799356893638683,0.0,signal_off,model
2016-01-14,0.9074540524475546,0.36418529993743204,0.2544252220960523,0.16529762536783546,0.5491709853043506,0.36418529993743204,0.0,signal_off,model
2016-01-15,0.9063893405294347,0.42740112032611227,0.2544252220960523,0.1654917961771074,0.4679444916929501,0.42740112032611227,0.0,signal_off,model
2016-01-19,0.8911895721600556,0.37842255032456473,0.2544252220960523,0.16831435722080054,0.5285097302696797,0.37842255032456473,0.0,signal_off,model
2016-01-20,0.8763288904362181,0.3485349753483851,0.2544252220960523,0.17116861219231647,0.5738305023766582,0.3485349753483851,0.0,signal_off,model
2016-01-21,0.8610979687128624,0.31448668710484745,0.2544252220960523,0.17419620699397825,0.6359569679759498,0.31448668710484745,0.0,signal_off,model
2016-01-22,0.8831930107686674,0.30138422069328374,0.2544252220960523,0.16983830054254034,0.6636047485828344,0.30138422069328374,0.0,signal_off,model
2016-01-25,0.865495972611953,0.31394299583900087,0.2544252220960523,0.17331103176288587,0.6370583279474272,0.31394299583900087,0.0,signal_off,model
2016-01-26,0.8902813588619128,0.28571174683816297,0.2544252220960523,0.16848606174541475,0.7000062203017747,0.28571174683816297,0.0,signal_off,model
2016-01-27,0.893385780643071,0.27781385980963796,0.2544252220960523,0.16790059037208763,0.7199064875202514,0.27781385980963796,0.0,signal_off,model
2016-01-28,0.8919014549411298,0.25158484567682843,0.2544252220960523,0.1681800149209318,0.786085586768181,0.2544252220960523,0.0,signal_off,floor
2016-01-29,0.9268816279196107,0.23864492474753476,0.2544252220960523,0.16183296278800516,0.786085586768181,0.2544252220960523,0.0,signal_off,floor
2016-02-01,0.9208894634271955,0.21750809440881214,0.2544252220960523,0.16288599876228124,0.786085586768181,0.2544252220960523,0.0,signal_off,floor
2016-02-02,0.9415448094916665,0.2712023604175105,0.2544252220960523,0.15931265138722814,0.7374567083122141,0.2712023604175105,0.0,signal_off,model
2016-02-03,0.9349646122687232,0.24548938606125592,0.2544252220960523,0.16043387956258573,0.786085586768181,0.2544252220960523,0.0,signal_off,floor
2016-02-04,0.9301100137463172,0.22740740980464572,0.2544252220960523,0.16127124510339025,0.786085586768181,0.2544252220960523,0.0,signal_off,floor
2016-02-05,0.9292339679235044,0.22835211090753538,0.2544252220960523,0.16142328539193926,0.786085586768181,0.2544252220960523,0.0,signal_off,floor
2016-02-08,0.8512831311400038,0.2432189774387343,0.2544252220960523,0.176204595760198,0.786085586768181,0.2544252220960523,0.0,signal_off,floor
2016-02-09,0.8280423416452651,0.23148879227272123,0.2544252220960523,0.1811501567685053,0.786085586768181,0.2544252220960523,0.0,signal_off,floor
2016-02-10,0.7985686071827502,0.21270235899964088,0.2544252220960523,0.18783608402687046,0.786085586768181,0.2544252220960523,0.0,signal_off,floor
2016-02-11,0.7859130080794636,0.24025105037093694,0.2544252220960523,0.1908608185103783,0.786085586768181,0.2544252220960523,0.0,signal_off,floor
2016-02-12,0.7280146044533745,0.2205332631363755,0.2544252220960523,0.20603982266623155,0.786085586768181,0.2544252220960523,0.0,signal_off,floor
2016-02-16,0.7416438329578829,0.2097052054685254,0.2544252220960523,0.20225341779187736,0.786085586768181,0.2544252220960523,0.0,signal_off,floor
2016-02-17,0.6800295174621527,0.19671456727271,0.2544252220960523,0.22057866040844074,0.786085586768181,0.2544252220960523,0.0,signal_off,floor
2016-02-18,0.6785632781271216,0.18207831958428522,0.2544252220960523,0.22105528671402566,0.786085586768181,0.2544252220960523,0.22105528671402566,vol_target,floor
2016-02-19,0.6728620968740555,0.1704837000829934,0.2544252220960523,0.2229282949609756,0.786085586768181,0.2544252220960523,0.2229282949609756,vol_target,floor
2016-02-22,0.6979430109440471,0.17099636502593724,0.2544252220960523,0.21491726064726685,0.786085586768181,0.2544252220960523,0.0,signal_off,floor
2016-02-23,0.6488784536550048,0.21310506444427318,0.2544252220960523,0.23116810113678374,0.786085586768181,0.2544252220960523,0.23116810113678374,vol_target,floor
2016-02-24,0.6213785132971196,0.1965570132188711,0.2544252220960523,0.24139875581484052,0.786085586768181,0.2544252220960523,0.24139875581484052,vol_target,floor
2016-02-25,0.6174085316937823,0.1863044231179426,0.2544252220960523,0.24295096730926918,0.786085586768181,0.2544252220960523,0.0,signal_off,floor
2016-02-26,0.6113576615380104,0.1892318336068568,0.2544252220960523,0.24535555769864828,0.786085586768181,0.2544252220960523,0.24535555769864828,vol_target,floor
2016-02-29,0.6102096948796704,0.18151000313500384,0.2544252220960523,0.24581713672965994,0.786085586768181,0.2544252220960523,0.24581713672965994,vol_target,floor
2016-03-01,0.661873097522327,0.19896632782473203,0.2544252220960523,0.22662954660268547,0.786085586768181,0.2544252220960523,0.0,signal_off,floor
2016-03-02,0.6618931955886528,0.18395742777406107,0.2544252220960523,0.22662266510626072,0.786085586768181,0.2544252220960523,0.0,signal_off,floor
2016-03-03,0.6252249278530931,0.1765277485377526,0.2544252220960523,0.2399136587772856,0.786085586768181,0.2544252220960523,0.0,signal_off,floor
2016-03-04,0.6365922359630343,0.1833480821305008,0.2544252220960523,0.23562964096330924,0.786085586768181,0.2544252220960523,0.0,signal_off,floor
2016-03-07,0.6333894618519443,0.17115112613787756,0.2544252220960523,0.23682111723396923,0.786085586768181,0.2544252220960523,0.23682111723396923,vol_target,floor
2016-03-08,0.6458698632651865,0.20458824481128057,0.2544252220960523,0.23224492816815603,0.786085586768181,0.2544252220960523,0.23224492816815603,vol_target,floor
2016-03-09,0.6225556256366056,0.1904724204797859,0.2544252220960523,0.24094232518839542,0.786085586768181,0.2544252220960523,0.24094232518839542,vol_target,floor
2016-03-10,0.6116305768923943,0.17693231749886057,0.2544252220960523,0.24524607772575416,0.786085586768181,0.2544252220960523,0.0,signal_off,floor
2016-03-11,0.6197632356898037,0.17166515272692157,0.2544252220960523,0.24202790898535348,0.786085586768181,0.2544252220960523,0.0,signal_off,floor
2016-03-14,0.5745860507280913,0.16148669892456566,0.2544252220960523,0.26105750358875973,0.786085586768181,0.2544252220960523,0.0,signal_off,floor
2016-03-15,0.5807771667145091,0.1566736710970939,0.2544252220960523,0.25827461649113875,0.786085586768181,0.2544252220960523,0.0,signal_off,floor
2016-03-16,0.5724633828605047,0.1542386750195363,0.2544252220960523,0.26202549279304965,0.786085586768181,0.2544252220960523,0.0,signal_off,floor
2016-03-17,0.5680007245228968,0.1487365115004106,0.2544252220960523,0.26408417018480984,0.786085586768181,0.2544252220960523,0.0,signal_off,floor
2016-03-18,0.5687463863358239,0.14202116870549075,0.2544252220960523,0.2637379394467581,0.786085586768181,0.2544252220960523,0.2637379394467581,vol_target,floor
2016-03-21,0.5762689262655506,0.14201976429976246,0.2544252220960523,0.2602951385424493,0.786085586768181,0.2544252220960523,0.2602951385424493,vol_target,floor
2016-03-22,0.5534909130516343,0.13657726414979954,0.2544252220960523,0.2710071592196252,0.786085586768181,0.2544252220960523,0.2710071592196252,vol_target,floor
2016-03-23,0.5532805788185865,0.19060626791636223,0.2544252220960523,0.2711101848546595,0.786085586768181,0.2544252220960523,0.2711101848546595,vol_target,floor
2016-03-24,0.5531089111608615,0.1775191793148332,0.2544252220960523,0.27119432895264867,0.786085586768181,0.2544252220960523,0.27119432895264867,vol_target,floor
2016-03-28,0.5437518525583208,0.16642228493084832,0.2544252220960523,0.2758611291055998,0.786085586768181,0.2544252220960523,0.2758611291055998,vol_target,floor
2016-03-29,0.5491064105592487,0.1673263288974657,0.2544252220960523,0.2731710960125733,0.786085586768181,0.2544252220960523,0.2731710960125733,vol_target,floor
2016-03-30,0.5385611267367652,0.15806301032984843,0.2544252220960523,0.27851991640925866,0.786085586768181,0.2544252220960523,0.27851991640925866,vol_target,floor
2016-03-31,0.4561407148217872,0.15152436538059544,0.2544252220960523,0.3288458914670762,0.786085586768181,0.2544252220960523,0.3288458914670762,vol_target,floor
2016-04-01,0.45939991361614635,0.1468212645430234,0.2544252220960523,0.3265129042347473,0.786085586768181,0.2544252220960523,0.0,signal_off,floor
2016-04-04,0.4671918041837279,0.1618341826173717,0.2544252220960523,0.32106727613100633,0.786085586768181,0.2544252220960523,0.32106727613100633,vol_target,floor
2016-04-05,0.4925041626933288,0.201581182834379,0.2544252220960523,0.30456595367581,0.786085586768181,0.2544252220960523,0.30456595367581,vol_target,floor
2016-04-06,0.5243516002664487,0.19639621867565293,0.2544252220960523,0.286067592668312,0.786085586768181,0.2544252220960523,0.286067592668312,vol_target,floor
2016-04-07,0.6016546195951015,0.30521128935444186,0.2544252220960523,0.24931247116650787,0.655283755797578,0.30521128935444186,0.24931247116650787,vol_target,model
2016-04-08,0.6004518518166482,0.27514795271806075,0.2544252220960523,0.2498118700878009,0.7268816577564597,0.27514795271806075,0.2498118700878009,vol_target,model
2016-04-11,0.6118919296400376,0.26054075385846365,0.2544252220960523,0.24514132763320096,0.7676342262702139,0.26054075385846365,0.24514132763320096,vol_target,model
2016-04-12,0.612175816545314,0.24100056679323942,0.2544252220960523,0.24502764719863251,0.786085586768181,0.2544252220960523,0.24502764719863251,vol_target,floor
2016-04-13,0.6290957039517158,0.22531540916981266,0.2544252220960523,0.2384374890144104,0.786085586768181,0.2544252220960523,0.0,signal_off,floor
2016-04-14,0.6252852946696273,0.20640578880002047,0.2544252220960523,0.23989049683193533,0.786085586768181,0.2544252220960523,0.23989049683193533,vol_target,floor
2016-04-15,0.6137354963285259,0.1903705158858187,0.2544252220960523,0.2444049609275111,0.786085586768181,0.2544252220960523,0.2444049609275111,vol_target,floor
2016-04-18,0.6285023673003873,0.1841487240562875,0.2544252220960523,0.23866258554330755,0.786085586768181,0.2544252220960523,0.23866258554330755,vol_target,floor
2016-04-19,0.6286148771036365,0.17151444379369898,0.2544252220960523,0.2386198695950848,0.786085586768181,0.2544252220960523,0.2386198695950848,vol_target,floor
2016-04-20,0.6215355571985056,0.16547207924082344,0.2544252220960523,0.24133776139229488,0.786085586768181,0.2544252220960523,0.24133776139229488,vol_target,floor
2016-04-21,0.6289196136789315,0.16798207413111266,0.2544252220960523,0.23850424877443274,0.786085586768181,0.2544252220960523,0.23850424877443274,vol_target,floor
2016-04-22,0.6017385127050425,0.16151655806748416,0.2544252220960523,0.24927771254941483,0.786085586768181,0.2544252220960523,0.24927771254941483,vol_target,floor
2016-04-25,0.6025730796025598,0.15353547794178937,0.2544252220960523,0.2489324616010655,0.786085586768181,0.2544252220960523,0.2489324616010655,vol_target,floor
2016-04-26,0.6028065207493867,0.1466564487807771,0.2544252220960523,0.24883606072065306,0.786085586768181,0.2544252220960523,0.24883606072065306,vol_target,floor
2016-04-27,0.5797692868727523,0.14248840782307462,0.2544252220960523,0.2587236050551984,0.786085586768181,0.2544252220960523,0.2587236050551984,vol_target,floor
2016-04-28,0.6210580895970027,0.20809242826831603,0.2544252220960523,0.24152330114133644,0.786085586768181,0.2544252220960523,0.24152330114133644,vol_target,floor
2016-04-29,0.6279959324399517,0.2051572422931673,0.2544252220960523,0.2388550502504136,0.786085586768181,0.2544252220960523,0.2388550502504136,vol_target,floor
2016-05-02,0.6488235566302921,0.19772192208159683,0.2544252220960523,0.23118766029247592,0.786085586768181,0.2544252220960523,0.23118766029247592,vol_target,floor
2016-05-03,0.6635355926309982,0.22497314273903987,0.2544252220960523,0.22606172399167318,0.786085586768181,0.2544252220960523,0.22606172399167318,vol_target,floor
2016-05-04,0.6393919487917094,0.20919099549083084,0.2544252220960523,0.23459788676329507,0.786085586768181,0.2544252220960523,0.23459788676329507,vol_target,floor
2016-05-05,0.6063170164286092,0.19256661612022932,0.2544252220960523,0.2473953326983059,0.786085586768181,0.2544252220960523,0.2473953326983059,vol_target,floor
2016-05-06,0.5240991452187446,0.18482284585603606,0.2544252220960523,0.2862053895115477,0.786085586768181,0.2544252220960523,0.2862053895115477,vol_target,floor
2016-05-09,0.5219299098594198,0.17264525308316023,0.2544252220960523,0.2873949110147798,0.786085586768181,0.2544252220960523,0.2873949110147798,vol_target,floor
2016-05-10,0.5294193410061332,0.17061664286873893,0.2544252220960523,0.283329278667706,0.786085586768181,0.2544252220960523,0.283329278667706,vol_target,floor
2016-05-11,0.5614901506370278,0.21867415090339687,0.2544252220960523,0.2671462710963325,0.786085586768181,0.2544252220960523,0.2671462710963325,vol_target,floor
2016-05-12,0.5461846565926951,0.20236112140571585,0.2544252220960523,0.274632394354972,0.786085586768181,0.2544252220960523,0.274632394354972,vol_target,floor
2016-05-13,0.5637001390833366,0.21154752043993197,0.2544252220960523,0.26609892316848305,0.786085586768181,0.2544252220960523,0.26609892316848305,vol_target,floor
2016-05-16,0.5753569783542248,0.19807827187776741,0.2544252220960523,0.26070770954941097,0.786085586768181,0.2544252220960523,0.26070770954941097,vol_target,floor
2016-05-17,0.5634647542422754,0.20464763915995934,0.2544252220960523,0.26621008478465336,0.786085586768181,0.2544252220960523,0.26621008478465336,vol_target,floor
2016-05-18,0.5636981453647536,0.18958391352174533,0.2544252220960523,0.26609986432178007,0.786085586768181,0.2544252220960523,0.26609986432178007,vol_target,floor
2016-05-19,0.5620192877652173,0.17607338636245212,0.2544252220960523,0.2668947547982771,0.786085586768181,0.2544252220960523,0.2668947547982771,vol_target,floor
2016-05-20,0.5666210743383825,0.16810648785512244,0.2544252220960523,0.2647271815209982,0.786085586768181,0.2544252220960523,0.2647271815209982,vol_target,floor
2016-05-23,0.5581341545951595,0.16316836090363618,0.2544252220960523,0.26875259068996044,0.786085586768181,0.2544252220960523,0.26875259068996044,vol_target,floor
2016-05-24,0.5912677891737327,0.16516291026188018,0.2544252220960523,0.25369215564679676,0.786085586768181,0.2544252220960523,0.25369215564679676,vol_target,floor
2016-05-25,0.591245524232173,0.15625929491975718,0.2544252220960523,0.2537017091077332,0.786085586768181,0.2544252220960523,0.2537017091077332,vol_target,floor
2016-05-26,0.5879733818995059,0.14909310515687196,0.2544252220960523,0.2551135895223866,0.786085586768181,0.2544252220960523,0.2551135895223866,vol_target,floor
2016-05-27,0.5430602277514057,0.14366095951042818,0.2544252220960523,0.27621245735687505,0.786085586768181,0.2544252220960523,0.27621245735687505,vol_target,floor
2016-05-31,0.5293838200657442,0.13792880066619967,0.2544252220960523,0.28334828968020115,0.786085586768181,0.2544252220960523,0.28334828968020115,vol_target,floor
2016-06-01,0.503500650384619,0.13355631357173903,0.2544252220960523,0.29791421299141624,0.786085586768181,0.2544252220960523,0.29791421299141624,vol_target,floor
2016-06-02,0.4653157839444996,0.13145004936467378,0.2544252220960523,0.3223617276174135,0.786085586768181,0.2544252220960523,0.3223617276174135,vol_target,floor
2016-06-03,0.45929494725330117,0.12787916955888307,0.2544252220960523,0.3265875248509429,0.786085586768181,0.2544252220960523,0.3265875248509429,vol_target,floor
2016-06-06,0.45872534616749466,0.12564336815892677,0.2544252220960523,0.3269930498787621,0.786085586768181,0.2544252220960523,0.3269930498787621,vol_target,floor
2016-06-07,0.44339818954133287,0.12461982869544781,0.2544252220960523,0.33829637454127953,0.786085586768181,0.2544252220960523,0.33829637454127953,vol_target,floor
2016-06-08,0.44487995969157845,0.1234888991712495,0.2544252220960523,0.3371696043669631,0.786085586768181,0.2544252220960523,0.3371696043669631,vol_target,floor
2016-06-09,0.4241486897257085,0.13478088960802745,0.2544252220960523,0.3536495659034172,0.786085586768181,0.2544252220960523,0.3536495659034172,vol_target,floor
2016-06-10,0.4768764073780965,0.2503660174850728,0.2544252220960523,0.3145469091765551,0.786085586768181,0.2544252220960523,0.3145469091765551,vol_target,floor
2016-06-13,0.7278924783025157,0.495898725070311,0.2544252220960523,0.20607439212699113,0.4033081552521495,0.495898725070311,0.20607439212699113,vol_target,model
2016-06-14,0.7234534610261123,0.43673765649742374,0.2544252220960523,0.20733883806049813,0.4579408187605636,0.43673765649742374,0.20733883806049813,vol_target,model
2016-06-15,0.7119104414452619,0.3863803316225766,0.2544252220960523,0.21070066017782005,0.5176246916092087,0.3863803316225766,0.21070066017782005,vol_target,model
2016-06-16,0.7113616894216235,0.344404214490896,0.2544252220960523,0.2108631969230144,0.580712986615577,0.344404214490896,0.2108631969230144,vol_target,model
2016-06-17,0.7112967190499971,0.30786893485460315,0.2544252220960523,0.21088245732433425,0.6496270891847329,0.30786893485460315,0.21088245732433425,vol_target,model
2016-06-20,0.7610609124686324,0.2897732233409376,0.2544252220960523,0.19709329114465898,0.6901948968717743,0.2897732233409376,0.19709329114465898,vol_target,model
2016-06-21,0.7529380743383729,0.2630733606660573,0.2544252220960523,0.19921957078848623,0.760244212844789,0.2630733606660573,0.19921957078848623,vol_target,model
2016-06-22,0.76184582777806,0.2593618100682273,0.2544252220960523,0.1968902296642856,0.7711235511017923,0.2593618100682273,0.1968902296642856,vol_target,model
2016-06-23,0.8692096078221039,0.28099095789060313,0.2544252220960523,0.17257057290915223,0.7117666757015898,0.28099095789060313,0.17257057290915223,vol_target,model
2016-06-24,1.4326987309367751,1.0129213156657373,0.3270861496866166,0.10469751718277992,0.1974487029809922,1.0129213156657373,0.0,signal_off,model
2016-06-27,1.431271652117686,0.8848659085499699,0.3270861496866166,0.10480190799423887,0.22602294660412456,0.8848659085499699,0.0,signal_off,model
2016-06-28,1.590787256364275,0.818025714291852,0.3270861496866166,0.09429293540031441,0.24449109179059964,0.818025714291852,0.09429293540031441,vol_target,model
2016-06-29,1.6082848996026837,0.7121908425850937,0.3270861496866166,0.0932670573709027,0.28082360519273836,0.7121908425850937,0.0,signal_off,model
2016-06-30,1.6109637714426843,0.6192130635112779,0.3270861496866166,0.09311196357052079,0.32299060175812544,0.6192130635112779,0.0,signal_off,model
2016-07-01,1.6082095867244888,0.5406243383150406,0.3270861496866166,0.09327142509174541,0.3699426493141954,0.5406243383150406,0.09327142509174541,vol_target,model
2016-07-05,1.6078008099087624,0.4746363172136573,0.3270861496866166,0.0932951389721666,0.42137525668936565,0.4746363172136573,0.0932951389721666,vol_target,model
2016-07-06,1.6115867240578,0.41986088069555144,0.3270861496866166,0.09307597150112798,0.4763482600919507,0.41986088069555144,0.09307597150112798,vol_target,model
2016-07-07,1.6125945038469052,0.37190179454817757,0.3270861496866166,0.09301780431606912,0.5377763778821757,0.37190179454817757,0.09301780431606912,vol_target,model
2016-07-08,1.6269959676437353,0.33737498676804734,0.3270861496866166,0.09219445099008729,0.5928121758994077,0.33737498676804734,0.0,signal_off,model
2016-07-11,1.6256656865644952,0.3015405838671621,0.3270861496866166,0.09226989364399618,0.6114597031749016,0.3270861496866166,0.0,signal_off,floor
2016-07-12,1.6012681967125324,0.272578266949587,0.3270861496866166,0.09367575045077145,0.6114597031749016,0.3270861496866166,0.0,signal_off,floor
2016-07-13,1.487851574395103,0.24636286215846273,0.3270861496866166,0.10081650789729049,0.6114597031749016,0.3270861496866166,0.0,signal_off,floor
2016-07-14,1.4878343600243573,0.22409381263282102,0.3270861496866166,0.10081767435290602,0.6114597031749016,0.3270861496866166,0.0,signal_off,floor
2016-07-15,1.4895847984152695,0.20766936796094182,0.3270861496866166,0.1006992016564489,0.6114597031749016,0.3270861496866166,0.0,signal_off,floor
2016-07-18,1.4917029748283939,0.19506959997623305,0.3270861496866166,0.10055621161260743,0.6114597031749016,0.3270861496866166,0.0,signal_off,floor
2016-07-19,1.491048392833681,0.1806819448443729,0.3270861496866166,0.1006003565819421,0.6114597031749016,0.3270861496866166,0.1006003565819421,vol_target,floor
2016-07-20,1.4719668353952695,0.1689139875316,0.3270861496866166,0.1019044698515373,0.6114597031749016,0.3270861496866166,0.1019044698515373,vol_target,floor
2016-07-21,1.4748296740821651,0.17195038646650498,0.3270861496866166,0.10170665985097561,0.6114597031749016,0.3270861496866166,0.10170665985097561,vol_target,floor
2016-07-22,1.4675895273303587,0.16328087044895184,0.3270861496866166,0.10220841536860772,0.6114597031749016,0.3270861496866166,0.10220841536860772,vol_target,floor
2016-07-25,1.3996332440992405,0.15406313235666,0.3270861496866166,0.10717093255135936,0.6114597031749016,0.3270861496866166,0.10717093255135936,vol_target,floor
2016-07-26,0.7110106828047863,0.14655570989190683,0.3270861496866166,0.21096729434258543,0.6114597031749016,0.3270861496866166,0.21096729434258543,vol_target,floor
2016-07-27,0.6723722798565992,0.14167727475605238,0.3270861496866166,0.22309069617205424,0.6114597031749016,0.3270861496866166,0.22309069617205424,vol_target,floor
2016-07-28,0.3238887723887568,0.13812496659795834,0.3270861496866166,0.46312195045760396,0.6114597031749016,0.3270861496866166,0.46312195045760396,vol_target,floor
2016-07-29,0.28930119039820096,0.13743893611480051,0.3270861496866166,0.5184907804683986,0.6114597031749016,0.3270861496866166,0.5184907804683986,vol_target,floor
2016-08-01,0.288485787088353,0.13320598904020073,0.3270861496866166,0.5199562914829503,0.6114597031749016,0.3270861496866166,0.5199562914829503,vol_target,floor
2016-08-02,0.33423712865044314,0.15938388452644772,0.3270861496866166,0.44878317560247843,0.6114597031749016,0.3270861496866166,0.44878317560247843,vol_target,floor
2016-08-03,0.33135863724262,0.15250856083071546,0.3270861496866166,0.45268172650701227,0.6114597031749016,0.3270861496866166,0.45268172650701227,vol_target,floor
2016-08-04,0.3281580492404921,0.14721557330978105,0.3270861496866166,0.4570968176680982,0.6114597031749016,0.3270861496866166,0.4570968176680982,vol_target,floor
2016-08-05,0.337823823324804,0.14524882277098727,0.3270861496866166,0.4440184191976924,0.6114597031749016,0.3270861496866166,0.4440184191976924,vol_target,floor
2016-08-08,0.3005258670841847,0.14012444559285395,0.3270861496866166,0.49912508848358567,0.6114597031749016,0.3270861496866166,0.49912508848358567,vol_target,floor
2016-08-09,0.29914394420511703,0.13547124466241875,0.3270861496866166,0.501430842595122,0.6114597031749016,0.3270861496866166,0.501430842595122,vol_target,floor
2016-08-10,0.3208508803312176,0.1479147517010487,0.3270861496866166,0.46750689867253437,0.6114597031749016,0.3270861496866166,0.46750689867253437,vol_target,floor
2016-08-11,0.3191078572507652,0.14148336106394932,0.3270861496866166,0.47006050334299726,0.6114597031749016,0.3270861496866166,0.47006050334299726,vol_target,floor
2016-08-12,0.3188398618834888,0.13620317501342158,0.3270861496866166,0.47045560462202607,0.6114597031749016,0.3270861496866166,0.47045560462202607,vol_target,floor
2016-08-15,0.3099396504315402,0.13194221923056254,0.3270861496866166,0.4839651841613345,0.6114597031749016,0.3270861496866166,0.4839651841613345,vol_target,floor
2016-08-16,0.3343295089606817,0.15835791339740357,0.3270861496866166,0.4486591700095504,0.6114597031749016,0.3270861496866166,0.4486591700095504,vol_target,floor
2016-08-17,0.3440805356621436,0.15323164353551,0.3270861496866166,0.4359444503634656,0.6114597031749016,0.3270861496866166,0.4359444503634656,vol_target,floor
2016-08-18,0.3446676373839703,0.14641693872797984,0.3270861496866166,0.43520186907741326,0.6114597031749016,0.3270861496866166,0.43520186907741326,vol_target,floor
2016-08-19,0.32905510747836786,0.1421495289469665,0.3270861496866166,0.45585069671000633,0.6114597031749016,0.3270861496866166,0.45585069671000633,vol_target,floor
2016-08-22,0.3275240216099032,0.13757573940797588,0.3270861496866166,0.45798167494003594,0.6114597031749016,0.3270861496866166,0.45798167494003594,vol_target,floor
2016-08-23,0.32768955948596473,0.13288372212281324,0.3270861496866166,0.4577503178169601,0.6114597031749016,0.3270861496866166,0.4577503178169601,vol_target,floor
2016-08-24,0.35121722052321774,0.14893709051359486,0.3270861496866166,0.42708612002720414,0.6114597031749016,0.3270861496866166,0.42708612002720414,vol_target,floor
2016-08-25,0.3474550264392945,0.1424063553870387,0.3270861496866166,0.4317105483756966,0.6114597031749016,0.3270861496866166,0.4317105483756966,vol_target,floor
2016-08-26,0.34546292822497915,0.13981337803393593,0.3270861496866166,0.43419999005599247,0.6114597031749016,0.3270861496866166,0.43419999005599247,vol_target,floor
2016-08-29,0.3352602768515793,0.13635635924005998,0.3270861496866166,0.44741357791816605,0.6114597031749016,0.3270861496866166,0.44741357791816605,vol_target,floor
2016-08-30,0.33399051975203065,0.13194606449679983,0.3270861496866166,0.44911454406360585,0.6114597031749016,0.3270861496866166,0.44911454406360585,vol_target,floor
2016-08-31,0.3030137049912491,0.12852673750372728,0.3270861496866166,0.495027114381945,0.6114597031749016,0.3270861496866166,0.495027114381945,vol_target,floor
2016-09-01,0.2962365297194955,0.12553255018607268,0.3270861496866166,0.5063521374019404,0.6114597031749016,0.3270861496866166,0.5063521374019404,vol_target,floor
2016-09-02,0.30015834084828713,0.12633090945574782,0.3270861496866166,0.49973623780062276,0.6114597031749016,0.3270861496866166,0.49973623780062276,vol_target,floor
2016-09-06,0.2967941868993247,0.12793869240738315,0.3270861496866166,0.5054007343172169,0.6114597031749016,0.3270861496866166,0.5054007343172169,vol_target,floor
2016-09-07,0.2930667037525425,0.12514306650722523,0.3270861496866166,0.5118288706268587,0.6114597031749016,0.3270861496866166,0.5118288706268587,vol_target,floor
2016-09-08,0.29535164195589647,0.12686909525846488,0.3270861496866166,0.507869192826085,0.6114597031749016,0.3270861496866166,0.507869192826085,vol_target,floor
2016-09-09,0.6192272316282791,0.4311559845834535,0.3270861496866166,0.24223740872243277,0.4638692425740608,0.4311559845834535,0.24223740872243277,vol_target,model
2016-09-12,0.6527668292596676,0.3873401980982052,0.3270861496866166,0.22979108814417207,0.5163419675571409,0.3873401980982052,0.22979108814417207,vol_target,model
2016-09-13,0.7382212209102017,0.4528077397852111,0.3270861496866166,0.20319112449118584,0.4416885632186186,0.4528077397852111,0.20319112449118584,vol_target,model
2016-09-14,0.7410598855787388,0.41182336447872225,0.3270861496866166,0.20241279135336795,0.4856451023684778,0.41182336447872225,0.20241279135336795,vol_target,model
2016-09-15,0.7518319283619679,0.3677541198897121,0.3270861496866166,0.19951267609345638,0.5438416299999009,0.3677541198897121,0.19951267609345638,vol_target,model
2016-09-16,0.7575763502102992,0.3305494883925934,0.3270861496866166,0.19799984510915736,0.605053122219509,0.3305494883925934,0.19799984510915736,vol_target,model
2016-09-19,0.7599925147787531,0.29660873269860427,0.3270861496866166,0.1973703649484858,0.6114597031749016,0.3270861496866166,0.1973703649484858,vol_target,floor
2016-09-20,0.7615220196627026,0.2724047540103523,0.3270861496866166,0.1969739497046176,0.6114597031749016,0.3270861496866166,0.1969739497046176,vol_target,floor
2016-09-21,0.8115999499729483,0.2607842931770308,0.3270861496866166,0.18482011982011545,0.6114597031749016,0.3270861496866166,0.0,signal_off,floor
2016-09-22,0.8269129504050079,0.2412362046469759,0.3270861496866166,0.1813975702358181,0.6114597031749016,0.3270861496866166,0.0,signal_off,floor
2016-09-23,0.8228079095833202,0.22518161159607522,0.3270861496866166,0.18230257421317425,0.6114597031749016,0.3270861496866166,0.18230257421317425,vol_target,floor
2016-09-26,0.8357957339144353,0.2354104408436583,0.3270861496866166,0.17946968848175082,0.6114597031749016,0.3270861496866166,0.17946968848175082,vol_target,floor
2016-09-27,0.847372810045909,0.219186090145041,0.3270861496866166,0.17701771666696892,0.6114597031749016,0.3270861496866166,0.17701771666696892,vol_target,floor
2016-09-28,0.8456619236047573,0.20156542536514188,0.3270861496866166,0.17737584702951165,0.6114597031749016,0.3270861496866166,0.17737584702951165,vol_target,floor
2016-09-29,0.85644720553219,0.21286271029313542,0.3270861496866166,0.17514214423385396,0.6114597031749016,0.3270861496866166,0.17514214423385396,vol_target,floor
2016-09-30,0.8567814271608324,0.19573489227189836,0.3270861496866166,0.17507382308351843,0.6114597031749016,0.3270861496866166,0.0,signal_off,floor
2016-10-03,0.8582492472639143,0.18172237695735596,0.3270861496866166,0.1747744032146812,0.6114597031749016,0.3270861496866166,0.1747744032146812,vol_target,floor
2016-10-04,0.8524207856832053,0.16959691428191692,0.3270861496866166,0.17596943026181222,0.6114597031749016,0.3270861496866166,0.17596943026181222,vol_target,floor
2016-10-05,0.8437987695690778,0.15933084712784484,0.3270861496866166,0.1777675026435556,0.6114597031749016,0.3270861496866166,0.1777675026435556,vol_target,floor
2016-10-06,0.8439761675548223,0.1509391451115251,0.3270861496866166,0.17773013713714425,0.6114597031749016,0.3270861496866166,0.17773013713714425,vol_target,floor
2016-10-07,0.845120119598055,0.1517165462772774,0.3270861496866166,0.17748956215992234,0.6114597031749016,0.3270861496866166,0.17748956215992234,vol_target,floor
2016-10-10,0.6388998650304981,0.14727135927487514,0.3270861496866166,0.234778575188523,0.6114597031749016,0.3270861496866166,0.234778575188523,vol_target,floor
2016-10-11,0.6422257958994475,0.19490523784287303,0.3270861496866166,0.23356271416958982,0.6114597031749016,0.3270861496866166,0.23356271416958982,vol_target,floor
2016-10-12,0.5291475388615122,0.18890509882800025,0.3270861496866166,0.28347481370268224,0.6114597031749016,0.3270861496866166,0.28347481370268224,vol_target,floor
2016-10-13,0.5223970599709825,0.1870116320032549,0.3270861496866166,0.28713791001873556,0.6114597031749016,0.3270861496866166,0.28713791001873556,vol_target,floor
2016-10-14,0.5087619136833528,0.17424132641188417,0.3270861496866166,0.2948333905618536,0.6114597031749016,0.3270861496866166,0.2948333905618536,vol_target,floor
2016-10-17,0.4926919541639786,0.16342626886303194,0.3270861496866166,0.30444986716806977,0.6114597031749016,0.3270861496866166,0.30444986716806977,vol_target,floor
2016-10-18,0.49694028607788576,0.15688555575936855,0.3270861496866166,0.3018471317426867,0.6114597031749016,0.3270861496866166,0.3018471317426867,vol_target,floor
2016-10-19,0.49969420437630735,0.15213346656820134,0.3270861496866166,0.3001835896560423,0.6114597031749016,0.3270861496866166,0.3001835896560423,vol_target,floor
2016-10-20,0.43178765939183605,0.14570786551443343,0.3270861496866166,0.3473929760087907,0.6114597031749016,0.3270861496866166,0.3473929760087907,vol_target,floor
2016-10-21,0.40556812711479673,0.139875950705362,0.3270861496866166,0.3698515489052281,0.6114597031749016,0.3270861496866166,0.3698515489052281,vol_target,floor
2016-10-24,0.4190968297225016,0.14008805319212925,0.3270861496866166,0.35791251415411596,0.6114597031749016,0.3270861496866166,0.35791251415411596,vol_target,floor
2016-10-25,0.39463091930585975,0.14446212389486737,0.3270861496866166,0.3801019957175279,0.6114597031749016,0.3270861496866166,0.3801019957175279,vol_target,floor
2016-10-26,0.3842369445588049,0.15338146893902407,0.3270861496866166,0.39038411616622537,0.6114597031749016,0.3270861496866166,0.39038411616622537,vol_target,floor
2016-10-27,0.3948068732451144,0.1645955568907273,0.3270861496866166,0.3799325953144515,0.6114597031749016,0.3270861496866166,0.3799325953144515,vol_target,floor
2016-10-28,0.3837583565745112,0.17229756042057728,0.3270861496866166,0.39087096718602854,0.6114597031749016,0.3270861496866166,0.39087096718602854,vol_target,floor
2016-10-31,0.39722333998817494,0.18098704552125425,0.3270861496866166,0.3776213150125201,0.6114597031749016,0.3270861496866166,0.3776213150125201,vol_target,floor
2016-11-01,0.40633158660760177,0.18951822480359382,0.3270861496866166,0.369156632031308,0.6114597031749016,0.3270861496866166,0.369156632031308,vol_target,floor
2016-11-02,0.414218049630547,0.1945961873606638,0.3270861496866166,0.36212811135050565,0.6114597031749016,0.3270861496866166,0.36212811135050565,vol_target,floor
2016-11-03,0.4475287625894958,0.233626662288923,0.3270861496866166,0.3351739877724693,0.6114597031749016,0.3270861496866166,0.3351739877724693,vol_target,floor
2016-11-04,0.4482461809545016,0.2134256266033551,0.3270861496866166,0.33463754154154296,0.6114597031749016,0.3270861496866166,0.33463754154154296,vol_target,floor
2016-11-07,0.6822327558678128,0.25531099542288643,0.3270861496866166,0.21986631206119264,0.6114597031749016,0.3270861496866166,0.21986631206119264,vol_target,floor
2016-11-08,0.6737375271749645,0.2316994466481466,0.3270861496866166,0.22263862995573666,0.6114597031749016,0.3270861496866166,0.22263862995573666,vol_target,floor
2016-11-09,0.6755339293571057,0.21959149908915773,0.3270861496866166,0.2220465819426013,0.6114597031749016,0.3270861496866166,0.2220465819426013,vol_target,floor
2016-11-10,0.6841130903410961,0.22332659624744686,0.3270861496866166,0.2192619935473104,0.6114597031749016,0.3270861496866166,0.2192619935473104,vol_target,floor
2016-11-11,0.6781267738128269,0.204741542670183,0.3270861496866166,0.2211975780820626,0.6114597031749016,0.3270861496866166,0.2211975780820626,vol_target,floor
2016-11-14,0.6778663163231673,0.18902900866861497,0.3270861496866166,0.22128256912604682,0.6114597031749016,0.3270861496866166,0.22128256912604682,vol_target,floor
2016-11-15,0.6923857567752557,0.1816302891497626,0.3270861496866166,0.216642238134152,0.6114597031749016,0.3270861496866166,0.216642238134152,vol_target,floor
2016-11-16,0.692453594215989,0.1788957705676619,0.3270861496866166,0.2166210143942328,0.6114597031749016,0.3270861496866166,0.2166210143942328,vol_target,floor
2016-11-17,0.6933655652374311,0.17053738133427437,0.3270861496866166,0.21633609674376472,0.6114597031749016,0.3270861496866166,0.21633609674376472,vol_target,floor
2016-11-18,0.69153034238793,0.16010173693786703,0.3270861496866166,0.2169102218740447,0.6114597031749016,0.3270861496866166,0.2169102218740447,vol_target,floor
2016-11-21,0.6980539609662746,0.15454029657416835,0.3270861496866166,0.21488310128971105,0.6114597031749016,0.3270861496866166,0.21488310128971105,vol_target,floor
2016-11-22,0.6863870957069221,0.14681054315386155,0.3270861496866166,0.21853557699174453,0.6114597031749016,0.3270861496866166,0.21853557699174453,vol_target,floor
2016-11-23,0.682531632827837,0.14081602102704038,0.3270861496866166,0.21977003377634843,0.6114597031749016,0.3270861496866166,0.21977003377634843,vol_target,floor
2016-11-25,0.6755546622554548,0.13563571714257874,0.3270861496866166,0.22203976729166422,0.6114597031749016,0.3270861496866166,0.22203976729166422,vol_target,floor
2016-11-28,0.6667830624205708,0.13339836421443185,0.3270861496866166,0.22496072329052064,0.6114597031749016,0.3270861496866166,0.22496072329052064,vol_target,floor
2016-11-29,0.6560791097770916,0.1295552838404609,0.3270861496866166,0.2286309650233548,0.6114597031749016,0.3270861496866166,0.2286309650233548,vol_target,floor
2016-11-30,0.6464419558634725,0.13134798396895153,0.3270861496866166,0.2320393944722235,0.6114597031749016,0.3270861496866166,0.2320393944722235,vol_target,floor
2016-12-01,0.6459050735983513,0.15183026024195193,0.3270861496866166,0.23223226776087502,0.6114597031749016,0.3270861496866166,0.23223226776087502,vol_target,floor
2016-12-02,0.6331305344601417,0.14576103511377989,0.3270861496866166,0.23691796846901741,0.6114597031749016,0.3270861496866166,0.23691796846901741,vol_target,floor
2016-12-05,0.6366624269156554,0.16438473112656352,0.3270861496866166,0.23560366319508264,0.6114597031749016,0.3270861496866166,0.23560366319508264,vol_target,floor
2016-12-06,0.6368162557690417,0.15651136671270152,0.3270861496866166,0.23554675095228958,0.6114597031749016,0.3270861496866166,0.23554675095228958,vol_target,floor
2016-12-07,0.45047803955686044,0.15181907523812443,0.3270861496866166,0.3329796057263001,0.6114597031749016,0.3270861496866166,0.3329796057263001,vol_target,floor
2016-12-08,0.45226187788233346,0.145773452230625,0.3270861496866166,0.3316662476668573,0.6114597031749016,0.3270861496866166,0.3316662476668573,vol_target,floor
2016-12-09,0.4233094081210162,0.14107874602783438,0.3270861496866166,0.3543507352360045,0.6114597031749016,0.3270861496866166,0.3543507352360045,vol_target,floor
2016-12-12,0.41303978711525635,0.15259310139320909,0.3270861496866166,0.36316114011104544,0.6114597031749016,0.3270861496866166,0.36316114011104544,vol_target,floor
2016-12-13,0.41286241828042003,0.1452852103994795,0.3270861496866166,0.363317156898787,0.6114597031749016,0.3270861496866166,0.363317156898787,vol_target,floor
2016-12-14,0.4127604986108893,0.1392150851354174,0.3270861496866166,0.36340686791689697,0.6114597031749016,0.3270861496866166,0.36340686791689697,vol_target,floor
2016-12-15,0.3912546545527167,0.13516176021531362,0.3270861496866166,0.38338202051929676,0.6114597031749016,0.3270861496866166,0.38338202051929676,vol_target,floor
2016-12-16,0.37954976293092196,0.13102029037046695,0.3270861496866166,0.39520509469347237,0.6114597031749016,0.3270861496866166,0.39520509469347237,vol_target,floor
2016-12-19,0.37919747520384084,0.1316626594556996,0.3270861496866166,0.3955722540593558,0.6114597031749016,0.3270861496866166,0.3955722540593558,vol_target,floor
2016-12-20,0.3804499927287677,0.12903137721784236,0.3270861496866166,0.39426995102333656,0.6114597031749016,0.3270861496866166,0.39426995102333656,vol_target,floor
2016-12-21,0.37139042782554704,0.12643934089712058,0.3270861496866166,0.40388763081007406,0.6114597031749016,0.3270861496866166,0.40388763081007406,vol_target,floor
2016-12-22,0.3816017100278307,0.1340820040111405,0.3270861496866166,0.3930799995342272,0.6114597031749016,0.3270861496866166,0.3930799995342272,vol_target,floor
2016-12-23,0.38135030964421335,0.13024155120414294,0.3270861496866166,0.3933391325680181,0.6114597031749016,0.3270861496866166,0.3933391325680181,vol_target,floor
2016-12-27,0.38396078347875184,0.12807379743178793,0.3270861496866166,0.39066489718291997,0.6114597031749016,0.3270861496866166,0.39066489718291997,vol_target,floor
2016-12-28,0.4172957813652971,0.16693219692987507,0.3270861496866166,0.3594572643635026,0.6114597031749016,0.3270861496866166,0.3594572643635026,vol_target,floor
2016-12-29,0.4217432538292592,0.16170408118465943,0.3270861496866166,0.35566662569717544,0.6114597031749016,0.3270861496866166,0.35566662569717544,vol_target,floor
2016-12-30,0.42488079257701483,0.16096951159938144,0.3270861496866166,0.3530402000293074,0.6114597031749016,0.3270861496866166,0.3530402000293074,vol_target,floor
2017-01-03,0.4739435061298282,0.17194619484629362,0.3270861496866166,0.3164934175908093,0.6114597031749016,0.3270861496866166,0.3164934175908093,vol_target,floor
2017-01-04,0.483133285712374,0.16635509516672017,0.3270861496866166,0.310473329898657,0.6114597031749016,0.3270861496866166,0.310473329898657,vol_target,floor
2017-01-05,0.40713508061247866,0.15683434425261475,0.3270861496866166,0.36842808970021856,0.6114597031749016,0.3270861496866166,0.36842808970021856,vol_target,floor
2017-01-06,0.40344319129958095,0.14893851239175812,0.3270861496866166,0.3717995574961034,0.6114597031749016,0.3270861496866166,0.3717995574961034,vol_target,floor
2017-01-09,0.3985707005062459,0.14221784350033742,0.3270861496866166,0.37634477348554973,0.6114597031749016,0.3270861496866166,0.37634477348554973,vol_target,floor
2017-01-10,0.3961981443317289,0.1366617995799219,0.3270861496866166,0.37859844157777767,0.6114597031749016,0.3270861496866166,0.37859844157777767,vol_target,floor
2017-01-11,0.3949893801332116,0.13322678601750598,0.3270861496866166,0.37975704549173434,0.6114597031749016,0.3270861496866166,0.37975704549173434,vol_target,floor
2017-01-12,0.37948045416444337,0.13085598176984678,0.3270861496866166,0.39527727542720625,0.6114597031749016,0.3270861496866166,0.39527727542720625,vol_target,floor
2017-01-13,0.3794206934301368,0.12753522636032258,0.3270861496866166,0.3953395336557195,0.6114597031749016,0.3270861496866166,0.3953395336557195,vol_target,floor
2017-01-17,0.3798273448318878,0.1246947928193053,0.3270861496866166,0.3949162745678309,0.6114597031749016,0.3270861496866166,0.3949162745678309,vol_target,floor
2017-01-18,0.3797326329735098,0.1225828087875608,0.3270861496866166,0.3950147734879136,0.6114597031749016,0.3270861496866166,0.3950147734879136,vol_target,floor
2017-01-19,0.3819019047144022,0.12157831522196445,0.3270861496866166,0.39277101828589867,0.6114597031749016,0.3270861496866166,0.39277101828589867,vol_target,floor
2017-01-20,0.3766333605602722,0.12255412235999362,0.3270861496866166,0.3982653044246081,0.6114597031749016,0.3270861496866166,0.3982653044246081,vol_target,floor
2017-01-23,0.37647895009332594,0.12165436492247268,0.3270861496866166,0.39842865042737785,0.6114597031749016,0.3270861496866166,0.39842865042737785,vol_target,floor
2017-01-24,0.3928343360652168,0.12611601871568406,0.3270861496866166,0.3818403490449918,0.6114597031749016,0.3270861496866166,0.3818403490449918,vol_target,floor
2017-01-25,0.3821883307436806,0.12489414446997003,0.3270861496866166,0.39247666120031116,0.6114597031749016,0.3270861496866166,0.39247666120031116,vol_target,floor
2017-01-26,0.3809160065355162,0.1225642006151724,0.3270861496866166,0.3937875999600824,0.6114597031749016,0.3270861496866166,0.3937875999600824,vol_target,floor
2017-01-27,0.37975198917772557,0.12077617130621862,0.3270861496866166,0.39499463932972145,0.6114597031749016,0.3270861496866166,0.39499463932972145,vol_target,floor
2017-01-30,0.3512470320354188,0.13418995191230065,0.3270861496866166,0.4270498717975627,0.6114597031749016,0.3270861496866166,0.4270498717975627,vol_target,floor
2017-01-31,0.34430973523815167,0.13063827985577342,0.3270861496866166,0.43565425153096005,0.6114597031749016,0.3270861496866166,0.43565425153096005,vol_target,floor
2017-02-01,0.32915621452471716,0.12874689399792313,0.3270861496866166,0.4557106728687819,0.6114597031749016,0.3270861496866166,0.4557106728687819,vol_target,floor
2017-02-02,0.2541320092175632,0.13464165792758115,0.3270861496866166,0.590244418488757,0.6114597031749016,0.3270861496866166,0.590244418488757,vol_target,floor
2017-02-03,0.23335947443001426,0.13232209337139894,0.3270861496866166,0.642785129536216,0.6114597031749016,0.3270861496866166,0.6114597031749016,stress_budget,floor
2017-02-06,0.23615740135072008,0.12921690409148207,0.3270861496866166,0.6351695908832994,0.6114597031749016,0.3270861496866166,0.6114597031749016,stress_budget,floor
2017-02-07,0.23838677453736545,0.1266552597992372,0.3270861496866166,0.6292295379687204,0.6114597031749016,0.3270861496866166,0.6114597031749016,stress_budget,floor
2017-02-08,0.23964190061752605,0.12416405079064971,0.3270861496866166,0.6259339439950588,0.6114597031749016,0.3270861496866166,0.6114597031749016,stress_budget,floor
2017-02-09,0.24775250840681687,0.12420077132606779,0.3270861496866166,0.6054429114142231,0.6114597031749016,0.3270861496866166,0.6054429114142231,vol_target,floor
2017-02-10,0.24966725820339364,0.12364500065299301,0.3270861496866166,0.6007996446125954,0.6114597031749016,0.3270861496866166,0.6007996446125954,vol_target,floor
2017-02-13,0.24960791563812595,0.12326456727951625,0.3270861496866166,0.6009424805961101,0.6114597031749016,0.3270861496866166,0.6009424805961101,vol_target,floor
2017-02-14,0.3002426020670015,0.13416001636476887,0.3270861496866166,0.49959598993392124,0.6114597031749016,0.3270861496866166,0.49959598993392124,vol_target,floor
2017-02-15,0.36175502661187714,0.17988608417333157,0.3270861496866166,0.4146452404680289,0.6114597031749016,0.3270861496866166,0.4146452404680289,vol_target,floor
2017-02-16,0.365348968168423,0.17012802728528975,0.3270861496866166,0.4105663709739866,0.6114597031749016,0.3270861496866166,0.4105663709739866,vol_target,floor
2017-02-17,0.37004765102977694,0.16393277188333308,0.3270861496866166,0.4053532013581943,0.6114597031749016,0.3270861496866166,0.4053532013581943,vol_target,floor
2017-02-21,0.3661947772502267,0.1558316180934442,0.3270861496866166,0.4096180757310545,0.6114597031749016,0.3270861496866166,0.4096180757310545,vol_target,floor
2017-02-22,0.36602946664617303,0.14896504551352804,0.3270861496866166,0.40980307234389785,0.6114597031749016,0.3270861496866166,0.40980307234389785,vol_target,floor
2017-02-23,0.3603950939178994,0.16060600017774995,0.3270861496866166,0.4162098833514395,0.6114597031749016,0.3270861496866166,0.4162098833514395,vol_target,floor
2017-02-24,0.35572940644949264,0.15204308896726676,0.3270861496866166,0.42166882265129063,0.6114597031749016,0.3270861496866166,0.42166882265129063,vol_target,floor
2017-02-27,0.3558347399527517,0.14476922861387598,0.3270861496866166,0.4215440010717257,0.6114597031749016,0.3270861496866166,0.4215440010717257,vol_target,floor
2017-02-28,0.3613465618040911,0.14722589538414738,0.3270861496866166,0.41511395390368905,0.6114597031749016,0.3270861496866166,0.41511395390368905,vol_target,floor
2017-03-01,0.3552663048261611,0.14161759782112007,0.3270861496866166,0.42221848219858055,0.6114597031749016,0.3270861496866166,0.42221848219858055,vol_target,floor
2017-03-02,0.35483523412259926,0.13620037994992387,0.3270861496866166,0.4227314132738392,0.6114597031749016,0.3270861496866166,0.4227314132738392,vol_target,floor
2017-03-03,0.36303972653156336,0.13518256872656573,0.3270861496866166,0.4131779225185118,0.6114597031749016,0.3270861496866166,0.4131779225185118,vol_target,floor
2017-03-06,0.35605877052441354,0.13117824348404783,0.3270861496866166,0.4212787674885124,0.6114597031749016,0.3270861496866166,0.4212787674885124,vol_target,floor
2017-03-07,0.3495604839808978,0.12786801612790358,0.3270861496866166,0.4291102881302709,0.6114597031749016,0.3270861496866166,0.4291102881302709,vol_target,floor
2017-03-08,0.3490287475674717,0.12507097891057967,0.3270861496866166,0.42976402673250597,0.6114597031749016,0.3270861496866166,0.42976402673250597,vol_target,floor
2017-03-09,0.34914711756873035,0.12344753543638623,0.3270861496866166,0.42961832549132295,0.6114597031749016,0.3270861496866166,0.42961832549132295,vol_target,floor
2017-03-10,0.3515678117981206,0.1222441613621912,0.3270861496866166,0.42666022020848116,0.6114597031749016,0.3270861496866166,0.42666022020848116,vol_target,floor
2017-03-13,0.3513765922143651,0.12262681605703474,0.3270861496866166,0.4268924092373494,0.6114597031749016,0.3270861496866166,0.4268924092373494,vol_target,floor
2017-03-14,0.3557035538397776,0.13381942674098316,0.3270861496866166,0.4216994696307299,0.6114597031749016,0.3270861496866166,0.4216994696307299,vol_target,floor
2017-03-15,0.35773092213757407,0.13189050608532527,0.3270861496866166,0.41930957241184164,0.6114597031749016,0.3270861496866166,0.41930957241184164,vol_target,floor
2017-03-16,0.31717829146519877,0.13178775457224282,0.3270861496866166,0.47292013367963487,0.6114597031749016,0.3270861496866166,0.47292013367963487,vol_target,floor
2017-03-17,0.26395364399955207,0.1281804972830584,0.3270861496866166,0.5682816032661195,0.6114597031749016,0.3270861496866166,0.5682816032661195,vol_target,floor
2017-03-20,0.2606628786942288,0.12532873470047415,0.3270861496866166,0.575455932779588,0.6114597031749016,0.3270861496866166,0.575455932779588,vol_target,floor
2017-03-21,0.3095064484755952,0.17235198974975835,0.3270861496866166,0.48464256799427424,0.6114597031749016,0.3270861496866166,0.48464256799427424,vol_target,floor
2017-03-22,0.31212801488342695,0.16534051435062688,0.3270861496866166,0.4805720500802267,0.6114597031749016,0.3270861496866166,0.4805720500802267,vol_target,floor
2017-03-23,0.3254840059191278,0.17054993533260257,0.3270861496866166,0.4608521379611818,0.6114597031749016,0.3270861496866166,0.4608521379611818,vol_target,floor
2017-03-24,0.3170422057983495,0.16176704164198086,0.3270861496866166,0.47312312763621606,0.6114597031749016,0.3270861496866166,0.47312312763621606,vol_target,floor
2017-03-27,0.3243261317031491,0.1545335838610761,0.3270861496866166,0.4624974226168515,0.6114597031749016,0.3270861496866166,0.4624974226168515,vol_target,floor
2017-03-28,0.35351633262147675,0.15363698119209326,0.3270861496866166,0.42430854293968545,0.6114597031749016,0.3270861496866166,0.42430854293968545,vol_target,floor
2017-03-29,0.34384179972882356,0.14616933647725358,0.3270861496866166,0.43624713492745776,0.6114597031749016,0.3270861496866166,0.43624713492745776,vol_target,floor
2017-03-30,0.342008382002089,0.14004755865719398,0.3270861496866166,0.4385857420274682,0.6114597031749016,0.3270861496866166,0.4385857420274682,vol_target,floor
2017-03-31,0.3623422117070047,0.15477582344441218,0.3270861496866166,0.4139732969375708,0.6114597031749016,0.3270861496866166,0.4139732969375708,vol_target,floor
2017-04-03,0.35277461191338977,0.14980695954207907,0.3270861496866166,0.4252006661886052,0.6114597031749016,0.3270861496866166,0.4252006661886052,vol_target,floor
2017-04-04,0.3547729198508592,0.14363969995463355,0.3270861496866166,0.42280566415006415,0.6114597031749016,0.3270861496866166,0.42280566415006415,vol_target,floor
2017-04-05,0.390628274945491,0.17958717450257203,0.3270861496866166,0.3839967806245753,0.6114597031749016,0.3270861496866166,0.3839967806245753,vol_target,floor
2017-04-06,0.39753503536581014,0.16913228699187188,0.3270861496866166,0.3773252333897328,0.6114597031749016,0.3270861496866166,0.3773252333897328,vol_target,floor
2017-04-07,0.41231705865000695,0.17790167558984427,0.3270861496866166,0.3637977058022396,0.6114597031749016,0.3270861496866166,0.3637977058022396,vol_target,floor
2017-04-10,0.4390340761909707,0.2062363413265079,0.3270861496866166,0.3416591288343484,0.6114597031749016,0.3270861496866166,0.3416591288343484,vol_target,floor
2017-04-11,0.4374924028910371,0.20565278019590968,0.3270861496866166,0.342863096613267,0.6114597031749016,0.3270861496866166,0.342863096613267,vol_target,floor
2017-04-12,0.44035045274424217,0.20341126932558018,0.3270861496866166,0.34063777853572635,0.6114597031749016,0.3270861496866166,0.34063777853572635,vol_target,floor
2017-04-13,0.4296404434033675,0.19474990199734096,0.3270861496866166,0.3491291434572249,0.6114597031749016,0.3270861496866166,0.3491291434572249,vol_target,floor
2017-04-17,0.4713163434738212,0.19131097012131,0.3270861496866166,0.3182575823584433,0.6114597031749016,0.3270861496866166,0.3182575823584433,vol_target,floor
2017-04-18,0.4712942690681787,0.17753687017680397,0.3270861496866166,0.31827248885621523,0.6114597031749016,0.3270861496866166,0.31827248885621523,vol_target,floor
2017-04-19,0.47125565152568166,0.17385741478560118,0.3270861496866166,0.31829857003173906,0.6114597031749016,0.3270861496866166,0.31829857003173906,vol_target,floor
2017-04-20,0.453561110647074,0.16356371126574262,0.3270861496866166,0.33071618460851315,0.6114597031749016,0.3270861496866166,0.33071618460851315,vol_target,floor
2017-04-21,0.4526183713367722,0.15437795295205536,0.3270861496866166,0.3314050191046974,0.6114597031749016,0.3270861496866166,0.3314050191046974,vol_target,floor
2017-04-24,0.5818933253967908,0.18682815977908976,0.3270861496866166,0.25777920703544,0.6114597031749016,0.3270861496866166,0.0,signal_off,floor
2017-04-25,0.5787809179130249,0.17427185636223694,0.3270861496866166,0.2591654205547615,0.6114597031749016,0.3270861496866166,0.0,signal_off,floor
2017-04-26,0.5738782324325999,0.16323596931986023,0.3270861496866166,0.26137949049603826,0.6114597031749016,0.3270861496866166,0.0,signal_off,floor
2017-04-27,0.5525949038563311,0.1540691126780827,0.3270861496866166,0.27144658583206627,0.6114597031749016,0.3270861496866166,0.0,signal_off,floor
2017-04-28,0.5527861250680749,0.14644281397386053,0.3270861496866166,0.27135268632425913,0.6114597031749016,0.3270861496866166,0.27135268632425913,vol_target,floor
2017-05-01,0.56638214384227,0.14471663610452296,0.3270861496866166,0.2648388577055371,0.6114597031749016,0.3270861496866166,0.2648388577055371,vol_target,floor
2017-05-02,0.5571979204994237,0.14103476961130781,0.3270861496866166,0.26920416333491165,0.6114597031749016,0.3270861496866166,0.26920416333491165,vol_target,floor
2017-05-03,0.5598832129794474,0.14382406192086494,0.3270861496866166,0.2679130156479728,0.6114597031749016,0.3270861496866166,0.2679130156479728,vol_target,floor
2017-05-04,0.5634667930482499,0.14001754500423183,0.3270861496866166,0.2662091215500528,0.6114597031749016,0.3270861496866166,0.2662091215500528,vol_target,floor
2017-05-05,0.5381896771774293,0.13529577455742062,0.3270861496866166,0.2787121462207985,0.6114597031749016,0.3270861496866166,0.2787121462207985,vol_target,floor
2017-05-08,0.5369076143726176,0.1322627080491723,0.3270861496866166,0.27937767315011286,0.6114597031749016,0.3270861496866166,0.27937767315011286,vol_target,floor
2017-05-09,0.5231427793382823,0.12870536910321073,0.3270861496866166,0.28672860627022967,0.6114597031749016,0.3270861496866166,0.28672860627022967,vol_target,floor
2017-05-10,0.4900643348604826,0.126201174921108,0.3270861496866166,0.3060822617150946,0.6114597031749016,0.3270861496866166,0.3060822617150946,vol_target,floor
2017-05-11,0.4765523338675695,0.12655016648716452,0.3270861496866166,0.31476081290514446,0.6114597031749016,0.3270861496866166,0.31476081290514446,vol_target,floor
2017-05-12,0.45934401680058357,0.12464738697948269,0.3270861496866166,0.3265526370513714,0.6114597031749016,0.3270861496866166,0.3265526370513714,vol_target,floor
2017-05-15,0.44819355690928847,0.12386883100346702,0.3270861496866166,0.33467683255955205,0.6114597031749016,0.3270861496866166,0.33467683255955205,vol_target,floor
2017-05-16,0.41363593031425244,0.12180428869520325,0.3270861496866166,0.36263774253373054,0.6114597031749016,0.3270861496866166,0.36263774253373054,vol_target,floor
2017-05-17,0.7748185390928197,0.49401953097558704,0.3270861496866166,0.193593715730685,0.40484229359321305,0.49401953097558704,0.193593715730685,vol_target,model
2017-05-18,0.7718035283973106,0.4351293944901143,0.3270861496866166,0.1943499796010037,0.45963339303785833,0.4351293944901143,0.1943499796010037,vol_target,model
2017-05-19,0.8494427745067473,0.406417393222187,0.3270861496866166,0.17658635107833096,0.4921049230062373,0.406417393222187,0.17658635107833096,vol_target,model
2017-05-22,0.8552360658316481,0.36269212011370466,0.3270861496866166,0.17539017119692804,0.5514318864641989,0.36269212011370466,0.17539017119692804,vol_target,model
2017-05-23,0.7778718410331076,0.3247411677464222,0.3270861496866166,0.19283382182954703,0.6114597031749016,0.3270861496866166,0.19283382182954703,vol_target,floor
2017-05-24,0.781461481812548,0.2922026185086947,0.3270861496866166,0.1919480402950699,0.6114597031749016,0.3270861496866166,0.1919480402950699,vol_target,floor
2017-05-25,0.7819527875523103,0.263702021612069,0.3270861496866166,0.191827438162263,0.6114597031749016,0.3270861496866166,0.191827438162263,vol_target,floor
2017-05-26,0.7820536141171067,0.23885866509933273,0.3270861496866166,0.19180270673557503,0.6114597031749016,0.3270861496866166,0.19180270673557503,vol_target,floor
2017-05-30,0.7824191122278195,0.21786090496855964,0.3270861496866166,0.19171310830188926,0.6114597031749016,0.3270861496866166,0.19171310830188926,vol_target,floor
2017-05-31,0.7731264545933202,0.1999127566590738,0.3270861496866166,0.19401741993022728,0.6114597031749016,0.3270861496866166,0.19401741993022728,vol_target,floor
2017-06-01,0.7740728442511795,0.18547155020773737,0.3270861496866166,0.19378021217771382,0.6114597031749016,0.3270861496866166,0.19378021217771382,vol_target,floor
2017-06-02,0.7712359574438215,0.17342050786480123,0.3270861496866166,0.19449300639088307,0.6114597031749016,0.3270861496866166,0.19449300639088307,vol_target,floor
2017-06-05,0.7687521848683617,0.16593335596917427,0.3270861496866166,0.19512139666397885,0.6114597031749016,0.3270861496866166,0.19512139666397885,vol_target,floor
2017-06-06,0.7714531909921946,0.16367238871480522,0.3270861496866166,0.19443823909403943,0.6114597031749016,0.3270861496866166,0.19443823909403943,vol_target,floor
2017-06-07,0.7688867787326853,0.15448385028595843,0.3270861496866166,0.19508724060418484,0.6114597031749016,0.3270861496866166,0.19508724060418484,vol_target,floor
2017-06-08,0.7709380453033398,0.14758293520625965,0.3270861496866166,0.1945681639579478,0.6114597031749016,0.3270861496866166,0.1945681639579478,vol_target,floor
2017-06-09,0.7712606660947467,0.1425719310237034,0.3270861496866166,0.19448677547568982,0.6114597031749016,0.3270861496866166,0.19448677547568982,vol_target,floor
2017-06-12,0.7714617369827655,0.1402568403492538,0.3270861496866166,0.19443608517339986,0.6114597031749016,0.3270861496866166,0.19443608517339986,vol_target,floor
2017-06-13,0.7776143738187588,0.13869223035318604,0.3270861496866166,0.1928976688835757,0.6114597031749016,0.3270861496866166,0.1928976688835757,vol_target,floor
2017-06-14,0.7746505509552662,0.13407101619357872,0.3270861496866166,0.19363569781887632,0.6114597031749016,0.3270861496866166,0.19363569781887632,vol_target,floor
2017-06-15,0.7756088876349666,0.13446187779276558,0.3270861496866166,0.19339644296417108,0.6114597031749016,0.3270861496866166,0.19339644296417108,vol_target,floor
2017-06-16,0.42229998411383884,0.13048467734344757,0.3270861496866166,0.35519774009644456,0.6114597031749016,0.3270861496866166,0.35519774009644456,vol_target,floor
2017-06-19,0.4205108448052689,0.12805271828534534,0.3270861496866166,0.3567089930093535,0.6114597031749016,0.3270861496866166,0.3567089930093535,vol_target,floor
2017-06-20,0.2396520869332658,0.12511262891635488,0.3270861496866166,0.6259073389240688,0.6114597031749016,0.3270861496866166,0.6114597031749016,stress_budget,floor
2017-06-21,0.21549626010850867,0.1257644115696053,0.3270861496866166,0.6960677643522473,0.6114597031749016,0.3270861496866166,0.6114597031749016,stress_budget,floor
2017-06-22,0.2145247637086163,0.12400204404056608,0.3270861496866166,0.699219975385878,0.6114597031749016,0.3270861496866166,0.6114597031749016,stress_budget,floor
2017-06-23,0.19807842497674066,0.12197269034178146,0.3270861496866166,0.7572758114247613,0.6114597031749016,0.3270861496866166,0.6114597031749016,stress_budget,floor
2017-06-26,0.20410651027562587,0.12162587574001645,0.3270861496866166,0.7349104141628784,0.6114597031749016,0.3270861496866166,0.6114597031749016,stress_budget,floor
2017-06-27,0.24099274492939232,0.14806703698889778,0.3270861496866166,0.6224253765147495,0.6114597031749016,0.3270861496866166,0.6114597031749016,stress_budget,floor
2017-06-28,0.2518994573117375,0.14343365608146122,0.3270861496866166,0.5954756774817815,0.6114597031749016,0.3270861496866166,0.5954756774817815,vol_target,floor
2017-06-29,0.2698619300616606,0.15328673869734458,0.3270861496866166,0.555839795430673,0.6114597031749016,0.3270861496866166,0.555839795430673,vol_target,floor
2017-06-30,0.27191439976028864,0.1540852788351237,0.3270861496866166,0.5516441943943954,0.6114597031749016,0.3270861496866166,0.5516441943943954,vol_target,floor
2017-07-03,0.28277647412035084,0.15901129517596335,0.3270861496866166,0.5304543118963969,0.6114597031749016,0.3270861496866166,0.5304543118963969,vol_target,floor
2017-07-05,0.28300102841366814,0.15083545789006475,0.3270861496866166,0.5300334095632404,0.6114597031749016,0.3270861496866166,0.5300334095632404,vol_target,floor
2017-07-06,0.324023575281905,0.19120907512741928,0.3270861496866166,0.46292927873997414,0.6114597031749016,0.3270861496866166,0.46292927873997414,vol_target,floor
2017-07-07,0.3392021823143161,0.17972477979713103,0.3270861496866166,0.44221413605471727,0.6114597031749016,0.3270861496866166,0.44221413605471727,vol_target,floor
2017-07-10,0.34245535153446527,0.1690492245918328,0.3270861496866166,0.43801330400556976,0.6114597031749016,0.3270861496866166,0.43801330400556976,vol_target,floor
2017-07-11,0.34316367566155825,0.1590764918216016,0.3270861496866166,0.43710920076499005,0.6114597031749016,0.3270861496866166,0.43710920076499005,vol_target,floor
2017-07-12,0.3516114938009966,0.1527587614612186,0.3270861496866166,0.4266072146233544,0.6114597031749016,0.3270861496866166,0.4266072146233544,vol_target,floor
2017-07-13,0.3362026412211511,0.1455899704384852,0.3270861496866166,0.4461594931413145,0.6114597031749016,0.3270861496866166,0.4461594931413145,vol_target,floor
2017-07-14,0.3497845802074407,0.1424464087700813,0.3270861496866166,0.42883537036150104,0.6114597031749016,0.3270861496866166,0.42883537036150104,vol_target,floor
2017-07-17,0.3460582438692197,0.1370638441252726,0.3270861496866166,0.43345304629323356,0.6114597031749016,0.3270861496866166,0.43345304629323356,vol_target,floor
2017-07-18,0.3468100796867715,0.13283574550178864,0.3270861496866166,0.432513380624564,0.6114597031749016,0.3270861496866166,0.432513380624564,vol_target,floor
2017-07-19,0.3484784181196859,0.13039377976524602,0.3270861496866166,0.4304427252894671,0.6114597031749016,0.3270861496866166,0.4304427252894671,vol_target,floor
2017-07-20,0.348416917375375,0.12701781800666115,0.3270861496866166,0.4305187048032861,0.6114597031749016,0.3270861496866166,0.4305187048032861,vol_target,floor
2017-07-21,0.34495925944323574,0.12440053904601382,0.3270861496866166,0.4348339576160385,0.6114597031749016,0.3270861496866166,0.4348339576160385,vol_target,floor
2017-07-24,0.3431021125133461,0.12219708749509867,0.3270861496866166,0.43718763169715325,0.6114597031749016,0.3270861496866166,0.43718763169715325,vol_target,floor
2017-07-25,0.3432469054423463,0.12058542886253293,0.3270861496866166,0.43700321145413745,0.6114597031749016,0.3270861496866166,0.43700321145413745,vol_target,floor
2017-07-26,0.3415565746593592,0.12182131784371829,0.3270861496866166,0.4391658985033382,0.6114597031749016,0.3270861496866166,0.4391658985033382,vol_target,floor
2017-07-27,0.31905173243934676,0.12357029834060292,0.3270861496866166,0.4701431923066448,0.6114597031749016,0.3270861496866166,0.4701431923066448,vol_target,floor
2017-07-28,0.31068265223624353,0.12149166363487333,0.3270861496866166,0.48280777481563336,0.6114597031749016,0.3270861496866166,0.48280777481563336,vol_target,floor
2017-07-31,0.29338509905802806,0.12005545533216527,0.3270861496866166,0.5112734098684807,0.6114597031749016,0.3270861496866166,0.5112734098684807,vol_target,floor
2017-08-01,0.28142892821887183,0.11867643472591395,0.3270861496866166,0.5329942481369313,0.6114597031749016,0.3270861496866166,0.5329942481369313,vol_target,floor
2017-08-02,0.2694772986056163,0.12210945802411285,0.3270861496866166,0.5566331589939494,0.6114597031749016,0.3270861496866166,0.5566331589939494,vol_target,floor
2017-08-03,0.27312753701515885,0.1224608447981919,0.3270861496866166,0.5491939832916768,0.6114597031749016,0.3270861496866166,0.5491939832916768,vol_target,floor
2017-08-04,0.1941698844313887,0.12091723246647104,0.3270861496866166,0.772519386511782,0.6114597031749016,0.3270861496866166,0.6114597031749016,stress_budget,floor
2017-08-07,0.18059763628730643,0.12000169500662648,0.3270861496866166,0.8305756547188151,0.6114597031749016,0.3270861496866166,0.6114597031749016,stress_budget,floor
2017-08-08,0.21646045406146297,0.14394205318844183,0.3270861496866166,0.6929672241997985,0.6114597031749016,0.3270861496866166,0.6114597031749016,stress_budget,floor
2017-08-09,0.22484671462424463,0.14359784648299673,0.3270861496866166,0.6671211551864316,0.6114597031749016,0.3270861496866166,0.6114597031749016,stress_budget,floor
2017-08-10,0.7035902090826728,0.536560604753004,0.3270861496866166,0.21319227877768093,0.37274447327728505,0.536560604753004,0.21319227877768093,vol_target,model
2017-08-11,0.7009639432990056,0.4713349716021629,0.3270861496866166,0.2139910353934075,0.42432667221818815,0.4713349716021629,0.2139910353934075,vol_target,model
2017-08-14,0.865130482668649,0.45526580846409004,0.3270861496866166,0.1733842501275626,0.4393038007284823,0.45526580846409004,0.1733842501275626,vol_target,model
2017-08-15,0.8641665143742693,0.40192256445369967,0.3270861496866166,0.1735776583620726,0.49760828997457157,0.40192256445369967,0.1735776583620726,vol_target,model
2017-08-16,0.8632806365601031,0.35655663246061264,0.3270861496866166,0.17375577957789248,0.5609207115845565,0.35655663246061264,0.17375577957789248,vol_target,model
2017-08-17,0.9801258648573649,0.5123560875711538,0.3270861496866166,0.1530415688211933,0.39035351555616066,0.5123560875711538,0.1530415688211933,vol_target,model
2017-08-18,0.9791313737328715,0.4507163917437825,0.3270861496866166,0.15319701117137655,0.4437380216552973,0.4507163917437825,0.15319701117137655,vol_target,model
2017-08-21,1.0022337610911376,0.4030007109472078,0.3270861496866166,0.14966568262148158,0.4962770401320696,0.4030007109472078,0.14966568262148158,vol_target,model
2017-08-22,1.0454756479748786,0.36939924293994303,0.3270861496866166,0.14347536481653592,0.5414196261157905,0.36939924293994303,0.14347536481653592,vol_target,model
2017-08-23,1.0548137421503787,0.3586792936725869,0.3270861496866166,0.14220520079137855,0.5576011872672135,0.3586792936725869,0.14220520079137855,vol_target,model
2017-08-24,1.0570218124948447,0.31989399586526535,0.3270861496866166,0.14190814061439397,0.6114597031749016,0.3270861496866166,0.14190814061439397,vol_target,floor
2017-08-25,1.0608767539415522,0.28733822183598723,0.3270861496866166,0.14139248451122538,0.6114597031749016,0.3270861496866166,0.14139248451122538,vol_target,floor
2017-08-28,1.0611020260525115,0.25891156944743676,0.3270861496866166,0.1413624668666657,0.6114597031749016,0.3270861496866166,0.1413624668666657,vol_target,floor
2017-08-29,1.0598729325295113,0.23712631814688712,0.3270861496866166,0.14152639943545625,0.6114597031749016,0.3270861496866166,0.14152639943545625,vol_target,floor
2017-08-30,1.0593919886287027,0.21650437537304174,0.3270861496866166,0.14159064974067143,0.6114597031749016,0.3270861496866166,0.14159064974067143,vol_target,floor
2017-08-31,1.0679591927636676,0.20158374289512757,0.3270861496866166,0.14045480484308545,0.6114597031749016,0.3270861496866166,0.14045480484308545,vol_target,floor
2017-09-01,1.0679273890833145,0.18653311669209685,0.3270861496866166,0.14045898769274634,0.6114597031749016,0.3270861496866166,0.14045898769274634,vol_target,floor
2017-09-05,1.0715725809943148,0.19209453557108272,0.3270861496866166,0.13998118527894268,0.6114597031749016,0.3270861496866166,0.13998118527894268,vol_target,floor
2017-09-06,1.0691701704540921,0.17972180823191442,0.3270861496866166,0.14029572106028063,0.6114597031749016,0.3270861496866166,0.14029572106028063,vol_target,floor
2017-09-07,1.0674937987573618,0.1682020026731575,0.3270861496866166,0.1405160387578931,0.6114597031749016,0.3270861496866166,0.1405160387578931,vol_target,floor
2017-09-08,1.0691966373283202,0.17144400470528345,0.3270861496866166,0.14029224818253822,0.6114597031749016,0.3270861496866166,0.14029224818253822,vol_target,floor
2017-09-11,0.8469048511452963,0.17142052215639375,0.3270861496866166,0.17711552814598974,0.6114597031749016,0.3270861496866166,0.17711552814598974,vol_target,floor
2017-09-12,0.8468517238301345,0.1619506035155483,0.3270861496866166,0.1771266395037624,0.6114597031749016,0.3270861496866166,0.1771266395037624,vol_target,floor
2017-09-13,0.7000141681808973,0.156213739019975,0.3270861496866166,0.21428137717526463,0.6114597031749016,0.3270861496866166,0.21428137717526463,vol_target,floor
2017-09-14,0.700717147111389,0.14980770215374892,0.3270861496866166,0.21406640413803854,0.6114597031749016,0.3270861496866166,0.21406640413803854,vol_target,floor
2017-09-15,0.7009826201118846,0.14311350498365624,0.3270861496866166,0.21398533386756197,0.6114597031749016,0.3270861496866166,0.21398533386756197,vol_target,floor
2017-09-18,0.4814465157335846,0.14248141419369384,0.3270861496866166,0.3115610874687577,0.6114597031749016,0.3270861496866166,0.3115610874687577,vol_target,floor
2017-09-19,0.4803017496983608,0.13711340451360116,0.3270861496866166,0.3123036717942481,0.6114597031749016,0.3270861496866166,0.3123036717942481,vol_target,floor
2017-09-20,0.45570361560563105,0.13283003646552174,0.3270861496866166,0.329161312009012,0.6114597031749016,0.3270861496866166,0.329161312009012,vol_target,floor
2017-09-21,0.3832340634112617,0.13016805541444335,0.3270861496866166,0.39140570821083254,0.6114597031749016,0.3270861496866166,0.39140570821083254,vol_target,floor
2017-09-22,0.3343875937284528,0.12987010474974822,0.3270861496866166,0.44858123570759917,0.6114597031749016,0.3270861496866166,0.44858123570759917,vol_target,floor
2017-09-25,0.3341924866509604,0.12659156245590336,0.3270861496866166,0.4488431248206487,0.6114597031749016,0.3270861496866166,0.4488431248206487,vol_target,floor
2017-09-26,0.33095829064605,0.12404549525206625,0.3270861496866166,0.45322931692447166,0.6114597031749016,0.3270861496866166,0.45322931692447166,vol_target,floor
2017-09-27,0.3309009737366843,0.1219206634668318,0.3270861496866166,0.4533078228997992,0.6114597031749016,0.3270861496866166,0.4533078228997992,vol_target,floor
2017-09-28,0.3269466692588341,0.12111974100541367,0.3270861496866166,0.458790420896594,0.6114597031749016,0.3270861496866166,0.458790420896594,vol_target,floor
2017-09-29,0.32593683960579967,0.1202852433227409,0.3270861496866166,0.4602118624621128,0.6114597031749016,0.3270861496866166,0.4602118624621128,vol_target,floor
2017-10-02,0.31975995846164856,0.12125768787081075,0.3270861496866166,0.4691018873083533,0.6114597031749016,0.3270861496866166,0.4691018873083533,vol_target,floor
2017-10-03,0.320608772464773,0.1207111986861142,0.3270861496866166,0.4678599367285912,0.6114597031749016,0.3270861496866166,0.4678599367285912,vol_target,floor
2017-10-04,0.29088809828224726,0.11920208872959383,0.3270861496866166,0.5156622112963032,0.6114597031749016,0.3270861496866166,0.5156622112963032,vol_target,floor
2017-10-05,0.293854879862838,0.1217951754321474,0.3270861496866166,0.5104560457529757,0.6114597031749016,0.3270861496866166,0.5104560457529757,vol_target,floor
2017-10-06,0.29800139307997087,0.12077157534573926,0.3270861496866166,0.5033533516393542,0.6114597031749016,0.3270861496866166,0.5033533516393542,vol_target,floor
2017-10-09,0.28638075289130044,0.1264898861122778,0.3270861496866166,0.5237782165372491,0.6114597031749016,0.3270861496866166,0.5237782165372491,vol_target,floor
2017-10-10,0.2362333022802286,0.12544573574770587,0.3270861496866166,0.6349655131267838,0.6114597031749016,0.3270861496866166,0.6114597031749016,stress_budget,floor
2017-10-11,0.2332186817782165,0.12341158444782982,0.3270861496866166,0.6431731748773247,0.6114597031749016,0.3270861496866166,0.6114597031749016,stress_budget,floor
2017-10-12,0.21737272341719438,0.12159655682392363,0.3270861496866166,0.6900589809150584,0.6114597031749016,0.3270861496866166,0.6114597031749016,stress_budget,floor
2017-10-13,0.21323441434601303,0.12093320038032686,0.3270861496866166,0.703451178178944,0.6114597031749016,0.3270861496866166,0.6114597031749016,stress_budget,floor
2017-10-16,0.21415652763915516,0.1200648293330834,0.3270861496866166,0.7004222642829909,0.6114597031749016,0.3270861496866166,0.6114597031749016,stress_budget,floor
2017-10-17,0.19182410565398061,0.12003051716350167,0.3270861496866166,0.7819663722065021,0.6114597031749016,0.3270861496866166,0.6114597031749016,stress_budget,floor
2017-10-18,0.19008339782794736,0.1190888040503101,0.3270861496866166,0.7891273078765744,0.6114597031749016,0.3270861496866166,0.6114597031749016,stress_budget,floor
2017-10-19,0.18962849592722186,0.1180437663235839,0.3270861496866166,0.7910203541221409,0.6114597031749016,0.3270861496866166,0.6114597031749016,stress_budget,floor
2017-10-20,0.18449413912787305,0.11748115238961786,0.3270861496866166,0.813033957116843,0.6114597031749016,0.3270861496866166,0.6114597031749016,stress_budget,floor
2017-10-23,0.24153082972434176,0.1555183238534104,0.3270861496866166,0.62103873104396,0.6114597031749016,0.3270861496866166,0.6114597031749016,stress_budget,floor
2017-10-24,0.2489958558674648,0.15114662810559354,0.3270861496866166,0.6024196646864749,0.6114597031749016,0.3270861496866166,0.6024196646864749,vol_target,floor
2017-10-25,0.25376318797848774,0.14620202168825416,0.3270861496866166,0.5911022839637242,0.6114597031749016,0.3270861496866166,0.5911022839637242,vol_target,floor
2017-10-26,0.2569201873377472,0.14140061760093847,0.3270861496866166,0.5838389017006672,0.6114597031749016,0.3270861496866166,0.5838389017006672,vol_target,floor
2017-10-27,0.2922412863619335,0.14378676137894555,0.3270861496866166,0.513274499531968,0.6114597031749016,0.3270861496866166,0.513274499531968,vol_target,floor
2017-10-30,0.29688518686960297,0.1422612624602737,0.3270861496866166,0.5052458210583695,0.6114597031749016,0.3270861496866166,0.5052458210583695,vol_target,floor
2017-10-31,0.29197257630877277,0.13779447064929504,0.3270861496866166,0.5137468795746384,0.6114597031749016,0.3270861496866166,0.5137468795746384,vol_target,floor
2017-11-01,0.2943377542471936,0.13600732107238464,0.3270861496866166,0.5096186195469357,0.6114597031749016,0.3270861496866166,0.5096186195469357,vol_target,floor
2017-11-02,0.29443643679013354,0.13176147270189154,0.3270861496866166,0.5094478171087093,0.6114597031749016,0.3270861496866166,0.5094478171087093,vol_target,floor
2017-11-03,0.27823914046688625,0.12812089040959027,0.3270861496866166,0.5391045981104581,0.6114597031749016,0.3270861496866166,0.5391045981104581,vol_target,floor
2017-11-06,0.27977541758363345,0.12586122686778758,0.3270861496866166,0.5361443163789056,0.6114597031749016,0.3270861496866166,0.5361443163789056,vol_target,floor
2017-11-07,0.27629928182915936,0.1272312017715059,0.3270861496866166,0.5428895761399322,0.6114597031749016,0.3270861496866166,0.5428895761399322,vol_target,floor
2017-11-08,0.2698404178687893,0.12462924613590104,0.3270861496866166,0.5558841080395077,0.6114597031749016,0.3270861496866166,0.5558841080395077,vol_target,floor
2017-11-09,0.27101622038550605,0.12497162370587077,0.3270861496866166,0.5534724076169059,0.6114597031749016,0.3270861496866166,0.5534724076169059,vol_target,floor
2017-11-10,0.28487023622851876,0.1387947364316161,0.3270861496866166,0.5265555362536091,0.6114597031749016,0.3270861496866166,0.5265555362536091,vol_target,floor
2017-11-13,0.28365418209350524,0.14077816947397234,0.3270861496866166,0.5288129330332003,0.6114597031749016,0.3270861496866166,0.5288129330332003,vol_target,floor
2017-11-14,0.279084090397386,0.1355163379398035,0.3270861496866166,0.5374724148066483,0.6114597031749016,0.3270861496866166,0.5374724148066483,vol_target,floor
2017-11-15,0.3102075663711065,0.16856612093857104,0.3270861496866166,0.4835471995565462,0.6114597031749016,0.3270861496866166,0.4835471995565462,vol_target,floor
2017-11-16,0.33555408500091055,0.1626539658035013,0.3270861496866166,0.4470218265994078,0.6114597031749016,0.3270861496866166,0.4470218265994078,vol_target,floor
2017-11-17,0.3343468299077252,0.15354624280051704,0.3270861496866166,0.4486359270742833,0.6114597031749016,0.3270861496866166,0.4486359270742833,vol_target,floor
2017-11-20,0.36375688779886745,0.15176039275096997,0.3270861496866166,0.4123633257026866,0.6114597031749016,0.3270861496866166,0.4123633257026866,vol_target,floor
2017-11-21,0.3552688684728197,0.14881915387847136,0.3270861496866166,0.42221543543851475,0.6114597031749016,0.3270861496866166,0.42221543543851475,vol_target,floor
2017-11-22,0.3524298087888328,0.1423925370172086,0.3270861496866166,0.42561666538790505,0.6114597031749016,0.3270861496866166,0.42561666538790505,vol_target,floor
2017-11-24,0.3496328017786156,0.13681132317380731,0.3270861496866166,0.42902153126633313,0.6114597031749016,0.3270861496866166,0.42902153126633313,vol_target,floor
2017-11-27,0.3474142086037913,0.1322511702048456,0.3270861496866166,0.4317612702221617,0.6114597031749016,0.3270861496866166,0.4317612702221617,vol_target,floor
2017-11-28,0.31365159870230386,0.12859514618803808,0.3270861496866166,0.47823763889808674,0.6114597031749016,0.3270861496866166,0.47823763889808674,vol_target,floor
2017-11-29,0.31785118131323103,0.1348010030205022,0.3270861496866166,0.471918963397466,0.6114597031749016,0.3270861496866166,0.471918963397466,vol_target,floor
2017-11-30,0.3176727325166904,0.13649449771317831,0.3270861496866166,0.4721840581395164,0.6114597031749016,0.3270861496866166,0.4721840581395164,vol_target,floor
2017-12-01,0.3234826579800689,0.14197364586509806,0.3270861496866166,0.46370337419832286,0.6114597031749016,0.3270861496866166,0.46370337419832286,vol_target,floor
2017-12-04,0.32232440283362357,0.1366277662720327,0.3270861496866166,0.4653696669607313,0.6114597031749016,0.3270861496866166,0.4653696669607313,vol_target,floor
2017-12-05,0.32242618722762717,0.13209081592141328,0.3270861496866166,0.46522275777216154,0.6114597031749016,0.3270861496866166,0.0,signal_off,floor
2017-12-06,0.31975052643139473,0.1285800812911602,0.3270861496866166,0.46911572491870096,0.6114597031749016,0.3270861496866166,0.46911572491870096,vol_target,floor
2017-12-07,0.3391326151818448,0.13026099564302882,0.3270861496866166,0.44230484856069996,0.6114597031749016,0.3270861496866166,0.0,signal_off,floor
2017-12-08,0.3488414836309463,0.12942278221620548,0.3270861496866166,0.4299947312421453,0.6114597031749016,0.3270861496866166,0.0,signal_off,floor
2017-12-11,0.3603509073254697,0.1303816693050114,0.3270861496866166,0.416260919427961,0.6114597031749016,0.3270861496866166,0.0,signal_off,floor
2017-12-12,0.3449017880671094,0.12735223197811135,0.3270861496866166,0.434906414491576,0.6114597031749016,0.3270861496866166,0.434906414491576,vol_target,floor
2017-12-13,0.33755907763984655,0.1252712987954759,0.3270861496866166,0.44436666034512684,0.6114597031749016,0.3270861496866166,0.44436666034512684,vol_target,floor
2017-12-14,0.33745057828594166,0.12304350436599569,0.3270861496866166,0.4445095360687046,0.6114597031749016,0.3270861496866166,0.4445095360687046,vol_target,floor
2017-12-15,0.30065678388712486,0.1254896188766858,0.3270861496866166,0.49890775142567306,0.6114597031749016,0.3270861496866166,0.49890775142567306,vol_target,floor
2017-12-18,0.28622016616646534,0.12344361475543551,0.3270861496866166,0.5240720876137014,0.6114597031749016,0.3270861496866166,0.5240720876137014,vol_target,floor
2017-12-19,0.28816944660089056,0.12169200121430611,0.3270861496866166,0.5205270779721046,0.6114597031749016,0.3270861496866166,0.5205270779721046,vol_target,floor
2017-12-20,0.27152251353465945,0.12337550769777277,0.3270861496866166,0.5524403779536047,0.6114597031749016,0.3270861496866166,0.5524403779536047,vol_target,floor
2017-12-21,0.2535031468984945,0.12219806285175863,0.3270861496866166,0.5917086309783036,0.6114597031749016,0.3270861496866166,0.5917086309783036,vol_target,floor
2017-12-22,0.2658145270208966,0.12963168437147962,0.3270861496866166,0.5643032443753835,0.6114597031749016,0.3270861496866166,0.5643032443753835,vol_target,floor
2017-12-26,0.26578056480320733,0.12647164430485214,0.3270861496866166,0.5643753526939222,0.6114597031749016,0.3270861496866166,0.5643753526939222,vol_target,floor
2017-12-27,0.2665672674104365,0.12401580466409873,0.3270861496866166,0.5627097484892748,0.6114597031749016,0.3270861496866166,0.5627097484892748,vol_target,floor
2017-12-28,0.2665876708828152,0.12194226169333208,0.3270861496866166,0.5626666811082046,0.6114597031749016,0.3270861496866166,0.5626666811082046,vol_target,floor
2017-12-29,0.2701250777598501,0.13285650936719748,0.3270861496866166,0.5552983130775989,0.6114597031749016,0.3270861496866166,0.5552983130775989,vol_target,floor
2018-01-02,0.29657816480590415,0.1370540640094707,0.3270861496866166,0.5057688589386465,0.6114597031749016,0.3270861496866166,0.5057688589386465,vol_target,floor
2018-01-03,0.28101327935893494,0.13308367804035065,0.3270861496866166,0.5337826039473628,0.6114597031749016,0.3270861496866166,0.5337826039473628,vol_target,floor
2018-01-04,0.27949380427314163,0.1292045628612098,0.3270861496866166,0.53668452647848,0.6114597031749016,0.3270861496866166,0.53668452647848,vol_target,floor
2018-01-05,0.2786110387701843,0.1262010070541532,0.3270861496866166,0.5383849852544045,0.6114597031749016,0.3270861496866166,0.5383849852544045,vol_target,floor
2018-01-08,0.2798638293275735,0.12361429974840231,0.3270861496866166,0.5359749431014496,0.6114597031749016,0.3270861496866166,0.5359749431014496,vol_target,floor
2018-01-09,0.27252651483889756,0.12653784019886136,0.3270861496866166,0.5504051599847876,0.6114597031749016,0.3270861496866166,0.5504051599847876,vol_target,floor
2018-01-10,0.2647756441715331,0.12455568267425551,0.3270861496866166,0.566517364047365,0.6114597031749016,0.3270861496866166,0.566517364047365,vol_target,floor
2018-01-11,0.2464423470873638,0.12231895038809878,0.3270861496866166,0.6086616272438966,0.6114597031749016,0.3270861496866166,0.6086616272438966,vol_target,floor
2018-01-12,0.2505270142598669,0.12381476472920412,0.3270861496866166,0.5987378265100299,0.6114597031749016,0.3270861496866166,0.5987378265100299,vol_target,floor
2018-01-16,0.292381084630966,0.1593297854036599,0.3270861496866166,0.5130290839071384,0.6114597031749016,0.3270861496866166,0.5130290839071384,vol_target,floor
2018-01-17,0.2928764175430299,0.15178428731204457,0.3270861496866166,0.5121614135353242,0.6114597031749016,0.3270861496866166,0.5121614135353242,vol_target,floor
2018-01-18,0.2693247975049461,0.14453326849542603,0.3270861496866166,0.5569483441169032,0.6114597031749016,0.3270861496866166,0.5569483441169032,vol_target,floor
2018-01-19,0.2696861076656436,0.13898046553277085,0.3270861496866166,0.5562021762944117,0.6114597031749016,0.3270861496866166,0.5562021762944117,vol_target,floor
2018-01-22,0.2703421970909777,0.1341054477087213,0.3270861496866166,0.5548523375709669,0.6114597031749016,0.3270861496866166,0.5548523375709669,vol_target,floor
2018-01-23,0.2736904630587545,0.13678641790360507,0.3270861496866166,0.5480644021118074,0.6114597031749016,0.3270861496866166,0.5480644021118074,vol_target,floor
2018-01-24,0.27735237495666537,0.1435226050679345,0.3270861496866166,0.5408282515101469,0.6114597031749016,0.3270861496866166,0.5408282515101469,vol_target,floor
2018-01-25,0.2753223035288756,0.14379429470893468,0.3270861496866166,0.5448160140947975,0.6114597031749016,0.3270861496866166,0.5448160140947975,vol_target,floor
2018-01-26,0.27450050011709626,0.1379570489870599,0.3270861496866166,0.5464470918486964,0.6114597031749016,0.3270861496866166,0.5464470918486964,vol_target,floor
2018-01-29,0.39202434542385506,0.25059777784204357,0.3270861496866166,0.38262929777440385,0.6114597031749016,0.3270861496866166,0.38262929777440385,vol_target,floor
2018-01-30,0.397252084785512,0.240534142307685,0.3270861496866166,0.3775939906797201,0.6114597031749016,0.3270861496866166,0.3775939906797201,vol_target,floor
2018-01-31,0.4138231997194568,0.22147352096595274,0.3270861496866166,0.3624736363299339,0.6114597031749016,0.3270861496866166,0.3624736363299339,vol_target,floor
2018-02-01,0.3796344252767138,0.20351296402946586,0.3270861496866166,0.39511695992971574,0.6114597031749016,0.3270861496866166,0.39511695992971574,vol_target,floor
2018-02-02,0.5966671500856235,0.42438156994754483,0.3270861496866166,0.2513964443634521,0.47127400001069975,0.42438156994754483,0.0,signal_off,model
2018-02-05,3.3386513633760315,3.960676177680935,0.9610261470152934,0.044928320951823066,0.05049642814200087,3.960676177680935,0.0,signal_off,model
2018-02-06,3.510238617743882,3.284723617502851,0.9610261470152934,0.042732137707609384,0.06088792339613834,3.284723617502851,0.0,signal_off,model
2018-02-07,3.52057600863779,2.663047860841679,0.9610261470152934,0.04260666425947702,0.07510191722081491,2.663047860841679,0.0,signal_off,model
2018-02-08,3.52670039612356,2.2752047930436867,0.9610261470152934,0.04253267449791747,0.08790417487317581,2.2752047930436867,0.0,signal_off,model
2018-02-09,3.5374275546192475,1.8848121978785692,0.9610261470152934,0.042403695251405735,0.10611136760739767,1.8848121978785692,0.0,signal_off,model
2018-02-12,3.544255054572841,1.5748912895312792,0.9610261470152934,0.04232201060317828,0.12699289235355682,1.5748912895312792,0.0,signal_off,model
2018-02-13,3.5457696708010715,1.3262329060872635,0.9610261470152934,0.04230393227039801,0.15080307469526805,1.3262329060872635,0.0,signal_off,model
2018-02-14,3.5804783016873065,1.1377672974463435,0.9610261470152934,0.041893844163030464,0.17578286917622704,1.1377672974463435,0.0,signal_off,model
2018-02-15,3.58433740534476,0.9718239372365737,0.9610261470152934,0.04184873884259013,0.2057985941041021,0.9718239372365737,0.0,signal_off,model
2018-02-16,3.5824525775921545,0.8368968878832174,0.9610261470152934,0.041870756625847175,0.20811088295687888,0.9610261470152934,0.0,signal_off,floor
2018-02-20,3.5776876444050414,0.7332736902236171,0.9610261470152934,0.04192652207483153,0.20811088295687888,0.9610261470152934,0.0,signal_off,floor
2018-02-21,3.575066627482133,0.6381349317693246,0.9610261470152934,0.041957259998156395,0.20811088295687888,0.9610261470152934,0.0,signal_off,floor
2018-02-22,3.581726068028491,0.5574122977743698,0.9610261470152934,0.04187924959949975,0.20811088295687888,0.9610261470152934,0.0,signal_off,floor
2018-02-23,3.599317670665764,0.4950464121116013,0.9610261470152934,0.04167456549403559,0.20811088295687888,0.9610261470152934,0.0,signal_off,floor
2018-02-26,3.607641724287475,0.43785278303583286,0.9610261470152934,0.04157840813021023,0.20811088295687888,0.9610261470152934,0.0,signal_off,floor
2018-02-27,3.6080502552894953,0.4501984778819403,0.9610261470152934,0.04157370030533696,0.20811088295687888,0.9610261470152934,0.0,signal_off,floor
2018-02-28,3.6050419295733733,0.42967580618385304,0.9610261470152934,0.04160839261521467,0.20811088295687888,0.9610261470152934,0.0,signal_off,floor
2018-03-01,3.6061147445388197,0.42519237318154013,0.9610261470152934,0.04159601416653847,0.20811088295687888,0.9610261470152934,0.0,signal_off,floor
2018-03-02,3.6070898322931217,0.3784669179455913,0.9610261470152934,0.041584769710224005,0.20811088295687888,0.9610261470152934,0.0,signal_off,floor
2018-03-05,3.6103751804604065,0.338338180620948,0.9610261470152934,0.04154692864381799,0.20811088295687888,0.9610261470152934,0.0,signal_off,floor
2018-03-06,3.591663396918061,0.3032899235379984,0.9610261470152934,0.04176337908744794,0.20811088295687888,0.9610261470152934,0.0,signal_off,floor
2018-03-07,1.1945305836017541,0.27294966809871074,0.9610261470152934,0.12557233951073843,0.20811088295687888,0.9610261470152934,0.0,signal_off,floor
2018-03-08,0.8096638031025322,0.24870897816810217,0.9610261470152934,0.18526207967457411,0.20811088295687888,0.9610261470152934,0.0,signal_off,floor
2018-03-09,0.8279964695369351,0.23797037108499677,0.9610261470152934,0.18116019272870684,0.20811088295687888,0.9610261470152934,0.0,signal_off,floor
2018-03-12,0.7112130270839688,0.22714833012163968,0.9610261470152934,0.21090727290951372,0.20811088295687888,0.9610261470152934,0.0,signal_off,floor
2018-03-13,0.7057141020394505,0.22028660527725777,0.9610261470152934,0.21255066260758207,0.20811088295687888,0.9610261470152934,0.0,signal_off,floor
2018-03-14,0.7080023431619046,0.21364436992991528,0.9610261470152934,0.21186370560598314,0.20811088295687888,0.9610261470152934,0.20811088295687888,stress_budget,floor
2018-03-15,0.7140545301811934,0.19892870579612507,0.9610261470152934,0.21006799013226213,0.20811088295687888,0.9610261470152934,0.20811088295687888,stress_budget,floor
2018-03-16,0.6332212883843591,0.18452380501179477,0.9610261470152934,0.23688401314289273,0.20811088295687888,0.9610261470152934,0.20811088295687888,stress_budget,floor
2018-03-19,0.6716494819433202,0.24582206344111063,0.9610261470152934,0.22333077599642717,0.20811088295687888,0.9610261470152934,0.0,signal_off,floor
2018-03-20,0.6705494733510865,0.22360350858453312,0.9610261470152934,0.22369714086922107,0.20811088295687888,0.9610261470152934,0.20811088295687888,stress_budget,floor
2018-03-21,0.6602310520794058,0.2047494027760788,0.9610261470152934,0.22719319172821872,0.20811088295687888,0.9610261470152934,0.20811088295687888,stress_budget,floor
2018-03-22,0.7737886063676039,0.3651048387329311,0.9610261470152934,0.193851393992663,0.20811088295687888,0.9610261470152934,0.0,signal_off,floor
2018-03-23,0.7840064825507546,0.36194246259592244,0.9610261470152934,0.1913249486304973,0.20811088295687888,0.9610261470152934,0.0,signal_off,floor
2018-03-26,0.7699729302834927,0.3275449080034471,0.9610261470152934,0.1948120435153119,0.20811088295687888,0.9610261470152934,0.0,signal_off,floor
2018-03-27,0.7672376491137509,0.33411397617033484,0.9610261470152934,0.19550656849708498,0.20811088295687888,0.9610261470152934,0.0,signal_off,floor
2018-03-28,0.7339058674498786,0.3096452608203711,0.9610261470152934,0.2043858846928269,0.20811088295687888,0.9610261470152934,0.0,signal_off,floor
2018-03-29,0.7464292646371162,0.28351019035427394,0.9610261470152934,0.20095675117041925,0.20811088295687888,0.9610261470152934,0.0,signal_off,floor
2018-04-02,0.7518951632918133,0.32003583265987307,0.9610261470152934,0.19949589693235525,0.20811088295687888,0.9610261470152934,0.0,signal_off,floor
2018-04-03,0.7501715640917415,0.2889242088819357,0.9610261470152934,0.19995426003864883,0.20811088295687888,0.9610261470152934,0.0,signal_off,floor
2018-04-04,0.7453409981529946,0.26131876519377273,0.9610261470152934,0.2012501665300985,0.20811088295687888,0.9610261470152934,0.0,signal_off,floor
2018-04-05,0.7598660548507018,0.23975080489742484,0.9610261470152934,0.1974032121088393,0.20811088295687888,0.9610261470152934,0.0,signal_off,floor
2018-04-06,0.780215790268891,0.2757991207580941,0.9610261470152934,0.19225450429336285,0.20811088295687888,0.9610261470152934,0.0,signal_off,floor
2018-04-09,0.7672945242722795,0.25279944103916197,0.9610261470152934,0.19549207671234664,0.20811088295687888,0.9610261470152934,0.0,signal_off,floor
2018-04-10,0.7240500084458131,0.2306903707806833,0.9610261470152934,0.20716801084220385,0.20811088295687888,0.9610261470152934,0.0,signal_off,floor
2018-04-11,0.7240173694189341,0.21092715840032122,0.9610261470152934,0.20717735006880247,0.20811088295687888,0.9610261470152934,0.0,signal_off,floor
2018-04-12,0.7459681342840802,0.19908902169755066,0.9610261470152934,0.2010809753206923,0.20811088295687888,0.9610261470152934,0.0,signal_off,floor
2018-04-13,0.7574063637665492,0.18720989156461318,0.9610261470152934,0.19804428266757154,0.20811088295687888,0.9610261470152934,0.0,signal_off,floor
2018-04-16,0.7693492133268123,0.18089614101517063,0.9610261470152934,0.19496997904419955,0.20811088295687888,0.9610261470152934,0.0,signal_off,floor
2018-04-17,0.7925631607645588,0.1775924864165654,0.9610261470152934,0.18925936433293225,0.20811088295687888,0.9610261470152934,0.0,signal_off,floor
2018-04-18,0.7589164131991195,0.16665626855046387,0.9610261470152934,0.1976502252305933,0.20811088295687888,0.9610261470152934,0.0,signal_off,floor
2018-04-19,0.7594543952769954,0.1597623907043277,0.9610261470152934,0.1975102138230309,0.20811088295687888,0.9610261470152934,0.0,signal_off,floor
2018-04-20,0.7645575739551571,0.16774369826546429,0.9610261470152934,0.1961918959536693,0.20811088295687888,0.9610261470152934,0.0,signal_off,floor
2018-04-23,0.6427892227705205,0.15797888402387716,0.9610261470152934,0.23335798841411326,0.20811088295687888,0.9610261470152934,0.0,signal_off,floor
2018-04-24,0.6342078650597284,0.19370537566337756,0.9610261470152934,0.23651551528121353,0.20811088295687888,0.9610261470152934,0.0,signal_off,floor
2018-04-25,0.6119990402226628,0.18061717938917854,0.9610261470152934,0.245098423594628,0.20811088295687888,0.9610261470152934,0.0,signal_off,floor
2018-04-26,0.5913609466158807,0.17440838944560977,0.9610261470152934,0.25365219137041306,0.20811088295687888,0.9610261470152934,0.0,signal_off,floor
2018-04-27,0.5804068036042903,0.16451982339431742,0.9610261470152934,0.258439423984194,0.20811088295687888,0.9610261470152934,0.0,signal_off,floor
2018-04-30,0.5628858275770892,0.158270017794434,0.9610261470152934,0.2664838811907322,0.20811088295687888,0.9610261470152934,0.0,signal_off,floor
2018-05-01,0.49526512626814057,0.15147781952342074,0.9610261470152934,0.30286808427288453,0.20811088295687888,0.9610261470152934,0.0,signal_off,floor
2018-05-02,0.49884111388530095,0.15517702856645976,0.9610261470152934,0.3006969470332986,0.20811088295687888,0.9610261470152934,0.0,signal_off,floor
2018-05-03,0.4957883275443947,0.14758418530737974,0.9610261470152934,0.3025484701161474,0.20811088295687888,0.9610261470152934,0.0,signal_off,floor
2018-05-04,0.4872523477247836,0.14236585270541605,0.9610261470152934,0.30784869626677513,0.20811088295687888,0.9610261470152934,0.0,signal_off,floor
2018-05-07,0.42102248445478324,0.13680551959098353,0.9610261470152934,0.3562755091197739,0.20811088295687888,0.9610261470152934,0.0,signal_off,floor
2018-05-08,0.4133549459354352,0.13223157451376957,0.9610261470152934,0.362884251113883,0.20811088295687888,0.9610261470152934,0.0,signal_off,floor
2018-05-09,0.42583017859969347,0.13506685268272503,0.9610261470152934,0.35225309886035394,0.20811088295687888,0.9610261470152934,0.0,signal_off,floor
2018-05-10,0.4319709679293101,0.13553718331536913,0.9610261470152934,0.347245558466667,0.20811088295687888,0.9610261470152934,0.0,signal_off,floor
2018-05-11,0.4207663600187143,0.13344964496577236,0.9610261470152934,0.35649237736906647,0.20811088295687888,0.9610261470152934,0.0,signal_off,floor
2018-05-14,0.41343291693687023,0.1302028160754534,0.9610261470152934,0.3628158132916748,0.20811088295687888,0.9610261470152934,0.20811088295687888,stress_budget,floor
2018-05-15,0.4624363980195757,0.20485346386150194,0.9610261470152934,0.3243689308246239,0.20811088295687888,0.9610261470152934,0.20811088295687888,stress_budget,floor
2018-05-16,0.44899780605228673,0.19375565881347828,0.9610261470152934,0.33407735623218654,0.20811088295687888,0.9610261470152934,0.20811088295687888,stress_budget,floor
2018-05-17,0.4503497466548829,0.1805270104617327,0.9610261470152934,0.33307446293502563,0.20811088295687888,0.9610261470152934,0.20811088295687888,stress_budget,floor
2018-05-18,0.4512310773211116,0.17210419172616936,0.9610261470152934,0.3324239121350563,0.20811088295687888,0.9610261470152934,0.20811088295687888,stress_budget,floor
2018-05-21,0.4422869616207157,0.16428595815363198,0.9610261470152934,0.3391463303605881,0.20811088295687888,0.9610261470152934,0.20811088295687888,stress_budget,floor
2018-05-22,0.44814734866675093,0.15889205420582994,0.9610261470152934,0.3347113409155573,0.20811088295687888,0.9610261470152934,0.20811088295687888,stress_budget,floor
2018-05-23,0.4041027158402062,0.1518879758286963,0.9610261470152934,0.371192754020773,0.20811088295687888,0.9610261470152934,0.20811088295687888,stress_budget,floor
2018-05-24,0.40032302705127115,0.14463604263805405,0.9610261470152934,0.374697406504145,0.20811088295687888,0.9610261470152934,0.0,signal_off,floor
2018-05-25,0.3972865987121003,0.14981522234600092,0.9610261470152934,0.3775611875312707,0.20811088295687888,0.9610261470152934,0.20811088295687888,stress_budget,floor
2018-05-29,0.5797390819769208,0.3336340832424639,0.9610261470152934,0.25873708477354546,0.20811088295687888,0.9610261470152934,0.20811088295687888,stress_budget,floor
2018-05-30,0.5914267640880044,0.3014413147200571,0.9610261470152934,0.2536239634526921,0.20811088295687888,0.9610261470152934,0.20811088295687888,stress_budget,floor
2018-05-31,0.5914676565279332,0.2752110778678575,0.9610261470152934,0.2536064285924584,0.20811088295687888,0.9610261470152934,0.20811088295687888,stress_budget,floor
2018-06-01,0.6109793280314577,0.25562469312476943,0.9610261470152934,0.2455074879264604,0.20811088295687888,0.9610261470152934,0.20811088295687888,stress_budget,floor
2018-06-04,0.6179019515432483,0.23447116837851975,0.9610261470152934,0.24275696107669786,0.20811088295687888,0.9610261470152934,0.20811088295687888,stress_budget,floor
2018-06-05,0.6166663200143968,0.21439337522110172,0.9610261470152934,0.24324337997978884,0.20811088295687888,0.9610261470152934,0.20811088295687888,stress_budget,floor
2018-06-06,0.623526926347473,0.20000985840795046,0.9610261470152934,0.2405669966470854,0.20811088295687888,0.9610261470152934,0.20811088295687888,stress_budget,floor
2018-06-07,0.6258903443880995,0.1866545193580256,0.9610261470152934,0.23965859410508594,0.20811088295687888,0.9610261470152934,0.20811088295687888,stress_budget,floor
2018-06-08,0.6152737742174051,0.17505341289816298,0.9610261470152934,0.24379391140276027,0.20811088295687888,0.9610261470152934,0.20811088295687888,stress_budget,floor
2018-06-11,0.6081536946100693,0.1651423708393183,0.9610261470152934,0.2466481768168418,0.20811088295687888,0.9610261470152934,0.20811088295687888,stress_budget,floor
2018-06-12,0.6035052214862962,0.15561911881290813,0.9610261470152934,0.24854797383622315,0.20811088295687888,0.9610261470152934,0.20811088295687888,stress_budget,floor
2018-06-13,0.6085301307240428,0.15979275314108166,0.9610261470152934,0.246495600507943,0.20811088295687888,0.9610261470152934,0.20811088295687888,stress_budget,floor
2018-06-14,0.5716990037244344,0.15524394115553658,0.9610261470152934,0.2623758289288567,0.20811088295687888,0.9610261470152934,0.20811088295687888,stress_budget,floor
2018-06-15,0.5581671450842723,0.1479417896507502,0.9610261470152934,0.2687367060584566,0.20811088295687888,0.9610261470152934,0.20811088295687888,stress_budget,floor
2018-06-18,0.5555908690497179,0.14136367429119404,0.9610261470152934,0.26998283873268086,0.20811088295687888,0.9610261470152934,0.20811088295687888,stress_budget,floor
2018-06-19,0.5759664769783799,0.17561977839079546,0.9610261470152934,0.26043182371815465,0.20811088295687888,0.9610261470152934,0.20811088295687888,stress_budget,floor
2018-06-20,0.570532470859569,0.1654856578389412,0.9610261470152934,0.2629122927464737,0.20811088295687888,0.9610261470152934,0.20811088295687888,stress_budget,floor
2018-06-21,0.6182165500031428,0.23691210981713903,0.9610261470152934,0.2426334267486651,0.20811088295687888,0.9610261470152934,0.20811088295687888,stress_budget,floor
2018-06-22,0.6210792411900172,0.21785643320017084,0.9610261470152934,0.24151507577775888,0.20811088295687888,0.9610261470152934,0.20811088295687888,stress_budget,floor
2018-06-25,0.7533695457086592,0.3906027981311755,0.9610261470152934,0.19910547334230516,0.20811088295687888,0.9610261470152934,0.19910547334230516,vol_target,floor
2018-06-26,0.7582839294942841,0.347764767568161,0.9610261470152934,0.19781508504345888,0.20811088295687888,0.9610261470152934,0.19781508504345888,vol_target,floor
2018-06-27,0.6797525589497068,0.3577433987331664,0.9610261470152934,0.22066853301996636,0.20811088295687888,0.9610261470152934,0.20811088295687888,stress_budget,floor
2018-06-28,0.6687832156054596,0.3196590917639232,0.9610261470152934,0.22428792544412574,0.20811088295687888,0.9610261470152934,0.20811088295687888,stress_budget,floor
2018-06-29,0.6727779757639536,0.2874213546538187,0.9610261470152934,0.22295616890501183,0.20811088295687888,0.9610261470152934,0.20811088295687888,stress_budget,floor
2018-07-02,0.6419875744473306,0.2589975876548333,0.9610261470152934,0.23364938196682525,0.20811088295687888,0.9610261470152934,0.20811088295687888,stress_budget,floor
2018-07-03,0.6312332406261328,0.244817935490601,0.9610261470152934,0.2376300713365665,0.20811088295687888,0.9610261470152934,0.20811088295687888,stress_budget,floor
2018-07-05,0.6530245628133777,0.22797598638787395,0.9610261470152934,0.22970039496487854,0.20811088295687888,0.9610261470152934,0.20811088295687888,stress_budget,floor
2018-07-06,0.66076751585671,0.21336450794589898,0.9610261470152934,0.22700873817248618,0.20811088295687888,0.9610261470152934,0.20811088295687888,stress_budget,floor
2018-07-09,0.6929123629941987,0.20494370077998586,0.9610261470152934,0.21647759227707106,0.20811088295687888,0.9610261470152934,0.20811088295687888,stress_budget,floor
2018-07-10,0.6952918222253192,0.18961816691499242,0.9610261470152934,0.2157367528355459,0.20811088295687888,0.9610261470152934,0.20811088295687888,stress_budget,floor
2018-07-11,0.702512997117817,0.20425374014638037,0.9610261470152934,0.2135191813039778,0.20811088295687888,0.9610261470152934,0.20811088295687888,stress_budget,floor
2018-07-12,0.7132071577060327,0.19132423964314693,0.9610261470152934,0.21031757516632563,0.20811088295687888,0.9610261470152934,0.20811088295687888,stress_budget,floor
2018-07-13,0.7122322436916846,0.17831278874541764,0.9610261470152934,0.21060546096945998,0.20811088295687888,0.9610261470152934,0.20811088295687888,stress_budget,floor
2018-07-16,0.7006167709588216,0.16728507096137946,0.9610261470152934,0.21409707306138148,0.20811088295687888,0.9610261470152934,0.20811088295687888,stress_budget,floor
2018-07-17,0.7055094511345902,0.1588508202915436,0.9610261470152934,0.2126123183166039,0.20811088295687888,0.9610261470152934,0.20811088295687888,stress_budget,floor
2018-07-18,0.705551321509994,0.15038351767008717,0.9610261470152934,0.21259970100966677,0.20811088295687888,0.9610261470152934,0.20811088295687888,stress_budget,floor
2018-07-19,0.6925008070650727,0.15233128443528296,0.9610261470152934,0.2166062457540282,0.20811088295687888,0.9610261470152934,0.20811088295687888,stress_budget,floor
2018-07-20,0.6893478275772946,0.14719290153064568,0.9610261470152934,0.21759697209342538,0.20811088295687888,0.9610261470152934,0.20811088295687888,stress_budget,floor
2018-07-23,0.6457104767621339,0.14118799703506943,0.9610261470152934,0.2323022552648729,0.20811088295687888,0.9610261470152934,0.20811088295687888,stress_budget,floor
2018-07-24,0.6396033579472308,0.13592064012778104,0.9610261470152934,0.23452034473586278,0.20811088295687888,0.9610261470152934,0.20811088295687888,stress_budget,floor
2018-07-25,0.44743750439715235,0.1321563361942037,0.9610261470152934,0.3352423489892741,0.20811088295687888,0.9610261470152934,0.20811088295687888,stress_budget,floor
2018-07-26,0.4458730361778657,0.12902877565100246,0.9610261470152934,0.33641863900503427,0.20811088295687888,0.9610261470152934,0.20811088295687888,stress_budget,floor
2018-07-27,0.39460264358060215,0.14893289419990552,0.9610261470152934,0.3801292323814875,0.20811088295687888,0.9610261470152934,0.20811088295687888,stress_budget,floor
2018-07-30,0.42113849395033204,0.17187375823999224,0.9610261470152934,0.3561773671957202,0.20811088295687888,0.9610261470152934,0.20811088295687888,stress_budget,floor
2018-07-31,0.4415126419924732,0.168348245184066,0.9610261470152934,0.33974112116716504,0.20811088295687888,0.9610261470152934,0.20811088295687888,stress_budget,floor
2018-08-01,0.4459182502057802,0.16215978049359,0.9610261470152934,0.3363845277262788,0.20811088295687888,0.9610261470152934,0.20811088295687888,stress_budget,floor
2018-08-02,0.4330424411414752,0.15394679221723437,0.9610261470152934,0.3463863717482484,0.20811088295687888,0.9610261470152934,0.20811088295687888,stress_budget,floor
2018-08-03,0.41386660753689763,0.1474537683838874,0.9610261470152934,0.36243561879204517,0.20811088295687888,0.9610261470152934,0.20811088295687888,stress_budget,floor
2018-08-06,0.40297172276239607,0.1443504966300572,0.9610261470152934,0.3722345552480475,0.20811088295687888,0.9610261470152934,0.20811088295687888,stress_budget,floor
2018-08-07,0.3665635990095471,0.14012775353722484,0.9610261470152934,0.4092059342643383,0.20811088295687888,0.9610261470152934,0.20811088295687888,stress_budget,floor
2018-08-08,0.364284414985957,0.13500762859711846,0.9610261470152934,0.41176617453091546,0.20811088295687888,0.9610261470152934,0.20811088295687888,stress_budget,floor
2018-08-09,0.3348182269028204,0.13448142007188307,0.9610261470152934,0.4480042839589401,0.20811088295687888,0.9610261470152934,0.20811088295687888,stress_budget,floor
2018-08-10,0.3885960395652945,0.20119433009018403,0.9610261470152934,0.38600496332334855,0.20811088295687888,0.9610261470152934,0.20811088295687888,stress_budget,floor
2018-08-13,0.43282081285429364,0.2405856366966295,0.9610261470152934,0.346563740802586,0.20811088295687888,0.9610261470152934,0.20811088295687888,stress_budget,floor
2018-08-14,0.4746054416608909,0.2268255062545937,0.9610261470152934,0.3160520020062815,0.20811088295687888,0.9610261470152934,0.20811088295687888,stress_budget,floor
2018-08-15,0.49218173513185776,0.24039780945722827,0.9610261470152934,0.30476547440309687,0.20811088295687888,0.9610261470152934,0.20811088295687888,stress_budget,floor
2018-08-16,0.5099202630743598,0.2222397204565612,0.9610261470152934,0.29416363863564693,0.20811088295687888,0.9610261470152934,0.20811088295687888,stress_budget,floor
2018-08-17,0.517451224324684,0.20614243870303986,0.9610261470152934,0.2898823946078439,0.20811088295687888,0.9610261470152934,0.20811088295687888,stress_budget,floor
2018-08-20,0.517079000090731,0.19021716618199452,0.9610261470152934,0.29009106920544003,0.20811088295687888,0.9610261470152934,0.20811088295687888,stress_budget,floor
2018-08-21,0.5287804991351494,0.19678334867992103,0.9610261470152934,0.28367158063758696,0.20811088295687888,0.9610261470152934,0.20811088295687888,stress_budget,floor
2018-08-22,0.5385890420914263,0.18457618256462008,0.9610261470152934,0.27850548057481134,0.20811088295687888,0.9610261470152934,0.20811088295687888,stress_budget,floor
2018-08-23,0.536934614889951,0.17264171845202844,0.9610261470152934,0.27936362424825917,0.20811088295687888,0.9610261470152934,0.20811088295687888,stress_budget,floor
2018-08-24,0.5369545144746706,0.16190016811061828,0.9610261470152934,0.27935327100611584,0.20811088295687888,0.9610261470152934,0.20811088295687888,stress_budget,floor
2018-08-27,0.5250011572977173,0.15313629828617248,0.9610261470152934,0.28571365589378706,0.20811088295687888,0.9610261470152934,0.20811088295687888,stress_budget,floor
2018-08-28,0.5056429288260931,0.14565946507020774,0.9610261470152934,0.2966520274460119,0.20811088295687888,0.9610261470152934,0.20811088295687888,stress_budget,floor
2018-08-29,0.481454066780699,0.13961780598900056,0.9610261470152934,0.3115562009954411,0.20811088295687888,0.9610261470152934,0.20811088295687888,stress_budget,floor
2018-08-30,0.500871980967509,0.16993173723696853,0.9610261470152934,0.29947772225200664,0.20811088295687888,0.9610261470152934,0.20811088295687888,stress_budget,floor
2018-08-31,0.5098797683102089,0.16287874372564035,0.9610261470152934,0.2941870011769923,0.20811088295687888,0.9610261470152934,0.20811088295687888,stress_budget,floor
2018-09-04,0.5074635484478478,0.15681750439960646,0.9610261470152934,0.29558773326438353,0.20811088295687888,0.9610261470152934,0.20811088295687888,stress_budget,floor
2018-09-05,0.5005731307369856,0.16159406404125815,0.9610261470152934,0.29965651528110876,0.20811088295687888,0.9610261470152934,0.20811088295687888,stress_budget,floor
2018-09-06,0.5060317809708293,0.18212680106506135,0.9610261470152934,0.29642406987209935,0.20811088295687888,0.9610261470152934,0.20811088295687888,stress_budget,floor
2018-09-07,0.505320036841906,0.1744224744492103,0.9610261470152934,0.29684158367725455,0.20811088295687888,0.9610261470152934,0.20811088295687888,stress_budget,floor
2018-09-10,0.5241100670379863,0.16706899177094756,0.9610261470152934,0.28619942533774745,0.20811088295687888,0.9610261470152934,0.20811088295687888,stress_budget,floor
2018-09-11,0.49959173749266245,0.16104729501326875,0.9610261470152934,0.3002451576817822,0.20811088295687888,0.9610261470152934,0.20811088295687888,stress_budget,floor
2018-09-12,0.45362274314338313,0.15232231414684552,0.9610261470152934,0.330671251094188,0.20811088295687888,0.9610261470152934,0.20811088295687888,stress_budget,floor
2018-09-13,0.42630558648102657,0.14787305367455636,0.9610261470152934,0.35186027290467137,0.20811088295687888,0.9610261470152934,0.20811088295687888,stress_budget,floor
2018-09-14,0.39371462157425985,0.14244966496416908,0.9610261470152934,0.3809866125881433,0.20811088295687888,0.9610261470152934,0.20811088295687888,stress_budget,floor
2018-09-17,0.41275030381072486,0.17882492508838846,0.9610261470152934,0.3634158439500158,0.20811088295687888,0.9610261470152934,0.20811088295687888,stress_budget,floor
2018-09-18,0.404924253183589,0.16827726166646959,0.9610261470152934,0.3704396533936221,0.20811088295687888,0.9610261470152934,0.20811088295687888,stress_budget,floor
2018-09-19,0.4130739579893265,0.1603182466181035,0.9610261470152934,0.3631310981939846,0.20811088295687888,0.9610261470152934,0.20811088295687888,stress_budget,floor
2018-09-20,0.39662312486761425,0.15236000191000054,0.9610261470152934,0.37819277443812016,0.20811088295687888,0.9610261470152934,0.20811088295687888,stress_budget,floor
2018-09-21,0.38772187122611834,0.1472767234630719,0.9610261470152934,0.38687526067499145,0.20811088295687888,0.9610261470152934,0.20811088295687888,stress_budget,floor
2018-09-24,0.38704402540370103,0.14090449378535516,0.9610261470152934,0.38755281093292815,0.20811088295687888,0.9610261470152934,0.20811088295687888,stress_budget,floor
2018-09-25,0.38782019369187637,0.13648725882087936,0.9610261470152934,0.3867771777742321,0.20811088295687888,0.9610261470152934,0.20811088295687888,stress_budget,floor
2018-09-26,0.39896934285491814,0.14757484535688872,0.9610261470152934,0.37596873716321166,0.20811088295687888,0.9610261470152934,0.20811088295687888,stress_budget,floor
2018-09-27,0.4032454338279465,0.1421212768179083,0.9610261470152934,0.37198189344904226,0.20811088295687888,0.9610261470152934,0.20811088295687888,stress_budget,floor
2018-09-28,0.4031471024940201,0.1366871132231943,0.9610261470152934,0.37207262329815444,0.20811088295687888,0.9610261470152934,0.20811088295687888,stress_budget,floor
2018-10-01,0.37334554017000704,0.1321517181686335,0.9610261470152934,0.40177257757437207,0.20811088295687888,0.9610261470152934,0.20811088295687888,stress_budget,floor
2018-10-02,0.3599966279997505,0.1293717026428284,0.9610261470152934,0.41667056948128955,0.20811088295687888,0.9610261470152934,0.20811088295687888,stress_budget,floor
2018-10-03,0.3584182240869397,0.12669385204308395,0.9610261470152934,0.41850550535514974,0.20811088295687888,0.9610261470152934,0.20811088295687888,stress_budget,floor
2018-10-04,0.4024188042002625,0.1884028360000004,0.9610261470152934,0.37274600101776795,0.20811088295687888,0.9610261470152934,0.20811088295687888,stress_budget,floor
2018-10-05,0.3852783238611634,0.18401918748143875,0.9610261470152934,0.3893289362784217,0.20811088295687888,0.9610261470152934,0.20811088295687888,stress_budget,floor
2018-10-08,0.3906479154675265,0.1817872070567301,0.9610261470152934,0.3839774745002296,0.20811088295687888,0.9610261470152934,0.20811088295687888,stress_budget,floor
2018-10-09,0.3772196507938887,0.17531186352094746,0.9610261470152934,0.39764630417400865,0.20811088295687888,0.9610261470152934,0.20811088295687888,stress_budget,floor
2018-10-10,0.7388528869439558,0.5393863602044628,0.9610261470152934,0.2030174107059799,0.20811088295687888,0.9610261470152934,0.0,signal_off,floor
2018-10-11,0.7359861953874063,0.4751166014108772,0.9610261470152934,0.20380817050657238,0.20811088295687888,0.9610261470152934,0.0,signal_off,floor
2018-10-12,0.7341683669201987,0.41987680754692824,0.9610261470152934,0.20431280719604256,0.20811088295687888,0.9610261470152934,0.0,signal_off,floor
2018-10-15,0.7263524316162336,0.37802918800474766,0.9610261470152934,0.20651132077334614,0.20811088295687888,0.9610261470152934,0.0,signal_off,floor
2018-10-16,0.7710881929033832,0.3459778485558032,0.9610261470152934,0.19453027731523687,0.20811088295687888,0.9610261470152934,0.19453027731523687,vol_target,floor
2018-10-17,0.7661010233016561,0.3089378407310364,0.9610261470152934,0.19579663182480406,0.20811088295687888,0.9610261470152934,0.19579663182480406,vol_target,floor
2018-10-18,0.7889066577915971,0.3498056023212244,0.9610261470152934,0.1901365624418713,0.20811088295687888,0.9610261470152934,0.0,signal_off,floor
2018-10-19,0.7828343072496354,0.3122482388890332,0.9610261470152934,0.1916114286393519,0.20811088295687888,0.9610261470152934,0.0,signal_off,floor
2018-10-22,0.7826461968495252,0.2822872734437623,0.9610261470152934,0.1916574827857237,0.20811088295687888,0.9610261470152934,0.0,signal_off,floor
2018-10-23,0.7790119261681566,0.25724126380711937,0.9610261470152934,0.19255160923893375,0.20811088295687888,0.9610261470152934,0.0,signal_off,floor
2018-10-24,0.81994671324103,0.3404532044180087,0.9610261470152934,0.1829387173308984,0.20811088295687888,0.9610261470152934,0.0,signal_off,floor
2018-10-25,0.8198921082921165,0.3075591771865982,0.9610261470152934,0.18295090107948328,0.20811088295687888,0.9610261470152934,0.0,signal_off,floor
2018-10-26,0.809465558204558,0.27789866645942424,0.9610261470152934,0.1853074519102564,0.20811088295687888,0.9610261470152934,0.0,signal_off,floor
2018-10-29,0.8033856700102056,0.25998977922752536,0.9610261470152934,0.1867098276698096,0.20811088295687888,0.9610261470152934,0.0,signal_off,floor
2018-10-30,0.8137939908182115,0.23681326127092486,0.9610261470152934,0.1843218329115281,0.20811088295687888,0.9610261470152934,0.0,signal_off,floor
2018-10-31,0.8286638218863824,0.21766096800652687,0.9610261470152934,0.18101429800390922,0.20811088295687888,0.9610261470152934,0.0,signal_off,floor
2018-11-01,0.850093280116488,0.20486049722499772,0.9610261470152934,0.17645122424617396,0.20811088295687888,0.9610261470152934,0.0,signal_off,floor
2018-11-02,0.8396354896574295,0.19154322368759863,0.9610261470152934,0.17864895165543782,0.20811088295687888,0.9610261470152934,0.0,signal_off,floor
2018-11-05,0.8439475178178893,0.17788470143322774,0.9610261470152934,0.17773617059487298,0.20811088295687888,0.9610261470152934,0.0,signal_off,floor
2018-11-06,0.8604616295594237,0.1699865812421912,0.9610261470152934,0.17432503071264602,0.20811088295687888,0.9610261470152934,0.17432503071264602,vol_target,floor
2018-11-07,0.9099381946996542,0.177963004532455,0.9610261470152934,0.1648463608558721,0.20811088295687888,0.9610261470152934,0.0,signal_off,floor
2018-11-08,0.6285260758545835,0.16750265586277074,0.9610261470152934,0.23865358298150252,0.20811088295687888,0.9610261470152934,0.0,signal_off,floor
2018-11-09,0.6364609247755201,0.17742188184796825,0.9610261470152934,0.2356782548008034,0.20811088295687888,0.9610261470152934,0.0,signal_off,floor
2018-11-12,0.682516430271563,0.26291583777805,0.9610261470152934,0.2197749289937493,0.20811088295687888,0.9610261470152934,0.0,signal_off,floor
2018-11-13,0.679741307223541,0.23930885188556564,0.9610261470152934,0.22067218573590486,0.20811088295687888,0.9610261470152934,0.20811088295687888,stress_budget,floor
2018-11-14,0.630141996235646,0.2336688835667954,0.9610261470152934,0.23804158569984668,0.20811088295687888,0.9610261470152934,0.20811088295687888,stress_budget,floor
2018-11-15,0.6347245666867909,0.21405524259758701,0.9610261470152934,0.23632297830063115,0.20811088295687888,0.9610261470152934,0.0,signal_off,floor
2018-11-16,0.6072215037590146,0.2016855856187254,0.9610261470152934,0.2470268247606887,0.20811088295687888,0.9610261470152934,0.0,signal_off,floor
2018-11-19,0.6401031742866552,0.24756340100669624,0.9610261470152934,0.23433722253785608,0.20811088295687888,0.9610261470152934,0.0,signal_off,floor
2018-11-20,0.6652575606975327,0.2749659948924342,0.9610261470152934,0.22547658059342116,0.20811088295687888,0.9610261470152934,0.0,signal_off,floor
2018-11-21,0.6690176902748716,0.2487238002416981,0.9610261470152934,0.22420931790065407,0.20811088295687888,0.9610261470152934,0.0,signal_off,floor
2018-11-23,0.5970072783691116,0.23203492376945098,0.9610261470152934,0.2512532182350707,0.20811088295687888,0.9610261470152934,0.0,signal_off,floor
2018-11-26,0.6494510622629643,0.22637400056703616,0.9610261470152934,0.23096428463345037,0.20811088295687888,0.9610261470152934,0.0,signal_off,floor
2018-11-27,0.6485321935898727,0.20719777287151384,0.9610261470152934,0.23129152489669458,0.20811088295687888,0.9610261470152934,0.20811088295687888,stress_budget,floor
2018-11-28,0.6474759418701098,0.19300494684914524,0.9610261470152934,0.23166883941162944,0.20811088295687888,0.9610261470152934,0.0,signal_off,floor
2018-11-29,0.6459115748509932,0.18176944732947684,0.9610261470152934,0.23222993028821917,0.20811088295687888,0.9610261470152934,0.20811088295687888,stress_budget,floor
2018-11-30,0.6509965787287215,0.17339081374813117,0.9610261470152934,0.23041595747388233,0.20811088295687888,0.9610261470152934,0.20811088295687888,stress_budget,floor
2018-12-03,0.6541852415895639,0.16965644987222397,0.9610261470152934,0.2292928523357151,0.20811088295687888,0.9610261470152934,0.0,signal_off,floor
2018-12-04,0.8178502754350968,0.40118303414372136,0.9610261470152934,0.18340765358329178,0.20811088295687888,0.9610261470152934,0.0,signal_off,floor
2018-12-05,0.8191901632176201,0.3562502585983951,0.9610261470152934,0.18310766746859983,0.20811088295687888,0.9610261470152934,,signal_off,floor
2018-12-06,0.8151366356931297,0.33414853164696096,0.9610261470152934,0.18401822888558003,0.20811088295687888,0.9610261470152934,0.0,signal_off,floor
2018-12-07,0.7890180138008971,0.35669918923324456,0.9610261470152934,0.19010972801167425,0.20811088295687888,0.9610261470152934,0.0,signal_off,floor
2018-12-10,0.7911141162708066,0.3180234290042876,0.9610261470152934,0.189606021324809,0.20811088295687888,0.9610261470152934,0.0,signal_off,floor
2018-12-11,0.7893758581284624,0.28504034508495824,0.9610261470152934,0.19002354639478866,0.20811088295687888,0.9610261470152934,0.0,signal_off,floor
2018-12-12,0.7515562140999733,0.2569488526936176,0.9610261470152934,0.19958586887560048,0.20811088295687888,0.9610261470152934,0.0,signal_off,floor
2018-12-13,0.7537461160222965,0.23323229460934802,0.9610261470152934,0.19900600057694076,0.20811088295687888,0.9610261470152934,0.0,signal_off,floor
2018-12-14,0.756384928167001,0.23481889963188315,0.9610261470152934,0.1983117251734579,0.20811088295687888,0.9610261470152934,0.0,signal_off,floor
2018-12-17,0.7620167428244028,0.2459394627010996,0.9610261470152934,0.19684606855753248,0.20811088295687888,0.9610261470152934,0.0,signal_off,floor
2018-12-18,0.7389509427769644,0.22918068275999728,0.9610261470152934,0.2029904711080044,0.20811088295687888,0.9610261470152934,0.0,signal_off,floor
2018-12-19,0.7173635543470761,0.2152051356142617,0.9610261470152934,0.2090989974205279,0.20811088295687888,0.9610261470152934,0.0,signal_off,floor
2018-12-20,0.6968023342931964,0.20451976393967117,0.9610261470152934,0.21526908366653646,0.20811088295687888,0.9610261470152934,0.0,signal_off,floor
2018-12-21,0.7212583650924956,0.26020448190318496,0.9610261470152934,0.2079698583194438,0.20811088295687888,0.9610261470152934,0.0,signal_off,floor
2018-12-24,0.7397990827100264,0.2867321803282269,0.9610261470152934,0.20275775343018965,0.20811088295687888,0.9610261470152934,0.0,signal_off,floor
2018-12-26,0.7022878535282885,0.2625545676818065,0.9610261470152934,0.2135876325446912,0.20811088295687888,0.9610261470152934,0.0,signal_off,floor
2018-12-27,0.6974628407829885,0.242011973196836,0.9610261470152934,0.21506522101106693,0.20811088295687888,0.9610261470152934,0.0,signal_off,floor
2018-12-28,0.6793289953032486,0.22252671576281585,0.9610261470152934,0.2208061205057806,0.20811088295687888,0.9610261470152934,0.0,signal_off,floor
2018-12-31,0.7070431507341316,0.20787115255188943,0.9610261470152934,0.2121511252096186,0.20811088295687888,0.9610261470152934,0.0,signal_off,floor
2019-01-02,0.7032301651707462,0.19416170352775636,0.9610261470152934,0.2133014302132213,0.20811088295687888,0.9610261470152934,0.0,signal_off,floor
2019-01-03,0.6729711453638276,0.22242997277015408,0.9610261470152934,0.22289217157877647,0.20811088295687888,0.9610261470152934,0.0,signal_off,floor
2019-01-04,0.6167904589101876,0.22288496397963561,0.9610261470152934,0.24319442337846195,0.20811088295687888,0.9610261470152934,0.0,signal_off,floor
2019-01-07,0.6174136564862304,0.20477393121251244,0.9610261470152934,0.24294895071428552,0.20811088295687888,0.9610261470152934,0.0,signal_off,floor
2019-01-08,0.6189268758053758,0.18998261365855762,0.9610261470152934,0.2423549628618295,0.20811088295687888,0.9610261470152934,0.0,signal_off,floor
2019-01-09,0.5821126458439964,0.1772300025925116,0.9610261470152934,0.2576820845087762,0.20811088295687888,0.9610261470152934,0.0,signal_off,floor
2019-01-10,0.5835618457669615,0.16600227153975233,0.9610261470152934,0.2570421645761617,0.20811088295687888,0.9610261470152934,0.0,signal_off,floor
2019-01-11,0.5936793643864163,0.1589469629368619,0.9610261470152934,0.25266163690063415,0.20811088295687888,0.9610261470152934,0.0,signal_off,floor
2019-01-14,0.5934483542582426,0.150778734003213,0.9610261470152934,0.2527599898520008,0.20811088295687888,0.9610261470152934,0.0,signal_off,floor
2019-01-15,0.6033695071232481,0.14708497264766185,0.9610261470152934,0.24860387909752296,0.20811088295687888,0.9610261470152934,0.20811088295687888,stress_budget,floor
2019-01-16,0.5912930298365436,0.1446429138350271,0.9610261470152934,0.2536813262308636,0.20811088295687888,0.9610261470152934,0.20811088295687888,stress_budget,floor
2019-01-17,0.5736551239101488,0.14069453512551217,0.9610261470152934,0.26148114737922984,0.20811088295687888,0.9610261470152934,0.0,signal_off,floor
2019-01-18,0.5688308877869745,0.1356475425871464,0.9610261470152934,0.2636987604234574,0.20811088295687888,0.9610261470152934,0.0,signal_off,floor
2019-01-22,0.6639202301961882,0.2802418896992549,0.9610261470152934,0.22593075670502621,0.20811088295687888,0.9610261470152934,0.0,signal_off,floor
2019-01-23,0.6622987236668781,0.25353310841988613,0.9610261470152934,0.22648390316911848,0.20811088295687888,0.9610261470152934,0.0,signal_off,floor
2019-01-24,0.6141974662162448,0.23148412633214283,0.9610261470152934,0.24422113123336858,0.20811088295687888,0.9610261470152934,0.0,signal_off,floor
2019-01-25,0.5748896863575941,0.21617745963652388,0.9610261470152934,0.2609196225981634,0.20811088295687888,0.9610261470152934,0.0,signal_off,floor
2019-01-28,0.5934099527826949,0.22949336534432396,0.9610261470152934,0.25277634676769495,0.20811088295687888,0.9610261470152934,0.0,signal_off,floor
2019-01-29,0.5873567769979844,0.2099573373963433,0.9610261470152934,0.25538140679445115,0.20811088295687888,0.9610261470152934,0.0,signal_off,floor
2019-01-30,0.5908000311479558,0.1971876038022379,0.9610261470152934,0.253893013019214,0.20811088295687888,0.9610261470152934,0.0,signal_off,floor
2019-01-31,0.5905498519057613,0.18671133173019056,0.9610261470152934,0.25400057169760615,0.20811088295687888,0.9610261470152934,0.0,signal_off,floor
2019-02-01,0.5861431601699122,0.1738406766470448,0.9610261470152934,0.25591017722789383,0.20811088295687888,0.9610261470152934,0.20811088295687888,stress_budget,floor
2019-02-04,0.5463438649980156,0.1648728440906443,0.9610261470152934,0.27455236456356075,0.20811088295687888,0.9610261470152934,0.20811088295687888,stress_budget,floor
2019-02-05,0.48843888643795025,0.15538910743123585,0.9610261470152934,0.307100855736341,0.20811088295687888,0.9610261470152934,0.20811088295687888,stress_budget,floor
2019-02-06,0.4880156002858347,0.14765292487126586,0.9610261470152934,0.3073672233267621,0.20811088295687888,0.9610261470152934,0.20811088295687888,stress_budget,floor
2019-02-07,0.5124762131960408,0.17173151208240536,0.9610261470152934,0.2926965118332615,0.20811088295687888,0.9610261470152934,0.20811088295687888,stress_budget,floor
2019-02-08,0.5126325965347862,0.16207168022941593,0.9610261470152934,0.2926072220415685,0.20811088295687888,0.9610261470152934,0.20811088295687888,stress_budget,floor
2019-02-11,0.5124335182494419,0.15314357166924555,0.9610261470152934,0.2927208987273606,0.20811088295687888,0.9610261470152934,0.20811088295687888,stress_budget,floor
2019-02-12,0.5071579782580644,0.14629403600249452,0.9610261470152934,0.2957658292495073,0.20811088295687888,0.9610261470152934,0.20811088295687888,stress_budget,floor
2019-02-13,0.506471584356421,0.14000762283665283,0.9610261470152934,0.29616666488921906,0.20811088295687888,0.9610261470152934,0.20811088295687888,stress_budget,floor
2019-02-14,0.5038217231973731,0.142116113915181,0.9610261470152934,0.29772435981534134,0.20811088295687888,0.9610261470152934,0.20811088295687888,stress_budget,floor
2019-02-15,0.5101917078219168,0.14063560116931922,0.9610261470152934,0.29400713045763127,0.20811088295687888,0.9610261470152934,0.20811088295687888,stress_budget,floor
2019-02-19,0.5064406289870581,0.13553221031079438,0.9610261470152934,0.29618476760053386,0.20811088295687888,0.9610261470152934,0.20811088295687888,stress_budget,floor
2019-02-20,0.521284794575824,0.1374616122796239,0.9610261470152934,0.2877505761933012,0.20811088295687888,0.9610261470152934,0.20811088295687888,stress_budget,floor
2019-02-21,0.3815503000921604,0.1429634976746499,0.9610261470152934,0.39313296297701433,0.20811088295687888,0.9610261470152934,0.20811088295687888,stress_budget,floor
2019-02-22,0.39455387596816305,0.14306659857507695,0.9610261470152934,0.38017621708043653,0.20811088295687888,0.9610261470152934,0.20811088295687888,stress_budget,floor
2019-02-25,0.40905234362414156,0.15082683218355541,0.9610261470152934,0.36670123601058685,0.20811088295687888,0.9610261470152934,0.20811088295687888,stress_budget,floor
2019-02-26,0.3969726218948883,0.14831990414660803,0.9610261470152934,0.3778598112988192,0.20811088295687888,0.9610261470152934,0.20811088295687888,stress_budget,floor
2019-02-27,0.3557031509849467,0.14167588223398608,0.9610261470152934,0.42169994723029025,0.20811088295687888,0.9610261470152934,0.20811088295687888,stress_budget,floor
2019-02-28,0.3558376929506176,0.13626397777627208,0.9610261470152934,0.4215405027955166,0.20811088295687888,0.9610261470152934,0.20811088295687888,stress_budget,floor
2019-03-01,0.3599215978659572,0.1382344598954104,0.9610261470152934,0.4167574296440619,0.20811088295687888,0.9610261470152934,0.20811088295687888,stress_budget,floor
2019-03-04,0.35945668956508864,0.14786585957604836,0.9610261470152934,0.4172964486527903,0.20811088295687888,0.9610261470152934,0.20811088295687888,stress_budget,floor
2019-03-05,0.36535794044933195,0.14665109605513704,0.9610261470152934,0.41055628848663844,0.20811088295687888,0.9610261470152934,0.20811088295687888,stress_budget,floor
2019-03-06,0.3766835916228884,0.16304581601085555,0.9610261470152934,0.39821219542307656,0.20811088295687888,0.9610261470152934,0.20811088295687888,stress_budget,floor
2019-03-07,0.3932525697656085,0.1747474645649048,0.9610261470152934,0.38143425251971,0.20811088295687888,0.9610261470152934,0.20811088295687888,stress_budget,floor
2019-03-08,0.3925299302904031,0.16432640631570716,0.9610261470152934,0.3821364650818509,0.20811088295687888,0.9610261470152934,0.20811088295687888,stress_budget,floor
2019-03-11,0.4395332562409831,0.17180010992762962,0.9610261470152934,0.3412711049053349,0.20811088295687888,0.9610261470152934,0.20811088295687888,stress_budget,floor
2019-03-12,0.4397203168799045,0.16218353198714566,0.9610261470152934,0.34112592537080266,0.20811088295687888,0.9610261470152934,0.20811088295687888,stress_budget,floor
2019-03-13,0.440882833748806,0.15369965221706686,0.9610261470152934,0.34022644684202613,0.20811088295687888,0.9610261470152934,0.20811088295687888,stress_budget,floor
2019-03-14,0.43970861910428904,0.14630097527529778,0.9610261470152934,0.34113500050455764,0.20811088295687888,0.9610261470152934,0.20811088295687888,stress_budget,floor
2019-03-15,0.44709452672921346,0.14278705789216115,0.9610261470152934,0.33549952198553473,0.20811088295687888,0.9610261470152934,0.20811088295687888,stress_budget,floor
2019-03-18,0.44332134468123285,0.13979706063143077,0.9610261470152934,0.3383550144824551,0.20811088295687888,0.9610261470152934,0.20811088295687888,stress_budget,floor
2019-03-19,0.43423216273376286,0.1367249796074447,0.9610261470152934,0.34543733254500597,0.20811088295687888,0.9610261470152934,0.20811088295687888,stress_budget,floor
2019-03-20,0.43872418869554225,0.1380692622694207,0.9610261470152934,0.341900455605137,0.20811088295687888,0.9610261470152934,0.20811088295687888,stress_budget,floor
2019-03-21,0.4197327015191566,0.13395470893750275,0.9610261470152934,0.3573702965175183,0.20811088295687888,0.9610261470152934,0.20811088295687888,stress_budget,floor
2019-03-22,0.5590742753758169,0.303599264277729,0.9610261470152934,0.26830066523659685,0.20811088295687888,0.9610261470152934,0.20811088295687888,stress_budget,floor
2019-03-25,0.5382644007670063,0.2737950477522583,0.9610261470152934,0.2786734545072193,0.20811088295687888,0.9610261470152934,0.20811088295687888,stress_budget,floor
2019-03-26,0.5610571727362866,0.2526771211989552,0.9610261470152934,0.2673524326735671,0.20811088295687888,0.9610261470152934,0.20811088295687888,stress_budget,floor
2019-03-27,0.5634645064342493,0.23640526140883916,0.9610261470152934,0.26621020186211763,0.20811088295687888,0.9610261470152934,0.20811088295687888,stress_budget,floor
2019-03-28,0.5736310058478155,0.21787977113835724,0.9610261470152934,0.261492141238605,0.20811088295687888,0.9610261470152934,0.20811088295687888,stress_budget,floor
2019-03-29,0.5780589595585804,0.20106167762395777,0.9610261470152934,0.2594891014483082,0.20811088295687888,0.9610261470152934,0.0,signal_off,floor
2019-04-01,0.5643187420309606,0.18688792997971662,0.9610261470152934,0.265807227064896,0.20811088295687888,0.9610261470152934,0.0,signal_off,floor
2019-04-02,0.5577980153389623,0.17443165827076418,0.9610261470152934,0.26891454590215436,0.20811088295687888,0.9610261470152934,0.20811088295687888,stress_budget,floor
2019-04-03,0.5550690548518441,0.1633724597168129,0.9610261470152934,0.2702366465737081,0.20811088295687888,0.9610261470152934,0.20811088295687888,stress_budget,floor
2019-04-04,0.5417315130442666,0.15418426249290892,0.9610261470152934,0.27688992866055223,0.20811088295687888,0.9610261470152934,0.20811088295687888,stress_budget,floor
2019-04-05,0.5292508456711974,0.14775865241760783,0.9610261470152934,0.2834194810019993,0.20811088295687888,0.9610261470152934,0.20811088295687888,stress_budget,floor
2019-04-08,0.5292645511726155,0.14202409432547206,0.9610261470152934,0.2834121417496534,0.20811088295687888,0.9610261470152934,0.20811088295687888,stress_budget,floor
2019-04-09,0.49570225234666304,0.16893818552663944,0.9610261470152934,0.30260100552276575,0.20811088295687888,0.9610261470152934,0.20811088295687888,stress_budget,floor
2019-04-10,0.5022502906653056,0.16159542757223555,0.9610261470152934,0.29865587494494544,0.20811088295687888,0.9610261470152934,0.20811088295687888,stress_budget,floor
2019-04-11,0.5042168971071824,0.15377706813649486,0.9610261470152934,0.2974910219403341,0.20811088295687888,0.9610261470152934,0.20811088295687888,stress_budget,floor
2019-04-12,0.531800819427168,0.15519880747010517,0.9610261470152934,0.28206049054526333,0.20811088295687888,0.9610261470152934,0.20811088295687888,stress_budget,floor
2019-04-15,0.5243230152553919,0.1474397920071191,0.9610261470152934,0.28608318848436715,0.20811088295687888,0.9610261470152934,0.20811088295687888,stress_budget,floor
2019-04-16,0.5225455006643452,0.14095154460045223,0.9610261470152934,0.287056342097091,0.20811088295687888,0.9610261470152934,0.20811088295687888,stress_budget,floor
2019-04-17,0.5212814468873535,0.13579078927624322,0.9610261470152934,0.2877524241379999,0.20811088295687888,0.9610261470152934,0.20811088295687888,stress_budget,floor
2019-04-18,0.5178780225633485,0.1318434191007896,0.9610261470152934,0.28964349415243146,0.20811088295687888,0.9610261470152934,0.20811088295687888,stress_budget,floor
2019-04-22,0.5181337747451435,0.12901495967107385,0.9610261470152934,0.2895005253687256,0.20811088295687888,0.9610261470152934,0.20811088295687888,stress_budget,floor
2019-04-23,0.32883338547189583,0.1258940353700817,0.9610261470152934,0.4561580624933837,0.20811088295687888,0.9610261470152934,0.20811088295687888,stress_budget,floor
2019-04-24,0.3536875184189989,0.14747449709098984,0.9610261470152934,0.4241031763589158,0.20811088295687888,0.9610261470152934,0.20811088295687888,stress_budget,floor
2019-04-25,0.3377820378610122,0.15065107725978757,0.9610261470152934,0.4440733466760621,0.20811088295687888,0.9610261470152934,0.20811088295687888,stress_budget,floor
2019-04-26,0.3354714328354071,0.14688506217217046,0.9610261470152934,0.4471319621232689,0.20811088295687888,0.9610261470152934,0.20811088295687888,stress_budget,floor
2019-04-29,0.33432458200610715,0.14643675914771273,0.9610261470152934,0.4486657819174658,0.20811088295687888,0.9610261470152934,0.20811088295687888,stress_budget,floor
2019-04-30,0.32970382446182456,0.14012637299457223,0.9610261470152934,0.45495377630163963,0.20811088295687888,0.9610261470152934,0.20811088295687888,stress_budget,floor
2019-05-01,0.37228717612642753,0.1846503400501369,0.9610261470152934,0.40291476478110133,0.20811088295687888,0.9610261470152934,0.20811088295687888,stress_budget,floor
2019-05-02,0.37168020917776634,0.17191778035207728,0.9610261470152934,0.4035727388655723,0.20811088295687888,0.9610261470152934,0.20811088295687888,stress_budget,floor
2019-05-03,0.40551449618535007,0.1690628670741377,0.9610261470152934,0.36990046326590237,0.20811088295687888,0.9610261470152934,0.20811088295687888,stress_budget,floor
2019-05-06,0.47700269034766885,0.23928175294636087,0.9610261470152934,0.3144636351855181,0.20811088295687888,0.9610261470152934,0.20811088295687888,stress_budget,floor
2019-05-07,0.6201348416018282,0.3836586845928045,0.9610261470152934,0.24188287762149469,0.20811088295687888,0.9610261470152934,0.0,signal_off,floor
2019-05-08,0.6209234165229931,0.34415414217405743,0.9610261470152934,0.24157568551683928,0.20811088295687888,0.9610261470152934,0.0,signal_off,floor
2019-05-09,0.6108249269987396,0.3073290161269873,0.9610261470152934,0.24556954598598021,0.20811088295687888,0.9610261470152934,0.0,signal_off,floor
2019-05-10,0.6564670725251941,0.28806879409148783,0.9610261470152934,0.22849584735911221,0.20811088295687888,0.9610261470152934,0.0,signal_off,floor
2019-05-13,0.8322774686624834,0.4986404418204439,0.9610261470152934,0.18022835610467552,0.20811088295687888,0.9610261470152934,0.0,signal_off,floor
2019-05-14,0.8339105328655408,0.4433928607064383,0.9610261470152934,0.17987541119616232,0.20811088295687888,0.9610261470152934,0.0,signal_off,floor
2019-05-15,0.8527179734164885,0.39512364140058887,0.9610261470152934,0.17590810171270577,0.20811088295687888,0.9610261470152934,0.0,signal_off,floor
2019-05-16,0.8680646033363416,0.3536245357981862,0.9610261470152934,0.1727981989168619,0.20811088295687888,0.9610261470152934,0.0,signal_off,floor
2019-05-17,0.8683485866402626,0.31900930869311256,0.9610261470152934,0.1727416872760359,0.20811088295687888,0.9610261470152934,0.0,signal_off,floor
2019-05-20,0.8655385149473286,0.2878410146503063,0.9610261470152934,0.17330251330193908,0.20811088295687888,0.9610261470152934,0.0,signal_off,floor
2019-05-21,0.8869696059757523,0.2656202228867929,0.9610261470152934,0.169115152299932,0.20811088295687888,0.9610261470152934,0.0,signal_off,floor
2019-05-22,0.8869176201973449,0.2404156147838932,0.9610261470152934,0.1691250648133747,0.20811088295687888,0.9610261470152934,0.0,signal_off,floor
2019-05-23,0.9085068234712356,0.2859343833292466,0.9610261470152934,0.16510607969555793,0.20811088295687888,0.9610261470152934,0.0,signal_off,floor
2019-05-24,0.9178337579250232,0.25992303762487806,0.9610261470152934,0.1634282882982098,0.20811088295687888,0.9610261470152934,0.0,signal_off,floor
2019-05-28,0.9136694227369925,0.2577564125417965,0.9610261470152934,0.16417316402102994,0.20811088295687888,0.9610261470152934,0.16417316402102994,vol_target,floor
2019-05-29,0.9147189391317658,0.24275916778880585,0.9610261470152934,0.16398479749678868,0.20811088295687888,0.9610261470152934,0.16398479749678868,vol_target,floor
2019-05-30,0.9182928211919592,0.221573350008925,0.9610261470152934,0.16334658895111204,0.20811088295687888,0.9610261470152934,0.16334658895111204,vol_target,floor
2019-05-31,0.914291716833234,0.23089936670506508,0.9610261470152934,0.1640614228897798,0.20811088295687888,0.9610261470152934,0.1640614228897798,vol_target,floor
2019-06-03,0.9134662332919016,0.21137309042185895,0.9610261470152934,0.1642096823430877,0.20811088295687888,0.9610261470152934,0.0,signal_off,floor
2019-06-04,0.9119078178504824,0.20065957236748766,0.9610261470152934,0.1644903103841952,0.20811088295687888,0.9610261470152934,0.0,signal_off,floor
2019-06-05,0.8932503772706109,0.18728698129712038,0.9610261470152934,0.16792604158571475,0.20811088295687888,0.9610261470152934,0.0,signal_off,floor
2019-06-06,0.7960026226113117,0.17430832345062897,0.9610261470152934,0.18844159018964066,0.20811088295687888,0.9610261470152934,0.0,signal_off,floor
2019-06-07,0.7951132511637322,0.16632575134240055,0.9610261470152934,0.18865237094270426,0.20811088295687888,0.9610261470152934,0.0,signal_off,floor
2019-06-10,0.7961747428306026,0.1571176181784083,0.9610261470152934,0.18840085213795157,0.20811088295687888,0.9610261470152934,0.0,signal_off,floor
2019-06-11,0.7543196162880786,0.15056339819992054,0.9610261470152934,0.19885469867286892,0.20811088295687888,0.9610261470152934,0.0,signal_off,floor
2019-06-12,0.5178945933494363,0.14358385433022555,0.9610261470152934,0.28963422659018045,0.20811088295687888,0.9610261470152934,0.20811088295687888,stress_budget,floor
2019-06-13,0.48940905559652337,0.13778062393410495,0.9610261470152934,0.30649208118384796,0.20811088295687888,0.9610261470152934,0.20811088295687888,stress_budget,floor
2019-06-14,0.46962804483157605,0.13370094798296658,0.9610261470152934,0.31940170875824697,0.20811088295687888,0.9610261470152934,0.20811088295687888,stress_budget,floor
2019-06-17,0.4509517332632599,0.12999068834226513,0.9610261470152934,0.33262983360667536,0.20811088295687888,0.9610261470152934,0.20811088295687888,stress_budget,floor
2019-06-18,0.447192551031777,0.12678710263930443,0.9610261470152934,0.33542598071885404,0.20811088295687888,0.9610261470152934,0.20811088295687888,stress_budget,floor
2019-06-19,0.46826734530357605,0.1316796848076659,0.9610261470152934,0.32032983188856684,0.20811088295687888,0.9610261470152934,0.20811088295687888,stress_budget,floor
2019-06-20,0.43914791786996976,0.13583308906643235,0.9610261470152934,0.3415705594769881,0.20811088295687888,0.9610261470152934,0.0,signal_off,floor
2019-06-21,0.4486269283327996,0.14835479603780935,0.9610261470152934,0.3343535363724918,0.20811088295687888,0.9610261470152934,0.20811088295687888,stress_budget,floor
2019-06-24,0.3781755320822903,0.1421931622598912,0.9610261470152934,0.39664120831423927,0.20811088295687888,0.9610261470152934,0.20811088295687888,stress_budget,floor
2019-06-25,0.3753762065639726,0.15198413726231322,0.9610261470152934,0.39959911517310465,0.20811088295687888,0.9610261470152934,0.20811088295687888,stress_budget,floor
2019-06-26,0.3492622582322344,0.14477756238727302,0.9610261470152934,0.4294766939869602,0.20811088295687888,0.9610261470152934,0.20811088295687888,stress_budget,floor
2019-06-27,0.3430933473762342,0.14051132844569653,0.9610261470152934,0.4371988006969743,0.20811088295687888,0.9610261470152934,0.20811088295687888,stress_budget,floor
2019-06-28,0.35120552287026,0.1382297700234987,0.9610261470152934,0.42710034504614547,0.20811088295687888,0.9610261470152934,0.20811088295687888,stress_budget,floor
2019-07-01,0.3210950464665543,0.13720523948826985,0.9610261470152934,0.46715139847423404,0.20811088295687888,0.9610261470152934,0.20811088295687888,stress_budget,floor
2019-07-02,0.3343821978397324,0.1383164828514285,0.9610261470152934,0.44858847441362354,0.20811088295687888,0.9610261470152934,0.20811088295687888,stress_budget,floor
2019-07-03,0.30758725415734045,0.13357943126565328,0.9610261470152934,0.48766650104191356,0.20811088295687888,0.9610261470152934,0.20811088295687888,stress_budget,floor
2019-07-05,0.3118661219902731,0.1364472417653501,0.9610261470152934,0.48097561557096097,0.20811088295687888,0.9610261470152934,0.20811088295687888,stress_budget,floor
2019-07-08,0.33573643150213534,0.15269868588748678,0.9610261470152934,0.4467790383333659,0.20811088295687888,0.9610261470152934,0.20811088295687888,stress_budget,floor
2019-07-09,0.33189306410966424,0.14562070100592678,0.9610261470152934,0.451952801130056,0.20811088295687888,0.9610261470152934,0.20811088295687888,stress_budget,floor
2019-07-10,0.34694602543517905,0.14392749341475303,0.9610261470152934,0.4323439065539171,0.20811088295687888,0.9610261470152934,0.20811088295687888,stress_budget,floor
2019-07-11,0.34374040747554907,0.13849334111085085,0.9610261470152934,0.4363758136601086,0.20811088295687888,0.9610261470152934,0.20811088295687888,stress_budget,floor
2019-07-12,0.34465258506298624,0.13434415266490618,0.9610261470152934,0.435220876038365,0.20811088295687888,0.9610261470152934,0.20811088295687888,stress_budget,floor
2019-07-15,0.34484253863074255,0.13024297833691215,0.9610261470152934,0.4349811383351983,0.20811088295687888,0.9610261470152934,0.20811088295687888,stress_budget,floor
2019-07-16,0.3477574633632906,0.12871601306157968,0.9610261470152934,0.4313350993226564,0.20811088295687888,0.9610261470152934,0.20811088295687888,stress_budget,floor
2019-07-17,0.36702570788747507,0.14481845726744882,0.9610261470152934,0.408690717779333,0.20811088295687888,0.9610261470152934,0.20811088295687888,stress_budget,floor
2019-07-18,0.3718734470299905,0.14068838460711586,0.9610261470152934,0.40336302900352805,0.20811088295687888,0.9610261470152934,0.20811088295687888,stress_budget,floor
2019-07-19,0.37279136978830807,0.1648580305340734,0.9610261470152934,0.4023698297661194,0.20811088295687888,0.9610261470152934,0.20811088295687888,stress_budget,floor
2019-07-22,0.387573656115916,0.16063444579011807,0.9610261470152934,0.3870232087062641,0.20811088295687888,0.9610261470152934,0.20811088295687888,stress_budget,floor
2019-07-23,0.3751358743300781,0.15356190913331674,0.9610261470152934,0.39985511987588945,0.20811088295687888,0.9610261470152934,0.20811088295687888,stress_budget,floor
2019-07-24,0.3791288284355494,0.14788596792103387,0.9610261470152934,0.3956438781481358,0.20811088295687888,0.9610261470152934,0.20811088295687888,stress_budget,floor
2019-07-25,0.3756316601518344,0.15288701156676215,0.9610261470152934,0.39932736218072873,0.20811088295687888,0.9610261470152934,0.20811088295687888,stress_budget,floor
2019-07-26,0.3772794801091817,0.14653855471426602,0.9610261470152934,0.3975832450696528,0.20811088295687888,0.9610261470152934,0.20811088295687888,stress_budget,floor
2019-07-29,0.37791600674215486,0.1422295110784526,0.9610261470152934,0.39691359276650656,0.20811088295687888,0.9610261470152934,0.20811088295687888,stress_budget,floor
2019-07-30,0.40123837654781375,0.17028493189843316,0.9610261470152934,0.3738426052128271,0.20811088295687888,0.9610261470152934,0.20811088295687888,stress_budget,floor
2019-07-31,0.44249535392471756,0.22246483559778424,0.9610261470152934,0.3389866100730172,0.20811088295687888,0.9610261470152934,0.20811088295687888,stress_budget,floor
2019-08-01,0.47067572793933454,0.2677560557866408,0.9610261470152934,0.31869074841975603,0.20811088295687888,0.9610261470152934,0.20811088295687888,stress_budget,floor
2019-08-02,0.4693005185889978,0.24223198705495197,0.9610261470152934,0.3196246201708684,0.20811088295687888,0.9610261470152934,0.20811088295687888,stress_budget,floor
2019-08-05,0.7934872430590545,0.5725394063014501,0.9610261470152934,0.1890389559657185,0.20811088295687888,0.9610261470152934,0.0,signal_off,floor
2019-08-06,0.8324745399592467,0.5073800978824202,0.9610261470152934,0.18018569073276783,0.20811088295687888,0.9610261470152934,0.0,signal_off,floor
2019-08-07,0.836206669072722,0.44636378832999574,0.9610261470152934,0.17938149209732626,0.20811088295687888,0.9610261470152934,0.0,signal_off,floor
2019-08-08,0.8613151951098897,0.40207614446717094,0.9610261470152934,0.17415227416353946,0.20811088295687888,0.9610261470152934,0.0,signal_off,floor
2019-08-09,0.8628800591312301,0.370625492719977,0.9610261470152934,0.1738364427508313,0.20811088295687888,0.9610261470152934,0.0,signal_off,floor
2019-08-12,0.9014535840344298,0.4196048956001095,0.9610261470152934,0.16639791849146496,0.20811088295687888,0.9610261470152934,0.0,signal_off,floor
2019-08-13,0.9667776841564836,0.38648801151645706,0.9610261470152934,0.15515459495827671,0.20811088295687888,0.9610261470152934,0.0,signal_off,floor
2019-08-14,1.04077305267011,0.49179025973571033,0.9610261470152934,0.1441236392652308,0.20811088295687888,0.9610261470152934,0.0,signal_off,floor
2019-08-15,1.0410528345029757,0.4329510937975089,0.9610261470152934,0.14408490619173397,0.20811088295687888,0.9610261470152934,0.0,signal_off,floor
2019-08-16,1.0669648547776283,0.3901369863290331,0.9610261470152934,0.14058569907746613,0.20811088295687888,0.9610261470152934,0.0,signal_off,floor
2019-08-19,1.0975347575009065,0.355349685545948,0.9610261470152934,0.1366699313847253,0.20811088295687888,0.9610261470152934,0.0,signal_off,floor
2019-08-20,1.0846010179539018,0.3245546308913341,0.9610261470152934,0.1382997042386838,0.20811088295687888,0.9610261470152934,0.1382997042386838,vol_target,floor
2019-08-21,1.1051263181021154,0.2980995352491338,0.9610261470152934,0.13573109023193108,0.20811088295687888,0.9610261470152934,0.0,signal_off,floor
2019-08-22,1.1003352902800165,0.2810473675605736,0.9610261470152934,0.1363220841184032,0.20811088295687888,0.9610261470152934,0.0,signal_off,floor
2019-08-23,1.139892071057571,0.37032985136000546,0.9610261470152934,0.1315914057203966,0.20811088295687888,0.9610261470152934,0.0,signal_off,floor
2019-08-26,1.1369886430847822,0.32975486363716416,0.9610261470152934,0.13192743912818036,0.20811088295687888,0.9610261470152934,0.0,signal_off,floor
2019-08-27,1.1388442159947503,0.3135636114308976,0.9610261470152934,0.13171248349273035,0.20811088295687888,0.9610261470152934,0.0,signal_off,floor
2019-08-28,1.148355275575349,0.2834216305640091,0.9610261470152934,0.13062159698343093,0.20811088295687888,0.9610261470152934,0.0,signal_off,floor
2019-08-29,1.1506501221345826,0.2592895001104216,0.9610261470152934,0.13036108641064018,0.20811088295687888,0.9610261470152934,0.0,signal_off,floor
2019-08-30,1.133358190711957,0.2397077238220549,0.9610261470152934,0.13235003834557588,0.20811088295687888,0.9610261470152934,0.0,signal_off,floor
2019-09-03,1.1357900735292392,0.23419950651537347,0.9610261470152934,0.13206665870384407,0.20811088295687888,0.9610261470152934,0.0,signal_off,floor
2019-09-04,0.9451868078166706,0.2229703589507594,0.9610261470152934,0.15869878711753468,0.20811088295687888,0.9610261470152934,0.0,signal_off,floor
2019-09-05,0.927903345458648,0.2069541714444668,0.9610261470152934,0.16165476796061917,0.20811088295687888,0.9610261470152934,0.0,signal_off,floor
2019-09-06,0.933154934995396,0.1936460926285619,0.9610261470152934,0.16074501068864847,0.20811088295687888,0.9610261470152934,0.0,signal_off,floor
2019-09-09,0.9058682865927797,0.17946770929051492,0.9610261470152934,0.16558698678390799,0.20811088295687888,0.9610261470152934,0.0,signal_off,floor
2019-09-10,0.8975988291134255,0.16756732432004232,0.9610261470152934,0.16711251745744554,0.20811088295687888,0.9610261470152934,0.0,signal_off,floor
2019-09-11,0.8343807009516194,0.15899484845859,0.9610261470152934,0.17977405257447052,0.20811088295687888,0.9610261470152934,0.0,signal_off,floor
2019-09-12,0.785075465052293,0.1520239739484036,0.9610261470152934,0.1910644347929134,0.20811088295687888,0.9610261470152934,0.0,signal_off,floor
2019-09-13,0.6378164768865597,0.14507133365688313,0.9610261470152934,0.23517736752774196,0.20811088295687888,0.9610261470152934,0.20811088295687888,stress_budget,floor
2019-09-16,0.6476091264410451,0.1528393861985236,0.9610261470152934,0.23162119537185863,0.20811088295687888,0.9610261470152934,0.20811088295687888,stress_budget,floor
2019-09-17,0.6186661523614808,0.14568124544447134,0.9610261470152934,0.2424570981092827,0.20811088295687888,0.9610261470152934,0.20811088295687888,stress_budget,floor
2019-09-18,0.5925305895182454,0.14516040652847062,0.9610261470152934,0.2531514872876975,0.20811088295687888,0.9610261470152934,0.20811088295687888,stress_budget,floor
2019-09-19,0.5831063682654279,0.13921124347575015,0.9610261470152934,0.25724294599320946,0.20811088295687888,0.9610261470152934,0.20811088295687888,stress_budget,floor
2019-09-20,0.597278373934556,0.2074400898267785,0.9610261470152934,0.2511391782225076,0.20811088295687888,0.9610261470152934,0.20811088295687888,stress_budget,floor
2019-09-23,0.5923464700554044,0.19293689429564137,0.9610261470152934,0.25323017453952235,0.20811088295687888,0.9610261470152934,0.20811088295687888,stress_budget,floor
2019-09-24,0.5254940105788989,0.2449514265728079,0.9610261470152934,0.2854456891616249,0.20811088295687888,0.9610261470152934,0.20811088295687888,stress_budget,floor
2019-09-25,0.532074800028706,0.22504167589427412,0.9610261470152934,0.28191524949482166,0.20811088295687888,0.9610261470152934,0.20811088295687888,stress_budget,floor
2019-09-26,0.5135966844102692,0.20930970684995115,0.9610261470152934,0.29205796017206687,0.20811088295687888,0.9610261470152934,0.20811088295687888,stress_budget,floor
2019-09-27,0.5230715820131832,0.21152552506987995,0.9610261470152934,0.28676763402569916,0.20811088295687888,0.9610261470152934,0.20811088295687888,stress_budget,floor
2019-09-30,0.5268498080403947,0.20008532506192903,0.9610261470152934,0.2847111220518831,0.20811088295687888,0.9610261470152934,0.20811088295687888,stress_budget,floor
2019-10-01,0.5889919887130968,0.26852375380639093,0.9610261470152934,0.25467239431853517,0.20811088295687888,0.9610261470152934,0.20811088295687888,stress_budget,floor
2019-10-02,0.6219324354625889,0.2988682116023002,0.9610261470152934,0.2411837547730262,0.20811088295687888,0.9610261470152934,0.0,signal_off,floor
2019-10-03,0.6079137817667827,0.2733427895688515,0.9610261470152934,0.24674551638565306,0.20811088295687888,0.9610261470152934,0.20811088295687888,stress_budget,floor
2019-10-04,0.6214798191820701,0.2527072276285973,0.9610261470152934,0.24135940600197617,0.20811088295687888,0.9610261470152934,0.20811088295687888,stress_budget,floor
2019-10-07,0.6115796087862251,0.23205738827738004,0.9610261470152934,0.2452665161575585,0.20811088295687888,0.9610261470152934,0.20811088295687888,stress_budget,floor
2019-10-08,0.6697753301659467,0.3035488814206086,0.9610261470152934,0.22395569565519124,0.20811088295687888,0.9610261470152934,0.0,signal_off,floor
2019-10-09,0.6908064564679331,0.2769829095338795,0.9610261470152934,0.21713751890354965,0.20811088295687888,0.9610261470152934,0.20811088295687888,stress_budget,floor
2019-10-10,0.6939355329437936,0.2517790623371074,0.9610261470152934,0.21615840791964386,0.20811088295687888,0.9610261470152934,0.20811088295687888,stress_budget,floor
2019-10-11,0.7109111282123145,0.23435018451333475,0.9610261470152934,0.21099683778645578,0.20811088295687888,0.9610261470152934,0.0,signal_off,floor
2019-10-14,0.727327136685952,0.2189238273420129,0.9610261470152934,0.20623457098475834,0.20811088295687888,0.9610261470152934,0.20623457098475834,vol_target,floor
2019-10-15,0.7276728531554026,0.20258176192021243,0.9610261470152934,0.20613658919603234,0.20811088295687888,0.9610261470152934,0.0,signal_off,floor
2019-10-16,0.7273775239772504,0.1871036404156898,0.9610261470152934,0.20622028459143235,0.20811088295687888,0.9610261470152934,0.20622028459143235,vol_target,floor
2019-10-17,0.7147168010194138,0.17408151060707058,0.9610261470152934,0.20987333694416055,0.20811088295687888,0.9610261470152934,0.20811088295687888,stress_budget,floor
2019-10-18,0.7147069479817258,0.16459192063248812,0.9610261470152934,0.20987623028373764,0.20811088295687888,0.9610261470152934,0.20811088295687888,stress_budget,floor
2019-10-21,0.6872863638536333,0.15854025020785428,0.9610261470152934,0.21824963783501528,0.20811088295687888,0.9610261470152934,0.20811088295687888,stress_budget,floor
2019-10-22,0.6896460454683948,0.16487581178004115,0.9610261470152934,0.21750287844849858,0.20811088295687888,0.9610261470152934,0.20811088295687888,stress_budget,floor
2019-10-23,0.6493289849852122,0.156141227872309,0.9610261470152934,0.2310077071384948,0.20811088295687888,0.9610261470152934,0.20811088295687888,stress_budget,floor
2019-10-24,0.6432751205981477,0.1482248377614144,0.9610261470152934,0.23318172147015864,0.20811088295687888,0.9610261470152934,0.20811088295687888,stress_budget,floor
2019-10-25,0.6465698277681861,0.14494513074343296,0.9610261470152934,0.2319935041165876,0.20811088295687888,0.9610261470152934,0.20811088295687888,stress_budget,floor
2019-10-28,0.6351630721926053,0.14288542294690637,0.9610261470152934,0.2361598250386231,0.20811088295687888,0.9610261470152934,0.20811088295687888,stress_budget,floor
2019-10-29,0.6207862710116623,0.1372475114255566,0.9610261470152934,0.2416290549653313,0.20811088295687888,0.9610261470152934,0.20811088295687888,stress_budget,floor
2019-10-30,0.5558487145927449,0.13610086646018732,0.9610261470152934,0.26985759985052926,0.20811088295687888,0.9610261470152934,0.20811088295687888,stress_budget,floor
2019-10-31,0.5002769489799985,0.14134726031517034,0.9610261470152934,0.29983392260193287,0.20811088295687888,0.9610261470152934,0.20811088295687888,stress_budget,floor
2019-11-01,0.49500220296440145,0.14122043544591525,0.9610261470152934,0.3030289544202036,0.20811088295687888,0.9610261470152934,0.20811088295687888,stress_budget,floor
2019-11-04,0.48095752610951714,0.13775162916051062,0.9610261470152934,0.31187785169587723,0.20811088295687888,0.9610261470152934,0.20811088295687888,stress_budget,floor
2019-11-05,0.4883355541889046,0.14580708561450867,0.9610261470152934,0.30716583855775315,0.20811088295687888,0.9610261470152934,0.20811088295687888,stress_budget,floor
2019-11-06,0.36370348114619544,0.14024883246777506,0.9610261470152934,0.4124238776249312,0.20811088295687888,0.9610261470152934,0.20811088295687888,stress_budget,floor
2019-11-07,0.3469765707872539,0.13522676456353883,0.9610261470152934,0.4323058460681236,0.20811088295687888,0.9610261470152934,0.20811088295687888,stress_budget,floor
2019-11-08,0.34232096570046977,0.13142251919206985,0.9610261470152934,0.4381852560303003,0.20811088295687888,0.9610261470152934,0.20811088295687888,stress_budget,floor
2019-11-11,0.3159742427892785,0.1282684311053977,0.9610261470152934,0.4747222389896957,0.20811088295687888,0.9610261470152934,0.20811088295687888,stress_budget,floor
2019-11-12,0.2908493263469913,0.12528733239178538,0.9610261470152934,0.5157309521186438,0.20811088295687888,0.9610261470152934,0.20811088295687888,stress_budget,floor
2019-11-13,0.28443132697696827,0.12328060792232132,0.9610261470152934,0.5273680701568649,0.20811088295687888,0.9610261470152934,0.20811088295687888,stress_budget,floor
2019-11-14,0.2851706602267739,0.12174671320348515,0.9610261470152934,0.5260008160752468,0.20811088295687888,0.9610261470152934,0.20811088295687888,stress_budget,floor
2019-11-15,0.3000234586671079,0.12438338281498183,0.9610261470152934,0.49996090527852033,0.20811088295687888,0.9610261470152934,0.20811088295687888,stress_budget,floor
2019-11-18,0.29523464748538725,0.122255542793771,0.9610261470152934,0.5080704493107446,0.20811088295687888,0.9610261470152934,0.20811088295687888,stress_budget,floor
2019-11-19,0.2920600157288707,0.12736652165296683,0.9610261470152934,0.5135930696492537,0.20811088295687888,0.9610261470152934,0.20811088295687888,stress_budget,floor
2019-11-20,0.2696685997334401,0.12455801933277512,0.9610261470152934,0.5562382870985751,0.20811088295687888,0.9610261470152934,0.20811088295687888,stress_budget,floor
2019-11-21,0.2748911793415791,0.1263332338544307,0.9610261470152934,0.545670473528037,0.20811088295687888,0.9610261470152934,0.20811088295687888,stress_budget,floor
2019-11-22,0.2899691841198893,0.1278057450353763,0.9610261470152934,0.5172963480767035,0.20811088295687888,0.9610261470152934,0.20811088295687888,stress_budget,floor
2019-11-25,0.3049804382064939,0.13218489673090528,0.9610261470152934,0.4918348235123169,0.20811088295687888,0.9610261470152934,0.20811088295687888,stress_budget,floor
2019-11-26,0.29678444397956333,0.12890048388375802,0.9610261470152934,0.5054173257488154,0.20811088295687888,0.9610261470152934,0.20811088295687888,stress_budget,floor
2019-11-27,0.2979167745503261,0.12582589872139374,0.9610261470152934,0.5034963211669069,0.20811088295687888,0.9610261470152934,0.20811088295687888,stress_budget,floor
2019-11-29,0.30284243061737864,0.13522450115198192,0.9610261470152934,0.49530707996963297,0.20811088295687888,0.9610261470152934,0.20811088295687888,stress_budget,floor
2019-12-02,0.38234092305288203,0.21273706319556931,0.9610261470152934,0.39232002371677416,0.20811088295687888,0.9610261470152934,0.20811088295687888,stress_budget,floor
2019-12-03,0.4053861962385885,0.23827729902527614,0.9610261470152934,0.37001753239697893,0.20811088295687888,0.9610261470152934,0.20811088295687888,stress_budget,floor
2019-12-04,0.431728688585931,0.22216219665388753,0.9610261470152934,0.34744042720743146,0.20811088295687888,0.9610261470152934,0.20811088295687888,stress_budget,floor
2019-12-05,0.4240027113076938,0.20398201684816122,0.9610261470152934,0.3537713226818183,0.20811088295687888,0.9610261470152934,0.20811088295687888,stress_budget,floor
2019-12-06,0.43144621372367964,0.19048313099989803,0.9610261470152934,0.3476679021132115,0.20811088295687888,0.9610261470152934,0.20811088295687888,stress_budget,floor
2019-12-09,0.4851905344421272,0.2374204223771569,0.9610261470152934,0.309156896831201,0.20811088295687888,0.9610261470152934,0.20811088295687888,stress_budget,floor
2019-12-10,0.4862535259232626,0.21701239854423662,0.9610261470152934,0.3084810536133203,0.20811088295687888,0.9610261470152934,0.20811088295687888,stress_budget,floor
2019-12-11,0.4893823907040965,0.2001971948664981,0.9610261470152934,0.3065087809640805,0.20811088295687888,0.9610261470152934,0.20811088295687888,stress_budget,floor
2019-12-12,0.511983030534567,0.19101992624628783,0.9610261470152934,0.2929784603278421,0.20811088295687888,0.9610261470152934,0.20811088295687888,stress_budget,floor
2019-12-13,0.535302824412047,0.18487734721698915,0.9610261470152934,0.28021522241126484,0.20811088295687888,0.9610261470152934,0.20811088295687888,stress_budget,floor
2019-12-16,0.5377742306745443,0.17350646730699038,0.9610261470152934,0.2789274595992654,0.20811088295687888,0.9610261470152934,0.20811088295687888,stress_budget,floor
2019-12-17,0.5306713979452944,0.1635233557449429,0.9610261470152934,0.28266079645668624,0.20811088295687888,0.9610261470152934,0.20811088295687888,stress_budget,floor
2019-12-18,0.5307502596825581,0.1542619748691754,0.9610261470152934,0.2826187971904433,0.20811088295687888,0.9610261470152934,0.20811088295687888,stress_budget,floor
2019-12-19,0.5260882350948315,0.14699039780347914,0.9610261470152934,0.28512327399406934,0.20811088295687888,0.9610261470152934,0.20811088295687888,stress_budget,floor
2019-12-20,0.5294947650467925,0.14429354436186673,0.9610261470152934,0.28328891974360537,0.20811088295687888,0.9610261470152934,0.20811088295687888,stress_budget,floor
2019-12-23,0.5268669015637336,0.13874286084585763,0.9610261470152934,0.28470188496335996,0.20811088295687888,0.9610261470152934,0.20811088295687888,stress_budget,floor
2019-12-24,0.5188700860816784,0.13438558398504252,0.9610261470152934,0.289089704771278,0.20811088295687888,0.9610261470152934,0.20811088295687888,stress_budget,floor
2019-12-26,0.5006073722914613,0.13068572514965043,0.9610261470152934,0.2996360187693514,0.20811088295687888,0.9610261470152934,0.20811088295687888,stress_budget,floor
2019-12-27,0.5191885837763004,0.16158808835104146,0.9610261470152934,0.2889123618801094,0.20811088295687888,0.9610261470152934,0.20811088295687888,stress_budget,floor
2019-12-30,0.5270787085893124,0.16755164657487726,0.9610261470152934,0.28458747726969286,0.20811088295687888,0.9610261470152934,0.20811088295687888,stress_budget,floor
2019-12-31,0.5506640198531285,0.16625270526029587,0.9610261470152934,0.27239840373084034,0.20811088295687888,0.9610261470152934,0.20811088295687888,stress_budget,floor
2020-01-02,0.501327102078013,0.16004854614218259,0.9610261470152934,0.2992058465984511,0.20811088295687888,0.9610261470152934,0.20811088295687888,stress_budget,floor
2020-01-03,0.5063533367137361,0.2070022700710867,0.9610261470152934,0.2962358280751325,0.20811088295687888,0.9610261470152934,0.20811088295687888,stress_budget,floor
2020-01-06,0.48868264683427326,0.19075471671932032,0.9610261470152934,0.3069476703781328,0.20811088295687888,0.9610261470152934,0.20811088295687888,stress_budget,floor
2020-01-07,0.48794235226579014,0.1772445388633842,0.9610261470152934,0.3074133641063659,0.20811088295687888,0.9610261470152934,0.20811088295687888,stress_budget,floor
2020-01-08,0.48663415235841523,0.1678511018562744,0.9610261470152934,0.30823977164989885,0.20811088295687888,0.9610261470152934,0.20811088295687888,stress_budget,floor
2020-01-09,0.430173424318139,0.15999524044426539,0.9610261470152934,0.34869657566076423,0.20811088295687888,0.9610261470152934,0.20811088295687888,stress_budget,floor
2020-01-10,0.4301669022157987,0.15133140804395093,0.9610261470152934,0.34870186252672364,0.20811088295687888,0.9610261470152934,0.20811088295687888,stress_budget,floor
2020-01-13,0.4311434919517061,0.14585800548664582,0.9610261470152934,0.34791201259000337,0.20811088295687888,0.9610261470152934,0.20811088295687888,stress_budget,floor
2020-01-14,0.4099365115761124,0.139815519800739,0.9610261470152934,0.3659103196816605,0.20811088295687888,0.9610261470152934,0.20811088295687888,stress_budget,floor
2020-01-15,0.37877531573987167,0.13470463203120958,0.9610261470152934,0.3960131343485282,0.20811088295687888,0.9610261470152934,0.20811088295687888,stress_budget,floor
2020-01-16,0.37592109943236046,0.1314267008842583,0.9610261470152934,0.3990199013210471,0.20811088295687888,0.9610261470152934,0.20811088295687888,stress_budget,floor
2020-01-17,0.3747858800785391,0.12798796735658902,0.9610261470152934,0.40022852506761036,0.20811088295687888,0.9610261470152934,0.20811088295687888,stress_budget,floor
2020-01-21,0.37919672718298686,0.12959969676244565,0.9610261470152934,0.3955730343833251,0.20811088295687888,0.9610261470152934,0.20811088295687888,stress_budget,floor
2020-01-22,0.38009645520345575,0.12851120460476184,0.9610261470152934,0.3946366716830045,0.20811088295687888,0.9610261470152934,0.20811088295687888,stress_budget,floor
2020-01-23,0.37682701882976694,0.12567619153604195,0.9610261470152934,0.3980606286296129,0.20811088295687888,0.9610261470152934,0.20811088295687888,stress_budget,floor
2020-01-24,0.44484313518036844,0.20626111843490164,0.9610261470152934,0.3371975155673251,0.20811088295687888,0.9610261470152934,0.20811088295687888,stress_budget,floor
2020-01-27,0.570990597237433,0.3363696733388719,0.9610261470152934,0.2627013487187531,0.20811088295687888,0.9610261470152934,0.0,signal_off,floor
2020-01-28,0.6059048505192419,0.3068799816264445,0.9610261470152934,0.24756362302010718,0.20811088295687888,0.9610261470152934,0.20811088295687888,stress_budget,floor
2020-01-29,0.5912838594116422,0.27559468462653114,0.9610261470152934,0.2536852606618718,0.20811088295687888,0.9610261470152934,0.20811088295687888,stress_budget,floor
2020-01-30,0.5924063086096316,0.2509414371054131,0.9610261470152934,0.25320459593357075,0.20811088295687888,0.9610261470152934,0.20811088295687888,stress_budget,floor
2020-01-31,0.6912109085559216,0.3868694525940394,0.9610261470152934,0.2170104640179654,0.20811088295687888,0.9610261470152934,0.0,signal_off,floor
2020-02-03,0.6808734085601753,0.3440020274851247,0.9610261470152934,0.22030526984039656,0.20811088295687888,0.9610261470152934,0.0,signal_off,floor
2020-02-04,0.7014276328070242,0.3165382445672242,0.9610261470152934,0.21384957333334453,0.20811088295687888,0.9610261470152934,0.20811088295687888,stress_budget,floor
2020-02-05,0.7117033274121991,0.2862868972843958,0.9610261470152934,0.2107619765463371,0.20811088295687888,0.9610261470152934,0.0,signal_off,floor
2020-02-06,0.7114888703338274,0.2581122376017071,0.9610261470152934,0.2108255044518415,0.20811088295687888,0.9610261470152934,0.20811088295687888,stress_budget,floor
2020-02-07,0.7089873379738394,0.24216147718107423,0.9610261470152934,0.2115693637472758,0.20811088295687888,0.9610261470152934,0.20811088295687888,stress_budget,floor
2020-02-10,0.7052198080212274,0.22114926008873484,0.9610261470152934,0.2126996410110547,0.20811088295687888,0.9610261470152934,0.20811088295687888,stress_budget,floor
2020-02-11,0.7051562608788504,0.20267420512730952,0.9610261470152934,0.21271880903822932,0.20811088295687888,0.9610261470152934,0.20811088295687888,stress_budget,floor
2020-02-12,0.7181818115827855,0.19265061996044636,0.9610261470152934,0.20886076141279353,0.20811088295687888,0.9610261470152934,0.20811088295687888,stress_budget,floor
2020-02-13,0.7199056367014774,0.18615337084562977,0.9610261470152934,0.2083606411074683,0.20811088295687888,0.9610261470152934,0.20811088295687888,stress_budget,floor
2020-02-14,0.7209593977293488,0.17341058877517612,0.9610261470152934,0.20805609923724253,0.20811088295687888,0.9610261470152934,0.20805609923724253,vol_target,floor
2020-02-18,0.7228367665037835,0.1785825752802372,0.9610261470152934,0.20751573100731985,0.20811088295687888,0.9610261470152934,0.20751573100731985,vol_target,floor
2020-02-19,0.7308963229313422,0.1690411782516302,0.9610261470152934,0.20522746563891314,0.20811088295687888,0.9610261470152934,0.20522746563891314,vol_target,floor
2020-02-20,0.745640120911955,0.19988862228404639,0.9610261470152934,0.20116943253609065,0.20811088295687888,0.9610261470152934,0.20116943253609065,vol_target,floor
2020-02-21,0.7635026552030932,0.2306967111659672,0.9610261470152934,0.1964629709900612,0.20811088295687888,0.9610261470152934,0.1964629709900612,vol_target,floor
2020-02-24,0.9623647107522231,0.5314664908812923,0.9610261470152934,0.15586606441829517,0.20811088295687888,0.9610261470152934,0.0,signal_off,floor
2020-02-25,0.995468899400311,0.562925767920906,0.9610261470152934,0.15068275873848272,0.20811088295687888,0.9610261470152934,0.0,signal_off,floor
2020-02-26,0.94441828038694,0.49361338106789854,0.9610261470152934,0.1588279294409074,0.20811088295687888,0.9610261470152934,0.0,signal_off,floor
2020-02-27,1.0448329945715917,0.6556393963644138,0.9610261470152934,0.14356361330406092,0.20811088295687888,0.9610261470152934,0.0,signal_off,floor
2020-02-28,1.0462653300906959,0.5712559319085919,0.9610261470152934,0.14336707495315476,0.20811088295687888,0.9610261470152934,0.0,signal_off,floor
2020-03-02,1.0311394793655642,0.5005180273033026,0.9610261470152934,0.1454701357107299,0.20811088295687888,0.9610261470152934,0.0,signal_off,floor
2020-03-03,1.0208715163207234,0.5430502772011365,0.9610261470152934,0.1469332796556105,0.20811088295687888,0.9610261470152934,0.0,signal_off,floor
2020-03-04,1.042638099657772,0.47991656539632876,0.9610261470152934,0.14386583422304913,0.20811088295687888,0.9610261470152934,0.0,signal_off,floor
2020-03-05,1.0677088017717002,0.596814246698122,0.9610261470152934,0.14048774324150726,0.20811088295687888,0.9610261470152934,0.0,signal_off,floor
2020-03-06,1.0735597740807394,0.62971732707698,0.9610261470152934,0.13972207567896347,0.20811088295687888,0.9610261470152934,0.0,signal_off,floor
2020-03-09,1.2165393811110827,0.8773126353890917,0.9610261470152934,0.1233005707246426,0.20811088295687888,0.9610261470152934,0.0,signal_off,floor
2020-03-10,1.2567590418929426,0.7591960438267024,0.9610261470152934,0.11935462168950743,0.20811088295687888,0.9610261470152934,0.0,signal_off,floor
2020-03-11,1.2532370673770905,0.7547571726046478,0.9610261470152934,0.11969004421002018,0.20811088295687888,0.9610261470152934,0.0,signal_off,floor
2020-03-12,1.3431863597462521,0.9475740840389751,0.9610261470152934,0.11167474930905137,0.20811088295687888,0.9610261470152934,0.0,signal_off,floor
2020-03-13,1.34775553671285,0.8178637403604014,0.9610261470152934,0.11129614823608674,0.20811088295687888,0.9610261470152934,0.0,signal_off,floor
2020-03-16,1.6652632534267928,1.4138814172098881,0.9610261470152934,0.09007584818275953,0.1414545785562937,1.4138814172098881,0.0,signal_off,model
2020-03-17,1.6427293033188426,1.205601836103147,0.9610261470152934,0.0913114532607117,0.16589224900855967,1.205601836103147,0.0,signal_off,model
2020-03-18,1.6476541073528683,1.1765793539918905,0.9610261470152934,0.09103852521630948,0.169984284801056,1.1765793539918905,0.0,signal_off,model
2020-03-19,1.6753309265834035,1.0072196304046874,0.9610261470152934,0.08953454963426445,0.19856642380931622,1.0072196304046874,0.0,signal_off,model
2020-03-20,1.7525523533078509,0.8702411309187947,0.9610261470152934,0.08558945455574142,0.20811088295687888,0.9610261470152934,0.0,signal_off,floor
2020-03-23,1.9933741860035699,0.8136232254919535,0.9610261470152934,0.07524929391241317,0.20811088295687888,0.9610261470152934,0.0,signal_off,floor
2020-03-24,1.9846700263489139,0.7057557945219121,0.9610261470152934,0.07557931444953929,0.20811088295687888,0.9610261470152934,0.0,signal_off,floor
2020-03-25,1.978865433141089,0.6614222138605625,0.9610261470152934,0.07580101076499288,0.20811088295687888,0.9610261470152934,0.0,signal_off,floor
2020-03-26,2.050012910680718,0.5942153037672895,0.9610261470152934,0.0731702708887778,0.20811088295687888,0.9610261470152934,0.0,signal_off,floor
2020-03-27,2.0447518351837872,0.7107671126688575,0.9610261470152934,0.0733585354559751,0.20811088295687888,0.9610261470152934,0.0,signal_off,floor
2020-03-30,2.071341570541244,0.6226464933412583,0.9610261470152934,0.07241683464152406,0.20811088295687888,0.9610261470152934,0.0,signal_off,floor
2020-03-31,2.094796866431294,0.5475521387855752,0.9610261470152934,0.07160598834365296,0.20811088295687888,0.9610261470152934,0.0,signal_off,floor
2020-04-01,2.091527403467794,0.5632584328669975,0.9610261470152934,0.0717179223907356,0.20811088295687888,0.9610261470152934,0.0,signal_off,floor
2020-04-02,2.103691610069355,0.5009085743816108,0.9610261470152934,0.07130322680473815,0.20811088295687888,0.9610261470152934,0.0,signal_off,floor
2020-04-03,2.088649186254924,0.44246566481318456,0.9610261470152934,0.07181675170111222,0.20811088295687888,0.9610261470152934,0.0,signal_off,floor
2020-04-06,2.0992690695294307,0.4003931103426819,0.9610261470152934,0.07145344166559067,0.20811088295687888,0.9610261470152934,0.0,signal_off,floor
2020-04-07,1.9885356366440812,0.38422104463138784,0.9610261470152934,0.07543239217635797,0.20811088295687888,0.9610261470152934,0.0,signal_off,floor
2020-04-08,1.9845982306488616,0.3436276112683603,0.9610261470152934,0.07558204864012083,0.20811088295687888,0.9610261470152934,0.0,signal_off,floor
2020-04-09,1.9632645167948777,0.3090365443671697,0.9610261470152934,0.07640335712116984,0.20811088295687888,0.9610261470152934,0.0,signal_off,floor
2020-04-13,1.8344262138701932,0.2781683438364808,0.9610261470152934,0.0817694376943821,0.20811088295687888,0.9610261470152934,0.0,signal_off,floor
2020-04-14,1.8510408373647826,0.26905082965048116,0.9610261470152934,0.08103548931613315,0.20811088295687888,0.9610261470152934,0.0,signal_off,floor
2020-04-15,1.4135190590008262,0.38883876977526904,0.9610261470152934,0.10611813052314303,0.20811088295687888,0.9610261470152934,0.0,signal_off,floor
2020-04-16,1.4043460901145088,0.3453890923465489,0.9610261470152934,0.10681127754467501,0.20811088295687888,0.9610261470152934,0.0,signal_off,floor
2020-04-17,1.278438322987216,0.3138306164260327,0.9610261470152934,0.11733065045289631,0.20811088295687888,0.9610261470152934,0.0,signal_off,floor
2020-04-20,1.3733152739700734,0.45482301490639343,0.9610261470152934,0.10922473727854914,0.20811088295687888,0.9610261470152934,0.0,signal_off,floor
2020-04-21,1.3888083023253615,0.4531554245003174,0.9610261470152934,0.10800626677479273,0.20811088295687888,0.9610261470152934,0.0,signal_off,floor
2020-04-22,1.221059330493107,0.4039950400436216,0.9610261470152934,0.12284415364110496,0.20811088295687888,0.9610261470152934,0.0,signal_off,floor
2020-04-23,1.2124787204433465,0.3588174295497397,0.9610261470152934,0.123713511396845,0.20811088295687888,0.9610261470152934,0.0,signal_off,floor
2020-04-24,1.2049362147391474,0.32966310018373013,0.9610261470152934,0.12448791742264381,0.20811088295687888,0.9610261470152934,0.0,signal_off,floor
2020-04-27,1.1749074436344809,0.30631293508877666,0.9610261470152934,0.12766963118046742,0.20811088295687888,0.9610261470152934,0.0,signal_off,floor
2020-04-28,1.0273362006938913,0.27709774275674875,0.9610261470152934,0.1460086774891081,0.20811088295687888,0.9610261470152934,0.0,signal_off,floor
2020-04-29,1.029651663040453,0.25973587966065353,0.9610261470152934,0.1456803357720666,0.20811088295687888,0.9610261470152934,0.0,signal_off,floor
2020-04-30,1.0444014989922374,0.28320999752366827,0.9610261470152934,0.14362292676210997,0.20811088295687888,0.9610261470152934,0.0,signal_off,floor
2020-05-01,1.0414977927160072,0.36159101545088235,0.9610261470152934,0.1440233489202426,0.20811088295687888,0.9610261470152934,0.0,signal_off,floor
2020-05-04,1.0232417371696598,0.324550804579219,0.9610261470152934,0.14659292574881458,0.20811088295687888,0.9610261470152934,0.0,signal_off,floor
2020-05-05,1.0250306116529833,0.29371517867141217,0.9610261470152934,0.146337093053355,0.20811088295687888,0.9610261470152934,0.0,signal_off,floor
2020-05-06,1.0002049422897996,0.2735467501587802,0.9610261470152934,0.14996926495544047,0.20811088295687888,0.9610261470152934,0.0,signal_off,floor
2020-05-07,1.0055802092132828,0.25672587155211873,0.9610261470152934,0.14916761350877492,0.20811088295687888,0.9610261470152934,0.0,signal_off,floor
2020-05-08,1.023172385252579,0.2441281100934228,0.9610261470152934,0.14660286200254632,0.20811088295687888,0.9610261470152934,0.14660286200254632,vol_target,floor
2020-05-11,1.0319385865138817,0.2294736172743328,0.9610261470152934,0.14535748731592002,0.20811088295687888,0.9610261470152934,0.14535748731592002,vol_target,floor
2020-05-12,1.1629322410044556,0.4554971379576927,0.9610261470152934,0.128984299094194,0.20811088295687888,0.9610261470152934,0.0,signal_off,floor
2020-05-13,1.1385080170479958,0.44313567200940085,0.9610261470152934,0.1317513779032761,0.20811088295687888,0.9610261470152934,0.0,signal_off,floor
2020-05-14,1.095739731476841,0.3980430285008165,0.9610261470152934,0.13689382221983462,0.20811088295687888,0.9610261470152934,0.0,signal_off,floor
2020-05-15,1.0958353636327534,0.3532326790581362,0.9610261470152934,0.13688187567039442,0.20811088295687888,0.9610261470152934,0.0,signal_off,floor
2020-05-18,1.117303356711118,0.32905772485914053,0.9610261470152934,0.13425181182802348,0.20811088295687888,0.9610261470152934,0.0,signal_off,floor
2020-05-19,1.046059993536721,0.34989976603249345,0.9610261470152934,0.14339521722157744,0.20811088295687888,0.9610261470152934,0.0,signal_off,floor
2020-05-20,1.0316140396952818,0.3228657509248589,0.9610261470152934,0.1454032169282099,0.20811088295687888,0.9610261470152934,0.0,signal_off,floor
2020-05-21,1.0401526512155919,0.3140549032881401,0.9610261470152934,0.14420960214320463,0.20811088295687888,0.9610261470152934,0.14420960214320463,vol_target,floor
2020-05-22,1.039760478577436,0.28239037963015273,0.9610261470152934,0.14426399453576536,0.20811088295687888,0.9610261470152934,0.14426399453576536,vol_target,floor
2020-05-26,1.0186509893355653,0.25578402778711096,0.9610261470152934,0.14725357514043194,0.20811088295687888,0.9610261470152934,0.14725357514043194,vol_target,floor
2020-05-27,0.9920679519370167,0.23261579056087492,0.9610261470152934,0.1511993202755158,0.20811088295687888,0.9610261470152934,0.1511993202755158,vol_target,floor
2020-05-28,1.0038366440645885,0.24153684304065387,0.9610261470152934,0.14942670292712362,0.20811088295687888,0.9610261470152934,0.14942670292712362,vol_target,floor
2020-05-29,0.9909051011661033,0.2245208258594257,0.9610261470152934,0.1513767562842083,0.20811088295687888,0.9610261470152934,0.1513767562842083,vol_target,floor
2020-06-01,0.9724493130513744,0.2161057189085601,0.9610261470152934,0.1542496847772214,0.20811088295687888,0.9610261470152934,0.1542496847772214,vol_target,floor
2020-06-02,0.9122544019979221,0.20159756621402386,0.9610261470152934,0.16442781714342625,0.20811088295687888,0.9610261470152934,0.16442781714342625,vol_target,floor
2020-06-03,0.9128033545758015,0.18994604258363942,0.9610261470152934,0.16432893157991085,0.20811088295687888,0.9610261470152934,0.16432893157991085,vol_target,floor
2020-06-04,0.9066963535813037,0.17658168477152353,0.9610261470152934,0.1654357596206539,0.20811088295687888,0.9610261470152934,0.1654357596206539,vol_target,floor
2020-06-05,0.9110473228175794,0.17388564319804983,0.9610261470152934,0.164645673438892,0.20811088295687888,0.9610261470152934,0.164645673438892,vol_target,floor
2020-06-08,0.9018150661681719,0.18048754975801137,0.9610261470152934,0.16633121981134408,0.20811088295687888,0.9610261470152934,0.16633121981134408,vol_target,floor
2020-06-09,0.9048171354705049,0.2330635671189216,0.9610261470152934,0.16577935377185357,0.20811088295687888,0.9610261470152934,0.16577935377185357,vol_target,floor
2020-06-10,0.8866421025250694,0.213204409249904,0.9610261470152934,0.1691776192139024,0.20811088295687888,0.9610261470152934,0.1691776192139024,vol_target,floor
2020-06-11,1.5470175615990982,1.2015559223225283,0.9610261470152934,0.09696076096573217,0.16645084617735745,1.2015559223225283,0.0,signal_off,model
2020-06-12,1.6040008547847897,1.0448965962448016,0.9610261470152934,0.09351615964077876,0.19140649966587067,1.0448965962448016,0.0,signal_off,model
2020-06-15,1.5907542532507442,0.8956682994097726,0.9610261470152934,0.09429489168013942,0.20811088295687888,0.9610261470152934,0.0,signal_off,floor
2020-06-16,1.591568334102698,0.7719234211003885,0.9610261470152934,0.09424666021931613,0.20811088295687888,0.9610261470152934,0.0,signal_off,floor
2020-06-17,1.5612739420980493,0.6687722598008979,0.9610261470152934,0.09607538815284979,0.20811088295687888,0.9610261470152934,0.0,signal_off,floor
2020-06-18,1.5470521658019214,0.5822990534719007,0.9610261470152934,0.09695859216372761,0.20811088295687888,0.9610261470152934,0.0,signal_off,floor
2020-06-19,1.5290210101522115,0.5350189973673468,0.9610261470152934,0.09810198748352565,0.20811088295687888,0.9610261470152934,0.0,signal_off,floor
2020-06-22,1.5716262654872941,0.4874185817155043,0.9610261470152934,0.09544253827642121,0.20811088295687888,0.9610261470152934,0.09544253827642121,vol_target,floor
2020-06-23,1.569327351670953,0.43066916418117285,0.9610261470152934,0.09558235242652617,0.20811088295687888,0.9610261470152934,0.0,signal_off,floor
2020-06-24,1.5736292527795035,0.4118082125440822,0.9610261470152934,0.09532105464807215,0.20811088295687888,0.9610261470152934,0.0,signal_off,floor
2020-06-25,1.5801494674814336,0.367667365657033,0.9610261470152934,0.09492772872877765,0.20811088295687888,0.9610261470152934,0.09492772872877765,vol_target,floor
2020-06-26,1.5917346995330781,0.3879912627665567,0.9610261470152934,0.09423680971709747,0.20811088295687888,0.9610261470152934,0.0,signal_off,floor
2020-06-29,1.5987716256367577,0.351138064644782,0.9610261470152934,0.09382203036050137,0.20811088295687888,0.9610261470152934,0.09382203036050137,vol_target,floor
2020-06-30,1.6059864259406162,0.31619239338752314,0.9610261470152934,0.0934005403639361,0.20811088295687888,0.9610261470152934,0.0934005403639361,vol_target,floor
2020-07-01,1.6051734037620433,0.2855856794536335,0.9610261470152934,0.09344784784525158,0.20811088295687888,0.9610261470152934,0.09344784784525158,vol_target,floor
2020-07-02,1.6014720030793295,0.258596828070144,0.9610261470152934,0.09366382909696717,0.20811088295687888,0.9610261470152934,0.09366382909696717,vol_target,floor
2020-07-06,1.600305916194242,0.2353789167014716,0.9610261470152934,0.09373207864951322,0.20811088295687888,0.9610261470152934,0.09373207864951322,vol_target,floor
2020-07-07,1.5884007389077197,0.23935967995214386,0.9610261470152934,0.09443460729132439,0.20811088295687888,0.9610261470152934,0.09443460729132439,vol_target,floor
2020-07-08,1.592460650809928,0.21977711128707172,0.9610261470152934,0.09419385020515876,0.20811088295687888,0.9610261470152934,0.09419385020515876,vol_target,floor
2020-07-09,1.5828145956246957,0.2145846438541434,0.9610261470152934,0.09476789032312334,0.20811088295687888,0.9610261470152934,0.09476789032312334,vol_target,floor
2020-07-10,1.587716524609712,0.20023194491474408,0.9610261470152934,0.0944753031633733,0.20811088295687888,0.9610261470152934,0.0944753031633733,vol_target,floor
2020-07-13,0.8406029873164202,0.3108554367550979,0.9610261470152934,0.17844333444360805,0.20811088295687888,0.9610261470152934,0.17844333444360805,vol_target,floor
2020-07-14,0.7499633956138315,0.2856351074606799,0.9610261470152934,0.20000976164607034,0.20811088295687888,0.9610261470152934,0.20000976164607034,vol_target,floor
2020-07-15,0.7532429651563446,0.25952866958848625,0.9610261470152934,0.19913893250747547,0.20811088295687888,0.9610261470152934,0.19913893250747547,vol_target,floor
2020-07-16,0.7526967484073679,0.23523891562589905,0.9610261470152934,0.19928344358785288,0.20811088295687888,0.9610261470152934,0.19928344358785288,vol_target,floor
2020-07-17,0.7647631617690307,0.21963901731443575,0.9610261470152934,0.1961391545756778,0.20811088295687888,0.9610261470152934,0.1961391545756778,vol_target,floor
2020-07-20,0.7790932494582083,0.2083200382305829,0.9610261470152934,0.1925315103221751,0.20811088295687888,0.9610261470152934,0.1925315103221751,vol_target,floor
2020-07-21,0.7527009912931637,0.1949547389941357,0.9610261470152934,0.19928232025082807,0.20811088295687888,0.9610261470152934,0.19928232025082807,vol_target,floor
2020-07-22,0.6795970507696758,0.18157664894234377,0.9610261470152934,0.22071902729730491,0.20811088295687888,0.9610261470152934,0.20811088295687888,stress_budget,floor
2020-07-23,0.7118812757839168,0.2254914351644349,0.9610261470152934,0.21070929254997112,0.20811088295687888,0.9610261470152934,0.20811088295687888,stress_budget,floor
2020-07-24,0.681935224254546,0.20641579244928562,0.9610261470152934,0.21996224078903054,0.20811088295687888,0.9610261470152934,0.20811088295687888,stress_budget,floor
2020-07-27,0.6810268825937267,0.19408791183191992,0.9610261470152934,0.2202556225515168,0.20811088295687888,0.9610261470152934,0.20811088295687888,stress_budget,floor
2020-07-28,0.6185127956225419,0.17993686606417,0.9610261470152934,0.24251721397133402,0.20811088295687888,0.9610261470152934,0.20811088295687888,stress_budget,floor
2020-07-29,0.5965102343204299,0.16940325710091406,0.9610261470152934,0.2514625757777424,0.20811088295687888,0.9610261470152934,0.20811088295687888,stress_budget,floor
2020-07-30,0.5917078833580368,0.1647784020804808,0.9610261470152934,0.25350346719858796,0.20811088295687888,0.9610261470152934,0.20811088295687888,stress_budget,floor
2020-07-31,0.5845003812747426,0.15552195801684557,0.9610261470152934,0.25662943054521803,0.20811088295687888,0.9610261470152934,0.20811088295687888,stress_budget,floor
2020-08-03,0.5805677241702415,0.14763676814220522,0.9610261470152934,0.2583677902769791,0.20811088295687888,0.9610261470152934,0.20811088295687888,stress_budget,floor
2020-08-04,0.5870381177267483,0.1446180060606268,0.9610261470152934,0.25552003433927145,0.20811088295687888,0.9610261470152934,0.20811088295687888,stress_budget,floor
2020-08-05,0.5649924576248068,0.13927341276292124,0.9610261470152934,0.26549026978269885,0.20811088295687888,0.9610261470152934,0.20811088295687888,stress_budget,floor
2020-08-06,0.5614211079986073,0.1346365682950543,0.9610261470152934,0.2671791243024872,0.20811088295687888,0.9610261470152934,0.20811088295687888,stress_budget,floor
2020-08-07,0.5478460398238949,0.13047938815763957,0.9610261470152934,0.2737995515094304,0.20811088295687888,0.9610261470152934,0.20811088295687888,stress_budget,floor
2020-08-10,0.5444238492364091,0.12976374247112282,0.9610261470152934,0.27552062645746517,0.20811088295687888,0.9610261470152934,0.20811088295687888,stress_budget,floor
2020-08-11,0.4421012204919785,0.16785533992322743,0.9610261470152934,0.33928881678516337,0.20811088295687888,0.9610261470152934,0.20811088295687888,stress_budget,floor
2020-08-12,0.43607041441305683,0.16598195247838668,0.9610261470152934,0.3439811439670755,0.20811088295687888,0.9610261470152934,0.20811088295687888,stress_budget,floor
2020-08-13,0.43135454856165417,0.15631805978338864,0.9610261470152934,0.3477417834126774,0.20811088295687888,0.9610261470152934,0.20811088295687888,stress_budget,floor
2020-08-14,0.4342742061652215,0.14961820601653433,0.9610261470152934,0.3454038896865356,0.20811088295687888,0.9610261470152934,0.20811088295687888,stress_budget,floor
2020-08-17,0.43382342043529326,0.14938509775319248,0.9610261470152934,0.34576279872002247,0.20811088295687888,0.9610261470152934,0.20811088295687888,stress_budget,floor
2020-08-18,0.4078779330778851,0.14294912151193304,0.9610261470152934,0.3677570857243635,0.20811088295687888,0.9610261470152934,0.20811088295687888,stress_budget,floor
2020-08-19,0.4238858067033816,0.15937557924468063,0.9610261470152934,0.35386889022439955,0.20811088295687888,0.9610261470152934,0.20811088295687888,stress_budget,floor
2020-08-20,0.4216980458053783,0.15118645762811,0.9610261470152934,0.35570475484068964,0.20811088295687888,0.9610261470152934,0.20811088295687888,stress_budget,floor
2020-08-21,0.3587576660001752,0.14479216901968017,0.9610261470152934,0.41810953246620447,0.20811088295687888,0.9610261470152934,0.20811088295687888,stress_budget,floor
2020-08-24,0.35807871815559233,0.13877329508326716,0.9610261470152934,0.4189023038638728,0.20811088295687888,0.9610261470152934,0.20811088295687888,stress_budget,floor
2020-08-25,0.34286366603860524,0.13412052320473525,0.9610261470152934,0.4374916763070209,0.20811088295687888,0.9610261470152934,0.20811088295687888,stress_budget,floor
2020-08-26,0.3618608738501288,0.14813724996983132,0.9610261470152934,0.41452395337475806,0.20811088295687888,0.9610261470152934,0.20811088295687888,stress_budget,floor
2020-08-27,0.38423301942084204,0.17009524680078433,0.9610261470152934,0.39038810414080594,0.20811088295687888,0.9610261470152934,0.20811088295687888,stress_budget,floor
2020-08-28,0.379420285338335,0.1603668357293659,0.9610261470152934,0.3953399588697337,0.20811088295687888,0.9610261470152934,0.20811088295687888,stress_budget,floor
2020-08-31,0.4107121913480242,0.188142202945894,0.9610261470152934,0.36521925367658453,0.20811088295687888,0.9610261470152934,0.20811088295687888,stress_budget,floor
2020-09-01,0.41386651642018374,0.1791950757733646,0.9610261470152934,0.3624356985857498,0.20811088295687888,0.9610261470152934,0.20811088295687888,stress_budget,floor
2020-09-02,0.42026282262688774,0.19856564946054198,0.9610261470152934,0.3569195082791585,0.20811088295687888,0.9610261470152934,0.20811088295687888,stress_budget,floor
2020-09-03,0.6068390786942839,0.39769662612077683,0.9610261470152934,0.24718249906177792,0.20811088295687888,0.9610261470152934,0.0,signal_off,floor
2020-09-04,0.6946551712842103,0.36916834445163776,0.9610261470152934,0.2159344754069774,0.20811088295687888,0.9610261470152934,0.0,signal_off,floor
2020-09-08,0.702107468746962,0.32973089278837653,0.9610261470152934,0.21364250727556308,0.20811088295687888,0.9610261470152934,0.0,signal_off,floor
2020-09-09,0.7144393716579215,0.2991538186520609,0.9610261470152934,0.209954834448599,0.20811088295687888,0.9610261470152934,0.0,signal_off,floor
2020-09-10,0.7020414825504065,0.26911906058064466,0.9610261470152934,0.21366258793579196,0.20811088295687888,0.9610261470152934,0.0,signal_off,floor
2020-09-11,0.6883143251815266,0.24575037666928579,0.9610261470152934,0.21792369345275656,0.20811088295687888,0.9610261470152934,0.0,signal_off,floor
2020-09-14,0.6910144054117991,0.2240249269119708,0.9610261470152934,0.21707217508817325,0.20811088295687888,0.9610261470152934,0.0,signal_off,floor
2020-09-15,0.6986797887043943,0.20717950994616932,0.9610261470152934,0.21469062426745505,0.20811088295687888,0.9610261470152934,0.0,signal_off,floor
2020-09-16,0.6803988059919505,0.1915099279932784,0.9610261470152934,0.22045894066688676,0.20811088295687888,0.9610261470152934,0.20811088295687888,stress_budget,floor
2020-09-17,0.6836317630408276,0.17888474407454605,0.9610261470152934,0.21941637020022686,0.20811088295687888,0.9610261470152934,0.20811088295687888,stress_budget,floor
2020-09-18,0.6763785100190958,0.16932505523959185,0.9610261470152934,0.22176931670369768,0.20811088295687888,0.9610261470152934,0.20811088295687888,stress_budget,floor
2020-09-21,0.6867961315518812,0.1894753083704693,0.9610261470152934,0.2184054235440446,0.20811088295687888,0.9610261470152934,0.0,signal_off,floor
2020-09-22,0.6869488917494462,0.17759865333555958,0.9610261470152934,0.2183568556577716,0.20811088295687888,0.9610261470152934,0.0,signal_off,floor
2020-09-23,0.6957384233458114,0.19243155525810166,0.9610261470152934,0.2155982693591204,0.20811088295687888,0.9610261470152934,0.0,signal_off,floor
2020-09-24,0.6940483023604429,0.1784423050927203,0.9610261470152934,0.21612328636184733,0.20811088295687888,0.9610261470152934,0.0,signal_off,floor
2020-09-25,0.6988443435100372,0.1689361917161132,0.9610261470152934,0.21464007170267038,0.20811088295687888,0.9610261470152934,0.0,signal_off,floor
2020-09-28,0.6894351062899567,0.15886513799432475,0.9610261470152934,0.21756942550719816,0.20811088295687888,0.9610261470152934,0.0,signal_off,floor
2020-09-29,0.6979522402943711,0.15340770530738887,0.9610261470152934,0.21491441869537578,0.20811088295687888,0.9610261470152934,0.0,signal_off,floor
2020-09-30,0.6864023184800819,0.15890577032862682,0.9610261470152934,0.2185307303916875,0.20811088295687888,0.9610261470152934,0.0,signal_off,floor
2020-10-01,0.684341227413137,0.1505545927163283,0.9610261470152934,0.2191888987413657,0.20811088295687888,0.9610261470152934,0.0,signal_off,floor
2020-10-02,0.6805897122489979,0.170589663495396,0.9610261470152934,0.22039710166103949,0.20811088295687888,0.9610261470152934,0.0,signal_off,floor
2020-10-05,0.4837779848376285,0.163432274180356,0.9610261470152934,0.31005958249701016,0.20811088295687888,0.9610261470152934,0.0,signal_off,floor
2020-10-06,0.3907281352712781,0.1556272285266068,0.9610261470152934,0.38389864066445256,0.20811088295687888,0.9610261470152934,0.0,signal_off,floor
2020-10-07,0.38997113387951005,0.14945489694846958,0.9610261470152934,0.3846438542970355,0.20811088295687888,0.9610261470152934,0.0,signal_off,floor
2020-10-08,0.3943411673231346,0.15065500229688136,0.9610261470152934,0.3803812851146876,0.20811088295687888,0.9610261470152934,0.0,signal_off,floor
2020-10-09,0.4167352455364648,0.15053061908331344,0.9610261470152934,0.35994075760715766,0.20811088295687888,0.9610261470152934,0.0,signal_off,floor
2020-10-12,0.4082424336942327,0.14424277391703041,0.9610261470152934,0.3674287325857647,0.20811088295687888,0.9610261470152934,0.0,signal_off,floor
2020-10-13,0.4087113376660939,0.13930923903622813,0.9610261470152934,0.36700719108151075,0.20811088295687888,0.9610261470152934,0.0,signal_off,floor
2020-10-14,0.40017094081438825,0.13440852421638314,0.9610261470152934,0.37483981144341677,0.20811088295687888,0.9610261470152934,0.0,signal_off,floor
2020-10-15,0.4113753574772415,0.14545179805505296,0.9610261470152934,0.36463049444642154,0.20811088295687888,0.9610261470152934,0.0,signal_off,floor
2020-10-16,0.4076381746449364,0.14098356347799812,0.9610261470152934,0.367973387503891,0.20811088295687888,0.9610261470152934,0.0,signal_off,floor
2020-10-19,0.43519136683596454,0.17591155078892184,0.9610261470152934,0.3446759550644741,0.20811088295687888,0.9610261470152934,0.0,signal_off,floor
2020-10-20,0.4114833496338755,0.1646769758576379,0.9610261470152934,0.3645347986339304,0.20811088295687888,0.9610261470152934,0.0,signal_off,floor
2020-10-21,0.4160015374107553,0.15697914724347614,0.9610261470152934,0.36057559049809873,0.20811088295687888,0.9610261470152934,0.0,signal_off,floor
2020-10-22,0.38967562028718455,0.14925426115457013,0.9610261470152934,0.3849355520097779,0.20811088295687888,0.9610261470152934,0.0,signal_off,floor
2020-10-23,0.3900243246965737,0.14249406057402506,0.9610261470152934,0.3845913972588636,0.20811088295687888,0.9610261470152934,0.0,signal_off,floor
2020-10-26,0.49556121431595673,0.26121232547039397,0.9610261470152934,0.3026871265683112,0.20811088295687888,0.9610261470152934,0.0,signal_off,floor
2020-10-27,0.49543760763615746,0.23726515336720752,0.9610261470152934,0.3027626439496251,0.20811088295687888,0.9610261470152934,0.0,signal_off,floor
2020-10-28,0.6915456564468977,0.44886363858811207,0.9610261470152934,0.21690541846605926,0.20811088295687888,0.9610261470152934,0.0,signal_off,floor
2020-10-29,0.7436313381085408,0.406541412170042,0.9610261470152934,0.20171285462704092,0.20811088295687888,0.9610261470152934,0.0,signal_off,floor
2020-10-30,0.752288125243614,0.37666515193261685,0.9610261470152934,0.19939168912366573,0.20811088295687888,0.9610261470152934,0.0,signal_off,floor
2020-11-02,0.7496489571721173,0.3358811334544718,0.9610261470152934,0.20009365525677694,0.20811088295687888,0.9610261470152934,0.0,signal_off,floor
2020-11-03,0.7646426826567043,0.3061776463139963,0.9610261470152934,0.19617005877677943,0.20811088295687888,0.9610261470152934,0.0,signal_off,floor
2020-11-04,0.8208419677755555,0.2921246606774274,0.9610261470152934,0.18273919449622342,0.20811088295687888,0.9610261470152934,0.0,signal_off,floor
2020-11-05,0.8189189967566484,0.26346514193616677,0.9610261470152934,0.18316829942165122,0.20811088295687888,0.9610261470152934,0.0,signal_off,floor
2020-11-06,0.8331363413631232,0.24928199567048845,0.9610261470152934,0.18004256032641644,0.20811088295687888,0.9610261470152934,0.18004256032641644,vol_target,floor
2020-11-09,0.8221787633830914,0.22738920534231172,0.9610261470152934,0.1824420754712537,0.20811088295687888,0.9610261470152934,0.0,signal_off,floor
2020-11-10,0.8274441420135507,0.21060804233118777,0.9610261470152934,0.1812811190311666,0.20811088295687888,0.9610261470152934,0.0,signal_off,floor
2020-11-11,0.8290145041855976,0.19484675860595713,0.9610261470152934,0.18093772695491753,0.20811088295687888,0.9610261470152934,0.0,signal_off,floor
2020-11-12,0.867374761718953,0.25811375145390975,0.9610261470152934,0.17293562900392878,0.20811088295687888,0.9610261470152934,0.0,signal_off,floor
2020-11-13,0.886858231705288,0.24364582010867392,0.9610261470152934,0.1691363902791698,0.20811088295687888,0.9610261470152934,0.1691363902791698,vol_target,floor
2020-11-16,0.8873192137908051,0.22269577766181672,0.9610261470152934,0.1690485201590192,0.20811088295687888,0.9610261470152934,0.1690485201590192,vol_target,floor
2020-11-17,0.869845921494904,0.20477345188971155,0.9610261470152934,0.17244433329320238,0.20811088295687888,0.9610261470152934,0.17244433329320238,vol_target,floor
2020-11-18,0.8840853800060918,0.21332230033610966,0.9610261470152934,0.16966687086146184,0.20811088295687888,0.9610261470152934,0.16966687086146184,vol_target,floor
2020-11-19,0.8824323370242878,0.19655195295615183,0.9610261470152934,0.16998470444297809,0.20811088295687888,0.9610261470152934,0.16998470444297809,vol_target,floor
2020-11-20,0.8822528692307513,0.18191349224025455,0.9610261470152934,0.17001928271515523,0.20811088295687888,0.9610261470152934,0.17001928271515523,vol_target,floor
2020-11-23,0.8820237011226102,0.16978965389763506,0.9610261470152934,0.17006345726207248,0.20811088295687888,0.9610261470152934,0.17006345726207248,vol_target,floor
2020-11-24,0.8159846100629661,0.16018282931480182,0.9610261470152934,0.18382699642879924,0.20811088295687888,0.9610261470152934,0.18382699642879924,vol_target,floor
2020-11-25,0.8185661531720537,0.15612326925584033,0.9610261470152934,0.1832472542612834,0.20811088295687888,0.9610261470152934,0.1832472542612834,vol_target,floor
2020-11-27,0.5954426174168379,0.1508749663654584,0.9610261470152934,0.2519134432310762,0.20811088295687888,0.9610261470152934,0.20811088295687888,stress_budget,floor
2020-11-30,0.5624666892110092,0.14477946499511676,0.9610261470152934,0.2666824593833459,0.20811088295687888,0.9610261470152934,0.20811088295687888,stress_budget,floor
2020-12-01,0.5375569615687369,0.1416059722670722,0.9610261470152934,0.2790401961538352,0.20811088295687888,0.9610261470152934,0.20811088295687888,stress_budget,floor
2020-12-02,0.5395505969059825,0.13618469308690329,0.9610261470152934,0.2780091447589256,0.20811088295687888,0.9610261470152934,0.20811088295687888,stress_budget,floor
2020-12-03,0.5319897462083102,0.13518528778511066,0.9610261470152934,0.28196032173384183,0.20811088295687888,0.9610261470152934,0.20811088295687888,stress_budget,floor
2020-12-04,0.46547558949340223,0.13150538718791155,0.9610261470152934,0.32225105544901217,0.20811088295687888,0.9610261470152934,0.20811088295687888,stress_budget,floor
2020-12-07,0.46792050003513497,0.1286216528828183,0.9610261470152934,0.32056727582727595,0.20811088295687888,0.9610261470152934,0.20811088295687888,stress_budget,floor
2020-12-08,0.4327364994019786,0.12988221824394078,0.9610261470152934,0.34663126453925863,0.20811088295687888,0.9610261470152934,0.20811088295687888,stress_budget,floor
2020-12-09,0.45990191328371044,0.16115356618334659,0.9610261470152934,0.32615650352266745,0.20811088295687888,0.9610261470152934,0.20811088295687888,stress_budget,floor
2020-12-10,0.4532029754875004,0.15563534949229044,0.9610261470152934,0.3309775268766678,0.20811088295687888,0.9610261470152934,0.20811088295687888,stress_budget,floor
2020-12-11,0.4725117505552744,0.18066823463299342,0.9610261470152934,0.3174524227677445,0.20811088295687888,0.9610261470152934,0.20811088295687888,stress_budget,floor
2020-12-14,0.4085119370230244,0.18025663012292936,0.9610261470152934,0.3671863326518798,0.20811088295687888,0.9610261470152934,0.20811088295687888,stress_budget,floor
2020-12-15,0.3800078400095174,0.1741374553820333,0.9610261470152934,0.3947286982190768,0.20811088295687888,0.9610261470152934,0.20811088295687888,stress_budget,floor
2020-12-16,0.3908413765144029,0.16668006005210229,0.9610261470152934,0.38378741098941027,0.20811088295687888,0.9610261470152934,0.20811088295687888,stress_budget,floor
2020-12-17,0.38784635169825854,0.15713460152549544,0.9610261470152934,0.3867510918774836,0.20811088295687888,0.9610261470152934,0.20811088295687888,stress_budget,floor
2020-12-18,0.36746791166611864,0.15518809575921216,0.9610261470152934,0.4081989072729975,0.20811088295687888,0.9610261470152934,0.20811088295687888,stress_budget,floor
2020-12-21,0.4761194708116927,0.26662754457728066,0.9610261470152934,0.315046977062876,0.20811088295687888,0.9610261470152934,0.20811088295687888,stress_budget,floor
2020-12-22,0.48022681007889806,0.2418965965984522,0.9610261470152934,0.31235240692904254,0.20811088295687888,0.9610261470152934,0.20811088295687888,stress_budget,floor
2020-12-23,0.4991139108311886,0.22422916153252762,0.9610261470152934,0.30053259735878873,0.20811088295687888,0.9610261470152934,0.20811088295687888,stress_budget,floor
2020-12-24,0.5054511915228667,0.20729923637776948,0.9610261470152934,0.2967645591022689,0.20811088295687888,0.9610261470152934,0.20811088295687888,stress_budget,floor
2020-12-28,0.4885931832844238,0.1909803152889986,0.9610261470152934,0.30700387383972316,0.20811088295687888,0.9610261470152934,0.20811088295687888,stress_budget,floor
2020-12-29,0.5057819641192783,0.2054702819273391,0.9610261470152934,0.2965704802487294,0.20811088295687888,0.9610261470152934,0.20811088295687888,stress_budget,floor
2020-12-30,0.5164044853018485,0.1926210082295193,0.9610261470152934,0.2904699789978046,0.20811088295687888,0.9610261470152934,0.20811088295687888,stress_budget,floor
2020-12-31,0.5153750837510761,0.1786594940036212,0.9610261470152934,0.2910501588634218,0.20811088295687888,0.9610261470152934,0.20811088295687888,stress_budget,floor
2021-01-04,0.5933064426882926,0.28033753786199944,0.9610261470152934,0.2528204469183659,0.20811088295687888,0.9610261470152934,0.20811088295687888,stress_budget,floor
2021-01-05,0.6041185459814772,0.25484897500524195,0.9610261470152934,0.2482956383275794,0.20811088295687888,0.9610261470152934,0.20811088295687888,stress_budget,floor
2021-01-06,0.6019646656368576,0.2312964057195074,0.9610261470152934,0.24918406106329385,0.20811088295687888,0.9610261470152934,0.20811088295687888,stress_budget,floor
2021-01-07,0.6374016268689068,0.22025748211576207,0.9610261470152934,0.2353304316727924,0.20811088295687888,0.9610261470152934,0.20811088295687888,stress_budget,floor
2021-01-08,0.6265807474672603,0.20207260481628894,0.9610261470152934,0.2393945243391598,0.20811088295687888,0.9610261470152934,0.20811088295687888,stress_budget,floor
2021-01-11,0.6477558211692533,0.24720144893595516,0.9610261470152934,0.2315687410253411,0.20811088295687888,0.9610261470152934,0.20811088295687888,stress_budget,floor
2021-01-12,0.6571984990006952,0.2271757046808377,0.9610261470152934,0.22824154380766676,0.20811088295687888,0.9610261470152934,0.20811088295687888,stress_budget,floor
2021-01-13,0.643245873491982,0.20828518952410197,0.9610261470152934,0.23319232377768176,0.20811088295687888,0.9610261470152934,0.20811088295687888,stress_budget,floor
2021-01-14,0.6389692702642938,0.19536586296483985,0.9610261470152934,0.23475307339577725,0.20811088295687888,0.9610261470152934,0.20811088295687888,stress_budget,floor
2021-01-15,0.6288810476863155,0.19533090459122684,0.9610261470152934,0.23851887499529112,0.20811088295687888,0.9610261470152934,0.20811088295687888,stress_budget,floor
2021-01-19,0.6248447058595311,0.182999549006493,0.9610261470152934,0.24005964777065888,0.20811088295687888,0.9610261470152934,0.20811088295687888,stress_budget,floor
2021-01-20,0.6267351045704495,0.17127277938869664,0.9610261470152934,0.2393355644292603,0.20811088295687888,0.9610261470152934,0.20811088295687888,stress_budget,floor
2021-01-21,0.6249975425241604,0.16087891854659758,0.9610261470152934,0.2400009436744329,0.20811088295687888,0.9610261470152934,0.20811088295687888,stress_budget,floor
2021-01-22,0.5460427626399994,0.15788087811017013,0.9610261470152934,0.27470375996704405,0.20811088295687888,0.9610261470152934,0.20811088295687888,stress_budget,floor
2021-01-25,0.5668421777047458,0.18727644546183334,0.9610261470152934,0.26462392161320664,0.20811088295687888,0.9610261470152934,0.20811088295687888,stress_budget,floor
2021-01-26,0.5526439251494025,0.1748397621068407,0.9610261470152934,0.2714225076471234,0.20811088295687888,0.9610261470152934,0.20811088295687888,stress_budget,floor
2021-01-27,0.92120643063934,0.6185434971393665,0.9610261470152934,0.16282995321243718,0.20811088295687888,0.9610261470152934,0.0,signal_off,floor
2021-01-28,0.930518185036094,0.5412110299902165,0.9610261470152934,0.16120050356047758,0.20811088295687888,0.9610261470152934,0.0,signal_off,floor
2021-01-29,0.9434866017333865,0.5138589188591508,0.9610261470152934,0.15898476960289415,0.20811088295687888,0.9610261470152934,0.0,signal_off,floor
2021-02-01,0.9579030350304604,0.45645063125230806,0.9610261470152934,0.15659205004526386,0.20811088295687888,0.9610261470152934,0.0,signal_off,floor
2021-02-02,1.0094892951461267,0.4153353518456793,0.9610261470152934,0.14858998576927657,0.20811088295687888,0.9610261470152934,0.14858998576927657,vol_target,floor
2021-02-03,0.9848174567814072,0.3724863759690541,0.9610261470152934,0.15231249097698968,0.20811088295687888,0.9610261470152934,0.15231249097698968,vol_target,floor
2021-02-04,0.9910019774736153,0.3350281259836302,0.9610261470152934,0.15136195831051572,0.20811088295687888,0.9610261470152934,0.15136195831051572,vol_target,floor
2021-02-05,0.9908795385358499,0.299534598607587,0.9610261470152934,0.15138066148953283,0.20811088295687888,0.9610261470152934,0.15138066148953283,vol_target,floor
2021-02-08,0.9689959803324001,0.26931048912254796,0.9610261470152934,0.15479940375866644,0.20811088295687888,0.9610261470152934,0.15479940375866644,vol_target,floor
2021-02-09,0.9681394838366464,0.24397053382033423,0.9610261470152934,0.15493635215203083,0.20811088295687888,0.9610261470152934,0.15493635215203083,vol_target,floor
2021-02-10,0.9474744438486212,0.22909263562458757,0.9610261470152934,0.15831561576553257,0.20811088295687888,0.9610261470152934,0.15831561576553257,vol_target,floor
2021-02-11,0.9444869470101497,0.21077655311341703,0.9610261470152934,0.15881638224311856,0.20811088295687888,0.9610261470152934,0.15881638224311856,vol_target,floor
2021-02-12,0.9499964108708906,0.19667977662754318,0.9610261470152934,0.1578953333755129,0.20811088295687888,0.9610261470152934,0.1578953333755129,vol_target,floor
2021-02-16,0.94962060476738,0.18449423859388164,0.9610261470152934,0.1579578194143588,0.20811088295687888,0.9610261470152934,0.1579578194143588,vol_target,floor
2021-02-17,0.9468059786187182,0.17276250799772674,0.9610261470152934,0.15842738996941366,0.20811088295687888,0.9610261470152934,0.15842738996941366,vol_target,floor
2021-02-18,0.9427237908285624,0.16412247156966883,0.9610261470152934,0.15911341313256197,0.20811088295687888,0.9610261470152934,0.15911341313256197,vol_target,floor
2021-02-19,0.9495388741938015,0.15907347528284077,0.9610261470152934,0.1579714154698051,0.20811088295687888,0.9610261470152934,0.1579714154698051,vol_target,floor
2021-02-22,0.9609963444987903,0.18817165209668021,0.9610261470152934,0.15608800268458128,0.20811088295687888,0.9610261470152934,0.15608800268458128,vol_target,floor
2021-02-23,0.9700591242166811,0.179675301119268,0.9610261470152934,0.15462975014138897,0.20811088295687888,0.9610261470152934,0.15462975014138897,vol_target,floor
2021-02-24,0.9644935325397007,0.17230733971661122,0.9610261470152934,0.155522038188292,0.20811088295687888,0.9610261470152934,0.155522038188292,vol_target,floor
2021-02-25,1.1246380488063945,0.46746306824455447,0.9610261470152934,0.13337624505875345,0.20811088295687888,0.9610261470152934,0.13337624505875345,vol_target,floor
2021-02-26,0.8294177080578383,0.41652314188960754,0.9610261470152934,0.18084976790673965,0.20811088295687888,0.9610261470152934,0.18084976790673965,vol_target,floor
2021-03-01,0.8494882062009481,0.377072668781703,0.9610261470152934,0.17657690701890358,0.20811088295687888,0.9610261470152934,0.17657690701890358,vol_target,floor
2021-03-02,0.8093453311719984,0.33617065354899706,0.9610261470152934,0.18533497905373433,0.20811088295687888,0.9610261470152934,0.0,signal_off,floor
2021-03-03,0.8191328139816514,0.32641939373622925,0.9610261470152934,0.1831204872270689,0.20811088295687888,0.9610261470152934,0.1831204872270689,vol_target,floor
2021-03-04,0.7949468112686203,0.31974542852282933,0.9610261470152934,0.1886918695360532,0.20811088295687888,0.9610261470152934,0.1886918695360532,vol_target,floor
2021-03-05,0.8133389303731591,0.29761815771101136,0.9610261470152934,0.18442496036821962,0.20811088295687888,0.9610261470152934,0.18442496036821962,vol_target,floor
2021-03-08,0.8034567941804209,0.27221045168479685,0.9610261470152934,0.18669329961047865,0.20811088295687888,0.9610261470152934,0.18669329961047865,vol_target,floor
2021-03-09,0.814145870952497,0.2495844344223193,0.9610261470152934,0.18424216759155196,0.20811088295687888,0.9610261470152934,0.18424216759155196,vol_target,floor
2021-03-10,0.8146002662845007,0.22700845232205585,0.9610261470152934,0.1841393947539077,0.20811088295687888,0.9610261470152934,0.1841393947539077,vol_target,floor
2021-03-11,0.8173843229752743,0.20906937037770396,0.9610261470152934,0.18351220568312449,0.20811088295687888,0.9610261470152934,0.18351220568312449,vol_target,floor
2021-03-12,0.813755549334851,0.19320378454827533,0.9610261470152934,0.18433054020044137,0.20811088295687888,0.9610261470152934,0.18433054020044137,vol_target,floor
2021-03-15,0.8314356493956728,0.18927102596932424,0.9610261470152934,0.18041083529317892,0.20811088295687888,0.9610261470152934,0.18041083529317892,vol_target,floor
2021-03-16,0.8274711532286936,0.17627759860910178,0.9610261470152934,0.18127520145532314,0.20811088295687888,0.9610261470152934,0.18127520145532314,vol_target,floor
2021-03-17,0.8345022027548247,0.17054065529280668,0.9610261470152934,0.17974787784241444,0.20811088295687888,0.9610261470152934,0.17974787784241444,vol_target,floor
2021-03-18,0.8629869278580047,0.21842710620469127,0.9610261470152934,0.17381491556576728,0.20811088295687888,0.9610261470152934,0.17381491556576728,vol_target,floor
2021-03-19,0.8686625458178618,0.2042019151535547,0.9610261470152934,0.17267925355152985,0.20811088295687888,0.9610261470152934,0.17267925355152985,vol_target,floor
2021-03-22,0.8860448455737988,0.20076735774269877,0.9610261470152934,0.16929165690576378,0.20811088295687888,0.9610261470152934,0.16929165690576378,vol_target,floor
2021-03-23,0.8905962620825622,0.22694139485130713,0.9610261470152934,0.16842648727184342,0.20811088295687888,0.9610261470152934,0.16842648727184342,vol_target,floor
2021-03-24,0.8841641746379855,0.2085917152726718,0.9610261470152934,0.169651750548948,0.20811088295687888,0.9610261470152934,0.169651750548948,vol_target,floor
2021-03-25,0.8795420602052484,0.19390873089699429,0.9610261470152934,0.17054329381928165,0.20811088295687888,0.9610261470152934,0.17054329381928165,vol_target,floor
2021-03-26,0.6370913680083351,0.18407664370571028,0.9610261470152934,0.23544503588068946,0.20811088295687888,0.9610261470152934,0.20811088295687888,stress_budget,floor
2021-03-29,0.6385628732918632,0.18453001683125983,0.9610261470152934,0.2349024759719167,0.20811088295687888,0.9610261470152934,0.20811088295687888,stress_budget,floor
2021-03-30,0.6174647948926474,0.1765906519065025,0.9610261470152934,0.24292882969316337,0.20811088295687888,0.9610261470152934,0.20811088295687888,stress_budget,floor
2021-03-31,0.6144275995830425,0.16536072709451655,0.9610261470152934,0.24412965840367798,0.20811088295687888,0.9610261470152934,0.20811088295687888,stress_budget,floor
2021-04-01,0.5829531264428187,0.15840713643648785,0.9610261470152934,0.25731056785868933,0.20811088295687888,0.9610261470152934,0.20811088295687888,stress_budget,floor
2021-04-05,0.5413902873193304,0.15193123712912435,0.9610261470152934,0.2770644459521397,0.20811088295687888,0.9610261470152934,0.20811088295687888,stress_budget,floor
2021-04-06,0.510114834708463,0.14485159949811832,0.9610261470152934,0.29405143664509753,0.20811088295687888,0.9610261470152934,0.20811088295687888,stress_budget,floor
2021-04-07,0.49803876676429115,0.14047917703086268,0.9610261470152934,0.3011813738407057,0.20811088295687888,0.9610261470152934,0.20811088295687888,stress_budget,floor
2021-04-08,0.4911896281487557,0.1360597927463036,0.9610261470152934,0.30538104105604774,0.20811088295687888,0.9610261470152934,0.20811088295687888,stress_budget,floor
2021-04-09,0.492577390933543,0.13164067459256465,0.9610261470152934,0.30452067585911086,0.20811088295687888,0.9610261470152934,0.20811088295687888,stress_budget,floor
2021-04-12,0.49165955468343475,0.12832798274909363,0.9610261470152934,0.3050891588928453,0.20811088295687888,0.9610261470152934,0.20811088295687888,stress_budget,floor
2021-04-13,0.49224162857400716,0.12543244491737626,0.9610261470152934,0.3047283920999134,0.20811088295687888,0.9610261470152934,0.20811088295687888,stress_budget,floor
2021-04-14,0.48119836545630873,0.13837856528550807,0.9610261470152934,0.3117217571131162,0.20811088295687888,0.9610261470152934,0.20811088295687888,stress_budget,floor
2021-04-15,0.48485632180314286,0.13735347607855347,0.9610261470152934,0.30936999943026766,0.20811088295687888,0.9610261470152934,0.20811088295687888,stress_budget,floor
2021-04-16,0.47204263665556784,0.13336537980324387,0.9610261470152934,0.3177679055916499,0.20811088295687888,0.9610261470152934,0.20811088295687888,stress_budget,floor
2021-04-19,0.4435180576121518,0.1639864545651152,0.9610261470152934,0.3382049443659229,0.20811088295687888,0.9610261470152934,0.20811088295687888,stress_budget,floor
2021-04-20,0.44456937745083847,0.1637724455414003,0.9610261470152934,0.337405155658944,0.20811088295687888,0.9610261470152934,0.20811088295687888,stress_budget,floor
2021-04-21,0.42234507263798265,0.16254850136436294,0.9610261470152934,0.3551598200568425,0.20811088295687888,0.9610261470152934,0.20811088295687888,stress_budget,floor
2021-04-22,0.4405709351120655,0.21776788623786023,0.9610261470152934,0.3404673074083867,0.20811088295687888,0.9610261470152934,0.20811088295687888,stress_budget,floor
2021-04-23,0.44635118826817965,0.2026627394932146,0.9610261470152934,0.3360582517590969,0.20811088295687888,0.9610261470152934,0.20811088295687888,stress_budget,floor
2021-04-26,0.441850782260053,0.18721609654829596,0.9610261470152934,0.3394811235430085,0.20811088295687888,0.9610261470152934,0.20811088295687888,stress_budget,floor
2021-04-27,0.43097959692789206,0.17541852808739047,0.9610261470152934,0.3480443182675693,0.20811088295687888,0.9610261470152934,0.20811088295687888,stress_budget,floor
2021-04-28,0.41574563900147943,0.16419952079892977,0.9610261470152934,0.36079753081779464,0.20811088295687888,0.9610261470152934,0.20811088295687888,stress_budget,floor
2021-04-29,0.400203053151169,0.15483833249633674,0.9610261470152934,0.3748097342559263,0.20811088295687888,0.9610261470152934,0.20811088295687888,stress_budget,floor
2021-04-30,0.43166201762911477,0.18107549042369686,0.9610261470152934,0.3474940899916759,0.20811088295687888,0.9610261470152934,0.20811088295687888,stress_budget,floor
2021-05-03,0.4339594368743789,0.1719626564234742,0.9610261470152934,0.34565442586151546,0.20811088295687888,0.9610261470152934,0.20811088295687888,stress_budget,floor
2021-05-04,0.4514556702403502,0.1904162211272508,0.9610261470152934,0.3322585358605455,0.20811088295687888,0.9610261470152934,0.20811088295687888,stress_budget,floor
2021-05-05,0.458600592071807,0.17855037883399594,0.9610261470152934,0.3270820024944783,0.20811088295687888,0.9610261470152934,0.20811088295687888,stress_budget,floor
2021-05-06,0.4534103681548974,0.1668766833322942,0.9610261470152934,0.33082613573749575,0.20811088295687888,0.9610261470152934,0.20811088295687888,stress_budget,floor
2021-05-07,0.4896059275424439,0.16783446579653177,0.9610261470152934,0.30636883984007013,0.20811088295687888,0.9610261470152934,0.20811088295687888,stress_budget,floor
2021-05-10,0.5227337935600798,0.20363184078992622,0.9610261470152934,0.28695294210543504,0.20811088295687888,0.9610261470152934,0.20811088295687888,stress_budget,floor
2021-05-11,0.5878601331177483,0.2783235916840106,0.9610261470152934,0.2551627360822494,0.20811088295687888,0.9610261470152934,0.20811088295687888,stress_budget,floor
2021-05-12,0.8329978346725934,0.5473528418038458,0.9610261470152934,0.1800724968978544,0.20811088295687888,0.9610261470152934,0.1800724968978544,vol_target,floor
2021-05-13,0.9087513538370313,0.4957723631879066,0.9610261470152934,0.1650616523063798,0.20811088295687888,0.9610261470152934,0.1650616523063798,vol_target,floor
2021-05-14,0.9974472088345379,0.46237794405333427,0.9610261470152934,0.15038389868799848,0.20811088295687888,0.9610261470152934,0.15038389868799848,vol_target,floor
2021-05-17,1.0028342460784831,0.42331051971788064,0.9610261470152934,0.14957606462540052,0.20811088295687888,0.9610261470152934,0.14957606462540052,vol_target,floor
2021-05-18,0.995905603905491,0.3779787314858978,0.9610261470152934,0.1506166843642288,0.20811088295687888,0.9610261470152934,0.1506166843642288,vol_target,floor
2021-05-19,1.0057584082286446,0.3624102541709185,0.9610261470152934,0.14914118417780076,0.20811088295687888,0.9610261470152934,0.14914118417780076,vol_target,floor
2021-05-20,1.0080234075908288,0.32845068719662274,0.9610261470152934,0.14880606826234252,0.20811088295687888,0.9610261470152934,0.14880606826234252,vol_target,floor
2021-05-21,0.988781710428987,0.2941183648404614,0.9610261470152934,0.15170183511477156,0.20811088295687888,0.9610261470152934,0.15170183511477156,vol_target,floor
2021-05-24,0.9955410294708085,0.26952538041574486,0.9610261470152934,0.15067184129993544,0.20811088295687888,0.9610261470152934,0.15067184129993544,vol_target,floor
2021-05-25,0.9950372779522422,0.2438202476291649,0.9610261470152934,0.15074812102386317,0.20811088295687888,0.9610261470152934,0.15074812102386317,vol_target,floor
2021-05-26,1.006640866001582,0.2279420811285021,0.9610261470152934,0.14901044162433622,0.20811088295687888,0.9610261470152934,0.14901044162433622,vol_target,floor
2021-05-27,1.0211604017000622,0.21531708484332152,0.9610261470152934,0.14689171236005133,0.20811088295687888,0.9610261470152934,0.14689171236005133,vol_target,floor
2021-05-28,1.0253698252456855,0.2084163126150375,0.9610261470152934,0.14628868170960557,0.20811088295687888,0.9610261470152934,0.14628868170960557,vol_target,floor
2021-06-01,1.018692346757111,0.2035902809300209,0.9610261470152934,0.1472475968603353,0.20811088295687888,0.9610261470152934,0.1472475968603353,vol_target,floor
2021-06-02,1.0158738128475067,0.18919679007033938,0.9610261470152934,0.1476561341605491,0.20811088295687888,0.9610261470152934,0.1476561341605491,vol_target,floor
2021-06-03,1.0084016035124714,0.18335036370548133,0.9610261470152934,0.14875025929899255,0.20811088295687888,0.9610261470152934,0.14875025929899255,vol_target,floor
2021-06-04,1.0201311472411685,0.1793849578867003,0.9610261470152934,0.14703991776514064,0.20811088295687888,0.9610261470152934,0.14703991776514064,vol_target,floor
2021-06-07,1.021353543060246,0.1685026626482027,0.9610261470152934,0.14686393464750727,0.20811088295687888,0.9610261470152934,0.14686393464750727,vol_target,floor
2021-06-08,1.0054846634625343,0.16313024281532096,0.9610261470152934,0.14918178809754584,0.20811088295687888,0.9610261470152934,0.14918178809754584,vol_target,floor
2021-06-09,0.9914481856034587,0.16147834726250554,0.9610261470152934,0.15129383681175473,0.20811088295687888,0.9610261470152934,0.15129383681175473,vol_target,floor
2021-06-10,0.9623941913209938,0.16323569946055347,0.9610261470152934,0.1558612898464279,0.20811088295687888,0.9610261470152934,0.1558612898464279,vol_target,floor
2021-06-11,0.6951198557425199,0.15651085903766432,0.9610261470152934,0.21579012419343357,0.20811088295687888,0.9610261470152934,0.20811088295687888,stress_budget,floor
2021-06-14,0.6444500095788659,0.15208130038419837,0.9610261470152934,0.23275661070751127,0.20811088295687888,0.9610261470152934,0.20811088295687888,stress_budget,floor
2021-06-15,0.5372145557949205,0.16229029120689056,0.9610261470152934,0.27921804869572797,0.20811088295687888,0.9610261470152934,0.20811088295687888,stress_budget,floor
2021-06-16,0.5151728007214613,0.15392367997906634,0.9610261470152934,0.29116443995089825,0.20811088295687888,0.9610261470152934,0.20811088295687888,stress_budget,floor
2021-06-17,0.5080081354755102,0.14633113289701402,0.9610261470152934,0.2952708618723118,0.20811088295687888,0.9610261470152934,0.20811088295687888,stress_budget,floor
2021-06-18,0.5899332684461256,0.27771169453144356,0.9610261470152934,0.2542660467260941,0.20811088295687888,0.9610261470152934,0.20811088295687888,stress_budget,floor
2021-06-21,0.6013063322417475,0.26041144177502595,0.9610261470152934,0.24945687739688466,0.20811088295687888,0.9610261470152934,0.20811088295687888,stress_budget,floor
2021-06-22,0.618230782971198,0.24204144035622563,0.9610261470152934,0.24262784081877098,0.20811088295687888,0.9610261470152934,0.20811088295687888,stress_budget,floor
2021-06-23,0.605031740583861,0.22115157936828278,0.9610261470152934,0.24792087743239496,0.20811088295687888,0.9610261470152934,0.20811088295687888,stress_budget,floor
2021-06-24,0.6043630282546189,0.20313593963118695,0.9610261470152934,0.248195195581694,0.20811088295687888,0.9610261470152934,0.20811088295687888,stress_budget,floor
2021-06-25,0.5889750651436239,0.18850242055341992,0.9610261470152934,0.2546797120577964,0.20811088295687888,0.9610261470152934,0.20811088295687888,stress_budget,floor
2021-06-28,0.5685612738618325,0.17517827771683805,0.9610261470152934,0.26382380738166816,0.20811088295687888,0.9610261470152934,0.20811088295687888,stress_budget,floor
2021-06-29,0.5687774782767623,0.17648410043017418,0.9610261470152934,0.2637235223420912,0.20811088295687888,0.9610261470152934,0.20811088295687888,stress_budget,floor
2021-06-30,0.5584108751952976,0.16532325887334332,0.9610261470152934,0.2686194102998787,0.20811088295687888,0.9610261470152934,0.20811088295687888,stress_budget,floor
2021-07-01,0.5566050122344431,0.1565155613332678,0.9610261470152934,0.26949092570661165,0.20811088295687888,0.9610261470152934,0.20811088295687888,stress_budget,floor
2021-07-02,0.5495375420132081,0.14848809334033516,0.9610261470152934,0.2729567837175986,0.20811088295687888,0.9610261470152934,0.20811088295687888,stress_budget,floor
2021-07-06,0.5351457472652853,0.1562934728469623,0.9610261470152934,0.2802974717944291,0.20811088295687888,0.9610261470152934,0.20811088295687888,stress_budget,floor
2021-07-07,0.5331783571231374,0.14923032929583283,0.9610261470152934,0.2813317494906447,0.20811088295687888,0.9610261470152934,0.20811088295687888,stress_budget,floor
2021-07-08,0.5801565678346177,0.2202273386632006,0.9610261470152934,0.25855089525205505,0.20811088295687888,0.9610261470152934,0.20811088295687888,stress_budget,floor
2021-07-09,0.6168762715282718,0.2137532766275952,0.9610261470152934,0.24316059301224946,0.20811088295687888,0.9610261470152934,0.20811088295687888,stress_budget,floor
2021-07-12,0.5878767894302149,0.19646229598508538,0.9610261470152934,0.255155506556712,0.20811088295687888,0.9610261470152934,0.20811088295687888,stress_budget,floor
2021-07-13,0.5820776635743905,0.1856013638206263,0.9610261470152934,0.2576975709373355,0.20811088295687888,0.9610261470152934,0.20811088295687888,stress_budget,floor
2021-07-14,0.5856825711705477,0.1741877782517404,0.9610261470152934,0.25611142858529895,0.20811088295687888,0.9610261470152934,0.20811088295687888,stress_budget,floor
2021-07-15,0.5792409786170252,0.16820941945626622,0.9610261470152934,0.25895957906523565,0.20811088295687888,0.9610261470152934,0.20811088295687888,stress_budget,floor
2021-07-16,0.6017940955968156,0.1978834657680588,0.9610261470152934,0.24925468876732815,0.20811088295687888,0.9610261470152934,0.20811088295687888,stress_budget,floor
2021-07-19,0.8039113990817903,0.45438600653404543,0.9610261470152934,0.18658772617396227,0.20811088295687888,0.9610261470152934,0.18658772617396227,vol_target,floor
2021-07-20,0.8121776883543934,0.41736697965670705,0.9610261470152934,0.18468864898754464,0.20811088295687888,0.9610261470152934,0.18468864898754464,vol_target,floor
2021-07-21,0.8119998179889869,0.3772448114585377,0.9610261470152934,0.18472910544671384,0.20811088295687888,0.9610261470152934,0.18472910544671384,vol_target,floor
2021-07-22,0.7969444223301714,0.34287591494133796,0.9610261470152934,0.18821889682271406,0.20811088295687888,0.9610261470152934,0.18821889682271406,vol_target,floor
2021-07-23,0.7944942279964777,0.3063210389358961,0.9610261470152934,0.18879935777288617,0.20811088295687888,0.9610261470152934,0.18879935777288617,vol_target,floor
2021-07-26,0.7930707566565718,0.27515098808915905,0.9610261470152934,0.18913823103548805,0.20811088295687888,0.9610261470152934,0.18913823103548805,vol_target,floor
2021-07-27,0.7932610383159046,0.2612470334518374,0.9610261470152934,0.1890928619391801,0.20811088295687888,0.9610261470152934,0.1890928619391801,vol_target,floor
2021-07-28,0.7999882748777145,0.2381394062190256,0.9610261470152934,0.18750274811581313,0.20811088295687888,0.9610261470152934,0.18750274811581313,vol_target,floor
2021-07-29,0.7993085444211545,0.2176466804112357,0.9610261470152934,0.18766220009399176,0.20811088295687888,0.9610261470152934,0.18766220009399176,vol_target,floor
2021-07-30,0.8030633471011878,0.21449109084414378,0.9610261470152934,0.18678476678266287,0.20811088295687888,0.9610261470152934,0.18678476678266287,vol_target,floor
2021-08-02,0.8082843435610367,0.22317316230244505,0.9610261470152934,0.18557825744730994,0.20811088295687888,0.9610261470152934,0.18557825744730994,vol_target,floor
2021-08-03,0.8310457359085364,0.21111313592459507,0.9610261470152934,0.18049548119757006,0.20811088295687888,0.9610261470152934,0.18049548119757006,vol_target,floor
2021-08-04,0.8278114644091962,0.1941914731736455,0.9610261470152934,0.18120067968260628,0.20811088295687888,0.9610261470152934,0.18120067968260628,vol_target,floor
2021-08-05,0.8323950405742132,0.1813303589825258,0.9610261470152934,0.18020289969114317,0.20811088295687888,0.9610261470152934,0.18020289969114317,vol_target,floor
2021-08-06,0.8046784035525567,0.17118876977206635,0.9610261470152934,0.18640987422772667,0.20811088295687888,0.9610261470152934,0.18640987422772667,vol_target,floor
2021-08-09,0.7728585872197742,0.16070691564993772,0.9610261470152934,0.19408466500915672,0.20811088295687888,0.9610261470152934,0.19408466500915672,vol_target,floor
2021-08-10,0.7750198361056504,0.1528267663249109,0.9610261470152934,0.19354343335742966,0.20811088295687888,0.9610261470152934,0.19354343335742966,vol_target,floor
2021-08-11,0.7793436498319664,0.1481801339215465,0.9610261470152934,0.19246965062503732,0.20811088295687888,0.9610261470152934,0.19246965062503732,vol_target,floor
2021-08-12,0.7777489504348963,0.1424967891873358,0.9610261470152934,0.1928642911264927,0.20811088295687888,0.9610261470152934,0.1928642911264927,vol_target,floor
2021-08-13,0.7755735226657283,0.1372061095101207,0.9610261470152934,0.19340526154687968,0.20811088295687888,0.9610261470152934,0.19340526154687968,vol_target,floor
2021-08-16,0.7569084770780763,0.1342697220129949,0.9610261470152934,0.19817455417998608,0.20811088295687888,0.9610261470152934,0.19817455417998608,vol_target,floor
2021-08-17,0.5125573763907629,0.15305246418115204,0.9610261470152934,0.29265016349241485,0.20811088295687888,0.9610261470152934,0.20811088295687888,stress_budget,floor
2021-08-18,0.508986229998086,0.2485719011198003,0.9610261470152934,0.29470345396291775,0.20811088295687888,0.9610261470152934,0.20811088295687888,stress_budget,floor
2021-08-19,0.470208622064071,0.2407578311579227,0.9610261470152934,0.3190073362362991,0.20811088295687888,0.9610261470152934,0.20811088295687888,stress_budget,floor
2021-08-20,0.5348470067466483,0.2349832890346763,0.9610261470152934,0.2804540328502829,0.20811088295687888,0.9610261470152934,0.20811088295687888,stress_budget,floor
2021-08-23,0.5429071603534635,0.21667570704638167,0.9610261470152934,0.27629033277502074,0.20811088295687888,0.9610261470152934,0.20811088295687888,stress_budget,floor
2021-08-24,0.5427517186966102,0.19889800136266034,0.9610261470152934,0.2763694610865851,0.20811088295687888,0.9610261470152934,0.20811088295687888,stress_budget,floor
2021-08-25,0.5332141803015003,0.18515022979963372,0.9610261470152934,0.28131284864776873,0.20811088295687888,0.9610261470152934,0.20811088295687888,stress_budget,floor
2021-08-26,0.5536654768102409,0.20606557850809443,0.9610261470152934,0.27092171407214155,0.20811088295687888,0.9610261470152934,0.20811088295687888,stress_budget,floor
2021-08-27,0.5747613288057108,0.19682177646191856,0.9610261470152934,0.2609778920089893,0.20811088295687888,0.9610261470152934,0.20811088295687888,stress_budget,floor
2021-08-30,0.5623733776629602,0.18229466634512495,0.9610261470152934,0.2667267085496666,0.20811088295687888,0.9610261470152934,0.20811088295687888,stress_budget,floor
2021-08-31,0.5386701309140468,0.16994072414359712,0.9610261470152934,0.2784635556931127,0.20811088295687888,0.9610261470152934,0.20811088295687888,stress_budget,floor
2021-09-01,0.5209648825337531,0.16134898812022147,0.9610261470152934,0.2879272769221284,0.20811088295687888,0.9610261470152934,0.20811088295687888,stress_budget,floor
2021-09-02,0.5208999983270097,0.15245380611653106,0.9610261470152934,0.28796314164284803,0.20811088295687888,0.9610261470152934,0.20811088295687888,stress_budget,floor
2021-09-03,0.5217737439851566,0.14931687089678217,0.9610261470152934,0.28748092775681555,0.20811088295687888,0.9610261470152934,0.20811088295687888,stress_budget,floor
2021-09-07,0.5231196934165948,0.15294382201961462,0.9610261470152934,0.2867412599596878,0.20811088295687888,0.9610261470152934,0.20811088295687888,stress_budget,floor
2021-09-08,0.5232522643360025,0.14568581949986706,0.9610261470152934,0.2866686113443718,0.20811088295687888,0.9610261470152934,0.20811088295687888,stress_budget,floor
2021-09-09,0.5280676696789155,0.15330786432090765,0.9610261470152934,0.28405450402067883,0.20811088295687888,0.9610261470152934,0.20811088295687888,stress_budget,floor
2021-09-10,0.538185594794713,0.18386119324053823,0.9610261470152934,0.27871426037929614,0.20811088295687888,0.9610261470152934,0.20811088295687888,stress_budget,floor
2021-09-13,0.5530040099824728,0.1757909690244044,0.9610261470152934,0.2712457727110409,0.20811088295687888,0.9610261470152934,0.20811088295687888,stress_budget,floor
2021-09-14,0.5542746746516638,0.16834732256508522,0.9610261470152934,0.27062394668179296,0.20811088295687888,0.9610261470152934,0.20811088295687888,stress_budget,floor
2021-09-15,0.5664927954510888,0.16159336316098472,0.9610261470152934,0.2647871273994888,0.20811088295687888,0.9610261470152934,0.20811088295687888,stress_budget,floor
2021-09-16,0.5569289773624527,0.15307414930194413,0.9610261470152934,0.2693341630568077,0.20811088295687888,0.9610261470152934,0.20811088295687888,stress_budget,floor
2021-09-17,0.5382417358394853,0.22601428133172585,0.9610261470152934,0.2786851892227344,0.20811088295687888,0.9610261470152934,0.20811088295687888,stress_budget,floor
2021-09-20,0.6602519443341596,0.365047077718196,0.9610261470152934,0.22718600268760983,0.20811088295687888,0.9610261470152934,0.20811088295687888,stress_budget,floor
2021-09-21,0.6154385194965648,0.327948962567922,0.9610261470152934,0.24372865078822425,0.20811088295687888,0.9610261470152934,0.20811088295687888,stress_budget,floor
2021-09-22,0.6350982971724952,0.29941249916700213,0.9610261470152934,0.23618391147923265,0.20811088295687888,0.9610261470152934,0.20811088295687888,stress_budget,floor
2021-09-23,0.6705877530356475,0.277480428610424,0.9610261470152934,0.2236843713905795,0.20811088295687888,0.9610261470152934,0.20811088295687888,stress_budget,floor
2021-09-24,0.6761697551752002,0.2529795540996711,0.9610261470152934,0.22183778385818806,0.20811088295687888,0.9610261470152934,0.20811088295687888,stress_budget,floor
2021-09-27,0.6595316243270548,0.2322502307059092,0.9610261470152934,0.22743412820128328,0.20811088295687888,0.9610261470152934,0.20811088295687888,stress_budget,floor
2021-09-28,0.7367103183261855,0.3576932888151162,0.9610261470152934,0.2036078445878181,0.20811088295687888,0.9610261470152934,0.2036078445878181,vol_target,floor
2021-09-29,0.7365864965973048,0.32436246246556594,0.9610261470152934,0.20364207149185043,0.20811088295687888,0.9610261470152934,0.20364207149185043,vol_target,floor
2021-09-30,0.7366629523619186,0.2904508399990535,0.9610261470152934,0.2036209361677059,0.20811088295687888,0.9610261470152934,0.2036209361677059,vol_target,floor
2021-10-01,0.7389019975136621,0.2632583206472462,0.9610261470152934,0.20300391730532102,0.20811088295687888,0.9610261470152934,0.20300391730532102,vol_target,floor
2021-10-04,0.7417489984119143,0.25034894814258174,0.9610261470152934,0.2022247422256723,0.20811088295687888,0.9610261470152934,0.2022247422256723,vol_target,floor
2021-10-05,0.7542258231992093,0.23001398480795332,0.9610261470152934,0.19887942760132912,0.20811088295687888,0.9610261470152934,0.19887942760132912,vol_target,floor
2021-10-06,0.7563412096512248,0.21095718806813973,0.9610261470152934,0.19832318811396013,0.20811088295687888,0.9610261470152934,0.19832318811396013,vol_target,floor
2021-10-07,0.767170281618529,0.19713535827016349,0.9610261470152934,0.19552373650806593,0.20811088295687888,0.9610261470152934,0.19552373650806593,vol_target,floor
2021-10-08,0.7663020864276217,0.18342014966546258,0.9610261470152934,0.1957452585040922,0.20811088295687888,0.9610261470152934,0.1957452585040922,vol_target,floor
2021-10-11,0.7527690792071872,0.17635523990230742,0.9610261470152934,0.19926429517798377,0.20811088295687888,0.9610261470152934,0.19926429517798377,vol_target,floor
2021-10-12,0.7433148814275239,0.16587850663049689,0.9610261470152934,0.2017987312616794,0.20811088295687888,0.9610261470152934,0.2017987312616794,vol_target,floor
2021-10-13,0.7438884111706697,0.1570814566552776,0.9610261470152934,0.201643146670268,0.20811088295687888,0.9610261470152934,0.201643146670268,vol_target,floor
2021-10-14,0.7597628629414026,0.1595446994853064,0.9610261470152934,0.19743002365143092,0.20811088295687888,0.9610261470152934,0.19743002365143092,vol_target,floor
2021-10-15,0.7592351411638252,0.15134869599520467,0.9610261470152934,0.1975672513920605,0.20811088295687888,0.9610261470152934,0.1975672513920605,vol_target,floor
2021-10-18,0.7185605969442497,0.1454033380852471,0.9610261470152934,0.20875066158357403,0.20811088295687888,0.9610261470152934,0.20811088295687888,stress_budget,floor
2021-10-19,0.5768256674351709,0.13945384686251688,0.9610261470152934,0.2600439066225471,0.20811088295687888,0.9610261470152934,0.20811088295687888,stress_budget,floor
2021-10-20,0.5690838385635935,0.1346595697596177,0.9610261470152934,0.2635815495632599,0.20811088295687888,0.9610261470152934,0.20811088295687888,stress_budget,floor
2021-10-21,0.553677251532007,0.1337908275528811,0.9610261470152934,0.27091595254266787,0.20811088295687888,0.9610261470152934,0.20811088295687888,stress_budget,floor
2021-10-22,0.5330570432624125,0.1433871194788767,0.9610261470152934,0.2813957753601207,0.20811088295687888,0.9610261470152934,0.20811088295687888,stress_budget,floor
2021-10-25,0.5299644355509526,0.1402641274382286,0.9610261470152934,0.2830378605388106,0.20811088295687888,0.9610261470152934,0.20811088295687888,stress_budget,floor
2021-10-26,0.534399236442567,0.1457125436704661,0.9610261470152934,0.28068902380649413,0.20811088295687888,0.9610261470152934,0.20811088295687888,stress_budget,floor
2021-10-27,0.36762795032032547,0.15364662729856288,0.9610261470152934,0.4080212069547498,0.20811088295687888,0.9610261470152934,0.20811088295687888,stress_budget,floor
2021-10-28,0.35911788131479433,0.14910436333359822,0.9610261470152934,0.41769014522703063,0.20811088295687888,0.9610261470152934,0.20811088295687888,stress_budget,floor
2021-10-29,0.3652939789970298,0.1448799125747516,0.9610261470152934,0.4106281751805705,0.20811088295687888,0.9610261470152934,0.20811088295687888,stress_budget,floor
2021-11-01,0.36038389130117676,0.1395958960068981,0.9610261470152934,0.4162228213320538,0.20811088295687888,0.9610261470152934,0.20811088295687888,stress_budget,floor
2021-11-02,0.33707094876552124,0.13663702667573704,0.9610261470152934,0.4450101693704414,0.20811088295687888,0.9610261470152934,0.20811088295687888,stress_budget,floor
2021-11-03,0.3381894675985907,0.13633294168698162,0.9610261470152934,0.44353835459488766,0.20811088295687888,0.9610261470152934,0.20811088295687888,stress_budget,floor
2021-11-04,0.35400614876079994,0.1409112226644613,0.9610261470152934,0.42372145378004206,0.20811088295687888,0.9610261470152934,0.20811088295687888,stress_budget,floor
2021-11-05,0.379689306100637,0.16566461830085322,0.9610261470152934,0.39505984917110715,0.20811088295687888,0.9610261470152934,0.20811088295687888,stress_budget,floor
2021-11-08,0.3784918191655189,0.156295613721047,0.9610261470152934,0.39630975467504953,0.20811088295687888,0.9610261470152934,0.20811088295687888,stress_budget,floor
2021-11-09,0.3811732029867444,0.15698878369017832,0.9610261470152934,0.3935218919500392,0.20811088295687888,0.9610261470152934,0.20811088295687888,stress_budget,floor
2021-11-10,0.38598100856015094,0.1549523434581794,0.9610261470152934,0.388620156622613,0.20811088295687888,0.9610261470152934,0.20811088295687888,stress_budget,floor
2021-11-11,0.3849411536572337,0.1477497661943874,0.9610261470152934,0.38966994974396973,0.20811088295687888,0.9610261470152934,0.20811088295687888,stress_budget,floor
2021-11-12,0.35924607959367977,0.14605768776014585,0.9610261470152934,0.4175410909693305,0.20811088295687888,0.9610261470152934,0.20811088295687888,stress_budget,floor
2021-11-15,0.35914915465221714,0.14013833695181704,0.9610261470152934,0.4176537743636145,0.20811088295687888,0.9610261470152934,0.20811088295687888,stress_budget,floor
2021-11-16,0.3565101623250166,0.13627863228144352,0.9610261470152934,0.42074536956186614,0.20811088295687888,0.9610261470152934,0.20811088295687888,stress_budget,floor
2021-11-17,0.36138019708351593,0.13804813135200947,0.9610261470152934,0.41507531738197206,0.20811088295687888,0.9610261470152934,0.20811088295687888,stress_budget,floor
2021-11-18,0.3636105293915488,0.13765624429918016,0.9610261470152934,0.41252930780361047,0.20811088295687888,0.9610261470152934,0.20811088295687888,stress_budget,floor
2021-11-19,0.3516990879536741,0.13918862820984654,0.9610261470152934,0.42650096385737013,0.20811088295687888,0.9610261470152934,0.20811088295687888,stress_budget,floor
2021-11-22,0.3482975560906628,0.14285071157324272,0.9610261470152934,0.4306662432077318,0.20811088295687888,0.9610261470152934,0.20811088295687888,stress_budget,floor
2021-11-23,0.34579365348918556,0.1393372530604585,0.9610261470152934,0.43378471087148257,0.20811088295687888,0.9610261470152934,0.20811088295687888,stress_budget,floor
2021-11-24,0.3399776520958023,0.1345203232159656,0.9610261470152934,0.44120547063996873,0.20811088295687888,0.9610261470152934,0.20811088295687888,stress_budget,floor
2021-11-26,1.0239476627886765,0.7959479027464421,0.9610261470152934,0.14649186228081382,0.20811088295687888,0.9610261470152934,0.14649186228081382,vol_target,floor
2021-11-29,1.1599717961273366,0.7247516814991469,0.9610261470152934,0.12931348891480604,0.20811088295687888,0.9610261470152934,0.12931348891480604,vol_target,floor
2021-11-30,1.2541596092299576,0.787314349402278,0.9610261470152934,0.11960200192709013,0.20811088295687888,0.9610261470152934,0.11960200192709013,vol_target,floor
2021-12-01,1.2675328368547394,0.7275528031507488,0.9610261470152934,0.1183401294535379,0.20811088295687888,0.9610261470152934,0.0,signal_off,floor
2021-12-02,1.283644939917731,0.635866171797086,0.9610261470152934,0.11685474334484855,0.20811088295687888,0.9610261470152934,0.11685474334484855,vol_target,floor
2021-12-03,1.2944509916497222,0.6230398162061894,0.9610261470152934,0.11587924221745269,0.20811088295687888,0.9610261470152934,0.0,signal_off,floor
2021-12-06,1.3439991644483507,0.5550895669093439,0.9610261470152934,0.11160721224225466,0.20811088295687888,0.9610261470152934,0.11160721224225466,vol_target,floor
2021-12-07,1.4071206517823904,0.5066615051804341,0.9610261470152934,0.10660066697905114,0.20811088295687888,0.9610261470152934,0.10660066697905114,vol_target,floor
2021-12-08,1.4265878542660098,0.45137572344101834,0.9610261470152934,0.10514599542639183,0.20811088295687888,0.9610261470152934,0.0,signal_off,floor
2021-12-09,1.428119783343265,0.408566722380561,0.9610261470152934,0.10503320642253561,0.20811088295687888,0.9610261470152934,0.10503320642253561,vol_target,floor
2021-12-10,1.4474997587832004,0.3696749825701024,0.9610261470152934,0.10362696027396456,0.20811088295687888,0.9610261470152934,0.10362696027396456,vol_target,floor
2021-12-13,1.4518346726670996,0.35072095822582705,0.9610261470152934,0.10331754904602312,0.20811088295687888,0.9610261470152934,0.10331754904602312,vol_target,floor
2021-12-14,1.4439312831204474,0.3185292356011182,0.9610261470152934,0.10388305991670073,0.20811088295687888,0.9610261470152934,0.10388305991670073,vol_target,floor
2021-12-15,1.4688180287598624,0.29682827080811947,0.9610261470152934,0.10212292950042727,0.20811088295687888,0.9610261470152934,0.10212292950042727,vol_target,floor
2021-12-16,1.4749523324427705,0.29508456558168844,0.9610261470152934,0.10169820183380071,0.20811088295687888,0.9610261470152934,0.10169820183380071,vol_target,floor
2021-12-17,1.4776628896705424,0.28279564333875024,0.9610261470152934,0.10151165130325752,0.20811088295687888,0.9610261470152934,0.10151165130325752,vol_target,floor
2021-12-20,1.480783028520991,0.2749171375193283,0.9610261470152934,0.10129775741002399,0.20811088295687888,0.9610261470152934,0.10129775741002399,vol_target,floor
2021-12-21,1.4935324302257138,0.25363092347233906,0.9610261470152934,0.10043303845590475,0.20811088295687888,0.9610261470152934,0.10043303845590475,vol_target,floor
2021-12-22,1.5092118503628995,0.23873672792287212,0.9610261470152934,0.0993896250973192,0.20811088295687888,0.9610261470152934,0.0,signal_off,floor
2021-12-23,1.5061433590029827,0.21762131022039571,0.9610261470152934,0.09959211326290683,0.20811088295687888,0.9610261470152934,0.09959211326290683,vol_target,floor
2021-12-27,1.5093839460342324,0.20158946067667705,0.9610261470152934,0.09937829297450208,0.20811088295687888,0.9610261470152934,0.09937829297450208,vol_target,floor
2021-12-28,1.130460253379944,0.18725476023308557,0.9610261470152934,0.13268931795834266,0.20811088295687888,0.9610261470152934,0.13268931795834266,vol_target,floor
2021-12-29,1.0142042997616472,0.17569464123449577,0.9610261470152934,0.14789919549271502,0.20811088295687888,0.9610261470152934,0.14789919549271502,vol_target,floor
2021-12-30,0.8591314412081558,0.16440816734965477,0.9610261470152934,0.17459493717173488,0.20811088295687888,0.9610261470152934,0.17459493717173488,vol_target,floor
2021-12-31,0.8002777301904412,0.1551797444505419,0.9610261470152934,0.18743492957664168,0.20811088295687888,0.9610261470152934,0.18743492957664168,vol_target,floor
2022-01-03,0.7910314851320511,0.15116213520238406,0.9610261470152934,0.18962582756735616,0.20811088295687888,0.9610261470152934,0.18962582756735616,vol_target,floor
2022-01-04,0.6995633537291855,0.14404064322346907,0.9610261470152934,0.21441946494251024,0.20811088295687888,0.9610261470152934,0.20811088295687888,stress_budget,floor
2022-01-05,0.7401156828326798,0.25137636926670515,0.9610261470152934,0.20267101951670297,0.20811088295687888,0.9610261470152934,0.20267101951670297,vol_target,floor
2022-01-06,0.6554628553445085,0.2299275605378564,0.9610261470152934,0.22884591976025953,0.20811088295687888,0.9610261470152934,0.20811088295687888,stress_budget,floor
2022-01-07,0.6335196483623025,0.2123557996809209,0.9610261470152934,0.2367724511587946,0.20811088295687888,0.9610261470152934,0.20811088295687888,stress_budget,floor
2022-01-10,0.6227310149541582,0.1958809795086757,0.9610261470152934,0.24087446489403153,0.20811088295687888,0.9610261470152934,0.20811088295687888,stress_budget,floor
2022-01-11,0.5991073509041188,0.18499071887276924,0.9610261470152934,0.2503724912966491,0.20811088295687888,0.9610261470152934,0.20811088295687888,stress_budget,floor
2022-01-12,0.5746687915293337,0.17220774117947052,0.9610261470152934,0.26101991653455453,0.20811088295687888,0.9610261470152934,0.20811088295687888,stress_budget,floor
2022-01-13,0.6164705319057285,0.22867092824619303,0.9610261470152934,0.24332063292027425,0.20811088295687888,0.9610261470152934,0.20811088295687888,stress_budget,floor
2022-01-14,0.5711630817706203,0.2096935868595723,0.9610261470152934,0.2626220160010975,0.20811088295687888,0.9610261470152934,0.20811088295687888,stress_budget,floor
2022-01-18,0.620585474267641,0.28927925141194655,0.9610261470152934,0.24170723650439363,0.20811088295687888,0.9610261470152934,0.20811088295687888,stress_budget,floor
2022-01-19,0.6178531850995208,0.2744501888590592,0.9610261470152934,0.24277612160539194,0.20811088295687888,0.9610261470152934,0.20811088295687888,stress_budget,floor
2022-01-20,0.6189340872106872,0.26961002282197205,0.9610261470152934,0.2423521391041749,0.20811088295687888,0.9610261470152934,0.20811088295687888,stress_budget,floor
2022-01-21,0.6753535965202411,0.35213454018189333,0.9610261470152934,0.22210587279445151,0.20811088295687888,0.9610261470152934,0.0,signal_off,floor
2022-01-24,0.6390802331560637,0.32510365135259595,0.9610261470152934,0.23471231344338878,0.20811088295687888,0.9610261470152934,0.0,signal_off,floor
2022-01-25,0.6369154591188381,0.2918201089815987,0.9610261470152934,0.2355100631526867,0.20811088295687888,0.9610261470152934,0.0,signal_off,floor
2022-01-26,0.6228712772037703,0.2676096130223375,0.9610261470152934,0.2408202231982644,0.20811088295687888,0.9610261470152934,0.0,signal_off,floor
2022-01-27,0.6116915147155657,0.2440746110214459,0.9610261470152934,0.2452216458646634,0.20811088295687888,0.9610261470152934,0.0,signal_off,floor
2022-01-28,0.6518526564042832,0.23176980315841628,0.9610261470152934,0.23011335234471916,0.20811088295687888,0.9610261470152934,0.0,signal_off,floor
2022-01-31,0.7046493328105532,0.22367439202657333,0.9610261470152934,0.2128718399572059,0.20811088295687888,0.9610261470152934,0.0,signal_off,floor
2022-02-01,0.7593115251381172,0.22036493139750063,0.9610261470152934,0.19754737684603865,0.20811088295687888,0.9610261470152934,0.0,signal_off,floor
2022-02-02,0.7519012785114887,0.203009464684893,0.9610261470152934,0.1994942744304804,0.20811088295687888,0.9610261470152934,0.0,signal_off,floor
2022-02-03,0.8689024762200577,0.4023930402521518,0.9610261470152934,0.17263157155741732,0.20811088295687888,0.9610261470152934,0.0,signal_off,floor
2022-02-04,0.8516689427606212,0.36034293631707626,0.9610261470152934,0.17612477392187886,0.20811088295687888,0.9610261470152934,0.17612477392187886,vol_target,floor
2022-02-07,0.8579303835979609,0.32211670039882284,0.9610261470152934,0.17483936094084324,0.20811088295687888,0.9610261470152934,0.0,signal_off,floor
2022-02-08,0.8694422104431309,0.2934956145833692,0.9610261470152934,0.17252440495561988,0.20811088295687888,0.9610261470152934,0.17252440495561988,vol_target,floor
2022-02-09,0.8775689027505886,0.2669148100203248,0.9610261470152934,0.17092674948924333,0.20811088295687888,0.9610261470152934,0.17092674948924333,vol_target,floor
2022-02-10,0.9225079885126544,0.3591769490441198,0.9610261470152934,0.16260021795783333,0.20811088295687888,0.9610261470152934,0.0,signal_off,floor
2022-02-11,1.011631789241918,0.4927330558471826,0.9610261470152934,0.14827529304155698,0.20811088295687888,0.9610261470152934,0.0,signal_off,floor
2022-02-14,0.9984691790896838,0.43411009408717155,0.9610261470152934,0.1502299751873731,0.20811088295687888,0.9610261470152934,0.0,signal_off,floor
2022-02-15,1.0447214303548458,0.3960066404683502,0.9610261470152934,0.1435789442445453,0.20811088295687888,0.9610261470152934,0.1435789442445453,vol_target,floor
2022-02-16,1.0264115404517087,0.3546371906478806,0.9610261470152934,0.14614021188225065,0.20811088295687888,0.9610261470152934,0.14614021188225065,vol_target,floor
2022-02-17,1.1059156425163068,0.4769697012449957,0.9610261470152934,0.1356342149738498,0.20811088295687888,0.9610261470152934,0.0,signal_off,floor
2022-02-18,1.1020998859596798,0.4260351179435217,0.9610261470152934,0.13610381591627144,0.20811088295687888,0.9610261470152934,0.0,signal_off,floor
2022-02-22,1.0592346127821366,0.3770551577981438,0.9610261470152934,0.14161168658000794,0.20811088295687888,0.9610261470152934,0.0,signal_off,floor
2022-02-23,1.0744400715977445,0.37863486778286554,0.9610261470152934,0.13960760024236876,0.20811088295687888,0.9610261470152934,0.0,signal_off,floor
2022-02-24,1.0829207140308834,0.3388569704680167,0.9610261470152934,0.13851429569729534,0.20811088295687888,0.9610261470152934,0.0,signal_off,floor
2022-02-25,1.0910520294926274,0.30581822476892845,0.9610261470152934,0.13748198614300236,0.20811088295687888,0.9610261470152934,0.0,signal_off,floor
2022-02-28,1.103571037224734,0.3076392774540356,0.9610261470152934,0.1359223782976588,0.20811088295687888,0.9610261470152934,0.0,signal_off,floor
2022-03-01,1.1375469637681415,0.41169749674936207,0.9610261470152934,0.13186268767587647,0.20811088295687888,0.9610261470152934,0.0,signal_off,floor
2022-03-02,1.1357624703978246,0.3727695720940956,0.9610261470152934,0.13206986840079277,0.20811088295687888,0.9610261470152934,0.0,signal_off,floor
2022-03-03,1.093017796048025,0.33419571098124634,0.9610261470152934,0.13723472805506756,0.20811088295687888,0.9610261470152934,0.0,signal_off,floor
2022-03-04,1.08850312833783,0.3200196715870787,0.9610261470152934,0.13780392182156936,0.20811088295687888,0.9610261470152934,0.0,signal_off,floor
2022-03-07,1.0432179346693615,0.3866776077423395,0.9610261470152934,0.14378587159502884,0.20811088295687888,0.9610261470152934,0.0,signal_off,floor
2022-03-08,1.0266901038484124,0.34374081914991544,0.9610261470152934,0.14610056085837858,0.20811088295687888,0.9610261470152934,0.0,signal_off,floor
2022-03-09,1.0347192165579668,0.3097771386175645,0.9610261470152934,0.14496686405320736,0.20811088295687888,0.9610261470152934,0.0,signal_off,floor
2022-03-10,1.0316407907237763,0.2822408288933876,0.9610261470152934,0.14539944654065426,0.20811088295687888,0.9610261470152934,0.0,signal_off,floor
2022-03-11,1.0141227199869605,0.2628935910665375,0.9610261470152934,0.14791109304989114,0.20811088295687888,0.9610261470152934,0.0,signal_off,floor
2022-03-14,0.9758515712429111,0.25417511393807835,0.9610261470152934,0.1537119008877034,0.20811088295687888,0.9610261470152934,0.0,signal_off,floor
2022-03-15,0.8938534485528425,0.2328729318325861,0.9610261470152934,0.1678127440721423,0.20811088295687888,0.9610261470152934,0.0,signal_off,floor
2022-03-16,0.9719955031275561,0.24145864389450847,0.9610261470152934,0.15432170161008998,0.20811088295687888,0.9610261470152934,0.15432170161008998,vol_target,floor
2022-03-17,0.9271029809461255,0.2203449446314329,0.9610261470152934,0.16179432391310214,0.20811088295687888,0.9610261470152934,0.16179432391310214,vol_target,floor
2022-03-18,0.935083065691746,0.20952377517926923,0.9610261470152934,0.16041355629623616,0.20811088295687888,0.9610261470152934,0.16041355629623616,vol_target,floor
2022-03-21,0.8292718267552871,0.19286707380117082,0.9610261470152934,0.1808815820825709,0.20811088295687888,0.9610261470152934,0.1808815820825709,vol_target,floor
2022-03-22,0.8274996370064776,0.17960924527891511,0.9610261470152934,0.181268961691189,0.20811088295687888,0.9610261470152934,0.181268961691189,vol_target,floor
2022-03-23,0.8273844820040689,0.16768286658222875,0.9610261470152934,0.18129419062425964,0.20811088295687888,0.9610261470152934,0.18129419062425964,vol_target,floor
2022-03-24,0.7977865385803069,0.1589266108286906,0.9610261470152934,0.18802021937714192,0.20811088295687888,0.9610261470152934,0.18802021937714192,vol_target,floor
2022-03-25,0.7957305464368073,0.15316358776058728,0.9610261470152934,0.18850602213485868,0.20811088295687888,0.9610261470152934,0.18850602213485868,vol_target,floor
2022-03-28,0.7874760952122123,0.14632359163963662,0.9610261470152934,0.19048197261096209,0.20811088295687888,0.9610261470152934,0.19048197261096209,vol_target,floor
2022-03-29,0.7751785407738592,0.14747806419421605,0.9610261470152934,0.1935038086196959,0.20811088295687888,0.9610261470152934,0.1935038086196959,vol_target,floor
2022-03-30,0.6544603330381515,0.14778914860680506,0.9610261470152934,0.22919647292245562,0.20811088295687888,0.9610261470152934,0.0,signal_off,floor
2022-03-31,0.6636089687847089,0.19541737184935007,0.9610261470152934,0.22603672803684438,0.20811088295687888,0.9610261470152934,0.20811088295687888,stress_budget,floor
2022-04-01,0.667320427034853,0.18514577564520032,0.9610261470152934,0.22477957203633714,0.20811088295687888,0.9610261470152934,0.20811088295687888,stress_budget,floor
2022-04-04,0.6557599461821094,0.18013153577075383,0.9610261470152934,0.22874224153718573,0.20811088295687888,0.9610261470152934,0.20811088295687888,stress_budget,floor
2022-04-05,0.6469484435347832,0.2866752565343974,0.9610261470152934,0.23185773379472585,0.20811088295687888,0.9610261470152934,0.20811088295687888,stress_budget,floor
2022-04-06,0.6583740281212117,0.26545405278260137,0.9610261470152934,0.2278340177361672,0.20811088295687888,0.9610261470152934,0.20811088295687888,stress_budget,floor
2022-04-07,0.6540381600888971,0.2417197662086191,0.9610261470152934,0.22934441620288934,0.20811088295687888,0.9610261470152934,0.20811088295687888,stress_budget,floor
2022-04-08,0.6450800170548081,0.22019035702747072,0.9610261470152934,0.2325292925439597,0.20811088295687888,0.9610261470152934,0.20811088295687888,stress_budget,floor
2022-04-11,0.6763235152814303,0.252504012899979,0.9610261470152934,0.22178734970878886,0.20811088295687888,0.9610261470152934,0.20811088295687888,stress_budget,floor
2022-04-12,0.6653405331229509,0.23246509936322401,0.9610261470152934,0.22544846215205844,0.20811088295687888,0.9610261470152934,0.20811088295687888,stress_budget,floor
2022-04-13,0.6954415575488292,0.22603535788701415,0.9610261470152934,0.21569030261679178,0.20811088295687888,0.9610261470152934,0.20811088295687888,stress_budget,floor
2022-04-14,0.6261441612847375,0.22206648926515804,0.9610261470152934,0.23956144491106718,0.20811088295687888,0.9610261470152934,0.20811088295687888,stress_budget,floor
2022-04-18,0.6256968706284225,0.20375088797244356,0.9610261470152934,0.23973269971663208,0.20811088295687888,0.9610261470152934,0.20811088295687888,stress_budget,floor
2022-04-19,0.6238786446174834,0.1952930938879828,0.9610261470152934,0.24043137442534032,0.20811088295687888,0.9610261470152934,0.20811088295687888,stress_budget,floor
2022-04-20,0.6267217309017444,0.18218764585309968,0.9610261470152934,0.2393406716313728,0.20811088295687888,0.9610261470152934,0.20811088295687888,stress_budget,floor
2022-04-21,0.6833058259373508,0.2595677655177469,0.9610261470152934,0.21952103188090308,0.20811088295687888,0.9610261470152934,0.20811088295687888,stress_budget,floor
2022-04-22,0.8204695197891955,0.42699778293635904,0.9610261470152934,0.18282214802877714,0.20811088295687888,0.9610261470152934,0.18282214802877714,vol_target,floor
2022-04-25,0.8219398786909681,0.37878947717153083,0.9610261470152934,0.18249509956724805,0.20811088295687888,0.9610261470152934,0.18249509956724805,vol_target,floor
2022-04-26,0.8839616374410534,0.45593900381925806,0.9610261470152934,0.16969062190778916,0.20811088295687888,0.9610261470152934,0.0,signal_off,floor
2022-04-27,0.8791007890243605,0.4065123380948305,0.9610261470152934,0.17062889929432584,0.20811088295687888,0.9610261470152934,0.0,signal_off,floor
2022-04-28,0.8793676824504183,0.364369377583732,0.9610261470152934,0.1705771123883183,0.20811088295687888,0.9610261470152934,0.0,signal_off,floor
2022-04-29,0.9078392333331555,0.39390917437890716,0.9610261470152934,0.16522749237138723,0.20811088295687888,0.9610261470152934,0.0,signal_off,floor
2022-05-02,0.9042020967572466,0.3501126217027071,0.9610261470152934,0.1658921169702517,0.20811088295687888,0.9610261470152934,0.0,signal_off,floor
2022-05-03,0.9210399767656442,0.3195148628516181,0.9610261470152934,0.1628593804654877,0.20811088295687888,0.9610261470152934,0.1628593804654877,vol_target,floor
2022-05-04,0.9677521692012192,0.30631234300084625,0.9610261470152934,0.15499836091693775,0.20811088295687888,0.9610261470152934,0.15499836091693775,vol_target,floor
2022-05-05,1.1185122148467095,0.5985479849013883,0.9610261470152934,0.13410671605455582,0.20811088295687888,0.9610261470152934,0.0,signal_off,floor
2022-05-06,1.1231695884613448,0.5235275872049004,0.9610261470152934,0.13355062453701969,0.20811088295687888,0.9610261470152934,0.0,signal_off,floor
2022-05-09,1.1403437110840786,0.5266233099358398,0.9610261470152934,0.13153928814795765,0.20811088295687888,0.9610261470152934,0.0,signal_off,floor
2022-05-10,1.1542961088939734,0.46448209976985955,0.9610261470152934,0.12994932482595598,0.20811088295687888,0.9610261470152934,0.0,signal_off,floor
2022-05-11,1.1466586795979092,0.4097143598002934,0.9610261470152934,0.13081486467498718,0.20811088295687888,0.9610261470152934,0.0,signal_off,floor
2022-05-12,1.1511707575930332,0.363581703141343,0.9610261470152934,0.13030212851621847,0.20811088295687888,0.9610261470152934,0.0,signal_off,floor
2022-05-13,1.1430262836385452,0.33160957917056766,0.9610261470152934,0.13123057811278985,0.20811088295687888,0.9610261470152934,0.13123057811278985,vol_target,floor
2022-05-16,1.1566839735145924,0.30055267262074725,0.9610261470152934,0.12968105674035055,0.20811088295687888,0.9610261470152934,0.12968105674035055,vol_target,floor
2022-05-17,1.1590716154508884,0.27102721628685283,0.9610261470152934,0.12941391886440834,0.20811088295687888,0.9610261470152934,0.12941391886440834,vol_target,floor
2022-05-18,1.2342670740839634,0.47721456232046744,0.9610261470152934,0.12152961311985541,0.20811088295687888,0.9610261470152934,0.0,signal_off,floor
2022-05-19,1.2632600474007414,0.4290136404498288,0.9610261470152934,0.1187403973620768,0.20811088295687888,0.9610261470152934,0.1187403973620768,vol_target,floor
2022-05-20,1.2450056916877785,0.38021475451639986,0.9610261470152934,0.12048137691375058,0.20811088295687888,0.9610261470152934,0.12048137691375058,vol_target,floor
2022-05-23,1.1702517688211882,0.3381511870908199,0.9610261470152934,0.1281775460601074,0.20811088295687888,0.9610261470152934,0.0,signal_off,floor
2022-05-24,1.1654962089736807,0.30262086672040317,0.9610261470152934,0.1287005473248925,0.20811088295687888,0.9610261470152934,0.0,signal_off,floor
2022-05-25,1.110549040884146,0.2729816237586131,0.9610261470152934,0.13506832609623423,0.20811088295687888,0.9610261470152934,0.0,signal_off,floor
2022-05-26,1.1092484486644496,0.24684548646018944,0.9610261470152934,0.13522669351541763,0.20811088295687888,0.9610261470152934,0.0,signal_off,floor
2022-05-27,1.1050940866124508,0.22784875646397118,0.9610261470152934,0.1357350490036637,0.20811088295687888,0.9610261470152934,0.0,signal_off,floor
2022-05-31,1.068540316535898,0.20880600342755068,0.9610261470152934,0.1403784187444468,0.20811088295687888,0.9610261470152934,0.1403784187444468,vol_target,floor
2022-06-01,1.0677841135285815,0.19232488599061112,0.9610261470152934,0.14047783451685988,0.20811088295687888,0.9610261470152934,0.14047783451685988,vol_target,floor
2022-06-02,1.0513044788255175,0.17929934737279377,0.9610261470152934,0.1426798829655658,0.20811088295687888,0.9610261470152934,0.1426798829655658,vol_target,floor
2022-06-03,0.9990504635625841,0.1709039094556971,0.9610261470152934,0.15014256583706942,0.20811088295687888,0.9610261470152934,0.15014256583706942,vol_target,floor
2022-06-06,0.7399156078140279,0.16077199379239052,0.9610261470152934,0.2027258222639106,0.20811088295687888,0.9610261470152934,0.0,signal_off,floor
2022-06-07,0.7424359320481734,0.15426745729573318,0.9610261470152934,0.2020376352019923,0.20811088295687888,0.9610261470152934,0.0,signal_off,floor
2022-06-08,0.6660697381379228,0.14663428786717436,0.9610261470152934,0.22520164392897182,0.20811088295687888,0.9610261470152934,0.0,signal_off,floor
2022-06-09,0.6952625278576654,0.1968686788052798,0.9610261470152934,0.2157458427425965,0.20811088295687888,0.9610261470152934,0.20811088295687888,stress_budget,floor
2022-06-10,0.7341207916915767,0.24378673841591839,0.9610261470152934,0.20432604783521632,0.20811088295687888,0.9610261470152934,0.20432604783521632,vol_target,floor
2022-06-13,0.8802435254827132,0.43650651020469555,0.9610261470152934,0.1704073880211071,0.20811088295687888,0.9610261470152934,0.0,signal_off,floor
2022-06-14,0.858466620450388,0.38763117358984645,0.9610261470152934,0.17473014841427803,0.20811088295687888,0.9610261470152934,0.0,signal_off,floor
2022-06-15,0.8675098148044282,0.3502629836274644,0.9610261470152934,0.17290870655315416,0.20811088295687888,0.9610261470152934,0.17290870655315416,vol_target,floor
2022-06-16,0.8859243614873468,0.3617360805285359,0.9610261470152934,0.16931468026025423,0.20811088295687888,0.9610261470152934,0.0,signal_off,floor
2022-06-17,0.7341772981863026,0.3240335333707422,0.9610261470152934,0.20431032173094577,0.20811088295687888,0.9610261470152934,0.0,signal_off,floor
2022-06-21,0.6943030931462001,0.2907139226103832,0.9610261470152934,0.21604397485870677,0.20811088295687888,0.9610261470152934,0.0,signal_off,floor
2022-06-22,0.7097768342376921,0.26554343556005805,0.9610261470152934,0.21133403171871845,0.20811088295687888,0.9610261470152934,0.20811088295687888,stress_budget,floor
2022-06-23,0.7089860513407029,0.2404955056285183,0.9610261470152934,0.2115697476929875,0.20811088295687888,0.9610261470152934,0.0,signal_off,floor
2022-06-24,0.7110532338963226,0.21962443542107837,0.9610261470152934,0.21095466956538902,0.20811088295687888,0.9610261470152934,0.20811088295687888,stress_budget,floor
2022-06-27,0.7157943340245989,0.2042266488570703,0.9610261470152934,0.20955740059664277,0.20811088295687888,0.9610261470152934,0.20811088295687888,stress_budget,floor
2022-06-28,0.7237018128562825,0.20725088453075677,0.9610261470152934,0.2072676858552902,0.20811088295687888,0.9610261470152934,0.2072676858552902,vol_target,floor
2022-06-29,0.7104594330633692,0.19118430233655084,0.9610261470152934,0.21113098513341969,0.20811088295687888,0.9610261470152934,0.20811088295687888,stress_budget,floor
2022-06-30,0.7081708440291166,0.18045451720204228,0.9610261470152934,0.21181329514581473,0.20811088295687888,0.9610261470152934,0.20811088295687888,stress_budget,floor
2022-07-01,0.71437934189241,0.17019564067593068,0.9610261470152934,0.20997247709129715,0.20811088295687888,0.9610261470152934,0.20811088295687888,stress_budget,floor
2022-07-05,0.7099140371511719,0.16003205014687807,0.9610261470152934,0.21129318783713302,0.20811088295687888,0.9610261470152934,0.20811088295687888,stress_budget,floor
2022-07-06,0.7123754816226191,0.15201027808088943,0.9610261470152934,0.21056311435415528,0.20811088295687888,0.9610261470152934,0.20811088295687888,stress_budget,floor
2022-07-07,0.7117776569712108,0.14494743587434622,0.9610261470152934,0.21073996708225845,0.20811088295687888,0.9610261470152934,0.20811088295687888,stress_budget,floor
2022-07-08,0.708895812327407,0.14032207700379898,0.9610261470152934,0.21159667950009242,0.20811088295687888,0.9610261470152934,0.20811088295687888,stress_budget,floor
2022-07-11,0.7158946445774548,0.16003965013768995,0.9610261470152934,0.20952803759069194,0.20811088295687888,0.9610261470152934,0.20811088295687888,stress_budget,floor
2022-07-12,0.6942844675758563,0.15271548236135205,0.9610261470152934,0.21604977067071038,0.20811088295687888,0.9610261470152934,0.20811088295687888,stress_budget,floor
2022-07-13,0.6627943160247037,0.14579885451771685,0.9610261470152934,0.22631455396248326,0.20811088295687888,0.9610261470152934,0.20811088295687888,stress_budget,floor
2022-07-14,0.43330927903544003,0.14010835523863488,0.9610261470152934,0.3461730621922168,0.20811088295687888,0.9610261470152934,0.20811088295687888,stress_budget,floor
2022-07-15,0.4508022612440172,0.14422186533553943,0.9610261470152934,0.33274012332162123,0.20811088295687888,0.9610261470152934,0.20811088295687888,stress_budget,floor
2022-07-18,0.4373571035944809,0.1617668627328854,0.9610261470152934,0.3429691635672632,0.20811088295687888,0.9610261470152934,0.0,signal_off,floor
2022-07-19,0.36232063910908385,0.15325898690978976,0.9610261470152934,0.4139979449385976,0.20811088295687888,0.9610261470152934,0.0,signal_off,floor
2022-07-20,0.36011033988281427,0.1481970152159944,0.9610261470152934,0.4165389975994925,0.20811088295687888,0.9610261470152934,0.0,signal_off,floor
2022-07-21,0.36048406971889635,0.1426334968670906,0.9610261470152934,0.4161071531315357,0.20811088295687888,0.9610261470152934,0.20811088295687888,stress_budget,floor
2022-07-22,0.3396920575316504,0.1371421923303924,0.9610261470152934,0.44157641214800536,0.20811088295687888,0.9610261470152934,0.20811088295687888,stress_budget,floor
2022-07-25,0.33871625641912667,0.13272986055746477,0.9610261470152934,0.4428485410939071,0.20811088295687888,0.9610261470152934,0.20811088295687888,stress_budget,floor
2022-07-26,0.35627321006203,0.14784824629201945,0.9610261470152934,0.4210252013444508,0.20811088295687888,0.9610261470152934,0.20811088295687888,stress_budget,floor
2022-07-27,0.3565932316207601,0.14507488460225945,0.9610261470152934,0.42064735586323815,0.20811088295687888,0.9610261470152934,0.20811088295687888,stress_budget,floor
2022-07-28,0.36291159006463697,0.14765797900817876,0.9610261470152934,0.4133238069726128,0.20811088295687888,0.9610261470152934,0.20811088295687888,stress_budget,floor
2022-07-29,0.3608967603748057,0.14128736338925024,0.9610261470152934,0.415631328594413,0.20811088295687888,0.9610261470152934,0.20811088295687888,stress_budget,floor
2022-08-01,0.3820055914224063,0.16003978365698115,0.9610261470152934,0.3926644095482259,0.20811088295687888,0.9610261470152934,0.20811088295687888,stress_budget,floor
2022-08-02,0.3840421451070059,0.15668826696847718,0.9610261470152934,0.3905821324849787,0.20811088295687888,0.9610261470152934,0.20811088295687888,stress_budget,floor
2022-08-03,0.4117659182633829,0.15720210284731803,0.9610261470152934,0.3642846417027979,0.20811088295687888,0.9610261470152934,0.20811088295687888,stress_budget,floor
2022-08-04,0.41321053123384077,0.14971486000449158,0.9610261470152934,0.36301107707033053,0.20811088295687888,0.9610261470152934,0.20811088295687888,stress_budget,floor
2022-08-05,0.41638069478836975,0.14444639110122814,0.9610261470152934,0.360247249398148,0.20811088295687888,0.9610261470152934,0.20811088295687888,stress_budget,floor
2022-08-08,0.416539680295973,0.1399093281469925,0.9610261470152934,0.3601097496723895,0.20811088295687888,0.9610261470152934,0.20811088295687888,stress_budget,floor
2022-08-09,0.3964825590107103,0.1377931351859719,0.9610261470152934,0.37832685597640126,0.20811088295687888,0.9610261470152934,0.20811088295687888,stress_budget,floor
2022-08-10,0.4306835013041912,0.14639509723785588,0.9610261470152934,0.3482835993154407,0.20811088295687888,0.9610261470152934,0.20811088295687888,stress_budget,floor
2022-08-11,0.43727224033283785,0.14367722786983037,0.9610261470152934,0.3430357250344196,0.20811088295687888,0.9610261470152934,0.0,signal_off,floor
2022-08-12,0.4347354588354996,0.1380715669222603,0.9610261470152934,0.34503741747175676,0.20811088295687888,0.9610261470152934,0.0,signal_off,floor
2022-08-15,0.4116562932352591,0.13438941643300345,0.9610261470152934,0.36438165154996405,0.20811088295687888,0.9610261470152934,0.20811088295687888,stress_budget,floor
2022-08-16,0.3910407701576047,0.13348910889422505,0.9610261470152934,0.38359171587030205,0.20811088295687888,0.9610261470152934,0.20811088295687888,stress_budget,floor
2022-08-17,0.3911649810273974,0.12959165175219758,0.9610261470152934,0.3834699098217433,0.20811088295687888,0.9610261470152934,0.20811088295687888,stress_budget,floor
2022-08-18,0.38594875152582686,0.1267107647779109,0.9610261470152934,0.38865263692908286,0.20811088295687888,0.9610261470152934,0.20811088295687888,stress_budget,floor
2022-08-19,0.43175263163009964,0.17614061710388543,0.9610261470152934,0.3474211597360018,0.20811088295687888,0.9610261470152934,0.20811088295687888,stress_budget,floor
2022-08-22,0.5024516059413169,0.24469514658113573,0.9610261470152934,0.29853621368964045,0.20811088295687888,0.9610261470152934,0.20811088295687888,stress_budget,floor
2022-08-23,0.5045670634214805,0.22326687443327922,0.9610261470152934,0.2972845650741581,0.20811088295687888,0.9610261470152934,0.20811088295687888,stress_budget,floor
2022-08-24,0.5042895268785704,0.20764520887581253,0.9610261470152934,0.2974481761072127,0.20811088295687888,0.9610261470152934,0.20811088295687888,stress_budget,floor
2022-08-25,0.5008948495058133,0.19332484466059865,0.9610261470152934,0.2994640494866161,0.20811088295687888,0.9610261470152934,0.20811088295687888,stress_budget,floor
2022-08-26,0.5913801466941158,0.3179982100477823,0.9610261470152934,0.2536439561566575,0.20811088295687888,0.9610261470152934,0.20811088295687888,stress_budget,floor
2022-08-29,0.5908030499867014,0.2850417045235468,0.9610261470152934,0.2538917156967561,0.20811088295687888,0.9610261470152934,0.20811088295687888,stress_budget,floor
2022-08-30,0.5836576958601121,0.2621845950352935,0.9610261470152934,0.25699995230757855,0.20811088295687888,0.9610261470152934,0.20811088295687888,stress_budget,floor
2022-08-31,0.5864628231758899,0.23843047665898118,0.9610261470152934,0.2557706883919776,0.20811088295687888,0.9610261470152934,0.20811088295687888,stress_budget,floor
2022-09-01,0.558693242369173,0.21737107558697374,0.9610261470152934,0.2684836483146204,0.20811088295687888,0.9610261470152934,0.20811088295687888,stress_budget,floor
2022-09-02,0.5593369593975027,0.2017203790324538,0.9610261470152934,0.2681746619454121,0.20811088295687888,0.9610261470152934,0.20811088295687888,stress_budget,floor
2022-09-06,0.557922141373727,0.19984389015471538,0.9610261470152934,0.2688547180269043,0.20811088295687888,0.9610261470152934,0.20811088295687888,stress_budget,floor
2022-09-07,0.5970112202769167,0.19437605534276148,0.9610261470152934,0.25125155927626325,0.20811088295687888,0.9610261470152934,0.20811088295687888,stress_budget,floor
2022-09-08,0.5988513355948927,0.18066078926528334,0.9610261470152934,0.2504795281970801,0.20811088295687888,0.9610261470152934,0.20811088295687888,stress_budget,floor
2022-09-09,0.5594111065751582,0.16866959793513958,0.9610261470152934,0.2681391167192479,0.20811088295687888,0.9610261470152934,0.20811088295687888,stress_budget,floor
2022-09-12,0.5591441892413154,0.15858394178274712,0.9610261470152934,0.2682671176526579,0.20811088295687888,0.9610261470152934,0.20811088295687888,stress_budget,floor
2022-09-13,0.6402570369596029,0.28660603343142854,0.9610261470152934,0.23428090804328677,0.20811088295687888,0.9610261470152934,0.20811088295687888,stress_budget,floor
2022-09-14,0.6347647457995735,0.25827889968314044,0.9610261470152934,0.2363080196129266,0.20811088295687888,0.9610261470152934,0.20811088295687888,stress_budget,floor
2022-09-15,0.6357354685880887,0.23417866674109222,0.9610261470152934,0.23594719409495352,0.20811088295687888,0.9610261470152934,0.20811088295687888,stress_budget,floor
2022-09-16,0.6350876315600698,0.2137128811851876,0.9610261470152934,0.23618787793352303,0.20811088295687888,0.9610261470152934,0.20811088295687888,stress_budget,floor
2022-09-19,0.6420156772898661,0.19801598484046767,0.9610261470152934,0.233639154472354,0.20811088295687888,0.9610261470152934,0.20811088295687888,stress_budget,floor
2022-09-20,0.6321321365195071,0.20536559114321298,0.9610261470152934,0.23729215987324057,0.20811088295687888,0.9610261470152934,0.0,signal_off,floor
2022-09-21,0.5974665479200983,0.20768009092213263,0.9610261470152934,0.25106008114124595,0.20811088295687888,0.9610261470152934,0.0,signal_off,floor
2022-09-22,0.5932258831999025,0.1912915360922742,0.9610261470152934,0.25285477968508274,0.20811088295687888,0.9610261470152934,0.0,signal_off,floor
2022-09-23,0.6072794152840996,0.2427187709513932,0.9610261470152934,0.24700326772944622,0.20811088295687888,0.9610261470152934,0.0,signal_off,floor
2022-09-26,0.5985924341163034,0.24265177623781184,0.9610261470152934,0.25058786488246154,0.20811088295687888,0.9610261470152934,0.0,signal_off,floor
2022-09-27,0.5098938023663642,0.2258610507528716,0.9610261470152934,0.2941789041244776,0.20811088295687888,0.9610261470152934,0.0,signal_off,floor
2022-09-28,0.5375483852459652,0.21139188925923266,0.9610261470152934,0.27904464810430923,0.20811088295687888,0.9610261470152934,0.0,signal_off,floor
2022-09-29,0.544218341060432,0.21452844561403905,0.9610261470152934,0.2756246687822369,0.20811088295687888,0.9610261470152934,0.0,signal_off,floor
2022-09-30,0.5364131306962128,0.2059188093111934,0.9610261470152934,0.27963521289144133,0.20811088295687888,0.9610261470152934,0.0,signal_off,floor
2022-10-03,0.5650617855898862,0.19525519571100758,0.9610261470152934,0.26545769653031864,0.20811088295687888,0.9610261470152934,0.0,signal_off,floor
2022-10-04,0.5846655437529997,0.1845825932666464,0.9610261470152934,0.2565569351618395,0.20811088295687888,0.9610261470152934,0.20811088295687888,stress_budget,floor
2022-10-05,0.5798063495281691,0.17352621037343124,0.9610261470152934,0.2587070668026764,0.20811088295687888,0.9610261470152934,0.0,signal_off,floor
2022-10-06,0.5411853391660739,0.1828932216474331,0.9610261470152934,0.27716937090561017,0.20811088295687888,0.9610261470152934,0.0,signal_off,floor
2022-10-07,0.5455946325946099,0.20380150567165442,0.9610261470152934,0.2749293908678417,0.20811088295687888,0.9610261470152934,0.0,signal_off,floor
2022-10-10,0.5436179552078337,0.20169945885795335,0.9610261470152934,0.2759290758574238,0.20811088295687888,0.9610261470152934,0.0,signal_off,floor
2022-10-11,0.5398076063335115,0.1923328785960386,0.9610261470152934,0.2778767809865296,0.20811088295687888,0.9610261470152934,0.0,signal_off,floor
2022-10-12,0.46301206770271136,0.1787409142556375,0.9610261470152934,0.32396563818356305,0.20811088295687888,0.9610261470152934,0.0,signal_off,floor
2022-10-13,0.4767181746689927,0.16886492163439074,0.9610261470152934,0.31465131385886824,0.20811088295687888,0.9610261470152934,0.0,signal_off,floor
2022-10-14,0.4772162088300012,0.169299335937058,0.9610261470152934,0.3143229362803025,0.20811088295687888,0.9610261470152934,0.0,signal_off,floor
2022-10-17,0.4872852183070382,0.16042719411277542,0.9610261470152934,0.3078279298541846,0.20811088295687888,0.9610261470152934,0.20811088295687888,stress_budget,floor
2022-10-18,0.4846081253508313,0.15315638732277762,0.9610261470152934,0.3095284460849841,0.20811088295687888,0.9610261470152934,0.20811088295687888,stress_budget,floor
2022-10-19,0.4754084250216481,0.14827309997406474,0.9610261470152934,0.3155181778555347,0.20811088295687888,0.9610261470152934,0.0,signal_off,floor
2022-10-20,0.47171960220423487,0.14210706622252273,0.9610261470152934,0.3179855136379435,0.20811088295687888,0.9610261470152934,0.0,signal_off,floor
2022-10-21,0.4710800863364801,0.13679782530635845,0.9610261470152934,0.3184171956121681,0.20811088295687888,0.9610261470152934,0.0,signal_off,floor
2022-10-24,0.42894826852810924,0.1333724138865263,0.9610261470152934,0.34969251773578475,0.20811088295687888,0.9610261470152934,0.20811088295687888,stress_budget,floor
2022-10-25,0.429084507557237,0.13457328312506048,0.9610261470152934,0.3495814865326756,0.20811088295687888,0.9610261470152934,0.20811088295687888,stress_budget,floor
2022-10-26,0.42891513381086016,0.1320694146911786,0.9610261470152934,0.34971953231695924,0.20811088295687888,0.9610261470152934,0.20811088295687888,stress_budget,floor
2022-10-27,0.40977878302613713,0.12951663752048043,0.9610261470152934,0.3660511627573272,0.20811088295687888,0.9610261470152934,0.20811088295687888,stress_budget,floor
2022-10-28,0.39280606116415506,0.1279456444653974,0.9610261470152934,0.38186783461397367,0.20811088295687888,0.9610261470152934,0.20811088295687888,stress_budget,floor
2022-10-31,0.3818571374666009,0.1258026778227852,0.9610261470152934,0.39281706502898545,0.20811088295687888,0.9610261470152934,0.20811088295687888,stress_budget,floor
2022-11-01,0.35842781908660937,0.12364870166381818,0.9610261470152934,0.418494302094767,0.20811088295687888,0.9610261470152934,0.20811088295687888,stress_budget,floor
2022-11-02,0.3610153408853995,0.14521999614043737,0.9610261470152934,0.4154948087029241,0.20811088295687888,0.9610261470152934,0.20811088295687888,stress_budget,floor
2022-11-03,0.36678252795158556,0.1411349040359874,0.9610261470152934,0.40896168320155,0.20811088295687888,0.9610261470152934,0.20811088295687888,stress_budget,floor
2022-11-04,0.343956930722991,0.13589057494223286,0.9610261470152934,0.43610111209186225,0.20811088295687888,0.9610261470152934,0.20811088295687888,stress_budget,floor
2022-11-07,0.2976205825951945,0.1319529387264123,0.9610261470152934,0.5039974006234001,0.20811088295687888,0.9610261470152934,0.0,signal_off,floor
2022-11-08,0.3051929293120973,0.1524536920897979,0.9610261470152934,0.4914923826646277,0.20811088295687888,0.9610261470152934,0.0,signal_off,floor
2022-11-09,0.32414064956186495,0.16769844721796578,0.9610261470152934,0.46276207628618093,0.20811088295687888,0.9610261470152934,0.0,signal_off,floor
2022-11-10,0.3628353229677029,0.16762533145450192,0.9610261470152934,0.4134106866253261,0.20811088295687888,0.9610261470152934,0.20811088295687888,stress_budget,floor
2022-11-11,0.3581673735644152,0.15795703210200285,0.9610261470152934,0.41879861503639443,0.20811088295687888,0.9610261470152934,0.0,signal_off,floor
2022-11-14,0.3427474984745098,0.14968657966821852,0.9610261470152934,0.43763995555799956,0.20811088295687888,0.9610261470152934,0.0,signal_off,floor
2022-11-15,0.35069346823373176,0.14923252272649495,0.9610261470152934,0.42772396291118636,0.20811088295687888,0.9610261470152934,0.0,signal_off,floor
2022-11-16,0.35301155896018954,0.14466267908314617,0.9610261470152934,0.42491526464977897,0.20811088295687888,0.9610261470152934,0.0,signal_off,floor
2022-11-17,0.34725664982669113,0.1389471444285923,0.9610261470152934,0.43195717079820356,0.20811088295687888,0.9610261470152934,0.20811088295687888,stress_budget,floor
2022-11-18,0.3470032997570358,0.13417735584046397,0.9610261470152934,0.4322725464139008,0.20811088295687888,0.9610261470152934,0.20811088295687888,stress_budget,floor
2022-11-21,0.34992929975924536,0.13260180635071048,0.9610261470152934,0.4286580177858825,0.20811088295687888,0.9610261470152934,0.0,signal_off,floor
2022-11-22,0.3580051010831282,0.13293403439096774,0.9610261470152934,0.4189884433103936,0.20811088295687888,0.9610261470152934,0.20811088295687888,stress_budget,floor
2022-11-23,0.3474710027507295,0.13063691121613072,0.9610261470152934,0.43169069882820627,0.20811088295687888,0.9610261470152934,0.20811088295687888,stress_budget,floor
2022-11-25,0.3494058563366003,0.12884784814332964,0.9610261470152934,0.42930018853346696,0.20811088295687888,0.9610261470152934,0.20811088295687888,stress_budget,floor
2022-11-28,0.3836822244100771,0.16081454869582876,0.9610261470152934,0.3909485257771049,0.20811088295687888,0.9610261470152934,0.20811088295687888,stress_budget,floor
2022-11-29,0.38081983282266985,0.15258048319209172,0.9610261470152934,0.3938870486029756,0.20811088295687888,0.9610261470152934,0.20811088295687888,stress_budget,floor
2022-11-30,0.39326331422216954,0.1494456275908977,0.9610261470152934,0.38142383124823903,0.20811088295687888,0.9610261470152934,0.20811088295687888,stress_budget,floor
2022-12-01,0.395168182002324,0.14367965382999662,0.9610261470152934,0.37958521670430906,0.20811088295687888,0.9610261470152934,0.20811088295687888,stress_budget,floor
2022-12-02,0.37206219841522986,0.13877333084671228,0.9610261470152934,0.4031583983509031,0.20811088295687888,0.9610261470152934,0.20811088295687888,stress_budget,floor
2022-12-05,0.38213481261528415,0.1455225828567527,0.9610261470152934,0.39253162770860434,0.20811088295687888,0.9610261470152934,0.0,signal_off,floor
2022-12-06,0.4011121336531335,0.15811848265735032,0.9610261470152934,0.3739602655094804,0.20811088295687888,0.9610261470152934,0.0,signal_off,floor
2022-12-07,0.40755341472189577,0.15698171299072303,0.9610261470152934,0.36804991586773045,0.20811088295687888,0.9610261470152934,0.20811088295687888,stress_budget,floor
2022-12-08,0.3892703058502584,0.1499229040906812,0.9610261470152934,0.38533635303202624,0.20811088295687888,0.9610261470152934,0.20811088295687888,stress_budget,floor
2022-12-09,0.38011063249042387,0.15639553720507246,0.9610261470152934,0.39462195260686095,0.20811088295687888,0.9610261470152934,0.20811088295687888,stress_budget,floor
2022-12-12,0.33832840482941323,0.14835986790201613,0.9610261470152934,0.4433562120674754,0.20811088295687888,0.9610261470152934,0.20811088295687888,stress_budget,floor
2022-12-13,0.36423456514205205,0.14845330101032794,0.9610261470152934,0.4118225296424016,0.20811088295687888,0.9610261470152934,0.20811088295687888,stress_budget,floor
2022-12-14,0.37554877684201093,0.14565294443516658,0.9610261470152934,0.39941549340501054,0.20811088295687888,0.9610261470152934,0.20811088295687888,stress_budget,floor
2022-12-15,0.44708426202078333,0.21975738672870995,0.9610261470152934,0.3355072247947458,0.20811088295687888,0.9610261470152934,0.0,signal_off,floor
2022-12-16,0.44166101546348535,0.20204183855051366,0.9610261470152934,0.3396269870968527,0.20811088295687888,0.9610261470152934,0.20811088295687888,stress_budget,floor
2022-12-19,0.44710380814627926,0.18816932017385524,0.9610261470152934,0.33549255735912764,0.20811088295687888,0.9610261470152934,0.0,signal_off,floor
2022-12-20,0.44686072031965723,0.17487068096119487,0.9610261470152934,0.33567506200298614,0.20811088295687888,0.9610261470152934,0.0,signal_off,floor
2022-12-21,0.45525580417873385,0.1681071498088645,0.9610261470152934,0.3294850908503955,0.20811088295687888,0.9610261470152934,0.20811088295687888,stress_budget,floor
2022-12-22,0.48606109557934557,0.2129972526879622,0.9610261470152934,0.3086031804730475,0.20811088295687888,0.9610261470152934,0.0,signal_off,floor
2022-12-23,0.48736649282657696,0.19720152421533346,0.9610261470152934,0.3077765956581171,0.20811088295687888,0.9610261470152934,0.0,signal_off,floor
2022-12-27,0.48689754513781675,0.18250685215368398,0.9610261470152934,0.308073025830398,0.20811088295687888,0.9610261470152934,0.20811088295687888,stress_budget,floor
2022-12-28,0.46553523966836485,0.17067537931486884,0.9610261470152934,0.32220976462889483,0.20811088295687888,0.9610261470152934,0.20811088295687888,stress_budget,floor
2022-12-29,0.46494072291163624,0.16059358252016476,0.9610261470152934,0.3226217722135475,0.20811088295687888,0.9610261470152934,0.20811088295687888,stress_budget,floor
2022-12-30,0.4496998654595179,0.1518288220528614,0.9610261470152934,0.3335558035951937,0.20811088295687888,0.9610261470152934,0.20811088295687888,stress_budget,floor
2023-01-03,0.44609695451756926,0.14472610400005384,0.9610261470152934,0.33624977368925824,0.20811088295687888,0.9610261470152934,0.20811088295687888,stress_budget,floor
2023-01-04,0.45247121627944503,0.1413401704105554,0.9610261470152934,0.3315128003796829,0.20811088295687888,0.9610261470152934,0.20811088295687888,stress_budget,floor
2023-01-05,0.44713392230836374,0.1390322684953001,0.9610261470152934,0.33546996216617453,0.20811088295687888,0.9610261470152934,0.0,signal_off,floor
2023-01-06,0.43857316461511725,0.13568316666625843,0.9610261470152934,0.34201819012715223,0.20811088295687888,0.9610261470152934,0.20811088295687888,stress_budget,floor
2023-01-09,0.4335283291718548,0.13263579157763924,0.9610261470152934,0.3459981503089699,0.20811088295687888,0.9610261470152934,0.0,signal_off,floor
2023-01-10,0.4493437967295774,0.13527214024270912,0.9610261470152934,0.33382011967614295,0.20811088295687888,0.9610261470152934,0.0,signal_off,floor
2023-01-11,0.4396250941824173,0.13300524987142426,0.9610261470152934,0.3411998131702629,0.20811088295687888,0.9610261470152934,0.20811088295687888,stress_budget,floor
2023-01-12,0.4651733252458746,0.13898452260104904,0.9610261470152934,0.3224604504583644,0.20811088295687888,0.9610261470152934,0.20811088295687888,stress_budget,floor
2023-01-13,0.4507184879518293,0.1357340182706265,0.9610261470152934,0.3328019684340779,0.20811088295687888,0.9610261470152934,0.0,signal_off,floor
2023-01-17,0.44470966467559814,0.13472151547458644,0.9610261470152934,0.33729871850080057,0.20811088295687888,0.9610261470152934,0.0,signal_off,floor
2023-01-18,0.39522324205676646,0.16185455999466167,0.9610261470152934,0.37953233524271146,0.20811088295687888,0.9610261470152934,0.20811088295687888,stress_budget,floor
2023-01-19,0.3950996072120025,0.15346586794479383,0.9610261470152934,0.379651098765869,0.20811088295687888,0.9610261470152934,0.20811088295687888,stress_budget,floor
2023-01-20,0.39758691086471776,0.1486457222463225,0.9610261470152934,0.37727600155086277,0.20811088295687888,0.9610261470152934,0.20811088295687888,stress_budget,floor
2023-01-23,0.39788884473689695,0.14247415536761884,0.9610261470152934,0.3769897095234905,0.20811088295687888,0.9610261470152934,0.20811088295687888,stress_budget,floor
2023-01-24,0.3980697594483222,0.14195250515408384,0.9610261470152934,0.3768183752714156,0.20811088295687888,0.9610261470152934,0.20811088295687888,stress_budget,floor
2023-01-25,0.3312164735808094,0.13674766305411457,0.9610261470152934,0.4528760250911957,0.20811088295687888,0.9610261470152934,0.20811088295687888,stress_budget,floor
2023-01-26,0.32779209687474925,0.13262311360513523,0.9610261470152934,0.4576071279025242,0.20811088295687888,0.9610261470152934,0.0,signal_off,floor
2023-01-27,0.3283386159855272,0.12975706806164092,0.9610261470152934,0.4568454415566271,0.20811088295687888,0.9610261470152934,0.0,signal_off,floor
2023-01-30,0.35623971440233193,0.15133058920592463,0.9610261470152934,0.4210647884996679,0.20811088295687888,0.9610261470152934,0.0,signal_off,floor
2023-01-31,0.35884886074469613,0.14565843135943948,0.9610261470152934,0.4180032777273267,0.20811088295687888,0.9610261470152934,0.0,signal_off,floor
2023-02-01,0.3654208194321165,0.1429005075104795,0.9610261470152934,0.41048564291741235,0.20811088295687888,0.9610261470152934,0.20811088295687888,stress_budget,floor
2023-02-02,0.38579283278203075,0.152626734878997,0.9610261470152934,0.3888097114669534,0.20811088295687888,0.9610261470152934,0.0,signal_off,floor
2023-02-03,0.384007096204827,0.14721310393043688,0.9610261470152934,0.39061778150055576,0.20811088295687888,0.9610261470152934,0.0,signal_off,floor
2023-02-06,0.3968332282761615,0.15690711898423712,0.9610261470152934,0.37799254022048023,0.20811088295687888,0.9610261470152934,0.0,signal_off,floor
2023-02-07,0.4022476121020538,0.1518863557424856,0.9610261470152934,0.37290463755927444,0.20811088295687888,0.9610261470152934,0.0,signal_off,floor
2023-02-08,0.4343917156663011,0.1811332115530839,0.9610261470152934,0.345310452732551,0.20811088295687888,0.9610261470152934,0.0,signal_off,floor
2023-02-09,0.4331187960269552,0.19051338429328757,0.9610261470152934,0.3463253069965237,0.20811088295687888,0.9610261470152934,0.0,signal_off,floor
2023-02-10,0.4347221150015702,0.18046119403202754,0.9610261470152934,0.3450480084259302,0.20811088295687888,0.9610261470152934,0.20811088295687888,stress_budget,floor
2023-02-13,0.41690713589186845,0.17243824745705538,0.9610261470152934,0.3597923544271137,0.20811088295687888,0.9610261470152934,0.20811088295687888,stress_budget,floor
2023-02-14,0.43100939377520786,0.16644324342947367,0.9610261470152934,0.34802025702073724,0.20811088295687888,0.9610261470152934,0.20811088295687888,stress_budget,floor
2023-02-15,0.43179233281800894,0.15754263819124564,0.9610261470152934,0.34738921606378254,0.20811088295687888,0.9610261470152934,0.20811088295687888,stress_budget,floor
2023-02-16,0.4581152945282727,0.2085666666181839,0.9610261470152934,0.32742849189188705,0.20811088295687888,0.9610261470152934,0.20811088295687888,stress_budget,floor
2023-02-17,0.45836869848125383,0.19283364924194926,0.9610261470152934,0.32724747675180665,0.20811088295687888,0.9610261470152934,0.20811088295687888,stress_budget,floor
2023-02-21,0.5220750699367296,0.27055685046526784,0.9610261470152934,0.28731500245391633,0.20811088295687888,0.9610261470152934,0.20811088295687888,stress_budget,floor
2023-02-22,0.53001394773086,0.24635727122577275,0.9610261470152934,0.2830114200620428,0.20811088295687888,0.9610261470152934,0.20811088295687888,stress_budget,floor
2023-02-23,0.5266318493175836,0.2268745368871282,0.9610261470152934,0.28482895630860905,0.20811088295687888,0.9610261470152934,0.20811088295687888,stress_budget,floor
2023-02-24,0.5409659412356811,0.2323747258807991,0.9610261470152934,0.2772817816540689,0.20811088295687888,0.9610261470152934,0.0,signal_off,floor
2023-02-27,0.5546623717532542,0.21520600931820524,0.9610261470152934,0.2704347863473397,0.20811088295687888,0.9610261470152934,0.20811088295687888,stress_budget,floor
2023-02-28,0.558289560640438,0.1990837949685527,0.9610261470152934,0.26867778044770985,0.20811088295687888,0.9610261470152934,0.0,signal_off,floor
2023-03-01,0.5500512194551687,0.18845931925725262,0.9610261470152934,0.2727018770153378,0.20811088295687888,0.9610261470152934,0.20811088295687888,stress_budget,floor
2023-03-02,0.5608021305474021,0.17917859895907742,0.9610261470152934,0.26747401949700894,0.20811088295687888,0.9610261470152934,0.20811088295687888,stress_budget,floor
2023-03-03,0.5592166947818161,0.169859859296318,0.9610261470152934,0.26823233533563223,0.20811088295687888,0.9610261470152934,0.20811088295687888,stress_budget,floor
2023-03-06,0.5548265377410201,0.16011580759584534,0.9610261470152934,0.2703547681960672,0.20811088295687888,0.9610261470152934,0.20811088295687888,stress_budget,floor
2023-03-07,0.5614771944443898,0.16622280366887657,0.9610261470152934,0.26715243554715096,0.20811088295687888,0.9610261470152934,0.20811088295687888,stress_budget,floor
2023-03-08,0.5567416701948918,0.15745489188055709,0.9610261470152934,0.26942477639134016,0.20811088295687888,0.9610261470152934,0.20811088295687888,stress_budget,floor
2023-03-09,0.6663559694494692,0.3240217182811908,0.9610261470152934,0.22510490920330042,0.20811088295687888,0.9610261470152934,0.20811088295687888,stress_budget,floor
2023-03-10,0.7469076657981332,0.41956437876802966,0.9610261470152934,0.20082803654145454,0.20811088295687888,0.9610261470152934,0.0,signal_off,floor
2023-03-13,0.7487810421710496,0.3878697985752099,0.9610261470152934,0.20032558458622726,0.20811088295687888,0.9610261470152934,0.0,signal_off,floor
2023-03-14,0.7879502951758547,0.35248160106751764,0.9610261470152934,0.19036733778559345,0.20811088295687888,0.9610261470152934,0.19036733778559345,vol_target,floor
2023-03-15,0.8197919071852179,0.3966355997627355,0.9610261470152934,0.18297326270886213,0.20811088295687888,0.9610261470152934,0.0,signal_off,floor
2023-03-16,0.8781915245999153,0.36923889183780684,0.9610261470152934,0.17080556552665055,0.20811088295687888,0.9610261470152934,0.17080556552665055,vol_target,floor
2023-03-17,0.9432526791867787,0.4592977165311805,0.9610261470152934,0.15902419713169738,0.20811088295687888,0.9610261470152934,0.0,signal_off,floor
2023-03-20,0.9521485787978946,0.40898770885644614,0.9610261470152934,0.15753843815991175,0.20811088295687888,0.9610261470152934,0.15753843815991175,vol_target,floor
2023-03-21,1.008470341638992,0.37759323485672025,0.9610261470152934,0.14874012036508297,0.20811088295687888,0.9610261470152934,0.14874012036508297,vol_target,floor
2023-03-22,0.9803711674240124,0.35009388190551827,0.9610261470152934,0.15300327568193844,0.20811088295687888,0.9610261470152934,0.15300327568193844,vol_target,floor
2023-03-23,0.9788933880652931,0.32635086142825726,0.9610261470152934,0.15323425597598872,0.20811088295687888,0.9610261470152934,0.15323425597598872,vol_target,floor
2023-03-24,0.9811238596100422,0.29516850566605773,0.9610261470152934,0.15288589562954777,0.20811088295687888,0.9610261470152934,0.15288589562954777,vol_target,floor
2023-03-27,0.985086744434629,0.26899976262412345,0.9610261470152934,0.15227085416329456,0.20811088295687888,0.9610261470152934,0.15227085416329456,vol_target,floor
2023-03-28,0.9804791023327248,0.24439916363173864,0.9610261470152934,0.1529864324931809,0.20811088295687888,0.9610261470152934,0.0,signal_off,floor
2023-03-29,0.9834052191702686,0.22480160271549016,0.9610261470152934,0.1525312222021355,0.20811088295687888,0.9610261470152934,0.1525312222021355,vol_target,floor
2023-03-30,0.9824681260350107,0.20576438250053394,0.9610261470152934,0.15267670881635775,0.20811088295687888,0.9610261470152934,0.0,signal_off,floor
2023-03-31,0.972785974048937,0.18967269781981683,0.9610261470152934,0.1541963021687791,0.20811088295687888,0.9610261470152934,0.1541963021687791,vol_target,floor
2023-04-03,0.9713033553403954,0.17793191202272848,0.9610261470152934,0.15443167078057932,0.20811088295687888,0.9610261470152934,0.15443167078057932,vol_target,floor
2023-04-04,0.9710900303181814,0.17626651388031148,0.9610261470152934,0.1544655956882308,0.20811088295687888,0.9610261470152934,0.1544655956882308,vol_target,floor
2023-04-05,0.9688117757746034,0.1649746362370874,0.9610261470152934,0.15482883646833157,0.20811088295687888,0.9610261470152934,0.15482883646833157,vol_target,floor
2023-04-06,0.9685404134991823,0.15630719387551006,0.9610261470152934,0.15487221587179195,0.20811088295687888,0.9610261470152934,0.15487221587179195,vol_target,floor
2023-04-10,0.8883978109961004,0.14854068216262897,0.9610261470152934,0.16884327960220336,0.20811088295687888,0.9610261470152934,0.16884327960220336,vol_target,floor
2023-04-11,0.7927765278122131,0.14200457523205393,0.9610261470152934,0.18920842726505502,0.20811088295687888,0.9610261470152934,0.18920842726505502,vol_target,floor
2023-04-12,0.7779533556947983,0.1379476983652027,0.9610261470152934,0.1928136165259335,0.20811088295687888,0.9610261470152934,0.1928136165259335,vol_target,floor
2023-04-13,0.7592596954328626,0.1375023267681784,0.9610261470152934,0.1975608621164637,0.20811088295687888,0.9610261470152934,0.1975608621164637,vol_target,floor
2023-04-14,0.6800922089524388,0.13366168518924157,0.9610261470152934,0.22055832727601501,0.20811088295687888,0.9610261470152934,0.20811088295687888,stress_budget,floor
2023-04-17,0.6199142613692267,0.13227574489792682,0.9610261470152934,0.24196894530009627,0.20811088295687888,0.9610261470152934,0.20811088295687888,stress_budget,floor
2023-04-18,0.43544152934461045,0.12862981036693175,0.9610261470152934,0.3444779376596606,0.20811088295687888,0.9610261470152934,0.20811088295687888,stress_budget,floor
2023-04-19,0.4235710681014856,0.12558420980060422,0.9610261470152934,0.3541318359450856,0.20811088295687888,0.9610261470152934,0.20811088295687888,stress_budget,floor
2023-04-20,0.3484567545485597,0.1381492912997321,0.9610261470152934,0.4304694859318519,0.20811088295687888,0.9610261470152934,0.20811088295687888,stress_budget,floor
2023-04-21,0.31587421417834477,0.13452810154668918,0.9610261470152934,0.4748725703684979,0.20811088295687888,0.9610261470152934,0.20811088295687888,stress_budget,floor
2023-04-24,0.277226958372455,0.13038022561821502,0.9610261470152934,0.5410729204714453,0.20811088295687888,0.9610261470152934,0.20811088295687888,stress_budget,floor
2023-04-25,0.41969252242474125,0.2513550163680676,0.9610261470152934,0.3574045092187646,0.20811088295687888,0.9610261470152934,0.20811088295687888,stress_budget,floor
2023-04-26,0.4085325765112612,0.22976274974855462,0.9610261470152934,0.3671677820186397,0.20811088295687888,0.9610261470152934,0.20811088295687888,stress_budget,floor
2023-04-27,0.42304691618793494,0.21444135230330824,0.9610261470152934,0.35457060259804324,0.20811088295687888,0.9610261470152934,0.20811088295687888,stress_budget,floor
2023-04-28,0.4304632101884854,0.20142693407100296,0.9610261470152934,0.34846183471595643,0.20811088295687888,0.9610261470152934,0.20811088295687888,stress_budget,floor
2023-05-01,0.4314256889526155,0.1867625415018296,0.9610261470152934,0.34768444216699124,0.20811088295687888,0.9610261470152934,0.20811088295687888,stress_budget,floor
2023-05-02,0.47523391391672803,0.21853490486488544,0.9610261470152934,0.3156340395906245,0.20811088295687888,0.9610261470152934,0.20811088295687888,stress_budget,floor
2023-05-03,0.4838868346739409,0.2161744036054769,0.9610261470152934,0.30998983491889176,0.20811088295687888,0.9610261470152934,0.20811088295687888,stress_budget,floor
2023-05-04,0.5133821912582297,0.2424401907786406,0.9610261470152934,0.2921799831668692,0.20811088295687888,0.9610261470152934,0.20811088295687888,stress_budget,floor
2023-05-05,0.5743155639380555,0.2360866493536968,0.9610261470152934,0.2611804544725497,0.20811088295687888,0.9610261470152934,0.20811088295687888,stress_budget,floor
2023-05-08,0.5741365844410301,0.2159294151468531,0.9610261470152934,0.26126187402957,0.20811088295687888,0.9610261470152934,0.20811088295687888,stress_budget,floor
2023-05-09,0.5801869304256008,0.20657913330582556,0.9610261470152934,0.25853736465584687,0.20811088295687888,0.9610261470152934,0.20811088295687888,stress_budget,floor
2023-05-10,0.5856299686992561,0.19222926023699413,0.9610261470152934,0.2561344330331409,0.20811088295687888,0.9610261470152934,0.20811088295687888,stress_budget,floor
2023-05-11,0.5847620663784062,0.17851457360287368,0.9610261470152934,0.25651458708495173,0.20811088295687888,0.9610261470152934,0.20811088295687888,stress_budget,floor
2023-05-12,0.5749511968111016,0.16699468284640615,0.9610261470152934,0.2608917084301366,0.20811088295687888,0.9610261470152934,0.20811088295687888,stress_budget,floor
2023-05-15,0.5777989470189129,0.1589103339526432,0.9610261470152934,0.2596058728973248,0.20811088295687888,0.9610261470152934,0.20811088295687888,stress_budget,floor
2023-05-16,0.5822244604531249,0.17037988103031265,0.9610261470152934,0.25763259737191435,0.20811088295687888,0.9610261470152934,0.20811088295687888,stress_budget,floor
2023-05-17,0.5913815129753126,0.16295915632918453,0.9610261470152934,0.25364337015766975,0.20811088295687888,0.9610261470152934,0.20811088295687888,stress_budget,floor
2023-05-18,0.6061568202204842,0.1591801770629209,0.9610261470152934,0.2474607147791207,0.20811088295687888,0.9610261470152934,0.20811088295687888,stress_budget,floor
2023-05-19,0.6084167052434849,0.16757645766148055,0.9610261470152934,0.24654155401596156,0.20811088295687888,0.9610261470152934,0.20811088295687888,stress_budget,floor
2023-05-22,0.6060529625638413,0.15786444817803494,0.9610261470152934,0.2475031214523583,0.20811088295687888,0.9610261470152934,0.20811088295687888,stress_budget,floor
2023-05-23,0.6103866515360734,0.1579321116274685,0.9610261470152934,0.24574587210011276,0.20811088295687888,0.9610261470152934,0.20811088295687888,stress_budget,floor
2023-05-24,0.552399450832239,0.1886028007268967,0.9610261470152934,0.27154263056201744,0.20811088295687888,0.9610261470152934,0.20811088295687888,stress_budget,floor
2023-05-25,0.5516381906333276,0.17677499980698896,0.9610261470152934,0.27191735914402015,0.20811088295687888,0.9610261470152934,0.20811088295687888,stress_budget,floor
2023-05-26,0.54910923034867,0.16984495485093284,0.9610261470152934,0.27316969322251955,0.20811088295687888,0.9610261470152934,0.20811088295687888,stress_budget,floor
2023-05-30,0.5391537359813506,0.16154930510060028,0.9610261470152934,0.27821378206157604,0.20811088295687888,0.9610261470152934,0.20811088295687888,stress_budget,floor
2023-05-31,0.5367350800986224,0.1526930233222246,0.9610261470152934,0.2794674795104472,0.20811088295687888,0.9610261470152934,0.20811088295687888,stress_budget,floor
2023-06-01,0.532794934719628,0.15631347386118974,0.9610261470152934,0.28153420805123514,0.20811088295687888,0.9610261470152934,0.20811088295687888,stress_budget,floor
2023-06-02,0.5249814136363644,0.15279877520462884,0.9610261470152934,0.2857244011002255,0.20811088295687888,0.9610261470152934,0.0,signal_off,floor
2023-06-05,0.4756005068750577,0.14707603574160366,0.9610261470152934,0.3153907488147519,0.20811088295687888,0.9610261470152934,0.0,signal_off,floor
2023-06-06,0.4486260328069857,0.15239298990600414,0.9610261470152934,0.33435420379301783,0.20811088295687888,0.9610261470152934,0.20811088295687888,stress_budget,floor
2023-06-07,0.4533336543083792,0.14644952333689784,0.9610261470152934,0.33088211866565465,0.20811088295687888,0.9610261470152934,0.20811088295687888,stress_budget,floor
2023-06-08,0.43972792574593317,0.14229063498460215,0.9610261470152934,0.3411200226720813,0.20811088295687888,0.9610261470152934,0.20811088295687888,stress_budget,floor
2023-06-09,0.44404479984595135,0.13915325556164598,0.9610261470152934,0.3378037532520102,0.20811088295687888,0.9610261470152934,0.20811088295687888,stress_budget,floor
2023-06-12,0.4481324309402483,0.13520529610993848,0.9610261470152934,0.3347224830063688,0.20811088295687888,0.9610261470152934,0.20811088295687888,stress_budget,floor
2023-06-13,0.4470128482568848,0.13092381963231803,0.9610261470152934,0.33556082467186604,0.20811088295687888,0.9610261470152934,0.20811088295687888,stress_budget,floor
2023-06-14,0.4494172089066904,0.13071266500223425,0.9610261470152934,0.33376559025167085,0.20811088295687888,0.9610261470152934,0.20811088295687888,stress_budget,floor
2023-06-15,0.44907253203167996,0.14927951437518625,0.9610261470152934,0.334021765529445,0.20811088295687888,0.9610261470152934,0.20811088295687888,stress_budget,floor
2023-06-16,0.45190169212045667,0.14688919804170897,0.9610261470152934,0.3319306004280611,0.20811088295687888,0.9610261470152934,0.20811088295687888,stress_budget,floor
2023-06-20,0.4428337803232721,0.14098224328929937,0.9610261470152934,0.33872754668918625,0.20811088295687888,0.9610261470152934,0.20811088295687888,stress_budget,floor
2023-06-21,0.4221642679379386,0.1369450524068189,0.9610261470152934,0.35531192806220907,0.20811088295687888,0.9610261470152934,0.0,signal_off,floor
2023-06-22,0.42028783083074966,0.1341269302133715,0.9610261470152934,0.3568982706530115,0.20811088295687888,0.9610261470152934,0.0,signal_off,floor
2023-06-23,0.4150717899695266,0.1347204109477927,0.9610261470152934,0.3613832682076818,0.20811088295687888,0.9610261470152934,0.20811088295687888,stress_budget,floor
2023-06-26,0.3636761229357895,0.13066246358267708,0.9610261470152934,0.41245490297553555,0.20811088295687888,0.9610261470152934,0.0,signal_off,floor
2023-06-27,0.36425056049852006,0.12958620669544282,0.9610261470152934,0.41180444525523097,0.20811088295687888,0.9610261470152934,0.20811088295687888,stress_budget,floor
2023-06-28,0.36124352948714755,0.13068344390817468,0.9610261470152934,0.41523235091007143,0.20811088295687888,0.9610261470152934,0.20811088295687888,stress_budget,floor
2023-06-29,0.38273554339882854,0.14094600009999875,0.9610261470152934,0.39191552127076135,0.20811088295687888,0.9610261470152934,0.20811088295687888,stress_budget,floor
2023-06-30,0.3820929307209011,0.13671293509591773,0.9610261470152934,0.39257465380736695,0.20811088295687888,0.9610261470152934,0.20811088295687888,stress_budget,floor
2023-07-03,0.35160100161881364,0.13218842045254273,0.9610261470152934,0.4266199450780339,0.20811088295687888,0.9610261470152934,0.20811088295687888,stress_budget,floor
2023-07-05,0.353158388473348,0.13708401696787217,0.9610261470152934,0.4247386014202523,0.20811088295687888,0.9610261470152934,0.20811088295687888,stress_budget,floor
2023-07-06,0.40888020260168617,0.19068841319526855,0.9610261470152934,0.3668556194346334,0.20811088295687888,0.9610261470152934,0.20811088295687888,stress_budget,floor
2023-07-07,0.3685469938608145,0.17809647131867415,0.9610261470152934,0.4070037267937912,0.20811088295687888,0.9610261470152934,0.20811088295687888,stress_budget,floor
2023-07-10,0.3667367075885265,0.16647513264759684,0.9610261470152934,0.4090127791851639,0.20811088295687888,0.9610261470152934,0.20811088295687888,stress_budget,floor
2023-07-11,0.3591099942113297,0.15687233589280863,0.9610261470152934,0.4176993189215662,0.20811088295687888,0.9610261470152934,0.20811088295687888,stress_budget,floor
2023-07-12,0.3987696609488322,0.15955037211188172,0.9610261470152934,0.3761570016211617,0.20811088295687888,0.9610261470152934,0.20811088295687888,stress_budget,floor
2023-07-13,0.40014465403214816,0.15309430622706321,0.9610261470152934,0.37486443586960627,0.20811088295687888,0.9610261470152934,0.0,signal_off,floor
2023-07-14,0.40029945202144485,0.14606861644169636,0.9610261470152934,0.3747194737402843,0.20811088295687888,0.9610261470152934,0.20811088295687888,stress_budget,floor
2023-07-17,0.3921521784451929,0.1398863517249435,0.9610261470152934,0.38250456900359653,0.20811088295687888,0.9610261470152934,0.20811088295687888,stress_budget,floor
2023-07-18,0.371312082768972,0.135260430425525,0.9610261470152934,0.403972849149994,0.20811088295687888,0.9610261470152934,0.20811088295687888,stress_budget,floor
2023-07-19,0.3726534993974465,0.14679188079100058,0.9610261470152934,0.4025186942898404,0.20811088295687888,0.9610261470152934,0.20811088295687888,stress_budget,floor
2023-07-20,0.37169566968789564,0.14042107547852012,0.9610261470152934,0.40355595244343734,0.20811088295687888,0.9610261470152934,0.20811088295687888,stress_budget,floor
2023-07-21,0.36920796173711423,0.13575889029102414,0.9610261470152934,0.40627509573264275,0.20811088295687888,0.9610261470152934,0.20811088295687888,stress_budget,floor
2023-07-24,0.3653051151203126,0.13206782749666174,0.9610261470152934,0.4106156574090066,0.20811088295687888,0.9610261470152934,0.20811088295687888,stress_budget,floor
2023-07-25,0.3607555760073826,0.12847958867729448,0.9610261470152934,0.41579398899417247,0.20811088295687888,0.9610261470152934,0.20811088295687888,stress_budget,floor
2023-07-26,0.36767925378414557,0.12803756317775403,0.9610261470152934,0.40796427444900357,0.20811088295687888,0.9610261470152934,0.20811088295687888,stress_budget,floor
2023-07-27,0.406250089817658,0.17755839959750258,0.9610261470152934,0.36923068759769695,0.20811088295687888,0.9610261470152934,0.20811088295687888,stress_budget,floor
2023-07-28,0.40876342077494066,0.17004728419221174,0.9610261470152934,0.36696042839554344,0.20811088295687888,0.9610261470152934,0.20811088295687888,stress_budget,floor
2023-07-31,0.39857243058028535,0.15986693270058983,0.9610261470152934,0.37634313989458223,0.20811088295687888,0.9610261470152934,0.0,signal_off,floor
2023-08-01,0.4004451602845855,0.15706189584444188,0.9610261470152934,0.37458312617238043,0.20811088295687888,0.9610261470152934,0.20811088295687888,stress_budget,floor
2023-08-02,0.5134801291174624,0.2791874845267266,0.9610261470152934,0.2921242546577423,0.20811088295687888,0.9610261470152934,0.20811088295687888,stress_budget,floor
2023-08-03,0.5103922459739227,0.2519632703109848,0.9610261470152934,0.29389161215365306,0.20811088295687888,0.9610261470152934,0.20811088295687888,stress_budget,floor
2023-08-04,0.4913706058426521,0.24936440803098622,0.9610261470152934,0.30526856555199267,0.20811088295687888,0.9610261470152934,0.20811088295687888,stress_budget,floor
2023-08-07,0.5161977673009812,0.23277623329701122,0.9610261470152934,0.2905863014175708,0.20811088295687888,0.9610261470152934,0.20811088295687888,stress_budget,floor
2023-08-08,0.5200507483290943,0.21872565352912718,0.9610261470152934,0.2884333893989096,0.20811088295687888,0.9610261470152934,0.20811088295687888,stress_budget,floor
2023-08-09,0.5197907043932667,0.2007018932144865,0.9610261470152934,0.28857768854310256,0.20811088295687888,0.9610261470152934,0.20811088295687888,stress_budget,floor
2023-08-10,0.4785702822292083,0.18569046028813405,0.9610261470152934,0.31343358660151494,0.20811088295687888,0.9610261470152934,0.20811088295687888,stress_budget,floor
2023-08-11,0.4965166102092743,0.17669325141989572,0.9610261470152934,0.3021046968333592,0.20811088295687888,0.9610261470152934,0.20811088295687888,stress_budget,floor
2023-08-14,0.49796363052714426,0.1659831875268632,0.9610261470152934,0.30122681819395125,0.20811088295687888,0.9610261470152934,0.20811088295687888,stress_budget,floor
2023-08-15,0.5355781581237605,0.2172582133136101,0.9610261470152934,0.2800711674379713,0.20811088295687888,0.9610261470152934,0.20811088295687888,stress_budget,floor
2023-08-16,0.5348327130392057,0.20657419341591984,0.9610261470152934,0.280461528143295,0.20811088295687888,0.9610261470152934,0.20811088295687888,stress_budget,floor
2023-08-17,0.5510158468220026,0.22928822230648996,0.9610261470152934,0.27222447569362784,0.20811088295687888,0.9610261470152934,0.20811088295687888,stress_budget,floor
2023-08-18,0.5575113418300015,0.21049964091463963,0.9610261470152934,0.26905282232937705,0.20811088295687888,0.9610261470152934,0.20811088295687888,stress_budget,floor
2023-08-21,0.5672390669996215,0.19610535154862574,0.9610261470152934,0.2644387679315115,0.20811088295687888,0.9610261470152934,0.20811088295687888,stress_budget,floor
2023-08-22,0.5630427518550871,0.18240668957922246,0.9610261470152934,0.2664096101153722,0.20811088295687888,0.9610261470152934,0.20811088295687888,stress_budget,floor
2023-08-23,0.5768736465721723,0.1729236682247996,0.9610261470152934,0.2600222785202818,0.20811088295687888,0.9610261470152934,0.20811088295687888,stress_budget,floor
2023-08-24,0.5791685889478636,0.1940535827791616,0.9610261470152934,0.258991946149039,0.20811088295687888,0.9610261470152934,0.20811088295687888,stress_budget,floor
2023-08-25,0.5819550078328649,0.1850782879520685,0.9610261470152934,0.2577518845633499,0.20811088295687888,0.9610261470152934,0.20811088295687888,stress_budget,floor
2023-08-28,0.5838322085933094,0.17675242789751058,0.9610261470152934,0.25692313269494216,0.20811088295687888,0.9610261470152934,0.20811088295687888,stress_budget,floor
2023-08-29,0.5906057842398835,0.16719095536095557,0.9610261470152934,0.2539765169978004,0.20811088295687888,0.9610261470152934,0.20811088295687888,stress_budget,floor
2023-08-30,0.5999992933280855,0.1607193430966323,0.9610261470152934,0.2500002944469778,0.20811088295687888,0.9610261470152934,0.20811088295687888,stress_budget,floor
2023-08-31,0.5021761046407072,0.15279065682103027,0.9610261470152934,0.2986999951089285,0.20811088295687888,0.9610261470152934,0.20811088295687888,stress_budget,floor
2023-09-01,0.5023003902716444,0.1457617777505422,0.9610261470152934,0.2986260869096277,0.20811088295687888,0.9610261470152934,0.20811088295687888,stress_budget,floor
2023-09-05,0.48145506905513397,0.14104674946942228,0.9610261470152934,0.31155555240986094,0.20811088295687888,0.9610261470152934,0.0,signal_off,floor
2023-09-06,0.46678451704318846,0.1477993726846856,0.9610261470152934,0.3213474194691884,0.20811088295687888,0.9610261470152934,0.20811088295687888,stress_budget,floor
2023-09-07,0.4598590384682309,0.14124791705118706,0.9610261470152934,0.32618691262357924,0.20811088295687888,0.9610261470152934,0.20811088295687888,stress_budget,floor
2023-09-08,0.4621078400733495,0.13697597855432958,0.9610261470152934,0.3245995566233864,0.20811088295687888,0.9610261470152934,0.20811088295687888,stress_budget,floor
2023-09-11,0.46382872011967613,0.1338188505757828,0.9610261470152934,0.32339523943514603,0.20811088295687888,0.9610261470152934,0.20811088295687888,stress_budget,floor
2023-09-12,0.4527848522621933,0.13065812121609618,0.9610261470152934,0.3312831673819772,0.20811088295687888,0.9610261470152934,0.20811088295687888,stress_budget,floor
2023-09-13,0.4530640344150997,0.12824035110836718,0.9610261470152934,0.33107902770002084,0.20811088295687888,0.9610261470152934,0.20811088295687888,stress_budget,floor
2023-09-14,0.3984795821608506,0.1283727732684923,0.9610261470152934,0.3764308303742671,0.20811088295687888,0.9610261470152934,0.20811088295687888,stress_budget,floor
2023-09-15,0.4225683463417872,0.16234356906542416,0.9610261470152934,0.3549721631981281,0.20811088295687888,0.9610261470152934,0.0,signal_off,floor
2023-09-18,0.37161533270192826,0.15332164500242634,0.9610261470152934,0.4036431944542897,0.20811088295687888,0.9610261470152934,0.0,signal_off,floor
2023-09-19,0.37045192003390304,0.1458646837657956,0.9610261470152934,0.4049108450734235,0.20811088295687888,0.9610261470152934,0.20811088295687888,stress_budget,floor
2023-09-20,0.4000424278804562,0.17388063367650633,0.9610261470152934,0.3749602280806679,0.20811088295687888,0.9610261470152934,0.20811088295687888,stress_budget,floor
2023-09-21,0.5019985074287628,0.2686333037599778,0.9610261470152934,0.2988056693002938,0.20811088295687888,0.9610261470152934,0.20811088295687888,stress_budget,floor
2023-09-22,0.4916281811928191,0.24316500533219917,0.9610261470152934,0.30510862830535995,0.20811088295687888,0.9610261470152934,0.20811088295687888,stress_budget,floor
2023-09-25,0.4682552450160892,0.2215686048684674,0.9610261470152934,0.3203381096026933,0.20811088295687888,0.9610261470152934,0.20811088295687888,stress_budget,floor
2023-09-26,0.5506701042102523,0.31960050820102803,0.9610261470152934,0.2723953939993231,0.20811088295687888,0.9610261470152934,0.0,signal_off,floor
2023-09-27,0.5516481339001243,0.28970739904756565,0.9610261470152934,0.27191245792767865,0.20811088295687888,0.9610261470152934,0.20811088295687888,stress_budget,floor
2023-09-28,0.5703378022035175,0.2659737999924333,0.9610261470152934,0.2630020304115744,0.20811088295687888,0.9610261470152934,0.20811088295687888,stress_budget,floor
2023-09-29,0.559405523268686,0.24841164426064494,0.9610261470152934,0.2681417929582259,0.20811088295687888,0.9610261470152934,0.20811088295687888,stress_budget,floor
2023-10-02,0.5538713571580561,0.2262141199754972,0.9610261470152934,0.2708210093579457,0.20811088295687888,0.9610261470152934,0.20811088295687888,stress_budget,floor
2023-10-03,0.6302084374712039,0.32961377368932954,0.9610261470152934,0.23801648959492697,0.20811088295687888,0.9610261470152934,0.20811088295687888,stress_budget,floor
2023-10-04,0.6647610520481936,0.3003464844987323,0.9610261470152934,0.22564498858324414,0.20811088295687888,0.9610261470152934,0.20811088295687888,stress_budget,floor
2023-10-05,0.6659826918344512,0.27019667990780255,0.9610261470152934,0.22523107858377606,0.20811088295687888,0.9610261470152934,0.20811088295687888,stress_budget,floor
2023-10-06,0.6688232861987037,0.24464238547680656,0.9610261470152934,0.22427448788832366,0.20811088295687888,0.9610261470152934,0.20811088295687888,stress_budget,floor
2023-10-09,0.6666171509228364,0.22294255573862098,0.9610261470152934,0.22501671280486316,0.20811088295687888,0.9610261470152934,0.0,signal_off,floor
2023-10-10,0.6745435128055244,0.20713243831302242,0.9610261470152934,0.22237260777459444,0.20811088295687888,0.9610261470152934,0.20811088295687888,stress_budget,floor
2023-10-11,0.6791069538959355,0.1915535652994237,0.9610261470152934,0.2208783154692679,0.20811088295687888,0.9610261470152934,0.20811088295687888,stress_budget,floor
2023-10-12,0.6776876478995606,0.19024729582763283,0.9610261470152934,0.22134090899386047,0.20811088295687888,0.9610261470152934,0.0,signal_off,floor
2023-10-13,0.7796882060496368,0.3792522434397996,0.9610261470152934,0.19238459532431434,0.20811088295687888,0.9610261470152934,0.0,signal_off,floor
2023-10-16,0.8628833113599003,0.35729865188800847,0.9610261470152934,0.17383578755695328,0.20811088295687888,0.9610261470152934,0.17383578755695328,vol_target,floor
2023-10-17,0.8643254909769977,0.32879193047061056,0.9610261470152934,0.17354573197933362,0.20811088295687888,0.9610261470152934,0.17354573197933362,vol_target,floor
2023-10-18,0.8831088330888922,0.34590333724856254,0.9610261470152934,0.16985448948046164,0.20811088295687888,0.9610261470152934,0.16985448948046164,vol_target,floor
2023-10-19,0.8879332058172457,0.3407706300372216,0.9610261470152934,0.16893162573184922,0.20811088295687888,0.9610261470152934,0.16893162573184922,vol_target,floor
2023-10-20,0.8522752899650887,0.3059614075371405,0.9610261470152934,0.175999470788534,0.20811088295687888,0.9610261470152934,0.175999470788534,vol_target,floor
2023-10-23,0.8647541266794276,0.2771385729014976,0.9610261470152934,0.17345970995939103,0.20811088295687888,0.9610261470152934,0.17345970995939103,vol_target,floor
2023-10-24,0.8824128265331497,0.2545903101755941,0.9610261470152934,0.16998846287097225,0.20811088295687888,0.9610261470152934,0.16998846287097225,vol_target,floor
2023-10-25,0.8520041115350534,0.28835084976415326,0.9610261470152934,0.17605548842921123,0.20811088295687888,0.9610261470152934,0.17605548842921123,vol_target,floor
2023-10-26,0.8373154238737053,0.2621594189531684,0.9610261470152934,0.17914395904239896,0.20811088295687888,0.9610261470152934,0.17914395904239896,vol_target,floor
2023-10-27,0.8190077857864981,0.25580535315815717,0.9610261470152934,0.18314844205779324,0.20811088295687888,0.9610261470152934,0.18314844205779324,vol_target,floor
2023-10-30,0.8662323027447468,0.24567869236941844,0.9610261470152934,0.17316371084835955,0.20811088295687888,0.9610261470152934,0.17316371084835955,vol_target,floor
2023-10-31,0.9005901838162089,0.23467090926450965,0.9610261470152934,0.16655744499055272,0.20811088295687888,0.9610261470152934,0.16655744499055272,vol_target,floor
2023-11-01,0.8465283863460795,0.2186822147555256,0.9610261470152934,0.1771942942722262,0.20811088295687888,0.9610261470152934,0.1771942942722262,vol_target,floor
2023-11-02,0.8369630783451418,0.20361682722419416,0.9610261470152934,0.1792193752400436,0.20811088295687888,0.9610261470152934,0.1792193752400436,vol_target,floor
2023-11-03,0.8389298189447734,0.18905483271278065,0.9610261470152934,0.1787992232636023,0.20811088295687888,0.9610261470152934,0.0,signal_off,floor
2023-11-06,0.8443554913799084,0.178691077539066,0.9610261470152934,0.1776502924791297,0.20811088295687888,0.9610261470152934,0.0,signal_off,floor
2023-11-07,0.8437867414122785,0.16693611150966967,0.9610261470152934,0.17777003671441813,0.20811088295687888,0.9610261470152934,0.0,signal_off,floor
2023-11-08,0.8386823017784554,0.15803090438048142,0.9610261470152934,0.17885199160864573,0.20811088295687888,0.9610261470152934,0.17885199160864573,vol_target,floor
2023-11-09,0.8511617840970958,0.18566522331787078,0.9610261470152934,0.1762297166091856,0.20811088295687888,0.9610261470152934,0.0,signal_off,floor
2023-11-10,0.857334036848746,0.17802804581947684,0.9610261470152934,0.1749609761807037,0.20811088295687888,0.9610261470152934,0.1749609761807037,vol_target,floor
2023-11-13,0.7167668734593329,0.16649606728901895,0.9610261470152934,0.2092730643033973,0.20811088295687888,0.9610261470152934,0.0,signal_off,floor
2023-11-14,0.6423911721819308,0.15682876300775422,0.9610261470152934,0.23350258611200014,0.20811088295687888,0.9610261470152934,0.20811088295687888,stress_budget,floor
2023-11-15,0.6335404847074928,0.15050595970911282,0.9610261470152934,0.23676466401236437,0.20811088295687888,0.9610261470152934,0.0,signal_off,floor
2023-11-16,0.5763907169326954,0.1439008910214168,0.9610261470152934,0.2602401384918823,0.20811088295687888,0.9610261470152934,0.0,signal_off,floor
2023-11-17,0.5307338873027544,0.13868258692544586,0.9610261470152934,0.28262751557530236,0.20811088295687888,0.9610261470152934,0.20811088295687888,stress_budget,floor
2023-11-20,0.5243429396328954,0.13387480760060178,0.9610261470152934,0.2860723176801398,0.20811088295687888,0.9610261470152934,0.20811088295687888,stress_budget,floor
2023-11-21,0.5207493187781751,0.13125240867522095,0.9610261470152934,0.2880464641834623,0.20811088295687888,0.9610261470152934,0.20811088295687888,stress_budget,floor
2023-11-22,0.5173069277455427,0.13110244974571214,0.9610261470152934,0.28996325383406285,0.20811088295687888,0.9610261470152934,0.20811088295687888,stress_budget,floor
2023-11-24,0.44925978701556535,0.13524873028141216,0.9610261470152934,0.33388254265188216,0.20811088295687888,0.9610261470152934,0.20811088295687888,stress_budget,floor
2023-11-27,0.4471702244491908,0.1334641124730018,0.9610261470152934,0.3354427280679632,0.20811088295687888,0.9610261470152934,0.20811088295687888,stress_budget,floor
2023-11-28,0.40705632532012836,0.12989864060909304,0.9610261470152934,0.36849937138805766,0.20811088295687888,0.9610261470152934,0.20811088295687888,stress_budget,floor
2023-11-29,0.37983189375990456,0.13586943127670428,0.9610261470152934,0.3949115449868369,0.20811088295687888,0.9610261470152934,0.20811088295687888,stress_budget,floor
2023-11-30,0.33449854727698464,0.13234440940137998,0.9610261470152934,0.44843244080157724,0.20811088295687888,0.9610261470152934,0.20811088295687888,stress_budget,floor
2023-12-01,0.31951461938960846,0.12860210319192325,0.9610261470152934,0.46946208685710744,0.20811088295687888,0.9610261470152934,0.20811088295687888,stress_budget,floor
2023-12-04,0.31420619117383053,0.12698333832572647,0.9610261470152934,0.47739352124037054,0.20811088295687888,0.9610261470152934,0.20811088295687888,stress_budget,floor
2023-12-05,0.3112759874475022,0.12441924549412803,0.9610261470152934,0.4818874762233243,0.20811088295687888,0.9610261470152934,0.0,signal_off,floor
2023-12-06,0.30492390851432716,0.12508845159692245,0.9610261470152934,0.49192600452631313,0.20811088295687888,0.9610261470152934,0.20811088295687888,stress_budget,floor
2023-12-07,0.3059188296281463,0.12283732013410018,0.9610261470152934,0.4903261436451283,0.20811088295687888,0.9610261470152934,0.20811088295687888,stress_budget,floor
2023-12-08,0.31382495102508107,0.12426624951720062,0.9610261470152934,0.47797346740607605,0.20811088295687888,0.9610261470152934,0.20811088295687888,stress_budget,floor
2023-12-11,0.2610283409484033,0.12350216267553224,0.9610261470152934,0.5746502447013982,0.20811088295687888,0.9610261470152934,0.20811088295687888,stress_budget,floor
2023-12-12,0.24510590569694862,0.12467528758223445,0.9610261470152934,0.611980358341351,0.20811088295687888,0.9610261470152934,0.20811088295687888,stress_budget,floor
2023-12-13,0.24522017451620265,0.12288133706520658,0.9610261470152934,0.6116951849330362,0.20811088295687888,0.9610261470152934,0.20811088295687888,stress_budget,floor
2023-12-14,0.24684234420618037,0.12093981503842902,0.9610261470152934,0.6076753179539944,0.20811088295687888,0.9610261470152934,0.20811088295687888,stress_budget,floor
2023-12-15,0.2803358565830486,0.1462213274428515,0.9610261470152934,0.535072472812849,0.20811088295687888,0.9610261470152934,0.20811088295687888,stress_budget,floor
2023-12-18,0.28119925671035734,0.14021959800746786,0.9610261470152934,0.5334295750095241,0.20811088295687888,0.9610261470152934,0.20811088295687888,stress_budget,floor
2023-12-19,0.29092241964551513,0.14325714198941164,0.9610261470152934,0.5156013764177161,0.20811088295687888,0.9610261470152934,0.20811088295687888,stress_budget,floor
2023-12-20,0.37264261684314953,0.213084431340688,0.9610261470152934,0.4025304493370308,0.20811088295687888,0.9610261470152934,0.20811088295687888,stress_budget,floor
2023-12-21,0.37373348318338545,0.19707290396781002,0.9610261470152934,0.40135552940649216,0.20811088295687888,0.9610261470152934,0.20811088295687888,stress_budget,floor
2023-12-22,0.3786572972499008,0.18384341067481944,0.9610261470152934,0.39613656224088334,0.20811088295687888,0.9610261470152934,0.20811088295687888,stress_budget,floor
2023-12-26,0.3581924731677702,0.1732658123385945,0.9610261470152934,0.41876926858187496,0.20811088295687888,0.9610261470152934,0.20811088295687888,stress_budget,floor
2023-12-27,0.3776027887823742,0.16720787516342245,0.9610261470152934,0.39724282885646345,0.20811088295687888,0.9610261470152934,0.20811088295687888,stress_budget,floor
2023-12-28,0.3769483058714491,0.15734632939269377,0.9610261470152934,0.39793254847829074,0.20811088295687888,0.9610261470152934,0.20811088295687888,stress_budget,floor
2023-12-29,0.36961479319245316,0.14979207110425466,0.9610261470152934,0.40582791263416,0.20811088295687888,0.9610261470152934,0.20811088295687888,stress_budget,floor
2024-01-02,0.36744153005880326,0.1429706397859771,0.9610261470152934,0.4082282151829567,0.20811088295687888,0.9610261470152934,0.20811088295687888,stress_budget,floor
2024-01-03,0.3931153875632805,0.16747695941559748,0.9610261470152934,0.3815673584536403,0.20811088295687888,0.9610261470152934,0.20811088295687888,stress_budget,floor
2024-01-04,0.3920953146498157,0.15756793206257963,0.9610261470152934,0.3825600418968702,0.20811088295687888,0.9610261470152934,0.20811088295687888,stress_budget,floor
2024-01-05,0.4041180237272591,0.15244672106783508,0.9610261470152934,0.3711786933344889,0.20811088295687888,0.9610261470152934,0.20811088295687888,stress_budget,floor
2024-01-08,0.40643641339397923,0.1466496765792768,0.9610261470152934,0.36906142032750755,0.20811088295687888,0.9610261470152934,0.20811088295687888,stress_budget,floor
2024-01-09,0.4113993855196523,0.14228633954177236,0.9610261470152934,0.36460919797079905,0.20811088295687888,0.9610261470152934,0.20811088295687888,stress_budget,floor
2024-01-10,0.4024809816204634,0.13682478569018955,0.9610261470152934,0.37268841721681367,0.20811088295687888,0.9610261470152934,0.20811088295687888,stress_budget,floor
2024-01-11,0.3987464864093944,0.13229762913953025,0.9610261470152934,0.3761788632940943,0.20811088295687888,0.9610261470152934,0.20811088295687888,stress_budget,floor
2024-01-12,0.3936550206060504,0.13549295533145939,0.9610261470152934,0.38104429550794994,0.20811088295687888,0.9610261470152934,0.0,signal_off,floor
2024-01-16,0.4157568638134853,0.16529754287986637,0.9610261470152934,0.3607877898253827,0.20811088295687888,0.9610261470152934,0.20811088295687888,stress_budget,floor
2024-01-17,0.43420607229270813,0.18362992120468843,0.9610261470152934,0.34545808907730247,0.20811088295687888,0.9610261470152934,0.20811088295687888,stress_budget,floor
2024-01-18,0.4344676910630471,0.17399246333327967,0.9610261470152934,0.3452500682685585,0.20811088295687888,0.9610261470152934,0.20811088295687888,stress_budget,floor
2024-01-19,0.4419151403591676,0.16478760777355092,0.9610261470152934,0.3394316833727107,0.20811088295687888,0.9610261470152934,0.20811088295687888,stress_budget,floor
2024-01-22,0.4493409078910607,0.1591415889798884,0.9610261470152934,0.33382226582487423,0.20811088295687888,0.9610261470152934,0.0,signal_off,floor
2024-01-23,0.38162891565816653,0.15273575216982477,0.9610261470152934,0.39305197757697774,0.20811088295687888,0.9610261470152934,0.20811088295687888,stress_budget,floor
2024-01-24,0.3962970948761703,0.16069835279491387,0.9610261470152934,0.3785039101709035,0.20811088295687888,0.9610261470152934,0.20811088295687888,stress_budget,floor
2024-01-25,0.39762290764996555,0.15716746019449981,0.9610261470152934,0.37724184677017564,0.20811088295687888,0.9610261470152934,0.20811088295687888,stress_budget,floor
2024-01-26,0.38989737127175733,0.14908752237395378,0.9610261470152934,0.3847166230198829,0.20811088295687888,0.9610261470152934,0.20811088295687888,stress_budget,floor
2024-01-29,0.3702158273565851,0.14465236240674934,0.9610261470152934,0.4051690633299768,0.20811088295687888,0.9610261470152934,0.20811088295687888,stress_budget,floor
2024-01-30,0.3730045315445356,0.13933536478824146,0.9610261470152934,0.4021398865554813,0.20811088295687888,0.9610261470152934,0.20811088295687888,stress_budget,floor
2024-01-31,0.4195340983549078,0.192679125773385,0.9610261470152934,0.3575394719718502,0.20811088295687888,0.9610261470152934,0.20811088295687888,stress_budget,floor
2024-02-01,0.4205482554772192,0.17879621420518874,0.9610261470152934,0.35667726128072214,0.20811088295687888,0.9610261470152934,0.20811088295687888,stress_budget,floor
2024-02-02,0.398616691948643,0.16700916923530665,0.9610261470152934,0.3763013517239406,0.20811088295687888,0.9610261470152934,0.20811088295687888,stress_budget,floor
2024-02-05,0.415225560589763,0.16131588890172477,0.9610261470152934,0.3612494370215274,0.20811088295687888,0.9610261470152934,0.20811088295687888,stress_budget,floor
2024-02-06,0.41026000071231544,0.15422284172302694,0.9610261470152934,0.3656218001744307,0.20811088295687888,0.9610261470152934,0.20811088295687888,stress_budget,floor
2024-02-07,0.40470365412655684,0.14654840396989469,0.9610261470152934,0.37064157555911953,0.20811088295687888,0.9610261470152934,0.20811088295687888,stress_budget,floor
2024-02-08,0.39715948640774,0.14027847632458548,0.9610261470152934,0.3776820273304612,0.20811088295687888,0.9610261470152934,0.20811088295687888,stress_budget,floor
2024-02-09,0.39908195370544564,0.1387523622701599,0.9610261470152934,0.3758626482787843,0.20811088295687888,0.9610261470152934,0.20811088295687888,stress_budget,floor
2024-02-12,0.4051837475299343,0.14443917155136266,0.9610261470152934,0.3702024104234789,0.20811088295687888,0.9610261470152934,0.20811088295687888,stress_budget,floor
2024-02-13,0.47968543292171284,0.23974305947370286,0.9610261470152934,0.31270493057578586,0.20811088295687888,0.9610261470152934,0.20811088295687888,stress_budget,floor
2024-02-14,0.49976060972485886,0.22597010598732387,0.9610261470152934,0.30014370296727044,0.20811088295687888,0.9610261470152934,0.20811088295687888,stress_budget,floor
2024-02-15,0.48064742146463857,0.20682767489811502,0.9610261470152934,0.3120790693995964,0.20811088295687888,0.9610261470152934,0.20811088295687888,stress_budget,floor
2024-02-16,0.4696279300217434,0.19057826413621304,0.9610261470152934,0.31940178684230963,0.20811088295687888,0.9610261470152934,0.20811088295687888,stress_budget,floor
2024-02-20,0.48134793097977235,0.2041367419720302,0.9610261470152934,0.3116248982200433,0.20811088295687888,0.9610261470152934,0.20811088295687888,stress_budget,floor
2024-02-21,0.46599815700085195,0.18853344713534537,0.9610261470152934,0.32188968506956084,0.20811088295687888,0.9610261470152934,0.20811088295687888,stress_budget,floor
2024-02-22,0.4605006110883832,0.1759572457546944,0.9610261470152934,0.3257324667723638,0.20811088295687888,0.9610261470152934,0.20811088295687888,stress_budget,floor
2024-02-23,0.47215729529169387,0.1689218262925035,0.9610261470152934,0.3176907388613609,0.20811088295687888,0.9610261470152934,0.20811088295687888,stress_budget,floor
2024-02-26,0.47024478103827116,0.15902444123540693,0.9610261470152934,0.31898280650517663,0.20811088295687888,0.9610261470152934,0.20811088295687888,stress_budget,floor
2024-02-27,0.47249420871562947,0.15124641788029156,0.9610261470152934,0.3174642085195958,0.20811088295687888,0.9610261470152934,0.20811088295687888,stress_budget,floor
2024-02-28,0.4754349304610006,0.1510994387285476,0.9610261470152934,0.3155005877556242,0.20811088295687888,0.9610261470152934,0.20811088295687888,stress_budget,floor
2024-02-29,0.47470251060395097,0.14441877465717345,0.9610261470152934,0.31598737451200565,0.20811088295687888,0.9610261470152934,0.20811088295687888,stress_budget,floor
2024-03-01,0.4318916140524456,0.1391912728457344,0.9610261470152934,0.3473093598473647,0.20811088295687888,0.9610261470152934,0.20811088295687888,stress_budget,floor
2024-03-04,0.4316700339545048,0.13418526788289467,0.9610261470152934,0.347487636855073,0.20811088295687888,0.9610261470152934,0.20811088295687888,stress_budget,floor
2024-03-05,0.46069637855522977,0.17146644107554102,0.9610261470152934,0.3255940506205162,0.20811088295687888,0.9610261470152934,0.20811088295687888,stress_budget,floor
2024-03-06,0.44331227913679333,0.16143035557021013,0.9610261470152934,0.3383619336962113,0.20811088295687888,0.9610261470152934,0.20811088295687888,stress_budget,floor
2024-03-07,0.4345359794021352,0.15252660389048528,0.9610261470152934,0.34519581141791855,0.20811088295687888,0.9610261470152934,0.20811088295687888,stress_budget,floor
2024-03-08,0.4420602093122285,0.16049860479900435,0.9610261470152934,0.3393202935712645,0.20811088295687888,0.9610261470152934,0.20811088295687888,stress_budget,floor
2024-03-11,0.4426970784890183,0.15189244907039043,0.9610261470152934,0.33883214344212337,0.20811088295687888,0.9610261470152934,0.0,signal_off,floor
2024-03-12,0.4754243154524943,0.15288089254799822,0.9610261470152934,0.3155076320764843,0.20811088295687888,0.9610261470152934,0.20811088295687888,stress_budget,floor
2024-03-13,0.46991347212037904,0.14547192100749157,0.9610261470152934,0.31920770290572575,0.20811088295687888,0.9610261470152934,0.0,signal_off,floor
2024-03-14,0.3952638322800108,0.15796850707806792,0.9610261470152934,0.37949336050999416,0.20811088295687888,0.9610261470152934,0.20811088295687888,stress_budget,floor
2024-03-15,0.35763828062759945,0.1584534753475955,0.9610261470152934,0.41941818906178996,0.20811088295687888,0.9610261470152934,0.0,signal_off,floor
2024-03-18,0.36404571679629866,0.15135640606138465,0.9610261470152934,0.41203616216128236,0.20811088295687888,0.9610261470152934,0.0,signal_off,floor
2024-03-19,0.37413448731525617,0.14635057903182122,0.9610261470152934,0.4009253492678043,0.20811088295687888,0.9610261470152934,0.0,signal_off,floor
2024-03-20,0.3515065870080865,0.1417753404475929,0.9610261470152934,0.42673453512422854,0.20811088295687888,0.9610261470152934,0.0,signal_off,floor
2024-03-21,0.35093013337858436,0.1363684979063961,0.9610261470152934,0.42743550847535683,0.20811088295687888,0.9610261470152934,0.0,signal_off,floor
2024-03-22,0.34860567209840077,0.13236230821658698,0.9610261470152934,0.4302855977560215,0.20811088295687888,0.9610261470152934,0.0,signal_off,floor
2024-03-25,0.3265733502999771,0.12864178407480945,0.9610261470152934,0.45931488243672075,0.20811088295687888,0.9610261470152934,0.20811088295687888,stress_budget,floor
2024-03-26,0.32516589044580574,0.12560089413247275,0.9610261470152934,0.46130299766174265,0.20811088295687888,0.9610261470152934,0.20811088295687888,stress_budget,floor
2024-03-27,0.3256148959355303,0.12407470845776722,0.9610261470152934,0.4606668855521249,0.20811088295687888,0.9610261470152934,0.20811088295687888,stress_budget,floor
2024-03-28,0.32861356060363056,0.13353764554148873,0.9610261470152934,0.4564632078008736,0.20811088295687888,0.9610261470152934,0.20811088295687888,stress_budget,floor
2024-04-01,0.3272916294827353,0.13140178576274922,0.9610261470152934,0.4583068630171384,0.20811088295687888,0.9610261470152934,0.20811088295687888,stress_budget,floor
2024-04-02,0.34407297114241553,0.15066502685892438,0.9610261470152934,0.4359540346978123,0.20811088295687888,0.9610261470152934,0.20811088295687888,stress_budget,floor
2024-04-03,0.344578435196365,0.1436495487255664,0.9610261470152934,0.43531453126055164,0.20811088295687888,0.9610261470152934,0.20811088295687888,stress_budget,floor
2024-04-04,0.35290240797476224,0.18628791821172183,0.9610261470152934,0.4250466888588848,0.20811088295687888,0.9610261470152934,0.20811088295687888,stress_budget,floor
2024-04-05,0.35812502520031664,0.1808871378622944,0.9610261470152934,0.41884813806602245,0.20811088295687888,0.9610261470152934,0.20811088295687888,stress_budget,floor
2024-04-08,0.38203668837310006,0.17292601701391064,0.9610261470152934,0.39263244752427756,0.20811088295687888,0.9610261470152934,0.20811088295687888,stress_budget,floor
2024-04-09,0.37101037110146673,0.16218690171024291,0.9610261470152934,0.4043013664407156,0.20811088295687888,0.9610261470152934,0.20811088295687888,stress_budget,floor
2024-04-10,0.3758091465382039,0.16043532862237586,0.9610261470152934,0.3991387686588712,0.20811088295687888,0.9610261470152934,0.20811088295687888,stress_budget,floor
2024-04-11,0.33809288232849,0.15236571310500244,0.9610261470152934,0.44366506318302334,0.20811088295687888,0.9610261470152934,0.20811088295687888,stress_budget,floor
2024-04-12,0.4488508046397557,0.26900476603208606,0.9610261470152934,0.33418676863103514,0.20811088295687888,0.9610261470152934,0.0,signal_off,floor
2024-04-15,0.47641458604380715,0.2886532158154943,0.9610261470152934,0.3148518210695741,0.20811088295687888,0.9610261470152934,0.20811088295687888,stress_budget,floor
2024-04-16,0.4895076380894029,0.2618035841709413,0.9610261470152934,0.306430356399473,0.20811088295687888,0.9610261470152934,0.20811088295687888,stress_budget,floor
2024-04-17,0.4852936165154911,0.23750374201522537,0.9610261470152934,0.30909122826925095,0.20811088295687888,0.9610261470152934,0.20811088295687888,stress_budget,floor
2024-04-18,0.47264902475925197,0.21914251057446293,0.9610261470152934,0.3173602232151094,0.20811088295687888,0.9610261470152934,0.20811088295687888,stress_budget,floor
2024-04-19,0.4646879706579731,0.21405461139638035,0.9610261470152934,0.3227972520734894,0.20811088295687888,0.9610261470152934,0.20811088295687888,stress_budget,floor
2024-04-22,0.5449800823716463,0.21252504628227403,0.9610261470152934,0.275239416727359,0.20811088295687888,0.9610261470152934,0.20811088295687888,stress_budget,floor
2024-04-23,0.5666186281984071,0.19956880790191386,0.9610261470152934,0.2647283243703665,0.20811088295687888,0.9610261470152934,0.20811088295687888,stress_budget,floor
2024-04-24,0.5678833114143439,0.18465210089130524,0.9610261470152934,0.2641387710908724,0.20811088295687888,0.9610261470152934,0.0,signal_off,floor
2024-04-25,0.5710469242974087,0.18288457847455528,0.9610261470152934,0.26267543632172347,0.20811088295687888,0.9610261470152934,0.20811088295687888,stress_budget,floor
2024-04-26,0.5805559812755973,0.17343565509816716,0.9610261470152934,0.2583730162772935,0.20811088295687888,0.9610261470152934,0.0,signal_off,floor
2024-04-29,0.58065987622911,0.1630555850151402,0.9610261470152934,0.2583267867139743,0.20811088295687888,0.9610261470152934,0.0,signal_off,floor
2024-04-30,0.5876841410898567,0.17222196015387375,0.9610261470152934,0.25523914891054555,0.20811088295687888,0.9610261470152934,0.0,signal_off,floor
2024-05-01,0.57968010418533,0.1627088036682317,0.9610261470152934,0.2587634091923972,0.20811088295687888,0.9610261470152934,0.0,signal_off,floor
2024-05-02,0.5901523317178206,0.15650831965767528,0.9610261470152934,0.25417166371838046,0.20811088295687888,0.9610261470152934,0.0,signal_off,floor
2024-05-03,0.5755054933073841,0.15208380707582506,0.9610261470152934,0.2606404313153676,0.20811088295687888,0.9610261470152934,0.0,signal_off,floor
2024-05-06,0.5747617192049055,0.1467513162136253,0.9610261470152934,0.2609777147432539,0.20811088295687888,0.9610261470152934,0.0,signal_off,floor
2024-05-07,0.5628206545156114,0.14043245317524883,0.9610261470152934,0.2665147392806625,0.20811088295687888,0.9610261470152934,0.0,signal_off,floor
2024-05-08,0.5629389622836078,0.1353612245046082,0.9610261470152934,0.26645872829891315,0.20811088295687888,0.9610261470152934,0.0,signal_off,floor
2024-05-09,0.5579641329950865,0.1310623498348173,0.9610261470152934,0.2688344843866889,0.20811088295687888,0.9610261470152934,0.0,signal_off,floor
2024-05-10,0.5576299506589082,0.12816697516992898,0.9610261470152934,0.26899559434129494,0.20811088295687888,0.9610261470152934,0.0,signal_off,floor
2024-05-13,0.45528340484626056,0.13108259113619086,0.9610261470152934,0.32946511646004706,0.20811088295687888,0.9610261470152934,0.0,signal_off,floor
2024-05-14,0.3922586430368879,0.12868728389195044,0.9610261470152934,0.38240075180674615,0.20811088295687888,0.9610261470152934,0.20811088295687888,stress_budget,floor
2024-05-15,0.3966252201094135,0.13038092507319857,0.9610261470152934,0.37819077656892525,0.20811088295687888,0.9610261470152934,0.20811088295687888,stress_budget,floor
2024-05-16,0.3980766193498227,0.126999215863855,0.9610261470152934,0.3768118817050711,0.20811088295687888,0.9610261470152934,0.0,signal_off,floor
2024-05-17,0.3900283232722354,0.12446323001033648,0.9610261470152934,0.3845874544226412,0.20811088295687888,0.9610261470152934,0.20811088295687888,stress_budget,floor
2024-05-20,0.3671757203605045,0.12225981675774132,0.9610261470152934,0.4085237440338521,0.20811088295687888,0.9610261470152934,0.20811088295687888,stress_budget,floor
2024-05-21,0.2940579758483106,0.12122156323303138,0.9610261470152934,0.5101034908754771,0.20811088295687888,0.9610261470152934,0.20811088295687888,stress_budget,floor
2024-05-22,0.2951963188821544,0.1329585130506405,0.9610261470152934,0.5081364177169215,0.20811088295687888,0.9610261470152934,0.20811088295687888,stress_budget,floor
2024-05-23,0.3051375950225913,0.13556721380823894,0.9610261470152934,0.4915815109209815,0.20811088295687888,0.9610261470152934,0.20811088295687888,stress_budget,floor
2024-05-24,0.29554485872144415,0.1342631826658208,0.9610261470152934,0.5075371659277532,0.20811088295687888,0.9610261470152934,0.20811088295687888,stress_budget,floor
2024-05-28,0.30230450357460664,0.14347959069560573,0.9610261470152934,0.4961884398886603,0.20811088295687888,0.9610261470152934,0.20811088295687888,stress_budget,floor
2024-05-29,0.343077978890917,0.17563174165951806,0.9610261470152934,0.43721838540879676,0.20811088295687888,0.9610261470152934,0.20811088295687888,stress_budget,floor
2024-05-30,0.3223627431854893,0.1643563697438623,0.9610261470152934,0.4653143180187208,0.20811088295687888,0.9610261470152934,0.20811088295687888,stress_budget,floor
2024-05-31,0.330179988867776,0.15770137900398265,0.9610261470152934,0.4542976711410244,0.20811088295687888,0.9610261470152934,0.20811088295687888,stress_budget,floor
2024-06-03,0.3190508458488553,0.14952172706352007,0.9610261470152934,0.47014449875823194,0.20811088295687888,0.9610261470152934,0.0,signal_off,floor
2024-06-04,0.305200897061143,0.1439704864597592,0.9610261470152934,0.49147955148359035,0.20811088295687888,0.9610261470152934,0.0,signal_off,floor
2024-06-05,0.3007623208522101,0.13921695333208664,0.9610261470152934,0.4987326855803445,0.20811088295687888,0.9610261470152934,0.0,signal_off,floor
2024-06-06,0.300755659085294,0.13424843767132724,0.9610261470152934,0.4987437325575315,0.20811088295687888,0.9610261470152934,0.0,signal_off,floor
2024-06-07,0.3011587580957571,0.13042112112407547,0.9610261470152934,0.4980761673625499,0.20811088295687888,0.9610261470152934,0.0,signal_off,floor
2024-06-10,0.30183129975307327,0.1273818513721727,0.9610261470152934,0.49696635214013346,0.20811088295687888,0.9610261470152934,0.0,signal_off,floor
2024-06-11,0.2996316911914872,0.12466505923353956,0.9610261470152934,0.5006146025593091,0.20811088295687888,0.9610261470152934,0.20811088295687888,stress_budget,floor
2024-06-12,0.29957725562027643,0.12395964534184685,0.9610261470152934,0.5007055682161989,0.20811088295687888,0.9610261470152934,0.20811088295687888,stress_budget,floor
2024-06-13,0.2955484235769787,0.12182084524471047,0.9610261470152934,0.5075310440995497,0.20811088295687888,0.9610261470152934,0.0,signal_off,floor
2024-06-14,0.2996724829760287,0.14983325696480984,0.9610261470152934,0.5005464582879261,0.20811088295687888,0.9610261470152934,0.0,signal_off,floor
2024-06-17,0.3002419104230775,0.14298539115312636,0.9610261470152934,0.49959714081432427,0.20811088295687888,0.9610261470152934,0.20811088295687888,stress_budget,floor
2024-06-18,0.2987733788374773,0.1373149434898227,0.9610261470152934,0.502052761807788,0.20811088295687888,0.9610261470152934,0.0,signal_off,floor
2024-06-20,0.32064026268204837,0.15939617171233483,0.9610261470152934,0.46781398800418966,0.20811088295687888,0.9610261470152934,0.20811088295687888,stress_budget,floor
2024-06-21,0.32470193204497944,0.15212188600712628,0.9610261470152934,0.46196214187977547,0.20811088295687888,0.9610261470152934,0.20811088295687888,stress_budget,floor
2024-06-24,0.3162520370768571,0.14481438684878906,0.9610261470152934,0.4743052452292861,0.20811088295687888,0.9610261470152934,0.20811088295687888,stress_budget,floor
2024-06-25,0.3191464725478366,0.14014665692677372,0.9610261470152934,0.4700036281225593,0.20811088295687888,0.9610261470152934,0.20811088295687888,stress_budget,floor
2024-06-26,0.30467444684592215,0.13519686968461586,0.9610261470152934,0.49232878422474646,0.20811088295687888,0.9610261470152934,0.20811088295687888,stress_budget,floor
2024-06-27,0.2936517965031827,0.13106620997803578,0.9610261470152934,0.5108090663370903,0.20811088295687888,0.9610261470152934,0.20811088295687888,stress_budget,floor
2024-06-28,0.2568576687063374,0.13501837197271885,0.9610261470152934,0.5839810068956647,0.20811088295687888,0.9610261470152934,0.20811088295687888,stress_budget,floor
2024-07-01,0.2837572447975803,0.13617293852877072,0.9610261470152934,0.5286208643130972,0.20811088295687888,0.9610261470152934,0.0,signal_off,floor
2024-07-02,0.2707455718965999,0.13210488457032993,0.9610261470152934,0.5540256815623426,0.20811088295687888,0.9610261470152934,0.20811088295687888,stress_budget,floor
2024-07-03,0.2724645017702903,0.12955874037845516,0.9610261470152934,0.5505304324981835,0.20811088295687888,0.9610261470152934,0.20811088295687888,stress_budget,floor
2024-07-05,0.27138550135278655,0.1268979050037871,0.9610261470152934,0.5527192840158696,0.20811088295687888,0.9610261470152934,0.20811088295687888,stress_budget,floor
2024-07-08,0.26833436743264477,0.12476164800080972,0.9610261470152934,0.5590040568979739,0.20811088295687888,0.9610261470152934,0.20811088295687888,stress_budget,floor
2024-07-09,0.26867742499012237,0.12262181264057044,0.9610261470152934,0.558290299252029,0.20811088295687888,0.9610261470152934,0.20811088295687888,stress_budget,floor
2024-07-10,0.26755411076721186,0.12074391201167926,0.9610261470152934,0.5606342566364416,0.20811088295687888,0.9610261470152934,0.20811088295687888,stress_budget,floor
2024-07-11,0.2688953760465776,0.12082826752646408,0.9610261470152934,0.5578377813905482,0.20811088295687888,0.9610261470152934,0.20811088295687888,stress_budget,floor
2024-07-12,0.27080642515614883,0.11980417339202698,0.9610261470152934,0.5539011857399948,0.20811088295687888,0.9610261470152934,0.20811088295687888,stress_budget,floor
2024-07-15,0.2706344625381623,0.12632005182317962,0.9610261470152934,0.5542531375834976,0.20811088295687888,0.9610261470152934,0.20811088295687888,stress_budget,floor
2024-07-16,0.27304782219314283,0.1265087268562768,0.9610261470152934,0.5493543174788487,0.20811088295687888,0.9610261470152934,0.20811088295687888,stress_budget,floor
2024-07-17,0.2725413138074458,0.15255523982718838,0.9610261470152934,0.5503752730346676,0.20811088295687888,0.9610261470152934,0.20811088295687888,stress_budget,floor
2024-07-18,0.29637728285916015,0.16984099508552436,0.9610261470152934,0.5061116646760024,0.20811088295687888,0.9610261470152934,0.20811088295687888,stress_budget,floor
2024-07-19,0.32705133941451664,0.1929712202472745,0.9610261470152934,0.4586435887054558,0.20811088295687888,0.9610261470152934,0.20811088295687888,stress_budget,floor
2024-07-22,0.3589641808522383,0.18715732557188852,0.9610261470152934,0.4178689908387963,0.20811088295687888,0.9610261470152934,0.20811088295687888,stress_budget,floor
2024-07-23,0.3526601806736321,0.17407683466411408,0.9610261470152934,0.4253386353783357,0.20811088295687888,0.9610261470152934,0.20811088295687888,stress_budget,floor
2024-07-24,0.5951622652718279,0.40247628285964904,0.9610261470152934,0.25203210746482835,0.20811088295687888,0.9610261470152934,0.20811088295687888,stress_budget,floor
2024-07-25,0.5873506065443646,0.35763396385301516,0.9610261470152934,0.2553840897220049,0.20811088295687888,0.9610261470152934,0.20811088295687888,stress_budget,floor
2024-07-26,0.62145172768863,0.3245543597660245,0.9610261470152934,0.2413703161754753,0.20811088295687888,0.9610261470152934,0.20811088295687888,stress_budget,floor
2024-07-29,0.6233589792074042,0.2909303706770096,0.9610261470152934,0.24063181088804358,0.20811088295687888,0.9610261470152934,0.20811088295687888,stress_budget,floor
2024-07-30,0.6288677324729218,0.27671959151336695,0.9610261470152934,0.23852392523010996,0.20811088295687888,0.9610261470152934,0.20811088295687888,stress_budget,floor
2024-07-31,0.6186301584612862,0.2511713882770613,0.9610261470152934,0.24247120504615194,0.20811088295687888,0.9610261470152934,0.20811088295687888,stress_budget,floor
2024-08-01,0.6765720211908745,0.33201546836947443,0.9610261470152934,0.22170588688544365,0.20811088295687888,0.9610261470152934,0.0,signal_off,floor
2024-08-02,1.0488829429408733,0.7692775698244443,0.9610261470152934,0.1430092852682186,0.20811088295687888,0.9610261470152934,0.0,signal_off,floor
2024-08-05,1.7405877945474222,1.6409107472479654,0.9610261470152934,0.08617778457937662,0.12188353348006753,1.6409107472479654,0.0,signal_off,model
2024-08-06,1.907754964669394,1.430269807606402,0.9610261470152934,0.07862644982082087,0.13983375649571028,1.430269807606402,0.0,signal_off,model
2024-08-07,1.9222320230545606,1.2115384444704766,0.9610261470152934,0.07803428420760546,0.1650793674049802,1.2115384444704766,0.0,signal_off,model
2024-08-08,1.9606426088572964,1.041024411893789,0.9610261470152934,0.07650552901501163,0.19211845343392878,1.041024411893789,0.0,signal_off,model
2024-08-09,2.0391882731929525,0.9180903839895003,0.9610261470152934,0.07355868115361934,0.20811088295687888,0.9610261470152934,0.0,signal_off,floor
2024-08-12,2.0370294314650135,0.7903686808494144,0.9610261470152934,0.07363663856939039,0.20811088295687888,0.9610261470152934,0.0,signal_off,floor
2024-08-13,2.067839052881663,0.6935945988574551,0.9610261470152934,0.07253949469179703,0.20811088295687888,0.9610261470152934,0.07253949469179703,vol_target,floor
2024-08-14,2.0881484017571394,0.609749523595628,0.9610261470152934,0.07183397495780361,0.20811088295687888,0.9610261470152934,0.0,signal_off,floor
2024-08-15,2.093401357941542,0.5343639299379058,0.9610261470152934,0.07165372250808903,0.20811088295687888,0.9610261470152934,0.0,signal_off,floor
2024-08-16,2.092261596316942,0.4689372447697402,0.9610261470152934,0.0716927559460292,0.20811088295687888,0.9610261470152934,0.0,signal_off,floor
2024-08-19,2.0912804152881486,0.4140977440579881,0.9610261470152934,0.07172639255043764,0.20811088295687888,0.9610261470152934,0.0,signal_off,floor
2024-08-20,2.0842468292296576,0.3915556947517688,0.9610261470152934,0.07196844341869064,0.20811088295687888,0.9610261470152934,0.0,signal_off,floor
2024-08-21,2.0833221811293217,0.3501496834138358,0.9610261470152934,0.07200038542223383,0.20811088295687888,0.9610261470152934,0.07200038542223383,vol_target,floor
2024-08-22,2.037602122406352,0.342194786212702,0.9610261470152934,0.07361594216581112,0.20811088295687888,0.9610261470152934,0.0,signal_off,floor
2024-08-23,2.0514559104998433,0.31360252006091593,0.9610261470152934,0.07311880271580004,0.20811088295687888,0.9610261470152934,0.07311880271580004,vol_target,floor
2024-08-26,2.0409198086594618,0.281369792335575,0.9610261470152934,0.07349627328009745,0.20811088295687888,0.9610261470152934,0.0,signal_off,floor
2024-08-27,2.0419276564748743,0.25469659346830054,0.9610261470152934,0.07345999723562965,0.20811088295687888,0.9610261470152934,0.0,signal_off,floor
2024-08-28,2.0482377006017147,0.2813478621024472,0.9610261470152934,0.073233687650576,0.20811088295687888,0.9610261470152934,0.0,signal_off,floor
2024-08-29,2.0504271368009253,0.2564336337383063,0.9610261470152934,0.07315548907240366,0.20811088295687888,0.9610261470152934,0.07315548907240366,vol_target,floor
2024-08-30,2.032226255871347,0.23456184823919424,0.9610261470152934,0.07381067908488628,0.20811088295687888,0.9610261470152934,0.0,signal_off,floor
2024-09-03,1.9796613320626624,0.6122392242542701,0.9610261470152934,0.07577053588439339,0.20811088295687888,0.9610261470152934,0.0,signal_off,floor
2024-09-04,1.2465559203778314,0.5397361657183581,0.9610261470152934,0.1203315451380111,0.20811088295687888,0.9610261470152934,0.0,signal_off,floor
2024-09-05,1.09020166940675,0.4760792896141145,0.9610261470152934,0.13758922244324281,0.20811088295687888,0.9610261470152934,0.0,signal_off,floor
2024-09-06,1.125452657388261,0.47748223759284514,0.9610261470152934,0.1332797066276353,0.20811088295687888,0.9610261470152934,0.0,signal_off,floor
2024-09-09,1.1120333285005324,0.4286112753891664,0.9610261470152934,0.13488804351058456,0.20811088295687888,0.9610261470152934,0.0,signal_off,floor
2024-09-10,1.0119532952134032,0.3798323393682621,0.9610261470152934,0.1482281847487513,0.20811088295687888,0.9610261470152934,0.0,signal_off,floor
2024-09-11,1.0219849148351796,0.34102763698507654,0.9610261470152934,0.1467732036183638,0.20811088295687888,0.9610261470152934,0.0,signal_off,floor
2024-09-12,0.9822374677505444,0.3046959492742144,0.9610261470152934,0.15271256180393944,0.20811088295687888,0.9610261470152934,0.0,signal_off,floor
2024-09-13,0.951371576628808,0.2736839228733975,0.9610261470152934,0.15766710261780792,0.20811088295687888,0.9610261470152934,0.0,signal_off,floor
2024-09-16,0.9410624526472765,0.2499867815085261,0.9610261470152934,0.15939430967417645,0.20811088295687888,0.9610261470152934,0.0,signal_off,floor
2024-09-17,0.9419368013311302,0.23578436546754228,0.9610261470152934,0.15924635260881873,0.20811088295687888,0.9610261470152934,0.0,signal_off,floor
2024-09-18,0.9400075426214715,0.21551343969540745,0.9610261470152934,0.15957318765941328,0.20811088295687888,0.9610261470152934,0.0,signal_off,floor
2024-09-19,0.9417678659797823,0.2016056893117734,0.9610261470152934,0.1592749183939773,0.20811088295687888,0.9610261470152934,0.0,signal_off,floor
2024-09-20,0.9414894624195834,0.18616880627574806,0.9610261470152934,0.15932201685455627,0.20811088295687888,0.9610261470152934,0.0,signal_off,floor
2024-09-23,0.9272441168058638,0.17370311314972545,0.9610261470152934,0.16176969719335016,0.20811088295687888,0.9610261470152934,0.0,signal_off,floor
2024-09-24,0.8992088716233336,0.16310813045703457,0.9610261470152934,0.16681330081764692,0.20811088295687888,0.9610261470152934,0.0,signal_off,floor
2024-09-25,0.8999556123087865,0.1599369284748049,0.9610261470152934,0.16667488701490873,0.20811088295687888,0.9610261470152934,0.0,signal_off,floor
2024-09-26,0.8955107133856303,0.15130386446589392,0.9610261470152934,0.16750218367896408,0.20811088295687888,0.9610261470152934,0.0,signal_off,floor
2024-09-27,0.8887822624383059,0.19204889787932772,0.9610261470152934,0.16877024479368716,0.20811088295687888,0.9610261470152934,0.0,signal_off,floor
2024-09-30,0.8825216831212733,0.17929961400494368,0.9610261470152934,0.1699674952682012,0.20811088295687888,0.9610261470152934,0.0,signal_off,floor
2024-10-01,0.9069695788291243,0.2660076327581703,0.9610261470152934,0.16538592197727994,0.20811088295687888,0.9610261470152934,0.0,signal_off,floor
2024-10-02,0.5708009905266057,0.24105686450255645,0.9610261470152934,0.262788611949699,0.20811088295687888,0.9610261470152934,0.0,signal_off,floor
2024-10-03,0.5882411673342803,0.253530367429025,0.9610261470152934,0.25499745398601004,0.20811088295687888,0.9610261470152934,0.0,signal_off,floor
2024-10-04,0.5862192717492685,0.233686434253746,0.9610261470152934,0.255876951217251,0.20811088295687888,0.9610261470152934,0.0,signal_off,floor
2024-10-07,0.6162377696387668,0.3295816614278961,0.9610261470152934,0.2434125387801671,0.20811088295687888,0.9610261470152934,0.0,signal_off,floor
2024-10-08,0.5844919556950351,0.29813657349511075,0.9610261470152934,0.25663312991473247,0.20811088295687888,0.9610261470152934,0.0,signal_off,floor
2024-10-09,0.5881451665695132,0.2695073058050692,0.9610261470152934,0.2550390762792597,0.20811088295687888,0.9610261470152934,0.0,signal_off,floor
2024-10-10,0.5653239088946584,0.2476254265628882,0.9610261470152934,0.2653346119630521,0.20811088295687888,0.9610261470152934,0.0,signal_off,floor
2024-10-11,0.5664998109911659,0.22531448909384938,0.9610261470152934,0.26478384827270335,0.20811088295687888,0.9610261470152934,0.0,signal_off,floor
2024-10-14,0.5843399064183973,0.20951458860598765,0.9610261470152934,0.2566999076263627,0.20811088295687888,0.9610261470152934,0.0,signal_off,floor
2024-10-15,0.5942543843355973,0.21695645014944115,0.9610261470152934,0.2524171532494567,0.20811088295687888,0.9610261470152934,0.0,signal_off,floor
2024-10-16,0.594259372346042,0.19943620637353562,0.9610261470152934,0.2524150345459824,0.20811088295687888,0.9610261470152934,0.0,signal_off,floor
2024-10-17,0.5940942423858246,0.18479887482551446,0.9610261470152934,0.2524851939275065,0.20811088295687888,0.9610261470152934,0.0,signal_off,floor
2024-10-18,0.5839762369142418,0.17356599417616114,0.9610261470152934,0.2568597667477141,0.20811088295687888,0.9610261470152934,0.0,signal_off,floor
2024-10-21,0.583326738368083,0.16321611861590826,0.9610261470152934,0.2571457643440802,0.20811088295687888,0.9610261470152934,0.0,signal_off,floor
2024-10-22,0.5840188943545055,0.15401267693457188,0.9610261470152934,0.2568410054023842,0.20811088295687888,0.9610261470152934,0.0,signal_off,floor
2024-10-23,0.6073909602924342,0.2021209590709925,0.9610261470152934,0.24695790653153785,0.20811088295687888,0.9610261470152934,0.0,signal_off,floor
2024-10-24,0.6122956432509158,0.18732110844236857,0.9610261470152934,0.24497969510870865,0.20811088295687888,0.9610261470152934,0.0,signal_off,floor
2024-10-25,0.62999142514504,0.21837853082494355,0.9610261470152934,0.23809847882527319,0.20811088295687888,0.9610261470152934,0.0,signal_off,floor
2024-10-28,0.6428413542274425,0.20726998837582952,0.9610261470152934,0.23333906416190017,0.20811088295687888,0.9610261470152934,0.0,signal_off,floor
2024-10-29,0.6370402104310885,0.1909437086325173,0.9610261470152934,0.23546394331763484,0.20811088295687888,0.9610261470152934,0.0,signal_off,floor
2024-10-30,0.5846305703234265,0.19202234070028723,0.9610261470152934,0.25657228276143296,0.20811088295687888,0.9610261470152934,0.0,signal_off,floor
2024-10-31,0.6362164165378271,0.2705916137593073,0.9610261470152934,0.23576882975807578,0.20811088295687888,0.9610261470152934,0.0,signal_off,floor
2024-11-01,0.6237113995697994,0.24523201024870186,0.9610261470152934,0.2404958448786754,0.20811088295687888,0.9610261470152934,0.0,signal_off,floor
2024-11-04,0.6272696616559053,0.22758598831172341,0.9610261470152934,0.23913160347022158,0.20811088295687888,0.9610261470152934,0.20811088295687888,stress_budget,floor
2024-11-05,0.5611390765307673,0.21487609070231753,0.9610261470152934,0.26731340994352487,0.20811088295687888,0.9610261470152934,0.20811088295687888,stress_budget,floor
2024-11-06,0.6410814298747411,0.22617890800610727,0.9610261470152934,0.23397963661076257,0.20811088295687888,0.9610261470152934,0.20811088295687888,stress_budget,floor
2024-11-07,0.642740319936495,0.2092241641314269,0.9610261470152934,0.23337574343370976,0.20811088295687888,0.9610261470152934,0.20811088295687888,stress_budget,floor
2024-11-08,0.6381109696945809,0.19262252156405693,0.9610261470152934,0.23506883147894245,0.20811088295687888,0.9610261470152934,0.20811088295687888,stress_budget,floor
2024-11-11,0.638474953017144,0.17861118232572837,0.9610261470152934,0.234934822879375,0.20811088295687888,0.9610261470152934,0.20811088295687888,stress_budget,floor
2024-11-12,0.6303108562498253,0.16684733312664302,0.9610261470152934,0.23797781445881858,0.20811088295687888,0.9610261470152934,0.20811088295687888,stress_budget,floor
2024-11-13,0.6134299053746666,0.1585037664446278,0.9610261470152934,0.24452671558029765,0.20811088295687888,0.9610261470152934,0.20811088295687888,stress_budget,floor
2024-11-14,0.6141573013675565,0.15024777362431233,0.9610261470152934,0.24423710288226153,0.20811088295687888,0.9610261470152934,0.20811088295687888,stress_budget,floor
2024-11-15,0.6672980620571698,0.22790966944981655,0.9610261470152934,0.22478710568643756,0.20811088295687888,0.9610261470152934,0.20811088295687888,stress_budget,floor
2024-11-18,0.6710695124796203,0.2110014672625915,0.9610261470152934,0.22352378883335924,0.20811088295687888,0.9610261470152934,0.20811088295687888,stress_budget,floor
2024-11-19,0.685631270372732,0.21841163749462972,0.9610261470152934,0.21877648596519672,0.20811088295687888,0.9610261470152934,0.20811088295687888,stress_budget,floor
2024-11-20,0.6976212807758481,0.2215436591111908,0.9610261470152934,0.2150163765548837,0.20811088295687888,0.9610261470152934,0.20811088295687888,stress_budget,floor
2024-11-21,0.6694118363633151,0.20317867669066716,0.9610261470152934,0.22407730466030976,0.20811088295687888,0.9610261470152934,0.20811088295687888,stress_budget,floor
2024-11-22,0.6792020784394348,0.1918578929450375,0.9610261470152934,0.22084738071568735,0.20811088295687888,0.9610261470152934,0.20811088295687888,stress_budget,floor
2024-11-25,0.6565016612148078,0.18153640310416286,0.9610261470152934,0.2284838087422903,0.20811088295687888,0.9610261470152934,0.20811088295687888,stress_budget,floor
2024-11-26,0.6394629655812207,0.16952163403251175,0.9610261470152934,0.23457183304378226,0.20811088295687888,0.9610261470152934,0.0,signal_off,floor
2024-11-27,0.639192545088676,0.15928059619714605,0.9610261470152934,0.23467107235925336,0.20811088295687888,0.9610261470152934,0.20811088295687888,stress_budget,floor
2024-11-29,0.6275325435768556,0.15159748921082422,0.9610261470152934,0.23903142798781254,0.20811088295687888,0.9610261470152934,0.20811088295687888,stress_budget,floor
2024-12-02,0.5445026811375806,0.1444246255180276,0.9610261470152934,0.27548073718685545,0.20811088295687888,0.9610261470152934,0.20811088295687888,stress_budget,floor
2024-12-03,0.5445875839484151,0.1386494153131973,0.9610261470152934,0.27543778892727827,0.20811088295687888,0.9610261470152934,0.20811088295687888,stress_budget,floor
2024-12-04,0.5393025131151022,0.13698963841507017,0.9610261470152934,0.2781370313547673,0.20811088295687888,0.9610261470152934,0.20811088295687888,stress_budget,floor
2024-12-05,0.5212999530128766,0.13295176541432868,0.9610261470152934,0.28774220893953323,0.20811088295687888,0.9610261470152934,0.20811088295687888,stress_budget,floor
2024-12-06,0.40497565449553713,0.13002746257988082,0.9610261470152934,0.37039263554459667,0.20811088295687888,0.9610261470152934,0.20811088295687888,stress_budget,floor
2024-12-09,0.406249317271382,0.1445038021278224,0.9610261470152934,0.3692313897472897,0.20811088295687888,0.9610261470152934,0.20811088295687888,stress_budget,floor
2024-12-10,0.40605399271987574,0.13853592981523533,0.9610261470152934,0.3694090014858699,0.20811088295687888,0.9610261470152934,0.20811088295687888,stress_budget,floor
2024-12-11,0.40692765832658195,0.1338506672382638,0.9610261470152934,0.3686158876908207,0.20811088295687888,0.9610261470152934,0.20811088295687888,stress_budget,floor
2024-12-12,0.40839927450304775,0.13227293254996964,0.9610261470152934,0.36728762601873965,0.20811088295687888,0.9610261470152934,0.20811088295687888,stress_budget,floor
2024-12-13,0.40112207806264544,0.1287154174729592,0.9610261470152934,0.37395099448146973,0.20811088295687888,0.9610261470152934,0.20811088295687888,stress_budget,floor
2024-12-16,0.4074354465598067,0.1374452895794968,0.9610261470152934,0.36815648041065024,0.20811088295687888,0.9610261470152934,0.20811088295687888,stress_budget,floor
2024-12-17,0.339087218346625,0.1477168369994463,0.9610261470152934,0.44236406412307044,0.20811088295687888,0.9610261470152934,0.20811088295687888,stress_budget,floor
2024-12-18,0.6591196702404571,0.4683492821946288,0.9610261470152934,0.22757627601263614,0.20811088295687888,0.9610261470152934,0.0,signal_off,floor
2024-12-19,0.7239248050241746,0.5074407569197114,0.9610261470152934,0.207203840728998,0.20811088295687888,0.9610261470152934,0.0,signal_off,floor
2024-12-20,0.9167719563847714,0.49186471091362355,0.9610261470152934,0.16361757027507137,0.20811088295687888,0.9610261470152934,0.16361757027507137,vol_target,floor
2024-12-23,0.945364076144763,0.44032807206948527,0.9610261470152934,0.15866902898585558,0.20811088295687888,0.9610261470152934,0.15866902898585558,vol_target,floor
2024-12-24,0.9558337747510147,0.3949399099092718,0.9610261470152934,0.15693105220002665,0.20811088295687888,0.9610261470152934,0.15693105220002665,vol_target,floor
2024-12-26,0.9479644085479264,0.35109401630756726,0.9610261470152934,0.15823378878724687,0.20811088295687888,0.9610261470152934,0.15823378878724687,vol_target,floor
2024-12-27,0.962894884963437,0.3466452152396281,0.9610261470152934,0.15578024386919012,0.20811088295687888,0.9610261470152934,0.15578024386919012,vol_target,floor
2024-12-30,0.9646989317640788,0.3171664677209228,0.9610261470152934,0.15548892515689353,0.20811088295687888,0.9610261470152934,0.15548892515689353,vol_target,floor
2024-12-31,0.9613555089171105,0.28542920801832117,0.9610261470152934,0.15602968788202284,0.20811088295687888,0.9610261470152934,0.15602968788202284,vol_target,floor
2025-01-02,0.9622035331216224,0.26616496181300464,0.9610261470152934,0.15589217336727448,0.20811088295687888,0.9610261470152934,0.15589217336727448,vol_target,floor
2025-01-03,0.9866057660102057,0.24885533946288776,0.9610261470152934,0.1520364112674853,0.20811088295687888,0.9610261470152934,0.1520364112674853,vol_target,floor
2025-01-06,0.9869380127777146,0.22618063493285856,0.9610261470152934,0.15198522912075135,0.20811088295687888,0.9610261470152934,0.15198522912075135,vol_target,floor
2025-01-07,1.008491700828866,0.27060903891820226,0.9610261470152934,0.148736970147317,0.20811088295687888,0.9610261470152934,0.0,signal_off,floor
2025-01-08,1.0059391119641095,0.24471207007881526,0.9610261470152934,0.14911439292495846,0.20811088295687888,0.9610261470152934,0.14911439292495846,vol_target,floor
2025-01-09,1.0039260596061352,0.22569720941147292,0.9610261470152934,0.14941339410877397,0.20811088295687888,0.9610261470152934,0.14941339410877397,vol_target,floor
2025-01-10,1.0169606001424187,0.2557534302351232,0.9610261470152934,0.14749833963970035,0.20811088295687888,0.9610261470152934,,signal_off,floor
2025-01-13,1.0200980324364433,0.23285766786124043,0.9610261470152934,0.14704469103007084,0.20811088295687888,0.9610261470152934,0.14704469103007084,vol_target,floor
2025-01-14,1.0246048322693613,0.2133463938422112,0.9610261470152934,0.1463979041244323,0.20811088295687888,0.9610261470152934,0.1463979041244323,vol_target,floor
2025-01-15,1.0750842211234863,0.2175551804637846,0.9610261470152934,0.13952395268460618,0.20811088295687888,0.9610261470152934,0.13952395268460618,vol_target,floor
2025-01-16,1.0734102105523395,0.2001165591939266,0.9610261470152934,0.13974154384353696,0.20811088295687888,0.9610261470152934,0.0,signal_off,floor
2025-01-17,1.0709484788884345,0.18676108131925168,0.9610261470152934,0.1400627602139077,0.20811088295687888,0.9610261470152934,0.1400627602139077,vol_target,floor
2025-01-21,0.897167163193924,0.17858431994392088,0.9610261470152934,0.16719292251624382,0.20811088295687888,0.9610261470152934,0.0,signal_off,floor
2025-01-22,0.8158212317282959,0.17135257416329402,0.9610261470152934,0.18386381006808186,0.20811088295687888,0.9610261470152934,0.0,signal_off,floor
2025-01-23,0.6303672542705683,0.16138580543203243,0.9610261470152934,0.237956522937685,0.20811088295687888,0.9610261470152934,0.0,signal_off,floor
2025-01-24,0.591227440750755,0.15250693310508331,0.9610261470152934,0.25370946891356455,0.20811088295687888,0.9610261470152934,0.20811088295687888,stress_budget,floor
2025-01-27,0.6076400249567553,0.2349401615221073,0.9610261470152934,0.24685668132324767,0.20811088295687888,0.9610261470152934,0.20811088295687888,stress_budget,floor
2025-01-28,0.6230960547223248,0.21758663651266863,0.9610261470152934,0.24073334899680224,0.20811088295687888,0.9610261470152934,0.20811088295687888,stress_budget,floor
2025-01-29,0.5971048403294532,0.19966192517640993,0.9610261470152934,0.25121216555075543,0.20811088295687888,0.9610261470152934,0.20811088295687888,stress_budget,floor
2025-01-30,0.5910788277039973,0.18454189215195255,0.9610261470152934,0.2537732582685529,0.20811088295687888,0.9610261470152934,0.20811088295687888,stress_budget,floor
2025-01-31,0.6040829160070738,0.19632542805800376,0.9610261470152934,0.2483102832827729,0.20811088295687888,0.9610261470152934,0.0,signal_off,floor
2025-02-03,0.6037598538772206,0.19242656494368413,0.9610261470152934,0.24844315009805817,0.20811088295687888,0.9610261470152934,0.0,signal_off,floor
2025-02-04,0.5782519469564127,0.18087543102219517,0.9610261470152934,0.2594024988407115,0.20811088295687888,0.9610261470152934,0.0,signal_off,floor
2025-02-05,0.5821833743918872,0.16972819166765088,0.9610261470152934,0.2576507791152242,0.20811088295687888,0.9610261470152934,0.20811088295687888,stress_budget,floor
2025-02-06,0.5334605737369698,0.15947909797189103,0.9610261470152934,0.28118291657287425,0.20811088295687888,0.9610261470152934,0.20811088295687888,stress_budget,floor
2025-02-07,0.550586594696467,0.17959788483792885,0.9610261470152934,0.27243670922045155,0.20811088295687888,0.9610261470152934,0.0,signal_off,floor
2025-02-10,0.5554248865177538,0.16978878877429826,0.9610261470152934,0.2700635200925685,0.20811088295687888,0.9610261470152934,0.20811088295687888,stress_budget,floor
2025-02-11,0.5141789812102691,0.16005551543322977,0.9610261470152934,0.29172721072131647,0.20811088295687888,0.9610261470152934,0.20811088295687888,stress_budget,floor
2025-02-12,0.5116467113764777,0.1513814281539577,0.9610261470152934,0.2931710429574669,0.20811088295687888,0.9610261470152934,0.20811088295687888,stress_budget,floor
2025-02-13,0.5111249145400283,0.14502183907468968,0.9610261470152934,0.29347033520169535,0.20811088295687888,0.9610261470152934,0.20811088295687888,stress_budget,floor
2025-02-14,0.41708355853783013,0.1389671103253878,0.9610261470152934,0.35964016545234967,0.20811088295687888,0.9610261470152934,0.20811088295687888,stress_budget,floor
2025-02-18,0.41690790735954925,0.13400500154795014,0.9610261470152934,0.3597916886489686,0.20811088295687888,0.9610261470152934,0.20811088295687888,stress_budget,floor
2025-02-19,0.4171613053278004,0.1303565669372317,0.9610261470152934,0.35957313893754306,0.20811088295687888,0.9610261470152934,0.20811088295687888,stress_budget,floor
2025-02-20,0.39372593748297396,0.1293303130258015,0.9610261470152934,0.3809756628149155,0.20811088295687888,0.9610261470152934,0.20811088295687888,stress_budget,floor
2025-02-21,0.46475017964691345,0.2257408874306032,0.9610261470152934,0.32275404414896647,0.20811088295687888,0.9610261470152934,0.20811088295687888,stress_budget,floor
2025-02-24,0.4600835170907802,0.20800316030989197,0.9610261470152934,0.3260277632819502,0.20811088295687888,0.9610261470152934,0.20811088295687888,stress_budget,floor
2025-02-25,0.4590354393269761,0.1920516191912762,0.9610261470152934,0.3267721555876502,0.20811088295687888,0.9610261470152934,0.20811088295687888,stress_budget,floor
2025-02-26,0.3956911461263543,0.17872804748840113,0.9610261470152934,0.3790835389379705,0.20811088295687888,0.9610261470152934,0.20811088295687888,stress_budget,floor
2025-02-27,0.4214203521858804,0.22888491358774554,0.9610261470152934,0.35593914537340116,0.20811088295687888,0.9610261470152934,0.20811088295687888,stress_budget,floor
2025-02-28,0.4310035571136869,0.21036649380551542,0.9610261470152934,0.348024969920223,0.20811088295687888,0.9610261470152934,0.20811088295687888,stress_budget,floor
2025-03-03,0.5179461399494045,0.3051575240231198,0.9610261470152934,0.2896054018563643,0.20811088295687888,0.9610261470152934,0.0,signal_off,floor
2025-03-04,0.5122213443123677,0.2831530058271958,0.9610261470152934,0.29284215049915135,0.20811088295687888,0.9610261470152934,0.0,signal_off,floor
2025-03-05,0.5427534774373286,0.26037893587036437,0.9610261470152934,0.2763685655377867,0.20811088295687888,0.9610261470152934,0.0,signal_off,floor
2025-03-06,0.6435267690233939,0.38876151283602306,0.9610261470152934,0.23309053674276461,0.20811088295687888,0.9610261470152934,0.0,signal_off,floor
2025-03-07,0.6678821556739255,0.34967109319409617,0.9610261470152934,0.22459051903945945,0.20811088295687888,0.9610261470152934,0.0,signal_off,floor
2025-03-10,0.7583104768155552,0.4546018541961247,0.9610261470152934,0.19780815983172112,0.20811088295687888,0.9610261470152934,0.0,signal_off,floor
2025-03-11,0.7573646057083596,0.4013113362182602,0.9610261470152934,0.1980552020380008,0.20811088295687888,0.9610261470152934,0.0,signal_off,floor
2025-03-12,0.77593233012918,0.3605106043807914,0.9610261470152934,0.19331582687761892,0.20811088295687888,0.9610261470152934,0.0,signal_off,floor
2025-03-13,0.783242330505674,0.3481381735559973,0.9610261470152934,0.19151161033796213,0.20811088295687888,0.9610261470152934,0.0,signal_off,floor
2025-03-14,0.8610139277000914,0.32799585176772234,0.9610261470152934,0.17421320976848126,0.20811088295687888,0.9610261470152934,0.0,signal_off,floor
2025-03-17,0.8711771545914272,0.29614545944642784,0.9610261470152934,0.1721808236240405,0.20811088295687888,0.9610261470152934,0.0,signal_off,floor
2025-03-18,0.8722822450671728,0.2795883297838893,0.9610261470152934,0.17196268850852145,0.20811088295687888,0.9610261470152934,0.0,signal_off,floor
2025-03-19,0.8854266367859168,0.2549429556972768,0.9610261470152934,0.16940985708821385,0.20811088295687888,0.9610261470152934,0.16940985708821385,vol_target,floor
2025-03-20,0.8870065312685654,0.2319027597697556,0.9610261470152934,0.16910811218658706,0.20811088295687888,0.9610261470152934,0.16910811218658706,vol_target,floor
2025-03-21,0.8874349309013198,0.21198294838409565,0.9610261470152934,0.16902647707100407,0.20811088295687888,0.9610261470152934,0.0,signal_off,floor
2025-03-24,0.8924562835702374,0.20709901113036086,0.9610261470152934,0.16807545956193023,0.20811088295687888,0.9610261470152934,0.0,signal_off,floor
2025-03-25,0.8925702447666144,0.19287737361177498,0.9610261470152934,0.1680540000963413,0.20811088295687888,0.9610261470152934,0.0,signal_off,floor
2025-03-26,0.8987792050627742,0.20075518473893725,0.9610261470152934,0.1668930468740912,0.20811088295687888,0.9610261470152934,0.0,signal_off,floor
2025-03-27,0.8958067609789364,0.18647759849811493,0.9610261470152934,0.1674468273002095,0.20811088295687888,0.9610261470152934,0.0,signal_off,floor
2025-03-28,0.9295877448858085,0.30374268683983396,0.9610261470152934,0.16136185188029362,0.20811088295687888,0.9610261470152934,0.0,signal_off,floor
2025-03-31,0.9246160126411375,0.27288469445461183,0.9610261470152934,0.16222950711347683,0.20811088295687888,0.9610261470152934,0.0,signal_off,floor
2025-04-01,0.877662602721648,0.24686219017041539,0.9610261470152934,0.17090850121088355,0.20811088295687888,0.9610261470152934,0.0,signal_off,floor
2025-04-02,0.8811931572689797,0.22634843124104004,0.9610261470152934,0.1702237457958531,0.20811088295687888,0.9610261470152934,0.0,signal_off,floor
2025-04-03,1.2193779485178982,0.7477209212989796,0.9610261470152934,0.12301354160317446,0.20811088295687888,0.9610261470152934,0.0,signal_off,floor
2025-04-04,1.3406998186296755,0.9329094714225982,0.9610261470152934,0.1118818678988966,0.20811088295687888,0.9610261470152934,0.0,signal_off,floor
2025-04-07,1.320424657184807,0.8026594132440384,0.9610261470152934,0.11359981744040239,0.20811088295687888,0.9610261470152934,0.0,signal_off,floor
2025-04-08,1.342635262690936,0.8388391413570894,0.9610261470152934,0.11172058724226194,0.20811088295687888,0.9610261470152934,0.0,signal_off,floor
2025-04-09,1.5794495123492474,0.8047953430537946,0.9610261470152934,0.09496979727885854,0.20811088295687888,0.9610261470152934,0.0,signal_off,floor
2025-04-10,1.688688206030804,0.9741496244623309,0.9610261470152934,0.08882634429748827,0.20530727003091276,0.9741496244623309,0.0,signal_off,model
2025-04-11,1.69808465998588,0.8380152851830963,0.9610261470152934,0.08833481836014423,0.20811088295687888,0.9610261470152934,0.0,signal_off,floor
2025-04-14,1.7193282022598257,0.7429274422922171,0.9610261470152934,0.08724337785121256,0.20811088295687888,0.9610261470152934,0.0,signal_off,floor
2025-04-15,1.7105395309777347,0.6445113065548984,0.9610261470152934,0.08769163020410341,0.20811088295687888,0.9610261470152934,0.0,signal_off,floor
2025-04-16,1.7248939788542215,0.6267358703492112,0.9610261470152934,0.0869618665488293,0.20811088295687888,0.9610261470152934,0.0,signal_off,floor
2025-04-17,1.723567663711038,0.5482969476960831,0.9610261470152934,0.08702878520999452,0.20811088295687888,0.9610261470152934,0.0,signal_off,floor
2025-04-21,1.7221245571339043,0.5211242792635585,0.9610261470152934,0.08710171362380538,0.20811088295687888,0.9610261470152934,0.0,signal_off,floor
2025-04-22,1.7495932296096193,0.46466965083368844,0.9610261470152934,0.08573421379406514,0.20811088295687888,0.9610261470152934,0.0,signal_off,floor
2025-04-23,1.7350051673936868,0.4124489371471993,0.9610261470152934,0.08645507392080508,0.20811088295687888,0.9610261470152934,0.0,signal_off,floor
2025-04-24,1.7463286653954764,0.3673952077295773,0.9610261470152934,0.08589448422415419,0.20811088295687888,0.9610261470152934,0.0,signal_off,floor
2025-04-25,1.7599560960598517,0.33022476609328866,0.9610261470152934,0.08522939881046832,0.20811088295687888,0.9610261470152934,0.0,signal_off,floor
2025-04-28,1.7598001601609132,0.29651454141062544,0.9610261470152934,0.08523695098782366,0.20811088295687888,0.9610261470152934,0.0,signal_off,floor
2025-04-29,1.7421897548967689,0.26688835682780565,0.9610261470152934,0.08609854327199166,0.20811088295687888,0.9610261470152934,0.0,signal_off,floor
2025-04-30,1.7409079376033902,0.25211821198883627,0.9610261470152934,0.08616193697553963,0.20811088295687888,0.9610261470152934,0.0,signal_off,floor
2025-05-01,1.743863544774374,0.22941105509761234,0.9610261470152934,0.08601590442640247,0.20811088295687888,0.9610261470152934,0.0,signal_off,floor
2025-05-02,1.7485879575355594,0.21407600171600452,0.9610261470152934,0.08578350282785221,0.20811088295687888,0.9610261470152934,0.0,signal_off,floor
2025-05-05,1.5240862726408018,0.20943640324080443,0.9610261470152934,0.09841962537992897,0.20811088295687888,0.9610261470152934,0.0,signal_off,floor
2025-05-06,1.3541786565660214,0.21679100727943768,0.9610261470152934,0.11076825001833643,0.20811088295687888,0.9610261470152934,0.0,signal_off,floor
2025-05-07,1.3566393508628345,0.20082384737130635,0.9610261470152934,0.11056733678305784,0.20811088295687888,0.9610261470152934,0.0,signal_off,floor
2025-05-08,1.2564034353162628,0.18902420505148032,0.9610261470152934,0.11938840326574074,0.20811088295687888,0.9610261470152934,0.0,signal_off,floor
2025-05-09,1.0119610537796528,0.17568146969200377,0.9610261470152934,0.14822704830364095,0.20811088295687888,0.9610261470152934,0.0,signal_off,floor
2025-05-12,0.8040121537757219,0.2205024548044731,0.9610261470152934,0.18656434395373866,0.20811088295687888,0.9610261470152934,0.18656434395373866,vol_target,floor
2025-05-13,0.8035737192272582,0.20215752276481905,0.9610261470152934,0.18666613455731818,0.20811088295687888,0.9610261470152934,0.0,signal_off,floor
2025-05-14,0.7345315617666153,0.19771750349184547,0.9610261470152934,0.20421178313868002,0.20811088295687888,0.9610261470152934,0.0,signal_off,floor
2025-05-15,0.7346623545531367,0.18348996867415351,0.9610261470152934,0.20417542707933975,0.20811088295687888,0.9610261470152934,0.0,signal_off,floor
2025-05-16,0.6467316449767142,0.1709421975240373,0.9610261470152934,0.2319354575658669,0.20811088295687888,0.9610261470152934,0.0,signal_off,floor
2025-05-19,0.651263594703859,0.1651545904797048,0.9610261470152934,0.23032148767383143,0.20811088295687888,0.9610261470152934,0.0,signal_off,floor
2025-05-20,0.5890411620632664,0.1557154056669228,0.9610261470152934,0.25465113418319846,0.20811088295687888,0.9610261470152934,0.20811088295687888,stress_budget,floor
2025-05-21,0.6295104474640919,0.22993569543717673,0.9610261470152934,0.2382803980525775,0.20811088295687888,0.9610261470152934,0.20811088295687888,stress_budget,floor
2025-05-22,0.6206697929672729,0.21016925214980603,0.9610261470152934,0.2416744003004981,0.20811088295687888,0.9610261470152934,0.20811088295687888,stress_budget,floor
2025-05-23,0.6658610230871931,0.2639728395073167,0.9610261470152934,0.22527223369306273,0.20811088295687888,0.9610261470152934,0.20811088295687888,stress_budget,floor
2025-05-27,0.7372730738801203,0.2654851961786791,0.9610261470152934,0.20345243209626535,0.20811088295687888,0.9610261470152934,0.20345243209626535,vol_target,floor
2025-05-28,0.7387431987984013,0.24337467862098336,0.9610261470152934,0.20304755460893809,0.20811088295687888,0.9610261470152934,0.0,signal_off,floor
2025-05-29,0.7393299605790998,0.22191141751133597,0.9610261470152934,0.20288640796121465,0.20811088295687888,0.9610261470152934,0.20288640796121465,vol_target,floor
2025-05-30,0.7321943394747281,0.20432406639428852,0.9610261470152934,0.20486364331580206,0.20811088295687888,0.9610261470152934,0.0,signal_off,floor
2025-06-02,0.7317597774285497,0.18873762816600786,0.9610261470152934,0.20498530341078533,0.20811088295687888,0.9610261470152934,0.0,signal_off,floor
2025-06-03,0.7228537507974508,0.17642364851714526,0.9610261470152934,0.20751085518269816,0.20811088295687888,0.9610261470152934,0.0,signal_off,floor
2025-06-04,0.7140788199108968,0.1650186682453986,0.9610261470152934,0.2100608445699553,0.20811088295687888,0.9610261470152934,0.20811088295687888,stress_budget,floor
2025-06-05,0.7047598123030725,0.16663023532626003,0.9610261470152934,0.21283846976151716,0.20811088295687888,0.9610261470152934,0.20811088295687888,stress_budget,floor
2025-06-06,0.7117829427286642,0.162493741437399,0.9610261470152934,0.21073840211029177,0.20811088295687888,0.9610261470152934,0.20811088295687888,stress_budget,floor
2025-06-09,0.7049141609076556,0.1535566113161776,0.9610261470152934,0.21279186646904394,0.20811088295687888,0.9610261470152934,0.20811088295687888,stress_budget,floor
2025-06-10,0.7050618960358253,0.14600068122133877,0.9610261470152934,0.21274727913019748,0.20811088295687888,0.9610261470152934,0.20811088295687888,stress_budget,floor
2025-06-11,0.5429855447834095,0.14210583635960958,0.9610261470152934,0.27625044799274207,0.20811088295687888,0.9610261470152934,0.20811088295687888,stress_budget,floor
2025-06-12,0.5446226857702251,0.14182328363870228,0.9610261470152934,0.2754200365118184,0.20811088295687888,0.9610261470152934,0.20811088295687888,stress_budget,floor
2025-06-13,0.6137359508750061,0.2591193780014785,0.9610261470152934,0.24440477991576723,0.20811088295687888,0.9610261470152934,0.20811088295687888,stress_budget,floor
2025-06-16,0.6654989852118821,0.24827910571311151,0.9610261470152934,0.22539478396385965,0.20811088295687888,0.9610261470152934,0.20811088295687888,stress_budget,floor
2025-06-17,0.6940450330215734,0.27658505430469843,0.9610261470152934,0.2161243044229631,0.20811088295687888,0.9610261470152934,0.20811088295687888,stress_budget,floor
2025-06-18,0.7011873381191839,0.2513488910704397,0.9610261470152934,0.21392285890722093,0.20811088295687888,0.9610261470152934,0.20811088295687888,stress_budget,floor
2025-06-20,0.7019760014951131,0.2331711042831015,0.9610261470152934,0.21368251860536608,0.20811088295687888,0.9610261470152934,0.20811088295687888,stress_budget,floor
2025-06-23,0.664052105016921,0.21336157254667523,0.9610261470152934,0.22588588887340064,0.20811088295687888,0.9610261470152934,0.20811088295687888,stress_budget,floor
2025-06-24,0.703323192207457,0.2092664942135623,0.9610261470152934,0.21327321729461038,0.20811088295687888,0.9610261470152934,0.20811088295687888,stress_budget,floor
2025-06-25,0.6547756934400449,0.1928605199439477,0.9610261470152934,0.2290860847505404,0.20811088295687888,0.9610261470152934,0.20811088295687888,stress_budget,floor
2025-06-26,0.5595661675244566,0.17882947721946071,0.9610261470152934,0.26806481289532935,0.20811088295687888,0.9610261470152934,0.20811088295687888,stress_budget,floor
2025-06-27,0.5569201415773465,0.16710355273069277,0.9610261470152934,0.2693384361627862,0.20811088295687888,0.9610261470152934,0.20811088295687888,stress_budget,floor
2025-06-30,0.5564171498146796,0.15728610964601586,0.9610261470152934,0.26958191358760064,0.20811088295687888,0.9610261470152934,0.20811088295687888,stress_budget,floor
2025-07-01,0.555634998530435,0.1492971266367557,0.9610261470152934,0.269961396234445,0.20811088295687888,0.9610261470152934,0.20811088295687888,stress_budget,floor
2025-07-02,0.5550438018578716,0.14248054752636338,0.9610261470152934,0.27024894161129653,0.20811088295687888,0.9610261470152934,0.20811088295687888,stress_budget,floor
2025-07-03,0.552024012699404,0.1370034275183081,0.9610261470152934,0.2717273099525113,0.20811088295687888,0.9610261470152934,0.20811088295687888,stress_budget,floor
2025-07-07,0.5552819728922869,0.1384028406131405,0.9610261470152934,0.27013302668317823,0.20811088295687888,0.9610261470152934,0.20811088295687888,stress_budget,floor
2025-07-08,0.5536392976782748,0.13574325400403534,0.9610261470152934,0.2709345247511069,0.20811088295687888,0.9610261470152934,0.20811088295687888,stress_budget,floor
2025-07-09,0.5472770127836517,0.13540526596581492,0.9610261470152934,0.2740842324749672,0.20811088295687888,0.9610261470152934,0.20811088295687888,stress_budget,floor
2025-07-10,0.5472170549092293,0.13122590742297258,0.9610261470152934,0.27411426353457047,0.20811088295687888,0.9610261470152934,0.20811088295687888,stress_budget,floor
2025-07-11,0.5485024163742661,0.12947987228221858,0.9610261470152934,0.2734719037183762,0.20811088295687888,0.9610261470152934,0.20811088295687888,stress_budget,floor
2025-07-14,0.5511093110066663,0.1336461717488416,0.9610261470152934,0.272178308375896,0.20811088295687888,0.9610261470152934,0.20811088295687888,stress_budget,floor
2025-07-15,0.5477734755318721,0.12968455287536224,0.9610261470152934,0.27383582210576074,0.20811088295687888,0.9610261470152934,0.20811088295687888,stress_budget,floor
2025-07-16,0.44612688943447687,0.1287166470505567,0.9610261470152934,0.33622721147820583,0.20811088295687888,0.9610261470152934,0.20811088295687888,stress_budget,floor
2025-07-17,0.37925732061255063,0.12565622787901856,0.9610261470152934,0.39550983421422214,0.20811088295687888,0.9610261470152934,0.20811088295687888,stress_budget,floor
2025-07-18,0.30378739059507964,0.12379501062382127,0.9610261470152934,0.4937663795267133,0.20811088295687888,0.9610261470152934,0.20811088295687888,stress_budget,floor
2025-07-21,0.2956654208617864,0.12175628104818062,0.9610261470152934,0.5073302098121238,0.20811088295687888,0.9610261470152934,0.20811088295687888,stress_budget,floor
2025-07-22,0.28418542129449464,0.12004492311074978,0.9610261470152934,0.5278244018174266,0.20811088295687888,0.9610261470152934,0.20811088295687888,stress_budget,floor
2025-07-23,0.3034551244679101,0.1247672563022068,0.9610261470152934,0.49430702566982765,0.20811088295687888,0.9610261470152934,0.20811088295687888,stress_budget,floor
2025-07-24,0.21587851096659372,0.12245691548710608,0.9610261470152934,0.6948352539971515,0.20811088295687888,0.9610261470152934,0.20811088295687888,stress_budget,floor
2025-07-25,0.21532647959855952,0.12075806726459513,0.9610261470152934,0.6966165994988173,0.20811088295687888,0.9610261470152934,0.20811088295687888,stress_budget,floor
2025-07-28,0.22582480259198756,0.12166513627498803,0.9610261470152934,0.6642317330883039,0.20811088295687888,0.9610261470152934,0.20811088295687888,stress_budget,floor
2025-07-29,0.2501808147118319,0.1370738923132579,0.9610261470152934,0.5995663583267802,0.20811088295687888,0.9610261470152934,0.20811088295687888,stress_budget,floor
2025-07-30,0.2526026821834441,0.133400281652335,0.9610261470152934,0.5938179226896236,0.20811088295687888,0.9610261470152934,0.20811088295687888,stress_budget,floor
2025-07-31,0.25381368348745637,0.13039411188250613,0.9610261470152934,0.590984685848953,0.20811088295687888,0.9610261470152934,0.20811088295687888,stress_budget,floor
2025-08-01,0.4010989011786026,0.25344969903830245,0.9610261470152934,0.3739726026654147,0.20811088295687888,0.9610261470152934,0.20811088295687888,stress_budget,floor
2025-08-04,0.46459288865633364,0.24217314866331333,0.9610261470152934,0.3228633146620487,0.20811088295687888,0.9610261470152934,0.20811088295687888,stress_budget,floor
2025-08-05,0.46305584894094515,0.22303759976972373,0.9610261470152934,0.323935007716812,0.20811088295687888,0.9610261470152934,0.20811088295687888,stress_budget,floor
2025-08-06,0.4674330251513158,0.20689597928767456,0.9610261470152934,0.32090158788297535,0.20811088295687888,0.9610261470152934,0.20811088295687888,stress_budget,floor
2025-08-07,0.45706152264364663,0.19282878743501458,0.9610261470152934,0.3281833901318122,0.20811088295687888,0.9610261470152934,0.20811088295687888,stress_budget,floor
2025-08-08,0.4701100879713708,0.18211733931236876,0.9610261470152934,0.319074199507786,0.20811088295687888,0.9610261470152934,0.20811088295687888,stress_budget,floor
2025-08-11,0.47010312028834655,0.17121225956945688,0.9610261470152934,0.3190789286997174,0.20811088295687888,0.9610261470152934,0.20811088295687888,stress_budget,floor
2025-08-12,0.483163805462816,0.16636254817522317,0.9610261470152934,0.310453718395394,0.20811088295687888,0.9610261470152934,0.20811088295687888,stress_budget,floor
2025-08-13,0.4831846385391082,0.15664135803881357,0.9610261470152934,0.31044033281670486,0.20811088295687888,0.9610261470152934,0.20811088295687888,stress_budget,floor
2025-08-14,0.4818860911404963,0.1492072982328884,0.9610261470152934,0.31127688214654603,0.20811088295687888,0.9610261470152934,0.20811088295687888,stress_budget,floor
2025-08-15,0.48197265038864384,0.1424069946294406,0.9610261470152934,0.311220978781775,0.20811088295687888,0.9610261470152934,0.20811088295687888,stress_budget,floor
2025-08-18,0.4854711142883266,0.13882903600841698,0.9610261470152934,0.30897821844640866,0.20811088295687888,0.9610261470152934,0.20811088295687888,stress_budget,floor
2025-08-19,0.49569390113962253,0.14671935235948602,0.9610261470152934,0.3026061035956732,0.20811088295687888,0.9610261470152934,0.20811088295687888,stress_budget,floor
2025-08-20,0.4956690739096499,0.14037775770983582,0.9610261470152934,0.302621260626282,0.20811088295687888,0.9610261470152934,0.20811088295687888,stress_budget,floor
2025-08-21,0.48589007389419664,0.14355120982458608,0.9610261470152934,0.3087118014118204,0.20811088295687888,0.9610261470152934,0.20811088295687888,stress_budget,floor
2025-08-22,0.5600043611907877,0.16335344425158352,0.9610261470152934,0.2678550568446315,0.20811088295687888,0.9610261470152934,0.20811088295687888,stress_budget,floor
2025-08-25,0.5609361071709963,0.15457005320297343,0.9610261470152934,0.26741013474155595,0.20811088295687888,0.9610261470152934,0.20811088295687888,stress_budget,floor
2025-08-26,0.5565292037531445,0.14689380842115804,0.9610261470152934,0.26952763482746966,0.20811088295687888,0.9610261470152934,0.20811088295687888,stress_budget,floor
2025-08-27,0.5467071843883602,0.1410101925955427,0.9610261470152934,0.27436990821295965,0.20811088295687888,0.9610261470152934,0.20811088295687888,stress_budget,floor
2025-08-28,0.5455260837097724,0.13602573566012624,0.9610261470152934,0.2749639375260416,0.20811088295687888,0.9610261470152934,0.20811088295687888,stress_budget,floor
2025-08-29,0.5557137045521847,0.14809125443901694,0.9610261470152934,0.2699231614611263,0.20811088295687888,0.9610261470152934,0.20811088295687888,stress_budget,floor
2025-09-02,0.4700163087406629,0.16412909256568128,0.9610261470152934,0.31913786226248647,0.20811088295687888,0.9610261470152934,0.20811088295687888,stress_budget,floor
2025-09-03,0.4216949443502716,0.15664559658449753,0.9610261470152934,0.3557073709553554,0.20811088295687888,0.9610261470152934,0.20811088295687888,stress_budget,floor
2025-09-04,0.42485784994374654,0.15164949684032428,0.9610261470152934,0.35305926445718444,0.20811088295687888,0.9610261470152934,0.20811088295687888,stress_budget,floor
2025-09-05,0.4184291871114334,0.14548949585117507,0.9610261470152934,0.3584835967956818,0.20811088295687888,0.9610261470152934,0.20811088295687888,stress_budget,floor
2025-09-08,0.4162011511935649,0.14045467187526772,0.9610261470152934,0.3604026552301358,0.20811088295687888,0.9610261470152934,0.20811088295687888,stress_budget,floor
2025-09-09,0.405328877522096,0.1352346664052476,0.9610261470152934,0.3700698576351075,0.20811088295687888,0.9610261470152934,0.20811088295687888,stress_budget,floor
2025-09-10,0.402631945925283,0.1309578681489637,0.9610261470152934,0.37254868004893904,0.20811088295687888,0.9610261470152934,0.20811088295687888,stress_budget,floor
2025-09-11,0.3862101094844869,0.1292034210212621,0.9610261470152934,0.3883896260515291,0.20811088295687888,0.9610261470152934,0.20811088295687888,stress_budget,floor
2025-09-12,0.38643762986441177,0.12604414011416004,0.9610261470152934,0.38816095640745457,0.20811088295687888,0.9610261470152934,0.20811088295687888,stress_budget,floor
2025-09-15,0.38982195096971756,0.1278522436445814,0.9610261470152934,0.38479105557514487,0.20811088295687888,0.9610261470152934,0.20811088295687888,stress_budget,floor
2025-09-16,0.39861307434490284,0.1348235008477118,0.9610261470152934,0.376304766838158,0.20811088295687888,0.9610261470152934,0.20811088295687888,stress_budget,floor
2025-09-17,0.4072540786574247,0.13523267724171192,0.9610261470152934,0.3683204364570096,0.20811088295687888,0.9610261470152934,0.20811088295687888,stress_budget,floor
2025-09-18,0.39503876763667534,0.13097696380410284,0.9610261470152934,0.3797095684997627,0.20811088295687888,0.9610261470152934,0.20811088295687888,stress_budget,floor
2025-09-19,0.3963912716040223,0.12808795886454047,0.9610261470152934,0.3784139832166726,0.20811088295687888,0.9610261470152934,0.20811088295687888,stress_budget,floor
2025-09-22,0.3974484673087902,0.1353124571730403,0.9610261470152934,0.37740741841497727,0.20811088295687888,0.9610261470152934,0.20811088295687888,stress_budget,floor
2025-09-23,0.2883527855687215,0.13831042712955424,0.9610261470152934,0.5201961191536724,0.20811088295687888,0.9610261470152934,0.20811088295687888,stress_budget,floor
2025-09-24,0.29110801566054567,0.13403888669584427,0.9610261470152934,0.5152726545836908,0.20811088295687888,0.9610261470152934,0.20811088295687888,stress_budget,floor
2025-09-25,0.29697648154779943,0.1369636488785699,0.9610261470152934,0.5050905015044329,0.20811088295687888,0.9610261470152934,0.20811088295687888,stress_budget,floor
2025-09-26,0.3271932535237148,0.13860162945607843,0.9610261470152934,0.45844466040962567,0.20811088295687888,0.9610261470152934,0.20811088295687888,stress_budget,floor
2025-09-29,0.33150497459646844,0.14003193041254378,0.9610261470152934,0.45248189769275926,0.20811088295687888,0.9610261470152934,0.20811088295687888,stress_budget,floor
2025-09-30,0.31641938533506186,0.13492360528491287,0.9610261470152934,0.47405439411103856,0.20811088295687888,0.9610261470152934,0.20811088295687888,stress_budget,floor
2025-10-01,0.2903576658771656,0.13071633109730327,0.9610261470152934,0.5166042354929825,0.20811088295687888,0.9610261470152934,0.20811088295687888,stress_budget,floor
2025-10-02,0.29006500762913817,0.1349975384248007,0.9610261470152934,0.5171254582758292,0.20811088295687888,0.9610261470152934,0.20811088295687888,stress_budget,floor
2025-10-03,0.27226305691824143,0.1307942218361061,0.9610261470152934,0.5509377647406782,0.20811088295687888,0.9610261470152934,0.20811088295687888,stress_budget,floor
2025-10-06,0.27140940364937777,0.1274221877508375,0.9610261470152934,0.5526706075143166,0.20811088295687888,0.9610261470152934,0.20811088295687888,stress_budget,floor
2025-10-07,0.2801216202150116,0.14102022889766283,0.9610261470152934,0.5354816950039959,0.20811088295687888,0.9610261470152934,0.20811088295687888,stress_budget,floor
2025-10-08,0.2862327067417569,0.13666248074991436,0.9610261470152934,0.5240491266965241,0.20811088295687888,0.9610261470152934,0.20811088295687888,stress_budget,floor
2025-10-09,0.28653427832321365,0.13278715380501516,0.9610261470152934,0.5234975755005424,0.20811088295687888,0.9610261470152934,0.20811088295687888,stress_budget,floor
2025-10-10,0.5245883635626107,0.3630605572350031,0.9610261470152934,0.2859384813290796,0.20811088295687888,0.9610261470152934,0.20811088295687888,stress_budget,floor
2025-10-13,0.6001284239572956,0.3361194337688143,0.9610261470152934,0.24994650146861533,0.20811088295687888,0.9610261470152934,0.20811088295687888,stress_budget,floor
2025-10-14,0.6190110719961696,0.3299053638017482,0.9610261470152934,0.24232199840349253,0.20811088295687888,0.9610261470152934,0.20811088295687888,stress_budget,floor
2025-10-15,0.6177302430619813,0.2980070568224691,0.9610261470152934,0.24282443944540597,0.20811088295687888,0.9610261470152934,0.20811088295687888,stress_budget,floor
2025-10-16,0.6774900484931082,0.3804164319541226,0.9610261470152934,0.2214054661520624,0.20811088295687888,0.9610261470152934,0.0,signal_off,floor
2025-10-17,0.7486172023389142,0.35203863253918627,0.9610261470152934,0.20036942716698616,0.20811088295687888,0.9610261470152934,0.20036942716698616,vol_target,floor
2025-10-20,0.8025234287784049,0.3265250931523632,0.9610261470152934,0.18691043104913319,0.20811088295687888,0.9610261470152934,0.18691043104913319,vol_target,floor
2025-10-21,0.8011219770429118,0.29234105445101854,0.9610261470152934,0.18723740491264204,0.20811088295687888,0.9610261470152934,0.18723740491264204,vol_target,floor
2025-10-22,0.8008515334405021,0.2669587330161285,0.9610261470152934,0.1873006340583401,0.20811088295687888,0.9610261470152934,0.1873006340583401,vol_target,floor
2025-10-23,0.8021677932924396,0.24226903705147132,0.9610261470152934,0.18699329648269206,0.20811088295687888,0.9610261470152934,0.18699329648269206,vol_target,floor
2025-10-24,0.8022491650504165,0.22097370051438248,0.9610261470152934,0.1869743298399985,0.20811088295687888,0.9610261470152934,0.1869743298399985,vol_target,floor
2025-10-27,0.7957363976396068,0.2047896670631259,0.9610261470152934,0.18850463601381695,0.20811088295687888,0.9610261470152934,0.18850463601381695,vol_target,floor
2025-10-28,0.8007416523874944,0.20598052518637958,0.9610261470152934,0.1873263362193779,0.20811088295687888,0.9610261470152934,0.1873263362193779,vol_target,floor
2025-10-29,0.8025949162697,0.19761974135098717,0.9610261470152934,0.18689378285271213,0.20811088295687888,0.9610261470152934,0.18689378285271213,vol_target,floor
2025-10-30,0.8026747093052752,0.1857319752204528,0.9610261470152934,0.18687520394136603,0.20811088295687888,0.9610261470152934,0.18687520394136603,vol_target,floor
2025-10-31,0.8013177737824049,0.17316225280844186,0.9610261470152934,0.1871916546814697,0.20811088295687888,0.9610261470152934,0.1871916546814697,vol_target,floor
2025-11-03,0.8015068496313638,0.16236334274382144,0.9610261470152934,0.18714749608065026,0.20811088295687888,0.9610261470152934,0.18714749608065026,vol_target,floor
2025-11-04,0.8100772514196739,0.18421670989486996,0.9610261470152934,0.18516752536517042,0.20811088295687888,0.9610261470152934,0.18516752536517042,vol_target,floor
2025-11-05,0.8201071725921619,0.17602177518713333,0.9610261470152934,0.18290292417012521,0.20811088295687888,0.9610261470152934,0.18290292417012521,vol_target,floor
2025-11-06,0.8301999924376603,0.20410405696401626,0.9610261470152934,0.18067935601825905,0.20811088295687888,0.9610261470152934,0.18067935601825905,vol_target,floor
2025-11-07,0.8314276370235469,0.18839893232620356,0.9610261470152934,0.18041257389156506,0.20811088295687888,0.9610261470152934,0.18041257389156506,vol_target,floor
2025-11-10,0.718757808129159,0.1838844376592956,0.9610261470152934,0.2086933850366539,0.20811088295687888,0.9610261470152934,0.20811088295687888,stress_budget,floor
2025-11-11,0.6676568545503389,0.17126471879228833,0.9610261470152934,0.2246663072170864,0.20811088295687888,0.9610261470152934,0.0,signal_off,floor
2025-11-12,0.6453857133825803,0.16234687557575608,0.9610261470152934,0.23241915166331084,0.20811088295687888,0.9610261470152934,0.20811088295687888,stress_budget,floor
2025-11-13,0.6920158848377198,0.2400245946077064,0.9610261470152934,0.21675803010674463,0.20811088295687888,0.9610261470152934,0.20811088295687888,stress_budget,floor
2025-11-14,0.597478456631407,0.2194693599323584,0.9610261470152934,0.2510550771080557,0.20811088295687888,0.9610261470152934,0.20811088295687888,stress_budget,floor
2025-11-17,0.5673752816058447,0.2543483854104342,0.9610261470152934,0.2643752818689146,0.20811088295687888,0.9610261470152934,0.20811088295687888,stress_budget,floor
2025-11-18,0.5014731720484,0.2482918640486436,0.9610261470152934,0.2991186934034482,0.20811088295687888,0.9610261470152934,0.20811088295687888,stress_budget,floor
2025-11-19,0.510408355027969,0.22698515993423066,0.9610261470152934,0.2938823366082642,0.20811088295687888,0.9610261470152934,0.20811088295687888,stress_budget,floor
2025-11-20,0.5661373912259652,0.29272361130767854,0.9610261470152934,0.2649533528869669,0.20811088295687888,0.9610261470152934,0.20811088295687888,stress_budget,floor
2025-11-21,0.5998512147542902,0.2702330356135825,0.9610261470152934,0.25006200922914307,0.20811088295687888,0.9610261470152934,0.20811088295687888,stress_budget,floor
2025-11-24,0.6575282992501881,0.25762204006900513,0.9610261470152934,0.22812706338427166,0.20811088295687888,0.9610261470152934,0.20811088295687888,stress_budget,floor
2025-11-25,0.656054085358171,0.23532662423214415,0.9610261470152934,0.22863968588520853,0.20811088295687888,0.9610261470152934,0.20811088295687888,stress_budget,floor
2025-11-26,0.656857435262883,0.21630954660064353,0.9610261470152934,0.22836005493333272,0.20811088295687888,0.9610261470152934,0.0,signal_off,floor
2025-11-28,0.657756384778449,0.19964040767719818,0.9610261470152934,0.22804795737638373,0.20811088295687888,0.9610261470152934,0.0,signal_off,floor
2025-12-01,0.6566188604684545,0.18496444158376465,0.9610261470152934,0.2284430268923205,0.20811088295687888,0.9610261470152934,0.20811088295687888,stress_budget,floor
2025-12-02,0.6588126298279443,0.1729270625297655,0.9610261470152934,0.22768233820771475,0.20811088295687888,0.9610261470152934,0.20811088295687888,stress_budget,floor
2025-12-03,0.6586462844708342,0.1621074354622155,0.9610261470152934,0.22773984084721913,0.20811088295687888,0.9610261470152934,0.20811088295687888,stress_budget,floor
2025-12-04,0.6426850523495096,0.15332716044832997,0.9610261470152934,0.2333958125393368,0.20811088295687888,0.9610261470152934,0.20811088295687888,stress_budget,floor
2025-12-05,0.6309893171429083,0.1461250097102867,0.9610261470152934,0.23772193272493639,0.20811088295687888,0.9610261470152934,0.20811088295687888,stress_budget,floor
2025-12-08,0.6109497991738196,0.14714567334139803,0.9610261470152934,0.24551935396794183,0.20811088295687888,0.9610261470152934,0.20811088295687888,stress_budget,floor
2025-12-09,0.611054946700756,0.14095995558477933,0.9610261470152934,0.24547710612587112,0.20811088295687888,0.9610261470152934,0.20811088295687888,stress_budget,floor
2025-12-10,0.5975474562275305,0.14098925391213457,0.9610261470152934,0.25102608744582106,0.20811088295687888,0.9610261470152934,0.20811088295687888,stress_budget,floor
2025-12-11,0.5988142011726377,0.13626199646126635,0.9610261470152934,0.2504950612498168,0.20811088295687888,0.9610261470152934,0.20811088295687888,stress_budget,floor
2025-12-12,0.5980047720671091,0.13226434775549767,0.9610261470152934,0.2508341187336992,0.20811088295687888,0.9610261470152934,0.20811088295687888,stress_budget,floor
2025-12-15,0.5343826373577911,0.12857009685225262,0.9610261470152934,0.2806977426169047,0.20811088295687888,0.9610261470152934,0.20811088295687888,stress_budget,floor
2025-12-16,0.533066684045172,0.1255730012278317,0.9610261470152934,0.28139068617405666,0.20811088295687888,0.9610261470152934,0.20811088295687888,stress_budget,floor
2025-12-17,0.48853900061167976,0.1314163499013323,0.9610261470152934,0.3070379228929341,0.20811088295687888,0.9610261470152934,0.20811088295687888,stress_budget,floor
2025-12-18,0.4713848170102852,0.13141411779899784,0.9610261470152934,0.3182113521418895,0.20811088295687888,0.9610261470152934,0.20811088295687888,stress_budget,floor
2025-12-19,0.4790469367964705,0.1334117556276236,0.9610261470152934,0.3131217183082198,0.20811088295687888,0.9610261470152934,0.20811088295687888,stress_budget,floor
2025-12-22,0.35971143733519245,0.13315366399602946,0.9610261470152934,0.4170009191568308,0.20811088295687888,0.9610261470152934,0.20811088295687888,stress_budget,floor
2025-12-23,0.34146152586775086,0.13070922460156828,0.9610261470152934,0.43928814415857637,0.20811088295687888,0.9610261470152934,0.20811088295687888,stress_budget,floor
2025-12-24,0.26815321427420696,0.12726571518978183,0.9610261470152934,0.5593816967885145,0.20811088295687888,0.9610261470152934,0.20811088295687888,stress_budget,floor
2025-12-26,0.2636060737179945,0.12455518235422135,0.9610261470152934,0.5690308947906483,0.20811088295687888,0.9610261470152934,0.20811088295687888,stress_budget,floor
2025-12-29,0.2569144338490751,0.12270020393076786,0.9610261470152934,0.5838519765227275,0.20811088295687888,0.9610261470152934,0.20811088295687888,stress_budget,floor
2025-12-30,0.2534772180076257,0.12121955176243986,0.9610261470152934,0.5917691585027864,0.20811088295687888,0.9610261470152934,0.20811088295687888,stress_budget,floor
2025-12-31,0.25816648544212256,0.1229638253348366,0.9610261470152934,0.5810204207688606,0.20811088295687888,0.9610261470152934,0.20811088295687888,stress_budget,floor
2026-01-02,0.25864223321253227,0.12214155772751369,0.9610261470152934,0.5799516890064181,0.20811088295687888,0.9610261470152934,0.20811088295687888,stress_budget,floor
2026-01-05,0.2680806689290898,0.12552161289770136,0.9610261470152934,0.5595330711431363,0.20811088295687888,0.9610261470152934,0.20811088295687888,stress_budget,floor
2026-01-06,0.2680994137104368,0.12336527508953683,0.9610261470152934,0.5594939501136279,0.20811088295687888,0.9610261470152934,0.20811088295687888,stress_budget,floor
2026-01-07,0.28036085736501004,0.12987325092233107,0.9610261470152934,0.5350247584837087,0.20811088295687888,0.9610261470152934,0.20811088295687888,stress_budget,floor
2026-01-08,0.26846267273669605,0.12684623811015044,0.9610261470152934,0.5587368942985889,0.20811088295687888,0.9610261470152934,0.20811088295687888,stress_budget,floor
2026-01-09,0.2683060536084715,0.12505934360395832,0.9610261470152934,0.5590630475259016,0.20811088295687888,0.9610261470152934,0.20811088295687888,stress_budget,floor
2026-01-12,0.24652451715389007,0.12326811728559046,0.9610261470152934,0.6084587518180362,0.20811088295687888,0.9610261470152934,0.20811088295687888,stress_budget,floor
2026-01-13,0.2705100346888061,0.14151608825677572,0.9610261470152934,0.5545080801625697,0.20811088295687888,0.9610261470152934,0.20811088295687888,stress_budget,floor
2026-01-14,0.29102310628373157,0.15452469095649393,0.9610261470152934,0.5154229913749812,0.20811088295687888,0.9610261470152934,0.20811088295687888,stress_budget,floor
2026-01-15,0.3051896334488937,0.1496988457439929,0.9610261470152934,0.49149769048468883,0.20811088295687888,0.9610261470152934,0.20811088295687888,stress_budget,floor
2026-01-16,0.3068717949486036,0.1440150892451482,0.9610261470152934,0.4888034758134834,0.20811088295687888,0.9610261470152934,0.20811088295687888,stress_budget,floor
2026-01-20,0.5141975317971693,0.3341554430821185,0.9610261470152934,0.29171668614537244,0.20811088295687888,0.9610261470152934,0.20811088295687888,stress_budget,floor
2026-01-21,0.6061206828615625,0.31968321564810537,0.9610261470152934,0.24747546856812982,0.20811088295687888,0.9610261470152934,0.20811088295687888,stress_budget,floor
2026-01-22,0.5963351162861018,0.2873792107705798,0.9610261470152934,0.2515364195457424,0.20811088295687888,0.9610261470152934,0.20811088295687888,stress_budget,floor
2026-01-23,0.5904638292578189,0.2659007652814526,0.9610261470152934,0.25403757616879236,0.20811088295687888,0.9610261470152934,0.20811088295687888,stress_budget,floor
2026-01-26,0.5902468361612033,0.24065464366606257,0.9610261470152934,0.25413096828363724,0.20811088295687888,0.9610261470152934,0.20811088295687888,stress_budget,floor
2026-01-27,0.5932395669672076,0.22536104028448523,0.9610261470152934,0.2528489472926399,0.20811088295687888,0.9610261470152934,0.20811088295687888,stress_budget,floor
2026-01-28,0.5932201814008675,0.20640155142072475,0.9610261470152934,0.25285721002576234,0.20811088295687888,0.9610261470152934,0.20811088295687888,stress_budget,floor
2026-01-29,0.5919373974603949,0.19265585548747513,0.9610261470152934,0.25340517535055074,0.20811088295687888,0.9610261470152934,0.20811088295687888,stress_budget,floor
2026-01-30,0.5908286587274353,0.18314629111332573,0.9610261470152934,0.2538807110729524,0.20811088295687888,0.9610261470152934,0.20811088295687888,stress_budget,floor
2026-02-02,0.619661268788021,0.17869173550037235,0.9610261470152934,0.24206773531833128,0.20811088295687888,0.9610261470152934,0.20811088295687888,stress_budget,floor
2026-02-03,0.6330448039693383,0.20419597834245978,0.9610261470152934,0.23695005323393398,0.20811088295687888,0.9610261470152934,0.20811088295687888,stress_budget,floor
2026-02-04,0.6340153590972775,0.19462834022037795,0.9610261470152934,0.2365873284419682,0.20811088295687888,0.9610261470152934,0.20811088295687888,stress_budget,floor
2026-02-05,0.662882176661942,0.24552791970948226,0.9610261470152934,0.22628455746894713,0.20811088295687888,0.9610261470152934,0.20811088295687888,stress_budget,floor
2026-02-06,0.7055083632620662,0.23387917054271445,0.9610261470152934,0.212612646158358,0.20811088295687888,0.9610261470152934,0.20811088295687888,stress_budget,floor
2026-02-09,0.7155136041820714,0.21617159667246727,0.9610261470152934,0.20963961988042173,0.20811088295687888,0.9610261470152934,0.20811088295687888,stress_budget,floor
2026-02-10,0.7154012480797887,0.20893767953335493,0.9610261470152934,0.20967254446733996,0.20811088295687888,0.9610261470152934,0.20811088295687888,stress_budget,floor
2026-02-11,0.7158763484000786,0.19235600704318503,0.9610261470152934,0.20953339265256765,0.20811088295687888,0.9610261470152934,0.20811088295687888,stress_budget,floor
2026-02-12,0.7462719361690552,0.2551946270959047,0.9610261470152934,0.20099911671610823,0.20811088295687888,0.9610261470152934,0.20099911671610823,vol_target,floor
2026-02-13,0.7425746332109648,0.23422475547499105,0.9610261470152934,0.20199989777645033,0.20811088295687888,0.9610261470152934,0.20199989777645033,vol_target,floor
2026-02-17,0.7422102908198008,0.21584439526171376,0.9610261470152934,0.20209905717464388,0.20811088295687888,0.9610261470152934,0.20209905717464388,vol_target,floor
2026-02-18,0.7426341052860561,0.19818492704785232,0.9610261470152934,0.2019837210980518,0.20811088295687888,0.9610261470152934,0.2019837210980518,vol_target,floor
2026-02-19,0.6322719215209215,0.20109808141823385,0.9610261470152934,0.2372396984499597,0.20811088295687888,0.9610261470152934,0.20811088295687888,stress_budget,floor
2026-02-20,0.5343677130920097,0.18725191318568046,0.9610261470152934,0.2807055821768415,0.20811088295687888,0.9610261470152934,0.20811088295687888,stress_budget,floor
2026-02-23,0.5404619500688985,0.20712985808057593,0.9610261470152934,0.2775403522502886,0.20811088295687888,0.9610261470152934,0.20811088295687888,stress_budget,floor
2026-02-24,0.5578913342066535,0.19430202145789086,0.9610261470152934,0.2688695643808605,0.20811088295687888,0.9610261470152934,0.20811088295687888,stress_budget,floor
2026-02-25,0.5750745234185166,0.18372521566477384,0.9610261470152934,0.2608357593522464,0.20811088295687888,0.9610261470152934,0.20811088295687888,stress_budget,floor
2026-02-26,0.5742926413594809,0.17668000684679175,0.9610261470152934,0.26119087934840324,0.20811088295687888,0.9610261470152934,0.20811088295687888,stress_budget,floor
2026-02-27,0.588446210132097,0.19706942540123598,0.9610261470152934,0.2549086006796226,0.20811088295687888,0.9610261470152934,0.20811088295687888,stress_budget,floor
2026-03-02,0.5886965658103746,0.18575805182418767,0.9610261470152934,0.25480019540035265,0.20811088295687888,0.9610261470152934,0.20811088295687888,stress_budget,floor
2026-03-03,0.6076539440890727,0.2166952406289267,0.9610261470152934,0.24685102673835738,0.20811088295687888,0.9610261470152934,0.0,signal_off,floor
2026-03-04,0.5919446640548717,0.20238909189382556,0.9610261470152934,0.2534020645992265,0.20811088295687888,0.9610261470152934,0.20811088295687888,stress_budget,floor
2026-03-05,0.6156267304308047,0.26010997528189383,0.9610261470152934,0.24365413745928907,0.20811088295687888,0.9610261470152934,0.0,signal_off,floor
2026-03-06,0.7620155993939833,0.44738241650904886,0.9610261470152934,0.196846363931778,0.20811088295687888,0.9610261470152934,0.0,signal_off,floor
2026-03-09,0.8304552175965091,0.4129966446690717,0.9610261470152934,0.18062382753657413,0.20811088295687888,0.9610261470152934,0.0,signal_off,floor
2026-03-10,0.8016687999380357,0.39391905962186413,0.9610261470152934,0.18710968920281557,0.20811088295687888,0.9610261470152934,0.0,signal_off,floor
2026-03-11,0.8110002184538757,0.3534781989246517,0.9610261470152934,0.18495679358257905,0.20811088295687888,0.9610261470152934,0.0,signal_off,floor
2026-03-12,0.8350774848965261,0.37326193319589196,0.9610261470152934,0.17962405011863827,0.20811088295687888,0.9610261470152934,0.0,signal_off,floor
2026-03-13,0.8330111669783724,0.3374663505873027,0.9610261470152934,0.18006961484574488,0.20811088295687888,0.9610261470152934,0.0,signal_off,floor
2026-03-16,0.8656926991010918,0.31445808023569605,0.9610261470152934,0.17327164726669786,0.20811088295687888,0.9610261470152934,0.0,signal_off,floor
2026-03-17,0.8683830606202825,0.2822667148081884,0.9610261470152934,0.17273482959565747,0.20811088295687888,0.9610261470152934,0.17273482959565747,vol_target,floor
2026-03-18,0.9000239876249736,0.34917801026177797,0.9610261470152934,0.16666222463228694,0.20811088295687888,0.9610261470152934,0.0,signal_off,floor
2026-03-19,0.9094123040588683,0.3130371353994622,0.9610261470152934,0.16494168742881904,0.20811088295687888,0.9610261470152934,0.0,signal_off,floor
2026-03-20,0.9332642604047067,0.34915929398026274,0.9610261470152934,0.1607261805299959,0.20811088295687888,0.9610261470152934,0.0,signal_off,floor
2026-03-23,0.9535278679040138,0.3175333799092038,0.9610261470152934,0.15731055698426596,0.20811088295687888,0.9610261470152934,0.0,signal_off,floor
2026-03-24,0.9489147130588236,0.29522808847765625,0.9610261470152934,0.15807532324635948,0.20811088295687888,0.9610261470152934,0.0,signal_off,floor
2026-03-25,0.9417909274689421,0.26661690635338986,0.9610261470152934,0.15927101825362044,0.20811088295687888,0.9610261470152934,0.0,signal_off,floor
2026-03-26,0.9489204720263505,0.31545685101015997,0.9610261470152934,0.15807436389235646,0.20811088295687888,0.9610261470152934,0.0,signal_off,floor
2026-03-27,0.970400007981559,0.3536947357279207,0.9610261470152934,0.15457543153982592,0.20811088295687888,0.9610261470152934,0.0,signal_off,floor
2026-03-30,0.9711025293135673,0.31546762777437537,0.9610261470152934,0.1544636075719305,0.20811088295687888,0.9610261470152934,0.0,signal_off,floor
2026-03-31,1.0470765707318945,0.30413592462113326,0.9610261470152934,0.14325599883793763,0.20811088295687888,0.9610261470152934,0.0,signal_off,floor
2026-04-01,1.0441328880151504,0.27405092438323136,0.9610261470152934,0.14365987483177858,0.20811088295687888,0.9610261470152934,0.0,signal_off,floor
2026-04-02,1.031666092058393,0.24784239694322313,0.9610261470152934,0.14539588065816733,0.20811088295687888,0.9610261470152934,0.0,signal_off,floor
2026-04-06,1.0172407013715188,0.22679972028068296,0.9610261470152934,0.1474577253916,0.20811088295687888,0.9610261470152934,0.0,signal_off,floor
2026-04-07,0.9064516232273543,0.23029927785422838,0.9610261470152934,0.16548042516150618,0.20811088295687888,0.9610261470152934,0.0,signal_off,floor
2026-04-08,0.909509983961974,0.2376822561969271,0.9610261470152934,0.1649239729580268,0.20811088295687888,0.9610261470152934,0.1649239729580268,vol_target,floor
2026-04-09,0.9019142127045556,0.22022255511856348,0.9610261470152934,0.16631293518504095,0.20811088295687888,0.9610261470152934,0.0,signal_off,floor
2026-04-10,0.890730714303569,0.2071749021541853,0.9610261470152934,0.16840106397058477,0.20811088295687888,0.9610261470152934,0.16840106397058477,vol_target,floor
2026-04-13,0.8635992738296511,0.19531727876023858,0.9610261470152934,0.17369166990474819,0.20811088295687888,0.9610261470152934,0.17369166990474819,vol_target,floor
2026-04-14,0.8592630773424934,0.1811740437342494,0.9610261470152934,0.17456818983065828,0.20811088295687888,0.9610261470152934,0.17456818983065828,vol_target,floor
2026-04-15,0.8212928359373922,0.17028717851561093,0.9610261470152934,0.18263887548561863,0.20811088295687888,0.9610261470152934,0.18263887548561863,vol_target,floor
2026-04-16,0.8205062531679347,0.15990177428987887,0.9610261470152934,0.18281396323410978,0.20811088295687888,0.9610261470152934,0.18281396323410978,vol_target,floor
2026-04-17,0.7548574382126901,0.1514228408223832,0.9610261470152934,0.1987130183881631,0.20811088295687888,0.9610261470152934,0.1987130183881631,vol_target,floor
2026-04-20,0.7547626456898839,0.1511743685761035,0.9610261470152934,0.1987379752516685,0.20811088295687888,0.9610261470152934,0.1987379752516685,vol_target,floor
2026-04-21,0.7046260178002814,0.15181757974470686,0.9610261470152934,0.2128788835647506,0.20811088295687888,0.9610261470152934,0.20811088295687888,stress_budget,floor
2026-04-22,0.6846199352594257,0.1449823168018527,0.9610261470152934,0.21909966723823185,0.20811088295687888,0.9610261470152934,0.20811088295687888,stress_budget,floor
2026-04-23,0.6753237430423666,0.13914114397374447,0.9610261470152934,0.22211569124497627,0.20811088295687888,0.9610261470152934,0.20811088295687888,stress_budget,floor
2026-04-24,0.6752298519153596,0.1375869543805708,0.9610261470152934,0.22214657656871867,0.20811088295687888,0.9610261470152934,0.20811088295687888,stress_budget,floor
2026-04-27,0.6163158425695623,0.13632141065997153,0.9610261470152934,0.24338170405390772,0.20811088295687888,0.9610261470152934,0.20811088295687888,stress_budget,floor
2026-04-28,0.5324780310291886,0.13253556171386818,0.9610261470152934,0.28170176281277887,0.20811088295687888,0.9610261470152934,0.20811088295687888,stress_budget,floor
2026-04-29,0.5485959611390664,0.14455762865704783,0.9610261470152934,0.27342527219586243,0.20811088295687888,0.9610261470152934,0.20811088295687888,stress_budget,floor
2026-04-30,0.4652157953609123,0.14190734249626827,0.9610261470152934,0.3224310126521622,0.20811088295687888,0.9610261470152934,0.20811088295687888,stress_budget,floor
2026-05-01,0.46821361586623456,0.13954554366939514,0.9610261470152934,0.32036659105371673,0.20811088295687888,0.9610261470152934,0.20811088295687888,stress_budget,floor
2026-05-04,0.4730540774288592,0.13994898610162793,0.9610261470152934,0.31708848344628826,0.20811088295687888,0.9610261470152934,0.20811088295687888,stress_budget,floor
2026-05-05,0.4689964057464085,0.13480028314686893,0.9610261470152934,0.31983187538777563,0.20811088295687888,0.9610261470152934,0.20811088295687888,stress_budget,floor
2026-05-06,0.44359615582913653,0.13170500032006663,0.9610261470152934,0.33814540101149276,0.20811088295687888,0.9610261470152934,0.20811088295687888,stress_budget,floor
2026-05-07,0.302488343058296,0.12817319334765473,0.9610261470152934,0.49588687776669715,0.20811088295687888,0.9610261470152934,0.20811088295687888,stress_budget,floor
2026-05-08,0.28030088275480974,0.12680174534378852,0.9610261470152934,0.5351392351168973,0.20811088295687888,0.9610261470152934,0.20811088295687888,stress_budget,floor
2026-05-11,0.2798618512750134,0.13125988157269197,0.9610261470152934,0.5359787313512718,0.20811088295687888,0.9610261470152934,0.20811088295687888,stress_budget,floor
2026-05-12,0.253738968657686,0.12906810537775862,0.9610261470152934,0.5911587045282031,0.20811088295687888,0.9610261470152934,0.20811088295687888,stress_budget,floor
2026-05-13,0.2581864548257071,0.13336308149795562,0.9610261470152934,0.5809754818519038,0.20811088295687888,0.9610261470152934,0.20811088295687888,stress_budget,floor
2026-05-14,0.26479761740442104,0.13068631719614332,0.9610261470152934,0.566470353737766,0.20811088295687888,0.9610261470152934,0.20811088295687888,stress_budget,floor
2026-05-15,0.2674873732007541,0.13024497187888648,0.9610261470152934,0.5607741337660163,0.20811088295687888,0.9610261470152934,0.20811088295687888,stress_budget,floor
2026-05-18,0.273879102951941,0.12819231097245543,0.9610261470152934,0.5476869114264672,0.20811088295687888,0.9610261470152934,0.20811088295687888,stress_budget,floor
2026-05-19,0.26847049479536866,0.12742869456179148,0.9610261470152934,0.558720615143693,0.20811088295687888,0.9610261470152934,0.20811088295687888,stress_budget,floor
2026-05-20,0.26518987598287475,0.1259032030037787,0.9610261470152934,0.5656324527625881,0.20811088295687888,0.9610261470152934,0.20811088295687888,stress_budget,floor
2026-05-21,0.27838582566010744,0.12662889820657625,0.9610261470152934,0.5388205367292697,0.20811088295687888,0.9610261470152934,0.20811088295687888,stress_budget,floor
2026-05-22,0.28194007439571467,0.1270367962557503,0.9610261470152934,0.5320279506966035,0.20811088295687888,0.9610261470152934,0.20811088295687888,stress_budget,floor
2026-05-26,0.29076390467808455,0.12781343031603076,0.9610261470152934,0.5158824654183625,0.20811088295687888,0.9610261470152934,0.20811088295687888,stress_budget,floor
2026-05-27,0.2815753677473705,0.1264153581048218,0.9610261470152934,0.5327170526314646,0.20811088295687888,0.9610261470152934,0.20811088295687888,stress_budget,floor
2026-05-28,0.2831739032491141,0.12494069552054794,0.9610261470152934,0.5297098294684373,0.20811088295687888,0.9610261470152934,0.20811088295687888,stress_budget,floor
2026-05-29,0.2631220645901505,0.12366428143612329,0.9610261470152934,0.5700776186658691,0.20811088295687888,0.9610261470152934,0.20811088295687888,stress_budget,floor
2026-06-01,0.27456570359135946,0.1405105007364256,0.9610261470152934,0.5463173223675721,0.20811088295687888,0.9610261470152934,0.20811088295687888,stress_budget,floor
2026-06-02,0.27035214346133696,0.13580767218054915,0.9610261470152934,0.5548319243174467,0.20811088295687888,0.9610261470152934,0.20811088295687888,stress_budget,floor
2026-06-03,0.2618440294538371,0.13153411835097015,0.9610261470152934,0.5728601118493132,0.20811088295687888,0.9610261470152934,0.20811088295687888,stress_budget,floor
2026-06-04,0.27523508842519057,0.13173526071803787,0.9610261470152934,0.5449886526396517,0.20811088295687888,0.9610261470152934,0.20811088295687888,stress_budget,floor
2026-06-05,0.39336015566363175,0.23040287300519352,0.9610261470152934,0.3813299284136629,0.20811088295687888,0.9610261470152934,0.20811088295687888,stress_budget,floor
2026-06-08,0.3961233733499534,0.21121015510223856,0.9610261470152934,0.378669904609449,0.20811088295687888,0.9610261470152934,0.20811088295687888,stress_budget,floor
2026-06-09,0.40236626137173553,0.20124739200170907,0.9610261470152934,0.3727946758970901,0.20811088295687888,0.9610261470152934,0.20811088295687888,stress_budget,floor
2026-06-10,0.45042706677968136,0.24066918139297852,0.9610261470152934,0.33301728750987764,0.20811088295687888,0.9610261470152934,0.20811088295687888,stress_budget,floor
2026-06-11,0.47588941441369814,0.22547277810334992,0.9610261470152934,0.3151992783550395,0.20811088295687888,0.9610261470152934,0.20811088295687888,stress_budget,floor
2026-06-12,0.489587965434883,0.21125323486471562,0.9610261470152934,0.30638007996532457,0.20811088295687888,0.9610261470152934,0.20811088295687888,stress_budget,floor
2026-06-15,0.5343166564741243,0.2080007123536874,0.9610261470152934,0.2807324049933752,0.20811088295687888,0.9610261470152934,0.0,signal_off,floor
2026-06-16,0.5323926763351008,0.19214823319585275,0.9610261470152934,0.2817469260331943,0.20811088295687888,0.9610261470152934,0.0,signal_off,floor
2026-06-17,0.5635759386668315,0.21748189725190414,0.9610261470152934,0.26615756583723726,0.20811088295687888,0.9610261470152934,0.20811088295687888,stress_budget,floor
2026-06-18,0.5720050123884194,0.20338019468078572,0.9610261470152934,0.26223546429020217,0.20811088295687888,0.9610261470152934,0.20811088295687888,stress_budget,floor
2026-06-22,0.5706796879633785,0.18766152442437126,0.9610261470152934,0.26284446978534437,0.20811088295687888,0.9610261470152934,0.20811088295687888,stress_budget,floor
2026-06-23,0.6022730520304475,0.22728924827090133,0.9610261470152934,0.24905646947726437,0.20811088295687888,0.9610261470152934,0.20811088295687888,stress_budget,floor
2026-06-24,0.6006191773499064,0.2078796771385443,0.9610261470152934,0.24974227539959745,0.20811088295687888,0.9610261470152934,0.20811088295687888,stress_budget,floor
2026-06-25,0.594184676918996,0.1920056094958182,0.9610261470152934,0.2524467658401921,0.20811088295687888,0.9610261470152934,0.20811088295687888,stress_budget,floor
2026-06-26,0.5906177059496481,0.17809005201430594,0.9610261470152934,0.253971390442514,0.20811088295687888,0.9610261470152934,0.20811088295687888,stress_budget,floor
2026-06-29,0.5967108980337714,0.16929675621139467,0.9610261470152934,0.25137801319578146,0.20811088295687888,0.9610261470152934,0.0,signal_off,floor
2026-06-30,0.5979383649360377,0.1603593294320592,0.9610261470152934,0.25086197641130736,0.20811088295687888,0.9610261470152934,0.0,signal_off,floor
2026-07-01,0.5902500215812414,0.15415578852936235,0.9610261470152934,0.25412959680739994,0.20811088295687888,0.9610261470152934,0.0,signal_off,floor
2026-07-02,0.5893871593731935,0.14664871673298177,0.9610261470152934,0.2545016422813203,0.20811088295687888,0.9610261470152934,0.0,signal_off,floor
2026-07-06,0.5948067002503472,0.14270482799578488,0.9610261470152934,0.2521827678418329,0.20811088295687888,0.9610261470152934,0.0,signal_off,floor
2026-07-07,0.588514986231905,0.14122693493280522,0.9610261470152934,0.2548788110909589,0.20811088295687888,0.9610261470152934,0.0,signal_off,floor
2026-07-08,0.5238338235880259,0.1420356085857203,0.9610261470152934,0.28635035243155454,0.20811088295687888,0.9610261470152934,0.20811088295687888,stress_budget,floor
2026-07-09,0.5234873519562477,0.13733884476852704,0.9610261470152934,0.2865398742480731,0.20811088295687888,0.9610261470152934,0.0,signal_off,floor
2026-07-10,0.5188709239694076,0.13409651428634295,0.9610261470152934,0.2890892379408871,0.20811088295687888,0.9610261470152934,0.0,signal_off,floor
2026-07-13,0.4857945807276868,0.15460807388767592,0.9610261470152934,0.3087724852247432,0.20811088295687888,0.9610261470152934,0.0,signal_off,floor
2026-07-14,0.4632086978646182,0.1474287565480886,0.9610261470152934,0.3238281161202211,0.20811088295687888,0.9610261470152934,0.20811088295687888,stress_budget,floor
2026-07-15,0.4510217284519056,0.1435478574407533,0.9610261470152934,0.33257821195192183,0.20811088295687888,0.9610261470152934,0.20811088295687888,stress_budget,floor
2026-07-16,0.4039965342457973,0.15820407277781579,0.9610261470152934,0.3712903138637765,0.20811088295687888,0.9610261470152934,0.20811088295687888,stress_budget,floor
2026-07-17,0.4402911198027097,0.19843332953657386,0.9610261470152934,0.34068368234910934,0.20811088295687888,0.9610261470152934,0.20811088295687888,stress_budget,floor
2026-07-20,0.41148306662482664,0.18416666867722453,0.9610261470152934,0.3645350493529879,0.20811088295687888,0.9610261470152934,0.20811088295687888,stress_budget,floor
2026-07-21,0.4042327447197144,0.17419724611612256,0.9610261470152934,0.371073353060516,0.20811088295687888,0.9610261470152934,0.20811088295687888,stress_budget,floor
2026-07-22,0.4051093764697678,0.1643951593183468,0.9610261470152934,0.37027037316968664,0.20811088295687888,0.9610261470152934,0.20811088295687888,stress_budget,floor
2026-07-23,0.4046240114068705,0.21108853749211734,0.9610261470152934,0.3707145294676227,0.20811088295687888,0.9610261470152934,0.20811088295687888,stress_budget,floor
2026-07-24,0.4066959146411511,0.1945572294624312,0.9610261470152934,0.3688259325947564,0.20811088295687888,0.9610261470152934,0.20811088295687888,stress_budget,floor
2026-07-27,0.40385558655179077,0.18024897870914863,0.9610261470152934,0.37141989610873904,0.20811088295687888,0.9610261470152934,0.20811088295687888,stress_budget,floor
2026-07-28,0.4042303905112764,0.16828529945813728,0.9610261470152934,0.3710755141647758,0.20811088295687888,0.9610261470152934,0.20811088295687888,stress_budget,floor
2026-07-29,0.4477301492844423,0.2305723433366927,0.9610261470152934,0.3350232282541804,0.20811088295687888,0.9610261470152934,0.20811088295687888,stress_budget,floor
2026-07-30,0.5004214757390015,0.2222043407188767,0.9610261470152934,0.2997473275472166,0.20811088295687888,0.9610261470152934,0.20811088295687888,stress_budget,floor
2026-07-31,0.5103417517083662,0.2058128666904871,0.9610261470152934,0.2939206903959471,0.20811088295687888,0.9610261470152934,0.20811088295687888,stress_budget,floor
2026-08-03,0.5099491544036762,0.18975899626874396,0.9610261470152934,0.2941469727024194,0.20811088295687888,0.9610261470152934,0.0,signal_off,floor
2026-08-04,0.5013989381575324,0.17727664648821778,0.9610261470152934,0.2991629789867487,0.20811088295687888,0.9610261470152934,0.0,signal_off,floor
2026-08-05,0.510821918344725,0.1684640568811644,0.9610261470152934,0.29364440838024775,0.20811088295687888,0.9610261470152934,0.0,signal_off,floor
2026-08-06,0.508808656725164,0.15876757954077725,0.9610261470152934,0.29480630491910714,0.20811088295687888,0.9610261470152934,0.0,signal_off,floor
2026-08-07,0.5065605298971341,0.15074749000747323,0.9610261470152934,0.2961146618163482,0.20811088295687888,0.9610261470152934,0.20811088295687888,stress_budget,floor
2026-08-10,0.5018028732591042,0.14367726287249238,0.9610261470152934,0.2989221624535179,0.20811088295687888,0.9610261470152934,0.20811088295687888,stress_budget,floor
2026-08-11,0.48827788415783197,0.1380248096004763,0.9610261470152934,0.3072021176193876,0.20811088295687888,0.9610261470152934,0.20811088295687888,stress_budget,floor
2026-08-12,0.49525806503414727,0.1361524402252066,0.9610261470152934,0.3028724024709375,0.20811088295687888,0.9610261470152934,0.20811088295687888,stress_budget,floor
2026-08-13,0.48822350113755103,0.13366853076629237,0.9610261470152934,0.307236336740249,0.20811088295687888,0.9610261470152934,0.20811088295687888,stress_budget,floor
2026-08-14,0.4762240005844989,0.13010132280352382,0.9610261470152934,0.3149778251744889,0.20811088295687888,0.9610261470152934,0.20811088295687888,stress_budget,floor
2026-08-17,0.43828309619559724,0.12911016373996112,0.9610261470152934,0.3422445476497636,0.20811088295687888,0.9610261470152934,0.20811088295687888,stress_budget,floor
2026-08-18,0.4391512058331785,0.12878769073839705,0.9610261470152934,0.34156800210855137,0.20811088295687888,0.9610261470152934,0.20811088295687888,stress_budget,floor
2026-08-19,0.4397232651103809,0.12931735309751552,0.9610261470152934,0.3411236382099238,0.20811088295687888,0.9610261470152934,0.20811088295687888,stress_budget,floor
2026-08-20,0.4417626013737268,0.1304480910246712,0.9610261470152934,0.33954888787224763,0.20811088295687888,0.9610261470152934,0.20811088295687888,stress_budget,floor
2026-08-21,0.38829721448077903,0.12785261632780995,0.9610261470152934,0.3863020243412668,0.20811088295687888,0.9610261470152934,0.20811088295687888,stress_budget,floor
2026-08-24,0.38997324897712254,0.12604462766766758,0.9610261470152934,0.3846417681044569,0.20811088295687888,0.9610261470152934,0.20811088295687888,stress_budget,floor
2026-08-25,0.39197101818038704,0.1246574336401463,0.9610261470152934,0.38268135408666676,0.20811088295687888,0.9610261470152934,0.20811088295687888,stress_budget,floor
2026-08-26,0.3923620815850401,0.1223687962161803,0.9610261470152934,0.3822999393673294,0.20811088295687888,0.9610261470152934,0.20811088295687888,stress_budget,floor
2026-08-27,0.2997190762282573,0.12264809311320116,0.9610261470152934,0.500468645131431,0.20811088295687888,0.9610261470152934,0.20811088295687888,stress_budget,floor
2026-08-28,0.2407518581659731,0.12742731223103623,0.9610261470152934,0.6230481506671934,0.20811088295687888,0.9610261470152934,0.20811088295687888,stress_budget,floor
2026-08-31,0.23010524380806188,0.12563993141944158,0.9610261470152934,0.6518756266376953,0.20811088295687888,0.9610261470152934,0.20811088295687888,stress_budget,floor
2026-09-01,0.26846446775476984,0.1506334397151228,0.9610261470152934,0.5587331584491778,0.20811088295687888,0.9610261470152934,0.20811088295687888,stress_budget,floor
2026-09-02,0.27976691188756864,0.14680238082377892,0.9610261470152934,0.5361606166646371,0.20811088295687888,0.9610261470152934,0.20811088295687888,stress_budget,floor
2026-09-03,0.2700579190103687,0.14146681809466435,0.9610261470152934,0.5554364061964088,0.20811088295687888,0.9610261470152934,0.20811088295687888,stress_budget,floor
2026-09-04,0.2717726370834857,0.13711465518172453,0.9610261470152934,0.5519319443256592,0.20811088295687888,0.9610261470152934,0.20811088295687888,stress_budget,floor
2026-09-08,0.28219168699604213,0.14124201398758668,0.9610261470152934,0.5315535747943695,0.20811088295687888,0.9610261470152934,0.20811088295687888,stress_budget,floor
2026-09-09,0.291382944962586,0.14328714447515098,0.9610261470152934,0.5147864780461335,0.20811088295687888,0.9610261470152934,0.20811088295687888,stress_budget,floor
2026-09-10,0.32038721139399134,0.16606452392743687,0.9610261470152934,0.46818348131736054,0.20811088295687888,0.9610261470152934,0.20811088295687888,stress_budget,floor
2026-09-11,0.34329656866616437,0.16329930775391172,0.9610261470152934,0.4369399920972299,0.20811088295687888,0.9610261470152934,0.20811088295687888,stress_budget,floor
2026-09-14,0.3441582505273789,0.1567320621710034,0.9610261470152934,0.435846009125581,0.20811088295687888,0.9610261470152934,0.20811088295687888,stress_budget,floor
2026-09-15,0.3429405913938359,0.14926878058144039,0.9610261470152934,0.4373935421011119,0.20811088295687888,0.9610261470152934,0.20811088295687888,stress_budget,floor
2026-09-16,0.3439571948727921,0.14582598032442154,0.9610261470152934,0.43610077717803075,0.20811088295687888,0.9610261470152934,0.20811088295687888,stress_budget,floor
2026-09-17,0.3646213844682895,0.14489676303413476,0.9610261470152934,0.41138563559221314,0.20811088295687888,0.9610261470152934,0.20811088295687888,stress_budget,floor
2026-09-18,0.35172035892100106,0.13981694111128554,0.9610261470152934,0.4264751703886754,0.20811088295687888,0.9610261470152934,0.20811088295687888,stress_budget,floor
