date,index_return,front_settle,oi_front,oi_front_two,flow_SVXY,flow_UVXY,flow_lower,contracts_lower,share_oi_front_lower,share_oi_front_two_lower,flow_central,contracts_central,share_oi_front_central,share_oi_front_two_central,flow_upper,contracts_upper,share_oi_front_upper,share_oi_front_two_upper
2014-12-31,0.0861622358554872,18.025,115485,195795,87292016.46025884,60622017.803953506,147914034.26421234,8206.049057653943,0.07105727200635531,0.04191143317068333,147914034.26421234,8206.049057653943,0.07105727200635531,0.04191143317068333,147914034.26421234,8206.049057653943,0.07105727200635531,0.04191143317068333
2015-01-02,-0.0060218291305984,17.825,111105,193774,-6211512.839745853,-4098698.3126946464,-10310211.1524405,-578.4129678788499,0.005206003041076909,0.002984987500277901,-10461173.811290024,-586.8821212504922,0.005282229613883194,0.003028693845668109,-37860896.39247875,-2124.033458203576,0.019117352578223987,0.010961395533991022
2015-01-05,0.063106796116505,19.125,104245,187765,60589112.63069573,49132037.59346013,109721150.22415586,5737.05360649181,0.05503432880705846,0.03055443563226272,114142921.13501821,5968.257314249318,0.057252216549947894,0.031785781771093216,432510426.7171079,22614.924272789955,0.216940134037987,0.12044270376688922
2015-01-06,0.0313055852009962,19.875,97339,181546,29289138.736072145,25459055.926366057,54748194.6624382,2754.626146537771,0.028299305997984067,0.015173158023518948,57479058.44952708,2892.0280980894127,0.02971088770266196,0.015930001752114686,220875741.7103451,11113.244865929313,0.11417052636588945,0.061214484846426324
2015-01-07,-0.0496376394800414,18.85,94806,183958,-47953324.75867523,-37812396.146780066,-85765720.90545529,-4549.90561832654,0.047991747551067866,0.024733393591616238,-90543626.52144893,-4803.375412278458,0.05066531034194521,0.026111261332904562,-334899370.8822658,-17766.54487439076,0.18739895021824313,0.09657935438736429
2015-01-08,-0.054970335391694,17.675,89742,180715,-56401371.95496897,-36722998.627141014,-93124370.58210999,-5268.705549199999,0.05870947325889772,0.029154777130841376,-98543504.4082625,-5575.304351245403,0.06212592043018211,0.030851364586478174,-340372351.4003188,-19257.27589252157,0.21458487544874832,0.10656157979427038
2015-01-09,0.0516203407198669,18.625,88622,187655,51014567.000525914,36925553.26268167,87940120.26320758,4721.617195340004,0.053278161126356936,0.02516115848413314,93994633.03031014,5046.691706325377,0.056946262850368724,0.026893457175803347,333484249.151255,17905.19458530228,0.20204006437794544,0.0954154943129801
2015-01-12,0.041164291803678,19.575,83303,185750,38703755.92071234,32232870.530392613,70936626.45110495,3623.8378774510834,0.04350188921708802,0.019509221412926426,77880244.3683611,3978.55654499929,0.047760063202997374,0.021418877765810446,282138338.1009794,14413.197348709036,0.1730213479551641,0.07759460214648202
2015-01-13,0.0209479227618492,20.175,76641,182326,19126709.181083303,17375650.781015746,36502359.962099046,1809.2867391374991,0.02360729556161192,0.009923361117654636,40524041.72087342,2008.6266032651015,0.026208251500699383,0.011016676739823731,149418809.34307176,7406.136770412479,0.09663413538983676,0.04062029974009455
2015-01-14,0.0098680436029834,20.575,75137,190284,8843382.356593579,8494424.766384073,17337807.12297765,842.6637726842115,0.01121503084611059,0.004428453115785939,19444649.939021487,945.0619654445437,0.012577850665378492,0.004966586604467763,72266209.11269191,3512.330941078586,0.04674569041988083,0.018458361927847774
2015-01-15,0.0450665756230797,21.475,60878,185820,39177658.13258375,41100545.57535322,80278203.70793697,3738.216703512781,0.06140505114348009,0.020117407725286734,91120474.00230569,4243.095413378612,0.06969833787868543,0.022834438776119965,344106780.8709093,16023.59864358134,0.26320836170014356,0.08623182996222871
2015-01-16,-0.032064565383357,20.625,53142,183348,-28373918.47737931,-28004876.75970917,-56378795.23708848,-2733.5173448285323,0.05143798398307426,0.01490890189600395,-64298585.46874209,-3117.5071742420405,0.05866371559674157,0.01700322432882846,-237049009.89668667,-11493.285328324202,0.21627498641986004,0.06268563239481316
2015-01-20,-0.0010152284263958,20.175,33981,172854,-906783.7492634337,-871637.8405855387,-1778421.5898489724,-88.1497690135798,0.0025940899035808186,0.0005099666135211207,-2087243.9582318086,-103.45694960256796,0.0030445528266551296,0.0005985221609136495,-7414429.812835729,-367.50581476261357,0.010815038249686989,0.002126105353434769
2015-01-21,-0.062111801242236,18.875,134118,173503,-58121364.52272623,-48270497.24193598,-106391861.7646622,-5636.654927929124,0.042027579653209295,0.032487362915506496,-124594116.26311159,-6601.012782151607,0.04921794824074029,0.0380455253347297,-422764380.42818725,-22398.112870367535,0.1670030336745816,0.12909351924962412
2015-01-22,-0.0526792558009895,17.875,137245,180118,-52506094.93483214,-35693506.932589166,-88199601.8674213,-4934.243461114478,0.035952081759732434,0.027394505052879103,-102609346.94383699,-5740.383045809062,0.041825808195628714,0.03187012428413075,-327270372.45340866,-18308.83202536552,0.13340254308255686,0.10164909684409952
2015-01-23,0.0273428886438809,18.375,135210,181448,26541904.890398573,19406189.916962616,45948094.807361186,2500.576588155711,0.018494021064682425,0.013781229818767421,54070610.77679872,2942.6182735672774,0.02176331834603415,0.01621741917005025,174848891.71365237,9515.585943600128,0.07037634748613363,0.05244249561086443
2015-01-26,-0.0603590073660874,17.225,134277,185061,-61220438.40399285,-39039598.80502901,-100260037.20902187,-5820.6117392755805,0.043347794032303225,0.0314523953684222,-119031616.1297231,-6910.398614207437,0.051463754881382794,0.037341193521095405,-363784125.90348136,-21119.54286812664,0.15728339825976628,0.11412206174248836
2015-01-27,0.0351197263397946,17.875,125742,179989,33916401.075421676,24640759.079639215,58557160.15506089,3275.92504363977,0.026052751217888772,0.01820069584052231,70672833.8620708,3953.72497130466,0.03144315321296512,0.021966481125539117,222343119.52760214,12438.775917628092,0.09892300041058749,0.06910853395278652
2015-01-28,0.136954128440367,20.475,120049,175935,120827660.60333103,111875092.42862794,232702753.03195897,11365.2138232947,0.09467145768223559,0.06459893610307614,288378667.8523959,14084.428222339238,0.11732232856866145,0.0800547260200599,958478071.2269409,46812.115810839605,0.38994173888028727,0.26607619752090034
2015-01-29,-0.0664211410480067,19.075,112149,171683,-59986327.32716592,-50411723.17990309,-110398050.507069,-5787.578008234286,0.05160614903596364,0.033710839210837916,-136619013.4920554,-7162.2025421785265,0.06386327601831962,0.04171759895958555,-440420515.6629319,-23088.886797532472,0.20587688519320255,0.1344855739795581
2015-01-30,0.0914756595803614,21.025,106338,172133,74021894.1765701,82811278.52693443,156833172.70350453,7459.366121450869,0.0701476999891936,0.0433348987204712,200306695.5765734,9527.072322310269,0.08959235947930437,0.05534715785067517,685761034.3258425,32616.458231906898,0.306724390452208,0.18948405147128614
2015-02-02,-0.0420825122369843,19.975,99818,168392,-36158298.65446515,-34176228.210378185,-70334526.86484334,-3521.127752933334,0.035275478900933036,0.020910303060319574,-90343249.99861124,-4522.816019955507,0.04531062553803429,0.026858853270675012,-291643131.22318566,-14600.40706999678,0.14627028261432587,0.0867048735687965
2015-02-03,-0.042377947525739,18.875,95318,168436,-38174136.38501877,-31203350.61351967,-69377486.99853843,-3675.628450253692,0.038561745423253656,0.021822107211366286,-88458130.62521186,-4686.523476832416,0.04916724518802761,0.027823763784656584,-274213808.28488535,-14527.883882642933,0.15241490466273877,0.08625165571874738
2015-02-04,0.0432582322357018,19.775,89074,164850,37842083.246938646,33618351.715173975,71460434.96211262,3613.6755985897657,0.0405693647819764,0.021920992408794453,92452796.47597066,4675.236231401803,0.05248710321083372,0.02836054735457569,290380776.46377504,14684.236483629586,0.16485435125434567,0.08907635112908453
2015-02-05,-0.0453126038136999,18.675,84759,170263,-40997823.02025904,-32464148.31053558,-73461971.33079462,-3933.7066308323756,0.046410488925451875,0.023103707974324286,-94549359.6609143,-5062.884051454581,0.059732701559180514,0.029735668063258492,-287264658.56673044,-15382.311034363076,0.1814829225729784,0.09034441443157396
2015-02-06,0.0255822036843935,19.175,84853,176158,22171535.70074977,19895651.98223265,42067187.682982415,2193.8559417461493,0.025854783469602127,0.012453910363118048,55188362.80698733,2878.14147624445,0.033919148129641266,0.01633840913409808,171505807.14951736,8944.240268553709,0.10540865106188006,0.050773965806569725
2015-02-09,0.0205173347778981,19.625,78124,173381,17693559.472612705,16163262.364005199,33856821.8366179,1725.1883738404026,0.02208269384363835,0.009950273523860183,45361985.13461682,2311.4387329741057,0.029586794493038065,0.01333155728121366,138841436.93085805,7074.722900935441,0.0905576122694107,0.040804487809710646
2015-02-10,-0.042697076178479,18.575,74184,175840,-38199914.44347538,-31091934.370574847,-69291848.81405023,-3730.3821703391777,0.05028553556480073,0.02121463927626921,-92228505.1864076,-4965.195433992333,0.06693081303235648,0.028237007700138383,-273484033.59235376,-14723.231956519718,0.19846910326377276,0.083730845976568
2015-02-11,-0.0047711243258192,18.425,65624,175126,-4238562.869092807,-3505022.912713297,-7743585.781806104,-420.276026149585,0.006404303702145328,0.002399849400714828,-10388124.629642088,-563.8059500484172,0.008591459680123389,0.0032194302961777075,-30725887.673714057,-1667.619412413246,0.025411730653621328,0.009522397658904138
2015-02-12,-0.0506276440807266,16.875,58343,184998,-47811111.10995451,-32830432.277957,-80641543.38791151,-4778.758126691053,0.08190799456131932,0.02583140426756534,-106516237.84264332,-6312.073353638123,0.10818904330661987,0.034119684286522685,-300275577.7129606,-17794.108308916184,0.3049913153063124,0.0961854090796451
2015-02-13,-0.005893909626719,16.5,45031,188000,-5637289.711864555,-3721435.0730267838,-9358724.784891339,-567.195441508566,0.012595666130189557,0.003016997029300883,-12374045.195409086,-749.9421330550961,0.016653908042350736,0.003989053899229235,-34372178.19032264,-2083.1623145650083,0.04626062744698115,0.011080650609388341
2015-02-17,0.0043706293706293,16.2,33335,192279,4167300.955683295,2773080.374746631,6940381.3304299265,428.41860064382263,0.0128519154235435,0.002228109157234137,9389189.622505315,579.5796063274886,0.017386518863881463,0.0030142636810441526,25561527.718086515,1577.8720813633652,0.0473337957511134,0.00820615918203946
2015-02-18,-0.0205479452054794,17.875,154980,202101,-19724769.42054689,-12836083.595049648,-32560853.01559654,-1821.5861826907155,0.011753685525169155,0.009013246756278868,-44163534.24735129,-2470.687230621051,0.015941974645896573,0.012225012397865677,-118988988.72152479,-6656.726641763625,0.04295216571017954,0.032937623474221425
2015-02-19,-0.0134691883592714,17.625,157680,207509,-13250883.546788586,-8052326.252839381,-21303209.799627967,-1208.692754588821,0.007665479164058986,0.00582477268257676,-28795031.094491407,-1633.7606294746897,0.01036124194238134,0.007873203713933803,-75993505.25213109,-4311.688241255664,0.02734454744581218,0.020778319211483185
2015-02-20,-0.0393734123624046,16.925,155774,211068,-40059262.03771798,-21820411.878574766,-61879673.91629275,-3656.110718835613,0.02347060946522278,0.01732195652034232,-82899553.7273985,-4898.05339600582,0.031443330697072815,0.023206044478584247,-212316068.64283386,-12544.523996622385,0.0805302810265024,0.059433566417563935
2015-02-23,0.0060801406490362,17.025,143337,195558,6155836.180221852,3393375.8669212917,9549212.047143143,560.893512313841,0.003913110448201379,0.0028681696085756706,13004492.50551718,763.8468432021838,0.00532902769837644,0.0039059861688204205,32904348.478745423,1932.7076933183803,0.013483662231792072,0.00988304080282259
2015-02-24,-0.0493755445832123,16.125,153512,212541,-52116802.67683658,-25250124.120180983,-77366926.79701756,-4797.948948652252,0.03125455305547613,0.022574227789707642,-104065804.63786814,-6453.693310875543,0.042040318091585954,0.030364462907747414,-254550388.83175325,-15786.070625225007,0.10283281193147772,0.07427306084578979
2015-02-25,0.0190258751902587,16.425,152110,217086,19924582.661101706,9841401.878379501,29765984.539481208,1812.2365016426916,0.011913986599452314,0.008348011855406113,40329176.59803997,2455.35321753668,0.016141957908991388,0.011310509279901421,98615361.34973034,6003.979382023156,0.03947129959912666,0.027657146854348766
2015-02-26,-0.0202380952380952,16.025,148685,220708,-21432085.44045137,-10219325.99674527,-31651411.43719664,-1975.127078764221,0.013283969995387706,0.008949050685812119,-42878532.21184686,-2675.727439116809,0.017995947399648982,0.01212338220235247,-103544377.8011849,-6461.427631899214,0.04345715863670992,0.029275910396991563
2015-02-27,-0.0099803417510963,15.825,143539,221334,-10635283.390711498,-4980990.232441692,-15616273.62315319,-986.8103395357466,0.0068748586762883025,0.004458467020592167,-21200652.51182183,-1339.6936816317111,0.009333307892849408,0.006052814667568973,-50759347.66391272,-3207.5417165189715,0.022346133918440085,0.014491861695532415
2015-03-02,-0.027972027972028,15.325,144223,234259,-30794586.361822065,-13052551.85912511,-43847138.220947176,-2861.150944270615,0.01983838184111144,0.012213622291013857,-59500957.16875903,-3882.6073193317475,0.02692086088440642,0.016573994251370266,-137513431.9250673,-8973.144008160998,0.06221714988705684,0.038304372545605495
2015-03-03,0.0252061615061458,15.775,136954,231405,27131670.50355122,12241421.803020451,39373092.30657167,2495.917103427681,0.01822449219028054,0.010785925556611486,54134834.70756337,3431.6852429517194,0.025057210763845667,0.014829780008866356,126276898.37692606,8004.874699012746,0.05844936766368814,0.034592488057789354
2015-03-04,-0.001510574018127,15.725,131925,232148,-1629970.8994934487,-731922.8833536434,-2361893.782847092,-150.1999225975893,0.0011385250907529983,0.0006470007176352556,-3259464.224208433,-207.27912395602118,0.0015711891146941155,0.0008928749071972241,-7562103.48279772,-480.8968828488216,0.003645229356443597,0.0020715099111292003
2015-03-05,-0.0191207467630231,15.325,128527,238450,-20882284.9463241,-9023922.898222197,-29906207.844546296,-1951.4654384695789,0.01518331119896659,0.008183960740069527,-41222287.928416036,-2689.8719692278,0.020928458372387125,0.01128065409615349,-94443227.0728659,-6162.690184200059,0.04794860367238058,0.025844790036485883
2015-03-06,0.0476335877862597,16.225,119138,233612,49694238.191984236,24492562.688471008,74186800.88045524,4572.376017285376,0.03837882134403277,0.0195725220334802,104711000.4270423,6453.6826149178605,0.05416980824688899,0.02762564686282323,245591921.41129023,15136.6361424524,0.1270512862600715,0.0647939153059449
2015-03-09,-0.0156680690555636,15.825,112624,238428,-16579463.838749565,-7819621.900062846,-24399085.73881241,-1541.806365801732,0.01368985621005942,0.006466549087362776,-34665779.50690663,-2190.5705849546052,0.01945029998006291,0.00918755592864347,-79507074.3469652,-5024.1437186075955,0.04460988526963698,0.021071953456001793
2015-03-10,0.0521994134897361,16.925,101939,230134,53437260.198815204,27628810.176284764,81066070.37509997,4789.723508129983,0.04698617318327611,0.020812759123510577,117351124.85125777,6933.596741580961,0.0680171155453846,0.030128519651946087,273008749.8504276,16130.502206819949,0.15823681031616896,0.07009178220871295
2015-03-11,0.0104094378903538,17.225,87418,217754,10390740.13605078,5771734.636756091,16162474.772806872,938.31493601201,0.010733658239859183,0.004309059470834107,23772622.89780415,1380.1232451555384,0.015787632354383976,0.006337992620826889,55843961.4245784,3242.0296908318373,0.03708652326559561,0.01488849661008219
2015-03-12,-0.0629619490829453,15.875,75327,217035,-66582658.76287904,-30824187.637226246,-97406846.40010528,-6135.864340164112,0.08145637474164791,0.028271312646182007,-139791212.86462468,-8805.745692259823,0.11690025744102145,0.040572929215379194,-315298307.802212,-19861.310727698394,0.26366788439335687,0.0915120175441675
2015-03-13,0.0270466773302311,16.425,63587,205815,27947913.334840287,13793549.285711065,41741462.62055135,2541.337145847875,0.03996630043637654,0.012347677019886184,60779048.26371083,3700.3986766338403,0.058194264183462664,0.017979246782954792,138251445.39490148,8417.13518386006,0.13237194998757704,0.040896607068775646
2015-03-16,-0.0219966159052455,16.125,48560,208942,-23268847.8524507,-10707314.198549252,-33976162.050999954,-2107.0488093643385,0.043390626222494615,0.010084371784343685,-49544076.47121617,-3072.5008664320108,0.06327225836968721,0.01470504190843397,-109740012.22938557,-6805.582153760345,0.14014790267216526,0.032571633054916414
2015-03-17,-0.006893580353296,15.625,39090,208614,-7327687.825554196,-3322810.4146324624,-10650498.240186658,-681.631887371946,0.017437500316499002,0.0032674311761048927,-15558074.098902646,-995.7167423297693,0.02547241602276207,0.0047730101638901,-34219777.03533582,-2190.0657302614923,0.05602624022157821,0.010498172367441745
2015-03-18,-0.0489208633093526,16.525,165714,217507,-54286790.51414896,-21486673.871334758,-75773464.38548371,-4585.383623932448,0.027670466127982237,0.02108154507180205,-108709447.60818934,-6578.483970238387,0.039697816540777406,0.030244929911397735,-231898579.66194546,-14033.196953824234,0.08468323107175153,0.06451836931144392
2015-03-19,0.0006034092623323,16.525,158701,215552,668295.3489897237,265362.7390190262,933658.08800875,56.49973301111952,0.0003560137176899926,0.0002621164870245672,1345456.0376954572,81.41942739458138,0.000513036637416156,0.0003777252235867975,2860661.3141068043,173.11112339526804,0.0010908004574342193,0.0008031060876042349
2015-03-20,-0.019230769230769,16.175,164417,227929,-21655485.671824433,-8209687.331657345,-29865173.00348178,-1846.378547355906,0.011229851824056551,0.008100674101829543,-42882746.66475855,-2651.1744460438053,0.016124697847812605,0.011631580211573803,-90009658.90684916,-5564.739345091139,0.033845279655334536,0.024414354229128975
2015-03-23,-0.0051852981546439,16.075,165725,234212,-5943878.1641482,-2132389.303467112,-8076267.467615312,-502.4116620600505,0.0030315985039073797,0.0021451149473982996,-11624451.273785353,-723.138492925994,0.004363484645804761,0.003087538183039272,-23870012.45849415,-1484.9152384755303,0.008960116086743282,0.006340047642629456
2015-03-24,-0.0103753433018003,15.875,166366,241685,-11941321.648309045,-4220290.141713353,-16161611.790022397,-1018.0542859856628,0.006119365050465016,0.004212318869543674,-23291330.700797997,-1467.1704378455431,0.00881893198036584,0.006070589560152857,-47515194.9518669,-2993.083146574293,0.01799095456147466,0.012384232147523815
2015-03-25,0.0398773006134969,16.575,156333,239154,43835122.41469467,17648494.28408421,61483616.698778875,3709.4188053561916,0.023727676212675453,0.015510586506419259,90902082.15820292,5484.288516332001,0.03508081157741488,0.022932037583866464,189313853.51651436,11421.650287572511,0.0730597524999361,0.04775855845008869
2015-03-26,-0.0085168869309836,16.475,146117,232289,-9438372.195696091,-3724048.296834064,-13162420.492530156,-798.9329585754267,0.005467761852319899,0.0034393921303868314,-19467626.28293561,-1181.6465118625558,0.008086988590393697,0.005086967148089474,-40237715.945447676,-2442.3499815142745,0.016715029609930907,0.010514273088757
2015-03-27,-0.0116536362295324,16.225,140781,231533,-13074727.453443661,-4968460.6159871975,-18043188.069430858,-1112.06089796184,0.00789922573331515,0.004803034115922309,-26615482.26337533,-1640.39952316643,0.011652137171681051,0.007084949113804209,-54425599.47396262,-3354.428318888297,0.02382728009382159,0.014487905909258279
2015-03-30,-0.0243684992570581,15.775,139354,236991,-28151452.247044936,-9755372.658116419,-37906824.90516135,-2402.9682982669638,0.017243626291796172,0.010139491787734402,-55650849.570823334,-3527.787611462652,0.025315294942826555,0.01488574507665967,-110677263.14074138,-7015.991324294224,0.050346537051639884,0.029604463141191962
2015-03-31,0.0289481661109425,16.275,134171,238534,32626873.337078445,12188014.569871493,44814887.90694994,2753.6029435913943,0.02052308579045691,0.011543859339093774,66894937.67373296,4110.288029108016,0.030634697729822514,0.01723145559588158,134361756.40556994,8255.714679297693,0.06153128976677295,0.034610221936066526
2015-04-01,-0.0117302052785921,16.025,129699,237630,-13216982.306864144,-4922347.82341095,-18139330.130275093,-1131.9394777082744,0.008727434118291385,0.004763453594698794,-27161209.670057386,-1694.9272805028013,0.013068159974269664,0.007132631740532767,-54325989.82280846,-3390.07736803797,0.02613803782633613,0.014266201102714177
2015-04-02,-0.0171268271076332,15.625,128670,245581,-19700476.523243804,-6904246.72112964,-26604723.244373444,-1702.7022876399005,0.013233094642417818,0.006933363279895027,-39555837.267643444,-2531.5735851291806,0.019674932658189016,0.01030850751943017,-77986860.40191205,-4991.159065722371,0.03879038677020573,0.020323881186746415
2015-04-06,-0.0510402418832337,15.275,123388,249160,-60020550.87378902,-19718860.269401986,-79739411.14319101,-5220.256048654076,0.04230764781546079,0.020951420969072387,-118868346.81747007,-7781.8884986887115,0.06306843857335163,0.03123249517855479,-228510885.32143956,-14959.7960930566,0.12124190434285831,0.06004092186970862
2015-04-07,-0.0021122510561257,15.275,115958,251651,-2488441.243783325,-810727.8171972897,-3299169.0609806147,-215.98488124259345,0.0018626130257730683,0.0008582714999844763,-4927653.967779657,-322.5960044372934,0.0027820073167637714,0.0012819182297598396,-9426973.091719279,-617.1504479030625,0.005322189481562829,0.0024524061017165144
2015-04-08,-0.0225563909774436,14.825,106281,254261,-27066877.671400048,-8323190.936433547,-35390068.607833594,-2387.188438976971,0.02246110253927768,0.009388732204219173,-52500650.52447992,-3541.3592259345646,0.03332071796402522,0.013928047266134266,-99118256.35860816,-6685.885757747599,0.0629076293763476,0.026295364832780485
2015-04-09,-0.0360966656469869,14.075,95603,253100,-44761744.41953625,-12440940.75033583,-57202685.169872075,-4064.1339374687086,0.042510527258231526,0.01605742369604389,-83667892.05840003,-5944.432828305508,0.06217830850815883,0.02348649872898265,-154776427.73868725,-10996.549040048827,0.11502305408877156,0.04344744780738375
2015-04-10,-0.0463430012610339,13.425,78782,251774,-60139220.2900405,-14546296.654272225,-74685516.94431272,-5563.166997714169,0.07061469622139789,0.022095875657193235,-107092817.1484758,-7977.118595789631,0.10125559894125094,0.031683647222467894,-192972162.68950796,-14374.090330689605,0.1824539911488615,0.05709124187044574
2015-04-13,0.0443349753694579,14.325,48940,237965,55748806.476197906,14622974.660110861,70371781.13630876,4912.515262569547,0.10037832575744886,0.020643856292183925,103212078.07010064,7205.031627930236,0.1472217333046636,0.030277694736327763,186747590.6589693,13036.48102331374,0.26637680881311276,0.05478318670104318
2015-04-14,-0.0290852228303361,13.575,37854,241415,-36977783.0139504,-9397878.607015042,-46375661.62096544,-3416.254999702795,0.09024819040795676,0.014150964106218732,-67862627.69125688,-4999.088596041022,0.13206236054422313,0.02070744815376436,-121786648.30996904,-8971.392140697535,0.2369998452131224,0.037161701388470206
2015-04-15,-0.0191999999999999,15.325,195329,261026,-24950787.064628094,-5929877.603176364,-30880664.667804457,-2015.0515280785942,0.010316192311835897,0.007719734923258963,-44819553.82544814,-2924.603838528427,0.014972706758998545,0.011204262558244875,-79334898.40628013,-5176.828607261346,0.026503123485306056,0.019832616702019516
2015-04-16,-0.0127479674796746,15.125,198644,270150,-16895666.132256065,-3773132.3728430965,-20668798.505099162,-1366.5321325685397,0.006879302332658121,0.005058419887353469,-29781895.5479867,-1969.0509453214347,0.009912461213635622,0.007288731983421931,-52048802.47353266,-3441.243138745961,0.01732367017753348,0.01273826814268355
2015-04-17,0.0353180594761373,15.675,189900,264405,45159380.787504174,11154912.759730985,56314293.54723516,3592.618408117076,0.018918475029579124,0.013587558511060971,82754330.40963663,5279.383120232002,0.027800858979631395,0.01996703209179857,146506942.6572962,9346.53541673341,0.04921819598069199,0.035349314183670544
2015-04-20,-0.0300903976231114,15.175,187927,264669,-39815856.09276718,-8880876.149109222,-48696732.2418764,-3209.010361902893,0.017075834562904173,0.012124617397212718,-70963614.14989755,-4676.350191097037,0.02488386549616094,0.017668673668231025,-122582294.93667385,-8077.91070422892,0.042984300841438006,0.030520804114682564
2015-04-21,-0.0032469640885772,15.125,186865,266038,-4292644.001858738,-958308.5704760366,-5250952.572334775,-347.1704180056049,0.0018578675407679604,0.0013049655237432432,-7674931.444840718,-507.4334839564111,0.0027155084363385926,0.0019073721947857492,-13221693.909854315,-874.1615808168142,0.004678038053229948,0.0032858523249190497
2015-04-22,-0.0129827977929244,14.925,183144,264985,-17363893.630077757,-3748205.706442147,-21112099.336519904,-1414.5460191973136,0.007723682016322203,0.005338211669329636,-30773210.527126223,-2061.8566517337504,0.011258117392509448,0.007781031574367418,-52596970.627335146,-3524.0851341598086,0.01924215444764671,0.013299187252711696
2015-04-23,-0.0123189830286349,14.725,184699,271793,-16633201.608013768,-3487633.1471767975,-20120834.755190566,-1366.44039084486,0.0073982013483822875,0.005027503985918917,-29269985.211651884,-1987.7748870391772,0.01076223957378858,0.007313561743824077,-49673400.38889306,-3373.4057989061503,0.018264342518942444,0.01241167284994886
2015-04-24,-0.0047584429317295,14.625,184396,276101,-6487950.744077885,-1321872.418369178,-7809823.162447062,-534.0050025604829,0.0028959684730714493,0.001934092968009833,-11339081.064401763,-775.3217821813171,0.004204656186583858,0.002808109286751287,-19109640.129231848,-1306.642060118417,0.007086065099668198,0.00473247854994519
2015-04-27,0.0288340718206467,15.125,178598,276253,38172581.52267228,8485885.018772144,46658466.54144442,3084.8572919963253,0.01727263066773606,0.01116678295618989,69310974.5905463,4582.543774581573,0.025658427163694854,0.01658821361064522,117326547.20744596,7757.127088095601,0.043433448796154496,0.02807979311752488
2015-04-28,-0.038178207674076,14.475,181276,284054,-52282163.888613194,-10413472.60673887,-62695636.49535206,-4331.304766518277,0.023893426413415325,0.015248173820887143,-91677890.31517239,-6333.533009683758,0.034938618513668425,0.022296933011623696,-152344133.48038954,-10524.637891564043,0.05805863926589313,0.03705153911426716
2015-04-29,0.0371475953565507,15.075,169020,270763,49473980.47201509,10662363.741380908,60136344.213396,3989.1438947526367,0.023601608654316868,0.01473297272800433,89350541.12227225,5927.067404462505,0.0350672547891522,0.02189024129760161,149742914.56415087,9933.194995963573,0.05876934679897984,0.03668593934903799
2015-04-30,0.0202663947485821,15.525,166745,276734,26245947.48342903,6134500.2086504605,32380447.692079492,2085.6971138215454,0.0125083037801526,0.007536830002173731,48937159.87526464,3152.152004847964,0.018904027136333705,0.011390548341902201,82740447.24926764,5329.497407360234,0.031961962321870124,0.019258556618847827
2015-05-01,-0.0534479536535227,14.475,164344,277753,-72564317.88008714,-14608346.890549734,-87172664.77063687,-6022.291175864378,0.03664442374448947,0.021682182283771473,-128724553.28414227,-8892.88796436216,0.054111424599390064,0.03201725261063665,-212515138.38575643,-14681.52942215934,0.08933413706712347,0.0528582208730755
2015-05-04,0.0,14.475,157030,275943,0.0,0.0,0.0,0.0,0.0,0.0,0.0,0.0,0.0,0.0,0.0,0.0,0.0,0.0
2015-05-05,0.0416585047339208,15.225,156153,281348,54550113.52446192,12178544.721026381,66728658.2454883,4382.834695926982,0.02806756639915328,0.015577984190138129,101418339.53770375,6661.303089504351,0.04265882236975499,0.023676383302900148,168022527.6187574,11035.962405172899,0.07067403383331027,0.03922530959940323
2015-05-06,0.0168697282099345,15.675,142692,269914,21721352.437999975,5092194.498285025,26813546.936285,1710.5931059830941,0.011988009881304447,0.006337548648766252,41232193.524272054,2630.4429680556336,0.01843441095545394,0.009745485480766591,68581848.56021577,4375.237547701166,0.030662108231023222,0.016209746614481522
2015-05-07,-0.0133619368679129,15.425,135927,266808,-17339758.81869978,-3981020.834702395,-21320779.653402176,-1382.2223438186174,0.010168857870905835,0.005180588077638667,-32749688.458156884,-2123.1564640620345,0.01561982876148252,0.00795761920205554,-54167643.54108304,-3511.6786736520608,0.0258350340524845,0.013161819261986375
2015-05-08,-0.0429394634116117,14.375,121843,260366,-58645858.34736079,-11435864.176801967,-70081722.52416275,-4875.250262550452,0.04001255929803478,0.018724604067161043,-104839056.17622092,-7293.151733997977,0.05985696128622881,0.028011152508384263,-169194431.76635984,-11770.047427225032,0.0966001118424943,0.045205777356586624
2015-05-11,0.0296601973047907,14.925,115765,261750,39403833.70748633,8339029.778173525,47742863.48565985,3198.851824834831,0.027632288038999964,0.012221019388098685,73032554.12592894,4893.303459023715,0.042269282244406466,0.018694569088915817,118206505.34595159,7920.033859025232,0.06841475280978908,0.030258009012512826
2015-05-12,-0.0163474137393149,14.625,113497,264460,-21812462.90484007,-4559525.405476941,-26371988.31031701,-1803.2128759191119,0.015887758054566305,0.006818471133324933,-40357281.71968846,-2759.4722543376724,0.024313173514169294,0.010434365326845921,-65043443.57107897,-4447.414945031041,0.03918530837846851,0.01681696644116706
2015-05-13,-0.0139020537124802,14.325,107924,265203,-18876609.59288468,-3753027.1198774762,-22629636.712762155,-1579.730311536625,0.014637432929993562,0.005956683414352873,-34409339.18891977,-2402.0481109193556,0.022256848438895478,0.009057394188298607,-54957391.628533036,-3836.4671293914857,0.03554785895066422,0.014466152831572364
2015-05-14,-0.0222094581658051,13.725,102463,275311,-30771032.893793162,-5740971.115726328,-36512004.00951949,-2660.2553012400354,0.025963082295463097,0.009662727973964119,-55041466.84171952,-4010.3072380123513,0.03913907691569007,0.014566462066580526,-86984048.29125838,-6337.635576776567,0.06185291838787237,0.023019914121762543
2015-05-15,-0.0061050854062478,13.675,77322,266030,-8525295.16725837,-1549082.1802772596,-10074377.34753563,-736.7003544815817,0.009527693987242722,0.002769237884755786,-15155760.356699973,-1108.2822929945137,0.014333337122610819,0.004166004935512963,-23812931.40935033,-1741.347817868397,0.022520729131015712,0.006545682133099263
2015-05-18,-0.0349873187227678,13.275,59097,270999,-50508927.92083319,-8290285.7262825845,-58799213.647115774,-4429.319295451282,0.07494998553989682,0.0163444119552149,-87591862.98469955,-6598.2570986591,0.11165130376599658,0.02434790201683069,-134953684.7211598,-10166.002615529927,0.17202231273211716,0.03751306320514071
2015-05-19,-0.0068424230227409,13.125,36982,265734,-10007175.85690818,-1575379.4743069734,-11582555.331215153,-882.4804061878211,0.023862430538851905,0.0033209164284127026,-17177465.828295644,-1308.7593012034777,0.03538908931922226,0.004925072821706961,-26274226.78038335,-2001.8458499339695,0.054130275537666146,0.007533269547494749
2015-05-20,0.0,14.875,225692,289321,0.0,0.0,0.0,0.0,0.0,0.0,0.0,0.0,0.0,0.0,0.0,0.0,0.0,0.0
2015-05-21,-0.0364789849325932,14.325,221416,288894,-54686661.87447707,-7957953.610582697,-62644615.48505977,-4373.097067019879,0.019750591949181086,0.015137375878418657,-92173853.19025478,-6434.4749172952725,0.029060568871695235,0.02227278834899746,-139085549.97013903,-9709.287956030648,0.04385088681951913,0.03360847908239925
2015-05-22,0.0076481835564055,14.425,217089,288531,11442800.335449407,1674027.435984168,13116827.771433575,909.3121505326568,0.004188660643941687,0.003151523235051543,19359841.22842949,1342.1033780540374,0.006182272607336334,0.004651504961525927,29164010.248923074,2021.7684747953604,0.009313085761118068,0.007007110067186404
2015-05-26,0.0314776508678837,14.925,205957,284789,45264960.76338472,7428725.5246883435,52693686.28807306,3530.565245432031,0.01714224447545862,0.012397126453030247,79990865.68981928,5359.521989267623,0.026022528922384883,0.01881927317862566,120936634.79243861,8102.9571050210125,0.03934295559277428,0.028452493267018784
2015-05-27,-0.0250195465207193,14.525,200620,280268,-37320998.614448324,-5472055.923543953,-42793054.537992276,-2946.165544784322,0.01468530328374201,0.010511958356945217,-63900721.45874963,-4399.361201979321,0.021928826647290005,0.01569698004045885,-95203247.91266191,-6554.440475914761,0.032670922519762544,0.023386331924853215
2015-05-28,-0.0015973023338361,14.475,192792,277794,-2359898.869096195,-357212.54073878645,-2717111.4098349814,-187.71063280379838,0.0009736432673751939,0.0006757188161148131,-4087704.0011006217,-282.3975130294039,0.0014647781704085435,0.0010165716791197936,-6097289.084240107,-421.2289522791093,0.0021848881295858194,0.0015163356742014201
2015-05-29,0.0090257499336343,14.625,181802,271403,13231730.83346608,2046247.4744984955,15277978.307964575,1044.6480894334752,0.005746075892638558,0.0038490661099305286,23119296.367595818,1580.8065892373208,0.008695210114505456,0.005824573012226545,34486576.23927602,2358.0564949932323,0.01297046509385613,0.008688395098776478
2015-06-01,-0.0033184874683434,14.575,180384,274698,-4914369.401760295,-737116.464035663,-5651485.865795958,-387.7520319585563,0.0021495921587200433,0.0014115575357612953,-8566188.421213524,-587.7316240969828,0.0032582248098333715,0.0021395555267857166,-12650607.133739457,-867.9661841330674,0.004811769248564548,0.0031597106063133602
2015-06-02,0.0184975133059941,14.875,174711,273129,26976367.967547875,4242254.212594227,31218622.1801421,2098.730902866696,0.012012585944025825,0.00768402807049671,47808767.335478894,3214.034778855724,0.018396293186208793,0.011767460719497835,70796419.44614163,4759.423156043134,0.02724169145642309,0.017425550403081087
2015-06-03,-0.027818073214438,14.375,172716,269737,-41242043.05078631,-6157277.847800464,-47399320.89858677,-3297.344062510384,0.01909113262529461,0.012224292783379307,-72110223.51398802,-5016.363374886123,0.02904399925244982,0.01859723869875517,-105967369.30521959,-7371.643082102232,0.0426807191117339,0.027329002258133783
2015-06-04,0.0328527741371778,14.975,160203,256311,47035596.12166354,7756930.883301925,54792527.00496547,3658.933355924238,0.022839356041548773,0.014275366082314993,85000356.98986576,5676.150717186361,0.03543098891522856,0.022145560343435754,125927094.38876294,8409.154884057625,0.05249062055053667,0.03280840418108324
2015-06-05,-0.0104509060261273,14.725,153462,254199,-15203285.950466232,-2381627.166742829,-17584913.117209062,-1194.2216038851655,0.007781871759035888,0.004697979157609454,-27094826.13684931,-1840.056104370072,0.011990304468663721,0.007238644150331324,-39835671.14393144,-2705.308736429979,0.01762852521425486,0.010642483788016393
2015-06-08,0.0240861674158254,15.225,145768,251395,34308815.85678343,5718026.3891272945,40026842.24591072,2629.0208371698336,0.01803565142671803,0.010457729219633777,62783963.078113124,4123.74141728165,0.028289757815718467,0.01640343450459098,92268031.57769611,6060.297640571173,0.04157495225681338,0.02410667531403239
2015-06-09,-0.0175786085664767,14.825,137326,249069,-25342156.18127225,-4080687.646448421,-29422843.827720672,-1984.6774925949862,0.014452306865378633,0.007968384233264623,-45968062.402020685,-3100.712472311682,0.022579209125086888,0.012449210750080026,-67166623.70034257,-4530.632290073698,0.03299180264533808,0.01819026972474976
2015-06-10,-0.0451769430268552,13.875,123802,248008,-67928065.99788837,-9574855.611234663,-77502921.60912304,-5585.7961520088675,0.045118787677168926,0.022522645043744023,-118577357.4976306,-8546.115855685088,0.06903051530415573,0.03445903299766575,-170621984.33772707,-12297.079952268617,0.09932860496816383,0.04958340034300755
2015-06-11,-0.020566448801743,13.525,112677,251673,-31571015.636280857,-4171312.650569384,-35742328.286850244,-2642.6860101183174,0.023453641915549023,0.010500474862692134,-54220299.88740056,-4008.894631231095,0.03557864188105021,0.01592898177886025,-77374795.1646334,-5720.872100897109,0.050772314677326416,0.022731370075046227
2015-06-12,0.0213217729806245,14.2,87613,241143,32334918.31874695,4431875.54324039,36766793.86198734,2589.210835351221,0.029552815624978267,0.010737242363872145,56229706.25728825,3959.838468823116,0.04519692818215466,0.016421121362938655,80349389.10299858,5658.40768330976,0.06458411061497449,0.02346494687098427
2015-06-15,0.0469329652316452,15.475,65096,239844,68041734.55245979,10585130.45772823,78626865.01018801,5080.89596188614,0.07805235286171408,0.02118416955140066,123718311.69441074,7994.721272659822,0.1228143245769298,0.033333005089390695,177773720.67128015,11487.801012683693,0.17647476054878475,0.04789697058372814
2015-06-16,-0.0240190836555069,14.925,39534,223359,-35454631.14501262,-5214270.811861497,-40668901.95687412,-2724.8845532243963,0.06892509114241908,0.012199573570907804,-63492051.04377948,-4254.073771777519,0.1076054477608519,0.01904590265795208,-90551832.59591877,-6067.1244620381085,0.153465990338395,0.027163107204268056
2015-06-17,-0.0015974440894569,15.625,178579,234870,-2363812.9077112232,-345088.82144041307,-2708901.7291516364,-173.36971066570473,0.000970829216569164,0.0007381517889287892,-4232723.060349375,-270.89427586236,0.001516943626419456,0.0011533796392147145,-6019584.978480056,-385.2534386227236,0.0021573277855891433,0.0016402837255619007
2015-06-18,-0.0409846972721225,14.975,191772,255265,-62405350.78466945,-8340084.589737339,-70745435.37440678,-4724.2360851022895,0.024634649923358412,0.018507183065059014,-109107656.59519644,-7285.987084821131,0.037992966047291216,0.0285428362087287,-153598753.39563885,-10257.011912897418,0.05348545101942629,0.04018181855286631
2015-06-19,0.0296152781621921,15.425,185147,250641,44588412.13988134,6122597.103941273,50711009.24382262,3287.5856884163773,0.017756624133344733,0.01311671150536575,78732984.42297402,5104.245343466711,0.027568609501999554,0.0203647661135517,110875838.30494183,7188.060830142096,0.03882353389545656,0.02867871110529441
2015-06-22,-0.0567176186645214,14.525,186624,258623,-89151472.82350603,-10649895.917411739,-99801368.74091777,-6871.006453763702,0.036817378545973195,0.026567654283508046,-152362235.67902294,-10489.654779967155,0.056207426590187515,0.040559636149790065,-210695683.37911654,-14505.72691078255,0.07772701748318839,0.05608830966612618
2015-06-23,-0.0289115646258505,14.075,186718,262950,-46646670.345644616,-5145655.266841902,-51792325.61248652,-3679.738942272577,0.01970746763714573,0.013994063290635394,-78251389.88834026,-5559.601413025951,0.02977539076589269,0.021143188488404453,-107295535.15666246,-7623.12860793339,0.04082696155664366,0.028990791435380834
2015-06-24,0.0327225130890052,14.575,179420,260740,51738360.0847656,6041795.381418483,57780155.46618408,3964.3331366164034,0.022095268847488594,0.01520416175736904,88243089.03420348,6054.414341969365,0.03374436708265168,0.02322012097096481,121317131.19376743,8323.645364924008,0.04639195945225732,0.03192316240286879
2015-06-25,0.0025273799494525,14.625,172903,256558,3960515.846431051,473577.5497444033,4434093.396175454,303.1858732427661,0.0017535026763142692,0.0011817439847627675,6810889.945953697,465.7018766464066,0.0026934285503803094,0.00181519140563306,9363245.331795104,640.221903028725,0.0037027807674171356,0.002495427556453999
2015-06-26,-0.0076815642458101,14.525,168971,252928,-12104789.499278596,-1424320.070673374,-13529109.56995197,-931.4361149708758,0.005512402216776108,0.003682613688365368,-20768569.959496714,-1429.849911152958,0.008462102438601642,0.0056531894893129975,-28457940.316753276,-1959.238576024322,0.011595117363478478,0.007746230453031384
2015-06-29,0.1718135878719817,17.375,164567,250615,226092859.17270347,42778242.77780914,268871101.95051265,15474.595795712958,0.09403219233329256,0.06174648682526169,453490653.0905355,26100.181472836575,0.1585991205578067,0.10414453034669344,643238525.095559,37020.922307658075,0.22495957456633514,0.14772029729927608
2015-06-30,-0.0028745957599712,17.325,144426,226690,-3764641.8636410777,-707033.3301535217,-4471675.1937946,-258.1053502911746,0.0017871113947016092,0.0011385828677540897,-7547419.627564924,-435.63749654054396,0.0030163370621670888,0.001921732306412034,-10674143.250845253,-616.1121645509526,0.004265936635723156,0.0027178621225062973
2015-07-01,-0.0759067979822243,15.925,131272,211631,-106551412.3171413,-16066542.822652109,-122617955.1397934,-7699.714608464264,0.05865466061661484,0.036382735083538155,-198535521.7765605,-12466.908745780878,0.09497005260665548,0.058908707825322745,-274870217.9003428,-17260.296257478356,0.13148497971752054,0.08155844964810617
2015-07-02,0.0580594882452265,16.925,126639,209216,76430467.02234483,13835226.276318079,90265693.2986629,5333.275822668414,0.04211400771222462,0.02549172062685652,151862956.04019904,8972.700504590784,0.07085258494295427,0.042887257688660446,213123621.71757376,12592.237619945274,0.0994341207680515,0.06018773717089168
2015-07-06,0.0191458026509572,17.225,123482,207960,24566379.451815054,4788357.021025024,29354736.47284008,1704.1936994391917,0.013801150770470123,0.00819481486554718,50619226.57668811,2938.706913015275,0.023798666307763682,0.01413111614260086,70860292.02313168,4113.8050521411715,0.03331501799566877,0.019781713080117194
2015-07-07,-0.0457445527868063,16.325,117359,199060,-61764706.32378915,-10296623.70668291,-72061330.03047206,-4414.170292831366,0.03761254179765818,0.02217507431342995,-120510507.76545483,-7381.960659445931,0.0629006779151657,0.03708409856046384,-166124893.18615666,-10176.1037173756,0.08670918904707435,0.0511207862824053
2015-07-08,0.1058734560120999,18.425,111947,202633,128622830.93326597,28463342.900321186,157086173.83358717,8525.70821349184,0.07615843402227697,0.04207462858217487,279987646.7846081,15196.073095501119,0.13574345981134928,0.0749930815587842,394435579.2680986,21407.62981102299,0.19123004467313096,0.10564730232007122
2015-07-09,0.0253164556962024,18.825,107130,202480,30479505.37603119,6939301.651923817,37418807.02795501,1987.7188328262953,0.01855426895198633,0.009816865037664437,67294266.72471412,3574.728644075119,0.033368138187950334,0.0176547246349028,94811137.49804488,5036.448207067457,0.04701249143160139,0.024873805842885503
2015-07-10,-0.0898976412995105,16.775,92860,188237,-116272819.01633309,-20778247.491647575,-137051066.50798067,-8169.959255319265,0.08798146947360828,0.043402515208589516,-234023048.98364186,-13950.703367132153,0.15023372137768848,0.07411243999390212,-322364017.3122547,-19216.93098731772,0.20694519693428515,0.10208902068837539
2015-07-13,-0.1057645334636051,14.475,85273,191099,-150109993.97412834,-19640508.75673021,-169750502.73085853,-11727.150447727705,0.13752477862544657,0.06136688547678274,-274356716.2767685,-18953.831867134268,0.22227237070507977,0.09918331266586569,-366561162.23733866,-25323.741778054486,0.29697256784743686,0.13251634900263468
2015-07-14,-0.0065359477124182,14.075,83659,201945,-9344579.5096135,-1188860.6744886737,-10533440.184102174,-748.3794091724458,0.008945593530551953,0.0037058575808880923,-16972286.289160177,-1205.8462727644885,0.014413826041005611,0.005971161815169915,-22585639.30382613,-1604.663538460116,0.019181003101401115,0.007946042429672019
2015-07-15,-0.0130357630357629,13.975,75989,204917,-18672050.465622246,-2358020.545245068,-21030071.010867313,-1504.8351349457826,0.019803328573159043,0.00734363247044307,-33906377.5521557,-2426.2166405835924,0.03192852439936823,0.011839996879632204,-45008907.17194007,-3220.673142893744,0.042383412637273084,0.015716964150820793
2015-07-16,-0.0597960870763295,12.925,74311,224094,-91603209.98742968,-9397880.702085564,-101001090.68951525,-7814.397732264236,0.10515802145394673,0.03487107076612598,-157575159.202457,-12191.501679106925,0.16406052507847996,0.054403516734526244,-205821065.34547335,-15924.260374891555,0.2142921017735134,0.07106062801722293
2015-07-17,-0.0030634573304156,12.925,64220,220185,-4725468.862831756,-471699.79559932044,-5197168.6584310755,-402.1020238631393,0.006261320832499834,0.001826200803247902,-8088453.5250506345,-625.7991121896042,0.009744614017278172,0.002842151428070051,-10527062.478209555,-814.4729190104105,0.012682543117571013,0.0036990390762786313
2015-07-20,-0.0151515151515152,12.525,56864,224159,-23456970.78868611,-2327887.671198287,-25784858.459884398,-2058.671334122507,0.03620342104182799,0.009183978042918227,-40310250.9236454,-3218.3833072770776,0.0565979056569548,0.014357591295808233,-52161814.92392801,-4164.61596199026,0.07323818166133687,0.0185788478802558
2015-07-21,-0.0004415660877243,12.375,40281,217427,-688808.2883390404,-66483.64668152567,-755291.935020566,-61.033691718833616,0.0015151980268323431,0.0002807088895069776,-1177822.81781149,-95.17760143931233,0.002362841077413975,0.00043774508887724304,-1518775.9559051564,-122.72937017415406,0.0030468302716951928,0.0005644624180720612
2015-07-22,-0.0035149384885764,14.175,176703,233171,-5507481.259635187,-525287.4684696886,-6032768.728104875,-425.59215013085543,0.0024085168340710426,0.0018252362006032287,-9407237.231208695,-663.6498928542289,0.0037557364213071025,0.0028461939643190147,-12100162.834670855,-853.627007736921,0.004830857471219622,0.0036609484358557497
2015-07-23,0.0070261724925344,14.275,172217,229324,10883459.47676546,1075180.9502398942,11958640.427005354,837.733129737678,0.004864404383642022,0.0036530547598056812,18782474.654077478,1315.7600458197883,0.00764012870866284,0.005737559286510737,24167951.6666197,1693.026386453219,0.009830773886742998,0.007382682957096593
2015-07-24,0.0416956219596942,14.9,158615,217829,62313676.48168095,6791068.08791774,69104744.56959869,4637.902320107295,0.029239998235395737,0.021291482401825722,110472960.64700937,7414.292660873112,0.046743956503944216,0.03403721570990599,142760348.80498844,9581.231463422044,0.060405582469640604,0.0439851051210906
2015-07-27,0.0547056867309609,15.775,147061,207594,77516082.25235319,9840538.715627583,87356620.96798077,5537.662184975009,0.037655545555755836,0.026675444304628308,144257508.19232747,9144.691486042946,0.06218298179696144,0.04405084677805209,187206735.56839687,11867.304948868265,0.0806964793444099,0.05716593422193447
2015-07-28,-0.081208687440982,14.375,148178,210247,-123571701.09171374,-12476950.351011733,-136048651.44272548,-9464.25401340699,0.06387084461530719,0.04501493012222286,-216336567.73307618,-15049.500364040083,0.10156366237930113,0.07158009562105563,-276264390.4186969,-19218.392376952826,0.12969801439453107,0.09140864020391647
2015-07-29,-0.0170648464163823,14.075,145628,212019,-26351271.668921165,-2528283.6003469024,-28879555.269268066,-2051.8334116709107,0.014089552913388296,0.00967759215764111,-45632778.47288987,-3242.11569967246,0.022262996811550386,0.015291628107256707,-57998252.742229775,-4120.6573884355075,0.028295776831622405,0.019435321308163455
2015-07-30,-0.0082958866228827,13.925,143378,213197,-12909322.941799834,-1213779.8518777557,-14123102.79367759,-1014.2264124723584,0.0070737938349841566,0.004757226473507406,-22284778.83872176,-1600.3431841092824,0.011161706706114483,0.007506405737929157,-28241641.9237303,-2028.1250932660896,0.014145301882200126,0.009512915722388634
2015-07-31,0.0022545959070412,13.975,143953,215867,3511389.7391711394,328484.67808228725,3839874.4172534267,274.767400161247,0.0019087299338064994,0.0012728550457515367,6064682.290525539,433.9665324168543,0.00301464042025421,0.0020103421663193277,7670321.934915316,548.8602457900048,0.003812773931699963,0.002542585229747969
2015-08-03,-0.0096451946262487,13.875,140727,221263,-15263033.514040364,-1362629.543808362,-16625663.057848725,-1198.2459861512596,0.008514684361574251,0.005415482869486808,-26206305.780055042,-1888.742758922886,0.013421324684835789,0.008536188874429461,-32890475.121129222,-2370.4846934147185,0.01684456211966942,0.010713425622063873
2015-08-04,0.0126406926406927,14.125,135688,220195,19885998.634934228,1799965.0858124,21685963.72074663,1535.2894669555135,0.011314850738130959,0.006972408396900536,34312535.51313085,2429.206054026963,0.01790288053495492,0.011032067276854438,43022531.79584034,3045.8429589975462,0.02244740108924552,0.013832480115341158
2015-08-05,-0.0085178875638841,13.925,132490,222385,-13522867.154997375,-1194790.222519133,-14717657.377516508,-1056.9233305218318,0.007977381919554924,0.004752673653896764,-23241123.090358656,-1669.0214068480184,0.012597338718756271,0.007505098845911453,-29054362.37838003,-2086.489219273252,0.015748276996552582,0.009382328930787831
2015-08-06,0.0263473053892215,14.475,126810,220496,40296668.22309827,3969885.5061365934,44266553.72923487,3058.138426890146,0.02411590905204752,0.0138693601103428,71227199.31985404,4920.704616224803,0.038803758506622536,0.022316525543433004,89407084.19059265,6176.65521178533,0.04870795057002862,0.028012549940975483
2015-08-07,-0.0132934529744102,14.275,120858,219020,-20540756.081984464,-1964317.2372462137,-22505073.31923068,-1576.537535497771,0.013044544304040865,0.007198144167189165,-36100907.09700294,-2528.9602169529203,0.02092505433610452,0.011546709053752718,-45164796.28218445,-3163.908671256354,0.02617872769081363,0.014445752311461757
2015-08-10,-0.0317273795534663,13.575,121380,233813,-50853419.767435715,-4336737.086172549,-55190156.853608266,-4065.573248884587,0.03349458929712133,0.017388140303937708,-87420066.81960031,-6439.783927779029,0.05305473659399431,0.02754245455889548,-108180774.5904871,-7969.117833553377,0.06565429093387194,0.03408329662402594
2015-08-11,0.0476354849844666,14.475,109266,224441,72839913.4026942,7097529.078778832,79937442.48147303,5522.4485306717115,0.05054132603620259,0.02460534630781235,129506127.81431489,8946.882750557159,0.0818816717968733,0.039862960646927965,161070044.03522766,11127.464182053724,0.10183830452339908,0.04957857157138724
2015-08-12,-0.0123152709359605,14.325,93511,218360,-18857929.558943797,-1834245.4260750306,-20692174.985018827,-1444.479929146166,0.015447165885790612,0.006615130651887552,-33570970.860694505,-2343.5232712526704,0.02506147160497343,0.010732383546678286,-41677712.90743679,-2909.4389464179258,0.031113333687137618,0.01332404719920281
2015-08-13,-0.0125952933377526,14.175,82043,217376,-19495358.133988418,-1827326.8099359788,-21322684.943924397,-1504.2458514232378,0.018334846987838545,0.006920018085820136,-34445333.99824807,-2430.005925802333,0.029618686856920554,0.011178814247213736,-42610537.854271695,-3006.0344165271035,0.03663974277546047,0.013828731858747532
2015-08-14,0.0038487282463186,14.275,62290,215371,5971198.488018197,556005.2700458016,6527203.758063999,457.24719846332744,0.0073406196574623125,0.002123067629640608,10550910.648032531,739.1180839252211,0.011865758290660154,0.003431836616467496,13025668.42549105,912.481150647359,0.014648918777449975,0.004236787453498191
2015-08-17,-0.0089760638297872,13.825,46885,210183,-14094138.984433612,-1269102.2002264815,-15363241.184660094,-1111.265185147204,0.02370193420384353,0.005287131619337453,-24826364.254711088,-1795.7587164347983,0.03830134832963204,0.008543786683198919,-30446384.94260163,-2202.270158596863,0.04697174274494749,0.01047787003990267
2015-08-18,0.011025726695623,14.275,30419,198296,17107944.193259627,1592211.1117798714,18700155.3050395,1309.993366377548,0.043064971444740065,0.006606252099777847,30429496.991247304,2131.6635370400913,0.0700767131411319,0.010749906891919611,37314110.58967362,2613.9482024289755,0.08593143109336189,0.013182052096002822
2015-08-19,0.0362438220757823,15.725,163082,218905,55138625.73235945,5434682.868473105,60573308.60083255,3852.038702755647,0.023620256697585554,0.01759685115806239,99673722.96792784,6338.551540090801,0.038867266406413956,0.028955718417079557,122355348.61810434,7780.944268241929,0.04771185212495511,0.03554484487902026
2015-08-20,0.0995407098121086,17.325,171781,233015,138671371.65584323,17465547.74168845,156136919.3975317,9012.23199985753,0.05246349712632672,0.038676617384535456,269154133.92395914,15535.592145683067,0.09043836131867358,0.06667206894699082,333944175.01023006,19275.277056867537,0.11220843432549314,0.0827211855754674
2015-08-21,0.1408825093035619,19.9,158709,223890,164269951.88986018,33035445.061369985,197305396.95123017,9914.844067901013,0.06247184512473151,0.044284443556661814,378307058.1488229,19010.404932101654,0.11978151794858297,0.08490957582786929,480848771.7886609,24163.254863751805,0.15224880040673058,0.10792467222185807
2015-08-24,0.2544252220960523,25.125,153393,221245,240818853.15338075,81568073.8797546,322386927.03313535,12831.32047893076,0.08364997411179624,0.057995979474929425,717693359.8314469,28564.909844037687,0.18622042625176954,0.1291098548850265,933771876.0644221,37165.04979360884,0.24228647848082274,0.16798142237613886
2015-08-25,0.0068540829986614,25.325,143863,214571,5808580.115577009,2541776.041612741,8350356.157189749,329.7277850815301,0.0022919568275479455,0.001536683825314372,20128091.83254052,794.7913852928142,0.005524640701867848,0.003704095079450691,26489062.99897469,1045.964975280343,0.007270562794327541,0.0048746800605876045
2015-08-26,-0.0594371923817674,23.725,135370,208823,-55155837.67004713,-18144210.308274794,-73300047.97832192,-3089.5699885488693,0.02282315127833988,0.014795161397685453,-162535497.7475452,-6850.811285460283,0.05060804672719423,0.032806785102504434,-210152733.54876938,-8857.860212803767,0.06543444051712911,0.042418029684487664
2015-08-27,0.0144074095248984,24.175,133947,211912,13078458.045922695,4607693.091895473,17686151.13781817,731.5884648528715,0.005461775663903421,0.003452322024485973,40115324.05714958,1659.3722464177697,0.012388274813305036,0.007830477964521923,51939908.94349167,2148.4967505063773,0.016039901979935177,0.010138627121193596
2015-08-28,0.0119628075745548,24.425,129181,214584,10328270.538204828,4220108.420897393,14548378.95910222,595.6347577933356,0.004610854210706958,0.0027757650048155294,34592707.64369917,1416.2828103868646,0.010963553544150182,0.006600132397508037,45032462.16692676,1843.7036711126614,0.014272251113651864,0.008591990414535386
2015-08-31,0.077534231137657,26.425,125835,219524,64294590.102636464,29303822.92961786,93598413.03225432,3542.0402282783093,0.02814829124073834,0.01613509333047097,231862402.75313824,8774.357720080918,0.06972907156260912,0.039969924564425385,301278891.41959023,11401.2825513563,0.0906050188847006,0.05193638304402389
2015-09-01,0.1149292217018365,29.725,119960,220182,81634801.91974963,56291449.36898739,137926251.28873703,4640.075737215711,0.038680191207199996,0.02107381955480335,389548828.5229399,13105.090951150207,0.10924550642839452,0.05951935649213018,514328877.06940943,17302.90587281445,0.14423896192742955,0.07858456128482096
2015-09-02,-0.1012790642385049,25.975,109746,219959,-80344213.11956348,-39326434.51472015,-119670647.63428363,-4607.147165901199,0.04198009190222148,0.0209454815029219,-304604623.21080804,-11726.838237182215,0.10685435676181561,0.053313745912566504,-395184529.6156363,-15214.0338639321,0.138629506897127,0.06916758970504548
2015-09-03,-0.0059520646224159,25.625,102743,218048,-4724703.078270464,-2275873.060463239,-7000576.138733704,-273.19321517009575,0.002658995894319766,0.0012529040173268995,-17773875.952703826,-693.6146713250274,0.006750967670060514,0.003181018268110817,-22985350.25295767,-896.9892781642017,0.00873041743149608,0.0041137239422705165
2015-09-04,0.0850013415615777,28.025,96208,219090,62517104.50070749,37295638.014984824,99812742.51569232,3561.5608390969605,0.03701938340987195,0.016256154270377292,271645227.9455471,9692.960854435223,0.10075005045770855,0.0442419136173957,353735241.22782594,12622.131711965243,0.131196280059509,0.0576116286090887
2015-09-08,-0.0973719509165877,24.625,85506,211293,-77793125.30255215,-35139777.64021198,-112932902.94276413,-4586.10773371631,0.05363492308979849,0.021704967669143368,-284448013.02019846,-11551.188345997907,0.13509213793181657,0.054669053617478605,-362347306.0434156,-14714.611412930582,0.17208864188396816,0.06964078986492966
2015-09-09,0.0333204611904893,25.825,76869,209961,25985888.165392306,12543028.513811385,38528916.67920369,1491.9232015180519,0.01940864589780083,0.007105715830644986,99332173.05100828,3846.3571365346866,0.05003781936196239,0.018319388536607688,126597125.3129683,4902.115210569925,0.06377232968517771,0.023347741773805254
2015-09-10,-0.036963625649542,24.7,67666,211742,-29561870.06822493,-13217484.976363841,-42779355.044588774,-1731.9576941129058,0.02559568607739346,0.008179566142347317,-107919376.40549318,-4369.205522489603,0.06457017590059413,0.020634571896409794,-136756065.70360106,-5536.68282200814,0.08182370499228771,0.02614825033299081
2015-09-11,-0.0220932827493862,23.8,56104,210029,-18071801.00626965,-7513224.556694951,-25585025.5629646,-1075.001074074143,0.019160863290926547,0.00511834591448868,-63233997.768419065,-2656.890662538616,0.04735652827852945,0.012650113377384153,-79686895.07080272,-3348.1888685211225,0.05967825589122206,0.015941555063925087
2015-09-14,-0.0022866289372892,23.725,44672,212039,-1866243.6869454433,-777865.8355015672,-2644109.5224470105,-111.448241199031,0.002494811989591489,0.0005256025599018624,-6586241.849242894,-277.60766487852027,0.006214354962359426,0.0013092292685709717,-8242857.768674627,-347.4334149072551,0.007777431386713268,0.001638535434081726
2015-09-15,-0.103909524082898,22.575,33491,221807,-93412559.32468471,-28452782.472450465,-121865341.79713517,-5398.243268976087,0.1611848935229192,0.024337569458926397,-276192246.95824265,-12234.429544108201,0.3653049937030307,0.05515799566338394,-340196040.95916706,-15069.592069066093,0.4499594538552475,0.06794011040709308
2015-09-16,-0.0709914320685434,18.975,199451,234867,-67653519.09385414,-17071739.3386626,-84725258.43251674,-4465.099258630658,0.022386948466694367,0.019011181897119044,-182114371.6127079,-9597.59534190819,0.04812006629151115,0.040863958503783805,-221972464.26560467,-11698.153584485095,0.058651767022903346,0.049807565918094474
2015-09-17,0.0750553039081429,20.425,186365,226134,71489016.54257217,17742447.301932257,89231463.84450443,4368.737519926777,0.023441834678865545,0.019319242218891353,191289147.22130537,9365.441724421316,0.050253222034294616,0.04141545156597998,232504750.12347502,11383.341499313343,0.061080897697064054,0.05033892072538116
2015-09-18,0.0531450703534834,21.525,176578,220563,44580688.17237013,15732805.394235037,60313493.566605166,2802.020607043213,0.015868458171704364,0.012703946750104111,143917683.33271918,6686.071234969532,0.037864690023499716,0.030313657480944365,177231230.2127033,8233.73891812791,0.04662947206406183,0.037330553710857715
2015-09-21,-0.0822964723426067,19.675,172383,221962,-74010128.55589089,-21245366.750383206,-95255495.30627409,-4841.4483001918215,0.02808541619644525,0.021812059272271027,-214828351.56695974,-10918.848872526543,0.0633406360982611,0.04919242425517225,-260574027.63638878,-13243.915000578845,0.07682842856069824,0.059667488131206446
2015-09-22,0.100106604396162,21.775,158897,212153,83990909.35422188,28565269.737206437,112556179.09142831,5169.055296965709,0.03253085518899482,0.024364752310670645,267869888.6346773,12301.717044072437,0.07741944180237788,0.057985119437728605,326478835.6321298,14993.28751467875,0.09435853109044695,0.07067205042907124
2015-09-23,-0.0281820281820279,21.125,151282,208748,-24107299.501032922,-7686918.699307249,-31794218.20034017,-1505.0517491285289,0.009948650527680285,0.007209897815205553,-74337496.61950558,-3518.9347512191994,0.023260763020182172,0.01685733396832161,-90171273.174007,-4268.462635455952,0.028215271053105805,0.020447921108015178
2015-09-24,0.0328305657325023,21.875,140344,202761,27398490.0369779,9399379.971004885,36797870.00798278,1682.18834322207,0.011986179268241392,0.00829640977910974,88195442.99018633,4031.791679551375,0.028727923385049415,0.01988445351695531,107060469.7776618,4894.192904121683,0.034872833210694315,0.024137742978786268
2015-09-25,0.0214032012546703,22.325,132325,199686,17404512.32150169,6461838.492878593,23866350.814380284,1069.0414698490608,0.008078907763831935,0.005353612520903122,58767456.20871779,2632.3608604128913,0.019893148387779266,0.01318250082836499,71399572.71338473,3198.1891472960688,0.024169198165849753,0.016016090999349322
2015-09-28,0.068996699371524,24.075,129141,202608,52071745.304678336,23741538.261645287,75813283.56632362,3149.0460463685827,0.024384556774135112,0.015542555310592784,200732868.57156032,8337.813855516524,0.06456364636727704,0.041152441441189506,244062909.12688228,10137.607855737582,0.07850030475013808,0.05003557537578764
2015-09-29,-0.0061893255330873,23.875,123788,200654,-4663901.4858234925,-2133189.6135428045,-6797091.099366297,-284.69491515670353,0.0022998587517102102,0.0014188349853813207,-18056671.826562487,-756.3003906413607,0.006109642216057781,0.003769176745249836,-21906454.942846477,-917.5478510092765,0.00741225200350015,0.00457278624402841
2015-09-30,-0.0312032485573841,23.025,116487,197680,-24624172.675603695,-9769738.497460846,-34393911.173064545,-1493.763786018004,0.012823437688480295,0.0075564740288243835,-87465321.9281312,-3798.711050081702,0.03261060075443356,0.019216466259013062,-105350192.95181665,-4575.469835040897,0.03927880222720902,0.023145840929992396
2015-10-01,-0.0334084581731405,22.225,111998,201008,-26690934.590132054,-10239621.035564616,-36930555.625696674,-1661.6672947445072,0.014836580070577218,0.008266672444601744,-93114864.52580193,-4189.645198011335,0.03740821441464433,0.02084317638109595,-111774616.75174928,-5029.2291001911935,0.04490463312015566,0.02502004447679293
2015-10-02,-0.0482578636509318,21.075,109475,206712,-40568993.085174814,-13230297.042194327,-53799290.12736914,-2552.753979946341,0.023318145512183978,0.012349326502314047,-129125436.52315387,-6126.94835222557,0.055966644002973916,0.02964002260258509,-153777629.88904703,-7296.684692244225,0.06665160714541425,0.0352987958717647
2015-10-05,-0.0527862062322398,19.875,110637,216214,-46911603.60927097,-12856256.843785277,-59767860.453056246,-3007.187947323585,0.027180671450993656,0.013908386817336457,-136834026.26906165,-6884.730881462222,0.06222810525829715,0.031842206709381544,-160951855.13953817,-8098.206547901292,0.0731961870613022,0.03745458919358271
2015-10-06,0.0228995979848352,20.325,108277,215258,20104525.05365399,5697710.912532477,25802235.966186464,1269.4827043634177,0.011724398573689867,0.005897493725498786,59797407.44641612,2942.061866982343,0.02717162340092857,0.013667607554573316,70276205.82383457,3457.6239027716883,0.03193313356272974,0.016062696405112417
2015-10-07,-0.0393328354493403,19.475,104198,220523,-35313815.03830795,-9291351.862563837,-44605166.90087178,-2290.3808421500275,0.02198104418654895,0.010386131342989291,-101284845.6267257,-5200.762291487841,0.04991230437712663,0.02358376355975495,-118491176.66850278,-6084.2709457511055,0.05839143693498057,0.027590187625558812
2015-10-08,-0.0411761655344086,18.425,99852,224294,-38796771.51719097,-8800648.732138833,-47597420.249329805,-2583.3063907370315,0.025871353510565954,0.011517501095602341,-103692023.37022749,-5627.7895994696055,0.05636131073458324,0.025091128605623,-120460516.82985526,-6537.884224144112,0.06547574634603325,0.029148725441358714
2015-10-09,-0.0098415616719839,18.175,95348,226073,-9272860.029699394,-2098497.180193611,-11371357.209893005,-625.659268769904,0.006561849947244871,0.002767509913921185,-24803691.167351566,-1364.714782247679,0.014312988025419296,0.006036611104588691,-28757179.53071703,-1582.2382135195064,0.01659435136048482,0.006998793369926999
2015-10-12,-0.0693269283257819,16.725,92884,239907,-69374662.45480543,-13002036.80724434,-82376699.26204978,-4925.363184576968,0.05302703570665527,0.020530302094465637,-171498551.5820663,-10254.024010885878,0.11039602096040091,0.04274166243955315,-196515211.8824218,-11749.788453358553,0.12649959576846984,0.04897643025571806
2015-10-13,0.0885920196871155,18.275,76040,218042,83663440.66814746,18186441.808273613,101849882.47642107,5573.180983661892,0.07329275359892021,0.025560125955833703,221303767.22098985,12109.645265170444,0.1592536200048717,0.05553813148462426,254299770.34973443,13915.17211216057,0.18299805513099118,0.06381876937544405
2015-10-14,0.0026888948642107,18.325,68449,211551,2480065.4417284643,574852.311762951,3054917.753491415,166.70765366938144,0.0024355016679481283,0.0007880258361784224,6774307.385105709,369.67570996484085,0.005400746686800988,0.0017474543252683316,7785151.953976493,424.8377601078578,0.0062066320926216275,0.002008204925090677
2015-10-15,-0.0847757354911312,16.575,63880,226531,-83837050.93342008,-15572124.666000588,-99409175.59942067,-5997.536989406978,0.09388755462440479,0.026475568418481258,-207589410.34006685,-12524.247984317759,0.1960589853525009,0.05528712619605157,-236512598.1005868,-14269.236687818207,0.22337565259577657,0.06299021629630473
2015-10-16,-0.0084780447874643,16.1,52972,222391,-8448772.637950502,-1514132.9554393461,-9962905.593389848,-618.8140120117918,0.011681907649546774,0.0027825497075501786,-20644780.363885246,-1282.2844946512573,0.024206835585804904,0.005765901024102852,-23453854.69799476,-1456.761161366134,0.027500588261083855,0.006550450159251652
2015-10-19,-0.0647761369653469,15.275,40554,228433,-69209362.56774613,-9995734.893861393,-79205097.46160753,-5185.276429565141,0.1278610353988544,0.022699331662085345,-156240743.84844816,-10228.526602189731,0.2522199191741809,0.04477692190791056,-175499655.4451583,-11489.339145345879,0.2833096401180125,0.05029631946936686
2015-10-20,0.0668215788482069,16.075,31440,207441,68594347.2521138,11003033.059563832,79597380.31167763,4951.625524832201,0.15749445053537536,0.023870042686027357,161406564.99777117,10040.843856782032,0.31936526262029363,0.04840337183479655,181509845.87626517,11291.436757465952,0.35914239050464225,0.05443203974848729
2015-10-21,0.0704845814977974,18.225,167078,221072,67439041.2552612,13211263.52087785,80650304.77613905,4425.256777840277,0.026486172792589552,0.02001726486321324,172742459.7666881,9478.32426703364,0.056729936119858035,0.04287437697688373,194982401.9582833,10698.622878369455,0.06403370209345009,0.048394291807055866
2015-10-22,-0.1194847903535216,16.025,174790,235828,-123802673.91379537,-18297545.938860975,-142100219.85265633,-8867.408415142361,0.050731783369428234,0.03760116871254627,-283309063.8966521,-17679.192754861288,0.10114533299880593,0.07496647028707909,-316816247.2291257,-19770.124632082727,0.11310787019899723,0.0838328130335784
2015-10-23,0.0346165787022665,16.6,170473,236251,35391596.8870136,5372742.44549255,40764339.33250615,2455.6830923196476,0.014405114547873549,0.010394381790213153,81948817.88783242,4936.675776375447,0.02895869595992003,0.020895893673996923,91549253.76728348,5515.015287185752,0.032351253789079513,0.023343881241500573
2015-10-26,0.0192437289404716,16.925,158788,226881,19046589.89113168,3177341.2669087844,22223931.158040464,1313.0830817158323,0.008269410041790515,0.0057875409651572075,45995919.45563802,2717.631873302099,0.017114844152594018,0.011978225912712387,51243247.976177946,3027.6660547224783,0.019067348003139268,0.01334473162019948
2015-10-27,-0.0252273393957171,16.475,154250,228548,-25457832.326121937,-3993096.6339102127,-29450928.96003215,-1787.6132904420122,0.011589065092006561,0.007821609860694525,-60099218.30223256,-3647.9039940657094,0.02364929655796246,0.015961215998677343,-66739680.99304266,-4050.9669798508444,0.026262346708919575,0.017724797328573624
2015-10-28,-0.0277777777777779,15.975,157834,240178,-28859821.955981262,-4146567.575523635,-33006389.531504896,-2066.1276702037494,0.013090510727750354,0.008602485116054548,-66014696.991522,-4132.375398530328,0.026181782116212783,0.01720547010354957,-73033074.65743926,-4571.710463689468,0.02896530825861011,0.019034676213847513
2015-10-29,0.0113986444855205,16.175,152406,238520,11680279.054180779,1745554.563869296,13425833.618050074,830.036081486867,0.0054462165629100365,0.0034799433233559745,27158533.346657526,1679.0437926836182,0.011016913984250084,0.00703942559401148,30023301.833088882,1856.154672833934,0.012179013115191883,0.007781966597492596
2015-10-30,0.0252202977818292,16.625,144525,235943,25421482.397708062,3980693.3117408594,29402175.709448922,1768.5519223728675,0.012236996522213233,0.007495674473804552,60279892.25808033,3625.858180937163,0.025088103656372,0.015367517497603926,66598104.885193035,4005.901045725897,0.027717703135968844,0.016978257654288946
2015-11-02,-0.0431824903874593,15.875,141435,242265,-45765900.0497365,-6115123.790906876,-51881023.840643376,-3268.0959899617874,0.023106699119466802,0.01348975704274983,-102815036.22331381,-6476.537714854413,0.04579161957686862,0.02673327849608657,-112635646.4539594,-7095.158831745474,0.05016550946898204,0.029286767926631888
2015-11-03,0.0168080185042405,16.125,129739,235453,17468319.77941986,2492113.4801242254,19960433.259544086,1237.8563261732766,0.00954112738785775,0.0052573393678283,40249952.887785904,2496.121109320056,0.019239558724208263,0.010601356148870712,44083152.0357925,2733.83888594062,0.02107183565420282,0.01161097495440967
2015-11-04,0.0332829046898641,16.725,122171,233080,33460192.80424428,5229061.475865562,38689254.280109845,2313.2588508286904,0.01893459864312063,0.00992474193765527,79949885.17837302,4780.262193026788,0.039127634160535545,0.02050910499839878,87585781.15629835,5236.8180063556565,0.04286465696732986,0.022467899460938977
2015-11-05,-0.0376972530683812,16.025,117163,237652,-38653645.108973555,-5675822.7670489475,-44329467.8760225,-2766.2694462416544,0.023610435429629272,0.01164000069951717,-90324826.21440628,-5636.494615563575,0.04810814519569809,0.023717429752594447,-98660554.58641112,-6156.664872786966,0.052547859586959754,0.02590621948389648
2015-11-06,-0.0212056952438653,15.675,115274,249244,-22196829.787037015,-3057541.476704068,-25254371.263741083,-1611.12416355605,0.013976474864722747,0.006464043923047495,-50740448.47692114,-3237.030205864188,0.028081182277566386,0.012987394705044807,-55262171.853453085,-3525.497406918857,0.03058363036694187,0.014144763392173361
2015-11-09,0.069311515899969,17.025,100616,232094,68589986.58588223,11013596.47124003,79603583.05712226,4675.687697922012,0.04647061797250947,0.020145663816910443,167048497.86929303,9811.952885127344,0.09751881296341879,0.04227577139058892,181576087.5505482,10665.262117506501,0.10599966324944841,0.04595233878302111
2015-11-10,-0.0360438292964244,16.225,92955,232966,-36659741.32946816,-5404694.3830004055,-42064435.712468565,-2592.5692272707897,0.027890583909104295,0.011128530460542695,-86503055.47311407,-5331.4672094369225,0.05735535699464173,0.02288517298419908,-93720793.07755014,-5776.320066412951,0.06214103669961757,0.024794691355875753
2015-11-11,0.0283582089552238,16.775,83628,227361,28175741.000720363,4434718.25255349,32610459.253273852,1943.9916097331657,0.023245702512713035,0.00855024216876758,68304866.42328185,4071.8251221032397,0.0486897345638212,0.017909074652659163,73970645.33915612,4409.576473273092,0.05272846981002884,0.019394603618356238
2015-11-12,0.0834540712836859,18.575,69308,217117,75673256.72928768,15399393.004607795,91072649.73389548,4902.969030088586,0.07074174741860371,0.022582151697419298,205082073.0550803,11040.757634190057,0.1592999023805341,0.05085164972890219,222760749.45615008,11992.503335458954,0.17303202134614987,0.0552352111325182
2015-11-13,0.0663012966180991,20.325,56632,209175,55968223.668786034,13877625.159219151,69845848.82800518,3436.450126839123,0.06068035963481994,0.016428589108828124,167196955.3429386,8226.172464597224,0.145256612243912,0.039326747769079594,181937816.8972503,8951.430105645772,0.15806311106169255,0.042793976840663425
2015-11-16,-0.1016566265060238,18.075,47294,210005,-94569889.48761004,-17017772.18613899,-111587661.67374903,-6173.59124059469,0.1305364579142109,0.029397353589651152,-244339080.37875032,-13518.068070746906,0.2858305085369583,0.06437022009355446,-263007248.63414115,-14550.885124987062,0.3076687344057822,0.06928827944566587
2015-11-17,0.0370422141459323,18.975,30428,195275,32520925.600217324,6855953.476818952,39376879.07703628,2075.1978433220697,0.06820027091238562,0.010627053352052591,90384336.06323507,4763.337868945195,0.1565445599101221,0.024392973339880653,97376012.41025296,5131.805660619391,0.16865405746744416,0.026279890721389792
2015-11-18,-0.0404858299595142,17.775,160982,196526,-38039024.26676388,-6550987.311348098,-44590011.57811198,-2508.5801169120664,0.0155829851592853,0.01276462206991475,-96788273.11041251,-5445.191173581576,0.033824844849620304,0.02770723046101572,-103758848.4082042,-5837.3473084784355,0.03626086959087622,0.02970267195423728
2015-11-19,0.0227625452664255,18.175,157880,197089,20674221.883266937,3935362.3354751295,24609584.218742065,1354.0348951164822,0.008576354795518635,0.006870169796977417,55026804.78722666,3027.6096169038055,0.019176650727792028,0.015361636706786303,58981985.17074479,3245.226144195037,0.020555017381524175,0.016465790298773837
2015-11-20,-0.0399567255679771,17.425,154580,201017,-37495565.4063569,-6458666.435582709,-43954231.84193961,-2522.481023927668,0.01631828841976755,0.012548595511462554,-95732993.95877181,-5494.002522741567,0.035541483521423,0.02733103430427062,-102285244.72046971,-5870.028391418635,0.037974048333669526,0.029201651558916086
2015-11-23,-0.0232296740352194,17.025,157170,210644,-22379872.21962784,-3553424.143675694,-25933296.36330353,-1523.2479508548329,0.009691722026180778,0.0072313854221094966,-55529024.08522734,-3261.6166863569656,0.02075215808587495,0.015484023690952343,-58968282.96422766,-3463.6289553144,0.022037468698316475,0.01644304587509922
2015-11-24,0.0244891711946124,17.425,150397,209329,23471595.452939197,3778972.8517260235,27250568.304665223,1563.8776645431979,0.010398330183070128,0.007470907827119978,58662018.181749456,3366.543367675722,0.022384378462839832,0.016082546458807533,62205382.95446933,3569.892852480306,0.02373646317732605,0.017053981304455217
2015-11-25,-0.0353125232809358,16.775,151341,218216,-34301475.249067456,-5285157.825222082,-39586633.07428954,-2359.858901596992,0.015592991334780343,0.010814325721289878,-84367366.34394015,-5029.351197850382,0.033231914668532536,0.02304758220226923,-89267385.78985938,-5321.453698352273,0.035162009622985664,0.024386175616601318
2015-11-27,0.0206328431749942,17.175,144060,214840,19850698.29676981,3137718.3134545865,22988416.610224396,1338.4813164613913,0.009291137834661886,0.006230130871631872,49484938.57322918,2881.2191309012624,0.020000132798148426,0.013410999492186102,52206635.69329614,3039.687667731944,0.02110015040769085,0.014148611374659953
2015-11-30,-0.012489654653525,16.975,136976,214138,-12086541.823403332,-1877688.3829579556,-13964230.206361288,-822.6350637031687,0.006005687592740106,0.0038416117816696183,-30066288.784815595,-1771.2099431408303,0.012930804981462667,0.008271348117292729,-31560791.227726027,-1859.2513241664817,0.013573555397781229,0.008682491310120024
2015-12-01,-0.0442350079805426,16.125,137932,229599,-44624514.44174808,-6098348.4597558705,-50722862.90150395,-3145.603900868462,0.022805468643015848,0.013700425092741964,-105829036.88194835,-6563.041046942533,0.047581714518331736,0.028584798047650614,-110763918.13392846,-6869.080194352153,0.049800482805673466,0.029917726968985724
2015-12-02,0.0334522393975424,16.775,127055,223449,32416875.444115534,4952454.0967049105,37369329.54082044,2227.6798534021127,0.017533193132124772,0.009969522590846738,80360033.56489027,4790.463997907021,0.037703860516367094,0.02143873545152147,84070540.7574439,5011.656677045837,0.039444781213221335,0.02242863775199637
2015-12-03,0.0717728976968397,18.325,116166,221807,64439158.91327144,12127543.645022195,76566702.55829364,4178.2648053639095,0.03596805266053673,0.018837389286018517,174727580.8400291,9534.92937735493,0.08208020743896606,0.042987504349975114,182883380.81595963,9979.993496096024,0.08591148439385038,0.04499404210009614
2015-12-04,-0.0856225472707812,16.225,114936,225912,-84263168.44386798,-11866416.112676175,-96129584.55654415,-5924.781790850178,0.05154852953687425,0.026226060549462527,-203036888.67426592,-12513.829810432413,0.10887650353616285,0.055392497124687544,-211576821.2517171,-13040.173883002593,0.11345595708048474,0.057722360401406714
2015-12-07,0.0139979780698342,16.525,102902,214336,13388508.26661041,2034744.4773406805,15423252.74395109,933.3284565174638,0.00907007110180039,0.004354510938514593,33384206.029466648,2020.2242680463933,0.01963250731809288,0.009425501399887995,34648320.04369648,2096.7213339604527,0.020375904588447773,0.009782403954354158
2015-12-08,0.0547442465020262,17.775,91485,207953,50819069.21134828,8438504.932846382,59257574.14419466,3333.759445524313,0.03644050331228412,0.016031312101889912,131589930.78899945,7403.090339746805,0.08092135694099366,0.0355998246707035,136454387.522422,7676.75879169744,0.08391275937801213,0.03691583574989272
2015-12-09,0.0457407541434464,18.975,84023,206522,40665394.63905753,7629054.538849801,48294449.17790733,2545.1620120109264,0.030291253728275905,0.012323926806882204,111208901.95891471,5860.811697439511,0.06975246893635684,0.028378631319857017,115244231.29180732,6073.4772749305575,0.07228350897885766,0.02940837913118485
2015-12-10,0.0080271261504396,19.325,67586,198535,7046023.8938391395,1372969.6901419056,8418993.583981045,435.65296682954954,0.00644590546606619,0.0021943383626541898,19636264.16467049,1016.1068131782919,0.015034279483595595,0.00511802358867853,20321039.40360792,1051.5414956588834,0.015558569757921513,0.005296504372825363
2015-12-11,0.1587334294937838,23.65,52818,195159,118691614.7940388,35356234.029307164,154047848.82334596,6513.651113037884,0.12332256263088122,0.03337612466264883,411816261.20014083,17412.949733621175,0.32967832431408184,0.08922442589694134,426759357.56981015,18044.793131915863,0.34164097716528197,0.09246200857719021
2015-12-14,-0.0665436581155882,22.425,40424,193285,-52932075.30890856,-12617800.702082941,-65549876.0109915,-2923.071394024147,0.07231029571601393,0.015123115575570516,-163768791.4117949,-7302.956138764544,0.1806589189284718,0.03778335690180068,-168566841.8767767,-7516.916025720254,0.18595181144172407,0.038890322713714225
2015-12-15,-0.076139203999231,20.625,32328,188966,-63137775.92222743,-13274287.026120234,-76412062.94834766,-3704.827294465341,0.11460119074688632,0.01960578778439159,-183874052.7557852,-8915.105588159282,0.2757704029992354,0.04717835794883356,-188800676.9303382,-9153.972214804277,0.2831592494062199,0.048442429933449806
2015-12-16,-0.0397350993377483,18.125,152998,192432,-35135243.79563608,-5987094.0354438145,-41122337.83107989,-2268.818638956132,0.014829073837279782,0.011790235714206223,-93167057.91599968,-5140.251471227569,0.033596854019186974,0.026712040987089302,-95397545.9196391,-5263.312878324916,0.03440118745555443,0.02735154692735572
2015-12-17,0.0627347858752818,19.275,140285,184438,53206963.86264761,10252868.796905676,63459832.65955328,3292.3389187835683,0.023468930525598376,0.017850653980110216,149236418.37625843,7742.486037678777,0.05519111834963665,0.04197880066840227,152657706.69544327,7919.984783161778,0.0564563907984587,0.04294117688958771
2015-12-18,0.0588720122453785,20.425,141009,188564,46010495.43692808,11182890.740264272,57193386.17719235,2800.16578590905,0.019858064278939998,0.014849949014175825,144774943.70821345,7088.124538957819,0.05026717825782623,0.03759002004071731,148009489.86702955,7246.486651996551,0.05139024212636464,0.038429852209311166
2015-12-21,-0.0762561138283681,18.825,133797,185969,-62186281.836291485,-13124006.081314476,-75310287.91760597,-4000.546502927276,0.029900121100826446,0.021511899848508494,-183258305.47475517,-9734.836944210101,0.0727582602316203,0.05234655745963091,-186299094.70171714,-9896.366252415253,0.0739655317564314,0.053215139364169585
2015-12-22,-0.0509676643827383,17.825,134139,192755,-43606894.69689772,-7884883.678890415,-51491778.37578814,-2888.7393198198115,0.021535417140576652,0.014986585664806679,-119808975.99072953,-6721.4011776005345,0.0501077328562203,0.0348701780892871,-121536096.1551522,-6818.294314454542,0.05083006668049219,0.03537285317867003
2015-12-23,0.0034142640364189,17.875,136881,198874,2986780.948171972,502409.99982585595,3489190.947997828,195.1994935942841,0.001426052509802559,0.0009815234449665822,7964111.794671966,445.54471578584423,0.003254978527230545,0.0022403366744061276,8064390.132972787,451.1546927537224,0.0032959628637555423,0.0022685453742255016
2015-12-24,0.0178638822493395,18.225,131161,196706,15340196.815349141,2720629.4267739416,18060826.242123082,990.9918377022267,0.0075555373754563225,0.005037933960846271,41920874.69828643,2300.1851686302566,0.017537112164669806,0.011693518086028167,42387411.95860249,2325.7839209109734,0.017732282621442146,0.011823655205794299
2015-12-28,-0.0234481056398863,17.825,124531,197051,-20353033.705050252,-3485818.2501426367,-23838851.95519289,-1337.3829988888017,0.010739358062561143,0.006786989149452688,-55124094.37577431,-3092.515813507675,0.024833301053614563,0.01569398690444441,-55383364.34058575,-3107.0611130763396,0.024950101686137104,0.015767801802966438
2015-12-29,-0.0174176448315029,17.475,125719,206731,-15407096.050302267,-2505514.5550937923,-17912610.60539606,-1025.0420947293883,0.008153438181415604,0.00495833762101179,-40878230.88466204,-2339.2406800951094,0.01860689856024236,0.011315384147007992,-41004763.227798484,-2346.481443650843,0.018664493383266197,0.011350409196737998
2015-12-30,0.0453379504937794,18.35,114355,193632,38835285.66762116,6894721.990192659,45730007.65781382,2492.098509962606,0.021792650168008448,0.0128702823395028,107188756.70192786,5841.349139069638,0.05108083720930119,0.030167271623851626,107357599.41908202,5850.550377061691,0.05116129926161244,0.030214790825182258
2015-12-31,0.0075989704620662,18.525,109362,192731,9769409.089839146,8324045.074150992,18093454.163990136,976.704678218091,0.008930932848869725,0.005067709285055808,18093454.163990136,976.704678218091,0.008930932848869725,0.005067709285055808,18093454.163990136,976.704678218091,0.008930932848869725,0.005067709285055808
2016-01-04,0.0521390374331549,19.825,102894,191050,12354329.456980634,64386732.1096679,76741061.56664853,3870.9236603605814,0.03762049935234884,0.02026131201444952,136685106.7240975,6894.582936902774,0.06700665672345107,0.03608784578331732,1045011696.7535127,52711.81320320367,0.512292390257971,0.275905852934853
2016-01-05,-0.0161831002196275,19.425,91176,181986,-3964401.7513172673,-18840284.60130887,-22804686.352626137,-1173.986427419621,0.012876046628713925,0.006450971104478481,-42447235.8909467,-2185.185888851825,0.023966678608974126,0.012007439522006226,-307558021.315656,-15833.102770432743,0.17365428150426365,0.0870017626104906
2016-01-06,0.0358486130700517,20.325,84410,180057,8517684.094084932,44228059.00122634,52745743.09531128,2595.116511454429,0.030744183289354687,0.014412749915051508,97312696.29862472,4787.832536217698,0.05672115313609404,0.026590649273383976,717991011.3750627,35325.51101476323,0.41849912350151913,0.19619071191213466
2016-01-07,0.1201863001249572,23.525,85956,189488,25513397.10397533,180368540.3414682,205881937.4454435,8751.623270794624,0.10181515276181563,0.04618563323690484,357356247.14659053,15190.488720365165,0.17672400670535118,0.08016596681776769,2881196007.077179,122473.79413718083,1.4248428746938064,0.6463406344316306
2016-01-08,0.0646244657032362,25.275,76454,181867,12918308.662737785,106922777.57651909,119841086.23925687,4741.487091563081,0.062017514996770357,0.026071178892064426,204832763.0634423,8104.164710719774,0.10600053248645949,0.04456094129622072,1696765187.8278792,67132.15382108325,0.878072485691831,0.36912773521905157
2016-01-11,-0.0545262551598346,23.475,72413,179756,-11219551.617073473,-84063055.36292128,-95282606.97999476,-4058.8969959529186,0.056052048609406026,0.022580036248875803,-175821325.85388976,-7489.726340953771,0.10343068704450542,0.04166607145771919,-1339406153.3834882,-57056.705149456364,0.7879345580138423,0.31741196482707873
2016-01-12,-0.0454221407475303,22.075,63606,172508,-9794888.39430808,-63480846.75560126,-73275735.14990933,-3319.399100788645,0.05218688646965137,0.01924200095525219,-141700849.75289392,-6419.064541467448,0.10091916708278226,0.03721024266391963,-1018183690.1293048,-46123.83647244869,0.7251491443016176,0.26737215939231046
2016-01-13,0.1015716882283757,24.725,59288,178129,19657234.837401036,170564637.8794792,190221872.71688023,7693.503446587673,0.12976493466785308,0.043190628401819316,354214779.961993,14326.179169342486,0.24163707949909738,0.08042586647509661,2701872762.8486094,109276.95704139977,1.8431547200344045,0.6134708949210952
2016-01-14,-0.0381657092785512,23.575,52916,182394,-7659869.704070696,-59075973.415088065,-66735843.11915876,-2830.7886794977203,0.05349589310412201,0.015520185310359553,-129109667.04291019,-5476.550033633518,0.10349516277937709,0.030025933054999166,-940135842.6356726,-39878.50870140711,0.7536191076688924,0.21863936698250552
2016-01-15,0.0960113670963158,26.475,46767,187049,17344004.143706504,178626360.12971628,195970364.27342278,7402.091190686413,0.158275946515415,0.03957300595398218,368512992.78308266,13919.28206923825,0.2976304246421248,0.07441516431116045,2813096928.375237,106254.84148726107,2.2720046504428564,0.5680588588405234
2016-01-19,-0.0138520894342956,25.85,39564,185708,-2500926.080710695,-25883808.774784494,-28384734.85549519,-1098.0555069824056,0.02775390524169461,0.005912806701824399,-57270469.04188644,-2215.492032568141,0.05599767547690175,0.01192997626687133,-407568588.79041904,-15766.67654895238,0.3985106801373062,0.08490036266047979
2016-01-20,0.0291363163371489,24.725,147615,179746,5128943.893781258,57010512.39033434,62139456.2841156,2513.223712198811,0.01702553068589785,0.013982084231075022,126462389.96385874,5114.7579358486855,0.03464931027232114,0.028455475703763562,895763452.7144307,36229.057743758574,0.24542937874713663,0.20155696228989003
2016-01-21,0.0137533983687829,25.075,142971,179111,2430701.4020095896,26751604.639946632,29182306.041956224,1163.8008391607666,0.00814011819992003,0.006497651395842615,60475380.8167105,2411.7798929894516,0.016869014646253098,0.013465280708551968,420449879.56071216,16767.692106110157,0.1172803722860591,0.09361620506898044
2016-01-22,-0.0922168941350054,22.725,140787,183979,-17657231.111899484,-149154485.6209952,-166811716.7328947,-7340.4495812054865,0.05213868880795448,0.039898301334421245,-362709172.3301472,-15960.799662492725,0.11336841940301821,0.08675337762729836,-2365095774.454227,-104074.6215381398,0.739234599346103,0.5656875053029955
2016-01-25,0.0553327521069453,24.025,131181,177822,10045539.203427618,98219985.55176188,108265524.7551895,4506.369396678023,0.0343523025184899,0.025342024027836953,242367813.8160944,10088.150418984158,0.0769025271875055,0.056731734087931515,1549402903.878116,64491.275915842496,0.49162055416441786,0.3626732120651128
2016-01-26,-0.0448049439938199,22.925,125743,177208,-8520621.086512724,-71966862.08927047,-80487483.1757832,-3510.904391528166,0.027921271096825795,0.019812335738387466,-185873089.84744483,-8107.877419735871,0.06447975171370073,0.04575345029420721,-1141161126.2472687,-49778.02077414476,0.39587110832527267,0.28090165666417294
2016-01-27,0.0356419603078168,23.775,123711,180266,6501098.665915919,62000283.66652715,68501382.33244307,2881.2358499450293,0.0232900538347037,0.01598324614705507,158457694.73983935,6664.887265608385,0.05387465355229838,0.036972514315558036,978856545.3341138,41171.67383108786,0.33280527868247656,0.22839400569762383
2016-01-28,-0.0205989364679541,23.275,113520,174458,-3885313.2987734126,-33436751.942145754,-37322065.240919165,-1603.5258964949157,0.014125492393366065,0.009191472425998898,-88531796.76510106,-3803.7291843222797,0.0335071281212322,0.021803122724794965,-529825018.34274673,-22763.695739752813,0.20052586099148004,0.1304823839534605
2016-01-29,-0.0637847122817063,21.625,109757,178396,-12510593.20312946,-94812454.73570153,-107323047.93883099,-4962.915511622242,0.04521730287473457,0.027819656896019205,-261724734.95830074,-12102.877917146856,0.11026975880487673,0.06784276506842561,-1509950050.2499113,-69824.27978034272,0.6361715405882333,0.39140047860009597
2016-02-01,-0.0046514474570046,21.525,109157,181081,-922586.0532936072,-6746973.298517909,-7669559.351811516,-356.3093775522191,0.0032641917380673625,0.001967679533204583,-19537977.711851664,-907.6876985761517,0.00831543280390769,0.005012605953005294,-107614194.5648779,-4999.498005336953,0.04580098395281065,0.027609180451493822
2016-02-02,0.0671958648698543,23.175,99248,174004,12418248.71512982,110164630.83401385,122582879.54914367,5289.444640739748,0.05329522651075838,0.030398408316703915,310679414.194784,13405.799965254972,0.1350737542847712,0.07704305628178071,1743678001.7137275,75239.61172443269,0.7580970067349739,0.43240162136751276
2016-02-03,-0.0140934557846704,22.775,87725,170605,-2638482.878331732,-22631828.310575437,-25270311.18890717,-1109.563608733575,0.012648203006367341,0.006503699239375018,-65090833.71120515,-2857.9948940155937,0.03257902415520768,0.016752116843091313,-358658809.1374372,-15747.916976396804,0.17951458508289317,0.09230630389728792
2016-02-04,0.0133763567028453,23.075,80969,168777,2476735.4496330367,21862751.196747925,24339486.64638096,1054.7989879255022,0.013027195444250295,0.006249660723472405,63366077.57294835,2746.0922025113045,0.03391535282035476,0.016270535692134026,346104439.82414144,14999.108984794862,0.18524508126313605,0.08886938969643295
2016-02-05,0.0330453939358805,24.125,78663,176461,5876714.662092234,58224045.78760977,64100760.449702,2657.0263398840207,0.03377733292506033,0.015057300706014477,167588280.61551595,6946.664481472164,0.0883091730733911,0.03936657097869877,918076547.9661119,38054.98644419116,0.48377237639285514,0.21565664052788527
2016-02-08,0.0446107110711071,25.425,69723,168714,7550992.339553962,86289230.20416802,93840222.54372199,3690.8642101758896,0.05293610731287939,0.02187645488919645,252804533.64047107,9943.147832466906,0.1426092943858828,0.0589349303108628,1354720440.6921368,53283.006516898204,0.7642098951120606,0.31581852434829477
2016-02-09,0.0226892118199988,26.125,65251,172370,3812029.767061339,44579682.43746938,48391712.204530716,1852.3143427571565,0.028387524218129324,0.010746152710780046,131891297.66591005,5048.470724053973,0.07737001308874918,0.029288569496165068,699437846.7661334,26772.740546072095,0.41030391175724656,0.15532134678930262
2016-02-10,0.0060429366551815,26.275,56663,172094,1007400.4929506412,12090289.261332924,13097689.754283564,498.4848621991842,0.008797360926869106,0.002896584786216743,36108079.077898465,1374.2370724223963,0.024252811754096965,0.007985386314586193,189557512.4675263,7214.36774376884,0.12732061034129574,0.041921088148156475
2016-02-11,0.0506529900068735,28.125,52138,192540,7931211.512909385,113594968.09731202,121526179.6102214,4320.93083058565,0.08287488646640934,0.022441730708349695,336510417.6652097,11964.814850318568,0.22948357916142867,0.06214196972223209,1773201741.8900175,63047.1730449784,1.2092365078249723,0.3274497405473065
2016-02-12,-0.0274055721292409,26.875,41274,180955,-4476642.824841678,-56398381.21288958,-60875024.03773126,-2265.117173496977,0.054880001296142296,0.012517571625525557,-171711354.20785314,-6389.259691455,0.1548010779535543,0.03530855567105082,-883109981.5423266,-32859.90628994704,0.7961405797826001,0.18159159067142128
2016-02-16,-0.0533263762066268,24.725,26417,166743,-9109125.162735896,-99644875.30431078,-108754000.46704668,-4398.544002711696,0.1665042965784039,0.026379182350753528,-324060132.029476,-13106.577635165864,0.49614178881651455,0.07860346542383106,-1566380122.5793982,-63352.07775851964,2.3981556482007664,0.37993845473884746
2016-02-17,-0.0377754459601258,22.925,139853,175378,-6704638.2205181625,-65098512.11112757,-71803150.33164573,-3132.0894364949063,0.022395582765438755,0.017859078313670507,-217611678.38406998,-9492.330572914721,0.06787362854507749,0.05412497903337204,-1027154511.4738095,-44804.99504793062,0.3203720695868563,0.25547671343002326
2016-02-18,-0.0059958574076094,22.775,138095,176666,-1066589.6600444473,-10256222.208679102,-11322811.868723549,-497.15968688138526,0.003600128077637751,0.00281412205450616,-34719907.72790709,-1524.4745434865902,0.011039317451657121,0.008629133752315613,-161879673.97452784,-7107.779318310772,0.051470214839862215,0.040232864944645674
2016-02-19,-0.0176419022572869,22.375,128921,169885,-3222308.0337375845,-28595913.874562755,-31818221.90830034,-1422.0434372424734,0.011030347555809165,0.008370623876401527,-99011977.94388671,-4425.116332687674,0.034324247660875065,0.026047716588796385,-452608256.6290194,-20228.301972246678,0.156904631303253,0.11907055933276439
2016-02-22,-0.0586792978545556,21.025,128625,175978,-11326822.781278225,-84412069.6007961,-95738892.38207433,-4553.573953963107,0.03540193550214272,0.025875813760601364,-309992285.1097801,-14743.985023057316,0.11462767753591693,0.08378311506584525,-1345275583.78123,-63984.56997770416,0.4974504954534823,0.36359414232292764
2016-02-23,0.0520217545519035,22.175,123517,173768,9538331.674275713,82312445.6215023,91850777.295778,4142.086913000136,0.033534549195658375,0.023836879707426775,298624637.9413056,13466.72549904422,0.1090273039261334,0.0774983052060461,1304155571.3549783,58811.97616031469,0.47614479108393737,0.33845113116520126
2016-02-24,-0.0179674340258284,21.775,117297,169901,-3313296.0057208375,-28047491.662314773,-31360787.66803561,-1440.2198699442301,0.012278403283495998,0.008476818087852516,-103095843.74190211,-4734.596727527078,0.04036417578904045,0.02786679729682037,-444704540.4876291,-20422.711388639684,0.17411111442440713,0.12020359732220343
2016-02-25,-0.0399908592321754,20.825,117749,177820,-7631185.359435186,-58130777.300426416,-65761962.6598616,-3157.8373426104013,0.026818379286536628,0.017758617380555626,-219273292.41072446,-10529.329767621823,0.08942181901860587,0.059213416756393106,-925571092.1788377,-44445.19050078452,0.37745705272048613,0.24994483466867912
2016-02-26,0.0267411457095316,21.475,115441,178873,5027750.822835074,39893892.73999098,44921643.56282605,2091.81110886268,0.018120174884682913,0.011694392719206812,151051326.17280355,7033.821940526359,0.06093001568356441,0.03932299419435219,634135248.0441452,29528.998744779754,0.2557929916128564,0.16508359978744558
2016-02-29,0.0148045338885034,21.775,113678,181182,2737462.2002058444,22732604.953634318,25470067.15384016,1169.6930954691234,0.010289529156645291,0.006455901223461069,88077990.49735965,4044.913455676677,0.03558220109147484,0.0223251396699268,360699232.79633915,16564.83273461948,0.14571713730554267,0.09142648129847047
2016-03-01,-0.0967888863584605,19.425,118585,197586,-19454676.717933282,-123227465.31445394,-142682142.03238723,-7345.284017111311,0.0619410888148696,0.03717512383018691,-502404513.7264308,-25863.81023044689,0.21810355635575232,0.13089900210767408,-1978715097.4169266,-101864.35507937847,0.8589986514262214,0.5155443962597475
2016-03-02,-0.0050314465408806,19.275,116326,202426,-1028228.1458822147,-6160865.185398276,-7189093.33128049,-372.975010701971,0.003206291032976041,0.0018425252225601997,-25591811.173615087,-1327.7204240526635,0.011413789041595717,0.006559040953497394,-99210062.06366135,-5147.084931966867,0.044247072296536176,0.02542699520796176
2016-03-03,-0.0423707440100884,18.325,112474,210670,-8935067.55072449,-48427367.702059835,-57362435.25278433,-3130.2829605885036,0.027831169519964647,0.014858702997999258,-206697969.04446024,-11279.561748674501,0.10028594829626848,0.05354137631686762,-784172839.6775833,-42792.51512565257,0.38046584211153306,0.2031258134791502
2016-03-04,0.028353898661066,18.925,106391,210168,5906718.454404369,33140935.648651816,39047654.103056185,2063.2842326581867,0.019393409523908854,0.009817309165325772,141770248.1961998,7491.162388174363,0.07041161741288608,0.0356436868989302,535586431.0813245,28300.47191975295,0.2660043793154773,0.1346564268573377
2016-03-07,-0.0128564154786151,18.575,101685,211469,-2669239.8226077366,-15091564.776570903,-17760804.59917864,-956.1671385829684,0.0094032270106994,0.004521547548732761,-66147630.48958351,-3561.1106589277797,0.03502100269388582,0.016839870897993464,-243788484.62351674,-13124.548297362948,0.1290706426450602,0.06206369868568418
2016-03-08,0.0467866323907455,19.625,91605,208372,9333793.823042002,59060555.13419023,68394348.95723224,3485.0623672475026,0.03804445573110095,0.016725195166565097,256250173.25034508,13057.333668807392,0.14253953025279617,0.06266357125145121,948408601.2579931,48326.5529303436,0.527553658974331,0.23192440889535829
2016-03-09,-0.0269442743417024,19.075,82013,205252,-5449602.868294894,-33148673.52868258,-38598276.39697747,-2023.5007285440352,0.02467292659144325,0.009858616376668851,-145969492.32882705,-7652.398025102336,0.09330713454089395,0.03728294011801267,-533381115.49340177,-27962.31273884151,0.3409497608774403,0.1362340573482427
2016-03-10,-0.0092894802912378,18.95,73690,203953,-1911442.5393384262,-11005003.165230053,-12916445.70456848,-681.6066334864632,0.009249648982039126,0.0033419789534180093,-49309431.52161165,-2602.080819082409,0.035311179523441566,0.012758237530619354,-177596409.0369692,-9371.842165539272,0.12717929387351434,0.04595098951983679
2016-03-11,-0.0455033811540164,17.625,63966,211963,-9844347.855845422,-48561707.21559645,-58406055.071441874,-3313.818727457695,0.05180593952189749,0.015633948979103404,-225435278.35895365,-12790.65409128815,0.19996019903211315,0.0603438057174514,-790843737.9740001,-44870.566693560286,0.7014752633205185,0.21169056247345192
2016-03-14,-0.0141142329507981,17.425,50825,215488,-3101638.918497502,-14561132.240291677,-17662771.15878918,-1013.6454036607851,0.019943834799031678,0.004703952905316236,-69840837.22728847,-4008.0824807626095,0.07886045215469964,0.018600026362315347,-237894472.83585027,-13652.480507078924,0.26861742266756367,0.06335610570926885
2016-03-15,0.0112636630231937,16.9,36464,213312,2440205.343748901,11920604.657915441,14360810.001664342,849.752071104399,0.023303863292683167,0.003983611194421312,57192952.37478241,3384.1983653717402,0.0928093013759253,0.015865016339313965,194251415.77755204,11494.166614056334,0.31521957585718335,0.053884294432832346
2016-03-16,-0.0419397116644822,18.275,189406,227297,-9416120.017372515,-41209600.48286134,-50625720.50023386,-2770.2172640346844,0.014625815782154127,0.012187654320271206,-203380693.6723912,-11128.902526533035,0.05875686370301381,0.048961941981341746,-676510886.3985158,-37018.379556690335,0.19544459814731496,0.16286347623017608
2016-03-17,-0.0269624573378837,17.775,190317,235388,-6230582.459089417,-24888700.65404747,-31119283.113136888,-1750.733227180697,0.009199037538321311,0.007437648593729064,-126036060.34151155,-7090.6363061328575,0.03725697812666686,0.03012318515018972,-411344747.99180984,-23141.757974222775,0.12159585309889698,0.09831324440592883
2016-03-18,-0.0023326335432701,17.725,187837,237492,-543243.7138121091,-2118073.284187354,-2661316.997999463,-150.14482358248029,0.0007993357197063427,0.0006322100263692263,-10857460.14763469,-612.5506430259346,0.0032610755230648627,0.002579247482129649,-35072304.253821336,-1978.6913542353363,0.010534087289699774,0.008331612661627913
2016-03-21,-0.0402238544945785,16.975,181797,237250,-9629850.136396224,-34425798.24262376,-44055648.37901998,-2595.325383152871,0.014275952755836844,0.010939200771982596,-183549982.64205712,-10812.959213081422,0.05947820488281667,0.045576224291175645,-574110359.9395812,-33820.934311610086,0.18603681200245376,0.14255399077601721
2016-03-22,-0.0072639225181599,16.825,181530,242866,-1761609.924943091,-6051270.448211001,-7812880.373154093,-464.3613891919223,0.0025580421373432617,0.0019120065764327747,-32768306.656444132,-1947.5962351526973,0.01072878441664021,0.008019221443729041,-101265715.59238933,-6018.7646711672705,0.03315575756716394,0.024782244822936395
2016-03-23,0.0518770501761634,17.725,175171,241709,11977532.784564216,47265654.68043585,59243187.46500006,3342.3519021156594,0.019080509342960076,0.01382799937989756,250237272.6592354,14117.75868317266,0.08059415475833706,0.058408080308026016,781914693.060981,44113.66392445591,0.25183200372467995,0.1825073287484368
2016-03-24,-0.0165745856353591,17.375,168390,238482,-3846735.6009844765,-14941149.877751457,-18787885.47873593,-1081.3171498553054,0.006421504542165837,0.004534166728957764,-79894422.96681766,-4598.240170752096,0.02730708575777716,0.019281288192618713,-247478701.36919048,-14243.378496068517,0.08458565530060287,0.05972517211390594
2016-03-28,-0.0148053159244579,17.125,166493,244916,-3484361.6026347005,-13003004.666343445,-16487366.268978145,-962.765913516972,0.005782620972154817,0.003931004562858172,-71972075.87164569,-4202.748956008508,0.02524279673024396,0.017159960786590128,-216070495.0222447,-12617.255183780711,0.07578249646399976,0.05151666360621891
2016-03-29,-0.0575200377180576,16.075,163157,251015,-14321494.60203864,-44694886.25596897,-59016380.85800761,-3671.314516827845,0.02250172849971405,0.014625877006664324,-258582822.94097498,-16086.023200060652,0.09859229576457432,0.06408391211704739,-754611173.3154376,-46943.1523057815,0.2877176725839621,0.18701333508269027
2016-03-30,-0.0162495330593946,15.85,163150,268181,-4145247.491132053,-11998533.722325807,-16143781.21345786,-1018.5350923317262,0.00624293651444515,0.003797939049864555,-71068420.54529606,-4483.81202178524,0.02748275833150622,0.016719350072470607,-204106349.23234028,-12877.372191314844,0.07892964873622338,0.04801746652937697
2016-03-31,0.006428841547964,15.925,161474,275814,1628712.6787161275,4801657.507322088,6430370.186038216,403.7909065016148,0.0025006558734013825,0.0014639971375695752,28487032.09124883,1788.824621114526,0.011078096914144233,0.006485619370715504,81527411.91162418,5119.460716585506,0.03170455129980991,0.018561279400558007
2016-04-01,-0.0285607383387378,15.425,161758,285657,-7446209.340111664,-20106867.067626916,-27553076.40773858,-1786.2610312958561,0.011042798694938464,0.0062531673695931,-122535543.13186961,-7943.957415356215,0.04911013622421281,0.027809426743808888,-344576521.9662661,-22338.834487278193,0.13810033808082564,0.078201600126299
2016-04-04,0.0291411042944784,15.925,158429,293131,7387126.73433803,21585132.639789566,28972259.374127597,1819.294152221513,0.011483340500927943,0.006206420174671096,131366901.97167541,8249.099024908974,0.05206811268712782,0.028141339622588444,366827153.7449994,23034.67213469384,0.14539429103695561,0.07858149474021457
2016-04-05,0.0488498639624042,16.775,152536,294038,11668030.977778852,40336153.812573075,52004184.79035193,3100.10043459624,0.02032372970706089,0.010543196575259798,238342233.7220089,14208.180847809772,0.09314641034122943,0.048320900182322594,674632132.5200984,40216.520567517044,0.26365264965330837,0.13677320811431531
2016-04-06,-0.0599013389711062,15.625,144351,292076,-15256773.669059157,-43235452.21487656,-58492225.88393572,-3743.502456571886,0.02593333233972668,0.01281687799261797,-268016395.11227566,-17153.04928718564,0.11882875274286732,0.05872803409792533,-737101213.138837,-47174.47764088557,0.3268039545336407,0.16151439228449296
2016-04-07,0.0910447761194028,17.275,136410,294464,21034393.17910061,77639721.5404247,98674114.7195253,5711.960331086849,0.04187347211411809,0.019397822250213435,458648728.48773485,26549.854036916633,0.19463275446753633,0.0901633273911807,1291303623.6146004,74749.84796611291,0.5479792388102992,0.2538505486786599
2016-04-08,-0.0236256247160383,16.675,126771,289062,-5605192.107676542,-19097283.044234455,-24702475.151910998,-1481.4078052120537,0.011685699451862442,0.005124879109713673,-115217753.20370866,-6909.610387029005,0.05450466105835724,0.023903558361282374,-319818087.3676643,-19179.4954943127,0.1512924524876565,0.06635080188441476
2016-04-11,0.0261786169350166,17.075,119587,291324,6117701.38372209,21818427.50502945,27936128.88875154,1636.083683089402,0.013681116535153503,0.005616027800968688,132848423.6752339,7780.288355797007,0.06505964992680649,0.026706650862259915,363934024.6212104,21313.852100802953,0.17822883842560608,0.07316201926653126
2016-04-12,-0.0458530006743087,15.925,113824,290085,-11067163.08443312,-35576078.42178899,-46643241.506222114,-2928.9319627141044,0.025732112407876234,0.01009680598002001,-222185995.7861057,-13952.024853130655,0.1225754221704619,0.04809633332688921,-598963226.9886196,-37611.50561937957,0.3304356341314623,0.12965684409528092
2016-04-13,-0.0484947873960406,14.825,110740,303613,-12295621.291452428,-33840705.563078254,-46136326.854530685,-3112.0625196985284,0.028102424776038724,0.010250096404628683,-219482475.97593707,-14804.8887673482,0.13369052526050387,0.04876236777525403,-578733948.5685915,-39037.70310749352,0.35251673385852916,0.128577179196851
2016-04-14,-0.0112524461839532,14.675,97262,305143,-2862594.874947068,-7795677.020491113,-10658271.895438181,-726.2876930451912,0.0074673324941415065,0.0023801551831278815,-50951360.25915756,-3471.983663315677,0.03569722670020848,0.011378218288853674,-133472539.04936759,-9095.232643909205,0.09351270428234258,0.029806460065966465
2016-04-15,-0.0099557522123893,14.725,73558,304659,-2566162.469921663,-6708835.809523757,-9274998.27944542,-629.8810376533391,0.008563052797157878,0.002067495257495558,-44482449.63614611,-3020.8794319963404,0.04106799303945649,0.00991560870348928,-115386125.23634602,-7836.069625558303,0.10652912838247781,0.025720788243768618
2016-04-18,-0.0506047889410022,13.825,52364,303413,-13860704.170951134,-29779549.589140557,-43640253.76009169,-3156.618716823992,0.06028223047941319,0.010403702929090026,-210100264.91815096,-15197.125853030811,0.29022087413167086,0.05008726011420345,-524735814.1882402,-37955.57426316385,0.7248410026576245,0.1250954120725343
2016-04-19,-0.001485788113695,13.25,35007,304996,-403383.2126300242,-895013.5255676691,-1298396.7381976931,-97.99220665642967,0.0027992174895429393,0.0003212901371048462,-6293950.615781004,-475.01514081366065,0.013569147336637263,0.0015574471167282872,-15703677.362937158,-1185.1831972028044,0.03385560594174892,0.003885897510796222
2016-04-20,0.0123266563944528,16.425,269503,340593,3328695.828717204,7506337.8405196825,10835033.669236887,659.6671944740875,0.0024477174446076205,0.0019368195895807826,52832676.987866044,3216.601338682864,0.01193530809928967,0.009444120515344896,131427698.83093701,8001.686382401036,0.029690528054979112,0.02349339646557926
2016-04-21,0.0218181818181817,16.775,262506,341612,5782400.759977258,13783608.117748844,19566008.8777261,1166.3790687169062,0.004443247273269587,0.003414338690435073,96220913.29714343,5735.970986416896,0.021850818596210738,0.016790894308211936,239658713.92153287,14286.659548228487,0.054424125727520464,0.041821304720643555
2016-04-22,-0.0345234582472704,16.175,251163,337363,-9378119.526877563,-20689628.58289413,-30067748.109771695,-1858.9025106504912,0.007401179754384568,0.005510095981629554,-147809129.42219204,-9138.122375406,0.03638323469382831,0.02708691342976556,-363285759.85558075,-22459.706946249196,0.08942283276696486,0.0665743040767636
2016-04-25,0.0039507673605836,16.225,242293,336852,1058547.5299019814,2425671.3460411355,3484218.875943117,214.7438444340904,0.0008862981779667196,0.0006375020615406481,17421578.279804006,1073.749046521048,0.004431613981918784,0.003187598846143256,42383816.944718204,2612.253740814681,0.010781383452327062,0.007754900492841606
2016-04-26,-0.0162503761661149,15.925,235357,341128,-4451809.500544782,-9569185.844804576,-14020995.345349357,-880.4392681538058,0.003740867142909732,0.0025809645298943674,-70095662.40571572,-4401.611454048083,0.018701850610128797,0.012903108082737515,-168604815.88580686,-10587.429568967464,0.0449845535461765,0.03103653047820016
2016-04-27,-0.0265957446808512,15.475,227077,338010,-7496619.588147795,-14674623.451536719,-22171243.03968451,-1432.7136051492414,0.006309373495110651,0.00423867224386628,-110510188.4292875,-7141.207652942649,0.03144839703247202,0.021127208227397557,-261963912.7957685,-16928.201149968885,0.07454828604380402,0.050081953640332785
2016-04-28,0.0592431761786602,16.475,220971,343577,15709934.11634781,36556941.509223245,52266875.62557106,3172.496244344222,0.014357070585480547,0.009233727066550502,265393229.3063341,16108.845481416334,0.07290026963455085,0.046885692236140177,637523847.7662712,38696.4399251151,0.17511999278237914,0.1126281442736711
2016-04-29,0.0253275109170303,16.875,208972,337570,6492781.390959448,16656305.2233357,23149086.614295147,1371.7977252915643,0.006564504935070556,0.004063743002315266,119002925.98145884,7052.025243345709,0.03374626860701773,0.02089055675369763,287092295.5090161,17012.87677090466,0.08141223116448452,0.05039807083243374
2016-05-02,-0.0553203499858876,15.775,200231,337982,-15060771.173725987,-32169774.939421464,-47230546.11314745,-2994.0124318952426,0.014952791685079946,0.008858496700697797,-242532928.31251413,-15374.512095880451,0.07678387510365753,0.045489144675989995,-567298196.2279902,-35961.85079099779,0.1796018138599807,0.10640167461876014
2016-05-03,0.047760308513794,16.625,191526,337516,12406326.17159265,30190967.20937839,42597293.380971044,2562.2432108854764,0.013378043768916369,0.0075914718439584385,222249151.05015773,13368.369987979411,0.06979924390411438,0.03960810743188296,523619897.15156865,31495.93366325225,0.16444730043572284,0.09331686101770657
2016-05-04,0.0112517580872013,16.875,176859,331049,2885549.341022676,7299576.864123229,10185126.205145905,603.5630343790166,0.003412679221181939,0.0018231833788321867,53566736.57776913,3174.325130534467,0.017948338114172686,0.009588686661293243,126021205.13923654,7467.923267510313,0.04222529397718133,0.0225583622590925
2016-05-05,-0.0037323748963228,16.725,167853,329780,-958863.6666835959,-2417051.353370909,-3375915.020054505,-201.8484316923471,0.0012025309746763364,0.0006120699608598069,-17833310.26321081,-1066.2666824042337,0.006352383826349447,0.0032332666699139844,-41745661.20935405,-2496.0036597521107,0.014870176045421355,0.007568693249293804
2016-05-06,-0.0468706920319822,15.725,160296,337673,-12586483.559466828,-27654576.141723577,-40241059.701190405,-2559.049901506544,0.015964527508525127,0.007578485403057229,-210913125.75779524,-13412.59941226043,0.08367394952001565,0.03972067477192559,-485842950.9279363,-30896.213095576237,0.1927447540523546,0.09149743419099614
2016-05-09,-0.0162216480045936,15.475,150297,343123,-4453699.050185762,-9113516.4854113,-13567215.535597062,-876.7182898608763,0.005833238786275683,0.0025551137343194025,-71544417.2514938,-4623.225670532717,0.030760598485217384,0.013473960272359234,-161663187.8922389,-10446.732658626099,0.06950726001600896,0.03044602856301122
2016-05-10,-0.0530127462340671,14.525,131680,342976,-15272438.501968037,-26895005.1885081,-42167443.690476134,-2903.0942299811454,0.022046584371059733,0.008464423837181451,-219740580.3591033,-15128.439267408145,0.1148879045216293,0.04410932329786383,-487907462.1434434,-33590.87519059851,0.2550947386892354,0.09793943363558533
2016-05-11,0.0553869499241275,15.625,109933,343063,15373261.113406288,29918597.068381645,45291858.18178793,2898.6789236344275,0.026367686896877438,0.008449407029130006,239594618.15244514,15334.05556175649,0.13948546443521498,0.0446974916028732,534544774.27259505,34210.865553446085,0.31119741618482244,0.09972181655686006
2016-05-12,-0.027420736932305,15.225,87257,335962,-7698916.631932749,-14441143.439797219,-22140060.07172997,-1454.1911377162542,0.016665610068146444,0.004328439340509504,-117130131.93343288,-7693.276317466855,0.08816801308166514,0.022899245502368885,-259430381.69041538,-17039.762344198054,0.19528246838876026,0.050719314518302826
2016-05-13,0.0354485776805251,15.875,69513,332789,9584990.8982355,20038709.262144383,29623700.160379883,1866.0598526223548,0.026844760729969285,0.005607336338107193,159258873.6924281,10032.055035743502,0.14431912067877234,0.030145392533237284,354407445.602108,22324.878463124915,0.32116119953281996,0.06708418386162077
2016-05-16,-0.0369644357322876,15.125,48542,326410,-10461898.46380562,-18996007.203708753,-29457905.667514373,-1947.6301267778097,0.040122576877298206,0.0059668212578591635,-157776624.47661513,-10431.512362090256,0.21489663306188983,0.03195831121010464,-342958046.30575585,-22674.91215244667,0.4671194460971255,0.06946757805351143
2016-05-17,0.0324234546504906,15.425,31049,318627,8775151.643882722,18153245.259579957,26928396.90346268,1745.7631704027667,0.05622606751917185,0.005479018320489999,147047096.98162842,9533.037081466997,0.3070320165373119,0.029919112571963447,321528582.95219225,20844.64071002867,0.6713466040783495,0.06542019574621319
2016-05-18,0.0041666666666666,18.075,276984,341119,1132480.2213179856,2315123.9509699806,3447604.172287966,190.73882004359425,0.0006886275743132969,0.0005591562476543208,18878295.97609435,1044.4423776539059,0.003770767905922024,0.003061812381174622,41073191.170955636,2272.3757217679467,0.008203996338300937,0.006661533722155455
2016-05-19,-0.0055108404031614,17.975,260898,330406,-1491465.3834472063,-3091797.5862886882,-4583262.969735894,-254.97985923426396,0.000977316266258323,0.0007717167945929068,-25241755.496995285,-1404.2701250066918,0.005382448792273961,0.004250135061126892,-54745935.001005486,-3045.6709319057295,0.011673799461497327,0.009217964964031312
2016-05-20,-0.0342799041324717,17.325,253226,327330,-9600702.281735864,-17881336.285444636,-27482038.5671805,-1586.2648523625107,0.006264225839220739,0.0048460723195628596,-150004293.92273557,-8658.256503476801,0.034191814835272845,0.026451154808532065,-321576595.9982351,-18561.419682437812,0.07329981787982992,0.056705525562697624
2016-05-23,0.0130968417901511,17.575,250791,332951,3692301.2629565503,6760824.19686559,10453125.45982214,594.7724301463522,0.002371586022410502,0.0017863662525307094,57602450.86972302,3277.5220978505276,0.01306873890151771,0.00984385719775741,121902972.86413796,6936.157773208419,0.027657123952647498,0.02083236804577376
2016-05-24,-0.0585423255129806,16.475,243169,333576,-17156036.397624046,-27596652.471907612,-44752688.86953166,-2716.3999313828017,0.011170831526151778,0.008143271492501864,-243248033.17619807,-14764.675761832963,0.060717754984529124,0.044261804691683344,-508184747.04599273,-30845.81165681291,0.12684927625154896,0.0924701167254626
2016-05-25,-0.0161603605003496,16.175,235100,339272,-4825787.690992569,-7330705.035085222,-12156492.726077791,-751.5606013031093,0.0031967698906980404,0.0022152155241314028,-65777336.76863984,-4066.6050552482125,0.017297341791783123,0.011986267818293914,-136357610.519526,-8430.14593629218,0.03585770283407988,0.024847750289714976
2016-05-26,-0.0180576273847845,15.825,235101,352381,-5447574.183790158,-8016915.748369648,-13464489.932159806,-850.8366465819782,0.0036190260636151197,0.002414536103200735,-72773391.43928832,-4598.634530128804,0.019560250828915247,0.013050177308449672,-149986069.5328865,-9477.792703499937,0.04031370646445544,0.026896435118522105
2016-05-27,-0.0216095972034638,15.375,224063,348546,-6703309.132520563,-9059474.640560918,-15762783.773081481,-1025.2217088183077,0.004575595742350623,0.0029414243997013525,-84397893.34396984,-5489.293876030559,0.024498885920614107,0.015749123145956515,-172272752.5751931,-11204.731874809308,0.0500070599555005,0.032147067746608214
2016-05-31,-0.0074163643692057,15.275,213056,350276,-2302419.533744083,-3109190.990251729,-5411610.523995811,-354.2789213745212,0.0016628441413267928,0.0010114279064923695,-29354237.478982743,-1921.717674565155,0.0090197773100272,0.005486295591376957,-59133064.39199891,-3871.231711423824,0.018170019672873912,0.011051946783176192
2016-06-01,0.001451495847109,15.275,205688,351968,453675.2259584204,598420.9932685491,1052096.2192269694,68.87700289538262,0.00033486155193974666,0.00019569109377949874,5703684.641340349,373.39997651982645,0.0018153707387880014,0.0010608918325524662,11434777.517080275,748.5942728039461,0.0036394649799888477,0.002126881627886473
2016-06-02,-0.0241426173155326,14.825,197732,354856,-7755352.457096726,-9421766.30355871,-17177118.760655433,-1158.658938324144,0.005859744190743754,0.0032651524514849513,-92147162.40008223,-6215.660195621061,0.031434771284471204,0.017516007044043387,-183146672.76829374,-12353.907100728076,0.062478036436834083,0.03481385999032869
2016-06-03,-0.0043898870010568,14.725,186327,353785,-1416989.9262377971,-1694515.0607499876,-3111504.9869877845,-211.30763918422986,0.0011340688101253702,0.0005972769879566117,-16697629.453850266,-1133.9646488183541,0.006085884755394302,0.0032052366516905867,-33051870.452426717,-2244.609198806568,0.012046612669159962,0.006344557284244861
2016-06-06,-0.0153933403548569,14.475,178654,367840,-5031255.087501159,-5793198.805535047,-10824453.893036205,-747.8033777572508,0.00418576341843592,0.0020329582909886113,-58221462.866968155,-4022.2081427957273,0.022513955146796195,0.01093466763482962,-113947285.18072185,-7872.005884678539,0.0440628582885272,0.021400624958347485
2016-06-07,0.0048983590497182,14.725,154923,364733,1600027.7451069125,1852933.8327067294,3452961.577813642,234.49654178700456,0.0015136328484925063,0.0006429265840683584,18645889.787569404,1266.274348901148,0.008173572348206192,0.0034717844255966637,36398863.87507882,2471.9092614654546,0.01595572808082373,0.0067773117909963035
2016-06-08,0.0040338846308993,14.975,129751,355458,1308954.2201009586,1535275.457120136,2844229.6772210943,189.93186492294453,0.001463818120268395,0.0005343299768831888,15439225.404358618,1031.000027002245,0.007945989063685405,0.002900483396075612,30073564.466554478,2008.251383409314,0.015477733377078513,0.005649757167961655
2016-06-09,0.0207651146074594,15.475,106857,348989,6610010.335820563,8207985.295966242,14817995.631786805,957.5441442188566,0.00896098659160239,0.002743765976059006,81511085.72247517,5267.275329400657,0.04929274946330757,0.015092955163058598,158809085.62731308,10262.299555884529,0.0960376910813941,0.029405796617900645
2016-06-10,0.0814071133940383,17.525,83598,340376,23570935.072413437,38029031.03523089,61599966.10764433,3514.9766680538846,0.042046181344695864,0.010326746504024622,355725498.0783571,20298.17392743835,0.24280693231223655,0.05963456274072893,699935248.027262,39939.24382466545,0.4777535805242404,0.11733860150147322
2016-06-13,0.1584954418204005,21.325,61968,320873,38993776.64277647,96148615.03651214,135142391.6792886,6337.275108055737,0.10226689756093044,0.019750103960307464,841959292.1155434,39482.26457751669,0.6371395652194147,0.1230463908696484,1664937819.7302873,78074.45813506623,1.2599157328793287,0.24331887735978483
2016-06-14,-0.0174775333126743,20.575,43650,279810,-4391912.299322392,-10136486.223095797,-14528398.52241819,-706.1190047347844,0.016176838596444088,0.0025235660081297465,-90020043.40467897,-4375.214746278443,0.10023401480592081,0.01563637734991045,-176954541.67069143,-8600.463750701892,0.19703238833223122,0.03073679908045421
2016-06-15,-0.0143712574850299,20.575,227907,297431,-3646645.787584228,-8179450.359167358,-11826096.146751586,-574.7798856258365,0.0025219931183589647,0.0019324814347725574,-73249880.91357684,-3560.14002010094,0.015621020943195866,0.011969633360681771,-143312051.34707016,-6965.3487896510405,0.0305622415706891,0.023418368595240713
2016-06-16,-0.0262172284644194,20.025,218623,293583,-6831278.2184646465,-14121348.010542339,-20952626.229006983,-1046.32340719136,0.004785971316793567,0.0035639781839934873,-128658426.02089226,-6424.890188309227,0.029387988401537016,0.02188440811732705,-250142006.10712004,-12491.4859479211,0.05713710793430289,0.04254839669845019
2016-06-17,0.002492729538845,20.075,219522,301118,650516.5576725735,1340728.9868043414,1991245.544476915,99.19031354804059,0.000451846801450609,0.0003294067891924116,12266543.95891909,611.0358136447866,0.002783483266573676,0.0020292238047701786,23759154.044345155,1183.519504076969,0.005391348038360479,0.003930417657121025
2016-06-20,-0.0770186335403725,18.475,208056,295622,-21446881.850891788,-35562339.0376285,-57009220.888520285,-3085.7494391621262,0.014831340788836305,0.010438158997510761,-342195268.1443087,-18522.071347459198,0.08902445181806436,0.06265457695117142,-651510072.7768302,-35264.41530591774,0.16949482497941776,0.11928887331090968
2016-06-21,0.0094043887147334,18.675,198740,289231,2601804.963142672,4385957.7660346655,6987762.729177337,374.1773884432309,0.0018827482562304059,0.0012936973852845333,42208971.53432478,2260.185892065584,0.011372576693496951,0.007814466264216436,80131800.13627046,4290.8594450479495,0.021590316217409426,0.014835406457288291
2016-06-22,0.0354413556318526,19.425,195010,292527,9481752.585732939,17692917.09786381,27174669.683596745,1398.9533942649548,0.00717375208586716,0.004782305203502428,167664218.6699846,8631.362608493417,0.044261128190828246,0.029506208344848225,318097683.775274,16375.685136436241,0.08397356615781879,0.055980080937610005
2016-06-23,-0.1321359846055163,16.675,201733,302751,-38729543.40652816,-53098352.72128719,-91827896.12781535,-5506.920307515164,0.027298063814622117,0.018189602371305673,-537041618.8581334,-32206.393934520747,0.15964861442858008,0.10637914964614732,-1006863458.1068006,-60381.616678069,0.2993145230481329,0.19944316179985863
2016-06-24,0.3270861496866166,22.65,205330,311892,70516878.1939043,188942627.62601814,259459505.81992245,11455.165819864125,0.0557890508930216,0.03672798859818183,1707257643.8134773,75375.61341339856,0.3670949856981374,0.2416721602779121,3240730410.1629453,143078.6053052073,0.6968227015302553,0.45874406943816226
2016-06-27,0.0430107526881722,23.65,188902,296083,9033371.361024536,24463098.072253603,33496469.43327814,1416.3412022527755,0.0074977565205915,0.0047835951481604,223306861.52147472,9442.150592874195,0.04998438657544227,0.03189021521963164,419097769.3565615,17720.83591359668,0.09380967863546537,0.05985090637961882
2016-06-28,-0.1859068463899639,18.875,164679,271652,-42344849.255951166,-82104737.67231636,-124449586.92826752,-6593.3555988486105,0.04003762227635953,0.024271330963322967,-789257900.6016616,-41814.988111346305,0.25391815660373396,0.1539285118878061,-1467730916.1732337,-77760.57834030378,0.4721948660139045,0.28625071172052396
2016-06-29,-0.0608078602620089,17.475,155985,271301,-14539500.911850002,-23707048.673676737,-38246549.585526735,-2188.6437531059646,0.01403111679396073,0.00806721594504246,-235753384.5952434,-13490.894683561854,0.08648841031869638,0.049726667736432424,-435549952.1073244,-24924.174655640883,0.15978571436766922,0.0918690850960405
2016-06-30,-0.020812800742072,16.975,159070,287335,-5119417.515660801,-7583484.837180654,-12702902.352841455,-748.3300355134878,0.004704407088159225,0.0026043817687141763,-77085087.0694247,-4541.094967270969,0.02854777750217495,0.015804183156493186,-141706180.65057516,-8347.934058944045,0.05247962569273933,0.029052966255221416
2016-07-01,-0.0077903682719546,16.775,158233,296534,-1976772.9909679478,-2663961.0013939226,-4640733.992361871,-276.6458415714975,0.0017483447926254162,0.0009329312711914907,-27704301.13960419,-1651.5231677856445,0.010437286582354151,0.005569422621978068,-50685938.76739111,-3021.516468994999,0.019095362339050632,0.010189443601728635
2016-07-05,0.0036156718629603,16.825,152186,296809,899695.9421896993,1279708.5951103645,2179404.5373000638,129.53370206835447,0.0008511538647993539,0.0004364210723675983,13316710.846540399,791.4835570009152,0.005200764570991518,0.0026666427129935924,24094779.223236997,1432.0819746351856,0.009410076975774286,0.0048249277300728265
2016-07-06,-0.0317796610169491,16.175,146746,302112,-8124502.081509742,-10670767.085014781,-18795269.166524522,-1161.9950025672038,0.007918410059335204,0.003846239151596771,-113228127.21069637,-7000.193336055417,0.04770278805592941,0.023170854967877533,-204076425.2562225,-12616.780541342967,0.08597699795117392,0.041761931142566225
2016-07-07,-0.0108972030512168,15.925,135388,300687,-2830682.2049196735,-3503200.331182704,-6333882.536102377,-397.73202738476465,0.0029377199410934845,0.0013227443400771056,-37764768.720626816,-2371.4140483910087,0.017515688601582185,0.007886653059131285,-67828645.63201503,-4259.255612685402,0.03145962428491005,0.014165080674207407
2016-07-08,-0.0575329107752315,14.775,132616,310632,-15925627.54032266,-16272490.685488276,-32198118.225810938,-2179.229659953363,0.016432629999045083,0.007015470588842627,-184119960.8734092,-12461.587876372874,0.09396745397518304,0.04011688388953126,-329181029.540109,-22279.59590796,0.16800081368733788,0.07172344094607123
2016-07-11,-0.0048893463715902,14.625,131803,324483,-1353169.984963069,-1384781.9145432855,-2737951.8995063547,-187.2103862910328,0.0014203803122162075,0.0005769497517313165,-15779176.08681909,-1078.918023030365,0.008185838129863243,0.0033250371299278084,-28002519.94922995,-1914.7022187507657,0.014527000286418106,0.00590077821873801
2016-07-12,-0.0285493827160494,14.275,120144,334304,-8084513.203416779,-7721850.09144948,-15806363.294866258,-1107.2758875563054,0.009216239575478638,0.0033121825869756433,-89775110.46527185,-6288.974463416592,0.052345306161078305,0.01881214243148928,-158887474.18840545,-11130.471046473236,0.09264275408237811,0.03329445967285236
2016-07-13,-0.0013170025023048,14.175,106636,333928,-379085.0115630819,-345018.90906203445,-724103.9206251163,-51.083169003535545,0.0004790424341079518,0.00015297659676198326,-4072490.1654075533,-287.3008935031784,0.0026942204649759776,0.0008603677843821972,-7190015.359383513,-507.23212411876636,0.004756668705866371,0.001518986500439515
2016-07-14,-0.0068205666316896,14.025,96799,341681,-1964594.6742213443,-1776261.7187273235,-3740856.3929486675,-266.7277285524897,0.0027554802069493455,0.0007806337740538388,-21051383.762710158,-1500.9899296050023,0.015506254502680837,0.0043929569674784445,-37082196.259121,-2644.006863395437,0.027314402663203514,0.007738232045081339
2016-07-15,0.0094562647754137,13.825,88507,342806,2737055.763438265,2444400.395662123,5181456.159100387,374.7888722676591,0.0042345675739507505,0.0010932972942937378,29131458.10428477,2107.157909894016,0.02380781079342895,0.006146794133982532,51200792.21478668,3703.4931077603383,0.0418440700482486,0.010803466414707847
2016-07-18,-0.0380041365046533,13.075,77583,351643,-11188693.90711355,-9456781.186257547,-20645475.093371097,-1579.0038312329712,0.020352446170333334,0.004490360482742359,-115161585.09732467,-8807.769414709344,0.11352705379669958,0.02504747546434692,-201131284.96035835,-15382.889863124921,0.1982765536667172,0.04374575880402829
2016-07-19,-0.0053368912608404,12.225,56774,341242,-1572557.433402368,-1321822.0347815256,-2894379.4681838937,-236.759056702159,0.00417020214714762,0.0006938156988358966,-16155384.648054397,-1321.5038566915662,0.023276567736843733,0.0038726295611078536,-28157136.37947519,-2303.2422396298725,0.040568609568286056,0.0067495860404928835
2016-07-20,-0.0127591706539075,15.475,286349,357513,-3868342.2499355925,-2997454.7045053723,-6865796.954440964,-443.6702393822917,0.0015494038372136508,0.0012409905077082279,-37565704.429363094,-2427.5091715258864,0.008477449446395434,0.006789988536153612,-65387559.79368533,-4225.367353388389,0.014756005271149505,0.011818779606303518
2016-07-21,0.0231325301204821,15.825,281851,357852,6811544.549536253,5729381.870277342,12540926.419813596,792.4756031477785,0.002811682779723253,0.0022145345090925257,70306824.40027805,4442.769314393558,0.01576282970219569,0.012415102652475207,122022340.19924888,7710.732398056802,0.027357477525560673,0.021547266462271557
2016-07-22,-0.0268414481897627,15.375,274749,359501,-8083995.091934846,-6326483.540283618,-14410478.632218463,-937.266902908518,0.0034113569218032387,0.0026071329506969884,-79372637.16769323,-5162.447945866226,0.018789687845510727,0.014360037790899682,-137598536.84655362,-8949.498331483162,0.032573360891152155,0.024894223747592252
2016-07-25,-0.0022296544035674,15.325,268964,361879,-675654.1770454666,-520356.63296230324,-1196010.8100077698,-78.04311973949558,0.00029016195379119727,0.00021566081408287184,-6596821.164319535,-430.4614136586972,0.0016004424891758644,0.0011895175283967768,-11372146.926430462,-742.0650522956256,0.002758975373267893,0.002050588877209304
2016-07-26,-0.0088748019017431,15.175,262394,367631,-2715591.8501441097,-2032108.6220907061,-4747700.472234815,-312.8632930632498,0.001192341642961538,0.0008510253299184502,-26024158.751029447,-1714.9363262622371,0.006535729956714853,0.0046648305672324615,-44802191.5020946,-2952.3684680128235,0.011251661501455153,0.008030793018033907
2016-07-27,-0.0222222222222223,14.775,255006,368927,-6950168.466680164,-4851349.215755455,-11801517.68243562,-798.749081721531,0.0031322756394811533,0.0021650599758801362,-63527829.122204304,-4299.683866139039,0.01686110862544034,0.01165456544557335,-109332536.44234684,-7399.833261749363,0.029018271184793155,0.020057716734609727
2016-07-28,-0.0247987117552334,14.375,249453,369134,-7897726.333734619,-5220268.284244032,-13117994.617978651,-912.5561473376453,0.0036582287939517476,0.0024721541427710405,-69624530.98655638,-4843.4456338474,0.019416265323918335,0.013121104081031279,-119776495.01356724,-8332.277913987286,0.03340219566005334,0.02257250189358684
2016-07-29,-0.0348780088423121,13.825,244802,377261,-11492425.94363017,-6832603.929666971,-18325029.87329714,-1325.499448339757,0.0054145776927466156,0.003513481245980255,-94425664.88254622,-6830.06617595271,0.027900369179797185,0.01810435262577555,-162643247.4681688,-11764.430196612571,0.048056920272761545,0.03118379635481158
2016-08-01,-0.0134544231416078,13.625,237922,378711,-4505458.556028683,-2540066.860310697,-7045525.41633938,-517.1027828505967,0.0021734130633173756,0.0013654284740886762,-35884347.571570724,-2633.7135832345484,0.011069651327891276,0.006954415327874153,-61648349.30155162,-4524.649490022137,0.01901736489278897,0.011947499518160647
2016-08-02,0.0344711051030752,14.225,222351,373675,11109474.950167287,7008622.264844912,18118097.2150122,1273.6799448163233,0.005728240236456428,0.0034085233018433755,95607400.18653764,6721.082614167848,0.03022735501152614,0.01798643905577801,163382001.08103445,11485.553678807342,0.051655057448841434,0.03073674631379499
2016-08-03,-0.0243111831442465,13.825,210686,371025,-8036216.722263177,-4704321.765017651,-12740538.487280827,-921.5579375971665,0.004374082462039085,0.0024838162862264443,-65818673.79773676,-4760.844397666311,0.022596871162138495,0.012831600020662519,-112609633.25721367,-8145.3622609196145,0.038661146259930015,0.021953674983948828
2016-08-04,-0.0263634865710988,13.425,200801,376340,-8952542.881313128,-4822338.614755665,-13774881.496068794,-1026.0619363924613,0.005109844753723644,0.0027264227464326445,-69463947.57237506,-5174.223282858477,0.025767915911068556,0.013748799709992234,-119067341.05074087,-8869.07568348163,0.04416848364042823,0.023566656968383986
2016-08-05,-0.036925142665324,12.875,198842,381243,-12968591.426325303,-6286273.590107839,-19254865.016433142,-1495.5234964219917,0.0075211650276198775,0.0039227566051625645,-94099346.65980922,-7308.687119208483,0.03675625430848856,0.019170678856289775,-161811810.27984175,-12567.907594550816,0.0632054978050453,0.03296560879688497
2016-08-08,-0.0186625194401243,12.475,192872,384508,-6699551.867865428,-3034398.4502801658,-9733950.318145594,-780.2765786088652,0.0040455668972627715,0.002029285680945169,-46715046.08996828,-3744.6930733441504,0.019415431339666465,0.009738921097465204,-80341173.60034244,-6440.174236500396,0.03339092370328713,0.01674912937182164
2016-08-09,-0.0143056524773201,12.375,162170,380841,-5218706.122343427,-2249721.110084631,-7468427.232428057,-603.5092713073177,0.003721460635797729,0.0015846751565806142,-35321200.31203215,-2854.2384090531027,0.017600286175328994,0.007494567047804997,-60844312.69758595,-4916.7121371786625,0.030318259463394354,0.0129101439634353
2016-08-10,0.024561403508772,12.875,137414,369772,8745734.620688304,4046662.4515659637,12792397.072254268,993.5842386216907,0.007230589595104506,0.0026870185915150164,61926645.570369855,4809.83654915494,0.035002521934846084,0.013007573718818461,106183275.02576506,8247.244662195344,0.06001749939740743,0.022303594274837857
2016-08-11,-0.0088345225959903,12.625,116817,365954,-3162596.416644214,-1440529.4469775527,-4603125.863621767,-364.6040288017241,0.003121155557853087,0.000996311090469633,-22193095.69464062,-1757.8689659121285,0.015048057781933525,0.004803524393536151,-38049622.741033524,-3013.831504240279,0.025799596841557984,0.008235547375463254
2016-08-12,-0.0088390277069522,12.325,101370,364988,-3195673.94718342,-1413941.495220282,-4609615.442403702,-374.0053097284951,0.0036895068533934604,0.001024705770404767,-22038630.847947817,-1788.1242067300461,0.017639579823715557,0.004899131496734266,-37812145.171078905,-3067.9225290936233,0.030264600267274573,0.008405543549633477
2016-08-15,-0.0098572399728076,12.225,77289,360298,-3619646.1774500594,-1526545.1226398177,-5146191.300089877,-420.95634356563414,0.005446523354754676,0.001168356037406908,-24286004.783061437,-1986.585258328134,0.025703337581391063,0.005513728242532942,-41684813.39606269,-3409.8006867944937,0.044117541782071105,0.009463834622436133
2016-08-16,0.0343654304185097,12.825,46969,342973,12188472.945488378,5696468.281382827,17884941.226871207,1394.5373276312832,0.029690590126067902,0.004066026560782579,87372714.43057314,6812.687285034943,0.14504646224179657,0.019863625664512784,148849269.32536408,11606.18084408297,0.2471030007895201,0.03383992572034233
2016-08-17,-0.032626427406199,14.825,292289,380822,-11866142.117773924,-5120779.125715318,-16986921.243489243,-1145.829426205008,0.003920193459914701,0.003008832016545809,-80902926.951702,-5457.19574716371,0.018670547804274913,0.01433004329362198,-138428842.91247964,-9337.527346541629,0.03194621537773104,0.02451940104968103
2016-08-18,-0.0163567733817978,14.575,287526,380611,-6053884.673116483,-2478744.8771757367,-8532629.55029222,-585.4291286649893,0.0020360910966833934,0.001538129819329944,-39968774.1553018,-2742.282960912645,0.009537512993303719,0.007204949307593961,-68582985.40204702,-4705.522154514376,0.016365553565640588,0.012363074515750664
2016-08-19,0.0067834934991521,14.675,277677,374947,2497747.6748805,1035325.9806006498,3533073.65548115,240.754593218477,0.00086703109446759,0.0006421029991398171,16629630.906453397,1133.1946103205041,0.0040809811771248755,0.0030222794430159574,28489056.523185916,1941.332642125105,0.006991333967613828,0.005177618815792912
2016-08-22,0.0037688442211054,14.725,295871,411477,1383378.609140015,579877.217484227,1963255.8266242421,133.3280697198127,0.00045062905698704065,0.00032402314034517775,9296855.48885975,631.3653982247708,0.002133921196145519,0.0015343880659788296,15877245.918131594,1078.250996137969,0.0036443280893969634,0.0026204405012624494
2016-08-23,-0.0016592920353981,14.675,271857,380678,-610717.7490554121,-254017.65555553563,-864735.4046109477,-58.925751591887405,0.00021675274718652602,0.0001547915865689307,-4087206.6969008707,-278.51493675644775,0.001024490584227913,0.000731628664531304,-6979099.363875646,-475.57746942934557,0.001749366282381346,0.001249290658849068
2016-08-24,0.0269823788546255,15.125,267053,382165,9705190.464591278,4310000.41282427,14015190.877415549,926.6241902423503,0.003469813820636167,0.0024246704701957277,67803610.22035944,4482.883320354344,0.01678649301956669,0.011730229927791252,115077067.98161648,7608.401188867206,0.02849022923864254,0.01990868129961458
2016-08-25,-0.0104,14.975,257805,377806,-3737086.9299100284,-1661232.485648254,-5398319.415558282,-360.48877566332436,0.0013983001713051507,0.0009541637127608465,-26148204.846735183,-1746.1238628871574,0.0067730411081521205,0.004621747306520165,-44336377.70062061,-2960.693001710892,0.011484234214661826,0.007836543098073858
2016-08-26,0.0087119689049726,15.125,243985,369262,3120908.232590355,1402368.6221104718,4523276.854700827,299.05962675707946,0.0012257295602478818,0.0008098846530568525,22011569.586915422,1455.3103859117634,0.00596475351317402,0.003941132274406149,37255593.40943698,2463.179729549552,0.010095619523944308,0.006670547550383067
2016-08-29,-0.0232681121099946,14.675,240829,373332,-8506879.171913374,-3594434.226951933,-12101313.398865307,-824.621015254876,0.003424093507239062,0.0022088141794833448,-57776954.50198881,-3937.10081785273,0.016348117618113805,0.010545843425832048,-98070519.81811734,-6682.829289139171,0.027749271429683184,0.017900499526263946
2016-08-30,-0.0072668550666128,14.525,234589,370461,-2677183.4623316415,-1103483.0142453373,-3780666.476576979,-260.2868486455751,0.0011095441331246355,0.0007026025644955207,-17906374.078136936,-1232.796838425951,0.005255134888788268,0.0033277371664654333,-30440800.102241017,-2095.752158501963,0.00893371879543356,0.005657146524200829
2016-08-31,0.0005389382915654,14.575,226613,367729,197280.36831291523,82671.563602527,279951.9319154422,19.207679719755898,8.475983160611217e-05,5.223324709162426e-05,1334763.5619273123,91.57897508935247,0.00040412057158835754,0.00024903930636243667,2263860.294932033,155.32489159053398,0.0006854191577294064,0.0004223895629404643
2016-09-01,-0.0014727540500736,14.575,221836,371821,-542134.5214022587,-223412.3231580777,-765546.8445603363,-52.52465485834212,0.0002367724573934894,0.00014126328222005243,-3630924.04158956,-249.1200028534861,0.0011229917725413645,0.0006699998194117226,-6163631.004866999,-422.89063498229837,0.001906321043393761,0.0011373500554898684
2016-09-02,-0.0303999999999999,13.925,221989,381163,-11599004.028425286,-4292089.112746653,-15891093.14117194,-1141.1916079836221,0.0051407574608814946,0.002993972678312486,-72566131.95703736,-5211.212348799811,0.023475092679366143,0.013671873578494793,-124429415.90912935,-8935.685164030832,0.040252828581735275,0.023443212389531072
2016-09-06,-0.0342849337522196,13.375,222361,394521,-13423358.362898873,-4583592.6785033075,-18006951.04140218,-1346.314096553434,0.0060546323166087304,0.003412528348436291,-80026383.46730503,-5983.281006901311,0.026907960509717582,0.01516593795235567,-138148848.08210313,-10328.885837914253,0.04645097763508103,0.026180826465294
2016-09-07,-0.0081460674157303,13.225,219095,399602,-3229811.215000632,-1057581.587016225,-4287392.802016857,-324.1884916458871,0.0014796708808776425,0.0008112784511736355,-18773020.089664795,-1419.5100256835383,0.006478970426908593,0.0035523096122730574,-32549385.694201067,-2461.201186707075,0.011233488608626737,0.006159131302413589
2016-09-08,0.0101223112610713,13.375,208901,399789,3999156.4062301437,1324320.936993971,5323477.343224115,398.0169976242329,0.0019052900542564798,0.0009955676559991217,23411885.70783838,1750.4213613337106,0.008379190914996629,0.004378362989811402,40528801.58406163,3030.190772640122,0.014505391418136447,0.007579475104718044
2016-09-09,0.1547816473189607,16.475,175681,370099,51350308.21966341,26817091.389799967,78167399.60946338,4744.606956568338,0.02700694415769684,0.012819831873548262,407472706.4992362,24732.789468845902,0.14078238095665382,0.06682749607225608,670089941.6164238,40673.13757914561,0.23151699716614552,0.10989799372369449
2016-09-12,-0.0577290076335877,15.325,151696,349387,-20463313.354644984,-8654708.027222414,-29118021.381867398,-1900.0340216552952,0.012525274375430434,0.005438193240318887,-140596870.93276542,-9174.34720605321,0.06047850441707896,0.02625841031879609,-236035277.18152112,-15401.975672529927,0.10153185102131847,0.04408285274646717
2016-09-13,0.1006051437216337,17.775,120594,314064,30985832.643227715,19148783.85221042,50134616.495438136,2820.512883006365,0.023388500945373442,0.008980694645060768,279763789.4039643,15739.172399660438,0.13051372704828132,0.05011453843694418,449604552.3496135,25294.208289711027,0.2097468223104883,0.08053838800279887
2016-09-14,0.0307745109255233,18.375,98336,291018,9572501.055639846,5826581.73935517,15399082.794995017,838.0453221765996,0.008522263689560279,0.002879702706281397,85565142.86364576,4656.606414348069,0.047354035290718244,0.016001094139702937,137538088.8910937,7485.066062100337,0.07611725168911017,0.02572028555656467
2016-09-15,-0.0403547671840354,17.075,87997,288290,-13005683.276190614,-7057258.075414292,-20062941.351604905,-1174.9892446035083,0.013352605709325413,0.004075719742632447,-106868540.97237772,-6258.772531325196,0.07112483983914447,0.021709988314978654,-173761696.3016357,-10176.380456903995,0.1156446294408218,0.03529911012141938
2016-09-16,-0.041133771171794,16.025,73420,278365,-13423792.873218609,-7018659.860844186,-20442452.734062795,-1275.6600770085988,0.017374830795540707,0.004582688473797348,-107477316.4754463,-6706.852822180737,0.09134912588096891,0.024093736001942548,-175297984.11963555,-10939.031770336072,0.14899253296562343,0.039297439585925215
2016-09-19,-0.0227490421455938,15.675,54983,278863,-7612227.712428425,-3679501.149354324,-11291728.86178275,-720.3654776256938,0.013101603725254965,0.002583223581564043,-57770193.44690114,-3685.4987844913007,0.06702978710676574,0.013216162719655533,-94821017.94268423,-6049.187747539664,0.11001923771965269,0.021692328302928908
2016-09-20,0.0173361005982173,15.875,39559,279459,5843553.425427884,2758445.224045192,8601998.649473075,541.8581826439732,0.013697469163628333,0.0019389541315326156,43644406.31413209,2749.2539410476907,0.06949755911543999,0.009837772056178869,71780772.27934049,4521.623450667117,0.11430075205811868,0.016179917092192835
2016-09-21,-0.0774748923959828,16.075,254391,335760,-28056990.452223618,-10417579.641729867,-38474570.09395348,-2393.4413744294548,0.009408514351645516,0.007128429159010766,-177674132.2339136,-11052.823156075496,0.043448168984262396,0.03291882045531182,-301523842.9002217,-18757.315265954694,0.07373419368591928,0.0558652468011517
2016-09-22,-0.04598947042428,15.325,263673,350662,-17242741.99927479,-5757447.976994209,-23000189.976269,-1500.8280571790538,0.005692005086524042,0.004279984877685788,-101905548.16158226,-6649.627938765563,0.025219222062044893,0.018963069676114216,-175468576.3110845,-11449.825534165384,0.04342433823017671,0.032652028261304
2016-09-23,0.0158268733850128,15.575,252203,347687,5882359.72734407,2016844.3505981285,7899204.077942198,507.1720114248602,0.002010967400962162,0.0014587028316412757,35378120.16943173,2271.468389690641,0.00900650820842988,0.006533084037340024,60664896.45353949,3895.0174287986833,0.015443977386465201,0.011202654769372117
2016-09-26,0.0405063291139238,16.275,246800,341113,14252751.736712946,5722103.088436104,19974854.82514905,1227.3336298094657,0.004972988775565096,0.0035980265478286247,95458285.30373533,5865.332430337041,0.02376552848596856,0.01719469041149719,159732327.1886816,9814.582315740807,0.03976735136037604,0.0287722318285753
2016-09-27,-0.0424371021521671,15.525,244412,340994,-15727878.125765612,-5371755.248661183,-21099633.374426797,-1359.0746134896488,0.005560588733325896,0.003985626179609169,-94490070.38354251,-6086.316932917392,0.024901874428904437,0.017848750807689846,-161885319.8949408,-10427.395806437411,0.04266319086803189,0.030579411386820327
2016-09-28,-0.016548463356974,15.225,241365,346532,-6199504.942180462,-2049971.363208126,-8249476.305388588,-541.8375241634541,0.0022448885470696,0.0015636002567250762,-36475059.30278097,-2395.7346011678796,0.009925774661479004,0.006913458500709544,-62782185.70436818,-4123.624676805792,0.017084600819529724,0.011899693756437476
2016-09-29,0.0370015948963315,15.925,236822,351866,12989875.757762643,5146945.249183532,18136821.006946176,1138.8898591488964,0.004809054307238755,0.0032367147128420947,86380543.85003224,5424.209974884285,0.02290416420300599,0.015415555850477979,144539547.59885192,9076.266725202633,0.03832526845142188,0.025794668212338313
2016-09-30,-0.007587369711833,15.775,229959,348035,-2784993.0491178753,-976252.3306472506,-3761245.379765126,-238.43076892330433,0.0010368403451193663,0.0006850769862896097,-17042875.910679452,-1080.3724824519463,0.004698109151857271,0.0031042064230664915,-29047855.194193386,-1841.385432278503,0.00800745103378647,0.0052908053278506555
2016-10-03,-0.0153893505694059,15.475,221669,343843,-5672679.395850146,-1956333.0620247736,-7629012.45787492,-492.98949647010795,0.0022239893556162925,0.0014337633642973913,-34376629.196029805,-2221.429996512427,0.010021383217826701,0.006460593923716425,-58676066.32339609,-3791.668259993285,0.017105090292252344,0.011027324272977158
2016-10-04,-0.0093399750933996,15.325,210420,341156,-3452180.6937851715,-1182990.5379430118,-4635171.231728183,-302.45815541456335,0.001437402126292954,0.0008865684772202845,-20838566.390855037,-1359.7759472009811,0.00646219915978035,0.0039857893374320875,-35592723.51793799,-2322.5268200938326,0.011037576371513319,0.0068078146657066935
2016-10-05,-0.0046948356807511,15.125,205947,345934,-1750810.0147578104,-585572.3021983663,-2336382.3169561764,-154.4715581458629,0.0007500549080387813,0.00044653476716906374,-10401114.207626838,-687.6769724050802,0.0033390968181380653,0.001987884892508629,-17831648.28534601,-1178.9519527501493,0.005724540550482159,0.00340802567180488
2016-10-06,-0.0093882021592865,14.975,197053,348746,-3528372.8612284916,-1148470.7717052507,-4676843.632933742,-312.31009234949863,0.0015849040225193152,0.0008955230808367655,-20590368.78818454,-1374.9828906967973,0.00697773132455125,0.003942648491156307,-35453382.64368867,-2367.5046840526657,0.012014557931382246,0.006788621759253628
2016-10-07,0.0163470606727444,15.325,184972,343275,6135528.368091572,2007336.4512161303,8142864.819307703,531.3451758112693,0.0028725708529467667,0.0015478702958597898,35936904.02985894,2344.9855810674676,0.012677516494753086,0.006831215733937711,61806620.209809385,4033.0584149957185,0.021803615763443758,0.011748768232454208
2016-10-10,-0.0300277178934401,14.675,175113,346776,-11508149.283705635,-3524818.021284605,-15032967.30499024,-1024.3930020436278,0.0058498969353710335,0.002954048152247064,-64555199.17016986,-4398.9914255652375,0.02512087295383688,0.012685397563745003,-112262919.8937665,-7649.943433987495,0.04368575396451146,0.022060187077501025
2016-10-11,0.0505369551484524,15.825,148690,330636,18288935.121241223,6568885.061129006,24857820.18237023,1570.7943243203938,0.01056422304338149,0.004750826662312615,114338938.9563258,7225.20941272201,0.04859243669864826,0.02185245833098032,193164471.2809194,12206.285704955413,0.08209217637336347,0.03691759428784347
2016-10-12,0.0187265917602996,16.325,139580,335019,6770437.1331317015,2447140.754850085,9217577.887981787,564.6295796619778,0.0040452040382718,0.001685365843913264,42533955.695963606,2605.449047225948,0.018666349385484653,0.007777018757819551,71742847.56908739,4394.661413114082,0.031484893345135996,0.013117648291929957
2016-10-13,0.0222939278380756,17.025,97561,296645,7815386.617576703,3095930.9614307485,10911317.579007452,640.8997109549165,0.006569220394982795,0.0021604938932222573,52431317.70140417,3079.6662379679397,0.03156657104752862,0.010381655642157931,86951244.94101438,5107.268425316557,0.05234948827212264,0.017216768950484778
2016-10-14,-0.0131805157593123,16.625,80826,288567,-4672783.9759595115,-1790638.3220921427,-6463422.298051654,-388.7772810858138,0.004810052224356195,0.001347268679668201,-30628648.22546526,-1842.3247052911436,0.022793713721960058,0.006384391511472703,-51066279.75068735,-3071.6559248533745,0.03800331483499585,0.01064451557126551
2016-10-17,-0.011011301072153,16.525,67557,291075,-3920311.9882195136,-1481473.9104702417,-5401785.898689755,-326.8856822202575,0.004838664864044547,0.0011230290551241346,-25483544.401376627,-1542.1206899471483,0.022826956347190494,0.005298018345605594,-42525430.460377984,-2573.399725287624,0.03809227356584253,0.00884101941179292
2016-10-18,-0.0302720093594617,15.675,45894,289121,-11217780.565568782,-3747661.5243554763,-14965442.08992426,-954.7331476825684,0.02080300578904799,0.003302192326681799,-66863392.90144337,-4265.607202643915,0.09294476843691801,0.014753709355750412,-114186553.98031439,-7284.628643082257,0.1587272550460247,0.025195778387188263
2016-10-19,-0.0330827067669173,16.075,247320,346301,-12541305.42803644,-3901325.3385909223,-16442630.766627362,-1022.86972109657,0.004135814819248625,0.0029537013208063793,-71185746.07684849,-4428.3512333964845,0.017905350288680594,0.012787578532538124,-123257702.9049902,-7667.664255364864,0.031003009280951253,0.022141617423469366
2016-10-20,-0.0181536074476338,15.775,245439,345245,-6967398.007564576,-2083272.0776681786,-9050670.085232755,-573.7350291748181,0.0023375870549294047,0.0016618199515556144,-38504232.140864804,-2440.838804492222,0.009944787928944553,0.007069874450005713,-67193116.70421287,-4259.46857079004,0.017354489591263164,0.012337524282147575
2016-10-21,-0.0122912070595651,15.575,240514,342753,-4817843.297980254,-1351624.4345074284,-6169467.732487682,-396.11349807304543,0.0016469456999303384,0.0011556820744765047,-25513987.584563926,-1638.1372445947945,0.006810984992951739,0.004779352024912384,-45106412.15176703,-2896.077826758718,0.012041202702373742,0.008449460184910761
2016-10-24,-0.0394464768570063,14.925,233637,341957,-16007882.99271012,-4032966.9588674824,-20040849.9515776,-1342.7705160185997,0.005747251146088161,0.003926723289824743,-78974399.31303267,-5291.417039399174,0.022648026808250295,0.015473925199364757,-142885282.51194987,-9573.55326713232,0.040976186422237576,0.02799636582123577
2016-10-25,0.0178159023424611,15.225,220842,332642,7152207.700452903,1851768.5636989067,9003976.26415181,591.3941717012683,0.002677906248364298,0.0017778698171044796,35907762.38207069,2358.4737196762358,0.01067946187625649,0.007090126080519705,64600855.03359796,4243.077506311853,0.019213181850879148,0.012755687815464833
2016-10-26,0.0234248788368336,15.625,212516,330511,9172566.018056365,2557856.1358258324,11730422.153882198,750.7470178484607,0.003532661154211733,0.002271473620691779,48368249.72037889,3095.567982104249,0.014566281983964733,0.009366005918424044,85640981.36296923,5481.022807230031,0.025791106585998376,0.01658348075322767
2016-10-27,0.0273929471032745,16.075,201096,324062,10540946.536634382,3099106.028739348,13640052.56537373,848.5258205520205,0.0042195062087362276,0.002618405800593777,57617404.36805295,3584.286430360992,0.017823757958194058,0.011060495924733514,100852737.807746,6273.887266422767,0.031198468723509006,0.019360144868644787
2016-10-28,0.0266738000611435,16.625,188892,317246,9824224.487143252,3273346.5671860767,13097571.054329328,787.8238228168017,0.004170763308222697,0.00248332153223934,58628084.0102064,3526.5012938470018,0.018669405236044944,0.011115983476062746,99867930.89955845,6007.0935879433655,0.03180173637815983,0.01893512790687153
2016-10-31,0.0291406482307463,17.225,181132,315270,10493178.842791598,3735959.793464822,14229138.636256421,826.074811974248,0.004560623258034185,0.0026202138229906046,65772970.072494656,3818.459801015655,0.021081088935227654,0.01211171313799491,110325149.8626917,6404.943388254961,0.0353606396895908,0.020315740121974693
2016-11-01,0.0307536817788043,17.825,167921,307029,10767171.665614143,4175663.3428690326,14942835.008483175,838.3077143609074,0.004992274428814189,0.002730386101511282,71950812.49535798,4036.5112199359314,0.02403815615638265,0.013147003116760734,118425432.11151873,6643.783007658834,0.03956493236497421,0.02163894292610416
2016-11-02,0.0294117647058822,18.525,155276,299946,10049614.911199108,4163927.4268284882,14213542.338027596,767.2627442929877,0.0049412835486036975,0.002558002921502496,70657939.11259785,3814.1937442697895,0.02456396187607737,0.012716268075819612,114599313.5826593,6186.197764246116,0.03984001239242456,0.020624371601041906
2016-11-03,0.0546023965141611,19.775,149499,305313,17649477.399088748,8599485.79382599,26248963.19291474,1327.3811981246392,0.008878863391224285,0.004347607858573461,140943721.77363518,7127.368989817202,0.04767502785849539,0.02334446613743012,220891129.39561677,11170.221461219558,0.07471770019344316,0.03658613115464968
2016-11-04,-0.0108667529107372,19.325,134869,291624,-3504356.6022654437,-1712275.39971824,-5216632.001983684,-269.9421475800095,0.0020015136731199126,0.0009256513441280878,-28075295.03636389,-1452.7966383629437,0.010771909322104737,0.004981745804059143,-43932150.9312066,-2273.332519079255,0.016855856565105805,0.0077954232816203565
2016-11-07,-0.1421652048697473,16.025,120064,286172,-51662329.80983215,-16808979.414957076,-68471309.22478923,-4272.780606851123,0.03558752504373603,0.014930812961614423,-303916801.6250884,-18965.167028086642,0.1579588138666598,0.06627191698728961,-519002180.46200716,-32387.031542090936,0.2697480638833533,0.11317330675988893
2016-11-08,-0.0009140767824495,15.975,104476,280038,-340834.0248707571,-100800.63091995228,-441634.65579070937,-27.645361864833138,0.00026460968897003273,9.872003751217027e-05,-1872077.7451935727,-117.1879652703332,0.0011216735448364523,0.0004184716548123226,-3270051.5231040185,-204.69806091417956,0.001959283097689226,0.0007309653008312428
2016-11-09,-0.0555555555555554,14.875,89533,276309,-21213724.22295424,-5817325.8295120355,-27031050.052466273,-1817.2134489052958,0.020296577227450166,0.006576743605547759,-110471476.77556461,-7426.653900878293,0.08294878872458528,0.026878074550153244,-196565110.80975074,-13214.461230907613,0.14759319168248147,0.04782493958180013
2016-11-10,0.0340726454516233,15.325,77627,280920,12641541.696989607,3733693.6769020692,16375235.373891676,1068.5308563713982,0.013764938183510869,0.0038036838116595408,69378069.6554298,4527.117106390198,0.05831884661767424,0.016115325026307126,121209948.94957602,7909.295200624862,0.10188845634411818,0.028154973660205262
2016-11-11,-0.01162250116225,14.925,64142,273310,-4416456.7134865755,-1216115.6067191465,-5632572.320205722,-377.3917802482896,0.0058836921244783385,0.0013808195098909282,-23061605.855806142,-1545.1662214945488,0.024089773026948782,0.005653529770204342,-40999120.155467436,-2747.0097256594595,0.0428270045470902,0.010050893584791847
2016-11-14,-0.0112464854732897,14.475,51668,271803,-4289926.07712401,-1166342.072197687,-5456268.149321697,-376.94425902049716,0.007295507064730532,0.001386828912927735,-22194383.045828298,-1533.2907112834748,0.029675828584103794,0.005641183913656121,-39596714.86167824,-2735.524342775699,0.05294426613717773,0.010064364053287488
2016-11-15,-0.0458333333333332,13.2,49181,297078,-18229777.80904911,-4356554.5280423155,-22586332.337091427,-1711.085783112987,0.0347916021047353,0.005759718939514158,-86208262.49212916,-6530.928976676451,0.13279374101129401,0.021983886308230335,-159114713.55265737,-12054.144966110407,0.2450975979770726,0.0405756904453053
2016-11-16,0.0196399345335513,15.575,227608,303828,7762364.64039322,1880476.6341516396,9642841.27454486,619.1230352837791,0.002720128621506182,0.0020377418647516987,37037872.60872669,2378.0335543323718,0.010447934845578238,0.00782690717883925,68140008.34486972,4374.960407375263,0.019221470279494845,0.014399464194791996
2016-11-17,-0.0347721822541966,15.025,218031,293402,-14138888.21588987,-3119756.9888317883,-17258645.20472166,-1148.661910464004,0.005268342164481216,0.003914976416193495,-63291943.90961419,-4212.44219032374,0.019320381919652435,0.014357237477330555,-119454833.25050026,-7950.404875241282,0.036464561806537975,0.027097309749903823
2016-11-18,-0.0030228084638637,14.975,216141,294730,-1234575.0560859195,-269103.724089559,-1503678.7801754784,-100.4126063556246,0.00046456991665452,0.0003406935376637078,-5478322.546613723,-365.8312218105992,0.0016925581995576922,0.0012412418885440885,-10380083.281712605,-693.1608201477533,0.0032069844228894717,0.002351850236310363
2016-11-21,-0.0320987654320987,14.475,212131,293424,-13706842.881957732,-2604559.1659807907,-16311402.047938522,-1126.8671535708822,0.00531212860718557,0.003840405534553691,-55451579.495304376,-3830.851778604793,0.018058896524340114,0.01305568657848299,-109399561.52859978,-7557.82808487736,0.03562811698845223,0.02575736165029909
2016-11-22,-0.0028200789622109,14.425,207890,291710,-1197728.5817570079,-232313.8342390378,-1430042.4159960456,-99.13638932381599,0.0004768694469373995,0.00033984570060613617,-4905987.107542461,-340.10309237729365,0.0016359762007662401,0.001165894526678186,-9631576.249628782,-667.7002599396036,0.0032117959494906132,0.00228891796626651
2016-11-23,0.001406667604445,14.425,211933,298576,596021.6920391307,116205.26094874319,712226.9529878739,49.37448547576249,0.00023297214438413314,0.00016536655818204574,2447480.136579432,169.66933355836616,0.0008005800585957173,0.0005682617945125066,4802077.684798506,332.8996661905377,0.0015707778693763487,0.0011149578874073524
2016-11-25,-0.0083822296730933,14.325,207470,298688,-3576024.8567524063,-684685.5193567624,-4260710.376109169,-297.4317889081444,0.0014336134810244586,0.0009957942364880559,-14484953.909566063,-1011.1660669854145,0.004873794124381426,0.003385358859362996,-28620541.107088614,-1997.9435327810552,0.009630035825811227,0.006689065288130274
2016-11-28,0.0067274001401542,14.425,202315,299797,2844070.2783571086,558871.9637823853,3402942.242139494,235.90587467171537,0.0011660325466313192,0.0007868853746759153,11689185.165814549,810.3421258796914,0.004005348717987749,0.002702969428912535,22980990.183574148,1593.1362345631992,0.007874533448153618,0.005314049955680675
2016-11-29,-0.0077562326869806,14.275,200760,301885,-3301573.6904565846,-634750.9928224061,-3936324.683278991,-275.74953998451775,0.0013735282924114253,0.0009134257746642522,-13361007.799471252,-935.9725253570053,0.004662146470198273,0.003100427399032762,-26463852.136278406,-1853.860044572918,0.009234210224013339,0.006140947859525707
2016-11-30,0.0116618075801746,14.525,195629,304796,4950600.590047548,955274.8320298374,5905875.422077385,406.60071752684235,0.002078427623342359,0.001334009362087568,20065291.67381442,1381.431440537998,0.007061485978755696,0.004532314861540171,39734860.96363837,2735.618654983709,0.013983707195680133,0.008975244606174979
2016-12-01,0.0300464354001639,15.025,181309,294526,12277587.349182282,2653968.6347472076,14931555.983929489,993.7807643214302,0.005481144147954212,0.003374169901202034,53740538.73606603,3576.741346826358,0.019727323777784654,0.012144059766629628,102888902.06889325,6847.847059493727,0.03776893071769039,0.02325039914810145
2016-12-02,0.0046204620462044,15.075,173962,291766,1889868.4963632498,408477.3979122162,2298345.894275466,152.46075583916857,0.0008764026387324161,0.0005225446276782373,8266390.337727932,548.3509345093156,0.0031521305486791116,0.0018794202700428274,15836852.229168389,1050.5374613047024,0.006038890454839002,0.003600616457382637
2016-12-05,-0.0832025117739402,13.525,171397,301366,-36217518.016894266,-6384726.30523036,-42602244.32212462,-3149.8886744639276,0.018377735167266217,0.010452037305017578,-137510233.5766467,-10167.115236720641,0.059319096814533755,0.03373676936588946,-281479778.0192775,-20811.8135319244,0.12142460796819314,0.06905826646643748
2016-12-06,-0.0235427598922138,13.125,172229,311799,-10577336.50795262,-1675612.5437049295,-12252949.051657548,-933.5580229834322,0.00542044616750624,0.0029941020432504026,-37407679.2739402,-2850.1088970621104,0.016548368143936912,0.009140853232570054,-79322315.08048587,-6043.604958513209,0.03509051877740223,0.019383015848393383
2016-12-07,0.0098124098124099,13.325,166815,315980,4397714.991094254,702929.8911949489,5100644.882289203,382.7876084269571,0.0022946833823514496,0.0012114298640007503,15620858.260446396,1172.2970551929752,0.007027527831387916,0.003710035619953716,33075219.215621732,2482.192811678929,0.014879913746838887,0.007855537729219979
2016-12-08,0.0046868342564978,13.425,155791,309318,2094430.5128279587,337198.6877369164,2431629.2005648753,181.1269423139572,0.0011626277661351246,0.0005855687102398089,7464062.472019196,555.9823070405359,0.0035687703849422363,0.0017974456935598185,15789212.549516354,1176.1052178410691,0.007549250071191976,0.0038022527555495286
2016-12-09,-0.0224845418774592,13.025,153392,315054,-10158264.189147748,-1588132.8835949062,-11746397.072742654,-901.8347080800502,0.005879281240742999,0.0028624766169610613,-35468804.176108465,-2723.1327582424924,0.017752769102968163,0.008643384176180885,-75857817.2640477,-5824.01668054109,0.037968190521937846,0.01848577285335558
2016-12-12,0.0250000000000001,13.425,146855,315561,11205726.090062615,1787056.7354497425,12992782.825512357,967.8050521796914,0.006590208383641629,0.003066934925987975,39467100.539237134,2939.8212692169186,0.02001853031368982,0.009316174271272175,84216277.23731637,6273.093276522634,0.042716238987590714,0.019879177960909728
2016-12-13,-0.0074812967581047,13.275,135742,316245,-3324452.1435789187,-545186.6015595903,-3869638.745138509,-291.4982105565732,0.0021474430209999355,0.0009217480452072703,-11911449.176450854,-897.2843070772772,0.006610218702223904,0.002837307489690832,-25213831.254306015,-1899.346987141696,0.013992330945040562,0.006005935231044588
2016-12-14,-0.005826859045505,13.425,118237,312119,-2593946.654983369,-421920.5733382665,-3015867.2283216356,-224.64560359937695,0.0018999602797717884,0.0007197434427233746,-9230919.462100975,-687.5917662645047,0.005815368846169175,0.0022029795246829085,-19620508.048260078,-1461.4903574122964,0.01236068538116069,0.004682478020922457
2016-12-15,-0.0183231538034424,13.025,102651,305271,-8275439.747722092,-1285708.9729973557,-9561148.720719447,-734.0613221281725,0.007151039172810518,0.0024046218675477606,-28524175.530268945,-2189.955894838307,0.02133399474762357,0.007173809155924758,-61674612.45331508,-4735.095006012674,0.046128094280744214,0.015511119647829877
2016-12-16,-0.008435259384226,12.725,85986,296892,-3855362.716989472,-576897.0413662398,-4432259.758355712,-348.3111794385628,0.004050789424308176,0.0011731915290360225,-12944222.865254149,-1017.2277300789115,0.011830155258750395,0.0034262551031314804,-28396004.424967334,-2231.5131178756255,0.02595205170464524,0.0075162453615308785
2016-12-19,-0.0343758805297267,12.125,74032,301833,-16276922.23367792,-2186302.572687441,-18463224.80636536,-1522.7401902156998,0.02056867557563891,0.005044975831720521,-50692397.660260335,-4180.816301877141,0.05647309679432058,0.013851422150252427,-116081865.52871826,-9573.7621054613,0.12931924175304327,0.031718738857120655
2016-12-20,-0.0182582234458774,11.575,51802,295330,-8812759.978518503,-1116070.4267400857,-9928830.405258588,-857.7823244283878,0.016558864994177597,0.002904487605148098,-26388261.898801547,-2279.7634469806953,0.04400917815877177,0.007719376450007433,-61817786.706664845,-5340.629521094155,0.10309697542747684,0.018083599773453952
2016-12-21,-0.0140597539543056,14.025,230331,312594,-6894123.460681719,-833354.3060823196,-7727477.766764038,-550.9788068993967,0.0023921174609557406,0.0017626019913990565,-20008035.199658796,-1426.597875198488,0.006193685935451537,0.004563740427514566,-47753203.930679515,-3404.8630253603933,0.01478247836965234,0.010892285281740511
2016-12-22,0.0179110694574613,14.275,225751,310288,8626339.710059233,1092081.6769733059,9718421.387032539,680.8000971651516,0.003015712431684252,0.0021940909644109718,25716735.535982702,1801.5226294909073,0.007980131337140954,0.005805969388087542,60504330.24675549,4238.481978756952,0.01877503080277364,0.013659832087470196
2016-12-23,0.0004063801686475,14.275,215873,305330,196780.5559042513,24589.566223986218,221370.1221282375,15.50753920337916,7.183640012127111e-05,5.0789438323712576e-05,580579.1763544625,40.671045629034154,0.00018840265169351497,0.00013320356869300152,1375279.5868961075,96.34182745331752,0.0004462893805770871,0.00031553344726465636
2016-12-27,-0.0196632045981648,13.975,215434,312258,-9643716.235368246,-1159405.7112253949,-10803121.94659364,-773.0319818671657,0.003588254323213447,0.0024756194616860597,-27518203.297245167,-1969.1022037384735,0.009140164522491685,0.006306010426437348,-66702322.881919995,-4772.974803715206,0.02215516029835219,0.015285356351847528
2016-12-28,0.0414497192445124,14.625,204236,303119,19626373.095149785,2613775.9120458215,22240149.007195607,1520.693949209956,0.007445768371932254,0.005016821608707985,59734394.89392854,4084.4030696703276,0.019998448215154663,0.01347458611855518,139627041.688622,9547.148149649367,0.04674566751037705,0.031496369906371315
2016-12-29,0.0122747199220651,14.825,196569,297834,5717899.742771517,794899.4734989336,6512799.2162704505,439.31192015315014,0.002234899298226832,0.0014750227312971325,17876995.92859885,1205.868190799248,0.006134579668204284,0.004048792920886292,41188246.59494889,2778.2965662697393,0.014133950756577788,0.009328339162989247
2016-12-30,0.0172199368602314,15.125,186939,291058,7854887.527025683,17762666.35798324,25617553.885008924,1693.7225709096808,0.009060295448834544,0.005819192638270313,25617553.885008924,1693.7225709096808,0.009060295448834544,0.005819192638270313,25617553.885008924,1693.7225709096808,0.009060295448834544,0.005819192638270313
2017-01-03,-0.0767000280609858,13.775,183732,301613,-37474842.847212754,-67814932.97914127,-105289775.82635403,-7643.540894835138,0.04160157672498605,0.025342213017459918,-114384677.50543915,-8303.787840685238,0.045195109402201235,0.027531266360154363,-932925828.6230997,-67726.01296719417,0.36861305035156733,0.2245460672026543
2017-01-04,-0.0410338931911896,13.175,182149,318024,-21093864.089829955,-32555647.581692304,-53649511.67152226,-4072.0691970794883,0.022355704379818108,0.012804282686462306,-59115649.34457688,-4486.956306988757,0.024633439145912178,0.014108860674001827,-451584334.2698987,-34275.85079847428,0.18817479535146656,0.10777756017933955
2017-01-05,-0.0106172582491933,13.025,174913,321892,-5475469.589061037,-8360984.035460813,-13836453.62452185,-1062.2997024584913,0.006073303313410046,0.0033001742896949637,-15521228.170459222,-1191.6489958126083,0.00681280977293059,0.00370201494853121,-116046109.41138902,-8909.490165941575,0.050936695190989666,0.0276785075924272
2017-01-06,-0.0106505168633184,12.875,171755,333204,-5566846.106872147,-8173728.792639056,-13740574.899511203,-1067.229118408637,0.006213671324902548,0.0032029300921016467,-15662939.017299842,-1216.5389527999878,0.00708299003114895,0.0036510334593822034,-113703509.02452043,-8831.340506758868,0.0514182440497154,0.026504305190690594
2017-01-09,-0.0056562270870429,12.925,156803,341064,-2962370.1473159064,-4320861.9778760765,-7283232.125191983,-563.4995841541186,0.0035936785913159735,0.0016521813623077153,-8735075.14229529,-675.8278640073726,0.004310044221139727,0.0019815279947674705,-60130317.94775232,-4652.248970812559,0.02966938751690056,0.013640398783842794
2017-01-10,-0.0035576017578738,12.875,139147,344706,-1875551.8808572434,-2675756.323237829,-4551308.204095072,-353.4996663374813,0.00254047637633209,0.0010255106274259262,-5540536.322288025,-430.3329182359631,0.003092649631224267,0.0012484056507167359,-37285765.93338913,-2895.9818200690584,0.020812391356400485,0.008401309579958162
2017-01-11,-0.019401272556587,12.525,118848,346238,-10451020.364035938,-13997490.765251245,-24448511.129287183,-1951.9769364700346,0.016424146274821912,0.005637673901969266,-30098009.431368433,-2403.0346851391964,0.020219395237102825,0.0069404129100191095,-195816626.29241836,-15634.0619794346,0.13154669813067615,0.045154090479481164
2017-01-12,0.0052803886366035,12.475,97915,350103,2845747.8056247975,3799696.9774040505,6645444.7830288485,532.7009846115309,0.0054404430844255825,0.0015215550412636593,8306893.591210762,665.8832538044699,0.006800625581417248,0.0019019638615049568,53166011.412122406,4261.80452201382,0.04352555300019221,0.012173002008019983
2017-01-13,-0.0087563848639632,12.175,77552,353769,-4706326.8169291485,-6323687.275979992,-11030014.09290914,-905.9559829904838,0.011681916430143437,0.0025608687674456604,-14007570.635993376,-1150.5191487468892,0.014835454259682397,0.0032521762753290684,-88446484.2130992,-7264.598292657019,0.09367389999815631,0.020534863972414254
2017-01-17,-0.0033364612657698,12.175,56198,363031,-1798278.7784073788,-2391432.9964874024,-4189711.7748947814,-344.1241704225693,0.006123423794842687,0.0009479195176791219,-5637638.680721967,-463.0504049874305,0.008239624274661564,0.0012755120223546489,-33470011.42606678,-2749.0769138453206,0.04891770016451334,0.007572567945562006
2017-01-18,0.0,14.175,282109,364261,0.0,0.0,0.0,0.0,0.0,0.0,0.0,0.0,0.0,0.0,0.0,0.0,0.0,0.0
2017-01-19,0.0031584488506755,14.225,265696,350715,1690773.937636524,2294373.3671035203,3985147.3047400443,280.1509528815497,0.0010544041042452642,0.0007987994607631544,5528283.526214121,388.63153084106295,0.0014626924411397348,0.0011081120877095732,32070226.535568237,2254.4974717446917,0.008485251835724631,0.006428289271187978
2017-01-20,-0.0275069637883009,13.825,265602,355463,-15301444.026055805,-18418724.08236216,-33720168.108417965,-2439.071834243614,0.009183183237489227,0.006861675713769405,-46747277.56957137,-3381.358232880388,0.012730921577700425,0.009512546264675615,-259523398.76841033,-18772.036077281035,0.07067731446781664,0.05281009859614372
2017-01-23,-0.0178126113288209,13.575,256174,345827,-9989092.662101317,-11738374.206768855,-21727466.868870173,-1600.550045588963,0.006247901994694867,0.00462818127442034,-31218867.896290034,-2299.7324417156565,0.008977228140699902,0.006649950529356171,-165680382.45140478,-12204.816386843815,0.04764268187577121,0.035291681640947106
2017-01-24,-0.0404186214363043,13.025,256080,352482,-23718011.81120351,-24148305.070719138,-47866316.88192265,-3674.9571502435815,0.014350816737908395,0.010425942743866585,-68248812.0057159,-5239.832015793928,0.02046169953059172,0.014865530766943923,-344635445.8843524,-26459.535192656615,0.1033252701993776,0.0750663443598726
2017-01-25,-0.0205799812909263,12.725,249418,347161,-12375749.112794187,-11693932.011045953,-24069681.12384014,-1891.5270038381248,0.007583763015652939,0.005448558460881622,-34347411.679834075,-2699.2072047020883,0.010822022487158458,0.007775087652996991,-167957908.90775526,-13199.049815933615,0.05291939561673021,0.03801996715049678
2017-01-26,-0.0037993920972643,12.675,238114,344244,-2272949.7066315836,-2186655.8723646626,-4459605.578996247,-351.8426492304731,0.0014776226901000071,0.0010220734398579878,-6454756.487730722,-509.2510049491694,0.002138685692353954,0.001479331535042497,-31357195.607861035,-2473.9404818825274,0.010389731313079143,0.007186589982345451
2017-01-27,-0.0073961691636639,12.525,237151,349982,-4477344.041911705,-4155558.728443895,-8632902.7703556,-689.253714200048,0.0029063917681141885,0.0019693976095914874,-12567357.175770126,-1003.3818104407286,0.004230982835580405,0.0028669526159651884,-59780810.04074441,-4772.918965328895,0.020126075645174994,0.013637612692449598
2017-01-30,0.0220281048233954,12.875,219082,337728,12956110.035879377,13088088.456993565,26044198.492872942,2022.8503683784809,0.009233302454690393,0.005989584424088263,39744267.35897938,3086.9333871051945,0.014090310418497159,0.009140294518385193,186909523.24328408,14517.24452375022,0.06626397661035695,0.04298501907970385
2017-01-31,0.0020328959526889,12.925,208237,332358,1201177.531792993,1194432.8401634793,2395610.3719564723,185.34703071229958,0.0008900773191714229,0.0005576728428751515,3686552.144278032,285.22647151087284,0.001369720421975311,0.0008581904798767378,17080073.03211422,1321.475669796071,0.006346017613565654,0.003976060963768199
2017-02-01,-0.0220183486238532,12.675,201481,338720,-13237398.027826801,-12532004.895095773,-25769402.922922574,-2033.088988001781,0.010090723135192802,0.006002270276339694,-39748647.42000891,-3135.9879621308805,0.015564683330591373,0.009258348967084554,-179964705.860481,-14198.398884456094,0.07047016286625585,0.041917804925767875
2017-02-02,0.0166168782673636,12.925,196788,342511,9908395.32876466,9586982.927334368,19495378.25609903,1508.346480162401,0.007664829563603476,0.0044037898933535005,30509525.556307845,2360.5048786311677,0.011995166771506229,0.006891763705782201,137411543.4700993,10631.45404023979,0.054024910259974135,0.031039744826413723
2017-02-03,-0.0241316270566727,12.475,196602,351218,-14683332.80600728,-13387734.109783951,-28071066.91579123,-2250.1857247127236,0.011445385727066477,0.006406806384390104,-43920267.39834163,-3520.6627173019347,0.01790756308329485,0.010024152285195903,-192902751.93431538,-15463.14644764051,0.07865203023184154,0.04402720375277039
2017-02-06,0.0024222098006334,12.475,183913,353893,1475416.8840734828,1340365.9692442892,2815782.853317772,225.71405637817813,0.0012272871215095078,0.0006378031110481929,4538710.540397089,363.82449221619953,0.001978242387521271,0.0010280635452416394,19319616.487445965,1548.6666523002777,0.008420648090674818,0.0043760872701643656
2017-02-07,0.0022181146025876,12.575,170682,360376,1340422.165171405,1245731.03559205,2586153.200763455,205.658306223734,0.0012049208834190718,0.0005706770323876563,4228920.348437803,336.2958527584734,0.001970306492532742,0.0009331804913714383,17918646.57905736,1424.9420738813008,0.008348519901813319,0.003954042649569618
2017-02-08,0.0,12.575,156302,371601,0.0,0.0,0.0,0.0,0.0,0.0,0.0,0.0,0.0,0.0,0.0,0.0,0.0,0.0
2017-02-09,-0.0255567725447242,12.025,137571,373297,-15814447.032603009,-13648117.740021825,-29462564.772624835,-2450.109336600818,0.017809780670350713,0.006563431628437459,-48408741.18765044,-4025.6749428399535,0.02926252584367311,0.01078410740734577,-197667643.1889498,-16438.05764565071,0.11948781098960327,0.04403479708020882
2017-02-10,-0.0223422081549061,11.725,126047,389062,-14047081.528402166,-11541626.542686341,-25588708.071088508,-2182.4058056365466,0.01731422251728757,0.005609403657094619,-42016850.290443495,-3583.526677223326,0.02843008304222493,0.009210682814624213,-167965940.63883173,-14325.453359388634,0.11365168040007802,0.03682048968901778
2017-02-13,-0.0227100681302042,11.425,93271,383120,-14730397.500497483,-10992739.408278486,-25723136.90877597,-2251.4780664136515,0.024139100753864027,0.005876691549419637,-42520734.25562743,-3721.727287144633,0.03990229854021757,0.009714259989414891,-161597035.44775224,-14144.160651882034,0.15164585618125712,0.03691835626404791
2017-02-14,-0.0576294015778333,11.175,65363,395568,-38989466.36332537,-25476744.30132766,-64466210.66465303,-5768.788426367162,0.08825770583307317,0.014583556876105151,-104382827.1598073,-9340.745159714299,0.14290569832648897,0.023613500484655735,-380328132.4958735,-34033.83735980971,0.5206896464331459,0.08603789325680973
2017-02-15,0.0467479674796746,12.875,303503,432917,30465037.651515618,21834625.8847869,52299663.53630252,4062.10978922738,0.01338408447108391,0.009383114521322518,87178080.65033132,6771.113060219908,0.022309871929502866,0.015640672600567566,322421872.67473835,25042.475547552494,0.08251145968096689,0.0578459047520714
2017-02-16,0.0078994035144284,12.975,283454,416690,5121006.199476109,3745457.8649339513,8866464.06441006,683.3498315537619,0.0024107962193292806,0.0016399477586545438,14973978.374737455,1154.0638439104011,0.004071432556641999,0.002769598127889801,55181780.91772614,4252.931091924943,0.015003955110617395,0.010206463058688576
2017-02-17,0.0116316124920332,13.125,278181,416725,7525934.113903926,5553458.094149168,13079392.208053093,996.525120613569,0.003582290381491076,0.002391325503902019,22321986.1381595,1700.7227533835808,0.006113727225740007,0.004081163245266257,81738661.40312928,6227.707535476517,0.022387249795911713,0.014944405868322075
2017-02-21,0.0049423393739704,13.175,271100,412716,3158908.871214655,2410968.8574840464,5569877.728698702,422.76111792779517,0.001559428690253763,0.0010243390562221847,9906871.395991283,751.9446979879531,0.002773680184389351,0.001821942202356955,35356022.91538738,2683.5691017371823,0.009898816310354785,0.0065022172674119305
2017-02-22,0.0043532338308458,13.225,263255,414320,2770594.4858099846,2142066.705667676,4912661.19147766,371.4677649510518,0.001411056826844891,0.0008965721301193565,8837583.218233708,668.2482584675772,0.0025384067101007664,0.0016128795579928008,31369543.001462866,2371.988128655037,0.009010230113977084,0.00572501479208109
2017-02-23,0.0268187422934649,13.525,259230,419951,16619553.048192924,13892071.513941329,30511624.56213425,2255.9426663315526,0.008702475278060227,0.005371918786552604,56397158.153227866,4169.8453348042785,0.0160855045126115,0.009929361603625848,201826792.32864472,14922.49850858741,0.05756470512127227,0.035533903975910074
2017-02-24,-0.010304659498208,13.325,251201,425843,-6471036.476345269,-5209031.372708302,-11680067.849053571,-876.5529342629321,0.0034894484268093366,0.002058394606141071,-21569988.864228725,-1618.760890373638,0.0064440861715265385,0.0038013091453273575,-75964554.44769205,-5700.904648982518,0.02269459376747114,0.013387339110851928
2017-02-27,-0.005175905783512,13.275,249458,430471,-3259146.462946164,-2587144.997292869,-5846291.460239032,-440.39860340783673,0.0017654218481982407,0.0010230621886441519,-11022865.306741282,-830.3476690577237,0.0033286070964159246,0.0019289282415255004,-37783119.936964765,-2846.1860592817147,0.011409479989744625,0.006611795125064672
2017-02-28,0.0167966406718655,13.525,238271,423945,10316229.326723903,8831324.45961361,19147553.786337513,1415.7156219103522,0.005941619508502303,0.0033393851134235625,37091078.76055569,2742.4087808174263,0.011509620477596629,0.00646878434895429,128004938.62992778,9464.320785946602,0.039720825387674547,0.022324407142309974
2017-03-01,-0.0176056338028168,13.275,235095,426209,-11060256.871452913,-8858182.543549245,-19918439.41500216,-1500.4474135594846,0.006382302531144791,0.0035204498580731157,-38240163.620365426,-2880.614961986096,0.012252982675029653,0.006758691069372294,-129248072.37815347,-9736.201309088774,0.04141390207826102,0.02284372528287477
2017-03-02,-0.0014854426619131,13.275,230167,426577,-930805.396011151,-750544.7821555986,-1681350.1781667497,-126.6553806528625,0.0005502760198154492,0.000296910946096162,-3258966.841941051,-245.49656059819594,0.0010666019046961378,0.000575503509561453,-10943486.720325554,-824.3681145254654,0.0035816086342762665,0.001932518899344
2017-03-03,-0.031966849193429,12.825,225661,425633,-20641650.4992912,-15171976.223377695,-35813626.72266889,-2792.4855144381204,0.012374692633809654,0.006560782445059759,-68281519.37370017,-5324.095077871359,0.02359333282167215,0.012508652002714449,-223405895.37307182,-17419.562992052382,0.07719350260812627,0.040926251000397956
2017-03-06,-0.0109489051094889,12.675,227018,433541,-7201131.834281125,-5008076.660321099,-12209208.494602224,-963.2511632822267,0.004243060740920221,0.002221822534159922,-23450715.07898087,-1850.1550358170311,0.008149816471896639,0.0042675434060839255,-74207820.56602386,-5854.6603996863005,0.02578941052994168,0.013504283100528671
2017-03-07,0.0003058571647041,12.625,220290,431947,200994.62774266998,139900.39301912376,340895.0207617937,27.001585802914352,0.0001225729075442115,6.25113400554104e-05,659677.8889022066,52.251713972452,0.00023719512448341733,0.00012096788256997271,2072790.0058828427,164.1813866045816,0.0007452965936019865,0.00038009613819422664
2017-03-08,-0.0006080875646092,12.675,213062,429467,-396679.05384091043,-281869.5628861787,-678548.6167270892,-53.534407631328534,0.0002512621097677133,0.00012465313430677684,-1330108.0818051738,-104.93949363354429,0.000492530313399594,0.00024434821216425077,-4166308.106262719,-328.70280917260106,0.0015427566115618979,0.0007653738451909019
2017-03-09,0.002723558783477,12.775,206759,431275,1785831.790531626,1251546.9283238866,3037378.7188555123,237.75958660317121,0.0011499358509335566,0.0005512946185222219,5973874.345906013,467.62225799655675,0.002261677885831121,0.001084278611087025,18528457.099237863,1450.368461779872,0.007014777890103318,0.003362978289443793
2017-03-10,-0.016816816816817,12.525,204923,436907,-11178519.320686122,-7493835.301362244,-18672354.622048367,-1490.8067562513666,0.007274960625461108,0.0034121832706991797,-36528408.89139633,-2916.4398316484094,0.01423188139763916,0.006675195937919075,-111523836.82265776,-8904.09874831599,0.043450948640786975,0.020379849140242635
2017-03-13,-0.0252981843044899,12.125,205355,447823,-17166350.68033657,-10825912.881304279,-27992263.561640847,-2308.640293743575,0.011242191783709065,0.0051552517261140565,-54933827.385881685,-4530.624939041789,0.022062403832591313,0.01011699921406848,-162331020.16470477,-13388.12537440864,0.0651950299452589,0.029896020022215565
2017-03-14,0.0204651162790696,12.625,176530,431033,13622095.16380827,9080972.949099088,22703068.112907358,1798.2628208243452,0.010186726453431967,0.004171984095937771,45580410.17283154,3610.3295186401224,0.02045164855061532,0.008375993296662025,135234858.78604794,10711.671983053302,0.06067904595849602,0.0248511644886895
2017-03-15,-0.0254121918015428,12.275,166685,435735,-17518918.42267869,-10437315.740302855,-27956234.162981547,-2277.493618165503,0.01366345872853288,0.0052267860469448245,-54681903.15986192,-4454.737528298324,0.02672548536639964,0.010223501734536643,-157664814.36117435,-12844.38406201013,0.07705782801097957,0.029477512850723787
2017-03-16,-0.0321384425216316,11.925,152027,436707,-22629664.864915755,-12654350.046931999,-35284014.911847755,-2958.8272462765412,0.019462511568843304,0.006775314447161463,-68176106.05978273,-5717.073883419936,0.03760564822972193,0.01309132641203355,-192819819.88353628,-16169.376929437005,0.10635858715515668,0.03702568754207513
2017-03-17,-0.0014306151645206,11.775,127923,425969,-1019605.4242528651,-550479.9748394296,-1570085.3990922947,-133.34058591017364,0.0010423503663154682,0.00031302884930634305,-3021233.87802854,-256.5803718070947,0.0020057407331527145,0.0006023451749002737,-8430060.026790908,-715.9286646956185,0.0055965593731824494,0.0016807060248412878
2017-03-20,-0.0079214195183775,11.625,94307,408292,-5641657.6575924,-3053650.4174904195,-8695308.07508282,-747.983490329705,0.007931367664433234,0.0018319817442656358,-17058199.53549013,-1467.3720030529144,0.015559523715661768,0.00359392788262546,-46746464.21993608,-4021.201223220308,0.04263947769752307,0.009848836673802836
2017-03-21,0.0456062291434926,12.175,70844,396027,31241560.349195715,18881966.503980353,50123526.85317607,4116.922123464154,0.058112502448536975,0.010395559200418542,102320475.82128644,8404.145858011207,0.11862890093742881,0.021221143654375097,284687593.8209807,23382.96458488548,0.3300627376331867,0.05904386464782826
2017-03-22,0.0108892921960073,13.925,305653,396435,7420710.330927541,4552049.053711814,11972759.384639354,859.8031874067759,0.002813004247976548,0.0021688377348285997,24706757.17792966,1774.2734059554512,0.005804861741764194,0.004475572050791306,68499286.17436704,4919.158791696017,0.016093932635033902,0.012408487625199634
2017-03-23,0.0245074936374776,14.275,290655,381077,16134635.528851062,10961368.440181727,27096003.969032787,1898.143885746605,0.006530573655180902,0.004980998291018889,58055157.3903375,4066.911200724168,0.013992228589648098,0.010672150774578807,162868676.80463415,11409.364399624108,0.039253976018386434,0.029939787496028644
2017-03-24,-0.0246119937551657,13.925,278386,370993,-16513164.723469606,-10572890.032381129,-27086054.755850732,-1945.1385821077724,0.006987199723074337,0.005243060063418373,-57351226.10865462,-4118.579971896203,0.014794493875037546,0.011101503187111892,-158235130.61800092,-11363.384604524303,0.04081880771491491,0.03062964693275696
2017-03-27,-0.0247180451127819,13.575,266874,365511,-16920168.141994566,-10204666.426672459,-27124834.568667024,-1998.1461929036482,0.007487226904470455,0.00546671972362979,-57425715.36133653,-4230.255275236576,0.015851133026209285,0.011573537527561623,-153900933.51730725,-11337.085341974751,0.042481041023009924,0.031017083868815853
2017-03-28,-0.0455900740598248,12.925,274380,379219,-32892246.84380009,-16800717.218140256,-49692964.06194034,-3844.7167552758483,0.014012379748071464,0.010138512983990381,-100394185.34556285,-7767.441806233102,0.028309067010106794,0.02048273374022162,-259411652.09874254,-20070.534011508127,0.07314867705921761,0.052925971566583234
2017-03-29,-0.0005026135906713,12.925,267223,378550,-364010.7691729329,-183562.59634572812,-547573.365518661,-42.36544414070878,0.0001585396621574819,0.00011191505518612808,-1108048.1768636927,-85.72906590821607,0.00032081469749316516,0.00022646695524558466,-2839852.3692219364,-219.71778485276104,0.0008222263235303887,0.0005804194554292988
2017-03-30,-0.0088291361492925,12.825,253883,374824,-6364275.438276558,-3255768.4395316737,-9620043.877808232,-750.1008871585366,0.002954514036617405,0.0020012082661690195,-19668125.026823316,-1533.5770001421688,0.006040487154091329,0.004091458925101298,-50258949.858269244,-3918.8264996701164,0.015435560867289722,0.010455110931184012
2017-03-31,0.0274719725280274,13.275,246009,374330,19441652.434462138,10473658.509266673,29915310.943728812,2253.507415723451,0.009160264119294216,0.0060201090367415135,62547577.050507575,4711.681887043886,0.01915247770221368,0.012586973758565665,160444375.37084383,12086.205301005184,0.04912911845097205,0.032287567924038106
2017-04-03,0.0086401570937653,13.475,227551,361435,6084666.66351292,3324607.188249999,9409273.851762919,698.2763526354671,0.003068658685901038,0.0019319555456319038,20104641.807020057,1491.9956814115071,0.006556752909947692,0.0041279778699116225,50825379.55084375,3771.8277959809834,0.016575746957741267,0.010435701567310812
2017-04-04,-0.0167364016736398,13.225,225190,371358,-11948242.987774426,-6286029.4665638795,-18234272.454338305,-1378.772964411214,0.0061227095537599975,0.0037127864874628093,-38694699.50792818,-2925.875199087197,0.01299291797631865,0.00787885328735936,-96630014.00704055,-7306.617316222348,0.03244645550966894,0.019675400331276956
2017-04-05,0.0429235486104242,13.875,215892,372855,29614750.86644761,17143818.942573242,46758569.80902085,3369.987013262764,0.015609596526331516,0.009038331290348162,102992186.48339063,7422.860287091216,0.03438228506425072,0.019908168824586545,259977699.69933957,18737.131509862313,0.08678937389927516,0.05025313194100203
2017-04-06,-0.0237079184447605,13.575,204069,374628,-16644738.527972214,-9111283.820578454,-25756022.34855067,-1897.3128801878947,0.009297408622514419,0.005064525022656862,-56001163.11579178,-4125.315883299579,0.02021529915518564,0.01101176602736469,-139253251.61943483,-10258.066417637925,0.050267637013156945,0.027382006731044996
2017-04-07,0.0285631011366949,14.025,187215,372418,19318782.59933163,11785335.562110195,31104118.161441825,2217.762435753428,0.011846072353996356,0.005955035566899096,70511227.74170859,5027.538519907921,0.026854357396084293,0.013499719454773724,177473382.31671837,12654.073605470116,0.06759113108175155,0.03397814715043342
2017-04-10,0.0447972781400622,15.025,165737,363438,29238718.74157322,19803932.876665644,49042651.61823887,3264.0699912305404,0.01969427461116432,0.008981091661385271,117111746.21429005,7794.458982648256,0.04702908211593221,0.021446461246892885,294360972.7366808,19591.412494953798,0.11820783829171397,0.05390578996955134
2017-04-11,0.02738732202775,15.975,148401,370834,17037812.211296894,13205091.87092914,30242904.082226034,1893.1395356636015,0.012756918994235898,0.005105086199387331,75943699.51914191,4753.909203076176,0.03203421272819035,0.012819507388956179,193332017.21004346,12102.16070172416,0.08155039859383804,0.03263498142490753
2017-04-12,0.0255523023689112,16.275,124604,348285,15837304.047889104,12446834.11333886,28284138.161227964,1737.8886735009503,0.01394729441671977,0.004989846457645176,71770584.49001911,4409.866942551098,0.03539105440075036,0.012661661979560125,181964395.09015983,11180.60799325099,0.08972912581659488,0.03210189354480092
2017-04-13,0.0172099087353323,16.325,96344,327523,10468234.322762918,8707767.629761169,19176001.95252409,1174.6402421147986,0.012192147327439163,0.0035864358903490707,49859744.13111581,3054.1956588738626,0.031700943067278324,0.00932513337650749,126569099.57759513,7753.084200771524,0.08047293241687623,0.02367187709190354
2017-04-17,-0.0610687022900764,15.075,76621,309714,-38958731.88655751,-27731510.164909955,-66690242.05146746,-4423.896653497012,0.05773739123082461,0.014283812334918707,-168497123.36876562,-11177.255281510157,0.14587717833896918,0.036088957171810626,-409817138.343102,-27185.216473837612,0.3548011181508674,0.08777522641481371
2017-04-18,-0.00128240359073,14.725,47692,285197,-824409.4657666908,-573273.1542124518,-1397682.6199791427,-94.91902342812514,0.00199025042833442,0.00033281915107145286,-3522878.2045106855,-239.24469979699052,0.0050164534889916654,0.0008388752328986297,-8494666.039882645,-576.887337173694,0.012096102851079722,0.0020227679013934017
2017-04-19,0.0174520069808028,14.575,230632,305137,10947119.825704118,8167787.59762653,19114907.42333065,1311.4859295595643,0.005686487259181572,0.004298023279902353,49623888.768517606,3404.726502128138,0.014762593664921338,0.011158025746232472,120071900.23831293,8238.209278786479,0.035720148456356786,0.026998395077576558
2017-04-20,-0.0169840452907874,14.325,224021,302762,-10930331.090652725,-7540323.9678978715,-18470655.058550596,-1289.4000040873016,0.00575571042039497,0.004258790746815326,-46941723.81917119,-3276.9091671323695,0.014627687436143797,0.010823383275088583,-111835240.90418932,-7806.997619838696,0.03484940081438211,0.025785923001693394
2017-04-21,-0.0006980802792321,14.325,220862,303410,-447579.77664913464,-312556.7485721414,-760136.5252212761,-53.063631778099555,0.00024025695582807164,0.0001748908466368925,-1950598.2928275666,-136.1674200926748,0.0006165271531212921,0.0004487901522450638,-4629137.269941719,-323.15094380046907,0.0014631350970310377,0.001065063589863449
2017-04-24,-0.1074423480083857,12.675,234426,331115,-76316043.44614185,-37821072.90638153,-114137116.35252339,-9004.900698423935,0.03841255107549476,0.027195689408283933,-263434840.04688472,-20783.813810405107,0.08865831354203504,0.06276917025929091,-586696867.8720671,-46287.721331129556,0.1974513122739353,0.13979348966712338
2017-04-25,-0.0156188988676297,12.475,240250,347956,-11365799.678801794,-5236589.801308819,-16602389.480110612,-1330.852864137123,0.005539450006814248,0.003824773431517557,-37503910.37789131,-3006.325481193692,0.012513321461784358,0.008639958733844775,-82189920.5731466,-6588.370386624978,0.027422977675858388,0.018934492828475376
2017-04-26,-0.0049455984174084,12.375,237024,351980,-3559463.3239518264,-1689607.3128070855,-5249070.636758912,-424.1673241825384,0.0017895543243829249,0.0012050892783184795,-12044308.138328876,-973.2774253195051,0.0041062399812656315,0.0027651497963506596,-26389809.530532133,-2132.5098610531018,0.008997020812462458,0.0060586108899741515
2017-04-27,-0.0011890606420927,12.375,229640,352491,-865035.4437487144,-398098.8242187715,-1263134.2679674858,-102.0714559973726,0.00044448465422997996,0.00028957180749968823,-2879580.010426468,-232.69333417587623,0.0010132961773901595,0.00066013978846517,-6249458.422671465,-505.006741225977,0.002199123590080025,0.0014326798165796488
2017-04-28,-0.0051434223541048,12.275,226216,351922,-3740523.589179661,-1719598.1341220813,-5460121.723301742,-444.816433670203,0.0019663349792685,0.0012639631329391257,-12501830.459545821,-1018.4790598408001,0.004502241485309616,0.0028940477146663186,-26999466.09298951,-2199.5491725449706,0.009723225468335444,0.006250104206457598
2017-05-01,-0.0372572334522394,11.825,228377,366950,-28167324.20680936,-11507485.731056679,-39674809.93786604,-3355.163631109179,0.014691337705238176,0.009143380926854282,-88193856.63824937,-7458.254261162737,0.03265764179914237,0.020324987767169195,-184436555.83081302,-15597.171740449305,0.06829572041164086,0.04250489641762994
2017-05-02,0.0073861304883053,11.825,221069,373540,5561494.631398237,2293513.48094477,7855008.112343008,664.2712991410577,0.003004814330100818,0.0017783136990444336,17600909.56006874,1488.4490114223038,0.0067329612538271025,0.003984711172624896,36696537.59992161,3103.3012769489733,0.014037704413323322,0.008307815165575235
2017-05-03,0.0162271805273832,12.075,207719,369387,11971161.37357794,5237753.577567492,17208914.951145433,1425.168940053452,0.006861042755132905,0.003858200045084023,39597570.90297621,3279.3019381346758,0.015787202606091285,0.008877686378066027,82930453.39039063,6867.946450549949,0.03306364102730106,0.018592821216095717
2017-05-04,-0.0256563245823387,11.725,206300,385546,-19417352.618562557,-7875968.524089675,-27293321.142652232,-2327.7885835950733,0.011283512281120085,0.006037641639635927,-61326827.22096892,-5230.433025242552,0.025353528963851436,0.01356630084410823,-126398890.84271044,-10780.289197672531,0.05225540086123379,0.027961097243059275
2017-05-05,0.0016266775111832,11.775,196912,388112,1223933.533815973,504342.726272404,1728276.260088377,146.77505393531862,0.000745383998615212,0.0003781770569714892,3923733.4749756176,333.2257728217085,0.0016922573170843245,0.0008585814734450584,8070708.214207073,685.4104640515561,0.003480795807525982,0.0017660120378951336
2017-05-08,-0.0204288025889968,11.425,194443,406791,-15780598.940933352,-6015945.5439987155,-21796544.48493207,-1907.793828002807,0.00981158400149559,0.004689862430591648,-48691047.74808335,-4261.798489985414,0.021917983624946197,0.010476629251840414,-97684910.28173104,-8550.101556387837,0.04397227751262754,0.021018413771169562
2017-05-09,0.0,11.425,175931,413990,0.0,0.0,0.0,0.0,0.0,0.0,0.0,0.0,0.0,0.0,0.0,0.0,0.0,0.0
2017-05-10,0.0020470829068577,11.525,162632,424622,1578124.471474864,603797.4686395006,2181921.9401143645,189.32077571491232,0.0011641053157737241,0.0004458571993794771,4922662.660396096,427.1290811623511,0.002626353246362039,0.0010059042658231347,9797415.239217801,850.1011053551238,0.005227145367179422,0.0020020185137725405
2017-05-11,0.0081400081400082,11.425,140817,408429,6291161.276528878,2387502.1198014016,8678663.39633028,759.6204285628254,0.005394380142758512,0.0018598591886541489,19602340.343874045,1715.7409491355838,0.01218418904773986,0.004200830374766688,38801530.13046611,3396.195197414977,0.024117792577707072,0.008315264580661454
2017-05-12,-0.0160707111289674,11.225,125478,408494,-12444729.648919666,-4702246.832083551,-17146976.481003217,-1527.5702878399302,0.012174008892713705,0.0037395170745223435,-38828345.6169419,-3459.095377901283,0.02756734549404105,0.00846792211856547,-76485460.43199328,-6813.849481692051,0.054303140643714845,0.016680415089798263
2017-05-15,-0.0215359609914669,10.825,89897,399940,-17012678.263898287,-6022093.459603094,-23034771.72350138,-2127.923484850012,0.02367068405897874,0.005320606803145502,-51507648.840987734,-4758.212364063532,0.052929601255476064,0.011897315507484952,-99241589.89089131,-9167.814308627374,0.1019813153790157,0.02292297421770109
2017-05-16,-0.006813958290316,11.075,61471,394088,-5435749.265342069,-1868433.872253088,-7304183.137595157,-659.5199221304882,0.010728960357412247,0.0016735346474150146,-16214957.327980395,-1464.104499140442,0.023817808383472562,0.0037151714823603914,-30979524.782122362,-2797.248287324818,0.04550516971132434,0.007098029595737039
2017-05-17,0.1780538302277432,14.225,295449,384848,116097844.02197428,66539438.75325878,182637282.77523306,12839.176293513749,0.043456489253690986,0.033361681218334896,496468081.7888202,34901.0953805849,0.11812900155554731,0.09068799988718897,1010422868.5791875,71031.4846101362,0.24041876807887724,0.18457023191009492
2017-05-18,0.0032182562902283,14.275,275594,367562,2154092.5567620173,1148042.8578546862,3302135.4146167035,231.32297125160795,0.0008393614202472041,0.0006293440868523078,8767497.040505573,614.1854319093221,0.002228587820886239,0.0016709709706371227,17614305.42773576,1233.9268250602984,0.00447733559170482,0.003357057653022615
2017-05-19,-0.1057692307692308,12.725,263341,365147,-75514749.16343102,-32294432.75046155,-107809181.91389257,-8472.234335079966,0.032172105122559594,0.02320225644762237,-263792681.12344074,-20730.269636419704,0.07872025106770196,0.05677239477914293,-513366279.85871774,-40343.12611856328,0.15319728457992976,0.11048461610957583
2017-05-22,-0.0370550950755729,12.225,257357,365976,-27600203.431033246,-10256863.482208487,-37857066.91324173,-3096.6925900402234,0.012032672863144283,0.008461463566026797,-88741219.35891673,-7258.995448582145,0.028205937466562577,0.01983462152868534,-167380364.04768717,-13691.645320874206,0.053200982762754485,0.037411320198248534
2017-05-23,0.0087483176312248,12.325,258193,374732,6521380.514719508,2413286.875090185,8934667.389809692,724.9223034328351,0.0028076760540868074,0.0019345086713513527,20992823.722878024,1703.2717016533893,0.006596893415597593,0.0045453062499423305,39415007.009510204,3197.9721711570146,0.012385975495683519,0.00853402477278966
2017-05-24,-0.0279255319148935,11.975,272621,399904,-21379766.124965448,-7314995.434391459,-28694761.559356906,-2396.2222596540214,0.008789573289123073,0.005991993727629685,-65625730.59017749,-5480.228024231941,0.020102002502492257,0.013703858986736669,-121404228.64362372,-10138.140179008244,0.03718767145233949,0.02535143479187066
2017-05-25,0.0040899795501023,12.025,269910,404986,3094169.215412022,1092570.8083566597,4186740.023768682,348.1696485462521,0.0012899471992377167,0.000859707862855141,9732930.10897969,809.3912772540283,0.0029987450529955478,0.0019985660671085624,18014227.633472845,1498.0646680642699,0.005550237738743543,0.003699052974829426
2017-05-26,-0.0081190798376183,11.925,269724,411664,-6248120.277764017,-2096136.0997672267,-8344256.3775312435,-699.7279981158275,0.002594237064984308,0.001699755135537301,-19082650.892245926,-1600.2222970436835,0.005932813902521405,0.0038872048492063515,-34934566.60444379,-2929.523404984804,0.010861189234123787,0.007116297283670188
2017-05-30,-0.0108769544527533,11.825,260660,411752,-8433184.790642744,-2767115.588324695,-11200300.378967438,-947.1712794052802,0.003633742344069977,0.002300344089173289,-25777029.19855346,-2179.8756193279883,0.008362908076912407,0.005294147009189969,-46338904.95068475,-3918.723463060021,0.015033850468272927,0.009517193512259858
2017-05-31,-0.0015416238437819,11.825,248151,411186,-1185290.1735968904,-399461.2507855553,-1584751.4243824456,-134.01703377441402,0.0005400624368808267,0.00032592800770068537,-3700328.34233167,-312.92417271303765,0.0012610232185767442,0.0007610282760430503,-6651001.412102957,-562.4525507063812,0.0022665737825210506,0.001367878650310033
2017-06-01,-0.0181320561067397,11.625,250579,430328,-14271891.207912128,-4476022.719235866,-18747913.927147996,-1612.7237786793976,0.006435989363352067,0.0037476617340247383,-42691710.1834874,-3672.405177074185,0.014655678157683545,0.008533967524944194,-75712239.66118422,-6512.88083106961,0.02599132740999689,0.015134689890199128
2017-06-02,0.0038220986796386,11.625,244253,436294,3001889.802013442,947115.9662454389,3949005.768258881,339.69942092549513,0.0013907686739794195,0.0007786020915380343,9047061.775824364,778.2418731891926,0.003186212137370647,0.001783755617059122,15998956.331595473,1376.2543080942341,0.0056345441329041365,0.003154419515496968
2017-06-05,0.0103519668737059,11.775,239165,441773,8088950.25832579,2582302.332952355,10671252.591278145,906.2634897051503,0.003789281415362408,0.0020514234453104883,24833651.96206345,2109.015028625346,0.008818242755525875,0.004773979008733775,43506369.60379949,3694.8084589214004,0.01544878414032739,0.008363590484075306
2017-06-06,0.0163459901242974,11.975,223996,430747,12495628.459443005,4270213.005412369,16765841.464855373,1400.0702684639143,0.006250425313237354,0.003250330863509007,40258870.944449626,3361.909890977004,0.015008794313188648,0.007804836460792539,70889023.30392061,5919.751424126982,0.026427933642239065,0.013742989328136892
2017-06-07,-0.0080187103240894,11.875,216597,431882,-6193393.924195475,-2051317.1425378853,-8244711.06673336,-694.2914582512303,0.003205452791364748,0.0016075952650289437,-19618186.082267873,-1652.0577753488735,0.0076273345214794,0.003825252673991677,-34282100.41047275,-2886.913718776653,0.013328502789866217,0.006684496503157466
2017-06-08,-0.017632241813602,11.625,213722,439739,-13942133.954477523,-4302753.13160705,-18244887.086084574,-1569.452652566415,0.007343430496469316,0.003569054945243463,-42334260.854996264,-3641.656847741614,0.01703922313913221,0.008281405214778798,-73048212.41035867,-6283.717196589992,0.029401358758527396,0.014289651808436351
2017-06-09,0.0054533060668029,11.725,201894,435624,4246408.33486075,1368043.9424436016,5614452.277304351,478.84454390655446,0.0023717621321413932,0.0010992152496339836,13305108.912359416,1134.7640863419545,0.0056205934120972115,0.002604916364438035,23002023.800037544,1961.7930746300678,0.009716945895519767,0.004503409074408361
2017-06-12,0.0092952509717763,11.875,185868,431539,7159779.246782124,2388835.060415767,9548614.307197891,804.0938363956119,0.004326155316652742,0.0018633167254769832,23205252.62645651,1954.1265369647588,0.010513517856568956,0.004528273312411529,39859689.601162136,3356.605440097864,0.018059081929637507,0.007778220369648778
2017-06-13,-0.0330661322645291,11.425,166047,438054,-26349906.68430656,-7905328.108261332,-34255234.792567894,-2998.270003725855,0.01805675503758487,0.00684452146019864,-79963007.71093999,-6998.95034669059,0.04215041733178311,0.01597736887847295,-135089352.0185524,-11824.013305781391,0.0712088342805434,0.026992136370815906
2017-06-14,0.0008610297916307,11.475,155581,440978,688257.0553292857,204024.7180574954,892281.7733867811,77.75876020799835,0.0004997959918498939,0.00017633251592596083,2079821.8980003013,181.24809568630076,0.0011649757726605483,0.00041101391835035025,3496285.4201296815,304.6871825821073,0.0019583829810973534,0.0006909351091938993
2017-06-15,0.0109814687714482,11.525,131065,412754,8678290.988428207,2669424.5023187418,11347715.490746949,984.6173961602559,0.007512435784994132,0.0023854823845686677,26949187.908278517,2338.324330436314,0.017840951668533278,0.005665176668030628,45353320.04153432,3935.2121511092687,0.030024889567079455,0.009534037589240247
2017-06-16,-0.0091370558375636,11.325,111055,394524,-7299965.892557439,-2177990.4986899844,-9477956.391247423,-836.9056416112516,0.007535956432499677,0.0021213047662784813,-22303516.84692521,-1969.4054610971489,0.017733604620207545,0.0049918521081028,-37266670.711882636,-3290.655250497363,0.029630860839200062,0.008340824006897838
2017-06-19,-0.0180394826412525,10.875,88629,386968,-14831238.421107924,-4027843.644386102,-18859082.065494027,-1734.1684657925541,0.019566603095968072,0.004481426024354867,-43125335.41117463,-3965.5480837861733,0.044743233972922784,0.01024774163183047,-70513562.8715042,-6484.005781287743,0.0731589635591933,0.016755922405180125
2017-06-20,-0.0031061259706645,11.125,56706,355283,-2488306.9117885707,-733080.5357976503,-3221387.447586221,-289.5629166369637,0.005106389388018264,0.0008150204671683241,-7643996.279413456,-687.1007891607601,0.012116897491636865,0.0019339534657182023,-12580861.952150833,-1130.8639956989512,0.019942580956141345,0.003182994952471554
2017-06-21,0.0082815734989649,12.175,286397,381632,6689149.232996798,1913539.7249855294,8602688.957982328,706.5863620519366,0.002467156995540933,0.0018514861490963456,20232285.316188764,1661.7893483522598,0.005802397889476007,0.0043544287385550995,33071897.480451353,2716.3776164641768,0.009484658067173109,0.00711779310032748
2017-06-22,-0.0159499946114882,11.975,280345,383955,-13024590.916418161,-3621474.0211584624,-16646064.937576624,-1390.0680532423069,0.004958419280680258,0.0036203931534745134,-38817476.89269697,-3241.5429555488076,0.011562692238309254,0.008442507469752464,-63027639.372426085,-5263.268423584642,0.01877425466330643,0.013708034596722641
2017-06-23,-0.0082960375504856,11.875,282793,396633,-6839340.316417304,-1842553.7182836465,-8681894.03470095,-731.1068660800801,0.00258530750789475,0.0018432829998514498,-20047470.168762133,-1688.208014211548,0.005969765921403812,0.004256347843501544,-32322292.393548213,-2721.8772541935336,0.009624981007993598,0.006862457874643647
2017-06-26,-0.0208447613823368,11.625,280515,402524,-17564012.94260528,-4437958.3756147,-22001971.31821998,-1892.6426940404283,0.006747028479904563,0.004701937509416652,-49951963.60031074,-4296.943105403075,0.0153180511038735,0.010674998522828638,-79158135.31081007,-6809.301962220222,0.024274288227796096,0.01691651171661869
2017-06-27,0.0321608040201006,12.025,265590,391734,26138002.57254545,7302166.495684847,33440169.068230297,2780.887240601272,0.010470602208672285,0.0070989172259780155,79418081.62108088,6604.414272023358,0.024866953846241793,0.01685943592341578,126937153.25391528,10556.104220699815,0.03974586475657899,0.02694712284534867
2017-06-28,-0.0254612148020281,11.675,259738,395256,-21331335.883311883,-5438834.763880254,-26770170.647192135,-2292.9482353055364,0.008827927508895642,0.005801172494043193,-61389503.05070652,-5258.20154609906,0.020244252077474455,0.013303280775242019,-96778153.95207676,-8289.349374910214,0.03191427274757723,0.020972102573800815
2017-06-29,0.0240485383342525,12.025,247835,392779,19093988.09828161,5664384.421773032,24758372.520054642,2058.908317676062,0.008307576886541698,0.0052419001975056246,60706126.029845685,5048.326488968456,0.020369707623896772,0.012852842155432078,97051092.28560127,8070.776905247507,0.0325651215738193,0.020547882919523464
2017-06-30,0.0169764693241645,12.325,232961,392564,13726614.53227748,3898565.8681762726,17625180.400453754,1430.0349209293106,0.006138516408022418,0.0036428070860530016,42561201.24766138,3453.2414805404774,0.014823260032968941,0.0087966331108825,67497222.094869,5476.448040151643,0.023508003657915458,0.013950459135711994
2017-07-03,0.0217322502373666,12.575,221868,386897,17336628.465995073,5123930.653275613,22460559.119270686,1786.1279617710288,0.008050408178606328,0.004616546423908763,55703559.78705241,4429.706543701981,0.01996550446076938,0.011449317373104421,87868409.08182497,6987.54744189463,0.031494165187835245,0.018060484940163997
2017-07-05,-0.012163694464488,12.325,213509,386628,-9696725.345704285,-2856428.696428281,-12553154.042132566,-1018.5114841486869,0.0047703445013966015,0.002634344859008367,-31288684.426926117,-2538.6356533002936,0.01189006390035218,0.0065660936437616875,-49022314.79114247,-3977.4697599304236,0.018629049641609597,0.010287588482806273
2017-07-06,0.047049026751327,13.025,198152,375015,35619683.72917487,12146839.962753786,47766523.691928655,3667.2954849849257,0.018507486601118967,0.009779063464087905,127290043.9311403,9772.748094521328,0.04931945221103662,0.026059619200622185,201737594.79338104,15488.490963023496,0.07816469661181061,0.041300990528441515
2017-07-07,-0.0295781637717122,12.575,186199,375656,-23187789.027312692,-7120254.183885191,-30308043.211197883,-2410.1823627195135,0.012944120874545585,0.00641592936814403,-77408659.3849775,-6155.758201588668,0.03306010344625196,0.016386689422207203,-121020341.02736604,-9623.883978319367,0.05168601323486897,0.02561887465745088
2017-07-10,-0.022251709707053,12.225,175885,377176,-17869278.756021332,-5099507.053183423,-22968785.809204757,-1878.837285006524,0.010682191687787612,0.004981327775379463,-57369476.691201955,-4692.799729341673,0.02668106847850398,0.012441936203103254,-88186762.27299112,-7213.641085725245,0.041013395603520734,0.01912539791960582
2017-07-11,-0.0106216807247735,12.125,154739,375029,-8566507.04754757,-2414175.416054481,-10980682.463602051,-905.6232959671795,0.005852585941276469,0.0024148087107055175,-27362489.601714812,-2256.700173337304,0.014583913385360536,0.006017401783161579,-41876940.48574218,-3453.768287483891,0.02231995998089616,0.00920933657792835
2017-07-12,-0.0273023206972593,11.525,148867,398226,-22623305.98940956,-5851429.719703462,-28474735.70911302,-2470.6929031768345,0.01659664602078926,0.00620424809825786,-68582753.26229662,-5950.7811941255195,0.03997381014009498,0.01494322619348189,-103728954.21096264,-9000.343098565088,0.060458953955981436,0.022601093596513258
2017-07-13,-0.0109689213893966,11.075,133696,390547,-9189181.744939093,-2301719.923831787,-11490901.66877088,-1037.5531980831495,0.007760540315964198,0.002656666670293587,-27379912.51128316,-2472.2268633212784,0.018491404853707503,0.006330164777405225,-41150388.574793816,-3715.6107065276583,0.027791487453085045,0.009513863136901982
2017-07-14,-0.030706022272678,10.575,111260,390573,-26171881.76068469,-6197205.128334021,-32369086.889018714,-3060.906561609335,0.02751129392063037,0.007836964054374815,-75521044.5848349,-7141.469937100227,0.06418721856103027,0.018284597084540475,-112508436.89553449,-10639.095687520992,0.09562372539565875,0.027239711110396757
2017-07-17,-0.0101961653552034,10.275,88082,388958,-8917547.301531337,-1950850.280705226,-10868397.582236564,-1057.7515895120744,0.012008714487773601,0.002719449373742343,-24733861.900007382,-2407.1885060834434,0.027328949230074742,0.006188813460793822,-36230352.414741985,-3526.068361532067,0.040031656428465144,0.009065421874680728
2017-07-18,-0.0126708902967657,10.125,58178,384296,-11233135.631188745,-2364594.0714040888,-13597729.702592833,-1342.9856496387983,0.0230840807459658,0.0034946646585933714,-30534476.86608881,-3015.7508015890185,0.05183661868041216,0.00784746862207522,-44422609.540155515,-4387.418226188199,0.07541369978665817,0.011416767872130335
2017-07-19,-0.0212314225053078,11.525,326414,435182,-19028821.538401116,-3867017.4094267413,-22895838.947827857,-1986.6237698766035,0.006086208832576432,0.004565041223847962,-50804422.8072162,-4408.192868305093,0.013504913601454267,0.010129538602941052,-73436756.98174503,-6371.952883448593,0.01952107717024574,0.014642041452653356
2017-07-20,-0.004100129477773,11.475,329160,447982,-3709718.9480441976,-735182.7970575776,-4444901.745101775,-387.3552719042941,0.00117679934349342,0.0008646670444444065,-9787292.261507824,-852.9230728982853,0.0025912111827022886,0.0019039226417541003,-14071783.665754262,-1226.2992301310903,0.00372554146959257,0.0027373850514777164
2017-07-21,-0.0081896551724136,11.375,311395,434608,-7469792.30595676,-1438052.2775937591,-8907844.58355052,-783.1072161363095,0.0025148355501414905,0.0018018702281971557,-19433124.10315886,-1708.4065145634163,0.005486300404834427,0.003930913638413044,-27780759.584227547,-2442.264578833191,0.00784297942752193,0.005619465308584267
2017-07-24,-0.00561797752809,11.325,310363,441847,-5212043.95113703,-950386.9174831652,-6162430.8686201945,-544.1440060591783,0.001753250245870733,0.0012315213321787367,-13252101.077738654,-1170.1634505729496,0.0037703059017117043,0.002648345356136739,-18689809.296382904,-1650.314286656327,0.005317368006677108,0.003735035626939477
2017-07-25,-0.009511456982274,11.175,304550,444837,-8783183.718386652,-1628104.2690656115,-10411287.987452263,-931.6588803089273,0.0030591327542568623,0.002094382617248402,-22599134.916610513,-2022.293952269397,0.006640269092987677,0.004546146009143567,-31843057.466745034,-2849.49060105101,0.009356396654247283,0.0064056960213539115
2017-07-26,0.0075921908893707,11.275,299009,447230,7004781.985672716,1302710.3973049491,8307492.382977665,736.8064197762897,0.002464161345565818,0.001647488808390067,18103977.47589987,1605.6742772416737,0.005369986446032306,0.003590265137047322,25451341.295591526,2257.325170340712,0.007549355271382172,0.005047347383540263
2017-07-27,0.0089897260273972,11.425,283940,441255,8217566.99664482,1566352.2707095786,9783919.267354399,856.3605485649365,0.0030159912254875553,0.0019407384586348857,21596341.202839278,1890.2705647999367,0.006657288739874399,0.004283850754778839,30356749.81528022,2657.045935691923,0.009357772542410098,0.006021565615555457
2017-07-28,-0.0027437737441957,11.375,270224,438647,-2482238.960075258,-488258.67016189586,-2970497.6302371537,-261.1426488120575,0.0009663932471285211,0.0005953366803193855,-6661182.830047738,-585.5984905536473,0.0021670854200724113,0.001335010818616444,-9367685.309908833,-823.5327744974799,0.0030475930135645977,0.0018774385200342868
2017-07-31,-0.0101052631578948,11.275,261241,437836,-9216006.658161242,-1773825.4275314636,-10989832.085692706,-974.7079455159827,0.0037310680387687336,0.0022261941583514894,-24612466.285282843,-2182.923839049476,0.008355977197489966,0.004985711177357449,-34269826.68029745,-3039.452477188244,0.011634668666818164,0.006941988500690313
2017-08-01,-0.0042319085907744,11.225,253827,450424,-3904060.76789692,-722392.7702479832,-4626453.538144903,-412.1562172066729,0.0016237682248408283,0.0009150405333789339,-10217903.493253818,-910.2809348110305,0.0035862257947776657,0.002020942345014987,-14137144.115993712,-1259.4337742533373,0.00496178016622872,0.0027961071662552114
2017-08-02,0.0105708245243127,11.275,242622,448929,9721158.315668762,1824393.393792778,11545551.70946154,1023.9957170254138,0.0042205394276916925,0.0022809747577577162,25716464.680366356,2280.839439500342,0.00940079399024137,0.005080623972833882,35537236.92531899,3151.8613680992457,0.012990830873124637,0.007020845987002947
2017-08-03,0.0064489286457247,11.325,231681,450567,5853620.51576076,1141134.444762005,6994754.960522765,617.6384071101779,0.002665900126079298,0.0013708025823244443,15873036.343374245,1401.5926131014785,0.006049665760685937,0.003110730730616043,21956303.21680951,1938.746420910332,0.00836817184365715,0.004302903721112136
2017-08-04,0.0008220304151254,11.275,222361,455857,748208.5546094268,144343.40467768896,892551.9592871157,79.16203630040938,0.00035600683708208444,0.00017365541452782208,2021693.7055669138,179.30764572655556,0.0008063808209468188,0.00039334187196106576,2786596.1788532287,247.1482198539449,0.0011114728745326066,0.0005421617302222954
2017-08-07,-0.0148979591836735,11.125,214726,468344,-13739326.22840738,-2550127.808232495,-16289454.036639875,-1464.2205875631348,0.00681901859841442,0.0031263784473872513,-36576233.59518807,-3287.751334398927,0.015311379778875997,0.007019949725840253,-49854852.94260143,-4481.335095964173,0.02087001618790539,0.009568469108100398
2017-08-08,0.0300658978583197,11.525,182440,458215,26946786.283148658,5442426.206071187,32389212.489219844,2810.3438168520474,0.015404208599276735,0.006133242728527105,75595884.2965534,6559.295817488364,0.03595316716448347,0.014314886717999988,103553142.52482808,8985.088288488336,0.04924955211844078,0.019608891652364797
2017-08-09,0.0129224652087474,11.725,155159,441239,11263089.712173294,2460290.835610316,13723380.54778361,1170.4375733717363,0.007543472008531483,0.0026526158688867855,33232699.42991188,2834.3453671566635,0.018267360366827988,0.006423605726503467,45711633.12929122,3898.646748766842,0.025126784451864486,0.008835680320114137
2017-08-10,0.1905505661850839,15.525,122178,402668,143172115.18791798,45971697.801061444,189143812.98897943,12183.176359998675,0.09971661313819735,0.030256132496246722,547160268.1010125,35243.817591047504,0.28846287867740106,0.08752574724350458,773529416.8489795,49824.76114969272,0.40780468782999163,0.12373657988638959
2017-08-11,0.0045969463142343,15.425,90544,364133,3304151.0548165776,1167574.1761870768,4471725.231003654,289.90114949780576,0.0032017709566377205,0.0007961408317779651,13564797.890412841,879.403428876035,0.009712442888275701,0.00241506105976672,19247968.30254358,1247.8423534874282,0.013781612845549436,0.0034268862022596913
2017-08-14,-0.1430673642903858,12.45,70486,363720,-115944962.38367969,-26723994.30062131,-142668956.684301,-11459.353950546265,0.1625763123250896,0.03150597698929469,-358564240.45408964,-28800.34059872206,0.4085966092376083,0.0791827246198231,-488862275.152156,-39266.04619696032,0.5570758192685118,0.10795679697833586
2017-08-15,-0.0004756921320521,12.325,47223,363092,-387419.4526282355,-87566.20078241182,-474985.6534106473,-38.53838972905861,0.000816093635073134,0.00010613946253031905,-1186454.8068791274,-96.26408169404685,0.0020384999194046727,0.0002651231139602273,-1610839.915965589,-130.69695058544332,0.0027676545451462914,0.00035995546744473387
2017-08-16,-0.0075901328273245,13.075,308117,390753,-6228083.123449159,-1381098.2042595868,-7609181.327708745,-581.9641550828868,0.0018887765202273384,0.0014893402100121735,-18894390.508584894,-1445.0776679606038,0.00469002900833321,0.0036981870080603444,-25547243.082463842,-1953.9000445479037,0.006341422396517893,0.005000345600796164
2017-08-17,0.139268680445151,14.925,309376,393630,95298250.64936402,33780171.899049915,129078422.54841393,8648.470522506796,0.02795456183578169,0.02197106552474861,399168128.6730957,26744.933244428525,0.08644798964505497,0.06794434683440928,556524740.0674756,37288.08978676553,0.12052676932524026,0.09472878029308114
2017-08-18,0.0036272321428572,14.975,284528,372505,2570049.3941751053,833190.5049870666,3403239.899162172,227.26142899246557,0.0007987313339722825,0.0006100896068306883,10121585.775855731,675.8988831957082,0.002375509205405824,0.0018144692908704802,13989724.310921721,934.2052962218178,0.0032833510101705904,0.0025079000180449063
2017-08-21,-0.0537724051688203,14.125,280706,379319,-39615210.929553375,-11369186.586179566,-50984397.515732944,-3609.514868370474,0.012858702230698573,0.00951577661116494,-144428211.3840936,-10225.006115688044,0.03642603334338434,0.026956219213084616,-196341441.3109606,-13900.279030864467,0.04951899507265419,0.03664535399192887
2017-08-22,-0.0785923753665689,12.975,273841,382411,-62156239.9017245,-14184830.688645627,-76341070.59037013,-5883.704862456272,0.02148584347287759,0.015385814901915144,-195053243.69307476,-15033.00529426395,0.054896839020687004,0.03931112152700615,-260218649.35370833,-20055.38723342646,0.07323734295969726,0.05244458771694972
2017-08-23,0.0479517307081613,13.625,271378,386230,37466720.76401786,8787464.09813858,46254184.862156436,3394.8025586903805,0.012509498038493837,0.008789587962329131,119975552.48653096,8805.545136626126,0.03244752756902227,0.022798708377459353,159960023.0624629,11740.18517889636,0.04326137409405464,0.030396875382275743
2017-08-24,-0.012704174228675,13.425,262522,391017,-9639680.235989828,-2451679.362026834,-12091359.59801666,-900.6599328131591,0.0034307979247954804,0.002303377942169162,-32641652.515908442,-2431.408008633776,0.0092617304783362,0.006218164449713889,-43653834.79680403,-3251.682293989127,0.012386323028123841,0.008315961438988911
2017-08-25,-0.0203301742586364,13.075,260963,397518,-15892981.936430886,-3700470.5123433624,-19593452.44877425,-1498.5432083192543,0.0057423589103407545,0.0037697493152995696,-50916147.73738308,-3894.1604388055894,0.014922270355589067,0.009796186433835926,-67498751.12547012,-5162.428384357179,0.019782223473661705,0.012986653143649293
2017-08-28,-0.0049782202862475,13.025,254050,394958,-3917150.274965052,-892043.9432681717,-4809194.218233224,-369.2279630121477,0.0014533673017600775,0.0009348537389093212,-12466366.682976339,-957.1106858331162,0.0037674106901520025,0.002423322697180754,-16374384.164982166,-1257.1504157375944,0.0049484369838126135,0.0031829977256761337
2017-08-29,0.0098222637979419,13.175,246652,390803,7644018.755430741,1805782.8479618148,9449801.603392556,717.2524936161333,0.0029079532848553156,0.001835330060455353,24977079.714650117,1895.7935267286616,0.007686106444418296,0.004851020915214729,32804881.076523773,2489.9340475539866,0.01009492745874344,0.006371327875052102
2017-08-30,0.0015398829688941,13.175,237827,388986,1204411.1895496112,279652.02535504906,1484063.2149046604,112.64236925272564,0.00047363154415909736,0.00028957949451323606,3901354.5131361783,296.1179896118541,0.0012450982840966505,0.0007612561624630555,5105026.311844052,387.4782779388275,0.0016292442739420986,0.0009961239683146115
2017-08-31,-0.0337319840539712,12.625,238819,407121,-27127433.115397364,-5793886.573168972,-32921319.688566335,-2607.62928226268,0.010918851859620382,0.006405047350204682,-83498082.61353642,-6613.709513943479,0.02769339756863348,0.01624507090998371,-108371900.4454889,-8583.912906573378,0.035943174146836634,0.02108442675905536
2017-09-01,0.0018975332068309,12.625,234291,422099,1528098.8917473145,323687.9011278563,1851786.7928751707,146.67618161387492,0.000626042748606967,0.00034749236935855077,4690622.109230405,371.5344244934974,0.0015857818887345114,0.0008802068341633063,6069484.977174375,480.75128532074257,0.002051940899653604,0.001138953859925616
2017-09-05,0.0292498820569271,13.175,223372,424684,22208907.47527829,5534363.833724783,27743271.309003074,2105.7511429983356,0.009427104305814227,0.004958395284489964,76542656.68764356,5809.689312155108,0.02600903117738619,0.013680028708769599,99080525.43681486,7520.343486665264,0.03366735081686722,0.01770809233845698
2017-09-06,0.0064004876562024,13.175,202684,402463,4991987.159840696,1156330.81207681,6148317.971917505,466.66550071480117,0.0023024289076335634,0.001159523982862527,16433100.266321234,1247.2941378611943,0.006153885545288204,0.00309915231427782,21122960.99256933,1603.2607963999492,0.007910149772058717,0.003983622833403193
2017-09-07,-0.0140398550724638,12.825,192238,398156,-11007946.6154962,-2516619.7462905855,-13524566.361786785,-1054.5470847397103,0.00548563283398553,0.002648577654838079,-36017334.666221775,-2808.3691747541343,0.014608813942894403,0.007053439292021555,-46143561.03435387,-3597.9384822108277,0.018716062808658163,0.009036504491231646
2017-09-08,0.0231848688224527,13.275,178469,392475,17745669.102107123,4349905.644997191,22095574.747104313,1664.450075111436,0.009326269969078305,0.004240907255523119,60952844.917203695,4591.551406192369,0.025727445137207965,0.01169896530019076,78222742.77058122,5892.485331117229,0.03301685632304338,0.015013657764487494
2017-09-11,-0.0578094813493831,12.075,178285,419816,-46774727.37307669,-9612596.533014448,-56387323.90609114,-4669.757673382289,0.026192655991150622,0.011123343734832139,-144327125.77509275,-11952.55700000768,0.06704185433439538,0.028470942031765537,-181917080.29948953,-15065.596712173046,0.08450288421444904,0.035886189931239036
2017-09-12,-0.0207156308851225,11.875,164069,435537,-17185163.53589512,-3272438.6479246845,-20457602.183819804,-1722.7454470585099,0.01050012767225076,0.003955451424467979,-50688330.83031809,-4268.4910172899445,0.02601643831125895,0.009800524449794035,-63441919.47805957,-5342.477429731332,0.03256238186209054,0.012266414632353468
2017-09-13,-0.0328548644338118,11.525,148487,438751,-28207680.78381759,-4820178.6096775755,-33027859.393495165,-2865.7578649453503,0.019299722298553746,0.0065316269705262215,-78135411.59662132,-6779.645257841329,0.04565817383233097,0.015452147705284613,-96915598.70064661,-8409.162577062612,0.056632315132386084,0.019166138828316318
2017-09-14,0.0059093893630992,11.475,132045,440424,5004793.255031538,891704.8451109733,5896498.100142512,513.8560435854041,0.0038915221597592043,0.0011667303407293973,14243625.777185263,1241.2745775324847,0.009400390605721419,0.0028183627085092656,17673065.830543913,1540.1364558208204,0.011663724153287291,0.0034969403479847157
2017-09-15,-0.0102289332683875,11.125,117197,434669,-8825172.742648838,-1488641.048564215,-10313813.791213052,-927.084385727016,0.007910478815387902,0.0021328514012432815,-24369047.125885352,-2190.476146146998,0.018690547933368586,0.005039411934476574,-30067114.69399575,-2702.6619949659103,0.02306084622444184,0.0062177472857873695
2017-09-18,-0.0388127853881277,10.675,98225,450841,-34934145.79274933,-5149782.188993586,-40083927.98174292,-3754.934705549688,0.03822789214099962,0.008328733867482523,-89897660.18039694,-8421.326480599246,0.08573506215932039,0.018679149590652238,-109290792.56307906,-10238.01335485518,0.10423021995271245,0.022708700750054187
2017-09-19,0.0005059875189745,10.825,75916,439855,455270.9625496484,67344.5254481995,522615.48799784796,48.278567020586415,0.000635947191904031,0.00010976018692656993,1176299.4620121033,108.66507732213425,0.0014313857068619824,0.00024704749820312206,1427333.9919567415,131.85533412995304,0.0017368582924542,0.0002997700017732049
2017-09-20,-0.0120724346076459,12.275,356877,459352,-10851484.884926155,-1608918.253926764,-12460403.138852919,-1015.1041253647999,0.002844408929028208,0.0022098611203713054,-28133213.04062467,-2291.911449338059,0.0064221326937237725,0.004989444803414503,-34069883.45796245,-2775.550587206717,0.007777331089441788,0.006042317410627834
2017-09-21,0.0042613636363635,12.325,350561,462144,3833807.738405516,567167.1752590728,4400974.913664589,357.07707210260355,0.0010185875556682105,0.0007726532684674118,9948022.966264151,807.1418228206207,0.0023024290289582147,0.001746515853977593,12020316.389688138,975.2792202586725,0.002782052824640141,0.002110336216111585
2017-09-22,0.0084541062801934,12.425,340013,460090,7554167.549387415,1139652.4351671718,8693819.984554587,699.7038216945342,0.0020578737333411786,0.0015207977171738881,19860360.11185593,1598.4193248978618,0.004701053562357504,0.0034741448953419154,23974348.579809062,1929.525036604351,0.005674856657258255,0.004193799118877505
2017-09-25,-0.0039761431411532,12.375,329012,459341,-3551288.2521843314,-535533.6565248668,-4086821.9087091982,-330.2482350472079,0.00100375741628636,0.0007189609354427493,-9393487.744057663,-759.0697166915284,0.0023071186360726307,0.0016525189710727506,-11267589.061374035,-910.5122473837604,0.0027674134906439897,0.001982214188116803
2017-09-26,-0.0079522862823061,12.275,320097,461824,-7176736.135436417,-1048099.1299689778,-8224835.265405394,-670.0476794627613,0.0020932644775263787,0.0014508723657990085,-18682461.672547337,-1521.9928042808422,0.004754786218805056,0.0032956121905332813,-22323264.94021897,-1818.5959218100993,0.005681390084287261,0.003937854944329656
2017-09-27,-0.0059880239520957,12.175,317636,467508,-5450273.6927084215,-777917.7374275308,-6228191.430135952,-511.5557642822137,0.0016105094015861354,0.0010942182043563184,-14037001.30628498,-1152.9364522616002,0.0036297411258849758,0.0024661320282467897,-16716777.389243875,-1373.0412640036036,0.004322687806179412,0.0029369364032350324
2017-09-28,-0.0175929628148739,11.925,310089,470035,-16238849.44098701,-2224358.768607738,-18463208.20959475,-1548.2774179953667,0.0049930098068469595,0.0032939619772897055,-40970808.234536745,-3435.7071894789724,0.011079745458494085,0.007309470974457163,-48583672.94885536,-4074.102553363133,0.013138494281845318,0.008667657841146155
2017-09-29,-0.015998379910895,11.675,301724,476610,-15039719.807584746,-1942592.8282349007,-16982312.635819647,-1454.5878060659227,0.0048209217896684475,0.003051945628639606,-36838548.017075405,-3155.3360185931824,0.010457689870852774,0.006620373090353082,-43457293.144160666,-3722.252089435603,0.012336612564580886,0.007809848910924242
2017-10-02,-0.0261972984036021,11.375,286387,479384,-25092461.634036656,-3054367.917027913,-28146829.55106457,-2474.4465539397424,0.008640219541877747,0.005161721196242975,-59927276.75347704,-5268.332022283696,0.01839584905140141,0.01098979528370512,-70060172.96294188,-6159.136084654232,0.021506339619655333,0.012848021804345227
2017-10-03,0.0037625418060198,11.375,272655,473507,3619707.8744209087,434908.08644746075,4054615.9608683693,356.44975480161486,0.0013073288764248404,0.0007527866637697327,8603253.199573793,756.3299516108829,0.0027739449179765008,0.001597294129993607,10031886.5561347,881.9240928470067,0.0032345788371642066,0.0018625365471830546
2017-10-04,-0.0020703933747411,11.325,259759,470420,-1990343.671767455,-241023.0202070276,-2231366.6919744825,-197.0301714767755,0.0007585114335856525,0.0004188388492767644,-4758918.614614109,-420.2135642043363,0.0016177055047345281,0.0008932731690921651,-5540823.166222051,-489.2559087171789,0.0018834993540827417,0.0010400406205458503
2017-10-05,-0.032171581769437,10.825,252007,479696,-31892273.97506521,-3491119.8447699733,-35383393.819835186,-3268.6737939801556,0.01297056746034894,0.006814052637462383,-72590759.892596,-6705.843869985774,0.026609752387774046,0.013979361658187216,-83926337.3699604,-7753.010380596804,0.030765059623727928,0.016162341108945672
2017-10-06,0.0025391451544645,10.825,236880,477072,2515573.146407232,275686.6331761143,2791259.7795833466,257.8530974210944,0.0010885389117742924,0.0005404909477418385,5739539.778212851,530.2115268556906,0.0022383127611266913,0.0011113868071395735,6624023.777801702,611.9190556860694,0.002583244915932411,0.0012826555649588939
2017-10-09,0.0142497904442582,11.125,218137,465513,13851728.39459956,1611000.352812744,15462728.747412305,1389.9082020145893,0.006371721450348126,0.002985755933807626,32745210.86968892,2943.3897410956333,0.013493308063719742,0.0063228948302101835,37691787.024828166,3388.0257999845544,0.015531642041398544,0.0072780476592158635
2017-10-10,-0.0221765913757699,10.925,189381,463393,-22017414.95055425,-2397356.8300918145,-24414771.780646067,-2234.7617190522715,0.011800348076376572,0.004822605691178485,-50441089.9664823,-4617.033406543002,0.024379602000955753,0.009963537227672842,-57772447.20192913,-5288.09585372349,0.027923053810696374,0.011411686956262806
2017-10-11,-0.0125260960334027,10.775,166692,461873,-12694934.504740704,-1295780.4186388077,-13990714.92337951,-1298.44222026724,0.007789469322266455,0.0028112537867925596,-28230802.762307975,-2620.028098590067,0.015717779489058066,0.005672615845892848,-32178055.18081797,-2986.3624297742895,0.017915451430028373,0.0064657653289416995
2017-10-12,-0.0100882723833546,10.575,141807,461652,-10298098.795741156,-1032297.9752191934,-11330396.77096035,-1071.432318766936,0.007555567205899117,0.0023208657576853043,-22743452.976378664,-2150.681132518077,0.015166255068636083,0.004658663089335857,-25856104.66876548,-2445.02171808657,0.017241897213018893,0.005296244179786008
2017-10-13,-0.0181434599156118,10.275,120319,460313,-18859222.862734687,-1788112.9054892813,-20647335.768223967,-2009.4730674670527,0.016701211508299212,0.004365449308333792,-40645300.12470134,-3955.7469707738533,0.032877159640404705,0.008593602550381704,-46010607.63497576,-4477.918018002507,0.03721704816365252,0.00972798512751651
2017-10-16,-0.0153649167733674,10.275,90943,451494,-16239149.970627097,-1461747.2906489044,-17700897.261276003,-1722.7150619246718,0.018942800016765137,0.0038155879412011496,-34349486.51298224,-3343.0157190250357,0.03675946163008737,0.00740434140658577,-38597747.21859004,-3756.471748767887,0.04130578217969373,0.008320092290856328
2017-10-17,0.0045239121068505,10.375,57218,441145,4773601.992681721,432517.3799162435,5206119.3725979645,501.7946383226954,0.008769873786617767,0.001137482320603646,10144293.330415893,977.7632125702066,0.017088384993711885,0.0022164213865513756,11383079.237359911,1097.1642638419191,0.019175159282776733,0.0024870830766344832
2017-10-18,-0.0127931769722814,11.575,376684,504254,-13553154.17131572,-1211805.2771411466,-14764959.448456867,-1275.5904491107444,0.003386367483383272,0.002529658563166072,-28676433.051053286,-2477.445619961407,0.006576986598744324,0.004913090664548833,-32106659.418816786,-2773.7934703081455,0.007363714599792254,0.005500786251191157
2017-10-19,-0.0086114101184068,11.475,372068,505808,-9183415.289022218,-803514.5453674835,-9986929.834389701,-870.320682735486,0.002339144142295188,0.001720654245752313,-19274200.327640243,-1679.6688738684309,0.0045144136928422516,0.0033207637559477723,-21524699.320885256,-1875.7907904910899,0.005041526792121574,0.003708503603128242
2017-10-20,-0.0125541125541126,11.325,364048,507201,-13619639.485217873,-1129221.4174157619,-14748860.902633635,-1302.327673521734,0.0035773515402412154,0.002567675681873131,-27959502.169680327,-2468.830213658307,0.006781606309218309,0.0048675578590308514,-31104892.947548583,-2746.568913690824,0.0075445241113557115,0.005415148853592213
2017-10-23,0.0386631716906948,11.775,335653,482420,40661426.30664533,3701025.334077081,44362451.64072241,3767.511816621861,0.011224424678527708,0.007809609503382656,87459294.53715685,7427.540937338162,0.022128629678084693,0.015396420001944699,97181477.95150399,8253.204072314564,0.02458850083960091,0.017107922707007513
2017-10-24,0.010062893081761,11.925,319194,470595,10462903.1744118,982249.3402324523,11445152.514644252,959.7612171609436,0.00300682724976329,0.0020394632691825105,22868235.309640355,1917.6717240788557,0.006007856426119713,0.004074993835631181,25398179.821283784,2129.826400107655,0.006672513894708719,0.004525816041623169
2017-10-25,0.0072463768115942,12.025,300171,456417,7282286.828498711,753883.3961159418,8036170.224614653,668.2885841675387,0.0022263595889261078,0.0014642061627142256,16711149.749812892,1389.700602895043,0.004629696416026342,0.0030448046477126027,18597014.863986418,1546.529302618413,0.005152160943656826,0.0033884130140165968
2017-10-26,0.0053322395406067,12.075,285197,453766,5381655.581763658,551601.3581394218,5933256.9399030795,491.36703436050345,0.0017229039378412235,0.0010828643714172138,12310505.38932724,1019.5035519111585,0.0035747344884804488,0.0022467605592114844,13670985.058537725,1132.1726756552982,0.003969791672616817,0.0024950584126075957
2017-10-27,-0.0472120472120471,11.425,281979,462159,-50338598.195618205,-4346827.613455097,-54685425.8090733,-4786.470530334644,0.01697456381622264,0.010356761483244173,-106407074.39953688,-9313.529487924454,0.03302915993008151,0.020152219231745903,-117232535.7324246,-10261.053455792087,0.0363894242329822,0.022202431318641608
2017-10-30,0.0110685398041718,11.575,261154,448220,11704976.811968824,1034089.5579803997,12739066.369949223,1100.5672889804944,0.004214246341164579,0.0024554176274608325,25121304.919540856,2170.3071204786916,0.008310449468431238,0.004842057740570906,27565167.791170783,2381.439981958599,0.009118910611970711,0.005313105131316316
2017-10-31,-0.0195173137460649,11.275,258686,457628,-21009443.524737105,-1762452.2676637003,-22771895.792400803,-2019.6803363548383,0.0078074589902617005,0.004413367049994402,-44120976.29132701,-3913.1686289425284,0.015127098601944165,0.00855098164653939,-48250798.42062749,-4279.44997078736,0.01654302888748274,0.009351372666854652
2017-11-01,0.0085287846481874,11.375,244746,466956,9126089.59346788,776701.5777569085,9902791.171224788,870.5750480197615,0.003557055265539627,0.001864362055567894,19319952.473584816,1698.4573603151487,0.006939673622102705,0.0036372963626447644,21104904.615862206,1855.3762299659081,0.0075808235066800195,0.003973342734574367
2017-11-02,-0.0094776748104465,11.125,240976,476111,-10252627.84628881,-845238.5308963772,-11097866.377185186,-997.5610226683314,0.004139669604725497,0.0020952278411301806,-21433175.51937259,-1926.5775747750642,0.007994893992659286,0.004046488265919217,-23352109.13860608,-2099.0659899870634,0.00871068483993038,0.004408774403420764
2017-11-03,-0.0025391451544647,10.975,234417,480727,-2752872.1366164004,-225099.18365738794,-2977971.320273788,-271.3413503666322,0.001157515668089909,0.0005644395891361046,-5743141.8798858,-523.2931097845832,0.0022323172371653214,0.0010885452861698701,-6245900.163451619,-569.1025205878469,0.0024277357042699417,0.0011838372310851001
2017-11-06,-0.0156085214089853,10.725,222113,483476,-17064761.971984267,-1357959.0597980046,-18422721.031782273,-1717.7362267396059,0.007733614091654274,0.0035528883062232786,-35344122.66174485,-3295.489292470382,0.014836994198765413,0.006816241742031419,-38227834.19353911,-3564.3668245724116,0.01604753807553998,0.007372375928841166
2017-11-07,0.0097955706984667,10.875,191365,466820,10657416.652551498,861463.9767468413,11518880.62929834,1059.2074141883531,0.00553501117857682,0.0022689846497329874,22259465.342453167,2046.8473878117854,0.010696038396842607,0.004384660871024775,24049562.794645637,2211.4540500823573,0.011556209599886904,0.0047372735745734055
2017-11-08,0.0,10.875,170978,467960,0.0,0.0,0.0,0.0,0.0,0.0,0.0,0.0,0.0,0.0,0.0,0.0,0.0,0.0
2017-11-09,0.0075031263026259,11.125,141166,470604,8052676.283597041,679316.2880053179,8731992.57160236,784.8982086833581,0.0055601080195185676,0.0016678528203826531,17195838.934165705,1545.6933873407374,0.010949473579620712,0.0032844884177370727,18543585.17024267,1666.8391164263076,0.011807652808936342,0.0035419144682712167
2017-11-10,0.0233635240839853,11.6,113166,460418,24446869.902569093,2211680.7960448037,26658550.698613897,2298.1509222943014,0.02030778610443332,0.004991444561885724,53998875.3594944,4655.075462025379,0.04113492976711538,0.010110541859843402,58251814.75118693,5021.70816820577,0.044374707670199263,0.010906845883970152
2017-11-13,0.0146263273893008,11.625,84899,444461,15263471.03236267,1398378.361648092,16661849.394010762,1433.2773672267322,0.016882146635728713,0.0032247539541753545,34079438.638091646,2931.564614029389,0.03453002525388272,0.0065957746889589615,36598964.12622914,3148.297989353044,0.037082863041414435,0.007083406619147786
2017-11-14,-0.0057990957342245,12.05,53587,425258,-6000540.40355173,-560928.381066877,-6561468.784618608,-544.5202310886812,0.010161424059728688,0.0012804467666420883,-13548925.30863034,-1124.392141795049,0.020982554384366525,0.0026440234911396117,-14534616.667816946,-1206.192254590618,0.022509046122951796,0.002836377574532679
2017-11-15,0.039447731755424,13.175,365972,484568,39251612.76112502,4106305.8193924986,43357918.580517516,3290.9236114244795,0.008992282500913948,0.006791458807483118,93855965.48760928,7123.7924468773645,0.01946540294579193,0.01470132663914531,100799446.9373344,7650.811911752136,0.020905457006962655,0.015788933465998863
2017-11-16,-0.0373404758153457,12.675,359141,487535,-38787351.75031241,-3570008.5198434405,-42357360.27015585,-3341.803571609929,0.009304990439994122,0.006854489568153935,-87211919.1957058,-6880.624788615843,0.019158561090535035,0.014113088883087046,-93220473.8181315,-7354.672490582368,0.020478509806962635,0.015085424616863134
2017-11-17,-0.0042372881355934,12.625,351593,488260,-4461810.5660008155,-392626.0345220505,-4854436.6005228665,-384.50982974438546,0.001093621971269011,0.0007875104037692735,-9837217.731897408,-779.185562922567,0.0022161577816468673,0.0015958414838867958,-10487145.705554958,-830.6650063805907,0.002362575496043979,0.0017012759725977772
2017-11-20,-0.0420537897310514,12.075,347451,494225,-45732732.008297764,-3646333.3249611785,-49379065.33325894,-4089.363588675689,0.011769612373185539,0.008274295287926933,-96845350.71187612,-8020.318899534254,0.023083309299827184,0.016228072031026868,-102541304.95731018,-8492.033536837282,0.024440952931024176,0.01718252524019886
2017-11-21,-0.0365853658536585,11.625,336948,494267,-41264366.891938746,-2930659.846770729,-44195026.73870947,-3801.7227302115675,0.011282817319620735,0.007691637779199436,-83262204.31625757,-7162.34015623721,0.021256514821982056,0.01449083219441559,-87816047.10137051,-7554.068567859829,0.022419093058453618,0.015283376328704586
2017-11-22,-0.0117235345581803,11.475,328642,493967,-13342797.434037756,-919761.3979344239,-14262558.83197218,-1242.9245169474666,0.0037820014390962404,0.002516209619159714,-26630881.94726041,-2320.7740259050465,0.007061708564045516,0.004698236979201134,-28030355.816574372,-2442.7325330348035,0.007432806923749258,0.004945133041346494
2017-11-24,-0.0042283298097248,11.425,324920,497335,-4833973.574964755,-329487.44079151534,-5163461.015756271,-451.9440714009865,0.001390939527886823,0.0009087316826706073,-9630981.27542286,-842.9742910654581,0.0025944056723669153,0.0016949828406716964,-10106249.388153348,-884.5732506042318,0.002722433985609479,0.0017786265808845785
2017-11-27,-0.0047535211267606,11.325,308374,482144,-5442016.895799579,-369011.3789433831,-5811028.274742962,-513.1150794475021,0.0016639375545522714,0.0010642361606646607,-10865169.657456368,-959.3968792455954,0.003111147111123491,0.0019898554772964,-11352315.814826338,-1002.4119924791468,0.003250637188865296,0.0020790717969717486
2017-11-28,-0.0070372976776916,11.275,304197,485515,-8165951.851586064,-530951.0044194104,-8696902.856005475,-771.3439340137893,0.0025356723899768547,0.0015887128801659873,-16051791.386050245,-1423.6622071884917,0.00468006655946144,0.002932272344188113,-16736480.708667025,-1484.38853291947,0.004879694845509554,0.003057348450448431
2017-11-29,0.0169222633527235,11.475,292166,480119,19212065.91359948,1333608.6745417297,20545674.58814121,1790.472730992698,0.006128272047372719,0.0037292269853779958,38838609.9500649,3384.6283180884443,0.011584607100375965,0.007049561292280548,40481687.976584986,3527.815945671894,0.012074697075196615,0.007347794912661016
2017-11-30,0.0131079682649191,11.675,286700,484927,14830385.483492613,1039193.0189499956,15869578.502442608,1359.2786725860906,0.0047411184952427295,0.0028030583419485625,30141148.640277818,2581.6829670473508,0.009004823742753229,0.005323858987120434,31376597.995493405,2687.503040299221,0.00937392061492578,0.00554207755043382
2017-12-01,0.0181325199118791,11.875,267583,474556,19956975.91151827,1516628.1530216371,21473604.064539906,1808.3035001717815,0.0067579162359783,0.003810516567426777,42055621.51365687,3541.5260222026836,0.01323524297957151,0.007462820030096941,43770789.634416625,3685.961232371926,0.013775020208204281,0.007767178651986122
2017-12-04,0.0,11.925,256240,476166,0.0,0.0,0.0,0.0,0.0,0.0,0.0,0.0,0.0,0.0,0.0,0.0,0.0,0.0
2017-12-05,-0.0039590894094357,11.875,239774,469788,-4410642.174960477,-323209.1432899927,-4733851.31825047,-398.6401110105659,0.0016625660455702699,0.0008485532006150985,-9201474.384833047,-774.861000828046,0.003231630622286178,0.0016493844049401986,-9516836.013062406,-801.4177695210448,0.003342388121819066,0.0017059136664219706
2017-12-06,-0.0095646437994723,11.725,224812,463032,-10668963.664624633,-778012.2629129292,-11446975.927537562,-976.2879255895575,0.004342686002480106,0.0021084675045991586,-22242467.78073348,-1897.0121774612776,0.008438215831278035,0.004096935368314236,-22970609.4599813,-1959.1138132180213,0.008714453913572324,0.004231054901643993
2017-12-07,-0.0363003480855295,11.175,216686,464354,-41820139.76472015,-2766609.5350603615,-44586749.29978051,-3989.8657091526184,0.018413121794451964,0.00859229318397735,-83810544.34578773,-7499.8249973859265,0.03461148850126878,0.01615109377196261,-86333712.44816247,-7725.611852184561,0.03565348869878331,0.016637332406277454
2017-12-08,-0.027378507871321,10.875,205030,473528,-32508028.602612335,-1946236.6123367548,-34454265.21494909,-3168.208295627502,0.01545241328404381,0.006690646161636698,-62704458.9023572,-5765.927255389168,0.028122358949369205,0.01217652864326749,-64434062.59750463,-5924.971273333759,0.028898069908470755,0.0125123989992857
2017-12-11,-0.0343077192368282,10.325,194507,475922,-42173470.65379732,-2277030.2112532062,-44450500.865050524,-4305.1332556949665,0.02213356463106709,0.009045879904049333,-78571018.24632579,-7609.783849523079,0.03912344465506681,0.015989560998489413,-80346074.06384878,-7781.702088508357,0.04000731124591072,0.016350792962940053
2017-12-12,0.001081081081081,10.375,175835,472199,1325580.6510446314,72007.09090594054,1397587.741950572,134.7072522361997,0.0007661003340415714,0.0002852764453889138,2478181.533796586,238.86087072738178,0.0013584375734488684,0.0005058478961780558,2531121.2872876013,243.96349756988928,0.001387456977108592,0.000516653990308936
2017-12-13,0.0026843235504652,10.525,151198,465501,3302182.665358798,178002.43324981557,3480185.0986086135,330.6589167324098,0.00218692652503611,0.0007103291222412193,6163922.437108768,585.6458372549898,0.0038733702645206273,0.0012580979144083252,6287312.659568546,597.3693738307408,0.003950907907715319,0.0012832826864619855
2017-12-14,-0.0092329545454544,10.375,138640,452714,-11418311.8155315,-605179.2652454451,-12023491.080776945,-1158.8907065809103,0.00835899240176652,0.0025598737979848434,-21210342.065049216,-2044.370319522816,0.014745890937123602,0.004515809803811713,-21605192.39388613,-2082.4281825432413,0.015020399470161868,0.004599875821254128
2017-12-15,-0.03475935828877,9.925,124951,438962,-44391238.90713659,-2124658.139854542,-46515897.04699113,-4686.7402566237915,0.037508625434160524,0.010676870108628517,-79681310.44604416,-8028.3436217676735,0.0642519357329487,0.018289381818398117,-81007926.9820063,-8162.00775637343,0.06532166814490024,0.018593882286788904
2017-12-18,-0.0124862284245317,9.875,93939,428007,-16181571.880715009,-741874.3619784022,-16923446.24269341,-1713.7667081208515,0.018243399526510305,0.004004062335711452,-28734094.076177076,-2909.7816786002104,0.03097522518443043,0.006798444134325398,-29102131.260789886,-2947.0512669154314,0.03137196762702851,0.006885521187539997
2017-12-19,0.0007397817643794,10.075,76841,425185,953010.7801415176,44390.49161219992,997401.2717537176,98.99764483907866,0.00128834404600511,0.00023283428352147573,1703167.2616608422,169.04885971819775,0.002199982557725664,0.00039758895473311086,1723104.1540310998,171.02770759613892,0.0022257350580567525,0.0004022430414905016
2017-12-20,0.0088300220750552,11.425,334822,439448,11425588.651330255,526200.7949986763,11951789.44632893,1046.1084854554863,0.003124372010965487,0.0023805057377789553,20366371.92176459,1782.6146102200953,0.005324066549450441,0.004056485887340699,20579699.364803802,1801.2865964817333,0.005379833453243017,0.0040989755249352215
2017-12-21,-0.0169122357463165,11.225,318797,429918,-22034484.82745661,-993881.7982819239,-23028366.62573853,-2051.524866435504,0.006435207566054586,0.004771898051338869,-39054461.58947362,-3479.2393398194763,0.010913651445338181,0.008092797556323476,-39414598.55495081,-3511.322811131475,0.011014290633636688,0.008167424511491668
2017-12-22,0.0165953584856735,11.425,299874,416869,21498492.51247422,984063.6140848933,22482556.126559112,1967.8386106397472,0.0065622181670960044,0.004720520380838459,38333055.95829563,3355.190893505088,0.011188668885949058,0.008048549768644556,38643850.0726434,3382.3938794436235,0.011279383605926568,0.008113805246836832
2017-12-26,-0.0071093055731877,11.325,290364,413192,-9202635.765775178,-421145.1448175665,-9623780.910592744,-849.7819788602865,0.0029266092864827817,0.0020566273762809696,-16483649.068299174,-1455.5098515054458,0.005012707675557045,0.003522599303726708,-16540656.282906152,-1460.5436011396162,0.005030043673250183,0.0035347818959215477
2017-12-27,0.0,11.325,279922,409040,0.0,0.0,0.0,0.0,0.0,0.0,0.0,0.0,0.0,0.0,0.0,0.0,0.0,0.0
2017-12-28,-0.0073408429312744,11.225,271642,406283,-9604667.368210517,-426207.13639892975,-10030874.504609447,-893.6191095420443,0.0032896941914064993,0.00219949914109634,-17069233.270323034,-1520.644389338355,0.005597972291981192,0.0037428206184810958,-17088622.6884104,-1522.37173170694,0.005604331184820241,0.00374707219279896
2017-12-29,0.0200380469245402,11.475,263749,405445,30865159.57336705,15791389.290551629,46656548.86391868,4065.9301842194927,0.015415907488633104,0.01002831502230757,46656548.86391868,4065.9301842194927,0.015415907488633104,0.01002831502230757,46656548.86391868,4065.9301842194927,0.015415907488633104,0.01002831502230757
2018-01-02,-0.0470122479277496,10.875,252783,407401,-74882485.81434931,-20639517.32064271,-95522003.13499202,-8783.632472183173,0.034747718288742416,0.021560164241578136,-152437794.71730956,-14017.268479752604,0.055451784652261436,0.03440656375353179,-760971627.5427835,-69974.40253266974,0.27681609337918195,0.17175805295684043
2018-01-03,-0.0154898670453078,10.675,245691,419806,-25217976.295376636,-6512578.625902681,-31730554.92127932,-2972.4173228364702,0.012098193758975584,0.007080454597686718,-54275185.81347539,-5084.326539904018,0.020693987732167716,0.012111133570992359,-255542463.70959806,-23938.40409457593,0.09743297106762532,0.05702253920757667
2018-01-04,-0.0041704678743648,10.575,242601,433842,-6808688.9030576665,-1743749.1134614672,-8552438.016519133,-808.7411835951899,0.003333626751724807,0.001864137597547471,-15615437.990342382,-1476.6371622073175,0.0060866903360139385,0.0034036288838040518,-68970531.75666241,-6522.036099920796,0.02688379726349354,0.015033205867391345
2018-01-05,-0.0088415030555192,10.475,225419,433485,-14438850.151527034,-3692687.0497985175,-18131537.20132555,-1730.9343390286922,0.007678741982835041,0.0039930662860968484,-35195373.2047519,-3359.9401627448115,0.014905310389740046,0.007750995219545801,-146253766.95099205,-13962.173455941962,0.06193876051238787,0.032209127088462026
2018-01-08,-0.0028671966636257,10.475,190494,411520,-4738155.410444688,-1168190.8123307077,-5906346.222775396,-563.8516680453839,0.0029599445024272885,0.0013701683224275464,-13538269.538645264,-1292.4362328062305,0.006784655856910089,0.0031406401458160733,-47921247.78949238,-4574.820791359654,0.024015563699432287,0.011116885671072255
2018-01-09,0.0114300558514093,10.675,168671,416676,18685381.749789253,4757875.48727256,23443257.237061813,2196.0896709191393,0.013019959986714605,0.00527049715106975,56326763.199388765,5276.511775118385,0.03128286294098206,0.012663344601365053,189233029.05744773,17726.747452688312,0.1050965930876577,0.04254324091785539
2018-01-10,-0.0153237134465586,10.575,152658,421399,-25300946.0070708,-6250507.034001357,-31551453.041072156,-2983.5889400541046,0.01954426849594587,0.007080199383610555,-79636690.67630458,-7530.656328728565,0.049330243608121195,0.017870607971847502,-255912210.82233328,-24199.73624797478,0.15852255530646792,0.05742713259398997
2018-01-11,-0.0015481873306671,10.475,134550,426523,-2570716.6572986627,-623590.2509117456,-3194306.9082104084,-304.9457668935951,0.0022664122400118548,0.0007149573807124002,-8446244.187327221,-806.3240274298063,0.005992746394870355,0.0018904584921089983,-25983002.380578633,-2480.4775542318503,0.018435359005810854,0.005815577481711069
2018-01-12,0.0087369908775538,10.575,96060,427077,14505400.393428324,3519149.2822769596,18024549.675705284,1704.449141910665,0.01774358881855783,0.0039909644909715694,49759669.00985898,4705.4060529417475,0.04898403136520661,0.011017699508383143,146611267.86436832,13863.949679845704,0.1443259387866511,0.03246241235150969
2018-01-16,0.0385053831538948,11.775,58182,421399,60018698.78911865,17441457.547258653,77460156.3363773,6578.357226019303,0.11306516149357711,0.015610756613136963,244859136.85595357,20794.831155494994,0.35741004357868406,0.049347129811639315,611415944.3763924,51924.92096614797,0.8924567901781989,0.12322032317624856
2018-01-17,0.0041407867494824,12.125,365819,481780,6608500.607631323,1796745.0266057728,8405245.634237096,693.2161347824409,0.0018949702852570284,0.0014388644916402526,27735064.292524897,2287.427982888651,0.006252895510863709,0.004747868286123648,67115897.92577437,5535.331787692731,0.015131340328667267,0.011489334940621718
2018-01-18,-0.003087054949578,12.075,365675,479732,-4906766.918575021,-1352423.6695196587,-6259190.58809468,-518.3594689933482,0.0014175414479889196,0.0010805188500941111,-21328414.19057476,-1766.328297356088,0.004830322820417277,0.0036819063505375664,-49863591.09450187,-4129.48994571444,0.011292787162683914,0.008607910136731425
2018-01-19,-0.0131741457389871,11.925,352626,473372,-21014238.025512736,-5716445.271967589,-26730683.297480326,-2241.5667335413273,0.006356782351673806,0.004735317537879992,-94270831.2613014,-7905.310797593409,0.022418400224581875,0.016699996614910492,-213425496.62014475,-17897.316278418846,0.05075438645595857,0.0378081430215958
2018-01-22,-0.007698709945901,11.825,345718,472163,-12571657.249448474,-3190358.7559694056,-15762016.00541788,-1332.9400427414698,0.0038555702703980408,0.0028230506048577924,-61526592.69531714,-5203.094519688553,0.015050111708642747,0.011019699806398539,-127299423.3119602,-10765.278927015663,0.03113890201556084,0.02279992063549169
2018-01-23,0.0142199916352991,11.975,342798,477860,22803774.58763295,6110795.975383493,28914570.563016444,2414.5779175796615,0.007043733970383904,0.005052898165947477,115349887.6481598,9632.558467487248,0.028099809413961715,0.020157699885923173,231446844.13399926,19327.502641670086,0.05638160853234291,0.04044595203965615
2018-01-24,0.0195272353545734,12.225,332147,474145,30498278.60226384,8799727.127015213,39298005.729279056,3214.5607958510477,0.009678126840980192,0.006779699872087753,159538292.17454913,13050.167049042873,0.03929033545099873,0.02752357833372254,310583927.6368632,25405.638252504144,0.07648913960536793,0.05358200181907253
2018-01-25,0.0136710896662646,12.425,315928,464334,20995544.459796928,6389366.829113442,27384911.28891037,2204.0170051436917,0.0069763269008878345,0.004746619901070548,113308891.05570534,9119.427851565822,0.028865525852617757,0.01963980206395789,214362102.2783988,17252.483080756443,0.05460890798142755,0.03715533017344507
2018-01-26,-0.0037593984962407,12.325,301691,461643,-5820514.692343401,-1732553.8653938242,-7553068.557737225,-612.8250351105253,0.0020313003540394815,0.0013274869002898892,-32198824.04534682,-2612.4806527664764,0.008659458362253021,0.005659092963104555,-59362414.11161161,-4816.423051652057,0.015964755500336627,0.010433220154214528
2018-01-29,0.0807920792079208,13.525,298799,465985,115865783.63187133,42526085.214112036,158391868.84598336,11711.043907281579,0.039193718544177115,0.025131804472851228,701645351.8663774,51877.660027088896,0.17362059453709314,0.11132903425451227,1195047991.5406911,88358.44669432097,0.2957119893116141,0.18961650416713194
2018-01-30,0.0263543191800879,13.975,274058,453352,36601665.201407604,14729029.738241259,51330694.93964887,3673.037204983819,0.01340240826753395,0.008101954342285507,228584172.81150907,16356.649217281509,0.05968316640011059,0.036079358241016934,379664020.9385013,27167.371802397232,0.09913000825517676,0.05992555851170224
2018-01-31,-0.0320855614973261,13.475,257406,451805,-45528939.03281562,-17216637.616383333,-62745576.64919895,-4656.443536118661,0.018089879552608178,0.010306312537751156,-289421248.99181515,-21478.38582499556,0.08344166734650925,0.04753906181869514,-470429760.89424825,-34911.29950977724,0.13562737274879855,0.0772707241172126
2018-02-01,-0.0167464114832535,13.275,247414,456659,-24479157.925763614,-8402378.166847348,-32881536.092610963,-2476.9518713831235,0.010011365045563806,0.005424073261192977,-158024513.30148977,-11903.918139471922,0.048113357123978115,0.026067411656119602,-251512537.57702133,-18946.33051427656,0.0765774390870224,0.04148901152561662
2018-02-02,0.139917695473251,15.625,223302,463004,177512021.50533274,89443294.54675657,266955316.0520893,17085.140227333715,0.07651136231352032,0.03690063201901866,1207613725.9044135,77287.27845788246,0.3461109997128663,0.1669257251727468,1871229977.110898,119758.71853509748,0.5363083113232191,0.25865590477641115
2018-02-05,0.9610261470152934,33.225,222804,510632,829223912.028439,1021076024.2853196,1850299936.3137586,55689.99055872863,0.24995058687783264,0.10906090992873269,6739436357.173021,202842.32828210748,0.9104070316605962,0.39723779215189703,9743467675.106802,293257.11587981344,1.31621118058838,0.574302268325944
2018-02-06,-0.2595600676818952,23.875,172816,422335,-38168975.47251792,-183530919.9115812,-221699895.38409913,-9285.859492527712,0.05373263755976132,0.02198695228320578,-482462020.6948606,-20207.833327533426,0.11693265280722517,0.047847877461099426,-675326451.0059456,-28285.92464946369,0.16367653833825394,0.0669750900338918
2018-02-07,-0.0448533640023001,23.425,126815,345286,-6644301.158665144,-38862484.970325835,-45506786.12899098,-1942.65895961541,0.015318842089779678,0.005626231470767451,-92994016.13773529,-3969.8619482491054,0.031304356332051454,0.011497315119202937,-129045512.58047634,-5508.879939401338,0.04344028655444023,0.015954541856320087
2018-02-08,0.1144036920087443,28.1,106139,330840,13167300.898431297,148339423.5083027,161506724.406734,5747.570263584839,0.05415135118650863,0.017372658274648893,271086064.95592463,9647.190923698385,0.090892046502213,0.029159687231587426,374234975.6357089,13317.97066319249,0.12547669248054427,0.04025501953570454
2018-02-09,-0.0521719907151542,27.175,93755,325275,-6807042.062630737,-56571145.17411366,-63378187.2367444,-2332.2240013521396,0.024875729308859684,0.007170006921380799,-116337872.89974266,-4281.062480211322,0.04566223113659348,0.013161363400849502,-160046525.41451782,-5889.4765561920085,0.06281773298695545,0.018106145741886123
2018-02-12,-0.0319905213270143,25.825,77788,313481,-4358385.011249595,-31670978.212358963,-36029363.22360856,-1395.135071582132,0.01793509373659346,0.004450461340821715,-69934811.86377977,-2708.0275649091877,0.03481292185053206,0.00863857000873797,-94914148.76189014,-3675.281655833113,0.04724741162946872,0.011724097013321742
2018-02-13,-0.0014906832298137,25.225,69609,308773,-202195.0505823836,-1479255.9482428355,-1681450.998825219,-66.65811690090065,0.0009576077360815505,0.00021588065310406237,-3269210.315625312,-129.60199467295587,0.00186185686725791,0.0004197322779937231,-4419839.790074594,-175.21664182654487,0.002517154991833597,0.0005674610209653851
2018-02-14,-0.0983606557377049,17.875,234454,294912,-14948690.22135748,-75398389.5612106,-90347079.78256808,-5054.382085738074,0.021558097049903496,0.017138611130568013,-204143281.87656137,-11420.603181905532,0.048711487890611936,0.03872546109315841,-270335525.6622692,-15123.665771315758,0.06450589783631654,0.05128196130139078
2018-02-15,-0.0198181394264398,17.525,225204,291649,-3073833.440470503,-14501073.3012789,-17574906.741749402,-1002.8477456062426,0.00445306364720983,0.003438543405279094,-41130334.61129434,-2346.952046293543,0.010421449202916213,0.008047180159347514,-53921878.20188773,-3076.8546762846063,0.013662522318806975,0.01054985505276756
2018-02-16,0.0133269871489767,17.775,214781,285654,2031817.988883098,10023872.592220016,12055690.581103114,678.238569963607,0.003157814564433572,0.0023743359797643547,27867402.799166903,1567.7863740740875,0.007299464915770424,0.005488410363846077,36371307.02984555,2046.205740075699,0.009526940185936833,0.0071632315321182236
2018-02-20,0.0327926657263752,18.375,206395,282340,4774968.953442254,26691165.25246366,31466134.205905914,1712.4426778724307,0.008296919391809059,0.006065179138175359,70597442.63063043,3842.037694183969,0.01861497465628513,0.01360784052625901,90683176.0315977,4935.138831651576,0.023911135597526955,0.01747941783541679
2018-02-21,0.0113947128532361,18.575,200203,278424,1649611.4166444836,9560439.150392173,11210050.567036657,603.5020493694028,0.0030144505795088126,0.0021675647550836235,24887786.75189796,1339.8539301156372,0.0066924767866397466,0.004812278862869714,31892305.080774352,1716.9477836217686,0.00857603424335184,0.006166665889513004
2018-02-22,-0.0265057523122038,18.075,191543,271137,-3891370.3464534758,-21524757.822998665,-25416128.169452142,-1406.148169817546,0.007341161879147481,0.005186116870134087,-57956551.83611542,-3206.448234363232,0.016740096136967846,0.011825933879784877,-73524856.0913828,-4067.765205609007,0.021236825180815832,0.015002619360725415
2018-02-23,-0.0643702157272094,16.775,185668,267443,-10192755.328089882,-44318992.44448039,-54511747.77257027,-3249.5825795869014,0.017502114417061107,0.012150561351715697,-140211652.2073508,-8358.36972920124,0.04501782606157895,0.03125290147508531,-172546313.82367504,-10285.920347163936,0.05539953221429614,0.038460233945790075
2018-02-26,-0.0378586033831092,16.175,185477,273795,-60249255.26699164,-23902358.486653876,-84151613.75364551,-5202.5727204726745,0.028049691985921027,0.019001708287122387,-84151613.75364551,-5202.5727204726745,0.028049691985921027,0.019001708287122387,-84151613.75364551,-5202.5727204726745,0.028049691985921027,0.019001708287122387
