dynamics,day,years,survival_-1x,se_-1x,survival_-0.5x,se_-0.5x
unbounded,1,0.003968253968253968,1.0,0.0,1.0,0.0
unbounded,2,0.007936507936507936,1.0,0.0,1.0,0.0
unbounded,3,0.011904761904761904,1.0,0.0,1.0,0.0
unbounded,4,0.015873015873015872,0.9999,7.070714249635216e-05,0.99995,4.999874998437186e-05
unbounded,5,0.01984126984126984,0.99985,8.65960449443228e-05,0.99995,4.999874998437186e-05
unbounded,6,0.023809523809523808,0.9998,9.998999949994449e-05,0.99995,4.999874998437186e-05
unbounded,7,0.027777777777777776,0.99975,0.00011178942257655069,0.99995,4.999874998437186e-05
unbounded,8,0.031746031746031744,0.9997,0.0001224561145880366,0.9999,7.070714249635216e-05
unbounded,9,0.03571428571428571,0.9996,0.0001413930691370613,0.9999,7.070714249635216e-05
unbounded,10,0.03968253968253968,0.9996,0.0001413930691370613,0.9999,7.070714249635216e-05
unbounded,11,0.04365079365079365,0.9995,0.00015807434959536366,0.99985,8.65960449443228e-05
unbounded,12,0.047619047619047616,0.99925,0.00019357653525156767,0.9998,9.998999949994449e-05
unbounded,13,0.051587301587301584,0.9991,0.00021203655345246628,0.9998,9.998999949994449e-05
unbounded,14,0.05555555555555555,0.99905,0.00021784139872852524,0.9998,9.998999949994449e-05
unbounded,15,0.05952380952380952,0.9989,0.00023439176606698345,0.9998,9.998999949994449e-05
unbounded,16,0.06349206349206349,0.9987,0.0002547852036520143,0.99965,0.00013226441320324253
unbounded,17,0.06746031746031746,0.99855,0.00026906295731668,0.99965,0.00013226441320324253
unbounded,18,0.07142857142857142,0.99845,0.00027817238360412875,0.99965,0.00013226441320324253
unbounded,19,0.07539682539682539,0.9983,0.0002912996738755499,0.99965,0.00013226441320324253
unbounded,20,0.07936507936507936,0.99825,0.00029554504732781677,0.9996,0.0001413930691370613
unbounded,21,0.08333333333333333,0.9981,0.0003079277512664304,0.9996,0.0001413930691370613
unbounded,22,0.0873015873015873,0.9979,0.0003236966172205072,0.99955,0.0001499662462022622
unbounded,23,0.09126984126984126,0.99775,0.00033503264766287887,0.9995,0.00015807434959536366
unbounded,24,0.09523809523809523,0.99755,0.00034957098706843166,0.99945,0.00016578562965469148
unbounded,25,0.0992063492063492,0.99745,0.00035661586476207506,0.99945,0.00016578562965469148
unbounded,26,0.10317460317460317,0.9973,0.0003669271044771724,0.9994,0.00017315311143609936
unbounded,27,0.10714285714285714,0.9971,0.00038023611085745223,0.99935,0.00018021896404097425
unbounded,28,0.1111111111111111,0.997,0.00038671695075339035,0.9993,0.00018701737887159497
unbounded,29,0.11507936507936507,0.9968,0.0003993594871791567,0.99915,0.0002060676466600249
unbounded,30,0.11904761904761904,0.99655,0.00041461412783454167,0.99915,0.0002060676466600249
unbounded,31,0.12301587301587301,0.99645,0.0004205590029948267,0.99905,0.00021784139872852524
unbounded,32,0.12698412698412698,0.9963,0.0004293198108636519,0.99905,0.00021784139872852524
unbounded,33,0.13095238095238096,0.99625,0.00043220004049051355,0.99905,0.00021784139872852524
unbounded,34,0.1349206349206349,0.996,0.00044631827208842814,0.99905,0.00021784139872852524
unbounded,35,0.1388888888888889,0.9957,0.000462682936793652,0.999,0.0002234949663862702
unbounded,36,0.14285714285714285,0.99545,0.00047588325774290766,0.9989,0.00023439176606698345
unbounded,37,0.14682539682539683,0.9951,0.0004937605695071253,0.9988,0.00024480196077645894
unbounded,38,0.15079365079365079,0.995,0.0004987484335815003,0.99875,0.0002498437011413309
unbounded,39,0.15476190476190477,0.99475,0.0005110008561636652,0.9987,0.0002547852036520143
unbounded,40,0.15873015873015872,0.9945,0.0005229603235428071,0.9987,0.0002547852036520143
unbounded,41,0.1626984126984127,0.99445,0.0005253188317583929,0.99865,0.0002596321917636527
unbounded,42,0.16666666666666666,0.9943,0.0005323302546352235,0.99855,0.00026906295731668
unbounded,43,0.17063492063492064,0.9943,0.0005323302546352235,0.99855,0.00026906295731668
unbounded,44,0.1746031746031746,0.9941,0.0005415343941062292,0.99845,0.00027817238360412875
unbounded,45,0.17857142857142858,0.99385,0.0005528190255409083,0.99835,0.00028699107128968667
unbounded,46,0.18253968253968253,0.9937,0.0005594778816003351,0.9983,0.0002912996738755499
unbounded,47,0.1865079365079365,0.9935,0.0005682319068830943,0.99825,0.00029554504732781677
unbounded,48,0.19047619047619047,0.99315,0.0005832271212829537,0.99815,0.00030385666851329905
unbounded,49,0.19444444444444445,0.993,0.0005895337140486541,0.99815,0.00030385666851329905
unbounded,50,0.1984126984126984,0.99285,0.0005957716634751938,0.99815,0.00030385666851329905
unbounded,51,0.20238095238095238,0.9927,0.000601943103623589,0.99805,0.00031194530770633556
unbounded,52,0.20634920634920634,0.99265,0.000603985823509127,0.998,0.0003159113799786264
unbounded,53,0.21031746031746032,0.99235,0.0006160956703305115,0.99795,0.00031982788339980585
unbounded,54,0.21428571428571427,0.9922,0.0006220594826863436,0.99795,0.00031982788339980585
unbounded,55,0.21825396825396826,0.99205,0.000627964867647865,0.99785,0.0003275192742419891
unbounded,56,0.2222222222222222,0.99195,0.000631870140930872,0.99785,0.0003275192742419891
unbounded,57,0.2261904761904762,0.9918,0.0006376817388007903,0.99775,0.00033503264766287887
unbounded,58,0.23015873015873015,0.99155,0.0006472479239055139,0.99765,0.00034237972340662667
unbounded,59,0.23412698412698413,0.9914,0.0006529180653037581,0.9975,0.0003531111722956346
unbounded,60,0.23809523809523808,0.9913,0.0006566700084517352,0.9975,0.0003531111722956346
unbounded,61,0.24206349206349206,0.99125,0.0006585376792560937,0.9975,0.0003531111722956346
unbounded,62,0.24603174603174602,0.9911,0.0006641080484379036,0.9975,0.0003531111722956346
unbounded,63,0.25,0.9909,0.0006714607211147945,0.9975,0.0003531111722956346
unbounded,64,0.25396825396825395,0.99075,0.0006769208779466025,0.99745,0.00035661586476207506
unbounded,65,0.25793650793650796,0.99065,0.0006805357264684923,0.9974,0.00036008610081479447
unbounded,66,0.2619047619047619,0.9905,0.0006859209138085803,0.9973,0.0003669271044771724
unbounded,67,0.26587301587301587,0.99015,0.0006983186056521774,0.9972,0.000373641539446568
unbounded,68,0.2698412698412698,0.9899,0.0007070357133837017,0.99715,0.00037695341224082445
unbounded,69,0.27380952380952384,0.98935,0.0007258297837647628,0.997,0.00038671695075339035
unbounded,70,0.2777777777777778,0.98905,0.0007358701481919216,0.99685,0.0003962371449018874
unbounded,71,0.28174603174603174,0.9889,0.0007408370266124662,0.99685,0.0003962371449018874
unbounded,72,0.2857142857142857,0.9888,0.0007441290210709427,0.99685,0.0003962371449018874
unbounded,73,0.2896825396825397,0.9888,0.0007441290210709427,0.9968,0.0003993594871791567
unbounded,74,0.29365079365079366,0.98875,0.0007457693175506747,0.9968,0.0003993594871791567
unbounded,75,0.2976190476190476,0.98865,0.0007490386338500829,0.9968,0.0003993594871791567
unbounded,76,0.30158730158730157,0.98845,0.0007555328417745965,0.9968,0.0003993594871791567
unbounded,77,0.3055555555555556,0.9881,0.0007667590886321473,0.9967,0.00040553113320680875
unbounded,78,0.30952380952380953,0.988,0.0007699350621968066,0.99665,0.0004085815402095379
unbounded,79,0.3134920634920635,0.9879,0.0007730973418658223,0.99665,0.0004085815402095379
unbounded,80,0.31746031746031744,0.9877,0.0007793814855383716,0.9966,0.0004116090378016473
unbounded,81,0.32142857142857145,0.9874,0.0007887090718382776,0.9965,0.0004175972940525326
unbounded,82,0.3253968253968254,0.9873,0.0007917925864770408,0.99645,0.0004205590029948267
unbounded,83,0.32936507936507936,0.9872,0.0007948635102959511,0.9964,0.00042349970484051384
unbounded,84,0.3333333333333333,0.9871,0.0007979219886680659,0.9963,0.0004293198108636519
unbounded,85,0.3373015873015873,0.9869,0.0008040021766139691,0.9963,0.0004293198108636519
unbounded,86,0.3412698412698413,0.98675,0.0008085306889661017,0.99625,0.00043220004049051355
unbounded,87,0.34523809523809523,0.98665,0.000811534888344302,0.99615,0.0004379028145604924
unbounded,88,0.3492063492063492,0.9866,0.0008130325946725619,0.99615,0.0004379028145604924
unbounded,89,0.3531746031746032,0.98655,0.0008145273936461548,0.9961,0.0004407261054214973
unbounded,90,0.35714285714285715,0.9864,0.000818994505476073,0.99605,0.00044353114321319135
unbounded,91,0.3611111111111111,0.9864,0.000818994505476073,0.99605,0.00044353114321319135
unbounded,92,0.36507936507936506,0.9862,0.0008249109042799723,0.996,0.00044631827208842814
unbounded,93,0.36904761904761907,0.98605,0.000829318922369435,0.9959,0.0004518401265934663
unbounded,94,0.373015873015873,0.9859,0.000833702284991471,0.9959,0.0004518401265934663
unbounded,95,0.376984126984127,0.98585,0.0008351579940346615,0.9959,0.0004518401265934663
unbounded,96,0.38095238095238093,0.9858,0.0008366110207258804,0.9959,0.0004518401265934663
unbounded,97,0.38492063492063494,0.98555,0.0008438364029834208,0.99585,0.0004545754887804658
unbounded,98,0.3888888888888889,0.98555,0.0008438364029834208,0.99585,0.0004545754887804658
unbounded,99,0.39285714285714285,0.98545,0.0008467082584928516,0.9957,0.000462682936793652
unbounded,100,0.3968253968253968,0.9853,0.0008509967685015039,0.9957,0.000462682936793652
unbounded,101,0.4007936507936508,0.9851,0.0008566793449126699,0.99565,0.0004653534946682986
unbounded,102,0.40476190476190477,0.985,0.0008595056718835546,0.9956,0.0004680085469305
unbounded,103,0.4087301587301587,0.98495,0.0008609151380943422,0.9956,0.0004680085469305
unbounded,104,0.4126984126984127,0.98475,0.0008665286348413417,0.99555,0.00047064835599415164
unbounded,105,0.4166666666666667,0.98475,0.0008665286348413417,0.9955,0.0004732731769285023
unbounded,106,0.42063492063492064,0.98455,0.0008721037065624697,0.9954,0.0004784788396575155
unbounded,107,0.4246031746031746,0.98445,0.0008748770627922518,0.99535,0.0004810601573608046
unbounded,108,0.42857142857142855,0.9843,0.0008790196243543156,0.99535,0.0004810601573608046
unbounded,109,0.43253968253968256,0.98415,0.0008831414807379402,0.99535,0.0004810601573608046
unbounded,110,0.4365079365079365,0.98395,0.000888605578983162,0.9953,0.0004836274392546414
unbounded,111,0.44047619047619047,0.9837,0.0008953856710937467,0.99525,0.0004861809076876648
unbounded,112,0.4444444444444444,0.98355,0.0008994275262632328,0.9952,0.0004887207791776418
unbounded,113,0.44841269841269843,0.9835,0.0009007705035135187,0.99515,0.0004912472646234287
unbounded,114,0.4523809523809524,0.98335,0.0009047866461216162,0.99515,0.0004912472646234287
unbounded,115,0.45634920634920634,0.98325,0.0009074535112059472,0.99515,0.0004912472646234287
unbounded,116,0.4603174603174603,0.98315,0.0009101120123369439,0.99515,0.0004912472646234287
unbounded,117,0.4642857142857143,0.98295,0.0009154042139951074,0.99495,0.0005012233783454239
unbounded,118,0.46825396825396826,0.9829,0.0009167221498360341,0.99495,0.0005012233783454239
unbounded,119,0.4722222222222222,0.98265,0.0009232815794761634,0.99495,0.0005012233783454239
unbounded,120,0.47619047619047616,0.9825,0.0009271933455326338,0.99495,0.0005012233783454239
unbounded,121,0.4801587301587302,0.9823,0.0009323816278756261,0.9949,0.0005036859140377063
unbounded,122,0.48412698412698413,0.9823,0.0009323816278756261,0.99485,0.0005061362217822385
unbounded,123,0.4880952380952381,0.98225,0.0009336738590107373,0.9948,0.000508574478321513
unbounded,124,0.49206349206349204,0.9821,0.0009375390658527255,0.99475,0.0005110008561636652
unbounded,125,0.49603174603174605,0.98205,0.0009388236655517377,0.9947,0.0005134155237232301
unbounded,126,0.5,0.98185,0.0009439432583582554,0.9946,0.0005182103819878545
unbounded,127,0.503968253968254,0.9816,0.0009503010049452745,0.9946,0.0005182103819878545
unbounded,128,0.5079365079365079,0.98155,0.0009515670627969414,0.9946,0.0005182103819878545
unbounded,129,0.5119047619047619,0.9815,0.0009528313072102523,0.99455,0.0005205908902391567
unbounded,130,0.5158730158730159,0.98125,0.0009591255783264265,0.99455,0.0005205908902391567
unbounded,131,0.5198412698412699,0.9811,0.0009628808337483935,0.99455,0.0005205908902391567
unbounded,132,0.5238095238095238,0.981,0.0009653755745822456,0.9945,0.0005229603235428071
unbounded,133,0.5277777777777778,0.9806,0.0009752855991964604,0.99435,0.0005300036556477721
unbounded,134,0.5317460317460317,0.9805,0.0009777461326949844,0.99435,0.0005300036556477721
unbounded,135,0.5357142857142857,0.98045,0.0009789738888244148,0.99435,0.0005300036556477721
unbounded,136,0.5396825396825397,0.98035,0.0009814244112513186,0.99425,0.0005346464953593184
unbounded,137,0.5436507936507936,0.9801,0.0009875218984913708,0.99425,0.0005346464953593184
unbounded,138,0.5476190476190477,0.9799,0.0009923706464824524,0.9942,0.0005369525118667398
unbounded,139,0.5515873015873016,0.97965,0.0009983956505313907,0.99415,0.0005392484353245738
unbounded,140,0.5555555555555556,0.9794,0.0010043814016597468,0.99405,0.0005438105138740888
unbounded,141,0.5595238095238095,0.9792,0.0010091422099981755,0.99405,0.0005438105138740888
unbounded,142,0.5634920634920635,0.9791,0.0010115134700042314,0.99405,0.0005438105138740888
unbounded,143,0.5674603174603174,0.97905,0.0010126968327194476,0.99405,0.0005438105138740888
unbounded,144,0.5714285714285714,0.9789,0.0010162379150572961,0.99405,0.0005438105138740888
unbounded,145,0.5753968253968254,0.97865,0.0010221100112023163,0.994,0.0005460769176590421
unbounded,146,0.5793650793650794,0.97845,0.0010267813180030098,0.994,0.0005460769176590421
unbounded,147,0.5833333333333334,0.97825,0.001031429529827415,0.99395,0.0005483337259370428
unbounded,148,0.5873015873015873,0.97805,0.0010360549575191469,0.99375,0.000557267328128968
unbounded,149,0.5912698412698413,0.97795,0.0010383592225236893,0.99375,0.000557267328128968
unbounded,150,0.5952380952380952,0.97785,0.0010406579048851741,0.99375,0.000557267328128968
unbounded,151,0.5992063492063492,0.97775,0.001042951041516331,0.99365,0.0005616795127116516
unbounded,152,0.6031746031746031,0.97765,0.0010452386689172952,0.99365,0.0005616795127116516
unbounded,153,0.6071428571428571,0.9775,0.0010486598590582165,0.9936,0.0005638723259745934
unbounded,154,0.6111111111111112,0.9773,0.001053202497148579,0.9935,0.0005682319068830943
unbounded,155,0.6150793650793651,0.9772,0.001055465773959536,0.9934,0.0005725574207011926
unbounded,156,0.6190476190476191,0.97705,0.0010588507331064192,0.9934,0.0005725574207011926
unbounded,157,0.623015873015873,0.97695,0.0010611007845628994,0.9934,0.0005725574207011926
unbounded,158,0.626984126984127,0.9767,0.0010667030983361769,0.99335,0.0005747076430673271
unbounded,159,0.6309523809523809,0.9766,0.0010689349839910745,0.99335,0.0005747076430673271
unbounded,160,0.6349206349206349,0.9764,0.001073383435683632,0.9933,0.0005768496337868318
unbounded,161,0.6388888888888888,0.97605,0.001081119732037114,0.9933,0.0005768496337868318
unbounded,162,0.6428571428571429,0.97595,0.0010833189165707394,0.9932,0.0005811092840421683
unbounded,163,0.6468253968253969,0.97585,0.0010855131850880486,0.9931,0.0005853370823722011
unbounded,164,0.6507936507936508,0.97565,0.0010898870927761274,0.99305,0.0005874392521784704
unbounded,165,0.6547619047619048,0.97535,0.0010964118181595807,0.99305,0.0005874392521784704
unbounded,166,0.6587301587301587,0.97525,0.0010985772048427013,0.99295,0.0005916205498459296
unbounded,167,0.6626984126984127,0.9751,0.0011018164547691243,0.9929,0.0005936998399865035
unbounded,168,0.6666666666666666,0.97475,0.0011093339781147965,0.9928,0.0005978360979398946
unbounded,169,0.6706349206349206,0.9747,0.0011104033051103548,0.9928,0.0005978360979398946
unbounded,170,0.6746031746031746,0.9746,0.001112538538658324,0.99275,0.0005998932196649659
unbounded,171,0.6785714285714286,0.9744,0.0011167954154633686,0.99255,0.0006080500596168031
unbounded,172,0.6825396825396826,0.9743,0.0011189171104241803,0.9925,0.0006100717170956195
unbounded,173,0.6865079365079365,0.9741,0.00112314714085021,0.9925,0.0006100717170956195
unbounded,174,0.6904761904761905,0.974,0.0011252555265360846,0.9924,0.00061409445527541
unbounded,175,0.6944444444444444,0.9738,0.0011294591626083699,0.99235,0.0006160956703305115
unbounded,176,0.6984126984126984,0.97365,0.0011326004922301593,0.99235,0.0006160956703305115
unbounded,177,0.7023809523809523,0.9736,0.0011336454472188379,0.9923,0.0006180902037728813
unbounded,178,0.7063492063492064,0.9735,0.001135732142716758,0.9922,0.0006220594826863436
unbounded,179,0.7103174603174603,0.97335,0.0011388541939159717,0.99215,0.0006240343540222775
unbounded,180,0.7142857142857143,0.97325,0.0011409302673695716,0.9921,0.0006260027955209153
unbounded,181,0.7182539682539683,0.9732,0.001141966724558996,0.992,0.0006299206299209452
unbounded,182,0.7222222222222222,0.9731,0.0011440364941731542,0.992,0.0006299206299209452
unbounded,183,0.7261904761904762,0.97295,0.001147133329216792,0.99195,0.000631870140930872
unbounded,184,0.7301587301587301,0.97285,0.001149192705772187,0.99195,0.000631870140930872
unbounded,185,0.7341269841269841,0.9727,0.0011522740559432897,0.9919,0.0006338134583613697
unbounded,186,0.7380952380952381,0.97255,0.001155346214344427,0.99175,0.0006396068128154976
unbounded,187,0.7420634920634921,0.9725,0.001156368237197822,0.99175,0.0006396068128154976
unbounded,188,0.746031746031746,0.97235,0.0011594282534939356,0.99175,0.0006396068128154976
unbounded,189,0.75,0.9722,0.0011624792471265895,0.99165,0.000643439099682323
unbounded,190,0.753968253968254,0.9722,0.0011624792471265895,0.99165,0.000643439099682323
unbounded,191,0.7579365079365079,0.97205,0.0011655212889518584,0.9915,0.0006491436666871192
unbounded,192,0.7619047619047619,0.97175,0.0011715787958989357,0.99145,0.0006510336972845548
unbounded,193,0.7658730158730159,0.97165,0.0011735901648360894,0.99145,0.0006510336972845548
unbounded,194,0.7698412698412699,0.97155,0.0011755976671463748,0.9914,0.0006529180653037581
unbounded,195,0.7738095238095238,0.9713,0.0011805996357783606,0.9913,0.0006566700084517352
unbounded,196,0.7777777777777778,0.9712,0.001182593759496473,0.9912,0.0006603998788612863
unbounded,197,0.7817460317460317,0.97105,0.0011855778654310317,0.99115,0.0006622566534207121
unbounded,198,0.7857142857142857,0.97085,0.0011895435574202403,0.991,0.0006677948786865623
unbounded,199,0.7896825396825397,0.97075,0.001191520824408873,0.991,0.0006677948786865623
unbounded,200,0.7936507936507936,0.97055,0.0011954642926495123,0.99095,0.0006696304017889273
unbounded,201,0.7976190476190477,0.97015,0.0012033074731754982,0.99085,0.0006732858791033714
unbounded,202,0.8015873015873016,0.9699,0.0012081802431756616,0.99085,0.0006732858791033714
unbounded,203,0.8055555555555556,0.9696,0.0012139983525524239,0.99085,0.0006732858791033714
unbounded,204,0.8095238095238095,0.96955,0.0012149649686307828,0.9908,0.0006751059176158948
unbounded,205,0.8134920634920635,0.96925,0.0012207464417314524,0.99075,0.0006769208779466025
unbounded,206,0.8174603174603174,0.969,0.0012255406969986762,0.99065,0.0006805357264684923
unbounded,207,0.8214285714285714,0.9689,0.0012274524430706066,0.99055,0.0006841307440833207
unbounded,208,0.8253968253968254,0.9686,0.0012331674663240185,0.99045,0.0006877062417922332
unbounded,209,0.8293650793650794,0.9684,0.0012369607916179067,0.99045,0.0006877062417922332
unbounded,210,0.8333333333333334,0.9682,0.0012407409076837929,0.99035,0.0006912625224905531
unbounded,211,0.8373015873015873,0.968,0.0012445079348883243,0.9903,0.000693033548971478
unbounded,212,0.8412698412698413,0.96795,0.0012454476604819653,0.9903,0.000693033548971478
unbounded,213,0.8452380952380952,0.9679,0.0012463865772704714,0.9902,0.0006965615550688981
unbounded,214,0.8492063492063492,0.96775,0.0012491984930346337,0.99005,0.0007018189759475022
unbounded,215,0.8531746031746031,0.96745,0.0012548007311920083,0.99,0.0007035623639735148
unbounded,216,0.8571428571428571,0.96735,0.0012566617981780133,0.9899,0.0007070357133837017
unbounded,217,0.8611111111111112,0.967,0.0012631508223486226,0.9898,0.0007104913792580452
unbounded,218,0.8650793650793651,0.96665,0.0012696018568826998,0.98975,0.0007122126613589505
unbounded,219,0.8690476190476191,0.96655,0.0012714381129256742,0.9897,0.0007139296183798503
unbounded,220,0.873015873015873,0.9664,0.0012741867994921303,0.9897,0.0007139296183798503
unbounded,221,0.876984126984127,0.96625,0.0012769286882986057,0.98965,0.0007156422814507249
unbounded,222,0.8809523809523809,0.96605,0.001280574041201836,0.9896,0.000717350681326782
unbounded,223,0.8849206349206349,0.96575,0.001286019780174473,0.98955,0.0007190548483947507
unbounded,224,0.8888888888888888,0.96555,0.0012896355589855604,0.98955,0.0007190548483947507
unbounded,225,0.8928571428571429,0.9654,0.0012923397386136505,0.98955,0.0007190548483947507
unbounded,226,0.8968253968253969,0.9653,0.001294138902900302,0.98955,0.0007190548483947507
unbounded,227,0.9007936507936508,0.9652,0.0012959351835643642,0.98945,0.000722450603847763
unbounded,228,0.9047619047619048,0.9648,0.00130309170820783,0.9893,0.0007275132301202516
unbounded,229,0.9087301587301587,0.9647,0.001304873748682224,0.98925,0.0007291926185857903
unbounded,230,0.9126984126984127,0.96455,0.0013075415385371124,0.98915,0.0007325393334149377
unbounded,231,0.9166666666666666,0.9644,0.0013102030377006454,0.9891,0.0007342067147609051
unbounded,232,0.9206349206349206,0.9642,0.0013137419838004732,0.98905,0.0007358701481919216
unbounded,233,0.9246031746031746,0.96415,0.0013146249940572416,0.98905,0.0007358701481919216
unbounded,234,0.9285714285714286,0.964,0.0013172699040060094,0.98905,0.0007358701481919216
unbounded,235,0.9325396825396826,0.9639,0.0013190297570562998,0.98905,0.0007358701481919216
unbounded,236,0.9365079365079365,0.9637,0.001322541303702837,0.989,0.0007375296604205153
unbounded,237,0.9404761904761905,0.96345,0.0013269155493097512,0.9889,0.0007408370266124662
unbounded,238,0.9444444444444444,0.96325,0.001330402899500748,0.9888,0.0007441290210709427
unbounded,239,0.9484126984126984,0.9631,0.0013330114403109982,0.9888,0.0007441290210709427
unbounded,240,0.9523809523809523,0.96295,0.0013356140441759367,0.9887,0.000747405846913174
unbounded,241,0.9563492063492064,0.96295,0.0013356140441759367,0.9887,0.000747405846913174
unbounded,242,0.9603174603174603,0.9629,0.0013364802654734565,0.9887,0.000747405846913174
unbounded,243,0.9642857142857143,0.96275,0.0013390750072344716,0.9886,0.0007506677027819955
unbounded,244,0.9682539682539683,0.96255,0.001342525558415928,0.9885,0.0007539147829827969
unbounded,245,0.9722222222222222,0.96245,0.001344246954618086,0.9885,0.0007539147829827969
unbounded,246,0.9761904761904762,0.96245,0.001344246954618086,0.9885,0.0007539147829827969
unbounded,247,0.9801587301587301,0.9623,0.001346824227581312,0.98845,0.0007555328417745965
unbounded,248,0.9841269841269841,0.96225,0.0013476820377967488,0.98845,0.0007555328417745965
unbounded,249,0.9880952380952381,0.96205,0.0013511069073171085,0.9884,0.00075714727761513
unbounded,250,0.9920634920634921,0.9619,0.001353668903388122,0.9884,0.00075714727761513
unbounded,251,0.996031746031746,0.96175,0.0013562252301885555,0.98835,0.0007587581136304259
unbounded,252,1.0,0.9615,0.0013604732632433462,0.9883,0.0007603653726992058
unbounded,253,1.003968253968254,0.9614,0.0013621681247188242,0.9883,0.0007603653726992058
unbounded,254,1.007936507936508,0.96125,0.0013647057833100868,0.9882,0.0007635692502975756
unbounded,255,1.0119047619047619,0.9609,0.001370605523117429,0.98805,0.0007683487977474819
unbounded,256,1.0158730158730158,0.9607,0.0013739634274608622,0.988,0.0007699350621968066
unbounded,257,1.0198412698412698,0.96045,0.0013781472617249576,0.9878,0.0007762460949982289
unbounded,258,1.0238095238095237,0.9603,0.0013806503902146982,0.9878,0.0007762460949982289
unbounded,259,1.0277777777777777,0.96015,0.0013831481753593874,0.9877,0.0007793814855383716
unbounded,260,1.0317460317460319,0.96,0.0013856406460551025,0.98765,0.00078094422015916
unbounded,261,1.0357142857142858,0.95985,0.0013881278309291261,0.98765,0.00078094422015916
unbounded,262,1.0396825396825398,0.95955,0.0013930864563981662,0.9874,0.0007887090718382776
unbounded,263,1.0436507936507937,0.95945,0.0013947346969943777,0.98735,0.0007902524122076455
unbounded,264,1.0476190476190477,0.95935,0.001396380633996332,0.98735,0.0007902524122076455
unbounded,265,1.0515873015873016,0.95925,0.0013980242755403062,0.98735,0.0007902524122076455
unbounded,266,1.0555555555555556,0.95925,0.0013980242755403062,0.98735,0.0007902524122076455
unbounded,267,1.0595238095238095,0.9591,0.0014004854515488557,0.98735,0.0007902524122076455
unbounded,268,1.0634920634920635,0.95895,0.0014029415080465762,0.98735,0.0007902524122076455
unbounded,269,1.0674603174603174,0.95885,0.0014045760481369463,0.9873,0.0007917925864770408
unbounded,270,1.0714285714285714,0.95865,0.0014078383696291275,0.98725,0.0007933296130865165
unbounded,271,1.0753968253968254,0.95845,0.0014110917316035832,0.98715,0.0007963942961875112
unbounded,272,1.0793650793650793,0.95835,0.0014127150721217631,0.9871,0.0007979219886680659
unbounded,273,1.0833333333333333,0.9583,0.001413525910622086,0.9871,0.0007979219886680659
unbounded,274,1.0873015873015872,0.9581,0.0014167637417720719,0.98705,0.0007994466054715605
unbounded,275,1.0912698412698412,0.958,0.001418379356871779,0.98705,0.0007994466054715605
unbounded,276,1.0952380952380953,0.9579,0.0014199927816717947,0.987,0.0008009681641613482
unbounded,277,1.0992063492063493,0.95785,0.0014207986750416123,0.98695,0.0008024866821324827
unbounded,278,1.1031746031746033,0.9576,0.0014248199886301427,0.98675,0.0008085306889661017
unbounded,279,1.1071428571428572,0.95745,0.001427226287243897,0.9867,0.000810034258534785
unbounded,280,1.1111111111111112,0.95715,0.0014320243974876973,0.98665,0.000811534888344302
unbounded,281,1.1150793650793651,0.957,0.00143441625757658,0.9866,0.0008130325946725619
unbounded,282,1.119047619047619,0.95675,0.00143839211448061,0.98655,0.0008145273936461548
unbounded,283,1.123015873015873,0.9567,0.001439185707266439,0.98645,0.0008175083332908587
unbounded,284,1.126984126984127,0.9565,0.0014423548453830629,0.98645,0.0008175083332908587
unbounded,285,1.130952380952381,0.9562,0.0014470929479477113,0.98635,0.0008204778333385994
unbounded,286,1.1349206349206349,0.956,0.0014502413592226645,0.9863,0.0008219583322772525
unbounded,287,1.1388888888888888,0.9558,0.0014533815741229145,0.9861,0.0008278523419064544
unbounded,288,1.1428571428571428,0.9557,0.0014549486245225296,0.9861,0.0008278523419064544
unbounded,289,1.1468253968253967,0.95555,0.0014572953973028253,0.986,0.0008307827634225452
unbounded,290,1.1507936507936507,0.9554,0.0014596376262620797,0.98595,0.0008322438795209012
unbounded,291,1.1547619047619047,0.9553,0.0014611965986820524,0.9859,0.000833702284991471
unbounded,292,1.1587301587301588,0.9549,0.0014674125186872305,0.98575,0.0008380613790170738
unbounded,293,1.1626984126984128,0.95465,0.0014712813717980664,0.98565,0.0008409541455989137
unbounded,294,1.1666666666666667,0.95435,0.001475907813855594,0.98545,0.0008467082584928516
unbounded,295,1.1706349206349207,0.95425,0.0014774460650054193,0.9854,0.0008481403185794184
unbounded,296,1.1746031746031746,0.9539,0.0014828147220742047,0.98525,0.00085242118403991
unbounded,297,1.1785714285714286,0.9539,0.0014828147220742047,0.9852,0.0008538430769175339
unbounded,298,1.1825396825396826,0.9537,0.0014858719662205085,0.98515,0.0008552624597163151
unbounded,299,1.1865079365079365,0.9535,0.0014889215896077266,0.985,0.0008595056718835546
unbounded,300,1.1904761904761905,0.9534,0.0014904435581396562,0.98495,0.0008609151380943422
unbounded,301,1.1944444444444444,0.95315,0.0014942402333627607,0.98495,0.0008609151380943422
unbounded,302,1.1984126984126984,0.9529,0.0014980252000550596,0.98485,0.0008637267363003184
unbounded,303,1.2023809523809523,0.95285,0.0014987807961806827,0.98485,0.0008637267363003184
unbounded,304,1.2063492063492063,0.95275,0.001500290596851157,0.98485,0.0008637267363003184
unbounded,305,1.2103174603174602,0.95255,0.0015033046514263168,0.9848,0.0008651288921311087
unbounded,306,1.2142857142857142,0.9524,0.0015055603607959393,0.9847,0.0008679259761062571
unbounded,307,1.2182539682539681,0.9523,0.001507061876632807,0.9845,0.0008734915569139738
unbounded,308,1.2222222222222223,0.95225,0.0015078119494817642,0.98445,0.0008748770627922518
unbounded,309,1.2261904761904763,0.9521,0.001510059435916349,0.98445,0.0008748770627922518
unbounded,310,1.2301587301587302,0.95205,0.0015108076896150622,0.98445,0.0008748770627922518
unbounded,311,1.2341269841269842,0.9519,0.0015130497348071548,0.98445,0.0008748770627922518
unbounded,312,1.2380952380952381,0.95185,0.0015137961801378681,0.9844,0.0008762602353182514
unbounded,313,1.242063492063492,0.95165,0.001516777463901676,0.9844,0.0008762602353182514
unbounded,314,1.246031746031746,0.95135,0.0015212359695326687,0.98435,0.0008776410855241467
unbounded,315,1.25,0.95115,0.001524199421007631,0.9843,0.0008790196243543156
unbounded,316,1.253968253968254,0.951,0.0015264173741149573,0.9842,0.0008817698112319347
unbounded,317,1.257936507936508,0.9509,0.0015278938117552546,0.9842,0.0008817698112319347
unbounded,318,1.2619047619047619,0.95085,0.0015286313731570477,0.98405,0.0008858780248995914
unbounded,319,1.2658730158730158,0.95065,0.0015315772507451266,0.98405,0.0008858780248995914
unbounded,320,1.2698412698412698,0.95045,0.0015345161696769438,0.984,0.0008872429205127538
unbounded,321,1.2738095238095237,0.9503,0.001536715816278338,0.984,0.0008872429205127538
unbounded,322,1.2777777777777777,0.9501,0.0015396426533452502,0.98385,0.0008913242255206575
unbounded,323,1.2817460317460319,0.94995,0.0015418332837891396,0.9837,0.0008953856710937467
unbounded,324,1.2857142857142858,0.94985,0.0015432915716092023,0.9837,0.0008953856710937467
unbounded,325,1.2896825396825398,0.94955,0.0015476562522084806,0.9836,0.0008980824015645773
unbounded,326,1.2936507936507937,0.9495,0.0015483822202544174,0.98355,0.0008994275262632328
unbounded,327,1.2976190476190477,0.9493,0.0015512818892773803,0.98355,0.0008994275262632328
unbounded,328,1.3015873015873016,0.94915,0.0015534522441967753,0.9835,0.0009007705035135187
unbounded,329,1.3055555555555556,0.9491,0.0015541748614618619,0.98345,0.0009021113429061834
unbounded,330,1.3095238095238095,0.94905,0.0015548970625092846,0.9834,0.0009034500539598177
unbounded,331,1.3134920634920635,0.9488,0.0015585018447213982,0.9834,0.0009034500539598177
unbounded,332,1.3174603174603174,0.9486,0.0015613782373275222,0.98335,0.0009047866461216162
unbounded,333,1.3214285714285714,0.9485,0.0015628139684556186,0.98335,0.0009047866461216162
unbounded,334,1.3253968253968254,0.94835,0.001564964496402394,0.9833,0.0009061211287681147
unbounded,335,1.3293650793650793,0.9481,0.0015685405637088248,0.98315,0.0009101120123369439
unbounded,336,1.3333333333333333,0.94765,0.0015749520230787985,0.98315,0.0009101120123369439
unbounded,337,1.3373015873015872,0.94755,0.0015763723782786856,0.983,0.0009140842411944321
unbounded,338,1.3412698412698412,0.9475,0.001577081957286938,0.98295,0.0009154042139951074
unbounded,339,1.3452380952380953,0.9473,0.001579916295251112,0.9828,0.0009193519456660762
unbounded,340,1.3492063492063493,0.9472,0.0015813310848775465,0.9828,0.0009193519456660762
unbounded,341,1.3531746031746033,0.94715,0.0015820378867144737,0.9828,0.0009193519456660762
unbounded,342,1.3571428571428572,0.947,0.0015841559266688372,0.9827,0.0009219736981064043
unbounded,343,1.3611111111111112,0.947,0.0015841559266688372,0.9827,0.0009219736981064043
unbounded,344,1.3650793650793651,0.947,0.0015841559266688372,0.9827,0.0009219736981064043
unbounded,345,1.369047619047619,0.9467,0.001588381408856198,0.9827,0.0009219736981064043
unbounded,346,1.373015873015873,0.9465,0.0015911905919782205,0.9827,0.0009219736981064043
unbounded,347,1.376984126984127,0.94625,0.0015946933482648,0.9826,0.0009245874755803253
unbounded,348,1.380952380952381,0.946,0.0015981864722240651,0.9825,0.0009271933455326338
unbounded,349,1.3849206349206349,0.94585,0.0016002777493297846,0.9825,0.0009271933455326338
unbounded,350,1.3888888888888888,0.9457,0.001602365594987611,0.98245,0.0009284933360019326
unbounded,351,1.3928571428571428,0.94545,0.0016058377486533313,0.98235,0.0009310874690382224
unbounded,352,1.3968253968253967,0.9453,0.00160791650902651,0.98215,0.0009362525700899313
unbounded,353,1.4007936507936507,0.94515,0.0016099918866255192,0.9821,0.0009375390658527255
unbounded,354,1.4047619047619047,0.9449,0.0016134433674597946,0.98195,0.000941387207794965
unbounded,355,1.4087301587301588,0.9448,0.0016148213523483027,0.98195,0.000941387207794965
unbounded,356,1.4126984126984128,0.94455,0.001618259829261049,0.9818,0.0009452184932596271
unbounded,357,1.4166666666666667,0.9443,0.0016216890885740085,0.9817,0.0009477634198469569
unbounded,358,1.4206349206349207,0.94425,0.0016223738394710383,0.98165,0.0009490331263975979
unbounded,359,1.4246031746031746,0.94395,0.0016264746770239006,0.98155,0.0009515670627969414
unbounded,360,1.4285714285714286,0.9439,0.0016271568762722302,0.98155,0.0009515670627969414
unbounded,361,1.4325396825396826,0.94375,0.0016292012997171348,0.9815,0.0009528313072102523
unbounded,362,1.4365079365079365,0.9435,0.001632601451671534,0.98145,0.0009540937453940245
unbounded,363,1.4404761904761905,0.94335,0.0016346372303970074,0.98145,0.0009540937453940245
unbounded,364,1.4444444444444444,0.94325,0.0016359926268171255,0.9814,0.0009553543845087003
unbounded,365,1.4484126984126984,0.9431,0.0016380230462359185,0.9814,0.0009553543845087003
unbounded,366,1.4523809523809523,0.9426,0.0016447680687562002,0.9812,0.0009603790918173938
unbounded,367,1.4563492063492063,0.9424,0.0016474562209661291,0.9811,0.0009628808337483935
unbounded,368,1.4603174603174602,0.9421,0.001651477974421699,0.9811,0.0009628808337483935
unbounded,369,1.4642857142857142,0.94185,0.0016548198920124213,0.9811,0.0009628808337483935
unbounded,370,1.4682539682539681,0.94175,0.0016561542425148695,0.9811,0.0009628808337483935
unbounded,371,1.4722222222222223,0.94155,0.0016588188192204717,0.98105,0.000964129075902185
unbounded,372,1.4761904761904763,0.94135,0.0016614779189023246,0.98105,0.000964129075902185
unbounded,373,1.4801587301587302,0.9413,0.0016621418411194632,0.98105,0.000964129075902185
unbounded,374,1.4841269841269842,0.94115,0.001664131567815477,0.98105,0.000964129075902185
unbounded,375,1.4880952380952381,0.94105,0.0016654563563780341,0.98105,0.000964129075902185
unbounded,376,1.492063492063492,0.94095,0.001666779791994132,0.98095,0.0009666203365334296
unbounded,377,1.496031746031746,0.94085,0.0016681018778839623,0.98095,0.0009666203365334296
unbounded,378,1.5,0.9408,0.0016687624156841504,0.9808,0.0009703442688036034
unbounded,379,1.503968253968254,0.9406,0.0016714012085672309,0.98065,0.0009740528091433231
unbounded,380,1.507936507936508,0.9405,0.0016727185955802606,0.9806,0.0009752855991964604
unbounded,381,1.5119047619047619,0.9404,0.0016740346471922256,0.98055,0.0009765167049262384
unbounded,382,1.5158730158730158,0.94025,0.0016760062276137278,0.98055,0.0009765167049262384
unbounded,383,1.5198412698412698,0.9402,0.0016766627567880187,0.9804,0.0009801999795959993
unbounded,384,1.5238095238095237,0.9401,0.0016779748210268227,0.9804,0.0009801999795959993
unbounded,385,1.5277777777777777,0.9401,0.0016779748210268227,0.9804,0.0009801999795959993
unbounded,386,1.5317460317460319,0.9398,0.0016819030887658187,0.9803,0.0009826471899924217
unbounded,387,1.5357142857142858,0.9395,0.0016858195336393513,0.9803,0.0009826471899924217
unbounded,388,1.5396825396825398,0.93935,0.0016877733482313314,0.9803,0.0009826471899924217
unbounded,389,1.5436507936507937,0.93925,0.0016890742656852004,0.98025,0.0009838683219821655
unbounded,390,1.5476190476190477,0.9392,0.0016897242378565796,0.9802,0.0009850878133445778
unbounded,391,1.5515873015873016,0.9389,0.001693617282623203,0.98,0.000989949493661167
unbounded,392,1.5555555555555556,0.9385,0.0016987900105663442,0.97995,0.0009911608724117395
unbounded,393,1.5595238095238095,0.9384,0.0017000799981177356,0.97995,0.0009911608724117395
unbounded,394,1.5634920634920635,0.9382,0.0017026561602390539,0.97995,0.0009911608724117395
unbounded,395,1.5674603174603174,0.9381,0.0017039423405737642,0.9799,0.0009923706464824524
unbounded,396,1.5714285714285714,0.93805,0.0017045849568150006,0.9799,0.0009923706464824524
unbounded,397,1.5753968253968254,0.9378,0.001707793313021222,0.97975,0.000995990399050111
unbounded,398,1.5793650793650793,0.9377,0.0017090744571258449,0.97975,0.000995990399050111
unbounded,399,1.5833333333333333,0.93755,0.0017109938266983901,0.9797,0.0009971938126562957
unbounded,400,1.5873015873015872,0.93735,0.0017135486205532655,0.9796,0.0009995959183590132
unbounded,401,1.5912698412698412,0.93725,0.0017148241527923493,0.97955,0.0010007946217881062
unbounded,402,1.5952380952380953,0.93715,0.0017160984456026987,0.97955,0.0010007946217881062
unbounded,403,1.5992063492063493,0.9369,0.001719278773206952,0.97945,0.0010031873578748877
unbounded,404,1.6031746031746033,0.9368,0.0017205487496726158,0.97945,0.0010031873578748877
unbounded,405,1.6071428571428572,0.93675,0.0017211832775738908,0.97945,0.0010031873578748877
unbounded,406,1.6111111111111112,0.93665,0.0017224514144091266,0.9794,0.0010043814016597468
unbounded,407,1.6150793650793651,0.9365,0.0017243513273112298,0.9794,0.0010043814016597468
unbounded,408,1.619047619047619,0.9365,0.0017243513273112298,0.9794,0.0010043814016597468
unbounded,409,1.623015873015873,0.93625,0.0017275117582812565,0.9794,0.0010043814016597468
unbounded,410,1.626984126984127,0.93615,0.0017287738067775086,0.9794,0.0010043814016597468
unbounded,411,1.630952380952381,0.93605,0.001730034645606844,0.9793,0.0010067648682785878
unbounded,412,1.6349206349206349,0.9359,0.0017319236415038633,0.9793,0.0010067648682785878
unbounded,413,1.6388888888888888,0.93565,0.001735065956959562,0.9793,0.0010067648682785878
unbounded,414,1.6428571428571428,0.93565,0.001735065956959562,0.9793,0.0010067648682785878
unbounded,415,1.6468253968253967,0.9356,0.0017356935213337637,0.97925,0.001007954302039533
unbounded,416,1.6507936507936507,0.9352,0.0017407033061380675,0.97905,0.0010126968327194476
unbounded,417,1.6547619047619047,0.9351,0.0017419527835162462,0.97905,0.0010126968327194476
unbounded,418,1.6587301587301588,0.935,0.001743201078476031,0.979,0.001013878690968501
unbounded,419,1.6626984126984128,0.9348,0.0017456941312841724,0.979,0.001013878690968501
unbounded,420,1.6666666666666667,0.9347,0.001746938894180332,0.979,0.001013878690968501
unbounded,421,1.6706349206349207,0.9346,0.0017481824847538087,0.979,0.001013878690968501
unbounded,422,1.6746031746031746,0.9344,0.001750666158923511,0.9789,0.0010162379150572961
unbounded,423,1.6785714285714286,0.93425,0.001752525855729381,0.9789,0.0010162379150572961
unbounded,424,1.6825396825396826,0.9341,0.001754382939953532,0.9789,0.0010162379150572961
unbounded,425,1.6865079365079365,0.934,0.0017556195487633411,0.97885,0.0010174152913142206
unbounded,426,1.6904761904761905,0.9338,0.001758089303761331,0.9788,0.0010185911839398572
unbounded,427,1.6944444444444444,0.9337,0.0017593224548103743,0.9788,0.0010185911839398572
unbounded,428,1.6984126984126984,0.93355,0.0017611700301220208,0.9788,0.0010185911839398572
unbounded,429,1.7023809523809523,0.9335,0.0017617853160927413,0.9788,0.0010185911839398572
unbounded,430,1.7063492063492063,0.93335,0.0017636294607995182,0.9788,0.0010185911839398572
unbounded,431,1.7103174603174602,0.93325,0.0017648574659161569,0.9788,0.0010185911839398572
unbounded,432,1.7142857142857142,0.9332,0.0017654710419601899,0.97875,0.001019765598066536
unbounded,433,1.7182539682539681,0.93305,0.0017673100675885934,0.97875,0.001019765598066536
unbounded,434,1.7222222222222223,0.9329,0.0017691465456541472,0.9787,0.0010209385387965327
unbounded,435,1.7261904761904763,0.93265,0.0017722017026851095,0.9787,0.0010209385387965327
unbounded,436,1.7301587301587302,0.93245,0.0017746407735088248,0.97845,0.0010267813180030098
unbounded,437,1.7341269841269842,0.93225,0.001777075371220928,0.9784,0.0010279455238484177
unbounded,438,1.7380952380952381,0.93205,0.0017795055141808349,0.9783,0.0010302696249040843
unbounded,439,1.742063492063492,0.9319,0.0017813252089385594,0.9782,0.0010325880107768064
unbounded,440,1.746031746031746,0.93185,0.0017819312206143092,0.9781,0.0010349007198760668
unbounded,441,1.75,0.93175,0.0017831424157929735,0.97805,0.0010360549575191469
unbounded,442,1.753968253968254,0.93145,0.0017867693961448972,0.978,0.0010372077901751417
unbounded,443,1.757936507936508,0.9314,0.001787372932546535,0.978,0.0010372077901751417
unbounded,444,1.7619047619047619,0.93135,0.0017879761953113356,0.978,0.0010372077901751417
unbounded,445,1.7658730158730158,0.93105,0.0017915900409971022,0.9779,0.0010395092592180217
unbounded,446,1.7698412698412698,0.93085,0.001793993833601443,0.9779,0.0010395092592180217
unbounded,447,1.7738095238095237,0.93055,0.0017975914093586454,0.97775,0.001042951041516331
unbounded,448,1.7777777777777777,0.93035,0.0017999844096547057,0.97765,0.0010452386689172952
unbounded,449,1.7817460317460319,0.93005,0.0018035658776435082,0.97765,0.0010452386689172952
unbounded,450,1.7857142857142858,0.92995,0.0018047575668216488,0.9776,0.0010463804279515164
unbounded,451,1.7896825396825398,0.92985,0.0018059481927785199,0.9775,0.0010486598590582165
unbounded,452,1.7936507936507937,0.92965,0.0018083262634270402,0.97745,0.0010497975400047374
unbounded,453,1.7976190476190477,0.92955,0.001809513712299523,0.9774,0.0010509338704219203
unbounded,454,1.8015873015873016,0.92955,0.001809513712299523,0.9774,0.0010509338704219203
unbounded,455,1.8055555555555556,0.9292,0.0018136614899148073,0.97735,0.0010520688546858507
unbounded,456,1.8095238095238095,0.92895,0.0018166163257551105,0.97715,0.0010565954168933356
unbounded,457,1.8134920634920635,0.92865,0.0018201535306121845,0.97715,0.0010565954168933356
unbounded,458,1.8174603174603174,0.92855,0.0018213305232713806,0.97715,0.0010565954168933356
unbounded,459,1.8214285714285714,0.92825,0.0018248553024829118,0.97715,0.0010565954168933356
unbounded,460,1.8253968253968254,0.92805,0.001827200009577495,0.9771,0.0010577237351974292
unbounded,461,1.8293650793650793,0.928,0.0018277855454073373,0.97705,0.0010588507331064192
unbounded,462,1.8333333333333333,0.928,0.0018277855454073373,0.97705,0.0010588507331064192
unbounded,463,1.8373015873015872,0.9277,0.0018312933953902638,0.97695,0.0010611007845628994
unbounded,464,1.8412698412698412,0.92765,0.0018318771451710405,0.97685,0.0010633456046836326
unbounded,465,1.8452380952380953,0.9276,0.0018324606407778589,0.97685,0.0010633456046836326
unbounded,466,1.8492063492063493,0.92735,0.0018353743146835198,0.97685,0.0010633456046836326
unbounded,467,1.8531746031746033,0.9272,0.0018371194844103089,0.9768,0.0010644660633387989
unbounded,468,1.8571428571428572,0.927,0.0018394428504305315,0.97665,0.0010678196828116623
unbounded,469,1.8611111111111112,0.9269,0.0018406030261846258,0.97665,0.0010678196828116623
unbounded,470,1.8650793650793651,0.9268,0.0018417621996338186,0.97665,0.0010678196828116623
unbounded,471,1.869047619047619,0.9266,0.0018440775471763656,0.9765,0.0010711617524911906
unbounded,472,1.873015873015873,0.92645,0.0018458114408032042,0.9764,0.001073383435683632
unbounded,473,1.876984126984127,0.92625,0.0018481198216024845,0.97635,0.001074492380149807
unbounded,474,1.880952380952381,0.9261,0.001849848507310801,0.9763,0.0010756000650799546
unbounded,475,1.8849206349206349,0.92595,0.001851574971476985,0.9763,0.0010756000650799546
unbounded,476,1.8888888888888888,0.9258,0.0018532992203095543,0.97625,0.0010767064943613938
unbounded,477,1.8928571428571428,0.9257,0.0018544474918422472,0.97615,0.0010789156014258028
unbounded,478,1.8968253968253967,0.9256,0.00185559478335115,0.97615,0.0010789156014258028
unbounded,479,1.9007936507936507,0.92525,0.0018596026121190513,0.9761,0.0010800182868822184
unbounded,480,1.9047619047619047,0.92515,0.0018607455159155963,0.9761,0.0010800182868822184
unbounded,481,1.9087301587301588,0.92485,0.0018641684137974237,0.97605,0.001081119732037114
unbounded,482,1.9126984126984128,0.9248,0.0018647380513090845,0.976,0.001082219940677495
unbounded,483,1.9166666666666667,0.9247,0.0018658766036370148,0.97595,0.0010833189165707394
unbounded,484,1.9206349206349207,0.9246,0.0018670141938399935,0.97595,0.0010833189165707394
unbounded,485,1.9246031746031746,0.92435,0.001869853971571042,0.97585,0.0010855131850880486
unbounded,486,1.9285714285714286,0.9243,0.00187042120924673,0.9757,0.0010887954353320918
unbounded,487,1.9325396825396826,0.9241,0.0018726877742966121,0.97555,0.0010920667905398454
unbounded,488,1.9365079365079365,0.92385,0.0018755156291004355,0.97545,0.0010942416894818064
unbounded,489,1.9404761904761905,0.9238,0.001876080488678458,0.97545,0.0010942416894818064
unbounded,490,1.9444444444444444,0.9236,0.001878337562846466,0.97545,0.0010942416894818064
unbounded,491,1.9484126984126984,0.92335,0.0018811536021813848,0.97545,0.0010942416894818064
unbounded,492,1.9523809523809523,0.92325,0.0018822783734081415,0.9754,0.0010953273483301684
unbounded,493,1.9563492063492063,0.92315,0.0018834022074426904,0.97535,0.0010964118181595807
unbounded,494,1.9603174603174602,0.92295,0.0018856470706364958,0.9753,0.0010974951024947685
unbounded,495,1.9642857142857142,0.9229,0.001886207703303111,0.9753,0.0010974951024947685
unbounded,496,1.9682539682539681,0.92285,0.0018867681031329744,0.9752,0.0010996581286927326
unbounded,497,1.9722222222222223,0.92275,0.001887888205111733,0.9752,0.0010996581286927326
unbounded,498,1.9761904761904763,0.9227,0.0018884479076744483,0.97505,0.0011028938638871835
unbounded,499,1.9801587301587302,0.9225,0.0018906843998933297,0.97505,0.0011028938638871835
unbounded,500,1.9841269841269842,0.9224,0.0018918012580606874,0.97495,0.0011050451913835926
unbounded,501,1.9880952380952381,0.9221,0.001895146300421157,0.9749,0.001106119116551197
unbounded,502,1.992063492063492,0.92195,0.0018968157198315282,0.9748,0.0011082635065723313
unbounded,503,1.996031746031746,0.9218,0.0018984830786709693,0.97475,0.0011093339781147965
unbounded,504,2.0,0.92155,0.0019012574457447893,0.97465,0.0011114714908624509
unbounded,505,2.003968253968254,0.92155,0.0019012574457447893,0.97465,0.0011114714908624509
unbounded,506,2.007936507936508,0.9213,0.0019040261290223933,0.9746,0.001112538538658324
unbounded,507,2.011904761904762,0.9213,0.0019040261290223933,0.9746,0.001112538538658324
unbounded,508,2.015873015873016,0.92105,0.0019067891532626251,0.9746,0.001112538538658324
unbounded,509,2.0198412698412698,0.9209,0.0019084442616958972,0.9745,0.0011146692334499946
unbounded,510,2.0238095238095237,0.9207,0.0019106479267515513,0.97445,0.0011157328869402382
unbounded,511,2.0277777777777777,0.9205,0.0019128480075531356,0.97445,0.0011157328869402382
unbounded,512,2.0317460317460316,0.9204,0.0019139467077220304,0.9744,0.0011167954154633686
unbounded,513,2.0357142857142856,0.9202,0.0019161414352808093,0.97435,0.0011178568222272465
unbounded,514,2.0396825396825395,0.92,0.0019183326093250874,0.97435,0.0011178568222272465
unbounded,515,2.0436507936507935,0.9198,0.0019205202420177721,0.97435,0.0011178568222272465
unbounded,516,2.0476190476190474,0.91975,0.0019210665982729493,0.9743,0.0011189171104241803
unbounded,517,2.0515873015873014,0.91965,0.0019221586497997509,0.9743,0.0011189171104241803
unbounded,518,2.0555555555555554,0.91965,0.0019221586497997509,0.9743,0.0011189171104241803
unbounded,519,2.0595238095238093,0.9196,0.0019227043454467982,0.97425,0.0011199762832310345
unbounded,520,2.0634920634920637,0.91935,0.0019254295300010333,0.97425,0.0011199762832310345
unbounded,521,2.0674603174603177,0.9192,0.0019270620124946678,0.97425,0.0011199762832310345
unbounded,522,2.0714285714285716,0.919,0.0019292355999203411,0.9742,0.0011210343438093242
unbounded,523,2.0753968253968256,0.9189,0.0019303210872805587,0.97415,0.0011220912953053338
unbounded,524,2.0793650793650795,0.91875,0.001931947689509217,0.97405,0.0011242018835600665
unbounded,525,2.0833333333333335,0.91855,0.0019341134597018865,0.97405,0.0011242018835600665
unbounded,526,2.0873015873015874,0.91835,0.001936275774521801,0.974,0.0011252555265360846
unbounded,527,2.0912698412698414,0.91825,0.0019373556397832587,0.97395,0.0011263080728646142
unbounded,528,2.0952380952380953,0.9181,0.001938973826538151,0.97395,0.0011263080728646142
unbounded,529,2.0992063492063493,0.91795,0.0019405900842269597,0.97395,0.0011263080728646142
unbounded,530,2.1031746031746033,0.91775,0.0019427421020300152,0.9739,0.001127359525617272
unbounded,531,2.107142857142857,0.9174,0.0019464999357821722,0.9738,0.0011294591626083699
unbounded,532,2.111111111111111,0.91715,0.0019491777433061355,0.97355,0.001134689329728626
unbounded,533,2.115079365079365,0.917,0.0019507818945233213,0.97345,0.0011367738891265924
unbounded,534,2.119047619047619,0.91695,0.001951316190421224,0.9734,0.0011378145718877034
unbounded,535,2.123015873015873,0.91685,0.0019523841514927326,0.97335,0.0011388541939159717
unbounded,536,2.126984126984127,0.91665,0.001954517555561986,0.97335,0.0011388541939159717
unbounded,537,2.130952380952381,0.91655,0.001955583001306772,0.9733,0.0011398927581136734
unbounded,538,2.134920634920635,0.9163,0.001958242962453842,0.97315,0.0011430021325439432
unbounded,539,2.138888888888889,0.91615,0.0019598364408796973,0.97315,0.0011430021325439432
unbounded,540,2.142857142857143,0.91585,0.00196301779793256,0.97305,0.0011450698122822038
unbounded,541,2.1468253968253967,0.91575,0.0019640765960114697,0.973,0.0011461020896935846
unbounded,542,2.1507936507936507,0.91575,0.0019640765960114697,0.97295,0.001147133329216792
unbounded,543,2.1547619047619047,0.91565,0.0019651345691834954,0.9729,0.0011481635336484087
unbounded,544,2.1587301587301586,0.9156,0.0019656632468457056,0.97285,0.001149192705772187
unbounded,545,2.1626984126984126,0.91535,0.001968303552554839,0.97275,0.001151247964167581
unbounded,546,2.1666666666666665,0.9151,0.0019709387357297534,0.97265,0.0011532991264195074
unbounded,547,2.1706349206349205,0.91505,0.0019714651594689666,0.97265,0.0011532991264195074
unbounded,548,2.1746031746031744,0.91505,0.0019714651594689666,0.97265,0.0011532991264195074
unbounded,549,2.1785714285714284,0.91485,0.001973568816889849,0.97265,0.0011532991264195074
unbounded,550,2.1825396825396823,0.9147,0.0019751444250990864,0.97265,0.0011532991264195074
unbounded,551,2.1865079365079363,0.9143,0.001979337136518183,0.9726,0.00115432317831706
unbounded,552,2.1904761904761907,0.91405,0.0019819510273969936,0.97255,0.001155346214344427
unbounded,553,2.1944444444444446,0.9139,0.001983516952284502,0.97245,0.0011573892495612694
unbounded,554,2.1984126984126986,0.91375,0.001985081075170483,0.97245,0.0011573892495612694
unbounded,555,2.2023809523809526,0.91355,0.001987163776592156,0.9724,0.0011584092541066814
unbounded,556,2.2063492063492065,0.9135,0.0019876839537511996,0.9724,0.0011584092541066814
unbounded,557,2.2103174603174605,0.9132,0.0019908008438816777,0.97225,0.001161463247373761
unbounded,558,2.2142857142857144,0.91315,0.0019913196315508967,0.9722,0.0011624792471265895
unbounded,559,2.2182539682539684,0.91305,0.00199235661341036,0.97215,0.0011634942522419274
unbounded,560,2.2222222222222223,0.91295,0.0019933928049935363,0.9721,0.0011645082653206037
unbounded,561,2.2261904761904763,0.91275,0.001995462822254527,0.9721,0.0011645082653206037
unbounded,562,2.2301587301587302,0.9124,0.0019990777873809713,0.972,0.0011665333257134154
unbounded,563,2.234126984126984,0.91215,0.0020016540347922267,0.972,0.0011665333257134154
unbounded,564,2.238095238095238,0.912,0.002003197444087826,0.972,0.0011665333257134154
unbounded,565,2.242063492063492,0.91165,0.0020067919361508313,0.972,0.0011665333257134154
unbounded,566,2.246031746031746,0.9115,0.0020083295297336043,0.972,0.0011665333257134154
unbounded,567,2.25,0.9113,0.0020103769547027742,0.972,0.0011665333257134154
unbounded,568,2.253968253968254,0.9112,0.0020113995127771112,0.97195,0.0011675443781715541
unbounded,569,2.257936507936508,0.91065,0.0020170098847055763,0.9719,0.001168554448881181
unbounded,570,2.261904761904762,0.91045,0.0020190442974338135,0.97175,0.0011715787958989357
unbounded,571,2.265873015873016,0.9103,0.0020205681131800534,0.9717,0.0011725849649385752
unbounded,572,2.2698412698412698,0.9102,0.002021583043063035,0.97165,0.0011735901648360894
unbounded,573,2.2738095238095237,0.91005,0.002023104019817073,0.97155,0.0011755976671463748
unbounded,574,2.2777777777777777,0.91,0.0020236106344848057,0.97155,0.0011755976671463748
unbounded,575,2.2817460317460316,0.90995,0.0020241170605970393,0.97155,0.0011755976671463748
unbounded,576,2.2857142857142856,0.90965,0.0020271516655149414,0.97135,0.0011796011508132729
unbounded,577,2.2896825396825395,0.90945,0.002029170982199381,0.97125,0.0011815971712051457
unbounded,578,2.2936507936507935,0.9092,0.0020316909213755913,0.9712,0.001182593759496473
unbounded,579,2.2976190476190474,0.90905,0.0020332006479932075,0.97115,0.0011835894030448237
unbounded,580,2.3015873015873014,0.909,0.0020337035182149826,0.97105,0.0011855778654310317
unbounded,581,2.3055555555555554,0.9089,0.002034708701509874,0.97105,0.0011855778654310317
unbounded,582,2.3095238095238093,0.9088,0.002035713142856821,0.97105,0.0011855778654310317
unbounded,583,2.3134920634920637,0.9088,0.002035713142856821,0.971,0.0011865706890025563
unbounded,584,2.3174603174603177,0.90855,0.002038221007398364,0.971,0.0011865706890025563
unbounded,585,2.3214285714285716,0.9084,0.002039723510674915,0.97095,0.001187562577298561
unbounded,586,2.3253968253968256,0.9082,0.0020417242712962,0.97085,0.0011895435574202403
unbounded,587,2.3293650793650795,0.908,0.0020437220946107125,0.97075,0.001191520824408873
unbounded,588,2.3333333333333335,0.90775,0.0020462152562719304,0.97075,0.001191520824408873
unbounded,589,2.3373015873015874,0.90765,0.002047211243374753,0.9707,0.0011925080712515113
unbounded,590,2.3412698412698414,0.9075,0.0020487038585408094,0.9706,0.0011944798030942168
unbounded,591,2.3452380952380953,0.9075,0.0020487038585408094,0.9705,0.0011964478676482308
unbounded,592,2.3492063492063493,0.9074,0.0020496980265395197,0.9705,0.0011964478676482308
unbounded,593,2.3531746031746033,0.90715,0.002052180273514001,0.97045,0.0011974305303440356
unbounded,594,2.357142857142857,0.90695,0.002054162816088345,0.97045,0.0011974305303440356
unbounded,595,2.361111111111111,0.90675,0.002056142474392279,0.9704,0.0011984122829811108
unbounded,596,2.365079365079365,0.90635,0.0020600931714366707,0.9704,0.0011984122829811108
unbounded,597,2.369047619047619,0.90625,0.0020610790559801436,0.97035,0.0011993931277942183
unbounded,598,2.373015873015873,0.906,0.0020635406465587245,0.9703,0.0012003730670087519
unbounded,599,2.376984126984127,0.90595,0.0020640324307045176,0.9703,0.0012003730670087519
unbounded,600,2.380952380952381,0.90575,0.0020659977916251504,0.9702,0.0012023302374971705
unbounded,601,2.384920634920635,0.90565,0.002066979408460569,0.97015,0.0012033074731754982
unbounded,602,2.388888888888889,0.9056,0.002067469951414047,0.9701,0.00120428381206425
unbounded,603,2.392857142857143,0.90545,0.002068940519928014,0.97,0.0012062338081814824
unbounded,604,2.3968253968253967,0.9053,0.0020704095005578006,0.96995,0.0012072074697416352
unbounded,605,2.4007936507936507,0.90515,0.0020718768966808813,0.9699,0.0012081802431756616
unbounded,606,2.4047619047619047,0.90495,0.0020738309658696868,0.96985,0.001209152130627077
unbounded,607,2.4087301587301586,0.9047,0.002076269611587089,0.9698,0.0012101231342305627
unbounded,608,2.4126984126984126,0.9046,0.002077243847024225,0.9698,0.0012101231342305627
unbounded,609,2.4166666666666665,0.90445,0.002078703893054516,0.9697,0.0012120624983885937
unbounded,610,2.4206349206349205,0.90425,0.0020806481862631174,0.9695,0.0012159307134865863
unbounded,611,2.4246031746031744,0.9042,0.002081133825586428,0.96945,0.0012168955891940765
unbounded,612,2.4285714285714284,0.9039,0.0020840440254466792,0.96945,0.0012168955891940765
unbounded,613,2.4325396825396823,0.90385,0.0020845284538715224,0.96945,0.0012168955891940765
unbounded,614,2.4365079365079363,0.90365,0.002086464443742093,0.9694,0.001217859597819058
unbounded,615,2.4404761904761907,0.90345,0.0020883976812379394,0.9694,0.001217859597819058
unbounded,616,2.4444444444444446,0.9034,0.0020888805614491224,0.96935,0.0012188227414189473
unbounded,617,2.4484126984126986,0.90335,0.0020893632702333026,0.9693,0.0012197850220428178
unbounded,618,2.4523809523809526,0.9032,0.002090810369210943,0.9693,0.0012197850220428178
unbounded,619,2.4563492063492065,0.9032,0.002090810369210943,0.9693,0.0012197850220428178
unbounded,620,2.4603174603174605,0.9031,0.0020917742469014193,0.9693,0.0012197850220428178
unbounded,621,2.4642857142857144,0.90285,0.0020941809556482933,0.9691,0.0012236255554703007
unbounded,622,2.4682539682539684,0.9028,0.002094661786542161,0.96905,0.001224583551661544
unbounded,623,2.4722222222222223,0.90275,0.0020951424474245175,0.969,0.0012255406969986762
unbounded,624,2.4761904761904763,0.90265,0.002096103259622484,0.969,0.0012255406969986762
unbounded,625,2.4801587301587302,0.90255,0.0020970633931762773,0.96895,0.0012264969934736901
unbounded,626,2.484126984126984,0.9024,0.002098502323086634,0.9689,0.0012274524430706066
unbounded,627,2.488095238095238,0.90215,0.0021008971595487484,0.96885,0.00122840704776552
unbounded,628,2.492063492063492,0.90195,0.0021028099949829035,0.9688,0.001229360809526642
unbounded,629,2.496031746031746,0.9018,0.0021042428567064207,0.96875,0.0012303137303143455
unbounded,630,2.5,0.9015,0.0021071040553328167,0.9687,0.0012312658120812094
unbounded,631,2.503968253968254,0.9013,0.002109008179216003,0.96865,0.0012322170567720604
unbounded,632,2.507936507936508,0.90125,0.0021094837934907203,0.9686,0.0012331674663240185
unbounded,633,2.511904761904762,0.90115,0.002110434522793825,0.9686,0.0012331674663240185
unbounded,634,2.515873015873016,0.90105,0.002111384587184438,0.9686,0.0012331674663240185
unbounded,635,2.5198412698412698,0.90095,0.002112333987559732,0.9685,0.0012350657877214471
unbounded,636,2.5238095238095237,0.90085,0.002113282724814642,0.96845,0.0012360137034029997
unbounded,637,2.5277777777777777,0.90065,0.0021151782135319006,0.96835,0.001237907054265383
unbounded,638,2.5317460317460316,0.90055,0.0021161249667729933,0.9683,0.0012388524932371882
unbounded,639,2.5357142857142856,0.9004,0.0021175438602305265,0.96825,0.0012397971104176671
unbounded,640,2.5396825396825395,0.90005,0.0021208488571795962,0.96825,0.0012397971104176671
unbounded,641,2.5436507936507935,0.9,0.0021213203435596424,0.9682,0.0012407409076837929
unbounded,642,2.5476190476190474,0.89975,0.0021236753224068874,0.9681,0.0012426260499442308
unbounded,643,2.5515873015873014,0.8993,0.0021279040156924373,0.96795,0.0012454476604819653
unbounded,644,2.5555555555555554,0.8991,0.0021297792139092727,0.96795,0.0012454476604819653
unbounded,645,2.5595238095238093,0.8989,0.002131651824290261,0.96785,0.001247324687080313
unbounded,646,2.5634920634920637,0.8988,0.0021325871611730194,0.96785,0.001247324687080313
unbounded,647,2.5674603174603177,0.8987,0.0021335218536495,0.96775,0.0012491984930346337
unbounded,648,2.5714285714285716,0.89855,0.0021349226859537565,0.96765,0.0012510690928162198
unbounded,649,2.5753968253968256,0.8984,0.0021363220730966576,0.96765,0.0012510690928162198
unbounded,650,2.5793650793650795,0.89835,0.002136788214821488,0.9676,0.0012520031948841021
unbounded,651,2.5833333333333335,0.8983,0.0021372541963931195,0.9676,0.0012520031948841021
unbounded,652,2.5873015873015874,0.89815,0.0021386511812355002,0.9676,0.0012520031948841021
unbounded,653,2.5912698412698414,0.898,0.0021400467284617875,0.9675,0.0012538690122975362
unbounded,654,2.5952380952380953,0.89785,0.002141440840882605,0.9675,0.0012538690122975362
unbounded,655,2.5992063492063493,0.89785,0.002141440840882605,0.9674,0.0012557316592329741
unbounded,656,2.6031746031746033,0.8977,0.002142833521298376,0.96735,0.0012566617981780133
unbounded,657,2.607142857142857,0.8974,0.0021456145972657812,0.96735,0.0012566617981780133
unbounded,658,2.611111111111111,0.8972,0.0021474654828425067,0.9673,0.0012575911497780183
unbounded,659,2.615079365079365,0.897,0.0021493138439976603,0.9673,0.0012575911497780183
unbounded,660,2.619047619047619,0.89685,0.002150698462128059,0.9673,0.0012575911497780183
unbounded,661,2.623015873015873,0.8967,0.0021520816666660207,0.9673,0.0012575911497780183
unbounded,662,2.626984126984127,0.89645,0.002154383873639979,0.96725,0.001258519715777229
unbounded,663,2.630952380952381,0.89635,0.002155303661900105,0.9672,0.0012594474979132726
unbounded,664,2.634920634920635,0.8963,0.0021557633218885603,0.96715,0.0012603744979171874
unbounded,665,2.638888888888889,0.8962,0.0021566821740812902,0.96715,0.0012603744979171874
unbounded,666,2.642857142857143,0.8961,0.0021576004032257687,0.96715,0.0012603744979171874
unbounded,667,2.6468253968253967,0.8961,0.0021576004032257687,0.9671,0.001261300717513473
unbounded,668,2.6507936507936507,0.89595,0.0021589765804658463,0.96705,0.0012622261584201153
unbounded,669,2.6547619047619047,0.8958,0.002160351360311558,0.967,0.0012631508223486226
unbounded,670,2.6587301587301586,0.89545,0.0021635537605985207,0.96695,0.0012640747110040614
unbounded,671,2.6626984126984126,0.8953,0.002164923901664906,0.96695,0.0012640747110040614
unbounded,672,2.6666666666666665,0.89525,0.002165380307243972,0.96685,0.001265920169283988
unbounded,673,2.6706349206349205,0.89515,0.0021662926568217877,0.96685,0.001265920169283988
unbounded,674,2.6746031746031744,0.8949,0.002168570842744133,0.96685,0.001265920169283988
unbounded,675,2.6785714285714284,0.8947,0.0021703906330428164,0.9668,0.0012668417422866997
unbounded,676,2.6825396825396823,0.89455,0.0021717538707229237,0.9668,0.0012668417422866997
unbounded,677,2.6865079365079363,0.89435,0.0021735693858259968,0.96675,0.001267762546772857
unbounded,678,2.6904761904761907,0.89415,0.002175382466372293,0.9667,0.0012686825844158182
unbounded,679,2.6944444444444446,0.89395,0.0021771931184440207,0.96655,0.0012714381129256742
unbounded,680,2.6984126984126986,0.8938,0.0021785495174542163,0.96655,0.0012714381129256742
unbounded,681,2.7023809523809526,0.89365,0.0021799045563969076,0.9665,0.0012723550998050815
unbounded,682,2.7063492063492065,0.89335,0.0021826105642097494,0.96645,0.001273271328115103
unbounded,683,2.7103174603174605,0.8933,0.002183061039000055,0.9664,0.0012741867994921303
unbounded,684,2.7142857142857144,0.89325,0.002183511363606794,0.96635,0.001275101515566505
unbounded,685,2.7182539682539684,0.89315,0.00218441156264107,0.9663,0.0012760154779625512
unbounded,686,2.7222222222222223,0.89285,0.0021871085649779708,0.96615,0.001278752859234341
unbounded,687,2.7261904761904763,0.8928,0.0021875575421003214,0.96615,0.001278752859234341
unbounded,688,2.7301587301587302,0.89255,0.002189800190656673,0.96605,0.001280574041201836
unbounded,689,2.734126984126984,0.8922,0.0021929336515271046,0.966,0.0012814835153056013
unbounded,690,2.738095238095238,0.8922,0.0021929336515271046,0.966,0.0012814835153056013
unbounded,691,2.742063492063492,0.8918,0.002196505861590175,0.9659,0.0012833002376684893
unbounded,692,2.746031746031746,0.8917,0.002197397437879638,0.9659,0.0012833002376684893
unbounded,693,2.75,0.8916,0.0021982884251162318,0.96585,0.0012842074890764344
unbounded,694,2.753968253968254,0.89145,0.002199623803062697,0.9658,0.0012851140027250502
unbounded,695,2.757936507936508,0.89135,0.002200513320795855,0.96575,0.001286019780174473
unbounded,696,2.761904761904762,0.89125,0.0022014022519748636,0.9657,0.0012869248229791823
unbounded,697,2.765873015873016,0.89095,0.0022040655332816214,0.96565,0.0012878291326880284
unbounded,698,2.7698412698412698,0.89075,0.002205838134360724,0.96565,0.0012878291326880284
unbounded,699,2.7738095238095237,0.8906,0.002207166056281222,0.9656,0.0012887327108442616
unbounded,700,2.7777777777777777,0.89035,0.002209376354313588,0.9656,0.0012887327108442616
unbounded,701,2.7817460317460316,0.89015,0.002211141984360118,0.96535,0.001293239681961545
unbounded,702,2.7857142857142856,0.88995,0.002212905301859978,0.96535,0.001293239681961545
unbounded,703,2.7896825396825395,0.88985,0.0022137860951320478,0.96535,0.001293239681961545
unbounded,704,2.7936507936507935,0.8895,0.0022168643395571144,0.9653,0.001294138902900302
unbounded,705,2.7976190476190474,0.88935,0.002218181434193335,0.96525,0.001295037402934756
unbounded,706,2.8015873015873014,0.88925,0.0022190587813304993,0.9652,0.0012959351835643642
unbounded,707,2.8055555555555554,0.8891,0.002220373729803161,0.96515,0.0012968322462832277
unbounded,708,2.8095238095238093,0.88895,0.002221687393626745,0.9651,0.0012977285925801288
unbounded,709,2.8134920634920637,0.8887,0.0022238739847392427,0.96505,0.0012986242239385502
unbounded,710,2.8174603174603177,0.88865,0.002224310876428922,0.96505,0.0012986242239385502
unbounded,711,2.8214285714285716,0.8885,0.0022256206999396824,0.965,0.0012995191418367033
unbounded,712,2.8253968253968256,0.88835,0.002226929247865769,0.965,0.0012995191418367033
unbounded,713,2.8293650793650795,0.8881,0.00222910733254368,0.9649,0.0013013068431388505
unbounded,714,2.8333333333333335,0.88795,0.0022304124898771525,0.9649,0.0013013068431388505
unbounded,715,2.8373015873015874,0.88775,0.0022321507285575494,0.9649,0.0013013068431388505
unbounded,716,2.8412698412698414,0.88765,0.0022330190046213217,0.9648,0.00130309170820783
unbounded,717,2.8452380952380953,0.88745,0.0022347538734724236,0.96475,0.0013039830807951458
unbounded,718,2.8492063492063493,0.8874,0.002235187240478972,0.96465,0.0013057637133111028
unbounded,719,2.8531746031746033,0.88735,0.0022356204675659957,0.9646,0.001306652976118755
unbounded,720,2.857142857142857,0.88715,0.0022373519783440423,0.96455,0.0013075415385371124
unbounded,721,2.861111111111111,0.88705,0.0022382168963261803,0.96445,0.0013093165679086164
unbounded,722,2.865079365079365,0.8869,0.002239513228360127,0.9644,0.0013102030377006454
unbounded,723,2.869047619047619,0.8868,0.0022403767540304462,0.9644,0.0013102030377006454
unbounded,724,2.873015873015873,0.8867,0.002241239723902822,0.9644,0.0013102030377006454
unbounded,725,2.876984126984127,0.8865,0.0022429639988194197,0.9644,0.0013102030377006454
unbounded,726,2.880952380952381,0.88645,0.002243394721175924,0.9644,0.0013102030377006454
unbounded,727,2.884920634920635,0.88615,0.002245976151921476,0.9643,0.0013119738945573567
unbounded,728,2.888888888888889,0.88615,0.002245976151921476,0.9643,0.0013119738945573567
unbounded,729,2.892857142857143,0.88605,0.002246835524688,0.9643,0.0013119738945573567
unbounded,730,2.8968253968253967,0.88605,0.002246835524688,0.9643,0.0013119738945573567
unbounded,731,2.9007936507936507,0.88595,0.0022476943464359205,0.96425,0.0013128582844313386
unbounded,732,2.9047619047619047,0.88575,0.0022494103394000834,0.96415,0.0013146249940572416
unbounded,733,2.9087301587301586,0.8856,0.002250695892385286,0.964,0.0013172699040060094
unbounded,734,2.9126984126984126,0.88545,0.0022519802119468106,0.964,0.0013172699040060094
unbounded,735,2.9166666666666665,0.88535,0.0022528357407942553,0.96395,0.0013181501716420633
unbounded,736,2.9206349206349205,0.88525,0.0022536907230141408,0.9639,0.0013190297570562998
unbounded,737,2.9246031746031744,0.8852,0.0022541180093331404,0.9639,0.0013190297570562998
unbounded,738,2.9285714285714284,0.88515,0.0022545451592283533,0.9639,0.0013190297570562998
unbounded,739,2.9325396825396823,0.885,0.002255825791146116,0.9639,0.0013190297570562998
unbounded,740,2.9365079365079363,0.88495,0.0022562523961206114,0.9638,0.0013207868866702153
unbounded,741,2.9404761904761907,0.8849,0.0022566788650581187,0.9638,0.0013207868866702153
unbounded,742,2.9444444444444446,0.88465,0.0022588091718868148,0.9637,0.001322541303702837
unbounded,743,2.9484126984126986,0.8844,0.002260936089322297,0.9636,0.0013242930189350088
unbounded,744,2.9523809523809526,0.88425,0.002262210616852463,0.9636,0.0013242930189350088
unbounded,745,2.9563492063492065,0.88415,0.0022630596269210407,0.96355,0.0013251678667248158
unbounded,746,2.9603174603174605,0.88405,0.002263908097737185,0.9635,0.0013260420430740493
unbounded,747,2.9642857142857144,0.884,0.0022643321311150446,0.9635,0.0013260420430740493
unbounded,748,2.9682539682539684,0.88385,0.0022656034240351947,0.96335,0.0013286605567262085
unbounded,749,2.9722222222222223,0.88365,0.0022672966005796414,0.9633,0.0013295320605385933
unbounded,750,2.9761904761904763,0.88355,0.002268142384199017,0.9633,0.0013295320605385933
unbounded,751,2.9801587301587302,0.8835,0.002268565075108052,0.9633,0.0013295320605385933
unbounded,752,2.984126984126984,0.88345,0.002268987632183129,0.9633,0.0013295320605385933
unbounded,753,2.988095238095238,0.88325,0.0022706765236378346,0.96325,0.001330402899500748
unbounded,754,2.992063492063492,0.8831,0.002271941790627568,0.9632,0.0013312730749173898
unbounded,755,2.996031746031746,0.883,0.0022727846356397257,0.96315,0.0013321425880888284
unbounded,756,3.0,0.8827,0.002275309978881998,0.9631,0.0013330114403109982
unbounded,757,3.003968253968254,0.8827,0.002275309978881998,0.963,0.0013347471670694796
unbounded,758,3.007936507936508,0.88265,0.002275730404727238,0.96295,0.0013356140441759367
unbounded,759,3.011904761904762,0.8824,0.0022778305468142274,0.96295,0.0013356140441759367
unbounded,760,3.015873015873016,0.88225,0.0022790890449914413,0.96285,0.0013373458322363744
unbounded,761,3.0198412698412698,0.88225,0.0022790890449914413,0.96285,0.0013373458322363744
unbounded,762,3.0238095238095237,0.8822,0.0022795082803095936,0.9628,0.0013382107457347667
unbounded,763,3.0277777777777777,0.882,0.0022811839031520453,0.9627,0.001339938617997108
unbounded,764,3.0317460317460316,0.8818,0.0022828574199892553,0.9627,0.001339938617997108
unbounded,765,3.0357142857142856,0.88165,0.0022841111783361155,0.9627,0.001339938617997108
unbounded,766,3.0396825396825395,0.88155,0.002284946361514861,0.9626,0.001341663892336676
unbounded,767,3.0436507936507935,0.8813,0.0022870320286344924,0.96255,0.001342525558415928
unbounded,768,3.0476190476190474,0.8811,0.0022886982107739764,0.9625,0.0013433865787627918
unbounded,769,3.0515873015873014,0.881,0.0022895305195607244,0.9625,0.0013433865787627918
unbounded,770,3.0555555555555554,0.8807,0.0022920243236056632,0.9624,0.0013451066872185262
unbounded,771,3.0595238095238093,0.88055,0.00229326947282695,0.96225,0.0013476820377967488
unbounded,772,3.0634920634920637,0.88045,0.0022940989244145515,0.9622,0.001348539209663552
unbounded,773,3.0674603174603177,0.88025,0.0022957562751738264,0.96215,0.0013493957443982112
unbounded,774,3.0714285714285716,0.8801,0.002296997932084398,0.9621,0.0013502516432132203
unbounded,775,3.0753968253968256,0.8801,0.002296997932084398,0.96205,0.0013511069073171085
unbounded,776,3.0793650793650795,0.87995,0.0022982384286666167,0.9619,0.001353668903388122
unbounded,777,3.0833333333333335,0.8799,0.002298651670001351,0.9619,0.001353668903388122
unbounded,778,3.0873015873015874,0.8798,0.0022994777667983655,0.9619,0.001353668903388122
unbounded,779,3.0912698412698414,0.87965,0.0023007159483517297,0.9619,0.001353668903388122
unbounded,780,3.0952380952380953,0.8795,0.0023019529751930213,0.96185,0.0013545216406539988
unbounded,781,3.0992063492063493,0.8794,0.002302777019166207,0.9618,0.001355373749192451
unbounded,782,3.1031746031746033,0.87935,0.002303188849182802,0.9617,0.0013570760848235445
unbounded,783,3.107142857142857,0.87915,0.0023048348910496824,0.96165,0.001357926314274821
unbounded,784,3.111111111111111,0.8789,0.002306889572563021,0.96155,0.0013596249023168116
unbounded,785,3.115079365079365,0.87885,0.0023073001267715477,0.9615,0.0013604732632433462
unbounded,786,3.119047619047619,0.8787,0.0023085310264321767,0.96145,0.0013613210036578437
unbounded,787,3.123015873015873,0.8784,0.0023109893985044593,0.9614,0.0013621681247188242
unbounded,788,3.126984126984127,0.87835,0.002311398683697817,0.9614,0.0013621681247188242
unbounded,789,3.130952380952381,0.87815,0.002313034559836926,0.96135,0.0013630146275810829
unbounded,790,3.134920634920635,0.87795,0.0023146684157779487,0.9611,0.0013672379090706936
unbounded,791,3.138888888888889,0.87775,0.002316300255795867,0.96105,0.001368080726784791
unbounded,792,3.142857142857143,0.8776,0.002317522815421673,0.961,0.0013689229342808168
unbounded,793,3.1468253968253967,0.87755,0.0023179300841483542,0.961,0.0013689229342808168
unbounded,794,3.1507936507936507,0.87735,0.002319557905075879,0.961,0.0013689229342808168
unbounded,795,3.1547619047619047,0.87735,0.002319557905075879,0.96095,0.0013697645326843594
unbounded,796,3.1587301587301586,0.87725,0.002320371064075744,0.9608,0.0013722856845423991
unbounded,797,3.1626984126984126,0.87715,0.002321183722801795,0.9607,0.0013739634274608622
unbounded,798,3.1666666666666665,0.87695,0.002322807541532445,0.96065,0.0013748013947476195
unbounded,799,3.1706349206349205,0.87675,0.002324429365457251,0.9605,0.001377311693118155
unbounded,800,3.1746031746031744,0.8764,0.0023272627698650624,0.9604,0.0013789822333880877
unbounded,801,3.1785714285714284,0.87625,0.002328475225335241,0.9603,0.0013806503902146982
unbounded,802,3.1825396825396823,0.8761,0.002329686566901222,0.9603,0.0013806503902146982
unbounded,803,3.1865079365079363,0.876,0.002330493509967363,0.9603,0.0013806503902146982
unbounded,804,3.1904761904761907,0.87565,0.002333313925514524,0.96015,0.0013831481753593874
unbounded,805,3.1944444444444446,0.87565,0.002333313925514524,0.96015,0.0013831481753593874
unbounded,806,3.1984126984126986,0.87555,0.002334118650583127,0.9601,0.0013839795879997659
unbounded,807,3.2023809523809526,0.87535,0.0023357266267694946,0.96,0.0013856406460551025
unbounded,808,3.2063492063492065,0.8751,0.002337733838571021,0.95995,0.0013864702935872811
unbounded,809,3.2103174603174605,0.87495,0.002338936697518768,0.9599,0.0013872993548618125
unbounded,810,3.2142857142857144,0.87475,0.002340538800148376,0.95985,0.0013881278309291261
unbounded,811,3.2182539682539684,0.8746,0.002341739097337703,0.9598,0.0013889557228364052
unbounded,812,3.2222222222222223,0.8745,0.0023425386869804304,0.95975,0.0013897830316275993
unbounded,813,3.2261904761904763,0.8744,0.0023433377904177625,0.9597,0.0013906097583434398
unbounded,814,3.2301587301587302,0.87435,0.002343737159964829,0.9597,0.0013906097583434398
unbounded,815,3.234126984126984,0.8742,0.0023449345406641956,0.9597,0.0013906097583434398
unbounded,816,3.238095238095238,0.8741,0.00234573218846483,0.9596,0.0013922614696959762
unbounded,817,3.242063492063492,0.8737,0.0023489179423726147,0.9595,0.0013939108651560184
unbounded,818,3.246031746031746,0.8735,0.0023505079238326336,0.9594,0.0013955579529349538
unbounded,819,3.25,0.8734,0.00235130219240318,0.9594,0.0013955579529349538
unbounded,820,3.253968253968254,0.8731,0.002353682115324837,0.9594,0.0013955579529349538
unbounded,821,3.257936507936508,0.8728,0.0023560577242504053,0.95935,0.001396380633996332
unbounded,822,3.261904761904762,0.87275,0.002356453240571516,0.9593,0.0013972027411939894
unbounded,823,3.265873015873016,0.8726,0.0023576390733104162,0.95925,0.0013980242755403062
unbounded,824,3.2698412698412698,0.8724,0.0023592185146781132,0.95915,0.0013996656297130406
unbounded,825,3.2738095238095237,0.8723,0.0023600075211744564,0.95915,0.0013996656297130406
unbounded,826,3.2777777777777777,0.87225,0.002360401846084688,0.95915,0.0013996656297130406
unbounded,827,3.2817460317460316,0.87205,0.002361977958195207,0.95915,0.0013996656297130406
unbounded,828,3.2857142857142856,0.87185,0.002363552173107249,0.9591,0.0014004854515488557
unbounded,829,3.2896825396825395,0.87185,0.002363552173107249,0.9591,0.0014004854515488557
unbounded,830,3.2936507936507935,0.8717,0.002364731591534227,0.95905,0.0014013047045521548
unbounded,831,3.2976190476190474,0.87155,0.002365909946511067,0.95905,0.0014013047045521548
unbounded,832,3.3015873015873014,0.87145,0.002366694926474471,0.95905,0.0014013047045521548
unbounded,833,3.3055555555555554,0.8714,0.0023670872396259505,0.959,0.0014021233897200352
unbounded,834,3.3095238095238093,0.87125,0.0023682634724624713,0.9589,0.0014037590605228524
unbounded,835,3.3134920634920637,0.871,0.002370221508635849,0.95885,0.0014045760481369463
unbounded,836,3.3174603174603177,0.87085,0.0023713949217707285,0.95885,0.0014045760481369463
unbounded,837,3.3214285714285716,0.87065,0.002372957832537274,0.95885,0.0014045760481369463
unbounded,838,3.3253968253968256,0.8706,0.0023733482677432737,0.9588,0.0014053924718739604
unbounded,839,3.3293650793650795,0.87035,0.002375298691743841,0.95875,0.001406208332716031
unbounded,840,3.3333333333333335,0.87025,0.0023760780448040843,0.95865,0.0014078383696291275
unbounded,841,3.3373015873015874,0.8702,0.0023764675465909484,0.95865,0.0014078383696291275
unbounded,842,3.3412698412698414,0.87,0.002378024390118823,0.95855,0.001409466166674461
unbounded,843,3.3452380952380953,0.8698,0.0023795793745954343,0.9584,0.0014119036794342588
unbounded,844,3.3492063492063493,0.8696,0.00238113250366291,0.9583,0.001413525910622086
unbounded,845,3.3531746031746033,0.8695,0.0023819083735526015,0.95825,0.0014143361958883743
unbounded,846,3.357142857142857,0.86925,0.0023838460258582142,0.95815,0.00141595511051728
unbounded,847,3.361111111111111,0.86915,0.002384620278996218,0.95815,0.00141595511051728
unbounded,848,3.365079365079365,0.86905,0.002385394071217584,0.95805,0.0014175718235772048
unbounded,849,3.369047619047619,0.86875,0.002387712686861633,0.958,0.001418379356871779
unbounded,850,3.373015873015873,0.86865,0.0023884846398919963,0.958,0.001418379356871779
unbounded,851,3.376984126984127,0.86855,0.0023892561342392735,0.95795,0.0014191863425921211
unbounded,852,3.380952380952381,0.86845,0.0023900271703476508,0.9579,0.0014199927816717947
unbounded,853,3.384920634920635,0.86825,0.0023915678696202628,0.95785,0.0014207986750416123
unbounded,854,3.388888888888889,0.8681,0.0023927221944889466,0.95785,0.0014207986750416123
unbounded,855,3.392857142857143,0.8679,0.0023942596976936313,0.95775,0.0014224088283612416
unbounded,856,3.3968253968253967,0.86745,0.002397712425417193,0.95765,0.0014240168099429165
unbounded,857,3.4007936507936507,0.86735,0.0023984784499761513,0.95765,0.0014240168099429165
unbounded,858,3.4047619047619047,0.8673,0.002398861292363525,0.95765,0.0014240168099429165
unbounded,859,3.4087301587301586,0.8671,0.0024003915305632955,0.9576,0.0014248199886301427
unbounded,860,3.4126984126984126,0.8668,0.002402683499756054,0.95745,0.001427226287243897
unbounded,861,3.4166666666666665,0.8666,0.0024042092255043028,0.95735,0.0014288277975319484
unbounded,862,3.4206349206349205,0.86655,0.0024045903757189077,0.9572,0.0014312260478345122
unbounded,863,3.4246031746031744,0.8665,0.0024049714135515204,0.9572,0.0014312260478345122
unbounded,864,3.4285714285714284,0.8663,0.002406494442129464,0.9571,0.0014328222150706631
unbounded,865,3.4325396825396823,0.86605,0.0024083957056513783,0.9571,0.0014328222150706631
unbounded,866,3.4365079365079363,0.866,0.002408775622593354,0.9571,0.0014328222150706631
unbounded,867,3.4404761904761907,0.8659,0.0024095351211385154,0.9571,0.0014328222150706631
unbounded,868,3.4444444444444446,0.8658,0.0024102941729174884,0.9571,0.0014328222150706631
unbounded,869,3.4484126984126986,0.8657,0.0024110527783522285,0.9571,0.0014328222150706631
unbounded,870,3.4523809523809526,0.8656,0.0024118109378639114,0.95705,0.0014336195014717126
unbounded,871,3.4563492063492065,0.8654,0.0024133259207989297,0.957,0.00143441625757658
unbounded,872,3.4603174603174605,0.8652,0.002414839125076451,0.95695,0.001435212484268445
unbounded,873,3.4642857142857144,0.865,0.002416350554038052,0.9569,0.001436008182427942
unbounded,874,3.4682539682539684,0.8647,0.002418614376042613,0.9568,0.0014375979966597062
unbounded,875,3.4722222222222223,0.8645,0.0024201213812534276,0.9567,0.001439185707266439
unbounded,876,3.4761904761904763,0.86435,0.002421250477542545,0.95665,0.0014399787758852557
unbounded,877,3.4801587301587302,0.86405,0.00242350569939499,0.9566,0.0014407713212026396
unbounded,878,3.484126984126984,0.8639,0.002424631827721479,0.9565,0.0014423548453830629
unbounded,879,3.488095238095238,0.86375,0.0024257569694839587,0.9564,0.0014439362866830374
unbounded,880,3.492063492063492,0.8637,0.0024261317977389437,0.9564,0.0014439362866830374
unbounded,881,3.496031746031746,0.8636,0.002426881126054591,0.9564,0.0014439362866830374
unbounded,882,3.5,0.86355,0.0024272556262165713,0.9564,0.0014439362866830374
unbounded,883,3.503968253968254,0.8634,0.0024283784713260825,0.9564,0.0014439362866830374
unbounded,884,3.507936507936508,0.86325,0.0024295003344309302,0.95635,0.0014447262283906936
unbounded,885,3.511904761904762,0.86305,0.002430994626690894,0.9563,0.0014455156519387808
unbounded,886,3.515873015873016,0.8629,0.0024321142037330404,0.95625,0.001446304558175766
unbounded,887,3.5198412698412698,0.8628,0.0024328600452964816,0.95625,0.001446304558175766
unbounded,888,3.5238095238095237,0.86265,0.0024339779939432484,0.9562,0.0014470929479477113
unbounded,889,3.5277777777777777,0.86255,0.002434722751156689,0.95615,0.0014478808220982822
unbounded,890,3.5317460317460316,0.8624,0.0024358390751443326,0.9561,0.0014486681814687595
unbounded,891,3.5357142857142856,0.86225,0.0024369544261229016,0.95605,0.0014494550268980414
unbounded,892,3.5396825396825395,0.8621,0.0024380688054277716,0.95595,0.0014510271792768051
unbounded,893,3.5436507936507935,0.86195,0.002439182214390717,0.9559,0.0014518124878922902
unbounded,894,3.5476190476190474,0.86185,0.0024399239486098743,0.9559,0.0014518124878922902
unbounded,895,3.5515873015873014,0.86165,0.0024414061265999967,0.95575,0.001454165353390047
unbounded,896,3.5555555555555554,0.8616,0.0024417764025397573,0.9557,0.0014549486245225296
unbounded,897,3.5595238095238093,0.86155,0.0024421465711541553,0.95565,0.0014557313883405826
unbounded,898,3.5634920634920637,0.8615,0.0024425166324919876,0.95565,0.0014557313883405826
unbounded,899,3.5674603174603177,0.86145,0.0024428865866020057,0.95565,0.0014557313883405826
unbounded,900,3.5714285714285716,0.86115,0.0024451040622026706,0.9556,0.0014565136456621338
unbounded,901,3.5753968253968256,0.86095,0.002446580240866831,0.9555,0.0014580766440760238
unbounded,902,3.5793650793650795,0.86085,0.002447317689839225,0.9555,0.0014580766440760238
unbounded,903,3.5833333333333335,0.8608,0.0024476862544043506,0.9555,0.0014580766440760238
unbounded,904,3.5873015873015874,0.86065,0.0024487913089930712,0.95545,0.001458857386792828
unbounded,905,3.5912698412698414,0.86045,0.0024502632256555618,0.9554,0.0014596376262620797
unbounded,906,3.5952380952380953,0.86025,0.0024517334428930076,0.9554,0.0014596376262620797
unbounded,907,3.5992063492063493,0.8601,0.002452834992411842,0.9553,0.0014611965986820524
unbounded,908,3.6031746031746033,0.8601,0.002452834992411842,0.95525,0.0014619753332392436
unbounded,909,3.607142857142857,0.86,0.0024535688292770595,0.9552,0.0014627535677618421
unbounded,910,3.611111111111111,0.85995,0.002453935589007992,0.9552,0.0014627535677618421
unbounded,911,3.615079365079365,0.8599,0.002454302243001053,0.95515,0.0014635313030475288
unbounded,912,3.619047619047619,0.85985,0.002454668791303625,0.95515,0.0014635313030475288
unbounded,913,3.623015873015873,0.8598,0.002455035233963048,0.9551,0.0014643085398917818
unbounded,914,3.626984126984127,0.8596,0.0024564999491145934,0.9551,0.0014643085398917818
unbounded,915,3.630952380952381,0.8596,0.0024564999491145934,0.95505,0.0014650852790878768
unbounded,916,3.634920634920635,0.85945,0.0024575973785386407,0.95495,0.0014666372676977774
unbounded,917,3.638888888888889,0.85935,0.002458328471746606,0.95495,0.0014666372676977774
unbounded,918,3.642857142857143,0.8593,0.0024586938605690627,0.95495,0.0014666372676977774
unbounded,919,3.6468253968253967,0.8592,0.0024594243228853374,0.95485,0.0014681872751798393
unbounded,920,3.6507936507936507,0.85915,0.002459789396472796,0.95485,0.0014681872751798393
unbounded,921,3.6547619047619047,0.85895,0.0024612486414419816,0.95485,0.0014681872751798393
unbounded,922,3.6587301587301586,0.8589,0.002461613190572394,0.95485,0.0014681872751798393
unbounded,923,3.6626984126984126,0.85875,0.0024627062096401185,0.9548,0.0014689615379580231
unbounded,924,3.6666666666666665,0.85875,0.0024627062096401185,0.9548,0.0014689615379580231
unbounded,925,3.6706349206349205,0.85855,0.00246416210404267,0.95475,0.0014697353078020547
unbounded,926,3.6746031746031744,0.85835,0.0024656163276146597,0.95465,0.0014712813717980664
unbounded,927,3.6785714285714284,0.85825,0.002466342813762921,0.9546,0.001472053667499932
unbounded,928,3.6825396825396823,0.85795,0.002468519774075144,0.95455,0.0014728254733674317
unbounded,929,3.6865079365079363,0.85765,0.0024706929948903,0.95445,0.0014743676186758847
unbounded,930,3.6904761904761907,0.85755,0.002471416572534869,0.95445,0.0014743676186758847
unbounded,931,3.6944444444444446,0.8573,0.0024732237060160977,0.95435,0.001475907813855594
unbounded,932,3.6984126984126986,0.8571,0.0024746675534301574,0.9543,0.0014766771820543575
unbounded,933,3.7023809523809526,0.85695,0.0024757493562555964,0.95425,0.0014774460650054193
unbounded,934,3.7063492063492065,0.85675,0.0024771903186876863,0.9542,0.001478214463465974
unbounded,935,3.7103174603174605,0.8567,0.0024775503022138622,0.95415,0.001478982378191166
unbounded,936,3.7142857142857144,0.8565,0.002478989209335127,0.95415,0.001478982378191166
unbounded,937,3.7182539682539684,0.8564,0.0024797080473313786,0.95405,0.0014805167594458368
unbounded,938,3.7222222222222223,0.8564,0.0024797080473313786,0.95405,0.0014805167594458368
unbounded,939,3.7261904761904763,0.85615,0.0024815033497861735,0.95405,0.0014805167594458368
unbounded,940,3.7301587301587302,0.856,0.0024825793038692643,0.95395,0.0014820492147698745
unbounded,941,3.734126984126984,0.85585,0.0024836543388724605,0.9539,0.0014828147220742047
unbounded,942,3.738095238095238,0.85565,0.0024850862912583135,0.9539,0.0014828147220742047
unbounded,943,3.742063492063492,0.8554,0.002486873941316688,0.95385,0.0014835797501314182
unbounded,944,3.746031746031746,0.8551,0.0024890157693353413,0.95385,0.0014835797501314182
unbounded,945,3.75,0.8551,0.0024890157693353413,0.9538,0.0014843442996825234
unbounded,946,3.753968253968254,0.85505,0.002489372385763127,0.95375,0.0014851083714665406
unbounded,947,3.757936507936508,0.8549,0.002490441627503042,0.95375,0.0014851083714665406
unbounded,948,3.761904761904762,0.8549,0.002490441627503042,0.95375,0.0014851083714665406
unbounded,949,3.765873015873016,0.8547,0.0024918658671766424,0.95375,0.0014851083714665406
unbounded,950,3.7698412698412698,0.85445,0.0024936438949858097,0.9537,0.0014858719662205085
unbounded,951,3.7738095238095237,0.85435,0.0024943544004411237,0.9537,0.0014858719662205085
unbounded,952,3.7777777777777777,0.85425,0.002495064503174217,0.95365,0.0014866350846794918
unbounded,953,3.7817460317460316,0.8539,0.002497546696260152,0.9535,0.0014889215896077266
unbounded,954,3.7857142857142856,0.8537,0.002498962884878445,0.9534,0.0014904435581396562
unbounded,955,3.7896825396825395,0.8536,0.002499670378269903,0.9532,0.001493481837854079
unbounded,956,3.7936507936507935,0.85355,0.002500023974885041,0.95315,0.0014942402333627607
unbounded,957,3.7976190476190474,0.8534,0.002501084164917286,0.95315,0.0014942402333627607
unbounded,958,3.8015873015873014,0.85335,0.002501437361798212,0.95315,0.0014942402333627607
unbounded,959,3.8055555555555554,0.8531,0.0025032018496317873,0.9531,0.0014949981605339863
unbounded,960,3.8095238095238093,0.8529,0.002504611646543232,0.9531,0.0014949981605339863
unbounded,961,3.8134920634920637,0.8528,0.0025053159481390765,0.9531,0.0014949981605339863
unbounded,962,3.8174603174603177,0.8526,0.0025067233592879767,0.95305,0.0014957556200796982
unbounded,963,3.8214285714285716,0.8525,0.002507426469510123,0.95285,0.0014987807961806827
unbounded,964,3.8253968253968256,0.8524,0.0025081291832758533,0.9528,0.001499535928212459
unbounded,965,3.8293650793650795,0.8522,0.0025095334227700577,0.95265,0.001501798546743204
unbounded,966,3.8333333333333335,0.85215,0.002509884235378198,0.95265,0.001501798546743204
unbounded,967,3.8373015873015874,0.8521,0.0025102349491631258,0.95255,0.0015033046514263168
unbounded,968,3.8412698412698414,0.8521,0.0025102349491631258,0.95255,0.0015033046514263168
unbounded,969,3.8452380952380953,0.8519,0.0025116368168984944,0.9524,0.0015055603607959393
unbounded,970,3.8492063492063493,0.8518,0.002512337158902045,0.9524,0.0015055603607959393
unbounded,971,3.8531746031746033,0.8516,0.002513736660829849,0.9523,0.001507061876632807
unbounded,972,3.857142857142857,0.85145,0.0025147852542513442,0.95225,0.0015078119494817642
unbounded,973,3.861111111111111,0.85135,0.0025154838252312416,0.9522,0.0015085615665262051
unbounded,974,3.865079365079365,0.8512,0.0025165309455677277,0.9521,0.001510059435916349
unbounded,975,3.869047619047619,0.85115,0.0025168797895410103,0.9521,0.001510059435916349
unbounded,976,3.873015873015873,0.851,0.002517925733614874,0.9521,0.001510059435916349
unbounded,977,3.876984126984127,0.85085,0.002518970796773952,0.95195,0.0015123028383891904
unbounded,978,3.880952380952381,0.8507,0.0025200149801142056,0.95195,0.0015123028383891904
unbounded,979,3.884920634920635,0.8506,0.00252071061409278,0.95195,0.0015123028383891904
unbounded,980,3.888888888888889,0.85055,0.0025210582847288556,0.95195,0.0015123028383891904
unbounded,981,3.892857142857143,0.8505,0.0025214058578499413,0.9519,0.0015130497348071548
unbounded,982,3.8968253968253967,0.85045,0.002521753333496359,0.9518,0.0015145421750482886
unbounded,983,3.9007936507936507,0.85025,0.0025231422621406034,0.95175,0.0015152877202036586
unbounded,984,3.9047619047619047,0.8501,0.0025241829371105418,0.95175,0.0015152877202036586
unbounded,985,3.9087301587301586,0.84995,0.002525222737700578,0.95165,0.001516777463901676
unbounded,986,3.9126984126984126,0.84985,0.002525915452860606,0.95165,0.001516777463901676
unbounded,987,3.9166666666666665,0.84975,0.002526607780206497,0.9516,0.0015175216637662871
unbounded,988,3.9206349206349205,0.8496,0.002527645544770864,0.95155,0.001518265416519786
unbounded,989,3.9246031746031744,0.8494,0.002529027876477442,0.95145,0.0015197515833188
unbounded,990,3.9285714285714284,0.8492,0.0025304086626472024,0.95135,0.0015212359695326687
unbounded,991,3.9325396825396823,0.8489,0.002532476949549591,0.95125,0.0015227185803686767
unbounded,992,3.9365079365079363,0.84875,0.0025335097937446384,0.95125,0.0015227185803686767
unbounded,993,3.9404761904761907,0.84865,0.0025341978760546695,0.95115,0.001524199421007631
unbounded,994,3.9444444444444446,0.8484,0.0025359164024076186,0.9511,0.0015249391791150237
unbounded,995,3.9484126984126986,0.8482,0.0025372894986579676,0.9511,0.0015249391791150237
unbounded,996,3.9523809523809526,0.84805,0.0025383183163267763,0.9511,0.0015249391791150237
unbounded,997,3.9563492063492065,0.84795,0.002539003717011852,0.951,0.0015264173741149573
unbounded,998,3.9603174603174605,0.8477,0.0025407155488169075,0.95095,0.0015271558122863568
unbounded,999,3.9642857142857144,0.84765,0.002541057629216622,0.95095,0.0015271558122863568
unbounded,1000,3.9682539682539684,0.84745,0.0025424249988937725,0.95085,0.0015286313731570477
unbounded,1001,3.9722222222222223,0.84725,0.0025437908473378863,0.9508,0.0015293684971255297
unbounded,1002,3.9761904761904763,0.84715,0.0025444732018632074,0.95075,0.0015301051842928973
unbounded,1003,3.9801587301587302,0.8469,0.002546177429010005,0.95065,0.0015315772507451266
unbounded,1004,3.984126984126984,0.84665,0.0025478792897231217,0.9506,0.0015323126312864485
unbounded,1005,3.988095238095238,0.84645,0.002549239077646504,0.9506,0.0015323126312864485
unbounded,1006,3.992063492063492,0.84635,0.002549918405557323,0.95055,0.0015330475775395883
unbounded,1007,3.996031746031746,0.84615,0.0025512759307844382,0.95055,0.0015330475775395883
unbounded,1008,4.0,0.846,0.0025522930866183845,0.9505,0.0015337820901288421
unbounded,1009,4.003968253968254,0.8458,0.0025536479788725776,0.9505,0.0015337820901288421
unbounded,1010,4.007936507936508,0.84565,0.0025546631627281122,0.95045,0.0015345161696769438
unbounded,1011,4.011904761904762,0.8456,0.0025550013698626465,0.95045,0.0015345161696769438
unbounded,1012,4.015873015873016,0.8454,0.002556353261973,0.9504,0.0015352498168050694
unbounded,1013,4.01984126984127,0.84525,0.0025573661988459928,0.95035,0.0015359830321328418
unbounded,1014,4.023809523809524,0.8451,0.0025583782949360717,0.95025,0.0015374481698580927
unbounded,1015,4.027777777777778,0.84485,0.002560063256054428,0.95025,0.0015374481698580927
unbounded,1016,4.031746031746032,0.84465,0.0025614095484713098,0.95015,0.0015389115877788425
unbounded,1017,4.035714285714286,0.84445,0.002562754353230133,0.95015,0.0015389115877788425
unbounded,1018,4.0396825396825395,0.84445,0.002562754353230133,0.9501,0.0015396426533452502
unbounded,1019,4.0436507936507935,0.84425,0.0025640976726716167,0.94995,0.0015418332837891396
unbounded,1020,4.0476190476190474,0.84405,0.0025654395091289917,0.94995,0.0015418332837891396
unbounded,1021,4.051587301587301,0.844,0.002565774736799784,0.94995,0.0015418332837891396
unbounded,1022,4.055555555555555,0.8439,0.0025664449146630833,0.94985,0.0015432915716092023
unbounded,1023,4.059523809523809,0.84385,0.002566779864928039,0.94985,0.0015432915716092023
unbounded,1024,4.063492063492063,0.84375,0.0025674494883054662,0.9498,0.001544020077589667
unbounded,1025,4.067460317460317,0.8437,0.0025677841614902136,0.94975,0.0015447481590861343
unbounded,1026,4.071428571428571,0.8437,0.0025677841614902136,0.94975,0.0015447481590861343
unbounded,1027,4.075396825396825,0.8436,0.002568453231032249,0.9497,0.001545475816698534
unbounded,1028,4.079365079365079,0.84345,0.0025694561438172085,0.9496,0.0015469298626634629
unbounded,1029,4.083333333333333,0.84345,0.0025694561438172085,0.9495,0.0015483822202544174
unbounded,1030,4.087301587301587,0.8433,0.0025704582276317965,0.9495,0.0015483822202544174
unbounded,1031,4.091269841269841,0.84315,0.002571459483445151,0.9494,0.0015498328942179537
unbounded,1032,4.095238095238095,0.8429,0.002573126405756235,0.9494,0.0015498328942179537
unbounded,1033,4.099206349206349,0.8428,0.00257379253243147,0.9493,0.0015512818892773803
unbounded,1034,4.103174603174603,0.8427,0.0025744582925345673,0.94925,0.0015520057586877693
unbounded,1035,4.107142857142857,0.8426,0.002575123686349842,0.94925,0.0015520057586877693
unbounded,1036,4.111111111111111,0.84235,0.002576785570240566,0.9492,0.001552729210132919
unbounded,1037,4.115079365079365,0.842,0.0025791083730622878,0.94915,0.0015534522441967753
unbounded,1038,4.119047619047619,0.84185,0.0025801024931192173,0.9491,0.0015541748614618619
unbounded,1039,4.123015873015873,0.8417,0.0025810957944253058,0.94905,0.0015548970625092846
unbounded,1040,4.126984126984127,0.8416,0.002581757540901159,0.94905,0.0015548970625092846
unbounded,1041,4.130952380952381,0.84145,0.0025827494797211747,0.949,0.0015556188479187317
unbounded,1042,4.134920634920635,0.8414,0.0025830799445623045,0.949,0.0015556188479187317
unbounded,1043,4.138888888888889,0.8412,0.0025844008976937,0.949,0.0015556188479187317
unbounded,1044,4.142857142857143,0.841,0.0025857204025184163,0.949,0.0015556188479187317
unbounded,1045,4.146825396825397,0.8409,0.0025863796125085736,0.94895,0.001556340218268487
unbounded,1046,4.150793650793651,0.84075,0.0025873677502434786,0.94895,0.001556340218268487
unbounded,1047,4.154761904761905,0.84065,0.0025880260576354327,0.9489,0.0015570611741354292
unbounded,1048,4.158730158730159,0.8405,0.002589012842764593,0.94885,0.001557781716095038
unbounded,1049,4.162698412698413,0.84045,0.002589341591022706,0.9488,0.0015585018447213982
unbounded,1050,4.166666666666667,0.84015,0.002591312191728353,0.9487,0.001559940864263771
unbounded,1051,4.170634920634921,0.84005,0.00259196833989152,0.94865,0.0015606597563210247
unbounded,1052,4.174603174603175,0.83995,0.002592624129140204,0.94865,0.0015606597563210247
unbounded,1053,4.178571428571429,0.8399,0.0025929518892567212,0.9486,0.0015613782373275222
unbounded,1054,4.182539682539683,0.8398,0.002593607140644088,0.94855,0.0015620963078504474
unbounded,1055,4.186507936507937,0.8398,0.002593607140644088,0.9485,0.0015628139684556186
unbounded,1056,4.190476190476191,0.8397,0.0025942620337968945,0.9485,0.0015628139684556186
unbounded,1057,4.194444444444445,0.83955,0.0025952437024295036,0.9484,0.0015642480621691685
unbounded,1058,4.198412698412699,0.83935,0.0025965513426466267,0.94835,0.001564964496402394
unbounded,1059,4.2023809523809526,0.8392,0.002597531135520805,0.94825,0.0015663961424237478
unbounded,1060,4.2063492063492065,0.83915,0.0025978575547939502,0.94825,0.0015663961424237478
unbounded,1061,4.2103174603174605,0.83905,0.002598510126014521,0.94825,0.0015663961424237478
unbounded,1062,4.214285714285714,0.8389,0.0025994883150343264,0.94825,0.0015663961424237478
unbounded,1063,4.218253968253968,0.83875,0.0026004657034846665,0.94815,0.0015678261622386576
unbounded,1064,4.222222222222222,0.83865,0.002601116851469768,0.94815,0.0015678261622386576
unbounded,1065,4.226190476190476,0.83865,0.002601116851469768,0.94815,0.0015678261622386576
unbounded,1066,4.23015873015873,0.8385,0.0026020929076418465,0.94815,0.0015678261622386576
unbounded,1067,4.234126984126984,0.8382,0.002604042626379223,0.94805,0.0015692545602928806
unbounded,1068,4.238095238095238,0.838,0.002605340668703423,0.94795,0.0015706813410109645
unbounded,1069,4.242063492063492,0.8378,0.002606637297362255,0.94785,0.0015721065087963987
unbounded,1070,4.246031746031746,0.8376,0.0026079325144642835,0.9478,0.0015728184892097375
unbounded,1071,4.25,0.83745,0.0026089030022214315,0.9478,0.0015728184892097375
unbounded,1072,4.253968253968254,0.8374,0.002609226322111595,0.9477,0.001574241245807008
unbounded,1073,4.257936507936508,0.83735,0.0026095495540418463,0.9476,0.001575662400389119
unbounded,1074,4.261904761904762,0.8373,0.002609872698044868,0.94755,0.0015763723782786856
unbounded,1075,4.265873015873016,0.837,0.002611809717418174,0.94755,0.0015763723782786856
unbounded,1076,4.26984126984127,0.83685,0.0026127770427267615,0.9475,0.001577081957286938
unbounded,1077,4.273809523809524,0.8368,0.002613099309249459,0.9474,0.0015784999208108942
unbounded,1078,4.277777777777778,0.8367,0.0026137435796190875,0.9473,0.001579916295251112
unbounded,1079,4.281746031746032,0.8366,0.002614387499970117,0.94725,0.0015806238878999642
unbounded,1080,4.285714285714286,0.83655,0.0026147093289694743,0.94725,0.0015806238878999642
unbounded,1081,4.2896825396825395,0.8363,0.0026163171634952824,0.9472,0.0015813310848775465
unbounded,1082,4.2936507936507935,0.8362,0.0026169596863536127,0.9472,0.0015813310848775465
unbounded,1083,4.2976190476190474,0.8362,0.0026169596863536127,0.9472,0.0015813310848775465
unbounded,1084,4.301587301587301,0.836,0.0026182436861377136,0.9471,0.0015827442939401165
unbounded,1085,4.305555555555555,0.8359,0.002618885163576288,0.9471,0.0015827442939401165
unbounded,1086,4.309523809523809,0.83585,0.0026192057717941905,0.94705,0.001583450307082607
unbounded,1087,4.313492063492063,0.8358,0.0026195262930537653,0.94705,0.001583450307082607
unbounded,1088,4.317460317460317,0.8355,0.0026214475962719527,0.94705,0.001583450307082607
unbounded,1089,4.321428571428571,0.8354,0.002622087336455443,0.947,0.0015841559266688372
unbounded,1090,4.325396825396825,0.8353,0.0026227267299511014,0.9469,0.0015855659872739455
unbounded,1091,4.329365079365079,0.83505,0.002624323698593602,0.9468,0.001586974479946039
unbounded,1092,4.333333333333333,0.8349,0.002625280842119563,0.9467,0.001588381408856198
unbounded,1093,4.337301587301587,0.83485,0.00262559971720748,0.94665,0.0015890842881987098
unbounded,1094,4.341269841269841,0.83475,0.0026262372084410045,0.9466,0.0015897867781561148
unbounded,1095,4.345238095238095,0.8347,0.002626555824649459,0.94655,0.0015904888792443663
unbounded,1096,4.349206349206349,0.83465,0.0026268743546275677,0.94645,0.0015918919168712426
unbounded,1097,4.353174603174603,0.83455,0.0026275111560181814,0.94635,0.0015932934051831127
unbounded,1098,4.357142857142857,0.83435,0.0026287837254137126,0.94635,0.0015932934051831127
unbounded,1099,4.361111111111111,0.8343,0.0026291016526562828,0.94635,0.0015932934051831127
unbounded,1100,4.365079365079365,0.83395,0.0026313247376559207,0.9462,0.0015953927416156807
unbounded,1101,4.369047619047619,0.83385,0.0026319591324714753,0.94615,0.0015960917501823
unbounded,1102,4.373015873015873,0.8337,0.002632910082019513,0.94615,0.0015960917501823
unbounded,1103,4.376984126984127,0.83345,0.0026344932861937604,0.94595,0.0015988839466953197
unbounded,1104,4.380952380952381,0.8333,0.0026354421830121788,0.94585,0.0016002777493297846
unbounded,1105,4.384920634920635,0.83315,0.002636390311581349,0.94585,0.0016002777493297846
unbounded,1106,4.388888888888889,0.83285,0.0026382842672843278,0.9458,0.001600974078490967
unbounded,1107,4.392857142857143,0.8326,0.0026398602235724526,0.9457,0.001602365594987611
unbounded,1108,4.396825396825397,0.83235,0.0026414340565306563,0.94565,0.0016030607833142198
unbounded,1109,4.400793650793651,0.8322,0.002642377338685752,0.9455,0.001605144074530383
unbounded,1110,4.404761904761905,0.83205,0.0026433198586247562,0.94545,0.0016058377486533313
unbounded,1111,4.408730158730159,0.83195,0.0026439477821999435,0.94545,0.0016058377486533313
unbounded,1112,4.412698412698413,0.8317,0.0026455161122170474,0.94545,0.0016058377486533313
unbounded,1113,4.416666666666667,0.83155,0.0026464560973120258,0.94545,0.0016058377486533313
unbounded,1114,4.420634920634921,0.8313,0.002648021053541682,0.94535,0.0016072239654136566
unbounded,1115,4.424603174603175,0.83115,0.0026489590172367704,0.94535,0.0016072239654136566
unbounded,1116,4.428571428571429,0.83095,0.002650208458782064,0.94535,0.0016072239654136566
unbounded,1117,4.432539682539683,0.8308,0.0026511446584447256,0.94525,0.0016086086767763
unbounded,1118,4.436507936507937,0.83055,0.0026527033145453713,0.94515,0.0016099918866255192
unbounded,1119,4.440476190476191,0.8304,0.002653637503503446,0.94505,0.0016113735988280316
unbounded,1120,4.444444444444445,0.83035,0.002653948732549293,0.94505,0.0016113735988280316
unbounded,1121,4.448412698412699,0.82995,0.0026564355582245924,0.9449,0.0016134433674597946
unbounded,1122,4.4523809523809526,0.8298,0.002657366741720081,0.9449,0.0016134433674597946
unbounded,1123,4.4563492063492065,0.8296,0.0026586071541316513,0.9447,0.0016161978529870657
unbounded,1124,4.4603174603174605,0.8295,0.002659226861326427,0.9447,0.0016161978529870657
unbounded,1125,4.464285714285714,0.8294,0.0026598462361572704,0.94465,0.0016168855478975624
unbounded,1126,4.468253968253968,0.82935,0.002660155799008772,0.94465,0.0016168855478975624
unbounded,1127,4.472222222222222,0.8292,0.002661083989655343,0.94455,0.001618259829261049
unbounded,1128,4.476190476190476,0.82915,0.002661393220664695,0.9445,0.0016189464166549798
unbounded,1129,4.48015873015873,0.82915,0.002661393220664695,0.9445,0.0016189464166549798
unbounded,1130,4.484126984126984,0.82905,0.00266201143404757,0.94445,0.0016196326358159123
unbounded,1131,4.488095238095238,0.8289,0.0026629381329651655,0.94435,0.0016210039713091388
unbounded,1132,4.492063492063492,0.8286,0.002664789297486764,0.94415,0.0016237422440153481
unbounded,1133,4.496031746031746,0.82845,0.0026657137646416574,0.9441,0.0016244258985869432
unbounded,1134,4.5,0.82825,0.002666945232845999,0.94405,0.0016251091886393366
unbounded,1135,4.503968253968254,0.82815,0.0026675604726041353,0.94405,0.0016251091886393366
unbounded,1136,4.507936507936508,0.8281,0.002667867968996967,0.944,0.0016257921146321267
unbounded,1137,4.511904761904762,0.8279,0.0026690971319905167,0.9439,0.0016271568762722302
unbounded,1138,4.515873015873016,0.8278,0.0026697112203382597,0.94385,0.0016278387128336768
unbounded,1139,4.51984126984127,0.8276,0.0026709384118695063,0.94385,0.0016278387128336768
unbounded,1140,4.523809523809524,0.82755,0.002671245004674786,0.94385,0.0016278387128336768
unbounded,1141,4.527777777777778,0.8275,0.00267155151550555,0.94385,0.0016278387128336768
unbounded,1142,4.531746031746032,0.8273,0.002672776739647365,0.9438,0.0016285201871637947
unbounded,1143,4.535714285714286,0.82715,0.002673694798401642,0.94375,0.0016292012997171348
unbounded,1144,4.5396825396825395,0.82705,0.0026743064287773756,0.94365,0.0016305624413066801
unbounded,1145,4.5436507936507935,0.8269,0.0026752232617110673,0.94355,0.0016319221412187531
unbounded,1146,4.5476190476190474,0.82665,0.0026767496847856357,0.9435,0.001632601451671534
unbounded,1147,4.551587301587301,0.8265,0.0026776645607693283,0.9435,0.001632601451671534
unbounded,1148,4.555555555555555,0.8264,0.0026782740711137087,0.94345,0.0016332804030539272
unbounded,1149,4.559523809523809,0.8263,0.002678883256134914,0.9433,0.0016353151072499754
unbounded,1150,4.563492063492063,0.8262,0.0026794921160548314,0.94325,0.0016359926268171255
unbounded,1151,4.567460317460317,0.82615,0.0026797964241710597,0.94315,0.0016373465958678382
unbounded,1152,4.571428571428571,0.82605,0.002680404796854386,0.94315,0.0016373465958678382
unbounded,1153,4.575396825396825,0.826,0.0026807088614767553,0.94315,0.0016373465958678382
unbounded,1154,4.579365079365079,0.8258,0.002681924309148191,0.94315,0.0016373465958678382
unbounded,1155,4.583333333333333,0.8257,0.002682531546878806,0.94315,0.0016373465958678382
unbounded,1156,4.587301587301587,0.8256,0.0026831384608327616,0.9431,0.0016380230462359185
unbounded,1157,4.591269841269841,0.8255,0.0026837450512297175,0.9431,0.0016380230462359185
unbounded,1158,4.595238095238095,0.82535,0.00268465433063551,0.94305,0.0016386991410872215
unbounded,1159,4.599206349206349,0.82515,0.002685865572771653,0.94285,0.0016413999741074696
unbounded,1160,4.603174603174603,0.825,0.002686773157525585,0.94285,0.0016413999741074696
unbounded,1161,4.607142857142857,0.82485,0.0026876800172267535,0.9428,0.0016420742979536588
unbounded,1162,4.611111111111111,0.82455,0.0026894915644039485,0.94275,0.00164274826890793
unbounded,1163,4.615079365079365,0.82455,0.0026894915644039485,0.94275,0.00164274826890793
unbounded,1164,4.619047619047619,0.8243,0.0026909989780748707,0.9427,0.001643421887404449
unbounded,1165,4.623015873015873,0.82425,0.00269130022015382,0.94255,0.0016454406324750827
unbounded,1166,4.626984126984127,0.82405,0.0026925043871830557,0.9424,0.0016474562209661291
unbounded,1167,4.630952380952381,0.82395,0.002693105990301904,0.9423,0.0016487981986889719
unbounded,1168,4.634920634920635,0.82375,0.0026943082368207243,0.94225,0.0016494686644492518
unbounded,1169,4.638888888888889,0.8236,0.002695209082798587,0.94225,0.0016494686644492518
unbounded,1170,4.642857142857143,0.82325,0.0026973082647335656,0.9421,0.001651477974421699
unbounded,1171,4.646825396825397,0.8231,0.002698206719285978,0.9421,0.001651477974421699
unbounded,1172,4.650793650793651,0.82305,0.0026985060450182433,0.9421,0.001651477974421699
unbounded,1173,4.654761904761905,0.8229,0.0026994035452299462,0.94205,0.0016521470500533535
unbounded,1174,4.658730158730159,0.82275,0.002700300330518811,0.9419,0.0016541521997688125
unbounded,1175,4.662698412698413,0.82255,0.002701494933365599,0.9418,0.0016554872394555027
unbounded,1176,4.666666666666667,0.8224,0.0027023900532676622,0.9417,0.0016568209016064473
unbounded,1177,4.670634920634921,0.8223,0.0027029864039613666,0.9417,0.0016568209016064473
unbounded,1178,4.674603174603175,0.82215,0.0027038803366643276,0.94165,0.0016574872171452788
unbounded,1179,4.678571428571429,0.82205,0.0027044758965463164,0.94165,0.0016574872171452788
unbounded,1180,4.682539682539683,0.822,0.002704773557989652,0.94165,0.0016574872171452788
unbounded,1181,4.686507936507937,0.822,0.002704773557989652,0.94165,0.0016574872171452788
unbounded,1182,4.690476190476191,0.822,0.002704773557989652,0.94155,0.0016588188192204717
unbounded,1183,4.694444444444445,0.8218,0.0027059634143868244,0.9415,0.0016594841065825244
unbounded,1184,4.698412698412699,0.82165,0.0027068549785683018,0.94145,0.0016601490520432192
unbounded,1185,4.7023809523809526,0.82155,0.0027074489607377644,0.9414,0.0016608136560132202
unbounded,1186,4.7063492063492065,0.82145,0.0027080426279879714,0.9413,0.0016621418411194632
unbounded,1187,4.7103174603174605,0.8214,0.0027083393435830745,0.9412,0.0016634686651692597
unbounded,1188,4.714285714285714,0.8213,0.0027089325388425602,0.9411,0.0016647941314168542
unbounded,1189,4.718253968253968,0.82125,0.002709229018558601,0.94105,0.0016654563563780341
unbounded,1190,4.722222222222222,0.8212,0.0027095254196999145,0.941,0.0016661182431028125
unbounded,1191,4.726190476190476,0.8211,0.002710117986361479,0.94095,0.001666779791994132
unbounded,1192,4.73015873015873,0.82095,0.0027110062476873786,0.94085,0.0016681018778839623
unbounded,1193,4.734126984126984,0.8208,0.002711893803230503,0.94085,0.0016681018778839623
unbounded,1194,4.738095238095238,0.82065,0.002712780653683596,0.9408,0.0016687624156841504
unbounded,1195,4.742063492063492,0.82055,0.0027133714959437457,0.9408,0.0016687624156841504
unbounded,1196,4.746031746031746,0.82045,0.0027139620253422854,0.94075,0.0016694226172542413
unbounded,1197,4.75,0.82035,0.002714552242083397,0.94075,0.0016694226172542413
unbounded,1198,4.753968253968254,0.8203,0.0027148472332711466,0.9407,0.0016700824829929811
unbounded,1199,4.757936507936508,0.82015,0.002715731738408637,0.9406,0.0016714012085672309
unbounded,1200,4.761904761904762,0.8199,0.0027172043537430158,0.9406,0.0016714012085672309
unbounded,1201,4.765873015873016,0.81975,0.002718086988122345,0.94055,0.00167206006919608
unbounded,1202,4.76984126984127,0.8196,0.002718968922220333,0.94045,0.0016733767881143803
unbounded,1203,4.773809523809524,0.81945,0.002719850156718197,0.9404,0.0016740346471922256
unbounded,1204,4.777777777777778,0.8193,0.0027207306922957296,0.94035,0.0016746921732067655
unbounded,1205,4.781746031746032,0.81905,0.002722196700277186,0.9403,0.0016753493665501529
unbounded,1206,4.785714285714286,0.81895,0.0027227825610944404,0.94025,0.0016760062276137278
unbounded,1207,4.7896825396825395,0.81875,0.002723953354042613,0.94015,0.0016773189544627457
unbounded,1208,4.7936507936507935,0.8186,0.0027248306369387436,0.94005,0.0016786303568683601
unbounded,1209,4.7976190476190474,0.8185,0.0027254151059976166,0.94005,0.0016786303568683601
unbounded,1210,4.801587301587301,0.81845,0.002725707224740031,0.94,0.0016792855623746672
unbounded,1211,4.805555555555555,0.81825,0.0027268749283749704,0.93995,0.0016799404379322506
unbounded,1212,4.809523809523809,0.81815,0.0027274583177383294,0.93995,0.0016799404379322506
unbounded,1213,4.813492063492063,0.8181,0.0027277498968930414,0.9399,0.001680594983926824
unbounded,1214,4.817460317460317,0.8179,0.0027289154439080745,0.93985,0.001681249200743305
unbounded,1215,4.821428571428571,0.8176,0.0027306614583283663,0.93975,0.0016825566483777005
unbounded,1216,4.825396825396825,0.81745,0.002731533429229816,0.93965,0.0016838627838989732
unbounded,1217,4.829365079365079,0.8174,0.0027318239328331536,0.9396,0.0016845153605711052
unbounded,1218,4.833333333333333,0.8173,0.002732404710140868,0.93955,0.0016851676103580913
unbounded,1219,4.837301587301587,0.817,0.0027341452046297766,0.9395,0.0016858195336393513
unbounded,1220,4.841269841269841,0.8169,0.0027347247576310126,0.9395,0.0016858195336393513
unbounded,1221,4.845238095238095,0.81675,0.0027355935142122268,0.9395,0.0016858195336393513
unbounded,1222,4.849206349206349,0.8166,0.0027364615838706744,0.93945,0.0016864711307935276
unbounded,1223,4.853174603174603,0.81635,0.0027379068419140923,0.93935,0.0016877733482313314
unbounded,1224,4.857142857142857,0.8161,0.002739350196670736,0.9393,0.0016884239692683822
unbounded,1225,4.861111111111111,0.81605,0.002739638639492442,0.9393,0.0016884239692683822
unbounded,1226,4.865079365079365,0.8159,0.0027405035121305724,0.9393,0.0016884239692683822
unbounded,1227,4.869047619047619,0.8159,0.0027405035121305724,0.9393,0.0016884239692683822
unbounded,1228,4.873015873015873,0.81585,0.0027407916511475294,0.93925,0.0016890742656852004
unbounded,1229,4.876984126984127,0.81565,0.0027419434485415634,0.93915,0.0016903738861565503
unbounded,1230,4.880952380952381,0.8153,0.0027439561767637617,0.9391,0.0016910232109583825
unbounded,1231,4.884920634920635,0.81505,0.0027453915704321666,0.939,0.0016923208915569181
unbounded,1232,4.888888888888889,0.81495,0.0027459651991603973,0.93895,0.001692969248096374
unbounded,1233,4.892857142857143,0.81485,0.0027465385260359997,0.93895,0.001692969248096374
unbounded,1234,4.896825396825397,0.81475,0.002747111551247965,0.93885,0.0016942649955069018
unbounded,1235,4.900793650793651,0.8146,0.002747970523859381,0.93875,0.0016955594578191592
unbounded,1236,4.904761904761905,0.8145,0.0027485427957374066,0.93875,0.0016955594578191592
unbounded,1237,4.908730158730159,0.8145,0.0027485427957374066,0.93875,0.0016955594578191592
unbounded,1238,4.912698412698413,0.81445,0.0027488288187881033,0.9387,0.0016962062079829802
unbounded,1239,4.916666666666667,0.81425,0.002749972158949977,0.93865,0.0016968526379741997
unbounded,1240,4.920634920634921,0.81415,0.002750543378134582,0.93865,0.0016968526379741997
unbounded,1241,4.924603174603175,0.81395,0.0027516849156471387,0.9386,0.001697498748158596
unbounded,1242,4.928571428571429,0.8138,0.0027525402812674693,0.93835,0.0017007245147289433
unbounded,1243,4.932539682539683,0.81375,0.002752825253262546,0.93835,0.0017007245147289433
unbounded,1244,4.936507936507937,0.81355,0.0027539643924713334,0.93835,0.0017007245147289433
unbounded,1245,4.940476190476191,0.81335,0.0027551023347599994,0.93835,0.0017007245147289433
unbounded,1246,4.944444444444445,0.81315,0.002756239081611027,0.9383,0.00170136871371258
unbounded,1247,4.948412698412699,0.813,0.0027570908581328983,0.93825,0.001702012595429305
unbounded,1248,4.9523809523809526,0.81285,0.0027579419636750884,0.93825,0.001702012595429305
unbounded,1249,4.9563492063492065,0.8126,0.002759358983532226,0.9382,0.0017026561602390539
unbounded,1250,4.9603174603174605,0.81245,0.002760208302827886,0.9381,0.0017039423405737642
unbounded,1251,4.964285714285714,0.81225,0.0027613396884483446,0.93805,0.0017045849568150006
unbounded,1252,4.968253968253968,0.8121,0.002762187448382169,0.93805,0.0017045849568150006
unbounded,1253,4.972222222222222,0.8121,0.002762187448382169,0.938,0.0017052272575818165
unbounded,1254,4.976190476190476,0.81195,0.0027630345410435972,0.93795,0.0017058692432305597
unbounded,1255,4.98015873015873,0.8118,0.0027638809670461574,0.9379,0.001706510914116872
unbounded,1256,4.984126984126984,0.81165,0.0027647267270021463,0.9378,0.001707793313021222
unbounded,1257,4.988095238095238,0.81155,0.0027652901972487444,0.93775,0.0017084340417470032
unbounded,1258,4.992063492063492,0.81145,0.002765853371927008,0.93765,0.0017097145595098618
unbounded,1259,4.996031746031746,0.81105,0.002768103118563324,0.93755,0.0017109938266983901
unbounded,1260,5.0,0.81075,0.0027697873338940666,0.93745,0.0017122718461155635
capped at in-sample max sigma,1,0.003968253968253968,1.0,0.0,1.0,0.0
capped at in-sample max sigma,2,0.007936507936507936,1.0,0.0,1.0,0.0
capped at in-sample max sigma,3,0.011904761904761904,1.0,0.0,1.0,0.0
capped at in-sample max sigma,4,0.015873015873015872,0.9999,7.070714249635216e-05,0.99995,4.999874998437186e-05
capped at in-sample max sigma,5,0.01984126984126984,0.99985,8.65960449443228e-05,0.99995,4.999874998437186e-05
capped at in-sample max sigma,6,0.023809523809523808,0.9998,9.998999949994449e-05,0.99995,4.999874998437186e-05
capped at in-sample max sigma,7,0.027777777777777776,0.9998,9.998999949994449e-05,0.99995,4.999874998437186e-05
capped at in-sample max sigma,8,0.031746031746031744,0.99975,0.00011178942257655069,0.99995,4.999874998437186e-05
capped at in-sample max sigma,9,0.03571428571428571,0.9997,0.0001224561145880366,0.99995,4.999874998437186e-05
capped at in-sample max sigma,10,0.03968253968253968,0.9997,0.0001224561145880366,0.99995,4.999874998437186e-05
capped at in-sample max sigma,11,0.04365079365079365,0.9996,0.0001413930691370613,0.99995,4.999874998437186e-05
capped at in-sample max sigma,12,0.047619047619047616,0.9995,0.00015807434959536366,0.99995,4.999874998437186e-05
capped at in-sample max sigma,13,0.051587301587301584,0.99945,0.00016578562965469148,0.99995,4.999874998437186e-05
capped at in-sample max sigma,14,0.05555555555555555,0.99945,0.00016578562965469148,0.99995,4.999874998437186e-05
capped at in-sample max sigma,15,0.05952380952380952,0.99935,0.00018021896404097425,0.99995,4.999874998437186e-05
capped at in-sample max sigma,16,0.06349206349206349,0.99915,0.0002060676466600249,0.99995,4.999874998437186e-05
capped at in-sample max sigma,17,0.06746031746031746,0.9991,0.00021203655345246628,0.99995,4.999874998437186e-05
capped at in-sample max sigma,18,0.07142857142857142,0.999,0.0002234949663862702,0.99995,4.999874998437186e-05
capped at in-sample max sigma,19,0.07539682539682539,0.99895,0.00022900846054239955,0.99995,4.999874998437186e-05
capped at in-sample max sigma,20,0.07936507936507936,0.99895,0.00022900846054239955,0.99995,4.999874998437186e-05
capped at in-sample max sigma,21,0.08333333333333333,0.9988,0.00024480196077645894,0.99995,4.999874998437186e-05
capped at in-sample max sigma,22,0.0873015873015873,0.9987,0.0002547852036520143,0.9999,7.070714249635216e-05
capped at in-sample max sigma,23,0.09126984126984126,0.9986,0.000264389863648359,0.99985,8.65960449443228e-05
capped at in-sample max sigma,24,0.09523809523809523,0.9985,0.0002736558057122072,0.99985,8.65960449443228e-05
capped at in-sample max sigma,25,0.0992063492063492,0.99845,0.00027817238360412875,0.99985,8.65960449443228e-05
capped at in-sample max sigma,26,0.10317460317460317,0.9983,0.0002912996738755499,0.9998,9.998999949994449e-05
capped at in-sample max sigma,27,0.10714285714285714,0.99815,0.00030385666851329905,0.9998,9.998999949994449e-05
capped at in-sample max sigma,28,0.1111111111111111,0.99815,0.00030385666851329905,0.9998,9.998999949994449e-05
capped at in-sample max sigma,29,0.11507936507936507,0.99795,0.00031982788339980585,0.9998,9.998999949994449e-05
capped at in-sample max sigma,30,0.11904761904761904,0.99795,0.00031982788339980585,0.9998,9.998999949994449e-05
capped at in-sample max sigma,31,0.12301587301587301,0.9979,0.0003236966172205072,0.9998,9.998999949994449e-05
capped at in-sample max sigma,32,0.12698412698412698,0.9978,0.0003312974494317742,0.9998,9.998999949994449e-05
capped at in-sample max sigma,33,0.13095238095238096,0.9978,0.0003312974494317742,0.9998,9.998999949994449e-05
capped at in-sample max sigma,34,0.1349206349206349,0.9978,0.0003312974494317742,0.9998,9.998999949994449e-05
capped at in-sample max sigma,35,0.1388888888888889,0.9977,0.00033872629068319813,0.9998,9.998999949994449e-05
capped at in-sample max sigma,36,0.14285714285714285,0.99755,0.00034957098706843166,0.9998,9.998999949994449e-05
capped at in-sample max sigma,37,0.14682539682539683,0.99735,0.0003635228672312129,0.99975,0.00011178942257655069
capped at in-sample max sigma,38,0.15079365079365079,0.9973,0.0003669271044771724,0.9997,0.0001224561145880366
capped at in-sample max sigma,39,0.15476190476190477,0.99705,0.00038349038449484027,0.9997,0.0001224561145880366
capped at in-sample max sigma,40,0.15873015873015872,0.99705,0.00038349038449484027,0.9997,0.0001224561145880366
capped at in-sample max sigma,41,0.1626984126984127,0.997,0.00038671695075339035,0.9997,0.0001224561145880366
capped at in-sample max sigma,42,0.16666666666666666,0.9969,0.0003930896844232873,0.9996,0.0001413930691370613
capped at in-sample max sigma,43,0.17063492063492064,0.9969,0.0003930896844232873,0.9996,0.0001413930691370613
capped at in-sample max sigma,44,0.1746031746031746,0.9968,0.0003993594871791567,0.99955,0.0001499662462022622
capped at in-sample max sigma,45,0.17857142857142858,0.99665,0.0004085815402095379,0.99955,0.0001499662462022622
capped at in-sample max sigma,46,0.18253968253968253,0.9965,0.0004175972940525326,0.9995,0.00015807434959536366
capped at in-sample max sigma,47,0.1865079365079365,0.99645,0.0004205590029948267,0.9995,0.00015807434959536366
capped at in-sample max sigma,48,0.19047619047619047,0.9963,0.0004293198108636519,0.9995,0.00015807434959536366
capped at in-sample max sigma,49,0.19444444444444445,0.9962,0.00043506091527509256,0.9995,0.00015807434959536366
capped at in-sample max sigma,50,0.1984126984126984,0.9961,0.0004407261054214973,0.9995,0.00015807434959536366
capped at in-sample max sigma,51,0.20238095238095238,0.996,0.00044631827208842814,0.9995,0.00015807434959536366
capped at in-sample max sigma,52,0.20634920634920634,0.996,0.00044631827208842814,0.9995,0.00015807434959536366
capped at in-sample max sigma,53,0.21031746031746032,0.99585,0.0004545754887804658,0.9995,0.00015807434959536366
capped at in-sample max sigma,54,0.21428571428571427,0.99575,0.00045999660324832706,0.9995,0.00015807434959536366
capped at in-sample max sigma,55,0.21825396825396826,0.99565,0.0004653534946682986,0.9995,0.00015807434959536366
capped at in-sample max sigma,56,0.2222222222222222,0.9956,0.0004680085469305,0.9995,0.00015807434959536366
capped at in-sample max sigma,57,0.2261904761904762,0.9955,0.0004732731769285023,0.99945,0.00016578562965469148
capped at in-sample max sigma,58,0.23015873015873015,0.9953,0.0004836274392546414,0.9994,0.00017315311143609936
capped at in-sample max sigma,59,0.23412698412698413,0.9952,0.0004887207791776418,0.9994,0.00017315311143609936
capped at in-sample max sigma,60,0.23809523809523808,0.99515,0.0004912472646234287,0.9994,0.00017315311143609936
capped at in-sample max sigma,61,0.24206349206349206,0.9951,0.0004937605695071253,0.9994,0.00017315311143609936
capped at in-sample max sigma,62,0.24603174603174602,0.99505,0.0004962608940869717,0.9994,0.00017315311143609936
capped at in-sample max sigma,63,0.25,0.995,0.0004987484335815003,0.9994,0.00017315311143609936
capped at in-sample max sigma,64,0.25396825396825395,0.99495,0.0005012233783454239,0.9994,0.00017315311143609936
capped at in-sample max sigma,65,0.25793650793650796,0.9949,0.0005036859140377063,0.9994,0.00017315311143609936
capped at in-sample max sigma,66,0.2619047619047619,0.99485,0.0005061362217822385,0.9994,0.00017315311143609936
capped at in-sample max sigma,67,0.26587301587301587,0.9946,0.0005182103819878545,0.9994,0.00017315311143609936
capped at in-sample max sigma,68,0.2698412698412698,0.99445,0.0005253188317583929,0.9994,0.00017315311143609936
capped at in-sample max sigma,69,0.27380952380952384,0.9941,0.0005415343941062292,0.9993,0.00018701737887159497
capped at in-sample max sigma,70,0.2777777777777778,0.99395,0.0005483337259370428,0.9993,0.00018701737887159497
capped at in-sample max sigma,71,0.28174603174603174,0.9938,0.0005550477456940071,0.9993,0.00018701737887159497
capped at in-sample max sigma,72,0.2857142857142857,0.9937,0.0005594778816003351,0.9993,0.00018701737887159497
capped at in-sample max sigma,73,0.2896825396825397,0.99365,0.0005616795127116516,0.9993,0.00018701737887159497
capped at in-sample max sigma,74,0.29365079365079366,0.9936,0.0005638723259745934,0.9993,0.00018701737887159497
capped at in-sample max sigma,75,0.2976190476190476,0.99355,0.0005660564238660293,0.9993,0.00018701737887159497
capped at in-sample max sigma,76,0.30158730158730157,0.9934,0.0005725574207011926,0.9993,0.00018701737887159497
capped at in-sample max sigma,77,0.3055555555555556,0.9932,0.0005811092840421683,0.99925,0.00019357653525156767
capped at in-sample max sigma,78,0.30952380952380953,0.99315,0.0005832271212829537,0.99925,0.00019357653525156767
capped at in-sample max sigma,79,0.3134920634920635,0.9931,0.0005853370823722011,0.99925,0.00019357653525156767
capped at in-sample max sigma,80,0.31746031746031744,0.99305,0.0005874392521784704,0.99925,0.00019357653525156767
capped at in-sample max sigma,81,0.32142857142857145,0.99285,0.0005957716634751938,0.9992,0.00019991998399359966
capped at in-sample max sigma,82,0.3253968253968254,0.99275,0.0005998932196649659,0.99915,0.0002060676466600249
capped at in-sample max sigma,83,0.32936507936507936,0.99275,0.0005998932196649659,0.99915,0.0002060676466600249
capped at in-sample max sigma,84,0.3333333333333333,0.99265,0.000603985823509127,0.99915,0.0002060676466600249
capped at in-sample max sigma,85,0.3373015873015873,0.99255,0.0006080500596168031,0.99915,0.0002060676466600249
capped at in-sample max sigma,86,0.3412698412698413,0.9925,0.0006100717170956195,0.9991,0.00021203655345246628
capped at in-sample max sigma,87,0.34523809523809523,0.99245,0.0006120864930710343,0.99905,0.00021784139872852524
capped at in-sample max sigma,88,0.3492063492063492,0.9924,0.00061409445527541,0.99905,0.00021784139872852524
capped at in-sample max sigma,89,0.3531746031746032,0.9924,0.00061409445527541,0.99905,0.00021784139872852524
capped at in-sample max sigma,90,0.35714285714285715,0.9923,0.0006180902037728813,0.99905,0.00021784139872852524
capped at in-sample max sigma,91,0.3611111111111111,0.9923,0.0006180902037728813,0.99905,0.00021784139872852524
capped at in-sample max sigma,92,0.36507936507936506,0.9921,0.0006260027955209153,0.99905,0.00021784139872852524
capped at in-sample max sigma,93,0.36904761904761907,0.99205,0.000627964867647865,0.999,0.0002234949663862702
capped at in-sample max sigma,94,0.373015873015873,0.992,0.0006299206299209452,0.999,0.0002234949663862702
capped at in-sample max sigma,95,0.376984126984127,0.992,0.0006299206299209452,0.999,0.0002234949663862702
capped at in-sample max sigma,96,0.38095238095238093,0.992,0.0006299206299209452,0.999,0.0002234949663862702
capped at in-sample max sigma,97,0.38492063492063494,0.99185,0.0006357506390087229,0.99895,0.00022900846054239955
capped at in-sample max sigma,98,0.3888888888888889,0.99185,0.0006357506390087229,0.99895,0.00022900846054239955
capped at in-sample max sigma,99,0.39285714285714285,0.99175,0.0006396068128154976,0.99895,0.00022900846054239955
capped at in-sample max sigma,100,0.3968253968253968,0.9917,0.0006415259152988277,0.99895,0.00022900846054239955
capped at in-sample max sigma,101,0.4007936507936508,0.9916,0.0006453464186001177,0.99895,0.00022900846054239955
capped at in-sample max sigma,102,0.40476190476190477,0.99155,0.0006472479239055139,0.99895,0.00022900846054239955
capped at in-sample max sigma,103,0.4087301587301587,0.99155,0.0006472479239055139,0.99895,0.00022900846054239955
capped at in-sample max sigma,104,0.4126984126984127,0.99145,0.0006510336972845548,0.99895,0.00022900846054239955
capped at in-sample max sigma,105,0.4166666666666667,0.99145,0.0006510336972845548,0.99895,0.00022900846054239955
capped at in-sample max sigma,106,0.42063492063492064,0.9913,0.0006566700084517352,0.99885,0.00023965365634598447
capped at in-sample max sigma,107,0.4246031746031746,0.9912,0.0006603998788612863,0.9988,0.00024480196077645894
capped at in-sample max sigma,108,0.42857142857142855,0.99115,0.0006622566534207121,0.9988,0.00024480196077645894
capped at in-sample max sigma,109,0.43253968253968256,0.9911,0.0006641080484379036,0.9988,0.00024480196077645894
capped at in-sample max sigma,110,0.4365079365079365,0.99105,0.0006659541087792767,0.9988,0.00024480196077645894
capped at in-sample max sigma,111,0.44047619047619047,0.991,0.0006677948786865623,0.9988,0.00024480196077645894
capped at in-sample max sigma,112,0.4444444444444444,0.9909,0.0006714607211147945,0.9988,0.00024480196077645894
capped at in-sample max sigma,113,0.44841269841269843,0.99085,0.0006732858791033714,0.99875,0.0002498437011413309
capped at in-sample max sigma,114,0.4523809523809524,0.99075,0.0006769208779466025,0.99875,0.0002498437011413309
capped at in-sample max sigma,115,0.45634920634920634,0.9907,0.000678730800833437,0.99875,0.0002498437011413309
capped at in-sample max sigma,116,0.4603174603174603,0.9906,0.0006823356945082077,0.99875,0.0002498437011413309
capped at in-sample max sigma,117,0.4642857142857143,0.99055,0.0006841307440833207,0.99875,0.0002498437011413309
capped at in-sample max sigma,118,0.46825396825396826,0.9905,0.0006859209138085803,0.99875,0.0002498437011413309
capped at in-sample max sigma,119,0.4722222222222222,0.99045,0.0006877062417922332,0.99875,0.0002498437011413309
capped at in-sample max sigma,120,0.47619047619047616,0.99035,0.0006912625224905531,0.99875,0.0002498437011413309
capped at in-sample max sigma,121,0.4801587301587302,0.99025,0.0006947998812607856,0.99875,0.0002498437011413309
capped at in-sample max sigma,122,0.48412698412698413,0.99025,0.0006947998812607856,0.99875,0.0002498437011413309
capped at in-sample max sigma,123,0.4880952380952381,0.9902,0.0006965615550688981,0.99875,0.0002498437011413309
capped at in-sample max sigma,124,0.49206349206349204,0.99015,0.0006983186056521774,0.99875,0.0002498437011413309
capped at in-sample max sigma,125,0.49603174603174605,0.9901,0.0007000710678209755,0.99875,0.0002498437011413309
capped at in-sample max sigma,126,0.5,0.99,0.0007035623639735148,0.99875,0.0002498437011413309
capped at in-sample max sigma,127,0.503968253968254,0.9899,0.0007070357133837017,0.99875,0.0002498437011413309
capped at in-sample max sigma,128,0.5079365079365079,0.9899,0.0007070357133837017,0.99875,0.0002498437011413309
capped at in-sample max sigma,129,0.5119047619047619,0.98985,0.0007087657405659501,0.9987,0.0002547852036520143
capped at in-sample max sigma,130,0.5158730158730159,0.9897,0.0007139296183798503,0.9987,0.0002547852036520143
capped at in-sample max sigma,131,0.5198412698412699,0.9896,0.000717350681326782,0.9987,0.0002547852036520143
capped at in-sample max sigma,132,0.5238095238095238,0.98955,0.0007190548483947507,0.99865,0.0002596321917636527
capped at in-sample max sigma,133,0.5277777777777778,0.98935,0.0007258297837647628,0.99865,0.0002596321917636527
capped at in-sample max sigma,134,0.5317460317460317,0.9893,0.0007275132301202516,0.99865,0.0002596321917636527
capped at in-sample max sigma,135,0.5357142857142857,0.9893,0.0007275132301202516,0.99865,0.0002596321917636527
capped at in-sample max sigma,136,0.5396825396825397,0.9892,0.0007308679771340386,0.9986,0.000264389863648359
capped at in-sample max sigma,137,0.5436507936507936,0.98915,0.0007325393334149377,0.9986,0.000264389863648359
capped at in-sample max sigma,138,0.5476190476190477,0.98905,0.0007358701481919216,0.9986,0.000264389863648359
capped at in-sample max sigma,139,0.5515873015873016,0.98895,0.0007391852778566414,0.9986,0.000264389863648359
capped at in-sample max sigma,140,0.5555555555555556,0.98885,0.0007424849325070507,0.9986,0.000264389863648359
capped at in-sample max sigma,141,0.5595238095238095,0.98865,0.0007490386338500829,0.9986,0.000264389863648359
capped at in-sample max sigma,142,0.5634920634920635,0.9886,0.0007506677027819955,0.9986,0.000264389863648359
capped at in-sample max sigma,143,0.5674603174603174,0.9886,0.0007506677027819955,0.9986,0.000264389863648359
capped at in-sample max sigma,144,0.5714285714285714,0.9885,0.0007539147829827969,0.9986,0.000264389863648359
capped at in-sample max sigma,145,0.5753968253968254,0.9884,0.00075714727761513,0.99855,0.00026906295731668
capped at in-sample max sigma,146,0.5793650793650794,0.9884,0.00075714727761513,0.99855,0.00026906295731668
capped at in-sample max sigma,147,0.5833333333333334,0.9883,0.0007603653726992058,0.99855,0.00026906295731668
capped at in-sample max sigma,148,0.5873015873015873,0.9881,0.0007667590886321473,0.99855,0.00026906295731668
capped at in-sample max sigma,149,0.5912698412698413,0.9881,0.0007667590886321473,0.99855,0.00026906295731668
capped at in-sample max sigma,150,0.5952380952380952,0.98805,0.0007683487977474819,0.99855,0.00026906295731668
capped at in-sample max sigma,151,0.5992063492063492,0.988,0.0007699350621968066,0.9985,0.0002736558057122072
capped at in-sample max sigma,152,0.6031746031746031,0.98795,0.0007715179032271385,0.9985,0.0002736558057122072
capped at in-sample max sigma,153,0.6071428571428571,0.98795,0.0007715179032271385,0.9985,0.0002736558057122072
capped at in-sample max sigma,154,0.6111111111111112,0.98785,0.0007746733989237011,0.99845,0.00027817238360412875
capped at in-sample max sigma,155,0.6150793650793651,0.98785,0.0007746733989237011,0.99845,0.00027817238360412875
capped at in-sample max sigma,156,0.6190476190476191,0.9877,0.0007793814855383716,0.99845,0.00027817238360412875
capped at in-sample max sigma,157,0.623015873015873,0.98765,0.00078094422015916,0.99845,0.00027817238360412875
capped at in-sample max sigma,158,0.626984126984127,0.9875,0.000785612818123532,0.99845,0.00027817238360412875
capped at in-sample max sigma,159,0.6309523809523809,0.9875,0.000785612818123532,0.99845,0.00027817238360412875
capped at in-sample max sigma,160,0.6349206349206349,0.9874,0.0007887090718382776,0.99845,0.00027817238360412875
capped at in-sample max sigma,161,0.6388888888888888,0.9871,0.0007979219886680659,0.99845,0.00027817238360412875
capped at in-sample max sigma,162,0.6428571428571429,0.98705,0.0007994466054715605,0.99845,0.00027817238360412875
capped at in-sample max sigma,163,0.6468253968253969,0.987,0.0008009681641613482,0.9984,0.00028261634772249513
capped at in-sample max sigma,164,0.6507936507936508,0.98685,0.000805514664670979,0.99835,0.00028699107128968667
capped at in-sample max sigma,165,0.6547619047619048,0.98665,0.000811534888344302,0.99835,0.00028699107128968667
capped at in-sample max sigma,166,0.6587301587301587,0.98655,0.0008145273936461548,0.9983,0.0002912996738755499
capped at in-sample max sigma,167,0.6626984126984127,0.9865,0.0008160193012423161,0.9983,0.0002912996738755499
capped at in-sample max sigma,168,0.6666666666666666,0.9864,0.000818994505476073,0.9983,0.0002912996738755499
capped at in-sample max sigma,169,0.6706349206349206,0.9864,0.000818994505476073,0.9983,0.0002912996738755499
capped at in-sample max sigma,170,0.6746031746031746,0.98635,0.0008204778333385994,0.9983,0.0002912996738755499
capped at in-sample max sigma,171,0.6785714285714286,0.9862,0.0008249109042799723,0.99815,0.00030385666851329905
capped at in-sample max sigma,172,0.6825396825396826,0.9862,0.0008249109042799723,0.99815,0.00030385666851329905
capped at in-sample max sigma,173,0.6865079365079365,0.9861,0.0008278523419064544,0.99815,0.00030385666851329905
capped at in-sample max sigma,174,0.6904761904761905,0.98605,0.000829318922369435,0.99815,0.00030385666851329905
capped at in-sample max sigma,175,0.6944444444444444,0.9859,0.000833702284991471,0.99815,0.00030385666851329905
capped at in-sample max sigma,176,0.6984126984126984,0.9858,0.0008366110207258804,0.99815,0.00030385666851329905
capped at in-sample max sigma,177,0.7023809523809523,0.9857,0.0008395090827382388,0.99815,0.00030385666851329905
capped at in-sample max sigma,178,0.7063492063492064,0.98565,0.0008409541455989137,0.99815,0.00030385666851329905
capped at in-sample max sigma,179,0.7103174603174603,0.9856,0.0008423965811896428,0.99815,0.00030385666851329905
capped at in-sample max sigma,180,0.7142857142857143,0.9856,0.0008423965811896428,0.99815,0.00030385666851329905
capped at in-sample max sigma,181,0.7182539682539683,0.9855,0.0008452736243371125,0.9981,0.0003079277512664304
capped at in-sample max sigma,182,0.7222222222222222,0.98545,0.0008467082584928516,0.9981,0.0003079277512664304
capped at in-sample max sigma,183,0.7261904761904762,0.9854,0.0008481403185794184,0.9981,0.0003079277512664304
capped at in-sample max sigma,184,0.7301587301587301,0.9854,0.0008481403185794184,0.9981,0.0003079277512664304
capped at in-sample max sigma,185,0.7341269841269841,0.9854,0.0008481403185794184,0.9981,0.0003079277512664304
capped at in-sample max sigma,186,0.7380952380952381,0.98525,0.00085242118403991,0.99805,0.00031194530770633556
capped at in-sample max sigma,187,0.7420634920634921,0.9852,0.0008538430769175339,0.99805,0.00031194530770633556
capped at in-sample max sigma,188,0.746031746031746,0.9851,0.0008566793449126699,0.99805,0.00031194530770633556
capped at in-sample max sigma,189,0.75,0.98495,0.0008609151380943422,0.99795,0.00031982788339980585
capped at in-sample max sigma,190,0.753968253968254,0.98495,0.0008609151380943422,0.99795,0.00031982788339980585
capped at in-sample max sigma,191,0.7579365079365079,0.9849,0.0008623221555776008,0.99795,0.00031982788339980585
capped at in-sample max sigma,192,0.7619047619047619,0.9848,0.0008651288921311087,0.9979,0.0003236966172205072
capped at in-sample max sigma,193,0.7658730158730159,0.98475,0.0008665286348413417,0.9979,0.0003236966172205072
capped at in-sample max sigma,194,0.7698412698412699,0.9847,0.0008679259761062571,0.9979,0.0003236966172205072
capped at in-sample max sigma,195,0.7738095238095238,0.9846,0.0008707135005270094,0.9979,0.0003236966172205072
capped at in-sample max sigma,196,0.7777777777777778,0.98455,0.0008721037065624697,0.9979,0.0003236966172205072
capped at in-sample max sigma,197,0.7817460317460317,0.9844,0.0008762602353182514,0.9979,0.0003236966172205072
capped at in-sample max sigma,198,0.7857142857142857,0.9843,0.0008790196243543156,0.9978,0.0003312974494317742
capped at in-sample max sigma,199,0.7896825396825397,0.9842,0.0008817698112319347,0.9978,0.0003312974494317742
capped at in-sample max sigma,200,0.7936507936507936,0.9841,0.0008845108817872177,0.9978,0.0003312974494317742
capped at in-sample max sigma,201,0.7976190476190477,0.984,0.0008872429205127538,0.9978,0.0003312974494317742
capped at in-sample max sigma,202,0.8015873015873016,0.9839,0.0008899660105869214,0.9978,0.0003312974494317742
capped at in-sample max sigma,203,0.8055555555555556,0.9838,0.0008926802339023754,0.9978,0.0003312974494317742
capped at in-sample max sigma,204,0.8095238095238095,0.98375,0.0008940340457723069,0.9978,0.0003312974494317742
capped at in-sample max sigma,205,0.8134920634920635,0.9836,0.0008980824015645773,0.9978,0.0003312974494317742
capped at in-sample max sigma,206,0.8174603174603174,0.98345,0.0009021113429061834,0.9978,0.0003312974494317742
capped at in-sample max sigma,207,0.8214285714285714,0.98335,0.0009047866461216162,0.9978,0.0003312974494317742
capped at in-sample max sigma,208,0.8253968253968254,0.98315,0.0009101120123369439,0.9978,0.0003312974494317742
capped at in-sample max sigma,209,0.8293650793650794,0.9831,0.0009114381493003248,0.9978,0.0003312974494317742
capped at in-sample max sigma,210,0.8333333333333334,0.9831,0.0009114381493003248,0.9978,0.0003312974494317742
capped at in-sample max sigma,211,0.8373015873015873,0.9829,0.0009167221498360341,0.9978,0.0003312974494317742
capped at in-sample max sigma,212,0.8412698412698413,0.98285,0.0009180380574899932,0.9978,0.0003312974494317742
capped at in-sample max sigma,213,0.8452380952380952,0.9828,0.0009193519456660762,0.9978,0.0003312974494317742
capped at in-sample max sigma,214,0.8492063492063492,0.98265,0.0009232815794761634,0.9977,0.00033872629068319813
capped at in-sample max sigma,215,0.8531746031746031,0.9825,0.0009271933455326338,0.9977,0.00033872629068319813
capped at in-sample max sigma,216,0.8571428571428571,0.98245,0.0009284933360019326,0.9977,0.00033872629068319813
capped at in-sample max sigma,217,0.8611111111111112,0.98235,0.0009310874690382224,0.9977,0.00033872629068319813
capped at in-sample max sigma,218,0.8650793650793651,0.98215,0.0009362525700899313,0.9977,0.00033872629068319813
capped at in-sample max sigma,219,0.8690476190476191,0.98205,0.0009388236655517377,0.9977,0.00033872629068319813
capped at in-sample max sigma,220,0.873015873015873,0.982,0.0009401063769595443,0.9977,0.00033872629068319813
capped at in-sample max sigma,221,0.876984126984127,0.98195,0.000941387207794965,0.9976,0.00034599421960489153
capped at in-sample max sigma,222,0.8809523809523809,0.9819,0.0009426661657235823,0.9976,0.00034599421960489153
capped at in-sample max sigma,223,0.8849206349206349,0.9818,0.0009452184932596271,0.9976,0.00034599421960489153
capped at in-sample max sigma,224,0.8888888888888888,0.98165,0.0009490331263975979,0.9976,0.00034599421960489153
capped at in-sample max sigma,225,0.8928571428571429,0.9816,0.0009503010049452745,0.9976,0.00034599421960489153
capped at in-sample max sigma,226,0.8968253968253969,0.9816,0.0009503010049452745,0.9976,0.00034599421960489153
capped at in-sample max sigma,227,0.9007936507936508,0.98155,0.0009515670627969414,0.9976,0.00034599421960489153
capped at in-sample max sigma,228,0.9047619047619048,0.98145,0.0009540937453940245,0.99755,0.00034957098706843166
capped at in-sample max sigma,229,0.9087301587301587,0.98145,0.0009540937453940245,0.99755,0.00034957098706843166
capped at in-sample max sigma,230,0.9126984126984127,0.9814,0.0009553543845087003,0.99755,0.00034957098706843166
capped at in-sample max sigma,231,0.9166666666666666,0.98135,0.0009566132316668021,0.99755,0.00034957098706843166
capped at in-sample max sigma,232,0.9206349206349206,0.98135,0.0009566132316668021,0.99755,0.00034957098706843166
capped at in-sample max sigma,233,0.9246031746031746,0.98135,0.0009566132316668021,0.99755,0.00034957098706843166
capped at in-sample max sigma,234,0.9285714285714286,0.9813,0.0009578702939333709,0.99755,0.00034957098706843166
capped at in-sample max sigma,235,0.9325396825396826,0.98125,0.0009591255783264265,0.99755,0.00034957098706843166
capped at in-sample max sigma,236,0.9365079365079365,0.9812,0.0009603790918173938,0.99755,0.00034957098706843166
capped at in-sample max sigma,237,0.9404761904761905,0.98105,0.000964129075902185,0.99755,0.00034957098706843166
capped at in-sample max sigma,238,0.9444444444444444,0.981,0.0009653755745822456,0.99755,0.00034957098706843166
capped at in-sample max sigma,239,0.9484126984126984,0.981,0.0009653755745822456,0.99755,0.00034957098706843166
capped at in-sample max sigma,240,0.9523809523809523,0.9809,0.0009678633684565194,0.99755,0.00034957098706843166
capped at in-sample max sigma,241,0.9563492063492064,0.9809,0.0009678633684565194,0.99755,0.00034957098706843166
capped at in-sample max sigma,242,0.9603174603174603,0.9809,0.0009678633684565194,0.99755,0.00034957098706843166
capped at in-sample max sigma,243,0.9642857142857143,0.98075,0.0009715821504124082,0.9975,0.0003531111722956346
capped at in-sample max sigma,244,0.9682539682539683,0.9806,0.0009752855991964604,0.99745,0.00035661586476207506
capped at in-sample max sigma,245,0.9722222222222222,0.9805,0.0009777461326949844,0.99745,0.00035661586476207506
capped at in-sample max sigma,246,0.9761904761904762,0.9805,0.0009777461326949844,0.99745,0.00035661586476207506
capped at in-sample max sigma,247,0.9801587301587301,0.9805,0.0009777461326949844,0.99745,0.00035661586476207506
capped at in-sample max sigma,248,0.9841269841269841,0.9805,0.0009777461326949844,0.99745,0.00035661586476207506
capped at in-sample max sigma,249,0.9880952380952381,0.9804,0.0009801999795959993,0.99745,0.00035661586476207506
capped at in-sample max sigma,250,0.9920634920634921,0.98035,0.0009814244112513186,0.99745,0.00035661586476207506
capped at in-sample max sigma,251,0.996031746031746,0.98035,0.0009814244112513186,0.99745,0.00035661586476207506
capped at in-sample max sigma,252,1.0,0.98015,0.0009863056701651886,0.99745,0.00035661586476207506
capped at in-sample max sigma,253,1.003968253968254,0.9801,0.0009875218984913708,0.99745,0.00035661586476207506
capped at in-sample max sigma,254,1.007936507936508,0.9799,0.0009923706464824524,0.9974,0.00036008610081479447
capped at in-sample max sigma,255,1.0119047619047619,0.9797,0.0009971938126562957,0.99735,0.0003635228672312129
capped at in-sample max sigma,256,1.0158730158730158,0.9795,0.0010019917664332368,0.99735,0.0003635228672312129
capped at in-sample max sigma,257,1.0198412698412698,0.9794,0.0010043814016597468,0.9973,0.0003669271044771724
capped at in-sample max sigma,258,1.0238095238095237,0.9793,0.0010067648682785878,0.9973,0.0003669271044771724
capped at in-sample max sigma,259,1.0277777777777777,0.97925,0.001007954302039533,0.9973,0.0003669271044771724
capped at in-sample max sigma,260,1.0317460317460319,0.9791,0.0010115134700042314,0.9973,0.0003669271044771724
capped at in-sample max sigma,261,1.0357142857142858,0.97905,0.0010126968327194476,0.9973,0.0003669271044771724
capped at in-sample max sigma,262,1.0396825396825398,0.97885,0.0010174152913142206,0.9973,0.0003669271044771724
capped at in-sample max sigma,263,1.0436507936507937,0.97885,0.0010174152913142206,0.9973,0.0003669271044771724
capped at in-sample max sigma,264,1.0476190476190477,0.9788,0.0010185911839398572,0.9973,0.0003669271044771724
capped at in-sample max sigma,265,1.0515873015873016,0.97875,0.001019765598066536,0.9973,0.0003669271044771724
capped at in-sample max sigma,266,1.0555555555555556,0.97875,0.001019765598066536,0.9973,0.0003669271044771724
capped at in-sample max sigma,267,1.0595238095238095,0.9787,0.0010209385387965327,0.9973,0.0003669271044771724
capped at in-sample max sigma,268,1.0634920634920635,0.9786,0.0010232800203267914,0.9973,0.0003669271044771724
capped at in-sample max sigma,269,1.0674603174603174,0.97855,0.0010244485711835409,0.9973,0.0003669271044771724
capped at in-sample max sigma,270,1.0714285714285714,0.9785,0.0010256156687570633,0.99725,0.00037029970969473027
capped at in-sample max sigma,271,1.0753968253968254,0.9784,0.0010279455238484177,0.99725,0.00037029970969473027
capped at in-sample max sigma,272,1.0793650793650793,0.97835,0.0010291082911919414,0.9972,0.000373641539446568
capped at in-sample max sigma,273,1.0833333333333333,0.97835,0.0010291082911919414,0.9972,0.000373641539446568
capped at in-sample max sigma,274,1.0873015873015872,0.97825,0.001031429529827415,0.9972,0.000373641539446568
capped at in-sample max sigma,275,1.0912698412698412,0.9782,0.0010325880107768064,0.9972,0.000373641539446568
capped at in-sample max sigma,276,1.0952380952380953,0.97815,0.0010337450725396479,0.9972,0.000373641539446568
capped at in-sample max sigma,277,1.0992063492063493,0.9781,0.0010349007198760668,0.9972,0.000373641539446568
capped at in-sample max sigma,278,1.1031746031746033,0.978,0.0010372077901751417,0.99715,0.00037695341224082445
capped at in-sample max sigma,279,1.1071428571428572,0.97795,0.0010383592225236893,0.99715,0.00037695341224082445
capped at in-sample max sigma,280,1.1111111111111112,0.97775,0.001042951041516331,0.99715,0.00037695341224082445
capped at in-sample max sigma,281,1.1150793650793651,0.9777,0.0010440955416052688,0.9971,0.00038023611085745223
capped at in-sample max sigma,282,1.119047619047619,0.97755,0.0010475208231820494,0.99705,0.00038349038449484027
capped at in-sample max sigma,283,1.123015873015873,0.97755,0.0010475208231820494,0.99705,0.00038349038449484027
capped at in-sample max sigma,284,1.126984126984127,0.9774,0.0010509338704219203,0.99705,0.00038349038449484027
capped at in-sample max sigma,285,1.130952380952381,0.97715,0.0010565954168933356,0.99705,0.00038349038449484027
capped at in-sample max sigma,286,1.1349206349206349,0.9771,0.0010577237351974292,0.99705,0.00038349038449484027
capped at in-sample max sigma,287,1.1388888888888888,0.977,0.001059976414831953,0.99705,0.00038349038449484027
capped at in-sample max sigma,288,1.1428571428571428,0.97695,0.0010611007845628994,0.99705,0.00038349038449484027
capped at in-sample max sigma,289,1.1468253968253967,0.97685,0.0010633456046836326,0.997,0.00038671695075339035
capped at in-sample max sigma,290,1.1507936507936507,0.97675,0.001065585226530473,0.997,0.00038671695075339035
capped at in-sample max sigma,291,1.1547619047619047,0.9767,0.0010667030983361769,0.997,0.00038671695075339035
capped at in-sample max sigma,292,1.1587301587301588,0.9766,0.0010689349839910745,0.997,0.00038671695075339035
capped at in-sample max sigma,293,1.1626984126984128,0.97645,0.0010722732277735924,0.99695,0.0003899164974709327
capped at in-sample max sigma,294,1.1666666666666667,0.9762,0.001077811671861092,0.99685,0.0003962371449018874
capped at in-sample max sigma,295,1.1706349206349207,0.97615,0.0010789156014258028,0.99685,0.0003962371449018874
capped at in-sample max sigma,296,1.1746031746031746,0.9759,0.0010844166634647406,0.9968,0.0003993594871791567
capped at in-sample max sigma,297,1.1785714285714286,0.9759,0.0010844166634647406,0.9968,0.0003993594871791567
capped at in-sample max sigma,298,1.1825396825396826,0.97575,0.0010877025673409067,0.99675,0.00040245729587124986
capped at in-sample max sigma,299,1.1865079365079365,0.97555,0.0010920667905398454,0.99665,0.0004085815402095379
capped at in-sample max sigma,300,1.1904761904761905,0.9755,0.0010931548380718984,0.99665,0.0004085815402095379
capped at in-sample max sigma,301,1.1944444444444444,0.97535,0.0010964118181595807,0.99665,0.0004085815402095379
capped at in-sample max sigma,302,1.1984126984126984,0.9752,0.0010996581286927326,0.9966,0.0004116090378016473
capped at in-sample max sigma,303,1.2023809523809523,0.9752,0.0010996581286927326,0.9966,0.0004116090378016473
capped at in-sample max sigma,304,1.2063492063492063,0.9752,0.0010996581286927326,0.9966,0.0004116090378016473
capped at in-sample max sigma,305,1.2103174603174602,0.97515,0.0011007378775167145,0.99655,0.00041461412783454167
capped at in-sample max sigma,306,1.2142857142857142,0.97515,0.0011007378775167145,0.99655,0.00041461412783454167
capped at in-sample max sigma,307,1.2182539682539681,0.975,0.0011039701082909813,0.99645,0.0004205590029948267
capped at in-sample max sigma,308,1.2222222222222223,0.97495,0.0011050451913835926,0.9964,0.00042349970484051384
capped at in-sample max sigma,309,1.2261904761904763,0.9748,0.0011082635065723313,0.9964,0.00042349970484051384
capped at in-sample max sigma,310,1.2301587301587302,0.97475,0.0011093339781147965,0.9964,0.00042349970484051384
capped at in-sample max sigma,311,1.2341269841269842,0.97475,0.0011093339781147965,0.9964,0.00042349970484051384
capped at in-sample max sigma,312,1.2380952380952381,0.9747,0.0011104033051103548,0.9964,0.00042349970484051384
capped at in-sample max sigma,313,1.242063492063492,0.9746,0.001112538538658324,0.9964,0.00042349970484051384
capped at in-sample max sigma,314,1.246031746031746,0.9746,0.001112538538658324,0.9964,0.00042349970484051384
capped at in-sample max sigma,315,1.25,0.9745,0.0011146692334499946,0.9964,0.00042349970484051384
capped at in-sample max sigma,316,1.253968253968254,0.97445,0.0011157328869402382,0.99635,0.0004264198342009927
capped at in-sample max sigma,317,1.257936507936508,0.97445,0.0011157328869402382,0.99635,0.0004264198342009927
capped at in-sample max sigma,318,1.2619047619047619,0.97445,0.0011157328869402382,0.99635,0.0004264198342009927
capped at in-sample max sigma,319,1.2658730158730158,0.97435,0.0011178568222272465,0.99635,0.0004264198342009927
capped at in-sample max sigma,320,1.2698412698412698,0.97425,0.0011199762832310345,0.99635,0.0004264198342009927
capped at in-sample max sigma,321,1.2738095238095237,0.97415,0.0011220912953053338,0.99635,0.0004264198342009927
capped at in-sample max sigma,322,1.2777777777777777,0.97395,0.0011263080728646142,0.9963,0.0004293198108636519
capped at in-sample max sigma,323,1.2817460317460319,0.9738,0.0011294591626083699,0.9963,0.0004293198108636519
capped at in-sample max sigma,324,1.2857142857142858,0.9737,0.0011315544617913889,0.9963,0.0004293198108636519
capped at in-sample max sigma,325,1.2896825396825398,0.97355,0.001134689329728626,0.9963,0.0004293198108636519
capped at in-sample max sigma,326,1.2936507936507937,0.9735,0.001135732142716758,0.9963,0.0004293198108636519
capped at in-sample max sigma,327,1.2976190476190477,0.9734,0.0011378145718877034,0.9963,0.0004293198108636519
capped at in-sample max sigma,328,1.3015873015873016,0.97335,0.0011388541939159717,0.9963,0.0004293198108636519
capped at in-sample max sigma,329,1.3055555555555556,0.9733,0.0011398927581136734,0.9963,0.0004293198108636519
capped at in-sample max sigma,330,1.3095238095238095,0.9733,0.0011398927581136734,0.9963,0.0004293198108636519
capped at in-sample max sigma,331,1.3134920634920635,0.97325,0.0011409302673695716,0.9963,0.0004293198108636519
capped at in-sample max sigma,332,1.3174603174603174,0.97315,0.0011430021325439432,0.9963,0.0004293198108636519
capped at in-sample max sigma,333,1.3214285714285714,0.9731,0.0011440364941731542,0.9963,0.0004293198108636519
capped at in-sample max sigma,334,1.3253968253968254,0.97305,0.0011450698122822038,0.9963,0.0004293198108636519
capped at in-sample max sigma,335,1.3293650793650793,0.97285,0.001149192705772187,0.9963,0.0004293198108636519
capped at in-sample max sigma,336,1.3333333333333333,0.97265,0.0011532991264195074,0.9963,0.0004293198108636519
capped at in-sample max sigma,337,1.3373015873015872,0.9726,0.00115432317831706,0.9963,0.0004293198108636519
capped at in-sample max sigma,338,1.3412698412698412,0.97255,0.001155346214344427,0.9963,0.0004293198108636519
capped at in-sample max sigma,339,1.3452380952380953,0.9724,0.0011584092541066814,0.9963,0.0004293198108636519
capped at in-sample max sigma,340,1.3492063492063493,0.9723,0.00116044625037095,0.9963,0.0004293198108636519
capped at in-sample max sigma,341,1.3531746031746033,0.97225,0.001161463247373761,0.9963,0.0004293198108636519
capped at in-sample max sigma,342,1.3571428571428572,0.97215,0.0011634942522419274,0.99625,0.00043220004049051355
capped at in-sample max sigma,343,1.3611111111111112,0.97215,0.0011634942522419274,0.99625,0.00043220004049051355
capped at in-sample max sigma,344,1.3650793650793651,0.97215,0.0011634942522419274,0.99625,0.00043220004049051355
capped at in-sample max sigma,345,1.369047619047619,0.97195,0.0011675443781715541,0.99625,0.00043220004049051355
capped at in-sample max sigma,346,1.373015873015873,0.97195,0.0011675443781715541,0.99625,0.00043220004049051355
capped at in-sample max sigma,347,1.376984126984127,0.97185,0.0011695635403858999,0.9962,0.00043506091527509256
capped at in-sample max sigma,348,1.380952380952381,0.9717,0.0011725849649385752,0.9962,0.00043506091527509256
capped at in-sample max sigma,349,1.3849206349206349,0.97165,0.0011735901648360894,0.9962,0.00043506091527509256
capped at in-sample max sigma,350,1.3888888888888888,0.97155,0.0011755976671463748,0.99615,0.0004379028145604924
capped at in-sample max sigma,351,1.3928571428571428,0.97145,0.0011776013226045554,0.99615,0.0004379028145604924
capped at in-sample max sigma,352,1.3968253968253967,0.97135,0.0011796011508132729,0.99615,0.0004379028145604924
capped at in-sample max sigma,353,1.4007936507936507,0.97125,0.0011815971712051457,0.9961,0.0004407261054214973
capped at in-sample max sigma,354,1.4047619047619047,0.97115,0.0011835894030448237,0.9961,0.0004407261054214973
capped at in-sample max sigma,355,1.4087301587301588,0.9711,0.001184584104232368,0.9961,0.0004407261054214973
capped at in-sample max sigma,356,1.4126984126984128,0.97095,0.001187562577298561,0.996,0.00044631827208842814
capped at in-sample max sigma,357,1.4166666666666667,0.9709,0.0011885535326606037,0.996,0.00044631827208842814
capped at in-sample max sigma,358,1.4206349206349207,0.97085,0.0011895435574202403,0.996,0.00044631827208842814
capped at in-sample max sigma,359,1.4246031746031746,0.9706,0.0011944798030942168,0.99595,0.0004490878254862849
capped at in-sample max sigma,360,1.4285714285714286,0.9706,0.0011944798030942168,0.99595,0.0004490878254862849
capped at in-sample max sigma,361,1.4325396825396826,0.9706,0.0011944798030942168,0.99595,0.0004490878254862849
capped at in-sample max sigma,362,1.4365079365079365,0.9705,0.0011964478676482308,0.99595,0.0004490878254862849
capped at in-sample max sigma,363,1.4404761904761905,0.9704,0.0011984122829811108,0.99595,0.0004490878254862849
capped at in-sample max sigma,364,1.4444444444444444,0.97035,0.0011993931277942183,0.99595,0.0004490878254862849
capped at in-sample max sigma,365,1.4484126984126984,0.9703,0.0012003730670087519,0.99595,0.0004490878254862849
capped at in-sample max sigma,366,1.4523809523809523,0.97005,0.001205259256342801,0.99585,0.0004545754887804658
capped at in-sample max sigma,367,1.4563492063492063,0.96985,0.001209152130627077,0.9958,0.00045729421601415325
capped at in-sample max sigma,368,1.4603174603174602,0.9697,0.0012120624983885937,0.9958,0.00045729421601415325
capped at in-sample max sigma,369,1.4642857142857142,0.96955,0.0012149649686307828,0.9958,0.00045729421601415325
capped at in-sample max sigma,370,1.4682539682539681,0.9695,0.0012159307134865863,0.9958,0.00045729421601415325
capped at in-sample max sigma,371,1.4722222222222223,0.96935,0.0012188227414189473,0.9958,0.00045729421601415325
capped at in-sample max sigma,372,1.4761904761904763,0.9692,0.0012217070025173802,0.9958,0.00045729421601415325
capped at in-sample max sigma,373,1.4801587301587302,0.9692,0.0012217070025173802,0.9958,0.00045729421601415325
capped at in-sample max sigma,374,1.4841269841269842,0.9691,0.0012236255554703007,0.9958,0.00045729421601415325
capped at in-sample max sigma,375,1.4880952380952381,0.96905,0.001224583551661544,0.9958,0.00045729421601415325
capped at in-sample max sigma,376,1.492063492063492,0.96895,0.0012264969934736901,0.9958,0.00045729421601415325
capped at in-sample max sigma,377,1.496031746031746,0.96895,0.0012264969934736901,0.9958,0.00045729421601415325
capped at in-sample max sigma,378,1.5,0.9689,0.0012274524430706066,0.99575,0.00045999660324832706
capped at in-sample max sigma,379,1.503968253968254,0.9688,0.001229360809526642,0.99575,0.00045999660324832706
capped at in-sample max sigma,380,1.507936507936508,0.96875,0.0012303137303143455,0.99575,0.00045999660324832706
capped at in-sample max sigma,381,1.5119047619047619,0.9687,0.0012312658120812094,0.99575,0.00045999660324832706
capped at in-sample max sigma,382,1.5158730158730158,0.96855,0.001234117042666537,0.99575,0.00045999660324832706
capped at in-sample max sigma,383,1.5198412698412698,0.9685,0.0012350657877214471,0.9957,0.000462682936793652
capped at in-sample max sigma,384,1.5238095238095237,0.9684,0.0012369607916179067,0.9957,0.000462682936793652
capped at in-sample max sigma,385,1.5277777777777777,0.9684,0.0012369607916179067,0.9957,0.000462682936793652
capped at in-sample max sigma,386,1.5317460317460319,0.9683,0.0012388524932371882,0.99565,0.0004653534946682986
capped at in-sample max sigma,387,1.5357142857142858,0.96825,0.0012397971104176671,0.99565,0.0004653534946682986
capped at in-sample max sigma,388,1.5396825396825398,0.96825,0.0012397971104176671,0.99565,0.0004653534946682986
capped at in-sample max sigma,389,1.5436507936507937,0.96815,0.0012416838869051985,0.99565,0.0004653534946682986
capped at in-sample max sigma,390,1.5476190476190477,0.9681,0.0012426260499442308,0.9956,0.0004680085469305
capped at in-sample max sigma,391,1.5515873015873016,0.96795,0.0012454476604819653,0.99555,0.00047064835599415164
capped at in-sample max sigma,392,1.5555555555555556,0.96775,0.0012491984930346337,0.99555,0.00047064835599415164
capped at in-sample max sigma,393,1.5595238095238095,0.9677,0.0012501341927969173,0.99555,0.00047064835599415164
capped at in-sample max sigma,394,1.5634920634920635,0.96765,0.0012510690928162198,0.99555,0.00047064835599415164
capped at in-sample max sigma,395,1.5674603174603174,0.96755,0.001252936500785255,0.9955,0.0004732731769285023
capped at in-sample max sigma,396,1.5714285714285714,0.9675,0.0012538690122975362,0.9955,0.0004732731769285023
capped at in-sample max sigma,397,1.5753968253968254,0.9674,0.0012557316592329741,0.9955,0.0004732731769285023
capped at in-sample max sigma,398,1.5793650793650793,0.9673,0.0012575911497780183,0.9955,0.0004732731769285023
capped at in-sample max sigma,399,1.5833333333333333,0.96725,0.001258519715777229,0.9955,0.0004732731769285023
capped at in-sample max sigma,400,1.5873015873015872,0.96715,0.0012603744979171874,0.99545,0.00047588325774290766
capped at in-sample max sigma,401,1.5912698412698412,0.967,0.0012631508223486226,0.99545,0.00047588325774290766
capped at in-sample max sigma,402,1.5952380952380953,0.9669,0.001264997826085089,0.99545,0.00047588325774290766
capped at in-sample max sigma,403,1.5992063492063493,0.9668,0.0012668417422866997,0.9954,0.0004784788396575155
capped at in-sample max sigma,404,1.6031746031746033,0.9668,0.0012668417422866997,0.9954,0.0004784788396575155
capped at in-sample max sigma,405,1.6071428571428572,0.9668,0.0012668417422866997,0.9954,0.0004784788396575155
capped at in-sample max sigma,406,1.6111111111111112,0.96675,0.001267762546772857,0.99535,0.0004810601573608046
capped at in-sample max sigma,407,1.6150793650793651,0.9667,0.0012686825844158182,0.99535,0.0004810601573608046
capped at in-sample max sigma,408,1.619047619047619,0.9667,0.0012686825844158182,0.99535,0.0004810601573608046
capped at in-sample max sigma,409,1.623015873015873,0.96655,0.0012714381129256742,0.99535,0.0004810601573608046
capped at in-sample max sigma,410,1.626984126984127,0.9665,0.0012723550998050815,0.99535,0.0004810601573608046
capped at in-sample max sigma,411,1.630952380952381,0.9664,0.0012741867994921303,0.9953,0.0004836274392546414
capped at in-sample max sigma,412,1.6349206349206349,0.96635,0.001275101515566505,0.9953,0.0004836274392546414
capped at in-sample max sigma,413,1.6388888888888888,0.96635,0.001275101515566505,0.9953,0.0004836274392546414
capped at in-sample max sigma,414,1.6428571428571428,0.96635,0.001275101515566505,0.9953,0.0004836274392546414
capped at in-sample max sigma,415,1.6468253968253967,0.96635,0.001275101515566505,0.9953,0.0004836274392546414
capped at in-sample max sigma,416,1.6507936507936507,0.9661,0.0012796638230410367,0.9953,0.0004836274392546414
capped at in-sample max sigma,417,1.6547619047619047,0.96605,0.001280574041201836,0.9953,0.0004836274392546414
capped at in-sample max sigma,418,1.6587301587301588,0.96605,0.001280574041201836,0.9953,0.0004836274392546414
capped at in-sample max sigma,419,1.6626984126984128,0.96585,0.0012842074890764344,0.9953,0.0004836274392546414
capped at in-sample max sigma,420,1.6666666666666667,0.9658,0.0012851140027250502,0.9953,0.0004836274392546414
capped at in-sample max sigma,421,1.6706349206349207,0.96575,0.001286019780174473,0.9953,0.0004836274392546414
capped at in-sample max sigma,422,1.6746031746031746,0.9656,0.0012887327108442616,0.99525,0.0004861809076876648
capped at in-sample max sigma,423,1.6785714285714286,0.9655,0.00129053767864406,0.99525,0.0004861809076876648
capped at in-sample max sigma,424,1.6825396825396826,0.96545,0.0012914390713463792,0.99525,0.0004861809076876648
capped at in-sample max sigma,425,1.6865079365079365,0.9654,0.0012923397386136505,0.99525,0.0004861809076876648
capped at in-sample max sigma,426,1.6904761904761905,0.96535,0.001293239681961545,0.99525,0.0004861809076876648
capped at in-sample max sigma,427,1.6944444444444444,0.9653,0.001294138902900302,0.99525,0.0004861809076876648
capped at in-sample max sigma,428,1.6984126984126984,0.96525,0.001295037402934756,0.99525,0.0004861809076876648
capped at in-sample max sigma,429,1.7023809523809523,0.96525,0.001295037402934756,0.99525,0.0004861809076876648
capped at in-sample max sigma,430,1.7063492063492063,0.9652,0.0012959351835643642,0.99525,0.0004861809076876648
capped at in-sample max sigma,431,1.7103174603174602,0.96515,0.0012968322462832277,0.99525,0.0004861809076876648
capped at in-sample max sigma,432,1.7142857142857142,0.9651,0.0012977285925801288,0.99525,0.0004861809076876648
capped at in-sample max sigma,433,1.7182539682539681,0.965,0.0012995191418367033,0.99525,0.0004861809076876648
capped at in-sample max sigma,434,1.7222222222222223,0.96495,0.001300413347747554,0.9952,0.0004887207791776418
capped at in-sample max sigma,435,1.7261904761904763,0.9648,0.00130309170820783,0.9952,0.0004887207791776418
capped at in-sample max sigma,436,1.7301587301587302,0.96465,0.0013057637133111028,0.9952,0.0004887207791776418
capped at in-sample max sigma,437,1.7341269841269842,0.9645,0.0013084294019930914,0.9952,0.0004887207791776418
capped at in-sample max sigma,438,1.7380952380952381,0.96435,0.001311088812781193,0.9952,0.0004887207791776418
capped at in-sample max sigma,439,1.742063492063492,0.96425,0.0013128582844313386,0.9952,0.0004887207791776418
capped at in-sample max sigma,440,1.746031746031746,0.96425,0.0013128582844313386,0.99515,0.0004912472646234287
capped at in-sample max sigma,441,1.75,0.96415,0.0013146249940572416,0.9951,0.0004937605695071253
capped at in-sample max sigma,442,1.753968253968254,0.96405,0.0013163889527795353,0.9951,0.0004937605695071253
capped at in-sample max sigma,443,1.757936507936508,0.96405,0.0013163889527795353,0.9951,0.0004937605695071253
capped at in-sample max sigma,444,1.7619047619047619,0.96405,0.0013163889527795353,0.9951,0.0004937605695071253
capped at in-sample max sigma,445,1.7658730158730158,0.96385,0.0013199086616126135,0.995,0.0004987484335815003
capped at in-sample max sigma,446,1.7698412698412698,0.9638,0.0013207868866702153,0.995,0.0004987484335815003
capped at in-sample max sigma,447,1.7738095238095237,0.96365,0.0013234174983730567,0.9949,0.0005036859140377063
capped at in-sample max sigma,448,1.7777777777777777,0.96355,0.0013251678667248158,0.99485,0.0005061362217822385
capped at in-sample max sigma,449,1.7817460317460319,0.96335,0.0013286605567262085,0.99485,0.0005061362217822385
capped at in-sample max sigma,450,1.7857142857142858,0.9633,0.0013295320605385933,0.99485,0.0005061362217822385
capped at in-sample max sigma,451,1.7896825396825398,0.9632,0.0013312730749173898,0.9948,0.000508574478321513
capped at in-sample max sigma,452,1.7936507936507937,0.96305,0.0013338796328754713,0.9948,0.000508574478321513
capped at in-sample max sigma,453,1.7976190476190477,0.963,0.0013347471670694796,0.9948,0.000508574478321513
capped at in-sample max sigma,454,1.8015873015873016,0.963,0.0013347471670694796,0.9948,0.000508574478321513
capped at in-sample max sigma,455,1.8055555555555556,0.9628,0.0013382107457347667,0.99475,0.0005110008561636652
capped at in-sample max sigma,456,1.8095238095238095,0.96255,0.001342525558415928,0.99475,0.0005110008561636652
capped at in-sample max sigma,457,1.8134920634920635,0.9624,0.0013451066872185262,0.99475,0.0005110008561636652
capped at in-sample max sigma,458,1.8174603174603174,0.9624,0.0013451066872185262,0.99475,0.0005110008561636652
capped at in-sample max sigma,459,1.8214285714285714,0.9622,0.001348539209663552,0.99475,0.0005110008561636652
capped at in-sample max sigma,460,1.8253968253968254,0.96205,0.0013511069073171085,0.99475,0.0005110008561636652
capped at in-sample max sigma,461,1.8293650793650793,0.962,0.0013519615379144487,0.99475,0.0005110008561636652
capped at in-sample max sigma,462,1.8333333333333333,0.962,0.0013519615379144487,0.99475,0.0005110008561636652
capped at in-sample max sigma,463,1.8373015873015872,0.9618,0.001355373749192451,0.9947,0.0005134155237232301
capped at in-sample max sigma,464,1.8412698412698412,0.96175,0.0013562252301885555,0.9947,0.0005134155237232301
capped at in-sample max sigma,465,1.8452380952380953,0.9617,0.0013570760848235445,0.9947,0.0005134155237232301
capped at in-sample max sigma,466,1.8492063492063493,0.96155,0.0013596249023168116,0.9947,0.0005134155237232301
capped at in-sample max sigma,467,1.8531746031746033,0.9615,0.0013604732632433462,0.99465,0.0005158186454559376
capped at in-sample max sigma,468,1.8571428571428572,0.96135,0.0013630146275810829,0.9946,0.0005182103819878545
capped at in-sample max sigma,469,1.8611111111111112,0.9613,0.0013638605133957057,0.9946,0.0005182103819878545
capped at in-sample max sigma,470,1.8650793650793651,0.96125,0.0013647057833100868,0.9946,0.0005182103819878545
capped at in-sample max sigma,471,1.869047619047619,0.96115,0.0013663944800093428,0.9946,0.0005182103819878545
capped at in-sample max sigma,472,1.873015873015873,0.9611,0.0013672379090706936,0.9946,0.0005182103819878545
capped at in-sample max sigma,473,1.876984126984127,0.961,0.0013689229342808168,0.99455,0.0005205908902391567
capped at in-sample max sigma,474,1.880952380952381,0.961,0.0013689229342808168,0.99455,0.0005205908902391567
capped at in-sample max sigma,475,1.8849206349206349,0.96095,0.0013697645326843594,0.99455,0.0005205908902391567
capped at in-sample max sigma,476,1.8888888888888888,0.9609,0.001370605523117429,0.99455,0.0005205908902391567
capped at in-sample max sigma,477,1.8928571428571428,0.9609,0.001370605523117429,0.99455,0.0005205908902391567
capped at in-sample max sigma,478,1.8968253968253967,0.96085,0.0013714459066984745,0.99455,0.0005205908902391567
capped at in-sample max sigma,479,1.9007936507936507,0.9606,0.0013756387607217235,0.9945,0.0005229603235428071
capped at in-sample max sigma,480,1.9047619047619047,0.9606,0.0013756387607217235,0.9945,0.0005229603235428071
capped at in-sample max sigma,481,1.9087301587301588,0.96045,0.0013781472617249576,0.9945,0.0005229603235428071
capped at in-sample max sigma,482,1.9126984126984128,0.96045,0.0013781472617249576,0.9945,0.0005229603235428071
capped at in-sample max sigma,483,1.9166666666666667,0.9603,0.0013806503902146982,0.9945,0.0005229603235428071
capped at in-sample max sigma,484,1.9206349206349207,0.96025,0.0013814835775353966,0.9945,0.0005229603235428071
capped at in-sample max sigma,485,1.9246031746031746,0.9602,0.0013823161722268888,0.9945,0.0005229603235428071
capped at in-sample max sigma,486,1.9285714285714286,0.96015,0.0013831481753593874,0.9945,0.0005229603235428071
capped at in-sample max sigma,487,1.9325396825396826,0.9599,0.0013872993548618125,0.9945,0.0005229603235428071
capped at in-sample max sigma,488,1.9365079365079365,0.95975,0.0013897830316275993,0.9944,0.0005276665613813353
capped at in-sample max sigma,489,1.9404761904761905,0.95975,0.0013897830316275993,0.9944,0.0005276665613813353
capped at in-sample max sigma,490,1.9444444444444444,0.9597,0.0013906097583434398,0.9944,0.0005276665613813353
capped at in-sample max sigma,491,1.9484126984126984,0.9596,0.0013922614696959762,0.9944,0.0005276665613813353
capped at in-sample max sigma,492,1.9523809523809523,0.9596,0.0013922614696959762,0.9944,0.0005276665613813353
capped at in-sample max sigma,493,1.9563492063492063,0.9595,0.0013939108651560184,0.9944,0.0005276665613813353
capped at in-sample max sigma,494,1.9603174603174602,0.9593,0.0013972027411939894,0.9944,0.0005276665613813353
capped at in-sample max sigma,495,1.9642857142857142,0.9593,0.0013972027411939894,0.9944,0.0005276665613813353
capped at in-sample max sigma,496,1.9682539682539681,0.9592,0.0013988452380445798,0.99435,0.0005300036556477721
capped at in-sample max sigma,497,1.9722222222222223,0.9592,0.0013988452380445798,0.99435,0.0005300036556477721
capped at in-sample max sigma,498,1.9761904761904763,0.9591,0.0014004854515488557,0.99425,0.0005346464953593184
capped at in-sample max sigma,499,1.9801587301587302,0.95905,0.0014013047045521548,0.99425,0.0005346464953593184
capped at in-sample max sigma,500,1.9841269841269842,0.95895,0.0014029415080465762,0.99425,0.0005346464953593184
capped at in-sample max sigma,501,1.9880952380952381,0.95885,0.0014045760481369463,0.99425,0.0005346464953593184
capped at in-sample max sigma,502,1.992063492063492,0.9587,0.0014070236316423403,0.99425,0.0005346464953593184
capped at in-sample max sigma,503,1.996031746031746,0.95855,0.001409466166674461,0.99425,0.0005346464953593184
capped at in-sample max sigma,504,2.0,0.9585,0.0014102792276708888,0.99425,0.0005346464953593184
capped at in-sample max sigma,505,2.003968253968254,0.9585,0.0014102792276708888,0.99425,0.0005346464953593184
capped at in-sample max sigma,506,2.007936507936508,0.95835,0.0014127150721217631,0.99425,0.0005346464953593184
capped at in-sample max sigma,507,2.011904761904762,0.95835,0.0014127150721217631,0.99425,0.0005346464953593184
capped at in-sample max sigma,508,2.015873015873016,0.95815,0.00141595511051728,0.99425,0.0005346464953593184
capped at in-sample max sigma,509,2.0198412698412698,0.958,0.001418379356871779,0.9942,0.0005369525118667398
capped at in-sample max sigma,510,2.0238095238095237,0.9579,0.0014199927816717947,0.99415,0.0005392484353245738
capped at in-sample max sigma,511,2.0277777777777777,0.95775,0.0014224088283612416,0.99415,0.0005392484353245738
capped at in-sample max sigma,512,2.0317460317460316,0.9577,0.0014232130901590248,0.99415,0.0005392484353245738
capped at in-sample max sigma,513,2.0357142857142856,0.9576,0.0014248199886301427,0.99415,0.0005392484353245738
capped at in-sample max sigma,514,2.0396825396825395,0.95745,0.001427226287243897,0.99415,0.0005392484353245738
capped at in-sample max sigma,515,2.0436507936507935,0.9574,0.0014280273106632095,0.99415,0.0005392484353245738
capped at in-sample max sigma,516,2.0476190476190474,0.95735,0.0014288277975319484,0.99415,0.0005392484353245738
capped at in-sample max sigma,517,2.0515873015873014,0.9573,0.0014296277487514007,0.99415,0.0005392484353245738
capped at in-sample max sigma,518,2.0555555555555554,0.9573,0.0014296277487514007,0.99415,0.0005392484353245738
capped at in-sample max sigma,519,2.0595238095238093,0.9573,0.0014296277487514007,0.99415,0.0005392484353245738
capped at in-sample max sigma,520,2.0634920634920637,0.95715,0.0014320243974876973,0.99415,0.0005392484353245738
capped at in-sample max sigma,521,2.0674603174603177,0.9571,0.0014328222150706631,0.99415,0.0005392484353245738
capped at in-sample max sigma,522,2.0714285714285716,0.9569,0.001436008182427942,0.99415,0.0005392484353245738
capped at in-sample max sigma,523,2.0753968253968256,0.95685,0.0014368033529331705,0.99415,0.0005392484353245738
capped at in-sample max sigma,524,2.0793650793650795,0.95665,0.0014399787758852557,0.99415,0.0005392484353245738
capped at in-sample max sigma,525,2.0833333333333335,0.95645,0.0014431458259649298,0.99415,0.0005392484353245738
capped at in-sample max sigma,526,2.0873015873015874,0.95635,0.0014447262283906936,0.9941,0.0005415343941062292
capped at in-sample max sigma,527,2.0912698412698414,0.95635,0.0014447262283906936,0.9941,0.0005415343941062292
capped at in-sample max sigma,528,2.0952380952380953,0.95625,0.001446304558175766,0.9941,0.0005415343941062292
capped at in-sample max sigma,529,2.0992063492063493,0.9562,0.0014470929479477113,0.9941,0.0005415343941062292
capped at in-sample max sigma,530,2.1031746031746033,0.95615,0.0014478808220982822,0.9941,0.0005415343941062292
capped at in-sample max sigma,531,2.107142857142857,0.956,0.0014502413592226645,0.9941,0.0005415343941062292
capped at in-sample max sigma,532,2.111111111111111,0.9559,0.0014518124878922902,0.99405,0.0005438105138740888
capped at in-sample max sigma,533,2.115079365079365,0.95585,0.0014525972858986077,0.99405,0.0005438105138740888
capped at in-sample max sigma,534,2.119047619047619,0.9558,0.0014533815741229145,0.994,0.0005460769176590421
capped at in-sample max sigma,535,2.123015873015873,0.95565,0.0014557313883405826,0.99395,0.0005483337259370428
capped at in-sample max sigma,536,2.126984126984127,0.95555,0.0014572953973028253,0.99395,0.0005483337259370428
capped at in-sample max sigma,537,2.130952380952381,0.9555,0.0014580766440760238,0.9939,0.0005505810567028253
capped at in-sample max sigma,538,2.134920634920635,0.95525,0.0014619753332392436,0.9938,0.0005550477456940071
capped at in-sample max sigma,539,2.138888888888889,0.9552,0.0014627535677618421,0.9938,0.0005550477456940071
capped at in-sample max sigma,540,2.142857142857143,0.9551,0.0014643085398917818,0.99375,0.000557267328128968
capped at in-sample max sigma,541,2.1468253968253967,0.955,0.0014658615214269053,0.99375,0.000557267328128968
capped at in-sample max sigma,542,2.1507936507936507,0.955,0.0014658615214269053,0.99375,0.000557267328128968
capped at in-sample max sigma,543,2.1547619047619047,0.9549,0.0014674125186872305,0.99375,0.000557267328128968
capped at in-sample max sigma,544,2.1587301587301586,0.95485,0.0014681872751798393,0.99375,0.000557267328128968
capped at in-sample max sigma,545,2.1626984126984126,0.9547,0.001470508585490068,0.99375,0.000557267328128968
capped at in-sample max sigma,546,2.1666666666666665,0.9546,0.001472053667499932,0.99375,0.000557267328128968
capped at in-sample max sigma,547,2.1706349206349205,0.95455,0.0014728254733674317,0.99375,0.000557267328128968
capped at in-sample max sigma,548,2.1746031746031744,0.95455,0.0014728254733674317,0.99375,0.000557267328128968
capped at in-sample max sigma,549,2.1785714285714284,0.95445,0.0014743676186758847,0.99375,0.000557267328128968
capped at in-sample max sigma,550,2.1825396825396823,0.95435,0.001475907813855594,0.99375,0.000557267328128968
capped at in-sample max sigma,551,2.1865079365079363,0.95425,0.0014774460650054193,0.99375,0.000557267328128968
capped at in-sample max sigma,552,2.1904761904761907,0.9541,0.001479749809934099,0.99375,0.000557267328128968
capped at in-sample max sigma,553,2.1944444444444446,0.954,0.0014812832274754217,0.99375,0.000557267328128968
capped at in-sample max sigma,554,2.1984126984126986,0.9538,0.0014843442996825234,0.99375,0.000557267328128968
capped at in-sample max sigma,555,2.2023809523809526,0.9537,0.0014858719662205085,0.99375,0.000557267328128968
capped at in-sample max sigma,556,2.2063492063492065,0.9537,0.0014858719662205085,0.99375,0.000557267328128968
capped at in-sample max sigma,557,2.2103174603174605,0.9535,0.0014889215896077266,0.9937,0.0005594778816003351
capped at in-sample max sigma,558,2.2142857142857144,0.95345,0.0014896828101981976,0.9937,0.0005594778816003351
capped at in-sample max sigma,559,2.2182539682539684,0.9534,0.0014904435581396562,0.9937,0.0005594778816003351
capped at in-sample max sigma,560,2.2222222222222223,0.9534,0.0014904435581396562,0.99365,0.0005616795127116516
capped at in-sample max sigma,561,2.2261904761904763,0.9534,0.0014904435581396562,0.99365,0.0005616795127116516
capped at in-sample max sigma,562,2.2301587301587302,0.95315,0.0014942402333627607,0.9936,0.0005638723259745934
capped at in-sample max sigma,563,2.234126984126984,0.95305,0.0014957556200796982,0.9936,0.0005638723259745934
capped at in-sample max sigma,564,2.238095238095238,0.95295,0.0014972691391329754,0.9936,0.0005638723259745934
capped at in-sample max sigma,565,2.242063492063492,0.9527,0.001501044802795706,0.9936,0.0005638723259745934
capped at in-sample max sigma,566,2.246031746031746,0.9526,0.0015025518293889232,0.9936,0.0005638723259745934
capped at in-sample max sigma,567,2.25,0.9525,0.0015040570135470262,0.9936,0.0005638723259745934
capped at in-sample max sigma,568,2.253968253968254,0.9525,0.0015040570135470262,0.9936,0.0005638723259745934
capped at in-sample max sigma,569,2.257936507936508,0.9523,0.001507061876632807,0.9936,0.0005638723259745934
capped at in-sample max sigma,570,2.261904761904762,0.95215,0.001509310728445272,0.99355,0.0005660564238660293
capped at in-sample max sigma,571,2.265873015873016,0.95215,0.001509310728445272,0.99355,0.0005660564238660293
capped at in-sample max sigma,572,2.2698412698412698,0.9521,0.001510059435916349,0.99355,0.0005660564238660293
capped at in-sample max sigma,573,2.2738095238095237,0.95205,0.0015108076896150622,0.99355,0.0005660564238660293
capped at in-sample max sigma,574,2.2777777777777777,0.95205,0.0015108076896150622,0.99355,0.0005660564238660293
capped at in-sample max sigma,575,2.2817460317460316,0.952,0.0015115554902152954,0.99355,0.0005660564238660293
capped at in-sample max sigma,576,2.2857142857142856,0.9517,0.0015160328162675109,0.99345,0.0005703988735963609
capped at in-sample max sigma,577,2.2896825396825395,0.9517,0.0015160328162675109,0.99345,0.0005703988735963609
capped at in-sample max sigma,578,2.2936507936507935,0.95165,0.001516777463901676,0.99345,0.0005703988735963609
capped at in-sample max sigma,579,2.2976190476190474,0.95155,0.001518265416519786,0.99345,0.0005703988735963609
capped at in-sample max sigma,580,2.3015873015873014,0.95155,0.001518265416519786,0.99345,0.0005703988735963609
capped at in-sample max sigma,581,2.3055555555555554,0.9515,0.0015190087228189309,0.99345,0.0005703988735963609
capped at in-sample max sigma,582,2.3095238095238093,0.95145,0.0015197515833188,0.99345,0.0005703988735963609
capped at in-sample max sigma,583,2.3134920634920637,0.95145,0.0015197515833188,0.99345,0.0005703988735963609
capped at in-sample max sigma,584,2.3174603174603177,0.9514,0.0015204939986727996,0.99345,0.0005703988735963609
capped at in-sample max sigma,585,2.3214285714285716,0.95125,0.0015227185803686767,0.99345,0.0005703988735963609
capped at in-sample max sigma,586,2.3253968253968256,0.9511,0.0015249391791150237,0.99345,0.0005703988735963609
capped at in-sample max sigma,587,2.3293650793650795,0.9508,0.0015293684971255297,0.99335,0.0005747076430673271
capped at in-sample max sigma,588,2.3333333333333335,0.95065,0.0015315772507451266,0.99335,0.0005747076430673271
capped at in-sample max sigma,589,2.3373015873015874,0.9506,0.0015323126312864485,0.99335,0.0005747076430673271
capped at in-sample max sigma,590,2.3412698412698414,0.9505,0.0015337820901288421,0.99335,0.0005747076430673271
capped at in-sample max sigma,591,2.3452380952380953,0.9505,0.0015337820901288421,0.99335,0.0005747076430673271
capped at in-sample max sigma,592,2.3492063492063493,0.9505,0.0015337820901288421,0.99335,0.0005747076430673271
capped at in-sample max sigma,593,2.3531746031746033,0.95045,0.0015345161696769438,0.99335,0.0005747076430673271
capped at in-sample max sigma,594,2.357142857142857,0.9503,0.001536715816278338,0.99335,0.0005747076430673271
capped at in-sample max sigma,595,2.361111111111111,0.9502,0.0015381800934871047,0.9933,0.0005768496337868318
capped at in-sample max sigma,596,2.365079365079365,0.95015,0.0015389115877788425,0.9933,0.0005768496337868318
capped at in-sample max sigma,597,2.369047619047619,0.9501,0.0015396426533452502,0.9933,0.0005768496337868318
capped at in-sample max sigma,598,2.373015873015873,0.95005,0.0015403732907967478,0.99325,0.0005789834842204064
capped at in-sample max sigma,599,2.376984126984127,0.95005,0.0015403732907967478,0.99325,0.0005789834842204064
capped at in-sample max sigma,600,2.380952380952381,0.95,0.0015411035007422448,0.99325,0.0005789834842204064
capped at in-sample max sigma,601,2.384920634920635,0.95,0.0015411035007422448,0.99325,0.0005789834842204064
capped at in-sample max sigma,602,2.388888888888889,0.94995,0.0015418332837891396,0.99325,0.0005789834842204064
capped at in-sample max sigma,603,2.392857142857143,0.9499,0.001542562640543327,0.99325,0.0005789834842204064
capped at in-sample max sigma,604,2.3968253968253967,0.94975,0.0015447481590861343,0.99325,0.0005789834842204064
capped at in-sample max sigma,605,2.4007936507936507,0.9496,0.0015469298626634629,0.9932,0.0005811092840421683
capped at in-sample max sigma,606,2.4047619047619047,0.9496,0.0015469298626634629,0.9932,0.0005811092840421683
capped at in-sample max sigma,607,2.4087301587301586,0.94945,0.0015491077673938634,0.99315,0.0005832271212829537
capped at in-sample max sigma,608,2.4126984126984126,0.94935,0.0015505576013163777,0.99315,0.0005832271212829537
capped at in-sample max sigma,609,2.4166666666666665,0.94935,0.0015505576013163777,0.99315,0.0005832271212829537
capped at in-sample max sigma,610,2.4206349206349205,0.94915,0.0015534522441967753,0.9931,0.0005853370823722011
capped at in-sample max sigma,611,2.4246031746031744,0.94915,0.0015534522441967753,0.9931,0.0005853370823722011
capped at in-sample max sigma,612,2.4285714285714284,0.949,0.0015556188479187317,0.9931,0.0005853370823722011
capped at in-sample max sigma,613,2.4325396825396823,0.94895,0.001556340218268487,0.9931,0.0005853370823722011
capped at in-sample max sigma,614,2.4365079365079363,0.94885,0.001557781716095038,0.9931,0.0005853370823722011
capped at in-sample max sigma,615,2.4404761904761907,0.94875,0.0015592215605872057,0.9931,0.0005853370823722011
capped at in-sample max sigma,616,2.4444444444444446,0.94875,0.0015592215605872057,0.9931,0.0005853370823722011
capped at in-sample max sigma,617,2.4484126984126986,0.9487,0.001559940864263771,0.9931,0.0005853370823722011
capped at in-sample max sigma,618,2.4523809523809526,0.94865,0.0015606597563210247,0.9931,0.0005853370823722011
capped at in-sample max sigma,619,2.4563492063492065,0.94865,0.0015606597563210247,0.9931,0.0005853370823722011
capped at in-sample max sigma,620,2.4603174603174605,0.94865,0.0015606597563210247,0.9931,0.0005853370823722011
capped at in-sample max sigma,621,2.4642857142857144,0.9485,0.0015628139684556186,0.99305,0.0005874392521784704
capped at in-sample max sigma,622,2.4682539682539684,0.9485,0.0015628139684556186,0.99305,0.0005874392521784704
capped at in-sample max sigma,623,2.4722222222222223,0.94845,0.0015635312197074926,0.993,0.0005895337140486541
capped at in-sample max sigma,624,2.4761904761904763,0.94835,0.001564964496402394,0.993,0.0005895337140486541
capped at in-sample max sigma,625,2.4801587301587302,0.94835,0.001564964496402394,0.993,0.0005895337140486541
capped at in-sample max sigma,626,2.484126984126984,0.9482,0.00156711135532865,0.993,0.0005895337140486541
capped at in-sample max sigma,627,2.488095238095238,0.948,0.00156996815254323,0.993,0.0005895337140486541
capped at in-sample max sigma,628,2.492063492063492,0.9478,0.0015728184892097375,0.99295,0.0005916205498459296
capped at in-sample max sigma,629,2.496031746031746,0.94775,0.001573530068031749,0.99295,0.0005916205498459296
capped at in-sample max sigma,630,2.5,0.9475,0.001577081957286938,0.9929,0.0005936998399865035
capped at in-sample max sigma,631,2.503968253968254,0.9474,0.0015784999208108942,0.99285,0.0005957716634751938
capped at in-sample max sigma,632,2.507936507936508,0.94735,0.001579208306399127,0.99285,0.0005957716634751938
capped at in-sample max sigma,633,2.511904761904762,0.9473,0.001579916295251112,0.99285,0.0005957716634751938
capped at in-sample max sigma,634,2.515873015873016,0.94725,0.0015806238878999642,0.99285,0.0005957716634751938
capped at in-sample max sigma,635,2.5198412698412698,0.94725,0.0015806238878999642,0.99285,0.0005957716634751938
capped at in-sample max sigma,636,2.5238095238095237,0.9472,0.0015813310848775465,0.99285,0.0005957716634751938
capped at in-sample max sigma,637,2.5277777777777777,0.94705,0.001583450307082607,0.9928,0.0005978360979398946
capped at in-sample max sigma,638,2.5317460317460316,0.947,0.0015841559266688372,0.9928,0.0005978360979398946
capped at in-sample max sigma,639,2.5357142857142856,0.94695,0.0015848611532244714,0.99275,0.0005998932196649659
capped at in-sample max sigma,640,2.5396825396825395,0.94685,0.0015862704293404708,0.99275,0.0005998932196649659
capped at in-sample max sigma,641,2.5436507936507935,0.9468,0.001586974479946039,0.99275,0.0005998932196649659
capped at in-sample max sigma,642,2.5476190476190474,0.94665,0.0015890842881987098,0.9927,0.000601943103623589
capped at in-sample max sigma,643,2.5515873015873014,0.94655,0.0015904888792443663,0.9926,0.000606021451765528
capped at in-sample max sigma,644,2.5555555555555554,0.9465,0.0015911905919782205,0.9926,0.000606021451765528
capped at in-sample max sigma,645,2.5595238095238093,0.94635,0.0015932934051831127,0.9926,0.000606021451765528
capped at in-sample max sigma,646,2.5634920634920637,0.94635,0.0015932934051831127,0.9926,0.000606021451765528
capped at in-sample max sigma,647,2.5674603174603177,0.9463,0.0015939935696231648,0.9926,0.000606021451765528
capped at in-sample max sigma,648,2.5714285714285716,0.94625,0.0015946933482648,0.9926,0.000606021451765528
capped at in-sample max sigma,649,2.5753968253968256,0.9462,0.0015953927416156807,0.9926,0.000606021451765528
capped at in-sample max sigma,650,2.5793650793650795,0.9462,0.0015953927416156807,0.9926,0.000606021451765528
capped at in-sample max sigma,651,2.5833333333333335,0.9462,0.0015953927416156807,0.9926,0.000606021451765528
capped at in-sample max sigma,652,2.5873015873015874,0.9461,0.001596790374469986,0.9926,0.000606021451765528
capped at in-sample max sigma,653,2.5912698412698414,0.94595,0.0015988839466953197,0.9926,0.000606021451765528
capped at in-sample max sigma,654,2.5952380952380953,0.9459,0.001599581038897374,0.9926,0.000606021451765528
capped at in-sample max sigma,655,2.5992063492063493,0.9459,0.001599581038897374,0.9926,0.000606021451765528
capped at in-sample max sigma,656,2.6031746031746033,0.94575,0.001601670026878196,0.99255,0.0006080500596168031
capped at in-sample max sigma,657,2.607142857142857,0.9457,0.001602365594987611,0.99255,0.0006080500596168031
capped at in-sample max sigma,658,2.611111111111111,0.94565,0.0016030607833142198,0.99255,0.0006080500596168031
capped at in-sample max sigma,659,2.615079365079365,0.94565,0.0016030607833142198,0.99255,0.0006080500596168031
capped at in-sample max sigma,660,2.619047619047619,0.94555,0.0016044500225934118,0.99255,0.0006080500596168031
capped at in-sample max sigma,661,2.623015873015873,0.94545,0.0016058377486533313,0.99255,0.0006080500596168031
capped at in-sample max sigma,662,2.626984126984127,0.94535,0.0016072239654136566,0.99255,0.0006080500596168031
capped at in-sample max sigma,663,2.630952380952381,0.9453,0.00160791650902651,0.99255,0.0006080500596168031
capped at in-sample max sigma,664,2.634920634920635,0.9453,0.00160791650902651,0.99255,0.0006080500596168031
capped at in-sample max sigma,665,2.638888888888889,0.9452,0.001609300469148008,0.9925,0.0006100717170956195
capped at in-sample max sigma,666,2.642857142857143,0.94515,0.0016099918866255192,0.9925,0.0006100717170956195
capped at in-sample max sigma,667,2.6468253968253967,0.94515,0.0016099918866255192,0.9925,0.0006100717170956195
capped at in-sample max sigma,668,2.6507936507936507,0.94505,0.0016113735988280316,0.99245,0.0006120864930710343
capped at in-sample max sigma,669,2.6547619047619047,0.94495,0.0016127538172331206,0.99245,0.0006120864930710343
capped at in-sample max sigma,670,2.6587301587301586,0.94475,0.0016155097879616827,0.99245,0.0006120864930710343
capped at in-sample max sigma,671,2.6626984126984126,0.94475,0.0016155097879616827,0.99245,0.0006120864930710343
capped at in-sample max sigma,672,2.6666666666666665,0.94465,0.0016168855478975624,0.99245,0.0006120864930710343
capped at in-sample max sigma,673,2.6706349206349205,0.9446,0.0016175728731652246,0.99245,0.0006120864930710343
capped at in-sample max sigma,674,2.6746031746031744,0.9444,0.001620318487211696,0.99245,0.0006120864930710343
capped at in-sample max sigma,675,2.6785714285714284,0.94435,0.0016210039713091388,0.99245,0.0006120864930710343
capped at in-sample max sigma,676,2.6825396825396823,0.9442,0.0016230582244639278,0.99245,0.0006120864930710343
capped at in-sample max sigma,677,2.6865079365079363,0.94405,0.0016251091886393366,0.99245,0.0006120864930710343
capped at in-sample max sigma,678,2.6904761904761907,0.94385,0.0016278387128336768,0.99245,0.0006120864930710343
capped at in-sample max sigma,679,2.6944444444444446,0.94375,0.0016292012997171348,0.99245,0.0006120864930710343
capped at in-sample max sigma,680,2.6984126984126986,0.94365,0.0016305624413066801,0.99245,0.0006120864930710343
capped at in-sample max sigma,681,2.7023809523809526,0.9436,0.0016312424712469939,0.99245,0.0006120864930710343
capped at in-sample max sigma,682,2.7063492063492065,0.9434,0.0016339589958135421,0.99245,0.0006120864930710343
capped at in-sample max sigma,683,2.7103174603174605,0.94335,0.0016346372303970074,0.99245,0.0006120864930710343
capped at in-sample max sigma,684,2.7142857142857144,0.94335,0.0016346372303970074,0.99245,0.0006120864930710343
capped at in-sample max sigma,685,2.7182539682539684,0.94335,0.0016346372303970074,0.99245,0.0006120864930710343
capped at in-sample max sigma,686,2.7222222222222223,0.94315,0.0016373465958678382,0.9924,0.00061409445527541
capped at in-sample max sigma,687,2.7261904761904763,0.9431,0.0016380230462359185,0.9924,0.00061409445527541
capped at in-sample max sigma,688,2.7301587301587302,0.943,0.001639374880861605,0.9923,0.0006180902037728813
capped at in-sample max sigma,689,2.734126984126984,0.943,0.001639374880861605,0.9923,0.0006180902037728813
capped at in-sample max sigma,690,2.738095238095238,0.943,0.001639374880861605,0.9923,0.0006180902037728813
capped at in-sample max sigma,691,2.742063492063492,0.9429,0.0016407252969342558,0.99225,0.0006200781200784315
capped at in-sample max sigma,692,2.746031746031746,0.94285,0.0016413999741074696,0.99225,0.0006200781200784315
capped at in-sample max sigma,693,2.75,0.9428,0.0016420742979536588,0.99225,0.0006200781200784315
capped at in-sample max sigma,694,2.753968253968254,0.94275,0.00164274826890793,0.99225,0.0006200781200784315
capped at in-sample max sigma,695,2.757936507936508,0.94275,0.00164274826890793,0.99225,0.0006200781200784315
capped at in-sample max sigma,696,2.761904761904762,0.94275,0.00164274826890793,0.99225,0.0006200781200784315
capped at in-sample max sigma,697,2.765873015873016,0.9426,0.0016447680687562002,0.9922,0.0006220594826863436
capped at in-sample max sigma,698,2.7698412698412698,0.9425,0.0016461128454635181,0.9922,0.0006220594826863436
capped at in-sample max sigma,699,2.7738095238095237,0.94245,0.0016467847081510078,0.9922,0.0006220594826863436
capped at in-sample max sigma,700,2.7777777777777777,0.94235,0.0016481273843365382,0.9922,0.0006220594826863436
capped at in-sample max sigma,701,2.7817460317460316,0.9422,0.0016501387820422857,0.99215,0.0006240343540222775
capped at in-sample max sigma,702,2.7857142857142856,0.9421,0.001651477974421699,0.99215,0.0006240343540222775
capped at in-sample max sigma,703,2.7896825396825395,0.94205,0.0016521470500533535,0.99215,0.0006240343540222775
capped at in-sample max sigma,704,2.7936507936507935,0.9419,0.0016541521997688125,0.99215,0.0006240343540222775
capped at in-sample max sigma,705,2.7976190476190474,0.9417,0.0016568209016064473,0.99215,0.0006240343540222775
capped at in-sample max sigma,706,2.8015873015873014,0.9417,0.0016568209016064473,0.99215,0.0006240343540222775
capped at in-sample max sigma,707,2.8055555555555554,0.9416,0.0016581531895455256,0.99215,0.0006240343540222775
capped at in-sample max sigma,708,2.8095238095238093,0.9415,0.0016594841065825244,0.99215,0.0006240343540222775
capped at in-sample max sigma,709,2.8134920634920637,0.9415,0.0016594841065825244,0.99215,0.0006240343540222775
capped at in-sample max sigma,710,2.8174603174603177,0.9415,0.0016594841065825244,0.99215,0.0006240343540222775
capped at in-sample max sigma,711,2.8214285714285716,0.94135,0.0016614779189023246,0.9921,0.0006260027955209153
capped at in-sample max sigma,712,2.8253968253968256,0.94125,0.0016628054230727054,0.9921,0.0006260027955209153
capped at in-sample max sigma,713,2.8293650793650795,0.94115,0.001664131567815477,0.9921,0.0006260027955209153
capped at in-sample max sigma,714,2.8333333333333335,0.9411,0.0016647941314168542,0.9921,0.0006260027955209153
capped at in-sample max sigma,715,2.8373015873015874,0.94105,0.0016654563563780341,0.9921,0.0006260027955209153
capped at in-sample max sigma,716,2.8412698412698414,0.941,0.0016661182431028125,0.9921,0.0006260027955209153
capped at in-sample max sigma,717,2.8452380952380953,0.94095,0.001666779791994132,0.9921,0.0006260027955209153
capped at in-sample max sigma,718,2.8492063492063493,0.9409,0.0016674410034540957,0.9921,0.0006260027955209153
capped at in-sample max sigma,719,2.8531746031746033,0.9409,0.0016674410034540957,0.9921,0.0006260027955209153
capped at in-sample max sigma,720,2.857142857142857,0.94085,0.0016681018778839623,0.9921,0.0006260027955209153
capped at in-sample max sigma,721,2.861111111111111,0.94085,0.0016681018778839623,0.9921,0.0006260027955209153
capped at in-sample max sigma,722,2.865079365079365,0.9407,0.0016700824829929811,0.99205,0.000627964867647865
capped at in-sample max sigma,723,2.869047619047619,0.9407,0.0016700824829929811,0.99205,0.000627964867647865
capped at in-sample max sigma,724,2.873015873015873,0.9407,0.0016700824829929811,0.99205,0.000627964867647865
capped at in-sample max sigma,725,2.876984126984127,0.9406,0.0016714012085672309,0.99205,0.000627964867647865
capped at in-sample max sigma,726,2.880952380952381,0.94055,0.00167206006919608,0.99205,0.000627964867647865
capped at in-sample max sigma,727,2.884920634920635,0.94045,0.0016733767881143803,0.99205,0.000627964867647865
capped at in-sample max sigma,728,2.888888888888889,0.94045,0.0016733767881143803,0.99205,0.000627964867647865
capped at in-sample max sigma,729,2.892857142857143,0.9404,0.0016740346471922256,0.99205,0.000627964867647865
capped at in-sample max sigma,730,2.8968253968253967,0.9404,0.0016740346471922256,0.99205,0.000627964867647865
capped at in-sample max sigma,731,2.9007936507936507,0.94035,0.0016746921732067655,0.99205,0.000627964867647865
capped at in-sample max sigma,732,2.9047619047619047,0.94025,0.0016760062276137278,0.99205,0.000627964867647865
capped at in-sample max sigma,733,2.9087301587301586,0.9401,0.0016779748210268227,0.992,0.0006299206299209452
capped at in-sample max sigma,734,2.9126984126984126,0.93995,0.0016799404379322506,0.992,0.0006299206299209452
capped at in-sample max sigma,735,2.9166666666666665,0.93995,0.0016799404379322506,0.992,0.0006299206299209452
capped at in-sample max sigma,736,2.9206349206349205,0.93985,0.001681249200743305,0.99195,0.000631870140930872
capped at in-sample max sigma,737,2.9246031746031744,0.93985,0.001681249200743305,0.99195,0.000631870140930872
capped at in-sample max sigma,738,2.9285714285714284,0.93985,0.001681249200743305,0.99195,0.000631870140930872
capped at in-sample max sigma,739,2.9325396825396823,0.9398,0.0016819030887658187,0.99195,0.000631870140930872
capped at in-sample max sigma,740,2.9365079365079363,0.93975,0.0016825566483777005,0.9919,0.0006338134583613697
capped at in-sample max sigma,741,2.9404761904761907,0.9397,0.0016832098799614982,0.9919,0.0006338134583613697
capped at in-sample max sigma,742,2.9444444444444446,0.93955,0.0016851676103580913,0.9919,0.0006338134583613697
capped at in-sample max sigma,743,2.9484126984126986,0.93935,0.0016877733482313314,0.99185,0.0006357506390087229
capped at in-sample max sigma,744,2.9523809523809526,0.9393,0.0016884239692683822,0.99185,0.0006357506390087229
capped at in-sample max sigma,745,2.9563492063492065,0.9393,0.0016884239692683822,0.99185,0.0006357506390087229
capped at in-sample max sigma,746,2.9603174603174605,0.9392,0.0016897242378565796,0.99185,0.0006357506390087229
capped at in-sample max sigma,747,2.9642857142857144,0.9392,0.0016897242378565796,0.99185,0.0006357506390087229
capped at in-sample max sigma,748,2.9682539682539684,0.93905,0.0016916722126345866,0.9918,0.0006376817388007903
capped at in-sample max sigma,749,2.9722222222222223,0.93895,0.001692969248096374,0.9918,0.0006376817388007903
capped at in-sample max sigma,750,2.9761904761904763,0.9389,0.001693617282623203,0.9918,0.0006376817388007903
capped at in-sample max sigma,751,2.9801587301587302,0.9389,0.001693617282623203,0.9918,0.0006376817388007903
capped at in-sample max sigma,752,2.984126984126984,0.93885,0.0016942649955069018,0.9918,0.0006376817388007903
capped at in-sample max sigma,753,2.988095238095238,0.93885,0.0016942649955069018,0.9918,0.0006376817388007903
capped at in-sample max sigma,754,2.992063492063492,0.93875,0.0016955594578191592,0.9918,0.0006376817388007903
capped at in-sample max sigma,755,2.996031746031746,0.93875,0.0016955594578191592,0.9918,0.0006376817388007903
capped at in-sample max sigma,756,3.0,0.93865,0.0016968526379741997,0.9918,0.0006376817388007903
capped at in-sample max sigma,757,3.003968253968254,0.93865,0.0016968526379741997,0.9918,0.0006376817388007903
capped at in-sample max sigma,758,3.007936507936508,0.93865,0.0016968526379741997,0.9918,0.0006376817388007903
capped at in-sample max sigma,759,3.011904761904762,0.93855,0.0016981445389012092,0.9918,0.0006376817388007903
capped at in-sample max sigma,760,3.015873015873016,0.93845,0.001699435163517573,0.99175,0.0006396068128154976
capped at in-sample max sigma,761,3.0198412698412698,0.93845,0.001699435163517573,0.99175,0.0006396068128154976
capped at in-sample max sigma,762,3.0238095238095237,0.9384,0.0017000799981177356,0.99175,0.0006396068128154976
capped at in-sample max sigma,763,3.0277777777777777,0.93825,0.001702012595429305,0.99165,0.000643439099682323
capped at in-sample max sigma,764,3.0317460317460316,0.93815,0.0017032994085010417,0.99165,0.000643439099682323
capped at in-sample max sigma,765,3.0357142857142856,0.9381,0.0017039423405737642,0.99165,0.000643439099682323
capped at in-sample max sigma,766,3.0396825396825395,0.93805,0.0017045849568150006,0.9916,0.0006453464186001177
capped at in-sample max sigma,767,3.0436507936507935,0.9379,0.001706510914116872,0.9916,0.0006453464186001177
capped at in-sample max sigma,768,3.0476190476190474,0.93775,0.0017084340417470032,0.9916,0.0006453464186001177
capped at in-sample max sigma,769,3.0515873015873014,0.9377,0.0017090744571258449,0.9916,0.0006453464186001177
capped at in-sample max sigma,770,3.0555555555555554,0.93755,0.0017109938266983901,0.99155,0.0006472479239055139
capped at in-sample max sigma,771,3.0595238095238093,0.9374,0.0017129103887827872,0.9915,0.0006491436666871192
capped at in-sample max sigma,772,3.0634920634920637,0.9374,0.0017129103887827872,0.9915,0.0006491436666871192
capped at in-sample max sigma,773,3.0674603174603177,0.93735,0.0017135486205532655,0.9915,0.0006491436666871192
capped at in-sample max sigma,774,3.0714285714285716,0.9372,0.001715461453953425,0.9915,0.0006491436666871192
capped at in-sample max sigma,775,3.0753968253968256,0.9372,0.001715461453953425,0.9915,0.0006491436666871192
capped at in-sample max sigma,776,3.0793650793650795,0.93705,0.0017173715017432885,0.9914,0.0006529180653037581
capped at in-sample max sigma,777,3.0833333333333335,0.937,0.0017180075669216354,0.9914,0.0006529180653037581
capped at in-sample max sigma,778,3.0873015873015874,0.93695,0.0017186433239622474,0.9914,0.0006529180653037581
capped at in-sample max sigma,779,3.0912698412698414,0.9369,0.001719278773206952,0.9914,0.0006529180653037581
capped at in-sample max sigma,780,3.0952380952380953,0.93685,0.001719913914996911,0.9914,0.0006529180653037581
capped at in-sample max sigma,781,3.0992063492063493,0.9368,0.0017205487496726158,0.99135,0.0006547968196318628
capped at in-sample max sigma,782,3.1031746031746033,0.9368,0.0017205487496726158,0.99135,0.0006547968196318628
capped at in-sample max sigma,783,3.107142857142857,0.93675,0.0017211832775738908,0.99135,0.0006547968196318628
capped at in-sample max sigma,784,3.111111111111111,0.93665,0.0017224514144091266,0.99125,0.0006585376792560937
capped at in-sample max sigma,785,3.115079365079365,0.93655,0.0017237183282079473,0.99125,0.0006585376792560937
capped at in-sample max sigma,786,3.119047619047619,0.93655,0.0017237183282079473,0.99125,0.0006585376792560937
capped at in-sample max sigma,787,3.123015873015873,0.93635,0.0017262484974649506,0.99125,0.0006585376792560937
capped at in-sample max sigma,788,3.126984126984127,0.93635,0.0017262484974649506,0.99125,0.0006585376792560937
capped at in-sample max sigma,789,3.130952380952381,0.9363,0.0017268802795793342,0.99125,0.0006585376792560937
capped at in-sample max sigma,790,3.134920634920635,0.9362,0.0017281429339033269,0.99125,0.0006585376792560937
capped at in-sample max sigma,791,3.138888888888889,0.93615,0.0017287738067775086,0.99125,0.0006585376792560937
capped at in-sample max sigma,792,3.142857142857143,0.9361,0.0017294043772351213,0.99125,0.0006585376792560937
capped at in-sample max sigma,793,3.1468253968253967,0.93605,0.001730034645606844,0.99125,0.0006585376792560937
capped at in-sample max sigma,794,3.1507936507936507,0.936,0.0017306646122227142,0.99125,0.0006585376792560937
capped at in-sample max sigma,795,3.1547619047619047,0.936,0.0017306646122227142,0.9912,0.0006603998788612863
capped at in-sample max sigma,796,3.1587301587301586,0.93595,0.0017312942774121338,0.9912,0.0006603998788612863
capped at in-sample max sigma,797,3.1626984126984126,0.9359,0.0017319236415038633,0.99115,0.0006622566534207121
capped at in-sample max sigma,798,3.1666666666666665,0.93585,0.0017325527048260327,0.9911,0.0006641080484379036
capped at in-sample max sigma,799,3.1706349206349205,0.9358,0.0017331814677061376,0.9911,0.0006641080484379036
capped at in-sample max sigma,800,3.1746031746031744,0.93565,0.001735065956959562,0.9911,0.0006641080484379036
capped at in-sample max sigma,801,3.1785714285714284,0.93555,0.0017363207868939428,0.9911,0.0006641080484379036
capped at in-sample max sigma,802,3.1825396825396823,0.9355,0.0017369477539638319,0.9911,0.0006641080484379036
capped at in-sample max sigma,803,3.1865079365079363,0.9355,0.0017369477539638319,0.9911,0.0006641080484379036
capped at in-sample max sigma,804,3.1904761904761907,0.9353,0.001739452643793443,0.99105,0.0006659541087792767
capped at in-sample max sigma,805,3.1944444444444446,0.9353,0.001739452643793443,0.99105,0.0006659541087792767
capped at in-sample max sigma,806,3.1984126984126986,0.93515,0.0017413281927884812,0.99105,0.0006659541087792767
capped at in-sample max sigma,807,3.2023809523809526,0.935,0.001743201078476031,0.99105,0.0006659541087792767
capped at in-sample max sigma,808,3.2063492063492065,0.93485,0.0017450713094312226,0.99105,0.0006659541087792767
capped at in-sample max sigma,809,3.2103174603174605,0.93475,0.0017463166594292117,0.991,0.0006677948786865623
capped at in-sample max sigma,810,3.2142857142857144,0.9347,0.001746938894180332,0.991,0.0006677948786865623
capped at in-sample max sigma,811,3.2182539682539684,0.9347,0.001746938894180332,0.991,0.0006677948786865623
capped at in-sample max sigma,812,3.2222222222222223,0.9347,0.001746938894180332,0.991,0.0006677948786865623
capped at in-sample max sigma,813,3.2261904761904763,0.9346,0.0017481824847538087,0.991,0.0006677948786865623
capped at in-sample max sigma,814,3.2301587301587302,0.93455,0.0017488038412011794,0.991,0.0006677948786865623
capped at in-sample max sigma,815,3.234126984126984,0.9344,0.001750666158923511,0.991,0.0006677948786865623
capped at in-sample max sigma,816,3.238095238095238,0.9343,0.0017519062474915714,0.99095,0.0006696304017889273
capped at in-sample max sigma,817,3.242063492063492,0.9341,0.001754382939953532,0.99095,0.0006696304017889273
capped at in-sample max sigma,818,3.246031746031746,0.9339,0.0017568550025542809,0.99095,0.0006696304017889273
capped at in-sample max sigma,819,3.25,0.93385,0.0017574722970789614,0.99095,0.0006696304017889273
capped at in-sample max sigma,820,3.253968253968254,0.93375,0.0017587060229043402,0.99095,0.0006696304017889273
capped at in-sample max sigma,821,3.257936507936508,0.9335,0.0017617853160927413,0.99095,0.0006696304017889273
capped at in-sample max sigma,822,3.261904761904762,0.9335,0.0017617853160927413,0.99095,0.0006696304017889273
capped at in-sample max sigma,823,3.265873015873016,0.93335,0.0017636294607995182,0.9909,0.0006714607211147945
capped at in-sample max sigma,824,3.2698412698412698,0.9332,0.0017654710419601899,0.9909,0.0006714607211147945
capped at in-sample max sigma,825,3.2738095238095237,0.9331,0.0017666973425009725,0.9909,0.0006714607211147945
capped at in-sample max sigma,826,3.2777777777777777,0.93305,0.0017673100675885934,0.9909,0.0006714607211147945
capped at in-sample max sigma,827,3.2817460317460316,0.9329,0.0017691465456541472,0.9909,0.0006714607211147945
capped at in-sample max sigma,828,3.2857142857142856,0.9328,0.0017703694529673747,0.9909,0.0006714607211147945
capped at in-sample max sigma,829,3.2896825396825395,0.9328,0.0017703694529673747,0.9909,0.0006714607211147945
capped at in-sample max sigma,830,3.2936507936507935,0.93275,0.0017709804840821937,0.9909,0.0006714607211147945
capped at in-sample max sigma,831,3.2976190476190474,0.9327,0.0017715912338911596,0.9909,0.0006714607211147945
capped at in-sample max sigma,832,3.3015873015873014,0.9327,0.0017715912338911596,0.9909,0.0006714607211147945
capped at in-sample max sigma,833,3.3055555555555554,0.93265,0.0017722017026851095,0.99085,0.0006732858791033714
capped at in-sample max sigma,834,3.3095238095238093,0.9325,0.0017740314258772307,0.9908,0.0006751059176158948
capped at in-sample max sigma,835,3.3134920634920637,0.93235,0.0017758586303532158,0.9908,0.0006751059176158948
capped at in-sample max sigma,836,3.3174603174603177,0.93225,0.001777075371220928,0.9908,0.0006751059176158948
capped at in-sample max sigma,837,3.3214285714285716,0.93215,0.0017782909984026794,0.9908,0.0006751059176158948
capped at in-sample max sigma,838,3.3253968253968256,0.9321,0.0017788983950748842,0.9908,0.0006751059176158948
capped at in-sample max sigma,839,3.3293650793650795,0.93195,0.0017807189208294504,0.9908,0.0006751059176158948
capped at in-sample max sigma,840,3.3333333333333335,0.93175,0.0017831424157929735,0.99075,0.0006769208779466025
capped at in-sample max sigma,841,3.3373015873015874,0.9317,0.0017837475998582313,0.99075,0.0006769208779466025
capped at in-sample max sigma,842,3.3412698412698414,0.9316,0.0017849571423426392,0.99075,0.0006769208779466025
capped at in-sample max sigma,843,3.3452380952380953,0.9315,0.0017861655858290408,0.9907,0.000678730800833437
capped at in-sample max sigma,844,3.3492063492063493,0.9314,0.001787372932546535,0.99065,0.0006805357264684923
capped at in-sample max sigma,845,3.3531746031746033,0.93135,0.0017879761953113356,0.9906,0.0006823356945082077
capped at in-sample max sigma,846,3.357142857142857,0.9311,0.001790988414256217,0.99055,0.0006841307440833207
capped at in-sample max sigma,847,3.361111111111111,0.9311,0.001790988414256217,0.99055,0.0006841307440833207
capped at in-sample max sigma,848,3.365079365079365,0.93105,0.0017915900409971022,0.99055,0.0006841307440833207
capped at in-sample max sigma,849,3.369047619047619,0.9309,0.0017933932920583824,0.9905,0.0006859209138085803
capped at in-sample max sigma,850,3.373015873015873,0.93085,0.001793993833601443,0.9905,0.0006859209138085803
capped at in-sample max sigma,851,3.376984126984127,0.93075,0.0017951941051039583,0.9905,0.0006859209138085803
capped at in-sample max sigma,852,3.380952380952381,0.9307,0.0017957938356058586,0.9905,0.0006859209138085803
capped at in-sample max sigma,853,3.384920634920635,0.9306,0.0017969924874634286,0.99045,0.0006877062417922332
capped at in-sample max sigma,854,3.388888888888889,0.93055,0.0017975914093586454,0.99045,0.0006877062417922332
capped at in-sample max sigma,855,3.392857142857143,0.93045,0.0017987884464272057,0.9904,0.0006894867656452897
capped at in-sample max sigma,856,3.3968253968253967,0.9303,0.00180058198924681,0.9904,0.0006894867656452897
capped at in-sample max sigma,857,3.4007936507936507,0.9302,0.0018017763457210774,0.9904,0.0006894867656452897
capped at in-sample max sigma,858,3.4047619047619047,0.9302,0.0018017763457210774,0.9904,0.0006894867656452897
capped at in-sample max sigma,859,3.4087301587301586,0.93015,0.0018023731231351621,0.9904,0.0006894867656452897
capped at in-sample max sigma,860,3.4126984126984126,0.9299,0.0018053530125712262,0.9904,0.0006894867656452897
capped at in-sample max sigma,861,3.4166666666666665,0.92975,0.0018071377576156173,0.9904,0.0006894867656452897
capped at in-sample max sigma,862,3.4206349206349205,0.92975,0.0018071377576156173,0.9904,0.0006894867656452897
capped at in-sample max sigma,863,3.4246031746031744,0.9297,0.001807732142768945,0.9904,0.0006894867656452897
capped at in-sample max sigma,864,3.4285714285714284,0.9295,0.001810107041033762,0.9904,0.0006894867656452897
capped at in-sample max sigma,865,3.4325396825396823,0.9295,0.001810107041033762,0.9904,0.0006894867656452897
capped at in-sample max sigma,866,3.4365079365079363,0.9295,0.001810107041033762,0.9904,0.0006894867656452897
capped at in-sample max sigma,867,3.4404761904761907,0.9295,0.001810107041033762,0.9904,0.0006894867656452897
capped at in-sample max sigma,868,3.4444444444444446,0.9295,0.001810107041033762,0.9904,0.0006894867656452897
capped at in-sample max sigma,869,3.4484126984126986,0.92945,0.0018107001063124727,0.9904,0.0006894867656452897
capped at in-sample max sigma,870,3.4523809523809526,0.9294,0.0018112929083944432,0.9904,0.0006894867656452897
capped at in-sample max sigma,871,3.4563492063492065,0.92925,0.0018130697380409832,0.99035,0.0006912625224905531
capped at in-sample max sigma,872,3.4603174603174605,0.92915,0.0018142529798790463,0.99035,0.0006912625224905531
capped at in-sample max sigma,873,3.4642857142857144,0.92905,0.0018154351751026524,0.99035,0.0006912625224905531
capped at in-sample max sigma,874,3.4682539682539684,0.9289,0.0018172065100037482,0.9903,0.000693033548971478
capped at in-sample max sigma,875,3.4722222222222223,0.92885,0.0018177964338726164,0.9903,0.000693033548971478
capped at in-sample max sigma,876,3.4761904761904763,0.92875,0.0018189755014842838,0.99025,0.0006947998812607856
capped at in-sample max sigma,877,3.4801587301587302,0.9285,0.0018219186315530122,0.99025,0.0006947998812607856
capped at in-sample max sigma,878,3.484126984126984,0.9283,0.001824268483529768,0.9902,0.0006965615550688981
capped at in-sample max sigma,879,3.488095238095238,0.9282,0.0018254418643166917,0.99015,0.0006983186056521774
capped at in-sample max sigma,880,3.492063492063492,0.92815,0.0018260281692788856,0.9901,0.0007000710678209755
capped at in-sample max sigma,881,3.496031746031746,0.9281,0.001826614217616845,0.9901,0.0007000710678209755
capped at in-sample max sigma,882,3.5,0.92805,0.001827200009577495,0.9901,0.0007000710678209755
capped at in-sample max sigma,883,3.503968253968254,0.92805,0.001827200009577495,0.9901,0.0007000710678209755
capped at in-sample max sigma,884,3.507936507936508,0.9279,0.001828955849658488,0.9901,0.0007000710678209755
capped at in-sample max sigma,885,3.511904761904762,0.9278,0.0018301251323338526,0.9901,0.0007000710678209755
capped at in-sample max sigma,886,3.515873015873016,0.9277,0.0018312933953902638,0.9901,0.0007000710678209755
capped at in-sample max sigma,887,3.5198412698412698,0.9277,0.0018312933953902638,0.9901,0.0007000710678209755
capped at in-sample max sigma,888,3.5238095238095237,0.9276,0.0018324606407778589,0.9901,0.0007000710678209755
capped at in-sample max sigma,889,3.5277777777777777,0.9276,0.0018324606407778589,0.9901,0.0007000710678209755
capped at in-sample max sigma,890,3.5317460317460316,0.92755,0.0018330438824534455,0.9901,0.0007000710678209755
capped at in-sample max sigma,891,3.5357142857142856,0.92745,0.001834209604979758,0.9901,0.0007000710678209755
capped at in-sample max sigma,892,3.5396825396825395,0.9273,0.0018359562903293748,0.9901,0.0007000710678209755
capped at in-sample max sigma,893,3.5436507936507935,0.92725,0.001836538013491689,0.9901,0.0007000710678209755
capped at in-sample max sigma,894,3.5476190476190474,0.92715,0.0018377007033246733,0.9901,0.0007000710678209755
capped at in-sample max sigma,895,3.5515873015873014,0.9271,0.0018382816704738147,0.9901,0.0007000710678209755
capped at in-sample max sigma,896,3.5555555555555554,0.92705,0.0018388623860963599,0.99005,0.0007018189759475022
capped at in-sample max sigma,897,3.5595238095238093,0.927,0.0018394428504305315,0.99005,0.0007018189759475022
capped at in-sample max sigma,898,3.5634920634920637,0.92695,0.0018400230637141475,0.99005,0.0007018189759475022
capped at in-sample max sigma,899,3.5674603174603177,0.9269,0.0018406030261846258,0.99005,0.0007018189759475022
capped at in-sample max sigma,900,3.5714285714285716,0.9268,0.0018417621996338186,0.99005,0.0007018189759475022
capped at in-sample max sigma,901,3.5753968253968256,0.9267,0.001842920372669422,0.99005,0.0007018189759475022
capped at in-sample max sigma,902,3.5793650793650795,0.9267,0.001842920372669422,0.99005,0.0007018189759475022
capped at in-sample max sigma,903,3.5833333333333335,0.9267,0.001842920372669422,0.99005,0.0007018189759475022
capped at in-sample max sigma,904,3.5873015873015874,0.92665,0.0018434990846214166,0.99005,0.0007018189759475022
capped at in-sample max sigma,905,3.5912698412698414,0.9265,0.0018452337250332274,0.99,0.0007035623639735148
capped at in-sample max sigma,906,3.5952380952380953,0.92635,0.0018469661271934578,0.99,0.0007035623639735148
capped at in-sample max sigma,907,3.5992063492063493,0.9263,0.0018475430982794418,0.99,0.0007035623639735148
capped at in-sample max sigma,908,3.6031746031746033,0.9263,0.0018475430982794418,0.99,0.0007035623639735148
capped at in-sample max sigma,909,3.607142857142857,0.9263,0.0018475430982794418,0.99,0.0007035623639735148
capped at in-sample max sigma,910,3.611111111111111,0.9263,0.0018475430982794418,0.98995,0.0007053012654178356
capped at in-sample max sigma,911,3.615079365079365,0.92625,0.0018481198216024845,0.98995,0.0007053012654178356
capped at in-sample max sigma,912,3.619047619047619,0.9262,0.0018486962973944636,0.98995,0.0007053012654178356
capped at in-sample max sigma,913,3.623015873015873,0.92615,0.0018492725258868685,0.98995,0.0007053012654178356
capped at in-sample max sigma,914,3.626984126984127,0.9261,0.001849848507310801,0.98995,0.0007053012654178356
capped at in-sample max sigma,915,3.630952380952381,0.9261,0.001849848507310801,0.98995,0.0007053012654178356
capped at in-sample max sigma,916,3.634920634920635,0.92605,0.001850424241896976,0.9899,0.0007070357133837017
capped at in-sample max sigma,917,3.638888888888889,0.926,0.0018509997298757225,0.9899,0.0007070357133837017
capped at in-sample max sigma,918,3.642857142857143,0.92595,0.001851574971476985,0.9899,0.0007070357133837017
capped at in-sample max sigma,919,3.6468253968253967,0.9259,0.0018521499669303244,0.98985,0.0007087657405659501
capped at in-sample max sigma,920,3.6507936507936507,0.9259,0.0018521499669303244,0.98985,0.0007087657405659501
capped at in-sample max sigma,921,3.6547619047619047,0.9258,0.0018532992203095543,0.98985,0.0007087657405659501
capped at in-sample max sigma,922,3.6587301587301586,0.9257,0.0018544474918422472,0.98985,0.0007087657405659501
capped at in-sample max sigma,923,3.6626984126984126,0.9256,0.00185559478335115,0.9898,0.0007104913792580452
capped at in-sample max sigma,924,3.6666666666666665,0.9256,0.00185559478335115,0.9898,0.0007104913792580452
capped at in-sample max sigma,925,3.6706349206349205,0.9255,0.0018567410966529503,0.9898,0.0007104913792580452
capped at in-sample max sigma,926,3.6746031746031744,0.92545,0.0018573138870422523,0.9898,0.0007104913792580452
capped at in-sample max sigma,927,3.6785714285714284,0.92545,0.0018573138870422523,0.9898,0.0007104913792580452
capped at in-sample max sigma,928,3.6825396825396823,0.9253,0.0018590307958718704,0.9898,0.0007104913792580452
capped at in-sample max sigma,929,3.6865079365079363,0.92495,0.001863028414973856,0.9898,0.0007104913792580452
capped at in-sample max sigma,930,3.6904761904761907,0.92485,0.0018641684137974237,0.9898,0.0007104913792580452
capped at in-sample max sigma,931,3.6944444444444446,0.92465,0.0018664455188941362,0.98975,0.0007122126613589505
capped at in-sample max sigma,932,3.6984126984126986,0.92465,0.0018664455188941362,0.98975,0.0007122126613589505
capped at in-sample max sigma,933,3.7023809523809526,0.92455,0.0018675826286941096,0.98975,0.0007122126613589505
capped at in-sample max sigma,934,3.7063492063492065,0.92445,0.0018687187790034114,0.98975,0.0007122126613589505
capped at in-sample max sigma,935,3.7103174603174605,0.92445,0.0018687187790034114,0.98975,0.0007122126613589505
capped at in-sample max sigma,936,3.7142857142857144,0.92445,0.0018687187790034114,0.98975,0.0007122126613589505
capped at in-sample max sigma,937,3.7182539682539684,0.9243,0.00187042120924673,0.98975,0.0007122126613589505
capped at in-sample max sigma,938,3.7222222222222223,0.9243,0.00187042120924673,0.98975,0.0007122126613589505
capped at in-sample max sigma,939,3.7261904761904763,0.92425,0.0018709882081402861,0.98975,0.0007122126613589505
capped at in-sample max sigma,940,3.7301587301587302,0.9242,0.0018715549684687328,0.98975,0.0007122126613589505
capped at in-sample max sigma,941,3.734126984126984,0.92415,0.0018721214904487366,0.98975,0.0007122126613589505
capped at in-sample max sigma,942,3.738095238095238,0.92405,0.0018732538202283209,0.98975,0.0007122126613589505
capped at in-sample max sigma,943,3.742063492063492,0.924,0.0018738196284594731,0.98975,0.0007122126613589505
capped at in-sample max sigma,944,3.746031746031746,0.9238,0.001876080488678458,0.98975,0.0007122126613589505
capped at in-sample max sigma,945,3.75,0.9238,0.001876080488678458,0.98975,0.0007122126613589505
capped at in-sample max sigma,946,3.753968253968254,0.92375,0.001876645111628728,0.98975,0.0007122126613589505
capped at in-sample max sigma,947,3.757936507936508,0.92365,0.0018777736484997338,0.98975,0.0007122126613589505
capped at in-sample max sigma,948,3.761904761904762,0.92365,0.0018777736484997338,0.98975,0.0007122126613589505
capped at in-sample max sigma,949,3.765873015873016,0.92355,0.001878901241417441,0.98975,0.0007122126613589505
capped at in-sample max sigma,950,3.7698412698412698,0.9235,0.0018794646844247967,0.98975,0.0007122126613589505
capped at in-sample max sigma,951,3.7738095238095237,0.92345,0.0018800278920803276,0.98975,0.0007122126613589505
capped at in-sample max sigma,952,3.7777777777777777,0.92345,0.0018800278920803276,0.98975,0.0007122126613589505
capped at in-sample max sigma,953,3.7817460317460316,0.92315,0.0018834022074426904,0.9897,0.0007139296183798503
capped at in-sample max sigma,954,3.7857142857142856,0.9231,0.00188396377353706,0.9897,0.0007139296183798503
capped at in-sample max sigma,955,3.7896825396825395,0.9231,0.00188396377353706,0.98965,0.0007156422814507249
capped at in-sample max sigma,956,3.7936507936507935,0.9231,0.00188396377353706,0.98965,0.0007156422814507249
capped at in-sample max sigma,957,3.7976190476190474,0.923,0.001885086204925387,0.98965,0.0007156422814507249
capped at in-sample max sigma,958,3.8015873015873014,0.923,0.001885086204925387,0.98965,0.0007156422814507249
capped at in-sample max sigma,959,3.8055555555555554,0.92285,0.0018867681031329744,0.98965,0.0007156422814507249
capped at in-sample max sigma,960,3.8095238095238093,0.9227,0.0018884479076744483,0.98965,0.0007156422814507249
capped at in-sample max sigma,961,3.8134920634920637,0.9226,0.0018895666169786132,0.98965,0.0007156422814507249
capped at in-sample max sigma,962,3.8174603174603177,0.9225,0.0018906843998933297,0.98965,0.0007156422814507249
capped at in-sample max sigma,963,3.8214285714285716,0.92245,0.0018912429444680025,0.98965,0.0007156422814507249
capped at in-sample max sigma,964,3.8253968253968256,0.92245,0.0018912429444680025,0.9896,0.000717350681326782
capped at in-sample max sigma,965,3.8293650793650795,0.92235,0.0018923593408758286,0.9896,0.000717350681326782
capped at in-sample max sigma,966,3.8333333333333335,0.9223,0.0018929171931175435,0.9896,0.000717350681326782
capped at in-sample max sigma,967,3.8373015873015874,0.92225,0.0018934748149896262,0.9896,0.000717350681326782
capped at in-sample max sigma,968,3.8412698412698414,0.92225,0.0018934748149896262,0.9896,0.000717350681326782
capped at in-sample max sigma,969,3.8452380952380953,0.9221,0.001895146300421157,0.9896,0.000717350681326782
capped at in-sample max sigma,970,3.8492063492063493,0.9221,0.001895146300421157,0.9896,0.000717350681326782
capped at in-sample max sigma,971,3.8531746031746033,0.92205,0.0018957030028461735,0.98955,0.0007190548483947507
capped at in-sample max sigma,972,3.857142857142857,0.92195,0.0018968157198315282,0.98955,0.0007190548483947507
capped at in-sample max sigma,973,3.861111111111111,0.92185,0.0018979275210081132,0.9895,0.0007207548126790397
capped at in-sample max sigma,974,3.865079365079365,0.92175,0.0018990384079844204,0.9895,0.0007207548126790397
capped at in-sample max sigma,975,3.869047619047619,0.9217,0.0018995935091487342,0.9895,0.0007207548126790397
capped at in-sample max sigma,976,3.873015873015873,0.9216,0.0019007030278294398,0.9895,0.0007207548126790397
capped at in-sample max sigma,977,3.876984126984127,0.92155,0.0019012574457447893,0.9895,0.0007207548126790397
capped at in-sample max sigma,978,3.880952380952381,0.9215,0.001901811636308917,0.9895,0.0007207548126790397
capped at in-sample max sigma,979,3.884920634920635,0.92145,0.0019023655997205166,0.9895,0.0007207548126790397
capped at in-sample max sigma,980,3.888888888888889,0.9214,0.0019029193361779686,0.9895,0.0007207548126790397
capped at in-sample max sigma,981,3.892857142857143,0.92135,0.0019034728458793419,0.98945,0.000722450603847763
capped at in-sample max sigma,982,3.8968253968253967,0.92125,0.0019045791858045703,0.98945,0.000722450603847763
capped at in-sample max sigma,983,3.9007936507936507,0.9211,0.0019062369999556716,0.98945,0.000722450603847763
capped at in-sample max sigma,984,3.9047619047619047,0.921,0.0019073410811913,0.98945,0.000722450603847763
capped at in-sample max sigma,985,3.9087301587301586,0.9209,0.0019084442616958972,0.98935,0.0007258297837647628
capped at in-sample max sigma,986,3.9126984126984126,0.9208,0.0019095465430305704,0.98935,0.0007258297837647628
capped at in-sample max sigma,987,3.9166666666666665,0.92075,0.0019100973469956975,0.9893,0.0007275132301202516
capped at in-sample max sigma,988,3.9206349206349205,0.9207,0.0019106479267515513,0.9893,0.0007275132301202516
capped at in-sample max sigma,989,3.9246031746031744,0.9206,0.0019117484144102227,0.98925,0.0007291926185857903
capped at in-sample max sigma,990,3.9285714285714284,0.92045,0.0019133974691631637,0.9892,0.0007308679771340386
capped at in-sample max sigma,991,3.9325396825396823,0.9203,0.0019150445164538602,0.98915,0.0007325393334149377
capped at in-sample max sigma,992,3.9365079365079363,0.92025,0.001915593087009869,0.98915,0.0007325393334149377
capped at in-sample max sigma,993,3.9404761904761907,0.92015,0.0019166895614574622,0.9891,0.0007342067147609051
capped at in-sample max sigma,994,3.9444444444444446,0.91995,0.0019188798490265089,0.9891,0.0007342067147609051
capped at in-sample max sigma,995,3.9484126984126986,0.9198,0.0019205202420177721,0.9891,0.0007342067147609051
capped at in-sample max sigma,996,3.9523809523809526,0.91975,0.0019210665982729493,0.9891,0.0007342067147609051
capped at in-sample max sigma,997,3.9563492063492065,0.91965,0.0019221586497997509,0.9891,0.0007342067147609051
capped at in-sample max sigma,998,3.9603174603174605,0.91965,0.0019221586497997509,0.9891,0.0007342067147609051
capped at in-sample max sigma,999,3.9642857142857144,0.9196,0.0019227043454467982,0.9891,0.0007342067147609051
capped at in-sample max sigma,1000,3.9682539682539684,0.9195,0.0019237950774445808,0.9891,0.0007342067147609051
capped at in-sample max sigma,1001,3.9722222222222223,0.91945,0.0019243401141690105,0.9891,0.0007342067147609051
capped at in-sample max sigma,1002,3.9761904761904763,0.9194,0.0019248849316257843,0.9891,0.0007342067147609051
capped at in-sample max sigma,1003,3.9801587301587302,0.9192,0.0019270620124946678,0.98905,0.0007358701481919216
capped at in-sample max sigma,1004,3.984126984126984,0.91905,0.0019286925299279816,0.98905,0.0007358701481919216
capped at in-sample max sigma,1005,3.988095238095238,0.91895,0.001929778452310005,0.98905,0.0007358701481919216
capped at in-sample max sigma,1006,3.992063492063492,0.9189,0.0019303210872805587,0.98905,0.0007358701481919216
capped at in-sample max sigma,1007,3.996031746031746,0.9188,0.0019314057056972784,0.98905,0.0007358701481919216
capped at in-sample max sigma,1008,4.0,0.91865,0.0019330310072526,0.98905,0.0007358701481919216
capped at in-sample max sigma,1009,4.003968253968254,0.91855,0.0019341134597018865,0.98905,0.0007358701481919216
capped at in-sample max sigma,1010,4.007936507936508,0.9184,0.001935735519124449,0.98905,0.0007358701481919216
capped at in-sample max sigma,1011,4.011904761904762,0.91835,0.001936275774521801,0.98905,0.0007358701481919216
capped at in-sample max sigma,1012,4.015873015873016,0.91825,0.0019373556397832587,0.98905,0.0007358701481919216
capped at in-sample max sigma,1013,4.01984126984127,0.91815,0.0019384346455323168,0.98905,0.0007358701481919216
capped at in-sample max sigma,1014,4.023809523809524,0.918,0.0019400515457069687,0.989,0.0007375296604205153
capped at in-sample max sigma,1015,4.027777777777778,0.9179,0.0019411284089415615,0.989,0.0007375296604205153
capped at in-sample max sigma,1016,4.031746031746032,0.91785,0.0019416665200286062,0.989,0.0007375296604205153
capped at in-sample max sigma,1017,4.035714285714286,0.91775,0.0019427421020300152,0.989,0.0007375296604205153
capped at in-sample max sigma,1018,4.0396825396825395,0.91775,0.0019427421020300152,0.989,0.0007375296604205153
capped at in-sample max sigma,1019,4.0436507936507935,0.91765,0.001943816831648497,0.98895,0.0007391852778566414
capped at in-sample max sigma,1020,4.0476190476190474,0.9176,0.001944353877255887,0.98895,0.0007391852778566414
capped at in-sample max sigma,1021,4.051587301587301,0.9176,0.001944353877255887,0.98895,0.0007391852778566414
capped at in-sample max sigma,1022,4.055555555555555,0.9175,0.0019454273309481391,0.98895,0.0007391852778566414
capped at in-sample max sigma,1023,4.059523809523809,0.9175,0.0019454273309481391,0.98895,0.0007391852778566414
capped at in-sample max sigma,1024,4.063492063492063,0.91745,0.0019459637393846785,0.98895,0.0007391852778566414
capped at in-sample max sigma,1025,4.067460317460317,0.91745,0.0019459637393846785,0.98895,0.0007391852778566414
capped at in-sample max sigma,1026,4.071428571428571,0.91745,0.0019459637393846785,0.98895,0.0007391852778566414
capped at in-sample max sigma,1027,4.075396825396825,0.9174,0.0019464999357821722,0.9889,0.0007408370266124662
capped at in-sample max sigma,1028,4.079365079365079,0.91725,0.0019481072544908812,0.9889,0.0007408370266124662
capped at in-sample max sigma,1029,4.083333333333333,0.9172,0.001948642604481386,0.9889,0.0007408370266124662
capped at in-sample max sigma,1030,4.087301587301587,0.91715,0.0019491777433061355,0.9889,0.0007408370266124662
capped at in-sample max sigma,1031,4.091269841269841,0.91705,0.0019502473881536156,0.98885,0.0007424849325070507
capped at in-sample max sigma,1032,4.095238095238095,0.91705,0.0019502473881536156,0.98885,0.0007424849325070507
capped at in-sample max sigma,1033,4.099206349206349,0.917,0.0019507818945233213,0.98885,0.0007424849325070507
capped at in-sample max sigma,1034,4.103174603174603,0.91695,0.001951316190421224,0.9888,0.0007441290210709427
capped at in-sample max sigma,1035,4.107142857142857,0.9169,0.001951850276020166,0.9888,0.0007441290210709427
capped at in-sample max sigma,1036,4.111111111111111,0.9169,0.001951850276020166,0.9888,0.0007441290210709427
capped at in-sample max sigma,1037,4.115079365079365,0.91675,0.0019534512727478006,0.9888,0.0007441290210709427
capped at in-sample max sigma,1038,4.119047619047619,0.9167,0.0019539845188741903,0.9888,0.0007441290210709427
capped at in-sample max sigma,1039,4.123015873015873,0.9166,0.0019550503829824954,0.98875,0.0007457693175506747
capped at in-sample max sigma,1040,4.126984126984127,0.91655,0.001955583001306772,0.98875,0.0007457693175506747
capped at in-sample max sigma,1041,4.130952380952381,0.9164,0.0019571796034089464,0.98875,0.0007457693175506747
capped at in-sample max sigma,1042,4.134920634920635,0.91635,0.001957711387053771,0.98875,0.0007457693175506747
capped at in-sample max sigma,1043,4.138888888888889,0.91625,0.001958774329778701,0.98875,0.0007457693175506747
capped at in-sample max sigma,1044,4.142857142857143,0.91615,0.0019598364408796973,0.98875,0.0007457693175506747
capped at in-sample max sigma,1045,4.146825396825397,0.9161,0.001960367184993668,0.98875,0.0007457693175506747
capped at in-sample max sigma,1046,4.150793650793651,0.916,0.0019614280511912737,0.98875,0.0007457693175506747
capped at in-sample max sigma,1047,4.154761904761905,0.916,0.0019614280511912737,0.98875,0.0007457693175506747
capped at in-sample max sigma,1048,4.158730158730159,0.91595,0.0019619581736112514,0.98875,0.0007457693175506747
capped at in-sample max sigma,1049,4.162698412698413,0.9159,0.001962488089135829,0.98875,0.0007457693175506747
capped at in-sample max sigma,1050,4.166666666666667,0.91565,0.0019651345691834954,0.98875,0.0007457693175506747
capped at in-sample max sigma,1051,4.170634920634921,0.91565,0.0019651345691834954,0.9887,0.000747405846913174
capped at in-sample max sigma,1052,4.174603174603175,0.91565,0.0019651345691834954,0.9887,0.000747405846913174
capped at in-sample max sigma,1053,4.178571428571429,0.91555,0.001966191718780242,0.9887,0.000747405846913174
capped at in-sample max sigma,1054,4.182539682539683,0.91545,0.001967248046129415,0.98865,0.0007490386338500829
capped at in-sample max sigma,1055,4.186507936507937,0.9154,0.001967775901875008,0.98865,0.0007490386338500829
capped at in-sample max sigma,1056,4.190476190476191,0.9153,0.001968830998333783,0.98865,0.0007490386338500829
capped at in-sample max sigma,1057,4.194444444444445,0.91515,0.0019704121079104236,0.9886,0.0007506677027819955
capped at in-sample max sigma,1058,4.198412698412699,0.9151,0.0019709387357297534,0.9886,0.0007506677027819955
capped at in-sample max sigma,1059,4.2023809523809526,0.91495,0.0019725173953605577,0.98855,0.0007522930778626094
capped at in-sample max sigma,1060,4.2063492063492065,0.91495,0.0019725173953605577,0.98855,0.0007522930778626094
capped at in-sample max sigma,1061,4.2103174603174605,0.91495,0.0019725173953605577,0.98855,0.0007522930778626094
capped at in-sample max sigma,1062,4.214285714285714,0.91495,0.0019725173953605577,0.98855,0.0007522930778626094
capped at in-sample max sigma,1063,4.218253968253968,0.9149,0.001973043207839098,0.98855,0.0007522930778626094
capped at in-sample max sigma,1064,4.222222222222222,0.9148,0.0019740942226753014,0.98855,0.0007522930778626094
capped at in-sample max sigma,1065,4.226190476190476,0.9148,0.0019740942226753014,0.98855,0.0007522930778626094
capped at in-sample max sigma,1066,4.23015873015873,0.91475,0.0019746194253577073,0.98855,0.0007522930778626094
capped at in-sample max sigma,1067,4.234126984126984,0.91455,0.0019767182082937366,0.9885,0.0007539147829827969
capped at in-sample max sigma,1068,4.238095238095238,0.9145,0.001977242397886511,0.9885,0.0007539147829827969
capped at in-sample max sigma,1069,4.242063492063492,0.91445,0.0019777663853448417,0.9885,0.0007539147829827969
capped at in-sample max sigma,1070,4.246031746031746,0.91435,0.0019788137545004077,0.9885,0.0007539147829827969
capped at in-sample max sigma,1071,4.25,0.91435,0.0019788137545004077,0.9885,0.0007539147829827969
capped at in-sample max sigma,1072,4.253968253968254,0.91435,0.0019788137545004077,0.9885,0.0007539147829827969
capped at in-sample max sigma,1073,4.257936507936508,0.9142,0.0019803832962333326,0.9885,0.0007539147829827969
capped at in-sample max sigma,1074,4.261904761904762,0.91415,0.001980906074249862,0.9885,0.0007539147829827969
capped at in-sample max sigma,1075,4.265873015873016,0.91395,0.0019829951777551045,0.9885,0.0007539147829827969
capped at in-sample max sigma,1076,4.26984126984127,0.9139,0.001983516952284502,0.98845,0.0007555328417745965
capped at in-sample max sigma,1077,4.273809523809524,0.9139,0.001983516952284502,0.9884,0.00075714727761513
capped at in-sample max sigma,1078,4.277777777777778,0.91385,0.0019840385265916583,0.98835,0.0007587581136304259
capped at in-sample max sigma,1079,4.281746031746032,0.9138,0.00198455990083444,0.98835,0.0007587581136304259
capped at in-sample max sigma,1080,4.285714285714286,0.9138,0.00198455990083444,0.98835,0.0007587581136304259
capped at in-sample max sigma,1081,4.2896825396825395,0.9137,0.0019856020497572018,0.98835,0.0007587581136304259
capped at in-sample max sigma,1082,4.2936507936507935,0.9136,0.0019866434003111885,0.98835,0.0007587581136304259
capped at in-sample max sigma,1083,4.2976190476190474,0.9136,0.0019866434003111885,0.98835,0.0007587581136304259
capped at in-sample max sigma,1084,4.301587301587301,0.9135,0.0019876839537511996,0.9883,0.0007603653726992058
capped at in-sample max sigma,1085,4.305555555555555,0.91345,0.0019882039319446083,0.9883,0.0007603653726992058
capped at in-sample max sigma,1086,4.309523809523809,0.9134,0.0019887237113284492,0.98825,0.0007619690774565605
capped at in-sample max sigma,1087,4.313492063492063,0.9133,0.00198976267429058,0.98825,0.0007619690774565605
capped at in-sample max sigma,1088,4.317460317460317,0.91325,0.0019902818581798913,0.98825,0.0007619690774565605
capped at in-sample max sigma,1089,4.321428571428571,0.91315,0.0019913196315508967,0.98825,0.0007619690774565605
capped at in-sample max sigma,1090,4.325396825396825,0.913,0.0019928748079094177,0.98825,0.0007619690774565605
capped at in-sample max sigma,1091,4.329365079365079,0.9129,0.0019939106048165746,0.9882,0.0007635692502975756
capped at in-sample max sigma,1092,4.333333333333333,0.91275,0.001995462822254527,0.98815,0.0007651659133808832
capped at in-sample max sigma,1093,4.337301587301587,0.91275,0.001995462822254527,0.98815,0.0007651659133808832
capped at in-sample max sigma,1094,4.341269841269841,0.9127,0.0019959798345674743,0.98815,0.0007651659133808832
capped at in-sample max sigma,1095,4.345238095238095,0.9126,0.0019970132698607693,0.98815,0.0007651659133808832
capped at in-sample max sigma,1096,4.349206349206349,0.91255,0.001997529693146012,0.98815,0.0007651659133808832
capped at in-sample max sigma,1097,4.353174603174603,0.9125,0.001998045920393223,0.98815,0.0007651659133808832
capped at in-sample max sigma,1098,4.357142857142857,0.9124,0.0019990777873809713,0.98815,0.0007651659133808832
capped at in-sample max sigma,1099,4.361111111111111,0.91235,0.0019995934274246855,0.98815,0.0007651659133808832
capped at in-sample max sigma,1100,4.365079365079365,0.91225,0.0020006241213681294,0.9881,0.0007667590886321473
capped at in-sample max sigma,1101,4.369047619047619,0.9121,0.00200216869918596,0.9881,0.0007667590886321473
capped at in-sample max sigma,1102,4.373015873015873,0.9121,0.00200216869918596,0.9881,0.0007667590886321473
capped at in-sample max sigma,1103,4.376984126984127,0.912,0.002003197444087826,0.98805,0.0007683487977474819
capped at in-sample max sigma,1104,4.380952380952381,0.9119,0.0020042254114744674,0.98805,0.0007683487977474819
capped at in-sample max sigma,1105,4.384920634920635,0.9118,0.002005252602541634,0.98805,0.0007683487977474819
capped at in-sample max sigma,1106,4.388888888888889,0.9116,0.0020073046604838045,0.98805,0.0007683487977474819
capped at in-sample max sigma,1107,4.392857142857143,0.91145,0.0020088416749460374,0.98805,0.0007683487977474819
capped at in-sample max sigma,1108,4.396825396825397,0.91135,0.002009865387283437,0.98805,0.0007683487977474819
capped at in-sample max sigma,1109,4.400793650793651,0.9112,0.0020113995127771112,0.988,0.0007699350621968066
capped at in-sample max sigma,1110,4.404761904761905,0.9112,0.0020113995127771112,0.988,0.0007699350621968066
capped at in-sample max sigma,1111,4.408730158730159,0.91115,0.0020119105037252525,0.988,0.0007699350621968066
capped at in-sample max sigma,1112,4.412698412698413,0.9111,0.002012421302809131,0.988,0.0007699350621968066
capped at in-sample max sigma,1113,4.416666666666667,0.91105,0.0020129319101748074,0.988,0.0007699350621968066
capped at in-sample max sigma,1114,4.420634920634921,0.9109,0.002014462583420203,0.98795,0.0007715179032271385
capped at in-sample max sigma,1115,4.424603174603175,0.91075,0.002015991536440568,0.98795,0.0007715179032271385
capped at in-sample max sigma,1116,4.428571428571429,0.91075,0.002015991536440568,0.98795,0.0007715179032271385
capped at in-sample max sigma,1117,4.432539682539683,0.9107,0.0020165008058515626,0.9879,0.0007730973418658223
capped at in-sample max sigma,1118,4.436507936507937,0.91055,0.002018027471319457,0.98785,0.0007746733989237011
capped at in-sample max sigma,1119,4.440476190476191,0.9105,0.0020185359793672246,0.98785,0.0007746733989237011
capped at in-sample max sigma,1120,4.444444444444445,0.91045,0.0020190442974338135,0.98785,0.0007746733989237011
capped at in-sample max sigma,1121,4.448412698412699,0.91015,0.0020220902242481663,0.9877,0.0007793814855383716
capped at in-sample max sigma,1122,4.4523809523809526,0.90995,0.0020241170605970393,0.9877,0.0007793814855383716
capped at in-sample max sigma,1123,4.4563492063492065,0.9099,0.002024623298295265,0.98765,0.00078094422015916
capped at in-sample max sigma,1124,4.4603174603174605,0.90985,0.0020251293477207815,0.98765,0.00078094422015916
capped at in-sample max sigma,1125,4.464285714285714,0.9098,0.0020256352090146927,0.9876,0.0007825036741127791
capped at in-sample max sigma,1126,4.468253968253968,0.9098,0.0020256352090146927,0.9876,0.0007825036741127791
capped at in-sample max sigma,1127,4.472222222222222,0.90975,0.002026140882317911,0.9876,0.0007825036741127791
capped at in-sample max sigma,1128,4.476190476190476,0.90975,0.002026140882317911,0.9876,0.0007825036741127791
capped at in-sample max sigma,1129,4.48015873015873,0.90975,0.002026140882317911,0.9876,0.0007825036741127791
capped at in-sample max sigma,1130,4.484126984126984,0.90965,0.0020271516655149414,0.98755,0.0007840598669744537
capped at in-sample max sigma,1131,4.488095238095238,0.9096,0.002027656775689614,0.98755,0.0007840598669744537
capped at in-sample max sigma,1132,4.492063492063492,0.9093,0.002030683505620706,0.9875,0.000785612818123532
capped at in-sample max sigma,1133,4.496031746031746,0.9092,0.0020316909213755913,0.9875,0.000785612818123532
capped at in-sample max sigma,1134,4.5,0.9091,0.002032697591871452,0.98745,0.0007871625467462216
capped at in-sample max sigma,1135,4.503968253968254,0.909,0.0020337035182149826,0.98745,0.0007871625467462216
capped at in-sample max sigma,1136,4.507936507936508,0.90895,0.002034206202674645,0.98745,0.0007871625467462216
capped at in-sample max sigma,1137,4.511904761904762,0.90885,0.002035211014858164,0.9874,0.0007887090718382776
capped at in-sample max sigma,1138,4.515873015873016,0.90875,0.002036215085642969,0.9873,0.0007917925864770408
capped at in-sample max sigma,1139,4.51984126984127,0.90865,0.0020372184161252817,0.9873,0.0007917925864770408
capped at in-sample max sigma,1140,4.523809523809524,0.90865,0.0020372184161252817,0.9873,0.0007917925864770408
capped at in-sample max sigma,1141,4.527777777777778,0.90865,0.0020372184161252817,0.9873,0.0007917925864770408
capped at in-sample max sigma,1142,4.531746031746032,0.9086,0.0020377198040947633,0.9873,0.0007917925864770408
capped at in-sample max sigma,1143,4.535714285714286,0.90845,0.0020392228605525197,0.9873,0.0007917925864770408
capped at in-sample max sigma,1144,4.5396825396825395,0.9084,0.002039723510674915,0.9873,0.0007917925864770408
capped at in-sample max sigma,1145,4.5436507936507935,0.90825,0.002041224356850564,0.9873,0.0007917925864770408
capped at in-sample max sigma,1146,4.5476190476190474,0.9082,0.0020417242712962,0.98725,0.0007933296130865165
capped at in-sample max sigma,1147,4.551587301587301,0.90805,0.0020432229136831837,0.9872,0.0007948635102959511
capped at in-sample max sigma,1148,4.555555555555555,0.90795,0.0020442210924946445,0.9872,0.0007948635102959511
capped at in-sample max sigma,1149,4.559523809523809,0.90785,0.0020452185396675824,0.98715,0.0007963942961875112
capped at in-sample max sigma,1150,4.563492063492063,0.9077,0.0020467133409444523,0.9871,0.0007979219886680659
capped at in-sample max sigma,1151,4.567460317460317,0.90755,0.002048206502040261,0.98705,0.0007994466054715605
capped at in-sample max sigma,1152,4.571428571428571,0.9075,0.0020487038585408094,0.98705,0.0007994466054715605
capped at in-sample max sigma,1153,4.575396825396825,0.90745,0.00204920103332982,0.98705,0.0007994466054715605
capped at in-sample max sigma,1154,4.579365079365079,0.90735,0.00205019483830196,0.98705,0.0007994466054715605
capped at in-sample max sigma,1155,4.583333333333333,0.9073,0.002050691468749017,0.98705,0.0007994466054715605
capped at in-sample max sigma,1156,4.587301587301587,0.9072,0.002051684186223601,0.987,0.0008009681641613482
capped at in-sample max sigma,1157,4.591269841269841,0.90705,0.0020531719058568864,0.987,0.0008009681641613482
capped at in-sample max sigma,1158,4.595238095238095,0.90695,0.002054162816088345,0.98695,0.0008024866821324827
capped at in-sample max sigma,1159,4.599206349206349,0.9069,0.0020546580007388088,0.98695,0.0008024866821324827
capped at in-sample max sigma,1160,4.603174603174603,0.90685,0.0020551530052528933,0.98695,0.0008024866821324827
capped at in-sample max sigma,1161,4.607142857142857,0.9067,0.002056636939277325,0.98695,0.0008024866821324827
capped at in-sample max sigma,1162,4.611111111111111,0.90655,0.002058119256748744,0.98695,0.0008024866821324827
capped at in-sample max sigma,1163,4.615079365079365,0.90655,0.002058119256748744,0.98695,0.0008024866821324827
capped at in-sample max sigma,1164,4.619047619047619,0.90645,0.002059106572035552,0.98695,0.0008024866821324827
capped at in-sample max sigma,1165,4.623015873015873,0.9064,0.002059599961157506,0.9869,0.0008040021766139691
capped at in-sample max sigma,1166,4.626984126984127,0.90625,0.0020610790559801436,0.9869,0.0008040021766139691
capped at in-sample max sigma,1167,4.630952380952381,0.9062,0.0020615717305007843,0.9869,0.0008040021766139691
capped at in-sample max sigma,1168,4.634920634920635,0.9061,0.0020625565446794423,0.98685,0.000805514664670979
capped at in-sample max sigma,1169,4.638888888888889,0.9061,0.0020625565446794423,0.98685,0.000805514664670979
capped at in-sample max sigma,1170,4.642857142857143,0.90575,0.0020659977916251504,0.9868,0.0008070241632070253
capped at in-sample max sigma,1171,4.646825396825397,0.90565,0.002066979408460569,0.9868,0.0008070241632070253
capped at in-sample max sigma,1172,4.650793650793651,0.9056,0.002067469951414047,0.9868,0.0008070241632070253
capped at in-sample max sigma,1173,4.654761904761905,0.90555,0.0020679603175593098,0.9868,0.0008070241632070253
capped at in-sample max sigma,1174,4.658730158730159,0.9055,0.0020684505070221047,0.9868,0.0008070241632070253
capped at in-sample max sigma,1175,4.662698412698413,0.9054,0.002069430356402457,0.9868,0.0008070241632070253
capped at in-sample max sigma,1176,4.666666666666667,0.9053,0.0020704095005578006,0.9868,0.0008070241632070253
capped at in-sample max sigma,1177,4.670634920634921,0.9053,0.0020704095005578006,0.9868,0.0008070241632070253
capped at in-sample max sigma,1178,4.674603174603175,0.90525,0.0020708988084887203,0.9868,0.0008070241632070253
capped at in-sample max sigma,1179,4.678571428571429,0.90515,0.0020718768966808813,0.9868,0.0008070241632070253
capped at in-sample max sigma,1180,4.682539682539683,0.90515,0.0020718768966808813,0.9868,0.0008070241632070253
capped at in-sample max sigma,1181,4.686507936507937,0.90515,0.0020718768966808813,0.9868,0.0008070241632070253
capped at in-sample max sigma,1182,4.690476190476191,0.90515,0.0020718768966808813,0.9868,0.0008070241632070253
capped at in-sample max sigma,1183,4.694444444444445,0.905,0.0020733427116615332,0.9868,0.0008070241632070253
capped at in-sample max sigma,1184,4.698412698412699,0.9049,0.0020743190448916,0.9868,0.0008070241632070253
capped at in-sample max sigma,1185,4.7023809523809526,0.9049,0.0020743190448916,0.98675,0.0008085306889661017
capped at in-sample max sigma,1186,4.7063492063492065,0.9048,0.0020752946778710723,0.98675,0.0008085306889661017
capped at in-sample max sigma,1187,4.7103174603174605,0.90475,0.002075782232075416,0.98675,0.0008085306889661017
capped at in-sample max sigma,1188,4.714285714285714,0.9047,0.002076269611587089,0.98675,0.0008085306889661017
capped at in-sample max sigma,1189,4.718253968253968,0.90465,0.002076756816529081,0.98675,0.0008085306889661017
capped at in-sample max sigma,1190,4.722222222222222,0.9046,0.002077243847024225,0.98675,0.0008085306889661017
capped at in-sample max sigma,1191,4.726190476190476,0.90455,0.0020777307031951955,0.98675,0.0008085306889661017
capped at in-sample max sigma,1192,4.73015873015873,0.90445,0.002078703893054516,0.98665,0.000811534888344302
capped at in-sample max sigma,1193,4.734126984126984,0.9044,0.0020791902269874205,0.98665,0.000811534888344302
capped at in-sample max sigma,1194,4.738095238095238,0.9044,0.0020791902269874205,0.98665,0.000811534888344302
capped at in-sample max sigma,1195,4.742063492063492,0.90435,0.00207967638708526,0.98665,0.000811534888344302
capped at in-sample max sigma,1196,4.746031746031746,0.90435,0.00207967638708526,0.98665,0.000811534888344302
capped at in-sample max sigma,1197,4.75,0.9043,0.0020801623734699173,0.98665,0.000811534888344302
capped at in-sample max sigma,1198,4.753968253968254,0.9043,0.0020801623734699173,0.98665,0.000811534888344302
capped at in-sample max sigma,1199,4.757936507936508,0.90415,0.0020816192915612593,0.98665,0.000811534888344302
capped at in-sample max sigma,1200,4.761904761904762,0.90405,0.0020825897039503482,0.98665,0.000811534888344302
capped at in-sample max sigma,1201,4.765873015873016,0.90395,0.0020835594243985454,0.98665,0.000811534888344302
capped at in-sample max sigma,1202,4.76984126984127,0.9039,0.0020840440254466792,0.98665,0.000811534888344302
capped at in-sample max sigma,1203,4.773809523809524,0.90375,0.0020854967933324657,0.9866,0.0008130325946725619
capped at in-sample max sigma,1204,4.777777777777778,0.90365,0.002086464443742093,0.98655,0.0008145273936461548
capped at in-sample max sigma,1205,4.781746031746032,0.9035,0.002087914629480813,0.9865,0.0008160193012423161
capped at in-sample max sigma,1206,4.785714285714286,0.90335,0.0020893632702333026,0.98645,0.0008175083332908587
capped at in-sample max sigma,1207,4.7896825396825395,0.9032,0.002090810369210943,0.98635,0.0008204778333385994
capped at in-sample max sigma,1208,4.7936507936507935,0.90305,0.0020922559296128185,0.98635,0.0008204778333385994
capped at in-sample max sigma,1209,4.7976190476190474,0.903,0.0020927374417255497,0.98635,0.0008204778333385994
capped at in-sample max sigma,1210,4.801587301587301,0.903,0.0020927374417255497,0.98635,0.0008204778333385994
capped at in-sample max sigma,1211,4.805555555555555,0.9029,0.0020936999546257813,0.9863,0.0008219583322772525
capped at in-sample max sigma,1212,4.809523809523809,0.9028,0.002094661786542161,0.9863,0.0008219583322772525
capped at in-sample max sigma,1213,4.813492063492063,0.9028,0.002094661786542161,0.9863,0.0008219583322772525
capped at in-sample max sigma,1214,4.817460317460317,0.90275,0.0020951424474245175,0.9863,0.0008219583322772525
capped at in-sample max sigma,1215,4.821428571428571,0.90255,0.0020970633931762773,0.9863,0.0008219583322772525
capped at in-sample max sigma,1216,4.825396825396825,0.9025,0.002097543205752864,0.98625,0.0008234360175508489
capped at in-sample max sigma,1217,4.829365079365079,0.9025,0.002097543205752864,0.98625,0.0008234360175508489
capped at in-sample max sigma,1218,4.833333333333333,0.90245,0.0020980228490176177,0.9862,0.0008249109042799723
capped at in-sample max sigma,1219,4.837301587301587,0.9023,0.002099460764101106,0.98615,0.0008263830074487262
capped at in-sample max sigma,1220,4.841269841269841,0.90225,0.0020999397312780194,0.98615,0.0008263830074487262
capped at in-sample max sigma,1221,4.845238095238095,0.9022,0.0021004185297221123,0.98615,0.0008263830074487262
capped at in-sample max sigma,1222,4.849206349206349,0.90205,0.002101853913810377,0.9861,0.0008278523419064544
capped at in-sample max sigma,1223,4.853174603174603,0.90195,0.0021028099949829035,0.9861,0.0008278523419064544
capped at in-sample max sigma,1224,4.857142857142857,0.90175,0.002104720141729061,0.9861,0.0008278523419064544
capped at in-sample max sigma,1225,4.861111111111111,0.9017,0.0021051972591659912,0.9861,0.0008278523419064544
capped at in-sample max sigma,1226,4.865079365079365,0.9017,0.0021051972591659912,0.9861,0.0008278523419064544
capped at in-sample max sigma,1227,4.869047619047619,0.9017,0.0021051972591659912,0.9861,0.0008278523419064544
capped at in-sample max sigma,1228,4.873015873015873,0.90165,0.0021056742091311283,0.9861,0.0008278523419064544
capped at in-sample max sigma,1229,4.876984126984127,0.9016,0.0021061509917382473,0.9861,0.0008278523419064544
capped at in-sample max sigma,1230,4.880952380952381,0.90145,0.0021075803365471035,0.9861,0.0008278523419064544
capped at in-sample max sigma,1231,4.884920634920635,0.90135,0.0021085323983757046,0.9861,0.0008278523419064544
capped at in-sample max sigma,1232,4.888888888888889,0.9013,0.002109008179216003,0.9861,0.0008278523419064544
capped at in-sample max sigma,1233,4.892857142857143,0.9013,0.002109008179216003,0.9861,0.0008278523419064544
capped at in-sample max sigma,1234,4.896825396825397,0.90125,0.0021094837934907203,0.98605,0.000829318922369435
capped at in-sample max sigma,1235,4.900793650793651,0.90105,0.002111384587184438,0.98605,0.000829318922369435
capped at in-sample max sigma,1236,4.904761904761905,0.90105,0.002111384587184438,0.98605,0.000829318922369435
capped at in-sample max sigma,1237,4.908730158730159,0.90105,0.002111384587184438,0.98605,0.000829318922369435
capped at in-sample max sigma,1238,4.912698412698413,0.901,0.0021118593703180143,0.986,0.0008307827634225452
capped at in-sample max sigma,1239,4.916666666666667,0.9009,0.002112808439021389,0.98595,0.0008322438795209012
capped at in-sample max sigma,1240,4.920634920634921,0.90085,0.002113282724814642,0.98595,0.0008322438795209012
capped at in-sample max sigma,1241,4.924603174603175,0.9006,0.0021156516726531334,0.98595,0.0008322438795209012
capped at in-sample max sigma,1242,4.928571428571429,0.9006,0.0021156516726531334,0.98595,0.0008322438795209012
capped at in-sample max sigma,1243,4.932539682539683,0.90055,0.0021161249667729933,0.98595,0.0008322438795209012
capped at in-sample max sigma,1244,4.936507936507937,0.9005,0.0021165980960021675,0.98595,0.0008322438795209012
capped at in-sample max sigma,1245,4.940476190476191,0.9004,0.0021175438602305265,0.98595,0.0008322438795209012
capped at in-sample max sigma,1246,4.944444444444445,0.9004,0.0021175438602305265,0.98595,0.0008322438795209012
capped at in-sample max sigma,1247,4.948412698412699,0.9003,0.0021184889662209713,0.9859,0.000833702284991471
capped at in-sample max sigma,1248,4.9523809523809526,0.90025,0.00211896127265224,0.9859,0.000833702284991471
capped at in-sample max sigma,1249,4.9563492063492065,0.90015,0.0021199053929362036,0.9859,0.000833702284991471
capped at in-sample max sigma,1250,4.9603174603174605,0.90005,0.0021208488571795962,0.98585,0.0008351579940346615
capped at in-sample max sigma,1251,4.964285714285714,0.89995,0.002121791666257552,0.9858,0.0008366110207258804
capped at in-sample max sigma,1252,4.968253968253968,0.8999,0.002122262825382379,0.9858,0.0008366110207258804
capped at in-sample max sigma,1253,4.972222222222222,0.8999,0.002122262825382379,0.98575,0.0008380613790170738
capped at in-sample max sigma,1254,4.976190476190476,0.8998,0.002123204653348329,0.98575,0.0008380613790170738
capped at in-sample max sigma,1255,4.98015873015873,0.89975,0.0021236753224068874,0.98575,0.0008380613790170738
capped at in-sample max sigma,1256,4.984126984126984,0.8997,0.0021241458283272354,0.9857,0.0008395090827382388
capped at in-sample max sigma,1257,4.988095238095238,0.8996,0.0021250863511867,0.9857,0.0008395090827382388
capped at in-sample max sigma,1258,4.992063492063492,0.8995,0.002126026222792184,0.9857,0.0008395090827382388
capped at in-sample max sigma,1259,4.996031746031746,0.8993,0.0021279040156924373,0.9857,0.0008395090827382388
capped at in-sample max sigma,1260,5.0,0.8992,0.0021288419387075217,0.9857,0.0008395090827382388
